X,Y,OBJECTID,case_id,accident_year,proc_date,juris,collision_date,collision_time,officer_id,reporting_district,day_of_week,chp_shift,population,cnty_city_loc,special_cond,beat_type,chp_beat_type,city_division_lapd,chp_beat_class,beat_number,primary_rd,secondary_rd,distance,direction,intersection,weather_1,weather_2,state_hwy_ind,caltrans_county,caltrans_district,state_route,route_suffix,postmile_prefix,postmile,location_type,ramp_intersection,side_of_hwy,tow_away,collision_severity,number_killed,number_injured,party_count,primary_coll_factor,pcf_code_of_viol,pcf_viol_category,pcf_violation,pcf_viol_subsection,hit_and_run,type_of_collision,mviw,ped_action,road_surface,road_cond_1,road_cond_2,lighting,control_device,chp_road_type,pedestrian_accident,bicycle_accident,motorcycle_accident,truck_accident,not_private_property,alcohol_involved,stwd_vehtype_at_fault,chp_vehtype_at_fault,count_severe_inj,count_visible_inj,count_complaint_pain,count_ped_killed,count_ped_injured,count_bicyclist_killed,count_bicyclist_injured,count_mc_killed,count_mc_injured,primary_ramp,secondary_ramp,latitude,longitude,timecat,month_,city,county,state,point_x,point_y,match_addr,m_primaryrd,m_secondrd,int_id,Flag
-118.3042721,33.79781342,28921,8866853,2019,2019-05-25T00:00:00.000Z,1942,2019-01-18T00:00:00.000Z,845,39123,509,5,5,7,1942,0,0,0,E,0,5A1,LOMITA BL,PRESIDENT AV,0,,Y,A,-,N,,0,0,,,0,,,,N,4,0,2,2,A,-,3,22350,,F,C,C,A,A,H,-,A,A,0,,,,,Y,,-,99,0,0,2,0,0,0,0,0,0,- ,- ,0,0,900,1,LOS ANGELES,LOS ANGELES,CA,-118.3042721,33.79781342,"LOMITA BLVD & PRESIDENT AVE, LOS ANGELES, CA",LOMITA BLVD,PRESIDENT AVE,124361,
-118.3836873,34.05736923,28922,8861013,2019,2019-05-31T00:00:00.000Z,1942,2019-01-09T00:00:00.000Z,1250,34882,849,3,5,7,1942,0,0,0,H,0,8A59,ROBERTSON BL,WHITWORTH DR,100,N,N,A,-,N,,0,0,,,0,,,,N,0,0,0,2,A,-,3,22350,,M,B,E,A,A,H,-,A,D,0,,,,,Y,,-,99,0,0,0,0,0,0,0,0,0,- ,- ,0,0,1500,1,LOS ANGELES,LOS ANGELES,CA,-118.3836873,34.05736923,"ROBERTSON BLVD & WHITWORTH DR, LOS ANGELES, CA",ROBERTSON BLVD,WHITWORTH DR,99913,
-118.3643122,34.09998322,28923,8877769,2019,2019-06-14T00:00:00.000Z,1942,2019-01-25T00:00:00.000Z,1415,37166,632,5,5,7,1942,0,0,0,,0,6A15,N LAUREL AV,SELMA AV,50,N,N,A,-,N,,0,0,,,0,,,,N,0,0,0,2,A,-,4,21703,,M,C,C,A,A,H,-,A,D,0,,,,,Y,,-,99,0,0,0,0,0,0,0,0,0,- ,- ,0,0,1500,1,LOS ANGELES,LOS ANGELES,CA,-118.3643122,34.09998322,"LAUREL AVE & SELMA AVE, LOS ANGELES, CA",LAUREL AVE,SELMA AVE,149848,
-118.4399922,34.18665314,28924,8866859,2019,2019-05-25T00:00:00.000Z,1942,2019-01-25T00:00:00.000Z,1614,43515,937,5,5,7,1942,0,0,0,I,0,9A37,VICTORY BL,HAZELTINE AV,0,,Y,A,-,N,,0,0,,,0,,,,N,4,0,1,2,A,-,9,21801,A,N,B,C,A,A,H,-,A,A,0,,,,,Y,,A,1,0,0,1,0,0,0,0,0,0,- ,- ,0,0,1800,1,LOS ANGELES,LOS ANGELES,CA,-118.4399922,34.18665314,"VICTORY BLVD & HAZELTINE AVE, LOS ANGELES, CA",VICTORY BLVD,HAZELTINE AVE,125670,
-118.2918022,34.09908676,28925,8880055,2019,2019-06-24T00:00:00.000Z,1942,2019-01-25T00:00:00.000Z,1750,43596,1151,5,5,7,1942,0,0,0,K,0,11A72,N VERMONT AV,BARNSDALL AV,0,,-,A,-,N,,0,0,,,0,,,,N,4,0,1,2,A,-,9,21801,,N,B,C,A,A,H,-,C,A,0,,,,,Y,,A,1,0,0,1,0,0,0,0,0,0,- ,- ,0,0,1800,1,LOS ANGELES,LOS ANGELES,CA,-118.2918022,34.09908676,"VERMONT AVE & BARNSDALL AVE, LOS ANGELES, CA",VERMONT AVE,BARNSDALL AVE,97280,
-118.2734122,34.10406494,28926,8843597,2019,2019-06-03T00:00:00.000Z,1942,2019-01-05T00:00:00.000Z,2010,42994,1144,6,5,7,1942,0,0,0,K,0,11A71,HYPERION AV,TRACY ST,0,,Y,C,-,N,,0,0,,,0,,,,Y,0,0,0,3,A,-,- ,0,,M,A,C,A,B,H,-,C,A,0,,,,,Y,,-,99,0,0,0,0,0,0,0,0,0,- ,- ,0,0,2100,1,LOS ANGELES,LOS ANGELES,CA,-118.2734122,34.10406494,"HYPERION AVE & TRACY ST, LOS ANGELES, CA",HYPERION AVE,TRACY ST,96907,
-118.2382821,33.99295425,28927,8843598,2019,2019-06-03T00:00:00.000Z,1942,2019-01-01T00:00:00.000Z,1800,42224,1377,2,5,7,1942,0,0,0,M,0,13X94,ALAMEDA ST,55TH ST,0,,Y,A,-,N,,0,0,,,0,,,,Y,4,0,2,2,A,-,12,21453,A,N,D,C,A,A,H,-,C,A,0,,,,,Y,,-,- ,0,0,2,0,0,0,0,0,0,- ,- ,0,0,2100,1,LOS ANGELES,LOS ANGELES,CA,-118.2382821,33.99295425,"ALAMEDA ST & 55TH ST, LOS ANGELES, CA",ALAMEDA ST,55TH ST,110101,
-118.4722903,33.98771668,28928,8863267,2019,2019-05-31T00:00:00.000Z,1942,2019-01-04T00:00:00.000Z,1800,43205,1431,5,5,7,1942,0,0,0,N,0,14FB12,PACIFIC AV,WINDWARD,10,N,N,A,-,N,,0,0,,,0,,,,N,0,0,0,2,A,-,4,21703,,M,C,C,A,A,H,-,C,A,0,,,,,Y,,-,99,0,0,0,0,0,0,0,0,0,- ,- ,0,0,2100,1,LOS ANGELES,LOS ANGELES,CA,-118.4722903,33.98771667,"PACIFIC AVE & WINDWARD AVE, LOS ANGELES, CA",PACIFIC AVE,WINDWARD AVE,102602,
-118.2870676,33.96045303,28929,8791251,2019,2019-05-31T00:00:00.000Z,1942,2019-01-12T00:00:00.000Z,2210,42182,1267,6,5,7,1942,0,0,0,L,0,12A67,HOOVER AV,MANCHESTER AV,150,N,N,A,-,N,,0,0,,,0,,,,Y,0,0,0,4,A,-,8,22103,,M,B,C,A,A,H,-,C,D,0,,,,,Y,,A,7,0,0,0,0,0,0,0,0,0,- ,- ,0,0,2400,1,LOS ANGELES,LOS ANGELES,CA,-118.2870676,33.96045303,"HOOVER ST & MANCHESTER AVE, LOS ANGELES, CA",HOOVER ST,MANCHESTER AVE,141871,
-118.4793847,34.20124435,28930,8803170,2019,2019-05-28T00:00:00.000Z,1942,2019-01-06T00:00:00.000Z,2214,41758,1029,7,5,7,1942,0,0,0,J,0,10X18,SHERMAN WY,GLORIA AV,25,W,N,C,-,N,,0,0,,,0,,,,Y,4,0,1,3,A,-,8,22107,,N,C,E,A,B,H,-,C,A,0,,,,,Y,,-,,0,0,1,0,0,0,0,0,0,- ,- ,0,0,2400,1,LOS ANGELES,LOS ANGELES,CA,-118.4793847,34.20124435,"SHERMAN WAY & GLORIA AVE, LOS ANGELES, CA",SHERMAN WAY,GLORIA AVE,129649,
-118.5977322,34.20101547,28931,8809357,2019,2019-05-29T00:00:00.000Z,1942,2019-01-16T00:00:00.000Z,2150,43027,2136,3,5,7,1942,0,0,0,,0,21A5,CANOGA AV,SHERMAN WY,0,,Y,A,-,N,,0,0,,,0,,,,N,4,0,1,2,A,-,9,21801,A,M,C,G,A,A,H,-,C,D,0,,Y,,,Y,Y,-,99,0,0,1,0,0,0,1,0,0,- ,- ,0,0,2400,1,LOS ANGELES,LOS ANGELES,CA,-118.5977322,34.20101547,"CANOGA AVE & SHERMAN WAY, LOS ANGELES, CA",CANOGA AVE,SHERMAN WAY,101446,
-118.2758598,34.02600098,28932,8790755,2019,2019-02-02T00:00:00.000Z,1942,2019-01-02T00:00:00.000Z,1730,43133,329,3,5,7,1942,0,0,0,C,0,3A15,28TH ST,FLOWER,20,W,N,A,-,N,,0,0,,,0,,,,,3,0,1,2,A,-,10,21950,,N,-,G,A,A,H,-,B,A,0,,Y,,,Y,,-,,0,1,0,0,0,0,1,0,0,- ,- ,0,0,1800,1,LOS ANGELES,LOS ANGELES,CA,-118.2758598,34.02600098,"28TH ST & FLOWER ST, LOS ANGELES, CA",28TH ST,FLOWER ST,131433,
-118.2767121,34.0319252,28933,8791123,2019,2019-02-05T00:00:00.000Z,1942,2019-01-16T00:00:00.000Z,1830,42077,319,3,5,7,1942,0,0,0,C,0,3A18,23RD ST,ESTRELLA AV,0,,Y,C,-,N,,0,0,,,0,,,,N,3,0,1,2,A,-,10,21950,,M,-,G,A,B,H,-,C,D,0,,Y,,,Y,,-,99,0,1,0,0,0,0,1,0,0,- ,- ,0,0,2100,1,LOS ANGELES,LOS ANGELES,CA,-118.2767121,34.0319252,"23RD ST & ESTRELLA AVE, LOS ANGELES, CA",23RD ST,ESTRELLA AVE,141331,
-118.2994422,34.09812546,28934,8798263,2019,2019-03-07T00:00:00.000Z,1942,2019-01-04T00:00:00.000Z,1920,43334,1151,5,5,7,1942,0,0,0,K,0,11A51,SUNSET BL,MARIPOSA AV,0,,Y,A,-,N,,0,0,,,0,,,,N,4,0,1,2,A,-,10,21950,A,F,-,G,A,A,H,-,C,D,0,,Y,,,Y,,-,99,0,0,1,0,0,0,1,0,0,- ,- ,0,0,2100,1,LOS ANGELES,LOS ANGELES,CA,-118.2994422,34.09812546,"SUNSET BLVD & MARIPOSA AVE, LOS ANGELES, CA",SUNSET BLVD,MARIPOSA AVE,118382,
-118.2924004,33.74568176,28935,8806834,2019,2019-03-04T00:00:00.000Z,1942,2019-01-24T00:00:00.000Z,1900,41858,555,4,5,7,1942,0,0,0,E,0,5A55,GAFFEY ST,SEPULVEDA ST,25,N,N,A,-,N,,0,0,,,0,,,,N,3,0,1,2,A,-,9,21804,,F,-,G,A,A,H,-,C,A,0,,Y,,,Y,,L,4,0,1,0,0,0,0,1,0,0,- ,- ,0,0,2100,1,LOS ANGELES,LOS ANGELES,CA,-118.2924004,33.74568176,"GAFFEY ST & SEPULVEDA ST, LOS ANGELES, CA",GAFFEY ST,SEPULVEDA ST,98569,
-118.1949521,34.05160523,28936,8792489,2019,2019-02-21T00:00:00.000Z,1942,2019-01-06T00:00:00.000Z,2220,33902,449,7,5,7,1942,0,0,0,D,0,4A59,GANAHL ST,DUNDAS ST,0,,Y,C,-,N,,0,0,,,0,,,,N,3,0,1,2,A,-,21,22106,,N,-,G,A,B,H,-,C,D,0,,Y,,,Y,,A,1,0,1,0,0,0,0,1,0,0,- ,- ,0,0,2400,1,LOS ANGELES,LOS ANGELES,CA,-118.1949521,34.05160522,"GANAHL ST & DUNDAS ST, LOS ANGELES, CA",GANAHL ST,DUNDAS ST,103570,
-118.2740021,34.04330444,28937,8872562,2019,2019-06-24T00:00:00.000Z,1942,2019-01-20T00:00:00.000Z,2320,30575,299,7,5,7,1942,0,0,0,B,0,6D233,ALBANY ST,PICO BL,0,,Y,A,-,N,,0,0,,,0,,,,Y,2,0,2,4,A,-,12,21453,A,F,D,C,A,A,H,-,C,A,0,,,,,Y,,D,22,1,0,1,0,0,0,0,0,0,- ,- ,0,0,2400,1,LOS ANGELES,LOS ANGELES,CA,-118.2740021,34.04330444,"ALBANY ST & PICO BLVD, LOS ANGELES, CA",ALBANY ST,PICO BLVD,107036,
-118.2827322,34.00558472,28938,8793241,2019,2019-02-25T00:00:00.000Z,1942,2019-02-02T00:00:00.000Z,150,37624,399,6,5,7,1942,0,0,0,C,0,12A53,FIGUEROA ST,43RD ST,0,,Y,C,-,N,,0,0,,,0,,,,N,0,0,0,2,A,-,3,22350,,M,D,C,A,B,H,-,C,D,0,,,,,Y,,-,99,0,0,0,0,0,0,0,0,0,- ,- ,0,0,300,2,LOS ANGELES,LOS ANGELES,CA,-118.2827322,34.00558472,"FIGUEROA ST & 43RD ST, LOS ANGELES, CA",FIGUEROA ST,43RD ST,103391,
-118.3341921,33.97451401,28939,8793106,2019,2019-02-27T00:00:00.000Z,1942,2019-02-10T00:00:00.000Z,40,42147,1251,7,5,7,1942,0,0,0,L,0,12A51,FLORENCE,BRYNHURST,0,,Y,A,-,N,,0,0,,,0,,,,Y,4,0,5,2,A,-,9,21802,A,N,D,C,A,A,H,-,C,D,0,,,,,Y,,A,1,0,0,5,0,0,0,0,0,0,- ,- ,0,0,300,2,LOS ANGELES,LOS ANGELES,CA,-118.3341921,33.97451401,"FLORENCE AVE & BRYNHURST AVE,, CA",FLORENCE AVE,BRYNHURST AVE,103096,
-118.2937502,34.02671814,28940,8793245,2019,2019-02-25T00:00:00.000Z,1942,2019-02-10T00:00:00.000Z,120,38639,338,7,5,7,1942,0,0,0,C,0,3A63,CATALINA ST,30TH PL,50,S,N,A,-,N,,0,0,,,0,,,,N,0,0,0,2,A,-,21,22106,,N,H,C,A,A,H,-,C,D,0,,,,,Y,Y,A,7,0,0,0,0,0,0,0,0,0,- ,- ,0,0,300,2,LOS ANGELES,LOS ANGELES,CA,-118.2937502,34.02671814,"CATALINA ST & 30TH PL, LOS ANGELES, CA",CATALINA ST,30TH PL,138236,
-118.2824805,33.93388748,28941,8793255,2019,2019-03-19T00:00:00.000Z,1942,2019-02-08T00:00:00.000Z,16,41072,1842,5,5,7,1942,0,0,0,R,0,18A41,111TH PL,FIGUEROA ST,40,E,N,A,-,N,,0,0,,,0,,,,N,0,0,0,2,A,-,1,23152,A,M,B,C,A,A,H,-,C,B,0,,,,,Y,Y,A,1,0,0,0,0,0,0,0,0,0,- ,- ,0,0,300,2,LOS ANGELES,LOS ANGELES,CA,-118.2824805,33.93388748,"111TH PL & FIGUEROA ST, LOS ANGELES, CA",111TH PL,FIGUEROA ST,113687,
-118.434539,34.19152832,28942,8793567,2019,2019-02-25T00:00:00.000Z,1942,2019-02-10T00:00:00.000Z,200,42579,926,7,5,7,1942,0,0,0,,0,919,CANTALOUPE AV,KITTRIDGE ST,450,N,N,B,-,N,,0,0,,,0,,,,Y,0,0,0,3,A,-,3,22350,,M,C,E,A,A,H,-,D,D,0,,,,,Y,,D,22,0,0,0,0,0,0,0,0,0,- ,- ,0,0,300,2,LOS ANGELES,LOS ANGELES,CA,-118.434539,34.19152832,"CANTALOUPE AVE & KITTRIDGE ST, LOS ANGELES, CA",CANTALOUPE AVE,KITTRIDGE ST,118599,
-118.2943434,34.05773163,28944,8793644,2019,2019-03-05T00:00:00.000Z,1942,2019-02-09T00:00:00.000Z,225,40957,2036,6,5,7,1942,0,0,0,,0,20A71,8TH ST,BERENDO ST,55,W,N,A,-,N,,0,0,,,0,,,,Y,0,0,0,6,A,-,5,21650,,M,A,E,A,A,H,-,C,D,0,,,,,Y,,A,1,0,0,0,0,0,0,0,0,0,- ,- ,0,0,300,2,LOS ANGELES,LOS ANGELES,CA,-118.2943434,34.05773163,"8TH ST & BERENDO ST, LOS ANGELES, CA",8TH ST,BERENDO ST,131497,
-118.3092922,33.85829544,28945,8793888,2019,2019-03-13T00:00:00.000Z,1942,2019-02-19T00:00:00.000Z,125,41870,504,2,5,7,1942,0,0,0,E,0,5A1,S WESTERN AV,190TH ST,0,,Y,A,-,N,,0,0,,,0,,,,Y,4,0,1,2,A,-,12,21453,A,N,D,C,A,A,H,-,C,A,0,,,,,Y,,-,- ,0,0,1,0,0,0,0,0,0,- ,- ,0,0,300,2,LOS ANGELES,LOS ANGELES,CA,-118.3092922,33.85829544,"WESTERN AVE & 190TH ST, LOS ANGELES, CA",WESTERN AVE,190TH ST,109340,
-118.3177521,33.97846985,28946,8794013,2019,2019-02-28T00:00:00.000Z,1942,2019-02-11T00:00:00.000Z,230,38328,1242,1,5,7,1942,0,0,0,L,0,1242,VAN NESS AV,67TH ST,100,N,N,A,-,N,,0,0,,,0,,,,Y,3,0,1,3,A,-,3,22350,,N,A,E,A,A,H,-,C,D,0,,,,,Y,,A,1,0,1,0,0,0,0,0,0,0,- ,- ,0,0,300,2,LOS ANGELES,LOS ANGELES,CA,-118.3177521,33.97846985,"VAN NESS AVE & 67TH ST, LOS ANGELES, CA",VAN NESS AVE,67TH ST,117042,
-118.2564821,33.96014404,28947,8794039,2019,2019-03-04T00:00:00.000Z,1942,2019-02-17T00:00:00.000Z,230,43555,1269,7,5,7,1942,0,0,0,L,0,12A73,CENTRAL AV,MANCHESTER AV,0,,Y,A,-,N,,0,0,,,0,,,,Y,3,0,6,3,A,-,3,22350,,N,C,C,A,A,H,-,C,A,0,,,,,Y,,A,1,0,2,4,0,0,0,0,0,0,- ,- ,0,0,300,2,LOS ANGELES,LOS ANGELES,CA,-118.2564821,33.96014404,"CENTRAL AVE & MANCHESTER AVE, LOS ANGELES, CA",CENTRAL AVE,MANCHESTER AVE,120742,
-118.3404621,34.09069443,28948,8794040,2019,2019-03-01T00:00:00.000Z,1942,2019-02-04T00:00:00.000Z,140,43527,663,1,5,7,1942,0,0,0,F,0,6A77W3,SANTA MONICA BL,MANSFIELD AV,0,,Y,B,C,N,,0,0,,,0,,,,N,4,0,1,2,A,-,0,21450,,F,G,B,B,B,H,-,C,D,0,Y,,,,Y,,-,99,0,0,1,0,1,0,0,0,0,- ,- ,0,0,300,2,LOS ANGELES,LOS ANGELES,CA,-118.3404621,34.09069443,"SANTA MONICA BLVD & MANSFIELD AVE, LOS ANGELES, CA",SANTA MONICA BLVD,MANSFIELD AVE,117942,
-118.2991621,34.03089523,28949,8794042,2019,2019-03-04T00:00:00.000Z,1942,2019-02-15T00:00:00.000Z,30,43324,326,5,5,7,1942,0,0,0,C,0,3A15,27TH ST,KENWOOD AV,0,,Y,A,-,N,,0,0,,,0,,,,Y,4,0,3,2,A,-,12,22450,A,N,D,C,A,A,H,-,C,D,0,,,,,Y,,A,7,0,0,3,0,0,0,0,0,0,- ,- ,0,0,300,2,LOS ANGELES,LOS ANGELES,CA,-118.2991621,34.03089523,"27TH ST & KENWOOD AVE, LOS ANGELES, CA",27TH ST,KENWOOD AVE,99942,
-118.3046421,33.9745636,28950,8794043,2019,2019-03-04T00:00:00.000Z,1942,2019-02-09T00:00:00.000Z,235,42498,1245,6,5,7,1942,0,0,0,L,0,12A53,FLORENCE AV,DENKER AV,0,,Y,A,-,N,,0,0,,,0,,,,N,4,0,1,2,A,-,9,21801,A,N,D,C,A,A,H,-,B,A,0,,,,,Y,,A,1,0,0,1,0,0,0,0,0,0,- ,- ,0,0,300,2,LOS ANGELES,LOS ANGELES,CA,-118.3046421,33.9745636,"FLORENCE AVE & DENKER AVE, LOS ANGELES, CA",FLORENCE AVE,DENKER AVE,131150,
-118.3182221,34.01828384,28951,8794058,2019,2019-03-04T00:00:00.000Z,1942,2019-02-16T00:00:00.000Z,235,43617,374,6,5,7,1942,0,0,0,C,0,3A73,ARLINGTON AV,RODEO RD,0,,Y,A,-,N,,0,0,,,0,,,,Y,3,0,1,2,A,-,12,21453,A,F,D,C,A,B,H,-,C,A,0,,,,,Y,,A,1,0,1,0,0,0,0,0,0,0,- ,- ,0,0,300,2,LOS ANGELES,LOS ANGELES,CA,-118.3182221,34.01828384,"ARLINGTON AVE & RODEO RD, LOS ANGELES, CA",ARLINGTON AVE,RODEO RD,134768,
-118.273922,33.93100357,28952,8797192,2019,2019-02-15T00:00:00.000Z,1942,2019-02-02T00:00:00.000Z,110,41054,1494,6,5,7,1942,0,0,0,N,0,LAX,W IMPERIAL HWY,MAIN ST,3,W,N,C,-,N,,0,0,,,0,,,,Y,0,0,0,1,A,-,3,22350,,M,E,I,A,B,H,-,C,D,0,,,,,Y,,A,7,0,0,0,0,0,0,0,0,0,- ,- ,0,0,300,2,LOS ANGELES,LOS ANGELES,CA,-118.273922,33.93100357,"IMPERIAL HWY & MAIN ST, LOS ANGELES, CA",IMPERIAL HWY,MAIN ST,106798,
-118.2826121,33.93441391,28953,8798610,2019,2019-02-15T00:00:00.000Z,1942,2019-02-01T00:00:00.000Z,130,40032,1842,5,5,7,1942,0,0,0,R,0,18M41,FIGUEROA,111TH ST,120,S,N,A,-,N,,0,0,,,0,,,,Y,0,0,0,2,A,-,1,23152,,N,B,C,A,A,H,-,C,-,0,,,,,Y,Y,A,1,0,0,0,0,0,0,0,0,0,- ,- ,0,0,300,2,LOS ANGELES,LOS ANGELES,CA,-118.2826121,33.93441391,"FIGUEROA ST & 111TH ST, LOS ANGELES, CA",FIGUEROA ST,111TH ST,102634,
-118.2827213,33.96667862,28954,8798897,2019,2019-02-21T00:00:00.000Z,1942,2019-02-03T00:00:00.000Z,115,42282,1266,7,5,7,1942,0,0,0,L,0,12A67,FIGUEROA ST,80TH ST,79,S,N,A,-,N,,0,0,,,0,,,,Y,0,0,0,1,A,-,3,22350,,N,E,I,A,B,H,-,C,A,0,,,,,Y,Y,A,1,0,0,0,0,0,0,0,0,0,- ,- ,0,0,300,2,LOS ANGELES,LOS ANGELES,CA,-118.2827213,33.96667862,"FIGUEROA ST & 80TH ST, LOS ANGELES, CA",FIGUEROA ST,80TH ST,110164,
-118.2702001,33.93296814,28955,8799040,2019,2019-02-22T00:00:00.000Z,1942,2019-02-02T00:00:00.000Z,40,43294,1842,6,5,7,1942,0,0,0,R,0,18A41,112TH ST,SAN PEDRO,200,W,N,C,-,N,,0,0,,,0,,,,Y,0,0,0,2,A,-,3,22350,,N,B,E,A,B,H,-,C,A,0,,,,,Y,,A,1,0,0,0,0,0,0,0,0,0,- ,- ,0,0,300,2,LOS ANGELES,LOS ANGELES,CA,-118.2702001,33.93296814,"112TH ST & SAN PEDRO ST, LOS ANGELES, CA",112TH ST,SAN PEDRO ST,120778,
-118.2786654,33.9455452,28956,8799536,2019,2019-02-27T00:00:00.000Z,1942,2019-02-08T00:00:00.000Z,105,41056,1822,5,5,7,1942,0,0,0,R,0,18A17,W CENTURY BL,S BROADWAY,80,W,N,A,-,N,,0,0,,,0,,,,Y,0,0,0,2,A,-,6,21750,A,M,B,C,A,A,H,-,C,A,0,,,,,Y,,-,99,0,0,0,0,0,0,0,0,0,- ,- ,0,0,300,2,LOS ANGELES,LOS ANGELES,CA,-118.2786654,33.9455452,"CENTURY BLVD & BROADWAY, LOS ANGELES, CA",CENTURY BLVD,BROADWAY,105733,
-118.2980621,34.0091629,28957,8801054,2019,2019-02-22T00:00:00.000Z,1942,2019-02-02T00:00:00.000Z,10,41072,397,6,5,7,1942,0,0,0,C,0,3A99,RAYMOND AV,41ST ST,40,N,N,C,-,N,,0,0,,,0,,,,Y,3,0,1,5,A,-,1,23152,A,N,B,E,A,B,H,-,C,D,0,,,,,Y,Y,A,1,0,1,0,0,0,0,0,0,0,- ,- ,0,0,300,2,LOS ANGELES,LOS ANGELES,CA,-118.2980621,34.0091629,"RAYMOND AVE & 41ST ST, LOS ANGELES, CA",RAYMOND AVE,41ST ST,124237,
-118.3263568,33.98902512,28958,8801146,2019,2019-02-22T00:00:00.000Z,1942,2019-02-02T00:00:00.000Z,145,43555,1232,6,5,7,1942,0,0,0,L,0,12A73,SLAUSON AV,8TH AV,32,E,N,C,-,N,,0,0,,,0,,,,Y,4,0,1,2,A,-,9,21801,A,F,B,C,A,B,H,-,C,A,0,,,,,Y,,-,99,0,0,1,0,0,0,0,0,0,- ,- ,0,0,300,2,LOS ANGELES,LOS ANGELES,CA,-118.3263568,33.98902512,"SLAUSON AVE & 8TH AVE, LOS ANGELES, CA",SLAUSON AVE,8TH AVE,117075,
-118.3002657,33.98431015,28959,8801162,2019,2019-02-22T00:00:00.000Z,1942,2019-02-10T00:00:00.000Z,135,42266,LOS A,7,5,7,1942,0,0,0,,0,12A67,NORMANDIE AV,61ST ST,60,N,N,B,C,N,,0,0,,,0,,,,N,4,0,1,2,A,-,7,21658,A,F,B,G,A,B,H,-,C,D,0,,Y,,,Y,,-,99,0,0,1,0,0,0,1,0,0,- ,- ,0,0,300,2,LOS ANGELES,LOS ANGELES,CA,-118.3002657,33.98431015,"NORMANDIE AVE & 61ST ST, LOS ANGELES, CA",NORMANDIE AVE,61ST ST,95998,
-118.2814039,34.10547638,28960,8801898,2019,2019-03-20T00:00:00.000Z,1942,2019-02-01T00:00:00.000Z,5,30083,1143,5,5,7,1942,0,0,0,K,0,11A71,FRANKLIN AV,HOLLY KNOLL DR,200,E,N,A,-,N,,0,0,,,0,,,,Y,0,0,0,2,A,-,8,22107,,M,B,E,A,A,H,-,C,D,0,,,,,Y,,A,1,0,0,0,0,0,0,0,0,0,- ,- ,0,0,300,2,LOS ANGELES,LOS ANGELES,CA,-118.2814039,34.10547638,"FRANKLIN AVE & HOLLY KNOLL DR, LOS ANGELES, CA",FRANKLIN AVE,HOLLY KNOLL DR,96972,
-118.2414183,34.04482269,28961,8802166,2019,2019-03-18T00:00:00.000Z,1942,2019-02-09T00:00:00.000Z,30,40325,138,6,5,7,1942,0,0,0,A,0,1A39,4TH ST,CROCKER ST,46,E,N,A,-,N,,0,0,,,0,,,,Y,0,0,0,4,A,-,1,23152,A,N,C,E,A,A,H,-,C,A,0,,,,,Y,Y,A,1,0,0,0,0,0,0,0,0,0,- ,- ,0,0,300,2,LOS ANGELES,LOS ANGELES,CA,-118.2414183,34.04482269,"4TH ST & CROCKER ST, LOS ANGELES, CA",4TH ST,CROCKER ST,114031,
-118.3484621,34.03251648,28962,8794009,2019,2019-02-28T00:00:00.000Z,1942,2019-01-02T00:00:00.000Z,745,33599,331,3,5,7,1942,0,0,0,C,0,3A31,ADAMS BL,WEST VIEW ST,0,,Y,B,-,N,,0,0,,,0,,,,N,3,0,1,2,A,-,9,21802,A,F,D,I,A,A,H,-,A,A,0,,,,,Y,,-,99,0,1,0,0,0,0,0,0,0,- ,- ,0,0,900,1,LOS ANGELES,LOS ANGELES,CA,-118.3484621,34.03251648,"ADAMS BLVD & WEST VIEW ST, LOS ANGELES, CA",ADAMS BLVD,WEST VIEW ST,99927,
-118.2728721,33.77940369,28963,8785631,2019,2019-02-04T00:00:00.000Z,1942,2019-01-11T00:00:00.000Z,1110,38503,522,5,5,7,1942,0,0,0,E,0,25T21,W ANAHEIM ST,GULF AV,0,,Y,B,-,N,,0,0,,,0,,,,N,4,0,1,2,A,-,9,21801,A,N,D,J,A,A,H,-,A,A,0,,,Y,,Y,,A,1,0,0,1,0,0,0,0,0,1,- ,- ,0,0,1200,1,LOS ANGELES,LOS ANGELES,CA,-118.2728721,33.77940369,"ANAHEIM ST & GULF AVE, LOS ANGELES, CA",ANAHEIM ST,GULF AVE,141854,
-118.2155009,34.0885849,28964,8802178,2019,2019-03-18T00:00:00.000Z,1942,2019-02-02T00:00:00.000Z,52,43353,1177,6,5,7,1942,0,0,0,K,0,11A95,FIGUEROA ST,AMABEL ST,50,N,N,C,-,N,,0,0,,,0,,,,N,0,0,0,2,A,-,3,22350,,M,C,C,A,B,H,-,C,A,0,,,,,Y,,-,99,0,0,0,0,0,0,0,0,0,- ,- ,0,0,300,2,LOS ANGELES,LOS ANGELES,CA,-118.2155009,34.0885849,"FIGUEROA ST & AMABEL ST, LOS ANGELES, CA",FIGUEROA ST,AMABEL ST,100593,
-118.5062122,34.33268356,28965,8802307,2019,2019-03-06T00:00:00.000Z,1942,2019-02-16T00:00:00.000Z,15,38817,1705,6,5,7,1942,0,0,0,Q,0,17A35,SAN FERNANDO RD,SIERRA HWY,0,S,N,B,-,N,,0,0,,,0,,,,Y,2,0,2,1,A,-,1,23152,A,N,E,I,A,B,H,-,D,D,0,,,,,Y,Y,A,1,1,1,0,0,0,0,0,0,0,- ,- ,0,0,300,2,LOS ANGELES,LOS ANGELES,CA,-118.5062122,34.33268356,"SAN FERNANDO RD & SIERRA HWY, LOS ANGELES, CA",SAN FERNANDO RD,SIERRA HWY,109121,