X,Y,OBJECTID,case_id,accident_year,proc_date,juris,collision_date,collision_time,officer_id,reporting_district,day_of_week,chp_shift,population,cnty_city_loc,special_cond,beat_type,chp_beat_type,city_division_lapd,chp_beat_class,beat_number,primary_rd,secondary_rd,distance,direction,intersection,weather_1,weather_2,state_hwy_ind,caltrans_county,caltrans_district,state_route,route_suffix,postmile_prefix,postmile,location_type,ramp_intersection,side_of_hwy,tow_away,collision_severity,number_killed,number_injured,party_count,primary_coll_factor,pcf_code_of_viol,pcf_viol_category,pcf_violation,pcf_viol_subsection,hit_and_run,type_of_collision,mviw,ped_action,road_surface,road_cond_1,road_cond_2,lighting,control_device,chp_road_type,pedestrian_accident,bicycle_accident,motorcycle_accident,truck_accident,not_private_property,alcohol_involved,stwd_vehtype_at_fault,chp_vehtype_at_fault,count_severe_inj,count_visible_inj,count_complaint_pain,count_ped_killed,count_ped_injured,count_bicyclist_killed,count_bicyclist_injured,count_mc_killed,count_mc_injured,primary_ramp,secondary_ramp,latitude,longitude,timecat,month_,city,county,state,point_x,point_y,match_addr,m_primaryrd,m_secondrd,int_id,Flag
-118.4554422,34.31995392,28966,8802311,2019,2019-03-06T00:00:00.000Z,1942,2019-02-17T00:00:00.000Z,110,32372,1902,7,5,7,1942,0,0,0,,0,19A7,COBALT ST,HENNY AV,0,,Y,A,-,N,,0,0,,,0,,,,N,2,0,1,2,A,-,11,21954,A,N,G,B,D,A,H,-,C,D,0,Y,,,,Y,Y,N,60,1,0,0,0,1,0,0,0,0,- ,- ,0,0,300,2,LOS ANGELES,LOS ANGELES,CA,-118.4554422,34.31995392,"COBALT ST & HENNY AVE, LOS ANGELES, CA",COBALT ST,HENNY AVE,109096,
-118.3386921,34.10155487,28967,8802759,2019,2019-02-21T00:00:00.000Z,1942,2019-02-05T00:00:00.000Z,15,43527,645,2,5,7,1942,0,0,0,F,0,6A77,HIGHLAND AV,HOLLYWOOD BL,0,,Y,B,C,N,,0,0,,,0,,,,N,4,0,1,2,A,-,1,23152,A,N,C,C,A,B,H,-,C,A,0,,,,,Y,,A,1,0,0,1,0,0,0,0,0,0,- ,- ,0,0,300,2,LOS ANGELES,LOS ANGELES,CA,-118.3386921,34.10155487,"HIGHLAND AVE & HOLLYWOOD BLVD, LOS ANGELES, CA",HIGHLAND AVE,HOLLYWOOD BLVD,132445,
-118.5448422,34.23959732,28968,8803036,2019,2019-03-08T00:00:00.000Z,1942,2019-02-09T00:00:00.000Z,0,38183,1785,6,5,7,1942,0,0,0,Q,0,17A67,WILBUR AV,PRAIRIE ST,183,N,N,A,-,N,,0,0,,,0,,,,Y,4,0,1,2,A,-,1,23152,A,N,C,E,A,A,H,-,C,D,0,,,,,Y,Y,A,1,0,0,1,0,0,0,0,0,0,- ,- ,0,0,300,2,LOS ANGELES,LOS ANGELES,CA,-118.5448422,34.23959732,"WILBUR AVE & PRAIRIE ST, LOS ANGELES, CA",WILBUR AVE,PRAIRIE ST,125917,
-118.2827121,33.96322632,28969,8803992,2019,2019-03-05T00:00:00.000Z,1942,2019-02-19T00:00:00.000Z,15,42037,1821,2,5,7,1942,0,0,0,R,0,12A73,FIGUEROA ST,84TH ST,0,,Y,A,-,N,,0,0,,,0,,,,Y,4,0,4,2,A,-,9,21804,A,N,D,C,A,A,H,-,C,A,0,,,,,Y,,A,1,0,0,4,0,0,0,0,0,0,- ,- ,0,0,300,2,LOS ANGELES,LOS ANGELES,CA,-118.2827121,33.96322632,"FIGUEROA ST & 84TH ST, LOS ANGELES, CA",FIGUEROA ST,84TH ST,148916,
-118.2837882,33.9823761,28970,8804453,2019,2019-03-08T00:00:00.000Z,1942,2019-02-23T00:00:00.000Z,150,41129,1249,6,5,7,1942,0,0,0,L,0,12A49,W GAGE AV,FIGUEROA ST,336,W,N,A,-,N,,0,0,,,0,,,,Y,4,0,1,3,A,-,3,22350,,N,B,E,A,A,H,-,C,A,0,,,,,Y,,A,1,0,0,1,0,0,0,0,0,0,- ,- ,0,0,300,2,LOS ANGELES,LOS ANGELES,CA,-118.2837882,33.9823761,"GAGE AVE & FIGUEROA ST, LOS ANGELES, CA",GAGE AVE,FIGUEROA ST,120663,
-118.2477421,34.05313492,28971,8804492,2019,2019-03-21T00:00:00.000Z,1942,2019-02-09T00:00:00.000Z,105,42876,132,6,5,7,1942,0,0,0,A,0,1A1,W 2ND ST,S HILL ST,0,,Y,A,-,N,,0,0,,,0,,,,Y,4,0,2,2,A,-,12,21453,A,N,F,C,A,A,H,-,C,A,0,,,,,Y,,-,- ,0,0,2,0,0,0,0,0,0,- ,- ,0,0,300,2,LOS ANGELES,LOS ANGELES,CA,-118.2477421,34.05313492,"2ND ST & HILL ST, LOS ANGELES, CA",2ND ST,HILL ST,142154,
-118.2927114,33.74712753,28972,8804572,2019,2019-03-06T00:00:00.000Z,1942,2019-02-21T00:00:00.000Z,10,42118,555,4,5,7,1942,0,0,0,,0,5A55,N GAFFEY ST,W SUMMERLAND AV,200,S,N,A,C,N,,0,0,,,0,,,,N,4,0,1,2,A,-,3,22350,,F,B,C,A,B,H,-,D,A,0,,,,,Y,,-,99,0,0,1,0,0,0,0,0,0,- ,- ,0,0,300,2,LOS ANGELES,LOS ANGELES,CA,-118.2927114,33.74712753,"GAFFEY ST & SUMMERLAND AVE, LOS ANGELES, CA",GAFFEY ST,SUMMERLAND AVE,107886,
-118.5023722,34.25579453,28973,8804726,2019,2019-03-18T00:00:00.000Z,1942,2019-02-12T00:00:00.000Z,130,36336,1757,2,5,7,1942,0,0,0,Q,0,17A49,BALBOA BL,DEVONSHIRE ST,635,S,N,A,-,N,,0,0,,,0,,,,Y,3,0,1,1,A,-,8,22107,,N,E,I,A,A,H,-,C,D,0,,,,,Y,Y,A,1,0,1,0,0,0,0,0,0,0,- ,- ,0,0,300,2,LOS ANGELES,LOS ANGELES,CA,-118.5023722,34.25579453,"BALBOA BLVD & DEVONSHIRE ST, LOS ANGELES, CA",BALBOA BLVD,DEVONSHIRE ST,101242,
-118.3649328,34.22826767,28974,8804772,2019,2019-03-14T00:00:00.000Z,1942,2019-02-14T00:00:00.000Z,111,38049,16T6,4,5,7,1942,0,0,0,P,0,16A79,GLENOAKS BL,VINEDALE ST,200,S,N,C,-,N,,0,0,,,0,,,,Y,0,0,0,2,A,-,1,23152,A,N,C,C,A,B,H,-,C,D,0,,,,,Y,Y,D,22,0,0,0,0,0,0,0,0,0,- ,- ,0,0,300,2,LOS ANGELES,LOS ANGELES,CA,-118.3649328,34.22826767,"GLENOAKS BLVD & VINEDALE ST, LOS ANGELES, CA",GLENOAKS BLVD,VINEDALE ST,129870,
-118.587384,34.19754791,28975,8804788,2019,2019-03-15T00:00:00.000Z,1942,2019-02-24T00:00:00.000Z,200,32372,2157,7,5,7,1942,0,0,0,,0,21A57,N GAZETTE AV,HART ST,60,N,N,B,-,N,,0,0,,,0,,,,N,0,0,0,2,A,-,3,22350,,M,D,E,A,A,H,-,C,D,0,,,,,Y,,D,22,0,0,0,0,0,0,0,0,0,- ,- ,0,0,300,2,LOS ANGELES,LOS ANGELES,CA,-118.587384,34.19754791,"GAZETTE AVE & HART ST, LOS ANGELES, CA",GAZETTE AVE,HART ST,108528,
-118.3790221,34.16295624,28977,8804990,2019,2019-02-22T00:00:00.000Z,1942,2019-02-02T00:00:00.000Z,155,39868,1547,6,5,7,1942,0,0,0,O,0,15A39,OTSEGO ST,TUJUNGA AV,0,,Y,C,-,N,,0,0,,,0,,,,Y,0,0,0,2,A,-,3,22350,,M,B,E,A,B,H,-,C,D,0,,,,,Y,,A,1,0,0,0,0,0,0,0,0,0,- ,- ,0,0,300,2,LOS ANGELES,LOS ANGELES,CA,-118.3790221,34.16295624,"OTSEGO ST & TUJUNGA AVE, LOS ANGELES, CA",OTSEGO ST,TUJUNGA AVE,139775,
-118.4290033,34.23994064,28978,8805195,2019,2019-03-01T00:00:00.000Z,1942,2019-02-03T00:00:00.000Z,105,37390,197G,7,5,7,1942,0,0,0,,0,19A7,OSBORNE ST,BEACHY AV,150,E,N,C,-,N,,0,0,,,0,,,,N,2,0,2,2,A,-,11,21955,,N,G,B,D,B,H,-,C,D,0,Y,,,,Y,,N,60,1,0,1,0,1,0,0,0,0,- ,- ,0,0,300,2,LOS ANGELES,LOS ANGELES,CA,-118.4290033,34.23994064,"OSBORNE ST & BEACHY AVE, LOS ANGELES, CA",OSBORNE ST,BEACHY AVE,133205,
-118.2826121,33.93286896,28979,8806135,2019,2019-02-22T00:00:00.000Z,1942,2019-02-08T00:00:00.000Z,15,41072,1842,5,5,7,1942,0,0,0,R,0,18A41,FIGUEROA ST,112TH ST,10,S,N,A,-,N,,0,0,,,0,,,,Y,0,0,0,1,A,-,1,23152,A,N,E,I,A,A,H,-,C,A,0,,,,,Y,Y,A,1,0,0,0,0,0,0,0,0,0,- ,- ,0,0,300,2,LOS ANGELES,LOS ANGELES,CA,-118.2826121,33.93286896,"FIGUEROA ST & 112TH ST, LOS ANGELES, CA",FIGUEROA ST,112TH ST,127779,
-118.3024117,34.00189591,28980,8806567,2019,2019-02-28T00:00:00.000Z,1942,2019-02-11T00:00:00.000Z,215,43555,1204,1,5,7,1942,0,0,0,L,0,12A73,W 46TH ST,HALLDALE AV,12,W,N,A,-,N,,0,0,,,0,,,,N,0,0,0,2,A,-,3,22350,,M,C,E,A,A,H,-,C,D,0,,,,,Y,,-,99,0,0,0,0,0,0,0,0,0,- ,- ,0,0,300,2,LOS ANGELES,LOS ANGELES,CA,-118.3024117,34.0018959,"46TH ST & HALLDALE AVE, LOS ANGELES, CA",46TH ST,HALLDALE AVE,127910,
-118.2911729,33.99140549,28981,8806586,2019,2019-02-28T00:00:00.000Z,1942,2019-02-16T00:00:00.000Z,35,41072,1218,6,5,7,1942,0,0,0,L,0,12A15,56TH ST,VERMONT AV,100,E,N,B,-,N,,0,0,,,0,,,,N,0,0,0,3,A,-,3,22350,,M,B,E,A,B,H,-,C,D,0,,,,,Y,,-,99,0,0,0,0,0,0,0,0,0,- ,- ,0,0,300,2,LOS ANGELES,LOS ANGELES,CA,-118.2911729,33.99140549,"56TH ST & VERMONT AVE, LOS ANGELES, CA",56TH ST,VERMONT AVE,99612,
-118.3177121,34.03804016,28982,8806589,2019,2019-02-28T00:00:00.000Z,1942,2019-02-16T00:00:00.000Z,100,43309,2091,6,5,7,1942,0,0,0,,0,20A71,ARLINGTON AV,21ST,20,S,N,B,-,N,,0,0,,,0,,,,Y,2,0,3,2,A,-,1,23152,A,F,A,C,A,B,H,-,C,B,0,,,,,Y,Y,A,1,1,0,2,0,0,0,0,0,0,- ,- ,0,0,300,2,LOS ANGELES,LOS ANGELES,CA,-118.3177121,34.03804016,"ARLINGTON AVE & 21ST ST, LOS ANGELES, CA",ARLINGTON AVE,21ST ST,138499,
-118.3067821,33.9964447,28983,8806590,2019,2019-02-28T00:00:00.000Z,1942,2019-02-16T00:00:00.000Z,110,41056,1203,6,5,7,1942,0,0,0,L,0,12A3,S HARVARD BL,W 51ST ST,160,S,N,A,-,N,,0,0,,,0,,,,Y,0,0,0,3,A,-,21,22106,,M,B,E,A,B,H,-,C,D,0,,,,,Y,,A,7,0,0,0,0,0,0,0,0,0,- ,- ,0,0,300,2,LOS ANGELES,LOS ANGELES,CA,-118.3067821,33.9964447,"HARVARD BLVD & 51ST ST, LOS ANGELES, CA",HARVARD BLVD,51ST ST,106826,
-118.2892721,33.97462463,28984,8806592,2019,2019-02-28T00:00:00.000Z,1942,2019-02-17T00:00:00.000Z,10,43469,1248,7,5,7,1942,0,0,0,L,0,12A45,W FLORENCE AV,MENLO AV,0,,Y,A,-,N,,0,0,,,0,,,,Y,0,0,0,2,A,-,7,21658,A,M,B,C,A,A,H,-,C,D,0,,,,,Y,,A,1,0,0,0,0,0,0,0,0,0,- ,- ,0,0,300,2,LOS ANGELES,LOS ANGELES,CA,-118.2892721,33.97462463,"FLORENCE AVE & MENLO AVE, LOS ANGELES, CA",FLORENCE AVE,MENLO AVE,141666,
-118.3067805,33.99702454,28985,8806598,2019,2019-02-28T00:00:00.000Z,1942,2019-02-16T00:00:00.000Z,105,41056,1203,6,5,7,1942,0,0,0,L,0,25TL23,HARVARD,51ST ST,51,N,N,A,-,N,,0,0,,,0,,,,N,0,0,0,2,A,-,3,22350,A,M,B,E,A,B,H,-,C,D,0,,,,,Y,,-,99,0,0,0,0,0,0,0,0,0,- ,- ,0,0,300,2,LOS ANGELES,LOS ANGELES,CA,-118.3067805,33.99702454,"HARVARD BLVD & 51ST ST, LOS ANGELES, CA",HARVARD BLVD,51ST ST,106826,
-118.2918121,33.96002579,28986,8806602,2019,2019-02-28T00:00:00.000Z,1942,2019-02-12T00:00:00.000Z,205,42496,1801,2,5,7,1942,0,0,0,R,0,18A1W3,VERMONT,MANCHESTER,0,,Y,A,-,N,,0,0,,,0,,,,N,0,0,0,2,A,-,7,21658,A,M,B,C,A,A,H,-,C,A,0,,,,,Y,,-,- ,0,0,0,0,0,0,0,0,0,- ,- ,0,0,300,2,LOS ANGELES,LOS ANGELES,CA,-118.2918121,33.96002579,"VERMONT AVE & MANCHESTER AVE, LOS ANGELES, CA",VERMONT AVE,MANCHESTER AVE,98771,
-118.2564821,33.96014404,28987,8806608,2019,2019-02-28T00:00:00.000Z,1942,2019-02-08T00:00:00.000Z,120,42498,1269,5,5,7,1942,0,0,0,L,0,12A83,MANCHESTER AV,CENTRAL AV,0,,Y,A,-,N,,0,0,,,0,,,,N,0,0,0,1,A,-,3,22350,,M,E,J,A,A,H,-,B,D,0,,,,,Y,,-,99,0,0,0,0,0,0,0,0,0,- ,- ,0,0,300,2,LOS ANGELES,LOS ANGELES,CA,-118.2564821,33.96014404,"MANCHESTER AVE & CENTRAL AVE, LOS ANGELES, CA",MANCHESTER AVE,CENTRAL AVE,120742,
-118.3248021,34.0255394,28988,8806611,2019,2019-02-28T00:00:00.000Z,1942,2019-02-13T00:00:00.000Z,245,39151,354,3,5,7,1942,0,0,0,C,0,3A31,7TH AV,JEFFERSON BL,20,S,N,A,-,N,,0,0,,,0,,,,N,0,0,0,3,A,-,3,22350,,M,B,E,A,A,H,-,C,D,0,,,,,Y,,-,99,0,0,0,0,0,0,0,0,0,- ,- ,0,0,300,2,LOS ANGELES,LOS ANGELES,CA,-118.3248021,34.0255394,"7TH AVE & JEFFERSON BLVD, LOS ANGELES, CA",7TH AVE,JEFFERSON BLVD,120754,
-118.3552729,34.01830673,28989,8806619,2019,2019-02-28T00:00:00.000Z,1942,2019-02-17T00:00:00.000Z,30,43324,361,7,5,7,1942,0,0,0,C,0,3A63,COLISEUM ST,S LA BREA AV,100,E,N,A,-,N,,0,0,,,0,,,,N,0,0,0,2,A,-,4,21703,,M,C,C,A,-,H,-,C,D,0,,,,,Y,,-,99,0,0,0,0,0,0,0,0,0,- ,- ,0,0,300,2,LOS ANGELES,LOS ANGELES,CA,-118.3552729,34.01830673,"COLISEUM ST & LA BREA AVE, LOS ANGELES, CA",COLISEUM ST,LA BREA AVE,119588,
-118.2565479,33.96014786,28990,8806620,2019,2019-02-28T00:00:00.000Z,1942,2019-02-17T00:00:00.000Z,240,35869,1269,7,5,7,1942,0,0,0,L,0,12A73,MANCHESTER AV,CENTRAL AV,20,W,N,A,-,N,,0,0,,,0,,,,Y,0,0,0,1,A,-,3,22350,A,N,E,J,A,B,F,-,C,A,0,,,,,Y,,A,1,0,0,0,0,0,0,0,0,0,- ,- ,0,0,300,2,LOS ANGELES,LOS ANGELES,CA,-118.2565479,33.96014786,"MANCHESTER AVE & CENTRAL AVE, LOS ANGELES, CA",MANCHESTER AVE,CENTRAL AVE,120742,
-118.3394821,34.03254318,28991,8806628,2019,2019-02-28T00:00:00.000Z,1942,2019-02-17T00:00:00.000Z,100,41072,333,7,5,7,1942,0,0,0,C,0,3A31,ADAMS BL,VIRGINIA RD,0,,Y,A,-,N,,0,0,,,0,,,,Y,0,0,0,2,A,-,9,21801,A,M,D,C,A,A,H,-,C,A,0,,,,,Y,Y,A,1,0,0,0,0,0,0,0,0,0,- ,- ,0,0,300,2,LOS ANGELES,LOS ANGELES,CA,-118.3394821,34.03254318,"ADAMS BLVD & VIRGINIA RD, LOS ANGELES, CA",ADAMS BLVD,VIRGINIA RD,99948,
-118.4760596,34.25735474,28992,8807054,2019,2019-03-05T00:00:00.000Z,1942,2019-02-17T00:00:00.000Z,15,37304,1739,7,5,7,1942,0,0,0,Q,0,17A49,DEVONSHIRE ST,HASKELL AV,25,E,N,A,-,N,,0,0,,,0,,,,N,4,0,1,2,A,-,3,22350,,F,C,C,A,A,H,-,C,A,0,,,,,Y,,-,99,0,0,1,0,0,0,0,0,0,- ,- ,0,0,300,2,LOS ANGELES,LOS ANGELES,CA,-118.4760596,34.25735474,"DEVONSHIRE ST & HASKELL AVE, LOS ANGELES, CA",DEVONSHIRE ST,HASKELL AVE,112417,
-118.3703622,34.18717957,28993,8807109,2019,2019-03-06T00:00:00.000Z,1942,2019-02-12T00:00:00.000Z,15,36230,15A27,2,5,7,1942,0,0,0,O,0,15A39W,VINELAND AV,VICTORY BL,180,N,N,A,-,N,,0,0,,,0,,,,Y,4,0,1,2,A,-,4,21703,,F,C,C,A,A,H,-,C,A,0,,,,,Y,,-,99,0,0,1,0,0,0,0,0,0,- ,- ,0,0,300,2,LOS ANGELES,LOS ANGELES,CA,-118.3703622,34.18717957,"VINELAND AVE & VICTORY BLVD, LOS ANGELES, CA",VINELAND AVE,VICTORY BLVD,150317,
-118.2452821,34.0422554,28994,8807119,2019,2019-03-05T00:00:00.000Z,1942,2019-02-05T00:00:00.000Z,5,40730,157,2,5,7,1942,0,0,0,A,0,1A29,SAN PEDRO,6TH ST,0,,Y,B,-,N,,0,0,,,0,,,,Y,4,0,1,2,A,-,10,21950,A,F,G,B,B,B,H,-,C,A,0,Y,,,,Y,,A,7,0,0,1,0,1,0,0,0,0,- ,- ,0,0,300,2,LOS ANGELES,LOS ANGELES,CA,-118.2452821,34.0422554,"SAN PEDRO ST & 6TH ST, LOS ANGELES, CA",SAN PEDRO ST,6TH ST,110552,
-118.4700675,34.22138214,28995,8807237,2019,2019-03-11T00:00:00.000Z,1942,2019-02-18T00:00:00.000Z,230,36336,1991,1,5,7,1942,0,0,0,,0,19A93,ROSCOE BL,LANGDON AV,44,W,N,A,-,N,,0,0,,,0,,,,Y,3,0,2,4,A,-,3,22350,,N,A,E,A,A,H,-,C,D,0,,,,,Y,,J,48,0,1,1,0,0,0,0,0,0,- ,- ,0,0,300,2,LOS ANGELES,LOS ANGELES,CA,-118.4700675,34.22138214,"ROSCOE BLVD & LANGDON AVE, LOS ANGELES, CA",ROSCOE BLVD,LANGDON AVE,112006,
-118.4516622,34.22796631,28996,8807521,2019,2019-02-22T00:00:00.000Z,1942,2019-02-05T00:00:00.000Z,5,36599,1985,2,5,7,1942,0,0,0,,0,19A85,PARTHENIA ST,TOBIAS AV,0,,Y,C,-,N,,0,0,,,0,,,,Y,4,0,3,2,A,-,12,21453,A,N,D,C,A,B,H,-,C,A,0,,,,,Y,,A,1,0,0,3,0,0,0,0,0,0,- ,- ,0,0,300,2,LOS ANGELES,LOS ANGELES,CA,-118.4516622,34.22796631,"PARTHENIA ST & TOBIAS AVE, LOS ANGELES, CA",PARTHENIA ST,TOBIAS AVE,98630,
-118.3252021,34.0997963,28997,8807692,2019,2019-03-15T00:00:00.000Z,1942,2019-02-04T00:00:00.000Z,215,43056,647,1,5,7,1942,0,0,0,F,0,6A67,ARGYLE AV,SELMA AV,0,,Y,C,-,N,,0,0,,,0,,,,Y,0,0,0,1,A,-,8,22107,,M,E,I,A,B,H,-,B,A,0,,,,,Y,,-,- ,0,0,0,0,0,0,0,0,0,- ,- ,0,0,300,2,LOS ANGELES,LOS ANGELES,CA,-118.3252021,34.0997963,"ARGYLE AVE & SELMA AVE, LOS ANGELES, CA",ARGYLE AVE,SELMA AVE,118379,
-118.3761897,34.2564888,28998,8807758,2019,2019-03-18T00:00:00.000Z,1942,2019-02-16T00:00:00.000Z,105,42309,1665,6,5,7,1942,0,0,0,P,0,16A77,WENTWORTH ST,STONEHURST AV,227,W,N,B,-,N,,0,0,,,0,,,,Y,0,0,0,1,A,-,3,22350,,M,F,I,A,B,H,-,C,D,0,,,,,Y,Y,D,22,0,0,0,0,0,0,0,0,0,- ,- ,0,0,300,2,LOS ANGELES,LOS ANGELES,CA,-118.3761897,34.2564888,"WENTWORTH ST & STONEHURST AVE, LOS ANGELES, CA",WENTWORTH ST,STONEHURST AVE,115810,
-118.2878921,33.74692535,28999,8807882,2019,2019-03-19T00:00:00.000Z,1942,2019-02-04T00:00:00.000Z,50,43320,558,1,5,7,1942,0,0,0,E,0,5A55,PACIFIC AV,OLIVER ST,0,,Y,A,-,N,,0,0,,,0,,,,N,3,0,1,2,A,-,3,22350,,F,D,C,A,A,-,-,C,A,0,,,,,Y,Y,-,99,0,1,0,0,0,0,0,0,0,- ,- ,0,0,300,2,LOS ANGELES,LOS ANGELES,CA,-118.2878921,33.74692535,"PACIFIC AVE & OLIVER ST, LOS ANGELES, CA",PACIFIC AVE,OLIVER ST,149736,
-118.5273622,34.22518158,29000,8808026,2019,2019-03-22T00:00:00.000Z,1942,2019-02-09T00:00:00.000Z,100,33504,1795,6,5,7,1942,0,0,0,Q,0,17A95,LINDLEY AV,CHASE ST,217,N,N,B,-,N,,0,0,,,0,,,,Y,1,1,0,3,A,-,7,21658,A,N,C,E,A,A,H,-,C,D,0,,,,,Y,,D,22,0,0,0,0,0,0,0,0,0,- ,- ,0,0,300,2,LOS ANGELES,LOS ANGELES,CA,-118.5273622,34.22518158,"LINDLEY AVE & CHASE ST, LOS ANGELES, CA",LINDLEY AVE,CHASE ST,140367,
-118.4661785,34.19525528,30001,8807691,2019,2019-03-11T00:00:00.000Z,1942,2019-02-11T00:00:00.000Z,1435,33458,911,1,5,7,1942,0,0,0,I,0,9A23,SEPULVEDA BL,BASSETT ST,175,S,N,A,-,N,,0,0,,,0,,,,N,3,0,3,2,A,-,9,21801,A,N,D,C,A,A,H,-,A,D,0,,,,,Y,,A,7,0,1,2,0,0,0,0,0,0,- ,- ,0,0,1500,2,LOS ANGELES,LOS ANGELES,CA,-118.4661785,34.19525528,"SEPULVEDA BLVD & BASSETT ST, LOS ANGELES, CA",SEPULVEDA BLVD,BASSETT ST,133092,
-118.4631328,34.20662308,30002,8807711,2019,2019-03-11T00:00:00.000Z,1942,2019-02-02T00:00:00.000Z,1430,39281,904,6,5,7,1942,0,0,0,I,0,9A5,COHASSET ST,NOBLE AV,400,W,N,C,-,N,,0,0,,,0,,,,N,4,0,1,2,A,-,21,22106,,N,C,E,A,B,H,-,A,D,0,,,,Y,Y,,F,26,0,0,1,0,0,0,0,0,0,- ,- ,0,0,1500,2,LOS ANGELES,LOS ANGELES,CA,-118.4631328,34.20662308,"COHASSET ST & NOBLE AVE, LOS ANGELES, CA",COHASSET ST,NOBLE AVE,122592,
-118.4312522,34.15300369,30003,8807727,2019,2019-03-11T00:00:00.000Z,1942,2019-02-20T00:00:00.000Z,1400,33294,989,3,5,7,1942,0,0,0,I,0,9A89,WOODMAN AV,MILBANK ST,0,,Y,B,-,N,,0,0,,,0,,,,N,4,0,1,3,A,-,4,21703,,N,C,C,A,A,H,-,A,A,0,,,,,Y,,A,1,0,0,1,0,0,0,0,0,0,- ,- ,0,0,1500,2,LOS ANGELES,LOS ANGELES,CA,-118.4312522,34.15300369,"WOODMAN AVE & MILBANK ST, LOS ANGELES, CA",WOODMAN AVE,MILBANK ST,143934,
-118.5536022,34.22823334,30004,8807730,2019,2019-03-11T00:00:00.000Z,1942,2019-02-17T00:00:00.000Z,1245,38947,1782,7,5,7,1942,0,0,0,Q,0,17A81,PARTHENIA ST,TAMPA AV,0,,Y,A,-,N,,0,0,,,0,,,,N,4,0,1,2,A,-,10,21950,A,N,G,B,B,A,H,-,A,A,0,Y,,,,Y,,D,22,0,0,1,0,1,0,0,0,0,- ,- ,0,0,1500,2,LOS ANGELES,LOS ANGELES,CA,-118.5536022,34.22823334,"PARTHENIA ST & TAMPA AVE, LOS ANGELES, CA",PARTHENIA ST,TAMPA AVE,130343,
-118.4575282,34.19391632,30005,8807731,2019,2019-03-20T00:00:00.000Z,1942,2019-02-11T00:00:00.000Z,1440,40165,923,1,5,7,1942,0,0,0,I,0,9A23,VANOWEN ST,KESTER AV,20,W,N,A,-,N,,0,0,,,0,,,,N,4,0,1,2,A,-,3,22350,,N,C,C,A,A,H,-,A,A,0,,,,,Y,,I,11,0,0,1,0,0,0,0,0,0,- ,- ,0,0,1500,2,LOS ANGELES,LOS ANGELES,CA,-118.4575282,34.19391632,"VANOWEN ST & KESTER AVE, LOS ANGELES, CA",VANOWEN ST,KESTER AVE,143512,
-118.5023808,34.2541275,30006,8807738,2019,2019-03-14T00:00:00.000Z,1942,2019-02-15T00:00:00.000Z,1220,38947,1757,5,5,7,1942,0,0,0,Q,0,17A49,BALBOA BL,MAYALL ST,99,N,N,B,-,N,,0,0,,,0,,,,Y,0,0,0,2,A,-,7,21658,A,N,B,C,A,B,H,-,A,D,0,,,,,Y,,D,22,0,0,0,0,0,0,0,0,0,- ,- ,0,0,1500,2,LOS ANGELES,LOS ANGELES,CA,-118.5023808,34.2541275,"BALBOA BLVD & MAYALL ST, LOS ANGELES, CA",BALBOA BLVD,MAYALL ST,101571,
-118.5798618,34.25699616,30007,8807742,2019,2019-04-04T00:00:00.000Z,1942,2019-02-11T00:00:00.000Z,1215,39410,1753,1,5,7,1942,0,0,0,Q,0,17A23,MASON AV,DEVONSHIRE ST,95,S,N,A,-,N,,0,0,,,0,,,,Y,3,0,1,2,A,-,9,21804,A,N,D,C,A,A,H,-,A,A,0,,,,Y,Y,,F,26,0,1,0,0,0,0,0,0,0,- ,- ,0,0,1500,2,LOS ANGELES,LOS ANGELES,CA,-118.5798618,34.25699615,"MASON AVE & DEVONSHIRE ST, LOS ANGELES, CA",MASON AVE,DEVONSHIRE ST,144306,
-118.4662722,34.15258408,30008,8809349,2019,2019-05-18T00:00:00.000Z,1942,2019-02-06T00:00:00.000Z,1300,42634,981,3,5,7,1942,0,0,0,I,0,9A41,SEPULVEDA BL,DICKENS ST,0,,Y,A,-,N,,0,0,,,0,,,,N,0,0,0,2,A,-,8,22107,,M,B,C,A,A,H,-,A,A,0,,,,,Y,,-,99,0,0,0,0,0,0,0,0,0,- ,- ,0,0,1500,2,LOS ANGELES,LOS ANGELES,CA,-118.4662722,34.15258408,"SEPULVEDA BLVD & DICKENS ST, LOS ANGELES, CA",SEPULVEDA BLVD,DICKENS ST,97645,
-118.2562021,34.01569367,30009,8809442,2019,2019-03-27T00:00:00.000Z,1942,2019-02-25T00:00:00.000Z,1355,37952,1325,1,5,7,1942,0,0,0,M,0,13A27,E 29TH ST,S CENTRAL AV,0,,Y,A,-,N,,0,0,,,0,,,,Y,4,0,3,2,A,-,12,21453,A,N,D,C,A,A,H,-,A,A,0,,,,,Y,,J,48,0,0,3,0,0,0,0,0,0,- ,- ,0,0,1500,2,LOS ANGELES,LOS ANGELES,CA,-118.2562021,34.01569366,"29TH ST & CENTRAL AVE, LOS ANGELES, CA",29TH ST,CENTRAL AVE,99793,
-118.2455412,34.04189682,30010,8809454,2019,2019-03-27T00:00:00.000Z,1942,2019-02-17T00:00:00.000Z,1430,38357,166,7,5,7,1942,0,0,0,A,0,1A35,S SAN PEDRO ST,6TH ST,153,S,N,A,-,N,,0,0,,,0,,,,N,0,0,0,2,A,-,8,22107,,N,B,E,A,A,H,-,A,D,0,,,,,Y,,J,41,0,0,0,0,0,0,0,0,0,- ,- ,0,0,1500,2,LOS ANGELES,LOS ANGELES,CA,-118.2455412,34.04189682,"SAN PEDRO ST & 6TH ST, LOS ANGELES, CA",SAN PEDRO ST,6TH ST,110552,