X,Y,OBJECTID,case_id,accident_year,proc_date,juris,collision_date,collision_time,officer_id,reporting_district,day_of_week,chp_shift,population,cnty_city_loc,special_cond,beat_type,chp_beat_type,city_division_lapd,chp_beat_class,beat_number,primary_rd,secondary_rd,distance,direction,intersection,weather_1,weather_2,state_hwy_ind,caltrans_county,caltrans_district,state_route,route_suffix,postmile_prefix,postmile,location_type,ramp_intersection,side_of_hwy,tow_away,collision_severity,number_killed,number_injured,party_count,primary_coll_factor,pcf_code_of_viol,pcf_viol_category,pcf_violation,pcf_viol_subsection,hit_and_run,type_of_collision,mviw,ped_action,road_surface,road_cond_1,road_cond_2,lighting,control_device,chp_road_type,pedestrian_accident,bicycle_accident,motorcycle_accident,truck_accident,not_private_property,alcohol_involved,stwd_vehtype_at_fault,chp_vehtype_at_fault,count_severe_inj,count_visible_inj,count_complaint_pain,count_ped_killed,count_ped_injured,count_bicyclist_killed,count_bicyclist_injured,count_mc_killed,count_mc_injured,primary_ramp,secondary_ramp,latitude,longitude,timecat,month_,city,county,state,point_x,point_y,match_addr,m_primaryrd,m_secondrd,int_id,Flag
-118.259162,34.04662323,30011,8809458,2019,2019-03-27T00:00:00.000Z,1942,2019-02-19T00:00:00.000Z,1430,39508,162,2,5,7,1942,0,0,0,A,0,1A61,W 8TH ST,HOPE ST,44,W,N,A,-,N,,0,0,,,0,,,,N,0,0,0,2,C,-,18,0,,N,B,C,A,A,H,-,A,D,0,,,,,Y,,-,- ,0,0,0,0,0,0,0,0,0,- ,- ,0,0,1500,2,LOS ANGELES,LOS ANGELES,CA,-118.259162,34.04662323,"8TH ST & HOPE ST, LOS ANGELES, CA",8TH ST,HOPE ST,110548,
-118.5317157,34.22459412,30012,8810252,2019,2019-03-06T00:00:00.000Z,1942,2019-02-06T00:00:00.000Z,1420,40028,1794,3,5,7,1942,0,0,0,Q,0,17A81,CHASE ST,ETIWANDA AV,5,E,N,A,-,N,,0,0,,,0,,,,Y,3,0,2,2,A,-,5,21651,B,N,A,C,A,A,H,-,A,A,0,,,,,Y,,-,- ,0,1,1,0,0,0,0,0,0,- ,- ,0,0,1500,2,LOS ANGELES,LOS ANGELES,CA,-118.5317157,34.22459412,"CHASE ST & ETIWANDA AVE, LOS ANGELES, CA",CHASE ST,ETIWANDA AVE,129803,
-118.5536022,34.23096466,30013,8810260,2019,2019-05-03T00:00:00.000Z,1942,2019-02-11T00:00:00.000Z,1340,43519,1782,1,5,7,1942,0,0,0,Q,0,17X96,TAMPA AV,BUSINESS CENTER DR,0,,Y,A,-,N,,0,0,,,0,,,,Y,3,0,2,3,A,-,9,21801,A,N,D,C,A,A,H,-,A,A,0,,,,,Y,,A,1,0,1,1,0,0,0,0,0,0,- ,- ,0,0,1500,2,LOS ANGELES,LOS ANGELES,CA,-118.5536022,34.23096466,"TAMPA AVE & BUSINESS CENTER DR, LOS ANGELES, CA",TAMPA AVE,BUSINESS CENTER DR,109288,
-118.5361122,34.25543594,30014,8810268,2019,2019-03-06T00:00:00.000Z,1942,2019-02-16T00:00:00.000Z,1200,33458,1754,6,5,7,1942,0,0,0,Q,0,17A35,RESEDA BL,LEMARSH ST,0,,Y,A,-,N,,0,0,,,0,,,,N,3,0,4,2,A,-,9,21801,A,N,D,C,A,A,H,-,A,D,0,,,,,Y,,A,7,0,1,3,0,0,0,0,0,0,- ,- ,0,0,1500,2,LOS ANGELES,LOS ANGELES,CA,-118.5361122,34.25543594,"RESEDA BLVD & LEMARSH ST, LOS ANGELES, CA",RESEDA BLVD,LEMARSH ST,118929,
-118.5024199,34.25107956,30015,8810284,2019,2019-03-06T00:00:00.000Z,1942,2019-02-15T00:00:00.000Z,1420,37686,1756,5,5,7,1942,0,0,0,Q,0,17A49,BALBOA BL,LASSEN ST,300,N,N,C,-,N,,0,0,,,0,,,,Y,4,0,1,2,A,-,9,21801,A,N,D,C,A,B,H,-,A,D,0,,,,,Y,,A,1,0,0,1,0,0,0,0,0,0,- ,- ,0,0,1500,2,LOS ANGELES,LOS ANGELES,CA,-118.5024199,34.25107956,"BALBOA BLVD & LASSEN ST, LOS ANGELES, CA",BALBOA BLVD,LASSEN ST,105159,
-118.5361028,34.24460983,30016,8810296,2019,2019-03-06T00:00:00.000Z,1942,2019-02-18T00:00:00.000Z,1200,41514,1767,1,5,7,1942,0,0,0,Q,0,17A67,RESEDA BL,HALSTEAD ST,20,N,N,A,-,N,,0,0,,,0,,,,N,4,0,1,2,A,-,3,22350,,N,C,C,A,A,H,-,A,D,0,,,,,Y,,A,1,0,0,1,0,0,0,0,0,0,- ,- ,0,0,1500,2,LOS ANGELES,LOS ANGELES,CA,-118.5361028,34.24460983,"RESEDA BLVD & HALSTED ST, LOS ANGELES, CA",RESEDA BLVD,HALSTED ST,129698,
-118.4192622,34.18667603,30017,8810301,2019,2019-03-18T00:00:00.000Z,1942,2019-02-11T00:00:00.000Z,1310,33458,939,1,5,7,1942,0,0,0,I,0,9A37,VICTORY BL,MARY ELLEN AV,0,,Y,A,-,N,,0,0,,,0,,,,N,4,0,1,2,A,-,9,21801,A,N,D,C,A,A,H,-,A,D,0,,,,,Y,,A,7,0,0,1,0,0,0,0,0,0,- ,- ,0,0,1500,2,LOS ANGELES,LOS ANGELES,CA,-118.4192622,34.18667603,"VICTORY BLVD & MARY ELLEN AVE, LOS ANGELES, CA",VICTORY BLVD,MARY ELLEN AVE,143186,
-118.5361105,34.23884964,30018,8810303,2019,2019-03-06T00:00:00.000Z,1942,2019-02-22T00:00:00.000Z,1240,40165,1785,5,5,7,1942,0,0,0,Q,0,17A67,RESEDA BL,PRAIRIE ST,100,S,N,A,-,N,,0,0,,,0,,,,Y,4,0,1,2,A,-,9,21804,A,N,D,C,A,A,H,-,A,D,0,,,,,Y,,A,7,0,0,1,0,0,0,0,0,0,- ,- ,0,0,1500,2,LOS ANGELES,LOS ANGELES,CA,-118.5361105,34.23884964,"RESEDA BLVD & PRAIRIE ST, LOS ANGELES, CA",RESEDA BLVD,PRAIRIE ST,126243,
-118.4312622,34.20481491,30019,8810317,2019,2019-03-18T00:00:00.000Z,1942,2019-02-24T00:00:00.000Z,1435,42051,909,7,5,7,1942,0,0,0,I,0,9A5,WOODMAN AV,VALERIO ST,0,,Y,A,-,N,,0,0,,,0,,,,N,3,0,4,2,A,-,12,21453,A,N,D,C,A,A,H,-,A,A,0,,,,,Y,,A,1,0,1,3,0,0,0,0,0,0,- ,- ,0,0,1500,2,LOS ANGELES,LOS ANGELES,CA,-118.4312622,34.20481491,"WOODMAN AVE & VALERIO ST, LOS ANGELES, CA",WOODMAN AVE,VALERIO ST,146649,
-118.457462,34.18009186,30020,8810318,2019,2019-03-07T00:00:00.000Z,1942,2019-02-04T00:00:00.000Z,1300,42907,941,1,5,7,1942,0,0,0,,0,9A41,KESTER AV,AETNA ST,5,S,N,B,-,N,,0,0,,,0,,,,N,3,0,1,2,A,-,5,21650,1,N,H,G,A,B,H,-,A,D,0,,Y,,,Y,,L,4,0,1,0,0,0,0,1,0,0,- ,- ,0,0,1500,2,LOS ANGELES,LOS ANGELES,CA,-118.457462,34.18009186,"KESTER AVE & AETNA ST, LOS ANGELES, CA",KESTER AVE,AETNA ST,122455,
-118.5021025,34.1938858,30021,8810333,2019,2019-03-07T00:00:00.000Z,1942,2019-02-07T00:00:00.000Z,1350,34420,1028,4,5,7,1942,0,0,0,J,0,10A17,VANOWEN ST,BALBOA BL,300,W,N,B,-,N,,0,0,,,0,,,,Y,4,0,2,2,A,-,9,21804,A,N,D,C,A,A,H,-,A,A,0,,,,,Y,,A,7,0,0,2,0,0,0,0,0,0,- ,- ,0,0,1500,2,LOS ANGELES,LOS ANGELES,CA,-118.5021025,34.1938858,"VANOWEN ST & BALBOA BLVD, LOS ANGELES, CA",VANOWEN ST,BALBOA BLVD,133372,
-118.5283632,34.25726318,30022,8810354,2019,2019-03-06T00:00:00.000Z,1942,2019-02-03T00:00:00.000Z,1355,42119,1755,7,5,7,1942,0,0,0,Q,0,17A67,DEVONSHIRE ST,LINDLEY AV,300,W,N,C,-,N,,0,0,,,0,,,,N,4,0,1,2,A,-,4,21703,,N,C,C,A,B,H,-,A,D,0,,,,,Y,,A,1,0,0,1,0,0,0,0,0,0,- ,- ,0,0,1500,2,LOS ANGELES,LOS ANGELES,CA,-118.5283632,34.25726318,"DEVONSHIRE ST & LINDLEY AVE, LOS ANGELES, CA",DEVONSHIRE ST,LINDLEY AVE,101334,
-118.5361022,34.23716736,30023,8810355,2019,2019-03-15T00:00:00.000Z,1942,2019-02-18T00:00:00.000Z,1430,41125,1785,1,5,7,1942,0,0,0,Q,0,17A67,RESEDA BL,DEARBORN ST,50,S,N,A,-,N,,0,0,,,0,,,,N,0,0,0,2,B,-,22,0,,N,B,E,A,A,H,-,A,D,0,,,,,Y,,A,1,0,0,0,0,0,0,0,0,0,- ,- ,0,0,1500,2,LOS ANGELES,LOS ANGELES,CA,-118.5361022,34.23716736,"RESEDA BLVD & DEARBORN ST, LOS ANGELES, CA",RESEDA BLVD,DEARBORN ST,126245,
-118.5023822,34.25385666,30024,8810362,2019,2019-03-06T00:00:00.000Z,1942,2019-02-05T00:00:00.000Z,1400,35554,1756,2,5,7,1942,0,0,0,Q,0,17A35,BALBOA BL,MAYALL ST,0,,Y,A,-,N,,0,0,,,0,,,,N,4,0,1,2,A,-,12,21453,A,N,D,C,A,A,H,-,A,A,0,,,,,Y,,A,1,0,0,1,0,0,0,0,0,0,- ,- ,0,0,1500,2,LOS ANGELES,LOS ANGELES,CA,-118.5023822,34.25385666,"BALBOA BLVD & MAYALL ST, LOS ANGELES, CA",BALBOA BLVD,MAYALL ST,101571,
-118.4516622,34.22796631,30025,8810367,2019,2019-03-15T00:00:00.000Z,1942,2019-02-19T00:00:00.000Z,1330,32389,1985,2,5,7,1942,0,0,0,,0,19A85,TOBIAS AV,PARTHENIA ST,0,,Y,A,-,N,,0,0,,,0,,,,N,0,0,0,2,A,-,8,22107,,M,B,C,A,A,H,-,A,A,0,,,,,Y,,-,99,0,0,0,0,0,0,0,0,0,- ,- ,0,0,1500,2,LOS ANGELES,LOS ANGELES,CA,-118.4516622,34.22796631,"TOBIAS AVE & PARTHENIA ST, LOS ANGELES, CA",TOBIAS AVE,PARTHENIA ST,98630,
-118.5623345,34.23811722,30026,8810370,2019,2019-03-06T00:00:00.000Z,1942,2019-02-18T00:00:00.000Z,1240,35481,1772,1,5,7,1942,0,0,0,Q,0,17A81,CORBIN AV,PRAIRIE ST,360,S,N,A,-,N,,0,0,,,0,,,,Y,4,0,1,2,A,-,8,22100,A,N,D,C,A,A,H,-,A,D,0,,,,,Y,,A,1,0,0,1,0,0,0,0,0,0,- ,- ,0,0,1500,2,LOS ANGELES,LOS ANGELES,CA,-118.5623345,34.23811722,"CORBIN AVE & PRAIRIE ST, LOS ANGELES, CA",CORBIN AVE,PRAIRIE ST,147930,
-118.5360667,34.19343185,30027,8810377,2019,2019-03-07T00:00:00.000Z,1942,2019-02-09T00:00:00.000Z,1450,36733,1035,6,5,7,1942,0,0,0,J,0,10A21,RESEDA BL,VANOWEN ST,150,S,N,A,-,N,,0,0,,,0,,,,N,3,0,1,2,A,-,5,21650,1,N,D,G,A,A,H,-,A,D,0,,Y,,,Y,,L,4,0,1,0,0,0,0,1,0,0,- ,- ,0,0,1500,2,LOS ANGELES,LOS ANGELES,CA,-118.5360667,34.19343185,"RESEDA BLVD & VANOWEN ST, LOS ANGELES, CA",RESEDA BLVD,VANOWEN ST,98331,
-118.4778106,34.250103,30028,8810389,2019,2019-03-07T00:00:00.000Z,1942,2019-02-23T00:00:00.000Z,1350,39473,1759,6,5,7,1942,0,0,0,Q,0,17A49,LASSEN ST,GLORIA AV,500,E,N,A,-,N,,0,0,,,0,,,,Y,3,0,1,2,A,-,3,22350,,N,B,E,A,A,H,-,A,A,0,,,,,Y,,A,1,0,1,0,0,0,0,0,0,0,- ,- ,0,0,1500,2,LOS ANGELES,LOS ANGELES,CA,-118.4778106,34.250103,"LASSEN ST & GLORIA AVE, LOS ANGELES, CA",LASSEN ST,GLORIA AVE,126047,
-118.5448122,34.23548508,30029,8810397,2019,2019-03-07T00:00:00.000Z,1942,2019-02-08T00:00:00.000Z,1250,38613,1785,5,5,7,1942,0,0,0,Q,0,17A67,WILBUR AV,NORDHOFF ST,0,,Y,A,-,N,,0,0,,,0,,,,N,4,0,1,2,A,-,12,21453,A,N,D,C,A,A,H,-,A,A,0,,,,,Y,,A,1,0,0,1,0,0,0,0,0,0,- ,- ,0,0,1500,2,LOS ANGELES,LOS ANGELES,CA,-118.5448122,34.23548508,"WILBUR AVE & NORDHOFF ST, LOS ANGELES, CA",WILBUR AVE,NORDHOFF ST,150487,
-118.5184701,34.20120239,30030,8810489,2019,2019-03-08T00:00:00.000Z,1942,2019-02-11T00:00:00.000Z,1225,40165,1015,1,5,7,1942,0,0,0,J,0,10A3,SHERMAN WY,WHITE OAK AV,40,E,N,A,-,N,,0,0,,,0,,,,Y,4,0,1,2,A,-,7,21658,A,N,C,C,A,A,H,-,A,D,0,,,,,Y,,A,1,0,0,1,0,0,0,0,0,0,- ,- ,0,0,1500,2,LOS ANGELES,LOS ANGELES,CA,-118.5184701,34.20120239,"SHERMAN WAY & WHITE OAK AVE, LOS ANGELES, CA",SHERMAN WAY,WHITE OAK AVE,126670,
-118.3511821,34.06064606,30031,8810526,2019,2019-03-08T00:00:00.000Z,1942,2019-02-02T00:00:00.000Z,1350,34959,745,6,5,7,1942,0,0,0,G,0,7A33,RIDGELEY DR,8TH ST,0,,Y,C,-,N,,0,0,,,0,,,,Y,4,0,1,2,A,-,9,21802,A,N,D,C,A,B,H,-,A,A,0,,,,,Y,,A,1,0,0,1,0,0,0,0,0,0,- ,- ,0,0,1500,2,LOS ANGELES,LOS ANGELES,CA,-118.3511821,34.06064606,"RIDGELEY DR & 8TH ST, LOS ANGELES, CA",RIDGELEY DR,8TH ST,113958,
-118.3024727,34.03995895,30032,8810553,2019,2019-03-08T00:00:00.000Z,1942,2019-02-01T00:00:00.000Z,1350,34882,2076,5,5,7,1942,0,0,0,,0,20A97,WASHINGTON BL,ARDMORE AV,100,E,N,B,-,N,,0,0,,,0,,,,N,4,0,1,2,A,-,21,22106,,F,B,C,A,A,H,-,A,D,0,,,,,Y,,-,99,0,0,1,0,0,0,0,0,0,- ,- ,0,0,1500,2,LOS ANGELES,LOS ANGELES,CA,-118.3024727,34.03995895,"WASHINGTON BLVD & ARDMORE AVE, LOS ANGELES, CA",WASHINGTON BLVD,ARDMORE AVE,99902,
-118.3180021,34.09580612,30033,8810557,2019,2019-03-08T00:00:00.000Z,1942,2019-02-04T00:00:00.000Z,1455,40281,667,1,5,7,1942,0,0,0,F,0,6A31W2,BRONSON AV,FERNWOOD AV,0,,Y,C,-,N,,0,0,,,0,,,,N,3,0,1,2,A,-,12,22450,A,N,G,B,B,B,H,-,A,D,0,Y,,,,Y,,A,7,0,1,0,0,1,0,0,0,0,- ,- ,0,0,1500,2,LOS ANGELES,LOS ANGELES,CA,-118.3180021,34.09580612,"BRONSON AVE & FERNWOOD AVE, LOS ANGELES, CA",BRONSON AVE,FERNWOOD AVE,1877,
-118.3384021,34.10412598,30034,8810649,2019,2019-03-11T00:00:00.000Z,1942,2019-02-01T00:00:00.000Z,1300,35267,625,5,5,7,1942,0,0,0,F,0,6A31,FRANKLIN AV,HIGHLAND,0,,N,B,-,N,,0,0,,,0,,,,N,0,0,0,2,A,-,3,22350,,M,C,C,A,A,H,-,A,D,0,,,,,Y,,-,99,0,0,0,0,0,0,0,0,0,- ,- ,0,0,1500,2,LOS ANGELES,LOS ANGELES,CA,-118.3384021,34.10412598,"FRANKLIN AVE & HIGHLAND AVE, LOS ANGELES, CA",FRANKLIN AVE,HIGHLAND AVE,100803,
-118.3387121,34.10318375,30035,8810653,2019,2019-03-11T00:00:00.000Z,1942,2019-02-02T00:00:00.000Z,1415,35203,645,6,5,7,1942,0,0,0,F,0,6A45,N HIGHLAND AV,YUCCA ST,0,,Y,B,C,N,,0,0,,,0,,,,N,0,0,0,2,A,-,7,21658,A,M,B,C,A,A,H,-,A,A,0,,,,,Y,,-,99,0,0,0,0,0,0,0,0,0,- ,- ,0,0,1500,2,LOS ANGELES,LOS ANGELES,CA,-118.3387121,34.10318375,"HIGHLAND AVE & YUCCA ST, LOS ANGELES, CA",HIGHLAND AVE,YUCCA ST,116524,
-118.3091308,34.06376648,30037,8810665,2019,2019-03-11T00:00:00.000Z,1942,2019-02-02T00:00:00.000Z,1205,38262,2024,6,5,7,1942,0,0,0,,0,20A33,WESTERN AV,6TH ST,88,N,N,C,-,N,,0,0,,,0,,,,N,0,0,0,2,A,-,3,22350,,M,B,E,A,B,H,-,A,D,0,,,,,Y,,-,99,0,0,0,0,0,0,0,0,0,- ,- ,0,0,1500,2,LOS ANGELES,LOS ANGELES,CA,-118.3091308,34.06376648,"WESTERN AVE & 6TH ST, LOS ANGELES, CA",WESTERN AVE,6TH ST,97228,
-118.3756817,34.07604218,30038,8810775,2019,2019-03-13T00:00:00.000Z,1942,2019-02-24T00:00:00.000Z,1240,38688,722,7,5,7,1942,0,0,0,G,0,7A21,BEVERLY BL,ALFRED ST,100,W,N,A,-,N,,0,0,,,0,,,,N,4,0,1,2,A,-,10,21952,,F,G,B,F,A,H,-,A,D,0,Y,,,,Y,,-,99,0,0,1,0,1,0,0,0,0,- ,- ,0,0,1500,2,LOS ANGELES,LOS ANGELES,CA,-118.3756817,34.07604218,"BEVERLY BLVD & ALFRED ST, LOS ANGELES, CA",BEVERLY BLVD,ALFRED ST,114401,
-118.3050027,34.10175324,30039,8810961,2019,2019-03-13T00:00:00.000Z,1942,2019-02-16T00:00:00.000Z,1305,42834,649,6,5,7,1942,0,0,0,F,0,6A49,HOLLYWOOD BL,HARVARD BL,15,E,N,A,-,N,,0,0,,,0,,,,N,4,0,2,2,A,-,21,22106,,F,C,C,A,A,H,-,A,A,0,,,,,Y,,-,99,0,0,2,0,0,0,0,0,0,- ,- ,0,0,1500,2,LOS ANGELES,LOS ANGELES,CA,-118.3050027,34.10175323,"HOLLYWOOD BLVD & HARVARD BLVD, LOS ANGELES, CA",HOLLYWOOD BLVD,HARVARD BLVD,114806,
-118.3176421,34.04716492,30040,8810977,2019,2019-03-13T00:00:00.000Z,1942,2019-02-23T00:00:00.000Z,1450,42814,769,6,5,7,1942,0,0,0,G,0,7A21,PICO BL,ARLINGTON AV,0,,Y,A,-,N,,0,0,,,0,,,,Y,4,0,1,2,A,-,9,21801,A,F,A,C,A,A,H,-,A,A,0,,,,,Y,,-,99,0,0,1,0,0,0,0,0,0,- ,- ,0,0,1500,2,LOS ANGELES,LOS ANGELES,CA,-118.3176421,34.04716492,"PICO BLVD & ARLINGTON AVE, LOS ANGELES, CA",PICO BLVD,ARLINGTON AVE,106982,
-118.3002415,33.95746231,30041,8811048,2019,2019-03-20T00:00:00.000Z,1942,2019-02-26T00:00:00.000Z,1455,42427,1273,2,5,7,1942,0,0,0,L,0,12X58,S NORMANDIE AV,W 88TH PL,10,N,N,A,-,N,,0,0,,,0,,,,N,4,0,1,2,A,-,9,21801,A,N,D,C,A,A,H,-,A,D,0,,,,,Y,,A,1,0,0,1,0,0,0,0,0,0,- ,- ,0,0,1500,2,LOS ANGELES,LOS ANGELES,CA,-118.3002415,33.95746231,"NORMANDIE AVE & 88TH PL, LOS ANGELES, CA",NORMANDIE AVE,88TH PL,113651,
-118.2984151,33.87050629,30042,8811056,2019,2019-03-20T00:00:00.000Z,1942,2019-02-25T00:00:00.000Z,1200,39097,502,1,5,7,1942,0,0,0,E,0,5A1,177TH ST,NORMANDIE AV,200,E,N,A,-,N,,0,0,,,0,,,,N,3,0,1,2,A,-,0,21954,,N,G,B,E,A,H,-,A,D,0,Y,,,,Y,,A,7,0,1,0,0,1,0,0,0,0,- ,- ,0,0,1500,2,LOS ANGELES,LOS ANGELES,CA,-118.2984151,33.87050629,"177TH ST & NORMANDIE AVE, LOS ANGELES, CA",177TH ST,NORMANDIE AVE,145300,
-118.3234765,33.98131561,30043,8811203,2019,2019-03-13T00:00:00.000Z,1942,2019-02-25T00:00:00.000Z,1332,R6544,1242,1,5,7,1942,0,0,0,L,0,3A63,HYDE PARK,6TH AV,30,E,N,A,-,N,,0,0,,,0,,,,N,0,0,0,2,A,-,9,21802,A,N,A,C,A,A,H,-,A,D,0,,,,,Y,,-,- ,0,0,0,0,0,0,0,0,0,- ,- ,0,0,1500,2,LOS ANGELES,LOS ANGELES,CA,-118.3234765,33.98131561,"HYDE PARK BLVD & 6TH AVE, LOS ANGELES, CA",HYDE PARK BLVD,6TH AVE,134493,
-118.307688,33.79352951,30044,8811273,2019,2019-03-12T00:00:00.000Z,1942,2019-02-23T00:00:00.000Z,1350,42058,511,6,5,7,1942,0,0,0,E,0,5A11,WESTERN AV,254TH ST,100,S,N,A,-,N,,0,0,,,0,,,,N,4,0,5,3,A,-,4,21703,,N,C,C,A,A,H,-,A,D,0,,,,,Y,Y,A,7,0,0,5,0,0,0,0,0,0,- ,- ,0,0,1500,2,LOS ANGELES,LOS ANGELES,CA,-118.307688,33.79352951,"WESTERN AVE & 254TH ST, LOS ANGELES, CA",WESTERN AVE,254TH ST,102093,
-118.3783142,34.12523651,30045,8811446,2019,2019-03-20T00:00:00.000Z,1942,2019-02-02T00:00:00.000Z,1230,42051,1591,6,5,7,1942,0,0,0,O,0,15A85,LAUREL CANYON BL,DONA EMILIA DR,260,N,N,C,-,N,,0,0,,,0,,,,Y,4,0,1,1,A,-,3,22350,,N,E,I,A,B,H,-,A,D,0,,,,,Y,,A,7,0,0,1,0,0,0,0,0,0,- ,- ,0,0,1500,2,LOS ANGELES,LOS ANGELES,CA,-118.3783142,34.12523651,"LAUREL CANYON BLVD & DONA EMILIA DR, LOS ANGELES, CA",LAUREL CANYON BLVD,DONA EMILIA DR,114603,
-118.3332321,34.09798431,30046,8811568,2019,2019-03-14T00:00:00.000Z,1942,2019-02-23T00:00:00.000Z,1310,42411,646,6,5,7,1942,0,0,0,F,0,6XL69,SEWARD ST,SUNSET BL,6,N,N,A,-,N,,0,0,,,0,,,,N,0,0,0,2,A,-,6,21755,A,M,B,C,A,A,H,-,A,A,0,,,,,Y,,-,99,0,0,0,0,0,0,0,0,0,- ,- ,0,0,1500,2,LOS ANGELES,LOS ANGELES,CA,-118.3332321,34.09798431,"SEWARD ST & SUNSET BLVD, LOS ANGELES, CA",SEWARD ST,SUNSET BLVD,122039,
-118.4662022,34.20111466,30047,8811587,2019,2019-03-14T00:00:00.000Z,1942,2019-02-06T00:00:00.000Z,1210,42626,911,3,5,7,1942,0,0,0,I,0,9X6,SHERMAN WY,SEPULVEDA BL,0,,N,A,-,N,,0,0,,,0,,,,N,4,0,1,2,A,-,4,21703,,N,C,C,A,A,H,-,A,D,0,,,,,Y,,A,1,0,0,1,0,0,0,0,0,0,- ,- ,0,0,1500,2,LOS ANGELES,LOS ANGELES,CA,-118.4662022,34.20111465,"SHERMAN WAY & SEPULVEDA BLVD, LOS ANGELES, CA",SHERMAN WAY,SEPULVEDA BLVD,126709,
-118.3548471,34.05725098,30048,8811958,2019,2019-03-15T00:00:00.000Z,1942,2019-02-02T00:00:00.000Z,1215,34959,743,6,5,7,1942,0,0,0,G,0,7A33,MASSELIN AV,OLYMPIC BL,60,S,N,C,-,N,,0,0,,,0,,,,N,0,0,0,2,A,-,21,22106,,N,C,C,A,B,F,-,A,D,0,,,,Y,Y,,F,25,0,0,0,0,0,0,0,0,0,- ,- ,0,0,1500,2,LOS ANGELES,LOS ANGELES,CA,-118.3548471,34.05725098,"MASSELIN AVE & OLYMPIC BLVD, LOS ANGELES, CA",MASSELIN AVE,OLYMPIC BLVD,103410,
-118.5162315,34.20682907,30050,8812054,2019,2019-05-29T00:00:00.000Z,1942,2019-02-07T00:00:00.000Z,1440,42051,1017,4,5,7,1942,0,0,0,J,0,10A17,COHASSET ST,JELLICO AV,400,E,N,A,-,N,,0,0,,,0,,,,N,4,0,1,2,A,-,9,21804,A,F,D,C,A,A,H,-,A,D,0,,,,,Y,,-,99,0,0,1,0,0,0,0,0,0,- ,- ,0,0,1500,2,LOS ANGELES,LOS ANGELES,CA,-118.5162315,34.20682907,"COHASSET ST & JELLICO AVE, LOS ANGELES, CA",COHASSET ST,JELLICO AVE,126395,
-118.443333,34.01646805,30051,8811962,2019,2019-03-12T00:00:00.000Z,1942,2019-02-06T00:00:00.000Z,1420,37700,1424,3,5,7,1942,0,0,0,N,0,14A25,BUNDY DR,COLLEGE DR,20,S,N,A,-,N,,0,0,,,0,,,,N,4,0,1,3,A,-,4,21703,,N,C,C,A,A,H,-,A,D,0,,,,,Y,,D,22,0,0,1,0,0,0,0,0,0,- ,- ,0,0,1500,2,LOS ANGELES,LOS ANGELES,CA,-118.443333,34.01646805,"BUNDY DR & COLLEGE DR,, CA",BUNDY DR,COLLEGE DR,1983,
-118.3048678,34.06170654,30052,8812322,2019,2019-03-18T00:00:00.000Z,1942,2019-02-01T00:00:00.000Z,1405,43128,2039,5,5,7,1942,0,0,0,,0,20A45,WILSHIRE BL,HOBART BL,150,E,N,A,-,N,,0,0,,,0,,,,Y,4,0,1,3,A,-,7,21658,A,N,B,C,A,A,H,-,A,A,0,,,,,Y,,A,7,0,0,1,0,0,0,0,0,0,- ,- ,0,0,1500,2,LOS ANGELES,LOS ANGELES,CA,-118.3048678,34.06170654,"WILSHIRE BLVD & HOBART BLVD, LOS ANGELES, CA",WILSHIRE BLVD,HOBART BLVD,98617,
-118.4219722,34.04954529,30053,8812353,2019,2019-03-04T00:00:00.000Z,1942,2019-02-02T00:00:00.000Z,1445,42470,836,6,5,7,1942,0,0,0,H,0,8EL2,LAURISTON AV,OLYMPIC BL,13,N,N,C,-,N,,0,0,,,0,,,,N,3,0,1,2,A,-,10,21950,C,N,G,B,D,B,H,-,A,D,0,Y,,,,Y,,A,1,0,1,0,0,1,0,0,0,0,- ,- ,0,0,1500,2,LOS ANGELES,LOS ANGELES,CA,-118.4219722,34.04954529,"LAURISTON AVE & OLYMPIC BLVD, LOS ANGELES, CA",LAURISTON AVE,OLYMPIC BLVD,139372,
-118.4625921,33.9891243,30054,8812357,2019,2019-03-04T00:00:00.000Z,1942,2019-02-07T00:00:00.000Z,1430,42834,1441,4,5,7,1942,0,0,0,N,0,14A11,N VENICE BL,ABBOT KINNEY BL,0,,Y,A,-,N,,0,0,,,0,,,,Y,2,0,2,2,A,-,9,21801,A,N,D,C,A,A,H,-,A,A,0,,,Y,,Y,,A,1,1,0,1,0,0,0,0,0,1,- ,- ,0,0,1500,2,LOS ANGELES,LOS ANGELES,CA,-118.4625921,33.9891243,"VENICE BLVD & ABBOT KINNEY BLVD, LOS ANGELES, CA",VENICE BLVD,ABBOT KINNEY BLVD,103732,
-118.3350757,34.03255463,30055,8812379,2019,2019-03-01T00:00:00.000Z,1942,2019-02-18T00:00:00.000Z,1200,43227,313,1,5,7,1942,0,0,0,C,0,3A31,ADAMS BL,CRENSHAW BL,5,E,N,A,-,N,,0,0,,,0,,,,N,4,0,1,2,A,-,3,22350,,F,C,C,A,A,H,-,A,A,0,,,,,Y,,-,99,0,0,1,0,0,0,0,0,0,- ,- ,0,0,1500,2,LOS ANGELES,LOS ANGELES,CA,-118.3350757,34.03255463,"ADAMS BLVD & CRENSHAW BLVD, LOS ANGELES, CA",ADAMS BLVD,CRENSHAW BLVD,117487,