X,Y,OBJECTID,case_id,accident_year,proc_date,juris,collision_date,collision_time,officer_id,reporting_district,day_of_week,chp_shift,population,cnty_city_loc,special_cond,beat_type,chp_beat_type,city_division_lapd,chp_beat_class,beat_number,primary_rd,secondary_rd,distance,direction,intersection,weather_1,weather_2,state_hwy_ind,caltrans_county,caltrans_district,state_route,route_suffix,postmile_prefix,postmile,location_type,ramp_intersection,side_of_hwy,tow_away,collision_severity,number_killed,number_injured,party_count,primary_coll_factor,pcf_code_of_viol,pcf_viol_category,pcf_violation,pcf_viol_subsection,hit_and_run,type_of_collision,mviw,ped_action,road_surface,road_cond_1,road_cond_2,lighting,control_device,chp_road_type,pedestrian_accident,bicycle_accident,motorcycle_accident,truck_accident,not_private_property,alcohol_involved,stwd_vehtype_at_fault,chp_vehtype_at_fault,count_severe_inj,count_visible_inj,count_complaint_pain,count_ped_killed,count_ped_injured,count_bicyclist_killed,count_bicyclist_injured,count_mc_killed,count_mc_injured,primary_ramp,secondary_ramp,latitude,longitude,timecat,month_,city,county,state,point_x,point_y,match_addr,m_primaryrd,m_secondrd,int_id,Flag
-118.2224021,34.07619476,30056,8812582,2019,2019-03-20T00:00:00.000Z,1942,2019-02-23T00:00:00.000Z,1450,39508,411,6,5,7,1942,0,0,0,D,0,4A3,BARRANCA ST,N SAN FERNANDO RD,0,,Y,A,-,N,,0,0,,,0,,,,N,0,0,0,2,A,-,8,22107,,M,D,C,A,A,H,-,A,D,0,,,,,Y,,-,99,0,0,0,0,0,0,0,0,0,- ,- ,0,0,1500,2,LOS ANGELES,LOS ANGELES,CA,-118.2224021,34.07619476,"BARRANCA ST & SAN FERNANDO RD, LOS ANGELES, CA",BARRANCA ST,SAN FERNANDO RD,149871,
-118.1770446,34.07991409,30057,8812635,2019,2019-03-21T00:00:00.000Z,1942,2019-02-14T00:00:00.000Z,1330,40421,428,4,5,7,1942,0,0,0,,0,4A3W2,PHELPS AV,LYNNFIELD,100,S,N,A,-,N,,0,0,,,0,,,,Y,0,0,0,4,A,-,3,22350,,M,B,C,A,A,H,-,A,D,0,,,,,Y,,A,1,0,0,0,0,0,0,0,0,0,- ,- ,0,0,1500,2,LOS ANGELES,LOS ANGELES,CA,-118.1770446,34.07991409,"PHELPS AVE & LYNNFIELD ST, LOS ANGELES, CA",PHELPS AVE,LYNNFIELD ST,118111,
-118.2785021,33.93097305,30058,8812886,2019,2019-03-13T00:00:00.000Z,1942,2019-02-22T00:00:00.000Z,1440,42825,1842,5,5,7,1942,0,0,0,R,0,1.80E+16,IMPERIAL HWY,BROADWAY,0,,Y,A,-,N,,0,0,,,0,,,,N,2,0,1,2,A,-,10,21950,A,F,G,B,B,A,H,-,A,A,0,Y,,,,Y,,-,99,1,0,0,0,1,0,0,0,0,- ,- ,0,0,1500,2,LOS ANGELES,LOS ANGELES,CA,-118.2785021,33.93097305,"IMPERIAL HWY & BROADWAY, LOS ANGELES, CA",IMPERIAL HWY,BROADWAY,131756,
-118.2454021,33.79106522,30059,8812930,2019,2019-03-13T00:00:00.000Z,1942,2019-02-25T00:00:00.000Z,1350,41973,528,1,5,7,1942,0,0,0,E,0,5A17,PACIFIC COAST HWY,BLINN AV,0,,Y,A,-,N,,0,0,,,0,,,,Y,4,0,1,2,A,-,9,21801,A,N,B,C,A,A,H,-,A,D,0,,,,,Y,,A,1,0,0,1,0,0,0,0,0,0,- ,- ,0,0,1500,2,LOS ANGELES,LOS ANGELES,CA,-118.2454021,33.79106522,"PACIFIC COAST HWY & BLINN AVE, LOS ANGELES, CA",PACIFIC COAST HWY,BLINN AVE,134740,
-118.2805147,34.0922699,30060,8813100,2019,2019-03-11T00:00:00.000Z,1942,2019-02-01T00:00:00.000Z,1415,40099,204,5,5,7,1942,0,0,0,B,0,2A5,SANBORN AV,SUNSET BL,75,S,N,A,-,N,,0,0,,,0,,,,N,0,0,0,2,A,-,6,21750,A,M,B,C,A,A,H,-,A,D,0,,,,,Y,,-,99,0,0,0,0,0,0,0,0,0,- ,- ,0,0,1500,2,LOS ANGELES,LOS ANGELES,CA,-118.2805147,34.0922699,"SANBORN AVE & SUNSET BLVD, LOS ANGELES, CA",SANBORN AVE,SUNSET BLVD,104275,
-118.2614547,34.07056046,30061,8813198,2019,2019-06-19T00:00:00.000Z,1942,2019-02-09T00:00:00.000Z,1200,37952,217,6,5,7,1942,0,0,0,B,0,2A17,GLENDALE BL,BELLEVUE AV,28,S,N,A,-,N,,0,0,,,0,,,,N,4,0,4,2,A,-,7,21658,A,F,B,C,A,A,H,-,A,D,0,,,,,Y,,-,99,0,0,4,0,0,0,0,0,0,- ,- ,0,0,1500,2,LOS ANGELES,LOS ANGELES,CA,-118.2614547,34.07056046,"GLENDALE BLVD & BELLEVUE AVE, LOS ANGELES, CA",GLENDALE BLVD,BELLEVUE AVE,107893,
-118.3702579,33.97047043,30062,8813369,2019,2019-04-03T00:00:00.000Z,1942,2019-02-14T00:00:00.000Z,1242,41671,1469,4,5,7,1942,0,0,0,N,0,14A67,LA CIENEGA BL,THORNBURN ST,710,N,N,C,-,N,,0,0,,,0,,,,Y,3,0,2,3,A,-,4,21703,,N,C,C,A,B,H,-,A,D,0,,,,,Y,,D,22,0,1,1,0,0,0,0,0,0,- ,- ,0,0,1500,2,LOS ANGELES,LOS ANGELES,CA,-118.3702579,33.97047043,"LA CIENEGA BLVD & THORNBURN ST, LOS ANGELES, CA",LA CIENEGA BLVD,THORNBURN ST,98549,
-118.3556408,34.01559067,30063,8813395,2019,2019-03-07T00:00:00.000Z,1942,2019-02-23T00:00:00.000Z,1225,34370,361,6,5,7,1942,0,0,0,C,0,25MQ11,LA BREA AV,COLISEUM ST,1000,S,N,A,-,N,,0,0,,,0,,,,Y,3,0,4,4,A,-,3,22350,,N,C,C,A,A,H,-,A,D,0,,,,,Y,,A,8,0,1,3,0,0,0,0,0,0,- ,- ,0,0,1500,2,LOS ANGELES,LOS ANGELES,CA,-118.3556408,34.01559067,"LA BREA AVE & COLISEUM ST, LOS ANGELES, CA",LA BREA AVE,COLISEUM ST,119588,
-118.3064821,33.74334335,30064,8813507,2019,2019-04-02T00:00:00.000Z,1942,2019-02-24T00:00:00.000Z,1250,42058,551,7,5,7,1942,0,0,0,E,0,5A55,1ST ST,PATTON AV,0,,Y,A,-,N,,0,0,,,0,,,,Y,4,0,1,2,A,-,9,21801,A,N,A,C,A,A,H,-,A,D,0,,,,,Y,,A,1,0,0,1,0,0,0,0,0,0,- ,- ,0,0,1500,2,LOS ANGELES,LOS ANGELES,CA,-118.3064821,33.74334335,"1ST ST & PATTON AVE, LOS ANGELES, CA",1ST ST,PATTON AVE,146569,
-118.3310721,34.03985596,30065,8813542,2019,2019-03-15T00:00:00.000Z,1942,2019-02-19T00:00:00.000Z,1310,39127,787,2,5,7,1942,0,0,0,G,0,7A85,WEST WASHINGTON BL,CRENSHAW BL,0,,Y,A,-,N,,0,0,,,0,,,,N,0,0,0,2,A,-,8,22100,A,M,B,C,A,A,H,-,A,A,0,,,,,Y,,A,8,0,0,0,0,0,0,0,0,0,- ,- ,0,0,1500,2,LOS ANGELES,LOS ANGELES,CA,-118.3310721,34.03985596,"WASHINGTON BLVD & CRENSHAW BLVD, LOS ANGELES, CA",WASHINGTON BLVD,CRENSHAW BLVD,103497,
-118.3698604,34.03443909,30066,8813556,2019,2019-03-20T00:00:00.000Z,1942,2019-02-23T00:00:00.000Z,1320,37146,321,6,5,7,1942,0,0,0,C,0,25TL43,FAIRFAX AV,WASHINGTON BL,2,N,N,A,-,N,,0,0,,,0,,,,N,0,0,0,2,A,-,3,22350,,M,B,C,A,A,H,-,A,D,0,,,,,Y,,-,99,0,0,0,0,0,0,0,0,0,- ,- ,0,0,1500,2,LOS ANGELES,LOS ANGELES,CA,-118.3698604,34.03443909,"FAIRFAX AVE & WASHINGTON BLVD, LOS ANGELES, CA",FAIRFAX AVE,WASHINGTON BLVD,121052,
-118.4624121,34.05394745,30067,8813566,2019,2019-03-15T00:00:00.000Z,1942,2019-02-20T00:00:00.000Z,1400,40235,832,3,5,7,1942,0,0,0,H,0,8A13,SAN VICENTE BL,BRINGHAM AV,80,W,N,A,-,N,,0,0,,,0,,,,N,0,0,0,2,A,-,7,21658,A,M,B,C,A,A,H,-,A,D,0,,,,,Y,,-,99,0,0,0,0,0,0,0,0,0,- ,- ,0,0,1500,2,LOS ANGELES,LOS ANGELES,CA,-118.4624121,34.05394745,"SAN VICENTE BLVD & BRINGHAM AVE, LOS ANGELES, CA",SAN VICENTE BLVD,BRINGHAM AVE,100228,
-118.3860135,34.0524025,30068,8813570,2019,2019-03-15T00:00:00.000Z,1942,2019-02-19T00:00:00.000Z,1420,40235,858,2,5,7,1942,0,0,0,H,0,8A95,CASHIO ST,LIVONIA AV,140,E,N,A,-,N,,0,0,,,0,,,,N,0,0,0,2,A,-,6,21755,A,M,B,C,A,A,H,-,A,D,0,,,,,Y,,-,99,0,0,0,0,0,0,0,0,0,- ,- ,0,0,1500,2,LOS ANGELES,LOS ANGELES,CA,-118.3860135,34.0524025,"CASHIO ST & LIVONIA AVE, LOS ANGELES, CA",CASHIO ST,LIVONIA AVE,134868,
-118.4427922,33.98461533,30069,8813579,2019,2019-05-21T00:00:00.000Z,1942,2019-02-14T00:00:00.000Z,1445,38425,1444,4,5,7,1942,0,0,0,N,0,14A49,LINCOLN BL,RT 90,0,,Y,B,-,Y,LA,7,1,-,-,31.278,I,5,N,N,0,0,0,2,A,-,12,21453,A,M,D,C,A,A,H,-,A,A,0,,,,,Y,,-,99,0,0,0,0,0,0,0,0,0,- ,- ,0,0,1500,2,LOS ANGELES,LOS ANGELES,CA,-118.4427922,33.98461533,"LINCOLN BLVD & SR 90 W, LOS ANGELES, CA",LINCOLN BLVD,SR 90 W,137824,
-118.5999417,34.22819519,30070,8813982,2019,2019-03-07T00:00:00.000Z,1942,2019-02-11T00:00:00.000Z,1310,40165,2015,1,5,7,1942,0,0,0,,0,21A5,PARTHENIA ST,REMMET AV,91,E,N,A,-,N,,0,0,,,0,,,,N,0,0,0,2,A,-,3,22350,,M,B,E,A,A,H,-,A,D,0,,,,,Y,,-,99,0,0,0,0,0,0,0,0,0,- ,- ,0,0,1500,2,LOS ANGELES,LOS ANGELES,CA,-118.5999417,34.22819519,"PARTHENIA ST & REMMET AVE, LOS ANGELES, CA",PARTHENIA ST,REMMET AVE,102227,
-118.4175189,33.95795822,30071,8814136,2019,2019-03-27T00:00:00.000Z,1942,2019-02-14T00:00:00.000Z,1445,41376,1484,4,5,7,1942,0,0,0,N,0,14A73,LINCOLN BL,LOYOLA BL,69,N,N,B,-,N,,0,0,,,0,,,,N,0,0,0,2,A,-,3,22350,,N,C,C,A,A,H,-,A,D,0,,,,,Y,,A,1,0,0,0,0,0,0,0,0,0,- ,- ,0,0,1500,2,LOS ANGELES,LOS ANGELES,CA,-118.4175189,33.95795822,"LINCOLN BLVD & LOYOLA BLVD, LOS ANGELES, CA",LINCOLN BLVD,LOYOLA BLVD,123128,
-118.2435436,34.05206299,30072,8814146,2019,2019-03-26T00:00:00.000Z,1942,2019-02-15T00:00:00.000Z,1415,34458,124,5,5,7,1942,0,0,0,A,0,1A1,NORTH MAIN ST,1ST ST,68,S,N,B,-,N,,0,0,,,0,,,,N,0,0,0,2,A,-,7,21658,A,N,B,C,A,A,H,-,A,A,0,,,,,Y,,J,48,0,0,0,0,0,0,0,0,0,- ,- ,0,0,1500,2,LOS ANGELES,LOS ANGELES,CA,-118.2435436,34.05206299,"N MAIN ST & 1ST ST, LOS ANGELES, CA",N MAIN ST,1ST ST,128115,
-118.232659,34.03571701,30073,8814295,2019,2019-03-18T00:00:00.000Z,1942,2019-02-07T00:00:00.000Z,1330,40289,159,4,5,7,1942,0,0,0,A,0,1A29,INDUSTRIAL ST,MATEO ST,63,W,N,A,-,N,,0,0,,,0,,,,N,0,0,0,2,A,-,21,22106,,N,B,E,A,A,H,-,A,D,0,,,,,Y,,A,7,0,0,0,0,0,0,0,0,0,- ,- ,0,0,1500,2,LOS ANGELES,LOS ANGELES,CA,-118.232659,34.03571701,"INDUSTRIAL ST & MATEO ST, LOS ANGELES, CA",INDUSTRIAL ST,MATEO ST,145804,
-118.5020622,34.2872963,30074,8815293,2019,2019-03-21T00:00:00.000Z,1942,2019-02-08T00:00:00.000Z,1230,38947,1716,5,5,7,1942,0,0,0,Q,0,17A35,BALBOA BL,MIDWOOD DR,0,,Y,A,-,N,,0,0,,,0,,,,Y,4,0,1,2,A,-,3,22350,,N,C,C,A,A,H,-,A,A,0,,,,,Y,,A,7,0,0,1,0,0,0,0,0,0,- ,- ,0,0,1500,2,LOS ANGELES,LOS ANGELES,CA,-118.5020622,34.2872963,"BALBOA BLVD & MIDWOOD DR, LOS ANGELES, CA",BALBOA BLVD,MIDWOOD DR,108734,
-118.536114,34.2692833,30075,8815294,2019,2019-03-21T00:00:00.000Z,1942,2019-02-21T00:00:00.000Z,1400,38947,1728,4,5,7,1942,0,0,0,Q,0,17A35,RESEDA BL,CELTIC ST,200,N,N,B,-,N,,0,0,,,0,,,,N,4,0,3,3,A,-,4,21703,,N,C,C,A,B,H,-,A,D,0,,,,,Y,,A,1,0,0,3,0,0,0,0,0,0,- ,- ,0,0,1500,2,LOS ANGELES,LOS ANGELES,CA,-118.536114,34.26928329,"RESEDA BLVD & CELTIC ST, LOS ANGELES, CA",RESEDA BLVD,CELTIC ST,133524,
-118.5360822,34.22070313,30076,8815329,2019,2019-03-21T00:00:00.000Z,1942,2019-02-05T00:00:00.000Z,1340,33294,1794,2,5,7,1942,0,0,0,Q,0,17A67,ROSCOE BL,RESEDA BL,0,,Y,A,-,N,,0,0,,,0,,,,N,4,0,1,2,A,-,10,21950,A,N,G,B,B,A,H,-,A,A,0,Y,,,,Y,,A,1,0,0,1,0,1,0,0,0,0,- ,- ,0,0,1500,2,LOS ANGELES,LOS ANGELES,CA,-118.5360822,34.22070313,"ROSCOE BLVD & RESEDA BLVD, LOS ANGELES, CA",ROSCOE BLVD,RESEDA BLVD,136759,
-118.4312422,34.15033341,30077,8815334,2019,2019-03-21T00:00:00.000Z,1942,2019-02-20T00:00:00.000Z,1400,43436,989,3,5,7,1942,0,0,0,I,0,9A89,MOORPARK ST,WOODMAN AV,0,,Y,B,-,N,,0,0,,,0,,,,Y,4,0,1,2,A,-,9,21801,A,N,D,C,A,A,H,-,A,A,0,,,,,Y,,A,8,0,0,1,0,0,0,0,0,0,- ,- ,0,0,1500,2,LOS ANGELES,LOS ANGELES,CA,-118.4312422,34.1503334,"MOORPARK ST & WOODMAN AVE, LOS ANGELES, CA",MOORPARK ST,WOODMAN AVE,144003,
-118.5361022,34.23730469,30078,8815337,2019,2019-03-21T00:00:00.000Z,1942,2019-02-14T00:00:00.000Z,1250,36678,1785,4,5,7,1942,0,0,0,Q,0,17A67,RESEDA BL,DEARBORN ST,0,,Y,B,-,N,,0,0,,,0,,,,Y,4,0,3,2,A,-,12,21453,A,N,D,C,A,B,H,-,A,A,0,,,,,Y,,A,7,0,0,3,0,0,0,0,0,0,- ,- ,0,0,1500,2,LOS ANGELES,LOS ANGELES,CA,-118.5361022,34.23730469,"RESEDA BLVD & DEARBORN ST, LOS ANGELES, CA",RESEDA BLVD,DEARBORN ST,126245,
-118.4618122,34.17208481,30079,8815342,2019,2019-03-21T00:00:00.000Z,1942,2019-02-13T00:00:00.000Z,1440,42671,,3,5,7,1942,0,0,0,,0,9A5,BURBANK BL,NOBLE,0,,Y,A,-,N,,0,0,,,0,,,,Y,4,0,1,2,A,-,9,21801,A,N,B,C,A,B,H,-,A,A,0,,,,,Y,,-,,0,0,1,0,0,0,0,0,0,- ,- ,0,0,1500,2,LOS ANGELES,LOS ANGELES,CA,-118.4618122,34.17208481,"BURBANK BLVD & NOBLE AVE, LOS ANGELES, CA",BURBANK BLVD,NOBLE AVE,132862,
-118.4181622,34.18667603,30080,8815350,2019,2019-04-12T00:00:00.000Z,1942,2019-02-15T00:00:00.000Z,1315,41514,929,5,5,7,1942,0,0,0,I,0,9A19,VICTORY BL,ETHEL AV,0,,Y,A,-,N,,0,0,,,0,,,,N,3,0,2,2,A,-,12,21453,A,N,D,C,A,A,H,-,A,A,0,,,,,Y,,-,- ,0,1,1,0,0,0,0,0,0,- ,- ,0,0,1500,2,LOS ANGELES,LOS ANGELES,CA,-118.4181622,34.18667603,"VICTORY BLVD & ETHEL AVE, LOS ANGELES, CA",VICTORY BLVD,ETHEL AVE,97495,
-118.4807222,34.23453522,30081,8815351,2019,2019-03-21T00:00:00.000Z,1942,2019-02-11T00:00:00.000Z,1300,34420,1798,1,5,7,1942,0,0,0,Q,0,17A95,GLORIA AV,SUNBURST ST,0,,Y,A,-,N,,0,0,,,0,,,,N,3,0,1,2,A,-,6,21755,A,N,B,G,A,A,H,-,A,D,0,,Y,,,Y,,L,4,0,1,0,0,0,0,1,0,0,- ,- ,0,0,1500,2,LOS ANGELES,LOS ANGELES,CA,-118.4807222,34.23453522,"GLORIA AVE & SUNBURST ST, LOS ANGELES, CA",GLORIA AVE,SUNBURST ST,115481,
-118.3869871,34.18302918,30082,8815770,2019,2019-03-19T00:00:00.000Z,1942,2019-02-06T00:00:00.000Z,1325,38977,1526,3,5,7,1942,0,0,0,O,0,9A19,ERWIN ST,COLFAX,250,E,N,A,-,N,,0,0,,,0,,,,N,4,0,1,2,A,-,11,21954,A,N,G,B,E,A,H,-,A,D,0,Y,,,,Y,,N,60,0,0,1,0,1,0,0,0,0,- ,- ,0,0,1500,2,LOS ANGELES,LOS ANGELES,CA,-118.3869871,34.18302917,"ERWIN ST & COLFAX AVE, LOS ANGELES, CA",ERWIN ST,COLFAX AVE,118745,
-118.3659222,34.16490555,30083,8815774,2019,2019-03-20T00:00:00.000Z,1942,2019-02-19T00:00:00.000Z,1330,32361,1557,2,5,7,1942,0,0,0,O,0,15A33,MAGNOLIA BL,RIVERTON AV,6,S,N,A,-,N,,0,0,,,0,,,,N,4,0,1,2,D,-,0,0,,N,D,G,A,-,H,-,A,D,0,,Y,,,Y,,-,- ,0,0,1,0,0,0,1,0,0,- ,- ,0,0,1500,2,LOS ANGELES,LOS ANGELES,CA,-118.3659222,34.16490555,"MAGNOLIA BLVD & RIVERTON AVE, LOS ANGELES, CA",MAGNOLIA BLVD,RIVERTON AVE,109450,
-118.5884522,34.19363785,30084,8815849,2019,2019-04-04T00:00:00.000Z,1942,2019-02-16T00:00:00.000Z,1315,41158,2157,6,5,7,1942,0,0,0,,0,21A57,DE SOTO AV,VANOWEN ST,50,S,N,A,-,N,,0,0,,,0,,,,N,0,0,0,2,A,-,21,22106,,M,C,C,A,A,H,-,A,D,0,,,,,Y,,-,99,0,0,0,0,0,0,0,0,0,- ,- ,0,0,1500,2,LOS ANGELES,LOS ANGELES,CA,-118.5884522,34.19363785,"DE SOTO AVE & VANOWEN ST, LOS ANGELES, CA",DE SOTO AVE,VANOWEN ST,98072,
-118.3763627,34.16490555,30085,8815905,2019,2019-03-18T00:00:00.000Z,1942,2019-02-27T00:00:00.000Z,1205,39746,1547,3,5,7,1942,0,0,0,O,0,15A39,MAGNOLIA BL,TUJUNGA BL,800,E,N,A,-,N,,0,0,,,0,,,,N,0,0,0,2,A,-,17,21461,A,M,-,C,A,A,H,-,A,A,0,,,,,Y,,D,22,0,0,0,0,0,0,0,0,0,- ,- ,0,0,1500,2,LOS ANGELES,LOS ANGELES,CA,-118.3763627,34.16490555,"MAGNOLIA BLVD & TUJUNGA AVE, LOS ANGELES, CA",MAGNOLIA BLVD,TUJUNGA AVE,125773,
-118.3528214,34.15220642,30086,8815917,2019,2019-03-20T00:00:00.000Z,1942,2019-02-24T00:00:00.000Z,1200,42051,1569,7,5,7,1942,0,0,0,O,0,15A67,RIVERSIDE DR,FORMAN AV,21,W,N,A,-,N,,0,0,,,0,,,,Y,4,0,2,1,A,-,8,22107,,N,E,I,A,A,H,-,A,D,0,,,,,Y,,D,22,0,0,2,0,0,0,0,0,0,- ,- ,0,0,1500,2,LOS ANGELES,LOS ANGELES,CA,-118.3528214,34.15220642,"RIVERSIDE DR & FORMAN AVE, LOS ANGELES, CA",RIVERSIDE DR,FORMAN AVE,122145,
-118.5954855,34.20168304,30087,8815929,2019,2019-03-15T00:00:00.000Z,1942,2019-02-27T00:00:00.000Z,1445,30830,2146,3,5,7,1942,0,0,0,,0,21A46,ETON AV,SHERMAN WY,240,N,N,A,-,N,,0,0,,,0,,,,N,4,0,1,2,A,-,9,21804,A,F,D,C,A,A,H,-,A,D,0,,,,,Y,,-,99,0,0,1,0,0,0,0,0,0,- ,- ,0,0,1500,2,LOS ANGELES,LOS ANGELES,CA,-118.5954855,34.20168304,"ETON AVE & SHERMAN WAY, LOS ANGELES, CA",ETON AVE,SHERMAN WAY,133002,
-118.4225521,34.18666458,30088,8815953,2019,2019-03-15T00:00:00.000Z,1942,2019-02-24T00:00:00.000Z,1230,40362,937,7,5,7,1942,0,0,0,I,0,9A37W2,VICTORY BL,FULTON AV,0,,Y,A,-,N,,0,0,,,0,,,,Y,4,0,1,2,A,-,5,21651,B,N,A,C,A,A,H,-,A,A,0,,,,,Y,,A,1,0,0,1,0,0,0,0,0,0,- ,- ,0,0,1500,2,LOS ANGELES,LOS ANGELES,CA,-118.4225521,34.18666458,"VICTORY BLVD & FULTON AVE, LOS ANGELES, CA",VICTORY BLVD,FULTON AVE,108085,
-118.4472288,34.24065018,30089,8815983,2019,2019-03-14T00:00:00.000Z,1942,2019-02-26T00:00:00.000Z,1250,33294,1966,2,5,7,1942,0,0,0,,0,19A75,SYLMAR AV,TUPPER ST,711,N,N,A,-,N,,0,0,,,0,,,,Y,0,0,0,2,A,-,3,22350,,M,C,E,A,A,H,-,A,A,0,,,,,Y,,A,1,0,0,0,0,0,0,0,0,0,- ,- ,0,0,1500,2,LOS ANGELES,LOS ANGELES,CA,-118.4472288,34.24065018,"SYLMAR AVE & TUPPER ST, LOS ANGELES, CA",SYLMAR AVE,TUPPER ST,129594,
-118.5709706,34.17537308,30090,8816025,2019,2019-03-22T00:00:00.000Z,1942,2019-02-20T00:00:00.000Z,1420,41316,2169,3,5,7,1942,0,0,0,,0,21A29,WINNETKA AV,HATTERAS ST,150,S,N,B,-,N,,0,0,,,0,,,,Y,4,0,2,3,A,-,3,22350,,N,C,C,A,A,H,-,A,A,0,,,,,Y,,A,7,0,0,2,0,0,0,0,0,0,- ,- ,0,0,1500,2,LOS ANGELES,LOS ANGELES,CA,-118.5709706,34.17537308,"WINNETKA AVE & HATTERAS ST, LOS ANGELES, CA",WINNETKA AVE,HATTERAS ST,104529,
-118.5573114,34.20835495,30091,8816031,2019,2019-03-20T00:00:00.000Z,1942,2019-02-23T00:00:00.000Z,1455,40165,1011,6,5,7,1942,0,0,0,J,0,10A3,SATICOY ST,SHIRLEY AV,185,E,N,A,-,N,,0,0,,,0,,,,Y,4,0,2,4,A,-,3,22350,,N,C,C,A,A,H,-,A,D,0,,,,,Y,,A,1,0,0,2,0,0,0,0,0,0,- ,- ,0,0,1500,2,LOS ANGELES,LOS ANGELES,CA,-118.5573114,34.20835495,"SATICOY ST & SHIRLEY AVE, LOS ANGELES, CA",SATICOY ST,SHIRLEY AVE,104942,
-118.6147122,34.20825577,30092,8816049,2019,2019-03-22T00:00:00.000Z,1942,2019-02-04T00:00:00.000Z,1255,38017,2134,1,5,7,1942,0,0,0,,0,21A1,SHOUP AV,SATICOY ST,0,,Y,C,-,N,,0,0,,,0,,,,Y,4,0,2,3,A,-,9,21801,A,N,A,C,A,B,H,-,A,A,0,,,,,Y,,A,1,0,0,2,0,0,0,0,0,0,- ,- ,0,0,1500,2,LOS ANGELES,LOS ANGELES,CA,-118.6147122,34.20825577,"SHOUP AVE & SATICOY ST, LOS ANGELES, CA",SHOUP AVE,SATICOY ST,97888,
-118.6041746,34.20101547,30093,8816061,2019,2019-03-22T00:00:00.000Z,1942,2019-02-01T00:00:00.000Z,1400,36733,2146,5,5,7,1942,0,0,0,,0,21A57,SHERMAN WAY,VASSAR AV,75,E,N,B,-,N,,0,0,,,0,,,,N,4,0,1,2,A,-,17,21228,,N,D,J,A,A,H,-,A,D,0,,,Y,,Y,,C,3,0,0,1,0,0,0,0,0,1,- ,- ,0,0,1500,2,LOS ANGELES,LOS ANGELES,CA,-118.6041746,34.20101547,"SHERMAN WAY & VASSAR AVE, LOS ANGELES, CA",SHERMAN WAY,VASSAR AVE,108650,
-118.5995883,34.16822815,30094,8816065,2019,2019-03-22T00:00:00.000Z,1942,2019-02-02T00:00:00.000Z,1310,36733,2187,6,5,7,1942,0,0,0,,0,21A97,VENTURA BL,DE ROJA AV,50,E,N,C,-,N,,0,0,,,0,,,,Y,4,0,4,2,A,-,8,22100,5,N,D,C,A,A,H,-,A,D,0,,,,,Y,,A,1,0,0,4,0,0,0,0,0,0,- ,- ,0,0,1500,2,LOS ANGELES,LOS ANGELES,CA,-118.5995883,34.16822815,"VENTURA BLVD & DE ROJA AVE, LOS ANGELES, CA",VENTURA BLVD,DE ROJA AVE,143181,
-118.6060131,34.21994782,30095,8816069,2019,2019-03-22T00:00:00.000Z,1942,2019-02-01T00:00:00.000Z,1430,39473,2114,5,5,7,1942,0,0,0,,0,21A1,TOPANGA CANYON BL,ROSCOE BL,100,N,N,A,-,N,,0,0,,,0,,,,Y,3,0,2,3,A,-,8,22107,,N,B,C,A,A,H,-,A,A,0,,,,,Y,,A,1,0,1,1,0,0,0,0,0,0,- ,- ,0,0,1500,2,LOS ANGELES,LOS ANGELES,CA,-118.6060131,34.21994781,"TOPANGA CANYON BLVD & ROSCOE BLVD, LOS ANGELES, CA",TOPANGA CANYON BLVD,ROSCOE BLVD,130526,
-118.6018822,34.17319489,30096,8816074,2019,2019-03-26T00:00:00.000Z,1942,2019-02-15T00:00:00.000Z,1445,41158,2177,5,5,7,1942,0,0,0,,0,21A97,BURBANK BL,OWENSMOUTH AV,0,,Y,C,-,N,,0,0,,,0,,,,Y,4,0,3,3,A,-,12,21453,A,N,-,C,A,B,H,-,A,A,0,,,,,Y,,A,1,0,0,3,0,0,0,0,0,0,- ,- ,0,0,1500,2,LOS ANGELES,LOS ANGELES,CA,-118.6018822,34.17319489,"BURBANK BLVD & OWENSMOUTH AVE, LOS ANGELES, CA",BURBANK BLVD,OWENSMOUTH AVE,122210,
-118.4207349,34.26480103,30097,8816079,2019,2019-03-20T00:00:00.000Z,1942,2019-02-01T00:00:00.000Z,1445,41065,1643,5,5,7,1942,0,0,0,P,0,16A23,SAN FERNANDO RD,VAN NUYS BL,630,S,N,A,-,N,,0,0,,,0,,,,Y,3,0,2,2,A,-,8,22107,,N,D,C,A,A,H,-,A,D,0,,,,,Y,,A,1,0,1,1,0,0,0,0,0,0,- ,- ,0,0,1500,2,LOS ANGELES,LOS ANGELES,CA,-118.4207349,34.26480103,"SAN FERNANDO RD & VAN NUYS BLVD, LOS ANGELES, CA",SAN FERNANDO RD,VAN NUYS BLVD,147651,
-118.4309221,34.19394302,30098,8816092,2019,2019-03-21T00:00:00.000Z,1942,2019-02-20T00:00:00.000Z,1345,30947,926,3,5,7,1942,0,0,0,I,0,9A79,VANOWEN ST,WOODMAN,100,E,N,B,-,N,,0,0,,,0,,,,N,4,0,1,2,A,-,7,21658,A,F,B,C,A,A,H,-,A,D,0,,,,,Y,,-,99,0,0,1,0,0,0,0,0,0,- ,- ,0,0,1500,2,LOS ANGELES,LOS ANGELES,CA,-118.4309221,34.19394302,"VANOWEN ST & WOODMAN AVE, LOS ANGELES, CA",VANOWEN ST,WOODMAN AVE,146893,