X,Y,OBJECTID,case_id,accident_year,proc_date,juris,collision_date,collision_time,officer_id,reporting_district,day_of_week,chp_shift,population,cnty_city_loc,special_cond,beat_type,chp_beat_type,city_division_lapd,chp_beat_class,beat_number,primary_rd,secondary_rd,distance,direction,intersection,weather_1,weather_2,state_hwy_ind,caltrans_county,caltrans_district,state_route,route_suffix,postmile_prefix,postmile,location_type,ramp_intersection,side_of_hwy,tow_away,collision_severity,number_killed,number_injured,party_count,primary_coll_factor,pcf_code_of_viol,pcf_viol_category,pcf_violation,pcf_viol_subsection,hit_and_run,type_of_collision,mviw,ped_action,road_surface,road_cond_1,road_cond_2,lighting,control_device,chp_road_type,pedestrian_accident,bicycle_accident,motorcycle_accident,truck_accident,not_private_property,alcohol_involved,stwd_vehtype_at_fault,chp_vehtype_at_fault,count_severe_inj,count_visible_inj,count_complaint_pain,count_ped_killed,count_ped_injured,count_bicyclist_killed,count_bicyclist_injured,count_mc_killed,count_mc_injured,primary_ramp,secondary_ramp,latitude,longitude,timecat,month_,city,county,state,point_x,point_y,match_addr,m_primaryrd,m_secondrd,int_id,Flag
-118.4338212,34.15034485,30099,8816104,2019,2019-03-21T00:00:00.000Z,1942,2019-02-22T00:00:00.000Z,1330,36733,989,5,5,7,1942,0,0,0,I,0,9A89,MOORPARK ST,MATILIJA AV,70,E,N,A,-,N,,0,0,,,0,,,,N,4,0,1,2,A,-,3,22350,,F,C,C,A,A,H,-,A,D,0,,,,,Y,,-,99,0,0,1,0,0,0,0,0,0,- ,- ,0,0,1500,2,LOS ANGELES,LOS ANGELES,CA,-118.4338212,34.15034485,"MOORPARK ST & MATILIJA AVE, LOS ANGELES, CA",MOORPARK ST,MATILIJA AVE,143953,
-118.4386622,34.23292542,30100,8816107,2019,2019-03-18T00:00:00.000Z,1942,2019-02-19T00:00:00.000Z,1450,38017,1987,2,5,7,1942,0,0,0,,0,19A75,OSBORNE ST,WOODMAN AV,0,,Y,A,-,N,,0,0,,,0,,,,N,4,0,1,2,A,-,9,21453,C,N,G,B,B,A,H,-,A,A,0,Y,,,,Y,,A,7,0,0,1,0,1,0,0,0,0,- ,- ,0,0,1500,2,LOS ANGELES,LOS ANGELES,CA,-118.4386622,34.23292542,"OSBORNE ST & WOODMAN AVE, LOS ANGELES, CA",OSBORNE ST,WOODMAN AVE,140317,
-118.4580657,34.21859741,30101,8816112,2019,2019-03-20T00:00:00.000Z,1942,2019-02-12T00:00:00.000Z,1245,34420,1994,2,5,7,1942,0,0,0,,0,19A93,WILLARD ST,BRIMFIELD AV,111,E,N,A,-,N,,0,0,,,0,,,,Y,2,0,2,3,A,-,3,22350,,N,B,E,A,A,H,-,A,D,0,,,,,Y,,A,1,1,1,0,0,0,0,0,0,0,- ,- ,0,0,1500,2,LOS ANGELES,LOS ANGELES,CA,-118.4580657,34.21859741,"WILLARD ST & BRIMFIELD AVE, LOS ANGELES, CA",WILLARD ST,BRIMFIELD AVE,105083,
-118.6483959,34.17418289,30102,8816115,2019,2019-04-12T00:00:00.000Z,1942,2019-02-08T00:00:00.000Z,1340,40028,2161,5,5,7,1942,0,0,0,,0,21A5,VALLEY CIRCLE BL,HATTERAS ST,40,N,N,A,-,N,,0,0,,,0,,,,Y,3,0,3,2,A,-,8,22103,,N,B,C,A,A,H,-,A,D,0,,,,,Y,,A,1,0,1,2,0,0,0,0,0,0,- ,- ,0,0,1500,2,LOS ANGELES,LOS ANGELES,CA,-118.6483959,34.17418289,"VALLEY CIRCLE BLVD & HATTERAS ST, LOS ANGELES, CA",VALLEY CIRCLE BLVD,HATTERAS ST,146831,
-118.4144218,34.22177124,30103,8816116,2019,2019-03-20T00:00:00.000Z,1942,2019-02-05T00:00:00.000Z,1450,33294,1989,2,5,7,1942,0,0,0,,0,19A79,SHELDON ST,ROSCOE BL,50,N,N,B,-,N,,0,0,,,0,,,,Y,4,0,1,1,A,-,8,22107,,N,E,I,A,B,H,-,A,A,0,,,,,Y,,A,1,0,0,1,0,0,0,0,0,0,- ,- ,0,0,1500,2,LOS ANGELES,LOS ANGELES,CA,-118.4144218,34.22177124,"SHELDON ST & ROSCOE BLVD, LOS ANGELES, CA",SHELDON ST,ROSCOE BLVD,150465,
-118.4677022,34.23942947,30104,8816121,2019,2019-03-11T00:00:00.000Z,1942,2019-02-13T00:00:00.000Z,1305,37686,1961,3,5,7,1942,0,0,0,,0,19A61,SEPULVEDA BL,TUPPER ST,100,N,N,B,-,N,,0,0,,,0,,,,N,0,0,0,2,A,-,8,22107,,M,B,C,A,A,H,-,A,D,0,,,,,Y,,-,99,0,0,0,0,0,0,0,0,0,- ,- ,0,0,1500,2,LOS ANGELES,LOS ANGELES,CA,-118.4677022,34.23942947,"SEPULVEDA BLVD & TUPPER ST, LOS ANGELES, CA",SEPULVEDA BLVD,TUPPER ST,102103,
-118.4348422,34.32087326,30106,8816124,2019,2019-03-20T00:00:00.000Z,1942,2019-02-07T00:00:00.000Z,1245,42051,1906,4,5,7,1942,0,0,0,,0,19A7,POLK ST,FENTON AV,0,,Y,A,-,N,,0,0,,,0,,,,Y,3,0,2,3,A,-,12,22450,A,N,D,C,A,A,H,-,A,A,0,,,,,Y,,A,1,0,1,1,0,0,0,0,0,0,- ,- ,0,0,1500,2,LOS ANGELES,LOS ANGELES,CA,-118.4348422,34.32087326,"POLK ST & FENTON AVE, LOS ANGELES, CA",POLK ST,FENTON AVE,133504,
-118.4671641,34.26455307,30107,8816128,2019,2019-03-20T00:00:00.000Z,1942,2019-02-10T00:00:00.000Z,1350,39281,1951,7,5,7,1942,0,0,0,,0,19A43,CHATSWORTH ST,SEPULVEDA BL,45,E,N,C,-,N,,0,0,,,0,,,,N,4,0,1,2,A,-,9,21804,A,N,D,C,A,B,H,-,A,A,0,,,,,Y,,A,1,0,0,1,0,0,0,0,0,0,- ,- ,0,0,1500,2,LOS ANGELES,LOS ANGELES,CA,-118.4671641,34.26455307,"CHATSWORTH ST & SEPULVEDA BLVD, LOS ANGELES, CA",CHATSWORTH ST,SEPULVEDA BLVD,125912,
-118.4664938,34.25728607,30108,8816140,2019,2019-03-20T00:00:00.000Z,1942,2019-02-23T00:00:00.000Z,1430,35391,1952,6,5,7,1942,0,0,0,,0,35M29,DEVONSHIRE ST,SEPULVEDA BL,275,E,N,A,-,N,,0,0,,,0,,,,Y,3,0,3,2,A,-,8,22107,,N,F,C,A,A,H,-,A,D,0,,,,,Y,,A,7,0,2,1,0,0,0,0,0,0,- ,- ,0,0,1500,2,LOS ANGELES,LOS ANGELES,CA,-118.4664938,34.25728607,"DEVONSHIRE ST & SEPULVEDA BLVD, LOS ANGELES, CA",DEVONSHIRE ST,SEPULVEDA BLVD,105405,
-118.2916321,33.9408493,30109,8816163,2019,2019-03-07T00:00:00.000Z,1942,2019-02-24T00:00:00.000Z,1250,43207,1822,7,5,7,1942,0,0,0,R,0,18A26,VERMONT,105TH ST,56,N,N,A,-,N,,0,0,,,0,,,,N,0,0,0,3,A,-,3,22350,,M,B,E,A,A,H,-,A,D,0,,,,,Y,,-,99,0,0,0,0,0,0,0,0,0,- ,- ,0,0,1500,2,LOS ANGELES,LOS ANGELES,CA,-118.2916321,33.9408493,"VERMONT AVE & 105TH ST, LOS ANGELES, CA",VERMONT AVE,105TH ST,112799,
-118.2605698,34.03422928,30110,8816228,2019,2019-03-20T00:00:00.000Z,1942,2019-02-02T00:00:00.000Z,1420,34426,195,6,5,7,1942,0,0,0,A,0,1A85,S LOS ANGELES ST,14TH ST,220,S,N,C,-,N,,0,0,,,0,,,,N,0,0,0,2,A,-,17,22517,,M,B,E,A,B,H,-,A,D,0,,,,,Y,,-,99,0,0,0,0,0,0,0,0,0,- ,- ,0,0,1500,2,LOS ANGELES,LOS ANGELES,CA,-118.2605698,34.03422928,"LOS ANGELES ST & 14TH ST, LOS ANGELES, CA",LOS ANGELES ST,14TH ST,138609,
-118.3806264,34.07329941,30111,8816788,2019,2019-03-13T00:00:00.000Z,1942,2019-02-11T00:00:00.000Z,1310,36940,721,1,5,7,1942,0,0,0,G,0,7A21,S WILLAMAN DR,3RD ST,100,S,N,A,-,N,,0,0,,,0,,,,N,0,0,0,2,A,-,4,21703,,M,C,C,A,A,H,-,A,D,0,,,,,Y,,-,99,0,0,0,0,0,0,0,0,0,- ,- ,0,0,1500,2,LOS ANGELES,LOS ANGELES,CA,-118.3806264,34.07329941,"WILLAMAN DR & 3RD ST, LOS ANGELES, CA",WILLAMAN DR,3RD ST,118033,
-118.3440321,34.06403732,30112,8816796,2019,2019-03-13T00:00:00.000Z,1942,2019-02-11T00:00:00.000Z,1240,38262,737,1,5,7,1942,0,0,0,G,0,7A17,LA BREA AV,6TH ST,316,S,N,A,-,N,,0,0,,,0,,,,N,0,0,0,2,A,-,21,22106,,M,D,C,A,A,H,-,A,D,0,,,,,Y,,-,99,0,0,0,0,0,0,0,0,0,- ,- ,0,0,1500,2,LOS ANGELES,LOS ANGELES,CA,-118.3440321,34.06403732,"LA BREA AVE & 6TH ST, LOS ANGELES, CA",LA BREA AVE,6TH ST,146120,
-118.3560426,34.0836792,30113,8816800,2019,2019-03-13T00:00:00.000Z,1942,2019-02-08T00:00:00.000Z,1305,31465,702,5,5,7,1942,0,0,0,G,0,7A1,MELROSE AV,STANLEY AV,100,E,N,A,-,N,,0,0,,,0,,,,N,0,0,0,2,A,-,7,21658,A,M,B,C,A,A,H,-,A,D,0,,,,,Y,,-,99,0,0,0,0,0,0,0,0,0,- ,- ,0,0,1500,2,LOS ANGELES,LOS ANGELES,CA,-118.3560426,34.0836792,"MELROSE AVE & STANLEY AVE, LOS ANGELES, CA",MELROSE AVE,STANLEY AVE,110896,
-118.3703421,34.20118332,30114,8817055,2019,2019-03-15T00:00:00.000Z,1942,2019-02-11T00:00:00.000Z,1400,34420,1506,1,5,7,1942,0,0,0,O,0,15A3,VINELAND AV,SHERMAN WY,0,,Y,A,-,N,,0,0,,,0,,,,Y,4,0,2,2,A,-,9,21801,A,N,D,C,A,A,H,-,A,A,0,,,,,Y,,D,22,0,0,2,0,0,0,0,0,0,- ,- ,0,0,1500,2,LOS ANGELES,LOS ANGELES,CA,-118.3703421,34.20118332,"VINELAND AVE & SHERMAN WAY, LOS ANGELES, CA",VINELAND AVE,SHERMAN WAY,125758,
-118.5535922,34.25212479,30115,8817083,2019,2019-03-14T00:00:00.000Z,1942,2019-02-26T00:00:00.000Z,1355,33016,1764,2,5,7,1942,0,0,0,Q,0,17X47,TAMPA AV,MERRIDY ST,0,,Y,A,-,N,,0,0,,,0,,,,N,4,0,2,3,A,-,3,22350,,N,C,C,A,A,H,-,A,A,0,,,,,Y,,D,22,0,0,2,0,0,0,0,0,0,- ,- ,0,0,1500,2,LOS ANGELES,LOS ANGELES,CA,-118.5535922,34.25212479,"TAMPA AVE & MERRIDY ST, LOS ANGELES, CA",TAMPA AVE,MERRIDY ST,144327,
-118.4031428,34.16487503,30116,8817288,2019,2019-03-14T00:00:00.000Z,1942,2019-02-07T00:00:00.000Z,1350,33294,1544,4,5,7,1942,0,0,0,O,0,15A43,MAGNOLIA BL,WILKINSON AV,315,E,N,A,-,N,,0,0,,,0,,,,N,4,0,2,2,A,-,9,21804,A,N,D,C,A,A,H,-,A,A,0,,,,,Y,,A,1,0,0,2,0,0,0,0,0,0,- ,- ,0,0,1500,2,LOS ANGELES,LOS ANGELES,CA,-118.4031428,34.16487503,"MAGNOLIA BLVD & WILKINSON AVE, LOS ANGELES, CA",MAGNOLIA BLVD,WILKINSON AVE,97475,
-118.5098422,34.18661499,30117,8817305,2019,2019-03-14T00:00:00.000Z,1942,2019-02-24T00:00:00.000Z,1225,42993,LOSAN,7,5,7,1942,0,0,0,,0,10A17,VICTORY,LOUISE,0,,Y,A,-,N,,0,0,,,0,,,,N,0,0,0,2,D,-,0,0,,N,B,A,A,A,-,-,A,D,0,,,,,Y,Y,-,- ,0,0,0,0,0,0,0,0,0,- ,- ,0,0,1500,2,LOS ANGELES,LOS ANGELES,CA,-118.5098422,34.18661499,"VICTORY BLVD & LOUISE AVE, LOS ANGELES, CA",VICTORY BLVD,LOUISE AVE,102108,
-118.5447622,34.1802063,30118,8817312,2019,2019-03-14T00:00:00.000Z,1942,2019-02-28T00:00:00.000Z,1405,38947,1041,4,5,7,1942,0,0,0,J,0,10A83,OXNARD ST,WILBUR AV,0,,Y,A,-,N,,0,0,,,0,,,,Y,4,0,1,2,A,-,12,21453,A,N,D,C,A,A,H,-,A,A,0,,,,,Y,,A,1,0,0,1,0,0,0,0,0,0,- ,- ,0,0,1500,2,LOS ANGELES,LOS ANGELES,CA,-118.5447622,34.1802063,"OXNARD ST & WILBUR AVE, LOS ANGELES, CA",OXNARD ST,WILBUR AVE,150789,
-118.6057286,34.25721359,30119,8817319,2019,2019-03-14T00:00:00.000Z,1942,2019-02-27T00:00:00.000Z,1400,38947,1722,3,5,7,1942,0,0,0,Q,0,17A23,DEVONSHIRE ST,TOPANGA CANYON BL,104,E,N,A,-,N,,0,0,,,0,,,,Y,4,0,1,2,A,-,9,21804,A,N,D,C,A,A,H,-,A,D,0,,,,,Y,,A,1,0,0,1,0,0,0,0,0,0,- ,- ,0,0,1500,2,LOS ANGELES,LOS ANGELES,CA,-118.6057286,34.25721359,"DEVONSHIRE ST & TOPANGA CANYON BLVD, LOS ANGELES, CA",DEVONSHIRE ST,TOPANGA CANYON BLVD,119688,
-118.3712721,34.17941666,30120,8817320,2019,2019-03-14T00:00:00.000Z,1942,2019-02-13T00:00:00.000Z,1220,31688,1538,3,5,7,1942,0,0,0,O,0,15A39,OXNARD ST,ENSIGN AV,0,,Y,B,-,N,,0,0,,,0,,,,Y,3,0,1,2,A,-,8,22107,,N,D,C,A,B,H,-,A,D,0,,,,,Y,,A,1,0,1,0,0,0,0,0,0,0,- ,- ,0,0,1500,2,LOS ANGELES,LOS ANGELES,CA,-118.3712721,34.17941666,"OXNARD ST & ENSIGN AVE, LOS ANGELES, CA",OXNARD ST,ENSIGN AVE,143252,
-118.5249135,34.25029755,30121,8817323,2019,2019-03-14T00:00:00.000Z,1942,2019-02-27T00:00:00.000Z,1330,41125,1755,3,5,7,1942,0,0,0,Q,0,17A35,LASSEN ST,ZELZAH AV,478,W,N,A,-,N,,0,0,,,0,,,,Y,4,0,1,1,A,-,3,22350,,N,E,I,A,-,H,-,A,D,0,,,,,Y,,A,1,0,0,1,0,0,0,0,0,0,- ,- ,0,0,1500,2,LOS ANGELES,LOS ANGELES,CA,-118.5249135,34.25029755,"LASSEN ST & ZELZAH AVE, LOS ANGELES, CA",LASSEN ST,ZELZAH AVE,119669,
-118.3790821,34.1903038,30123,8817328,2019,2019-03-14T00:00:00.000Z,1942,2019-02-19T00:00:00.000Z,1300,34420,1517,2,5,7,1942,0,0,0,O,0,15A27,KITTRIDGE ST,TUJUNGA AV,0,,Y,A,-,N,,0,0,,,0,,,,N,4,0,1,2,A,-,10,21950,A,N,G,B,B,A,H,-,A,A,0,Y,,,,Y,,A,1,0,0,1,0,1,0,0,0,0,- ,- ,0,0,1500,2,LOS ANGELES,LOS ANGELES,CA,-118.3790821,34.1903038,"KITTRIDGE ST & TUJUNGA AVE, LOS ANGELES, CA",KITTRIDGE ST,TUJUNGA AVE,97608,
-118.3965328,34.19037247,30124,8817336,2019,2019-03-14T00:00:00.000Z,1942,2019-02-16T00:00:00.000Z,1335,40165,1524,6,5,7,1942,0,0,0,O,0,15A33,LAUREL CANYON BL,KITTRIDGE ST,17,N,N,A,-,N,,0,0,,,0,,,,Y,3,0,2,2,A,-,9,21801,A,N,D,C,A,A,H,-,A,A,0,,,,,Y,,A,7,0,1,1,0,0,0,0,0,0,- ,- ,0,0,1500,2,LOS ANGELES,LOS ANGELES,CA,-118.3965328,34.19037247,"LAUREL CANYON BLVD & KITTRIDGE ST, LOS ANGELES, CA",LAUREL CANYON BLVD,KITTRIDGE ST,118603,
-118.4649569,34.15458679,30125,8818099,2019,2019-04-04T00:00:00.000Z,1942,2019-02-26T00:00:00.000Z,1215,33294,,2,5,7,1942,0,0,0,,0,,MOORPARK ST,HALBRENT AV,20,W,N,A,-,N,,0,0,,,0,,,,Y,0,0,0,2,A,-,21,22106,,M,H,C,A,A,H,-,A,A,0,,,,,Y,,-,99,0,0,0,0,0,0,0,0,0,- ,- ,0,0,1500,2,LOS ANGELES,LOS ANGELES,CA,-118.4649569,34.15458679,"MOORPARK ST & HALBRENT AVE, LOS ANGELES, CA",MOORPARK ST,HALBRENT AVE,111726,
-118.3421321,34.12308502,30126,8818169,2019,2019-03-21T00:00:00.000Z,1942,2019-02-04T00:00:00.000Z,1400,43538,LAPD,1,5,7,1942,0,0,0,,0,15L30,MOOHOLLAND,CAHUENGA,0,,N,B,-,N,,0,0,,,0,,,,N,0,0,0,2,B,-,22,0,,M,C,C,A,B,B,-,A,D,0,,,,,Y,,-,99,0,0,0,0,0,0,0,0,0,- ,- ,0,0,1500,2,LOS ANGELES,LOS ANGELES,CA,-118.3421321,34.12308502,"MULHOLLAND DR & CAHUENGA BLVD, LOS ANGELES, CA",MULHOLLAND DR,CAHUENGA BLVD,106082,
-118.3704221,34.14198303,30127,8818185,2019,2019-03-20T00:00:00.000Z,1942,2019-02-24T00:00:00.000Z,1325,38078,1596,7,5,7,1942,0,0,0,O,0,15A43,VINELAND AV,BLUFFSIDE DR,0,,Y,A,-,N,,0,0,,,0,,,,Y,0,0,0,2,A,-,5,21460,,M,B,C,A,A,H,-,A,A,0,,,,,Y,,-,99,0,0,0,0,0,0,0,0,0,- ,- ,0,0,1500,2,LOS ANGELES,LOS ANGELES,CA,-118.3704221,34.14198303,"VINELAND AVE & BLUFFSIDE DR, LOS ANGELES, CA",VINELAND AVE,BLUFFSIDE DR,112855,
-118.4811852,34.15296936,30128,8818233,2019,2019-03-20T00:00:00.000Z,1942,2019-02-24T00:00:00.000Z,1345,30830,1099,7,5,7,1942,0,0,0,J,0,10A99,VALLEY VISTA BL,WOODLEY AV,750,E,N,A,-,N,,0,0,,,0,,,,N,0,0,0,2,A,-,6,21750,A,M,B,C,A,A,G,-,A,D,0,,,,,Y,,-,99,0,0,0,0,0,0,0,0,0,- ,- ,0,0,1500,2,LOS ANGELES,LOS ANGELES,CA,-118.4811852,34.15296936,"VALLEY VISTA BLVD & WOODLEY AVE, LOS ANGELES, CA",VALLEY VISTA BLVD,WOODLEY AVE,104705,
-118.5227181,34.20838547,30129,8818321,2019,2019-03-22T00:00:00.000Z,1942,2019-02-12T00:00:00.000Z,1455,39410,1015,2,5,7,1942,0,0,0,J,0,10A3,SATICOY ST,ZELZAH AV,80,E,N,A,-,N,,0,0,,,0,,,,N,0,0,0,2,A,-,8,22107,,M,H,I,A,A,H,-,A,A,0,,,,,Y,,-,99,0,0,0,0,0,0,0,0,0,- ,- ,0,0,1500,2,LOS ANGELES,LOS ANGELES,CA,-118.5227181,34.20838547,"SATICOY ST & ZELZAH AVE, LOS ANGELES, CA",SATICOY ST,ZELZAH AVE,133303,
-118.3416373,34.09165573,30130,8818322,2019,2019-03-25T00:00:00.000Z,1942,2019-02-27T00:00:00.000Z,1229,34882,663,3,5,7,1942,0,0,0,F,0,6A63,ORANGE DR,SANTA MONICA BL,350,N,N,A,-,N,,0,0,,,0,,,,N,0,0,0,2,A,-,21,22106,,M,H,E,A,A,H,-,A,D,0,,,,,Y,,-,99,0,0,0,0,0,0,0,0,0,- ,- ,0,0,1500,2,LOS ANGELES,LOS ANGELES,CA,-118.3416373,34.09165573,"ORANGE DR & SANTA MONICA BLVD, LOS ANGELES, CA",ORANGE DR,SANTA MONICA BLVD,138969,
-118.3361721,34.10414887,30131,8818326,2019,2019-03-25T00:00:00.000Z,1942,2019-02-28T00:00:00.000Z,1407,38262,636,4,5,7,1942,0,0,0,F,0,6A15,LAS PALMAS AV,FRANKLIN PL,2,S,N,B,-,N,,0,0,,,0,,,,N,0,0,0,1,A,-,3,22350,,M,E,I,A,A,H,-,A,D,0,,,,,Y,,-,99,0,0,0,0,0,0,0,0,0,- ,- ,0,0,1500,2,LOS ANGELES,LOS ANGELES,CA,-118.3361721,34.10414886,"LAS PALMAS AVE & FRANKLIN PL, LOS ANGELES, CA",LAS PALMAS AVE,FRANKLIN PL,146485,
-118.5011422,34.18646622,30132,8818341,2019,2019-03-22T00:00:00.000Z,1942,2019-02-07T00:00:00.000Z,1430,33294,1037,4,5,7,1942,0,0,0,J,0,10A17,BALBOA BL,VICTORY BL,50,S,N,A,-,N,,0,0,,,0,,,,N,0,0,0,2,A,-,7,21658,A,M,B,C,A,A,H,-,A,A,0,,,,,Y,,-,99,0,0,0,0,0,0,0,0,0,- ,- ,0,0,1500,2,LOS ANGELES,LOS ANGELES,CA,-118.5011422,34.18646622,"BALBOA BLVD & VICTORY BLVD, LOS ANGELES, CA",BALBOA BLVD,VICTORY BLVD,140210,
-118.4805722,34.13007355,30133,8818346,2019,2019-03-25T00:00:00.000Z,1942,2019-02-23T00:00:00.000Z,1300,41376,,6,5,7,1942,0,0,0,,0,,SEPULVEDA BL,SKIRBALL CENTER DR,2800,N,N,A,-,N,,0,0,,,0,,,,N,0,0,0,2,A,-,8,22107,,M,B,C,A,A,H,-,A,D,0,,,,,Y,,-,99,0,0,0,0,0,0,0,0,0,- ,- ,0,0,1500,2,LOS ANGELES,LOS ANGELES,CA,-118.4805722,34.13007355,"SEPULVEDA BLVD & SKIRBALL CENTER DR, LOS ANGELES, CA",SEPULVEDA BLVD,SKIRBALL CENTER DR,126796,
-118.4663672,34.17209625,30134,8818361,2019,2019-03-22T00:00:00.000Z,1942,2019-02-16T00:00:00.000Z,1230,38017,943,6,5,7,1942,0,0,0,I,0,9A41,BURBANK BL W,SEPULVEDA BL,50,W,N,A,-,N,,0,0,,,0,,,,N,0,0,0,2,A,-,21,22106,,M,C,C,A,A,H,-,A,D,0,,,,,Y,,-,99,0,0,0,0,0,0,0,0,0,- ,- ,0,0,1500,2,LOS ANGELES,LOS ANGELES,CA,-118.4663672,34.17209625,"BURBANK BLVD & SEPULVEDA BLVD, LOS ANGELES, CA",BURBANK BLVD,SEPULVEDA BLVD,115300,
-118.4490622,34.18465042,30135,8818389,2019,2019-03-22T00:00:00.000Z,1942,2019-02-05T00:00:00.000Z,1415,33294,935,2,5,7,1942,0,0,0,I,0,9A41,SYLVAN ST,VAN NUYS BL,100,W,N,A,-,N,,0,0,,,0,,,,N,0,0,0,2,A,-,9,21804,A,M,D,C,A,A,H,-,A,A,0,,,,,Y,,-,99,0,0,0,0,0,0,0,0,0,- ,- ,0,0,1500,2,LOS ANGELES,LOS ANGELES,CA,-118.4490622,34.18465042,"SYLVAN ST & VAN NUYS BLVD, LOS ANGELES, CA",SYLVAN ST,VAN NUYS BLVD,146985,
-118.5317022,34.20118332,30136,8819239,2019,2019-03-06T00:00:00.000Z,1942,2019-02-07T00:00:00.000Z,1420,39200,1025,4,5,7,1942,0,0,0,J,0,1.00E+02,SHERMAN WY,ETIWANDA AV,0,,-,A,-,N,,0,0,,,0,,,,Y,4,0,1,2,A,-,9,21801,A,N,D,C,A,A,H,-,A,A,0,,,,,Y,,-,- ,0,0,1,0,0,0,0,0,0,- ,- ,0,0,1500,2,LOS ANGELES,LOS ANGELES,CA,-118.5317022,34.20118332,"SHERMAN WAY & ETIWANDA AVE, LOS ANGELES, CA",SHERMAN WAY,ETIWANDA AVE,129872,
-118.4312527,34.15605545,30137,8819247,2019,2019-03-21T00:00:00.000Z,1942,2019-02-10T00:00:00.000Z,1430,35481,989,7,5,7,1942,0,0,0,I,0,9A89,WOODMAN AV,RIVERSIDE DR,565,S,N,C,-,Y,LA,7,101,-,-,15.29,R,4,N,Y,4,0,1,2,A,-,12,21453,A,N,D,C,A,B,H,-,A,A,0,,,,,Y,,A,7,0,0,1,0,0,0,0,0,0,- ,- ,0,0,1500,2,LOS ANGELES,LOS ANGELES,CA,-118.4312527,34.15605545,"WOODMAN AVE & RIVERSIDE DR, LOS ANGELES, CA",WOODMAN AVE,RIVERSIDE DR,133315,
-118.6049207,34.23527527,30138,8819261,2019,2019-03-21T00:00:00.000Z,1942,2019-02-11T00:00:00.000Z,1410,42051,2104,1,5,7,1942,0,0,0,,0,21A5,TOPANGA CANYON BL,NORDHOFF ST,70,S,N,A,-,Y,LA,7,27,-,-,17,H,-,N,N,4,0,1,3,A,-,3,22350,,N,C,C,A,A,H,-,A,D,0,,,,,Y,,A,7,0,0,1,0,0,0,0,0,0,- ,- ,0,0,1500,2,LOS ANGELES,LOS ANGELES,CA,-118.6049207,34.23527527,"TOPANGA CANYON BLVD & NORDHOFF ST, LOS ANGELES, CA",TOPANGA CANYON BLVD,NORDHOFF ST,126667,
-118.3411818,34.10759354,30139,8819649,2019,2019-03-12T00:00:00.000Z,1942,2019-02-16T00:00:00.000Z,1200,36705,625,6,5,7,1942,0,0,0,F,0,6A31,N SYCAMORE AV,CAMROSE,0,,N,A,-,N,,0,0,,,0,,,,N,0,0,0,1,A,-,21,22106,,M,E,I,A,A,H,-,A,D,0,,,,,Y,,-,99,0,0,0,0,0,0,0,0,0,- ,- ,0,0,1500,2,LOS ANGELES,LOS ANGELES,CA,-118.3411818,34.10759354,"SYCAMORE AVE & CAMROSE DR, LOS ANGELES, CA",SYCAMORE AVE,CAMROSE DR,105872,
-118.2958692,33.96001434,30140,8820447,2019,2019-03-21T00:00:00.000Z,1942,2019-02-26T00:00:00.000Z,1220,42132,1265,2,5,7,1942,0,0,0,L,0,12A93,MANCHESTER,BUDLONG,10,E,N,A,-,N,,0,0,,,0,,,,,4,0,1,2,A,-,8,22107,,N,B,C,A,A,H,-,A,A,0,,,,,Y,,A,1,0,0,1,0,0,0,0,0,0,- ,- ,0,0,1500,2,LOS ANGELES,LOS ANGELES,CA,-118.2958692,33.96001434,"MANCHESTER AVE & BUDLONG AVE,, CA",MANCHESTER AVE,BUDLONG AVE,120695,
-118.2326028,34.06404114,30141,8820998,2019,2019-03-21T00:00:00.000Z,1942,2019-02-08T00:00:00.000Z,1430,42174,118,5,5,7,1942,0,0,0,A,0,1X32,NORTH MAIN ST,LLEWELLYN ST,50,E,N,A,-,N,,0,0,,,0,,,,N,4,0,1,2,A,-,9,21801,A,N,D,C,A,A,H,-,A,A,0,,,,,Y,,A,1,0,0,1,0,0,0,0,0,0,- ,- ,0,0,1500,2,LOS ANGELES,LOS ANGELES,CA,-118.2326028,34.06404114,"N MAIN ST & LLEWELLYN ST, LOS ANGELES, CA",N MAIN ST,LLEWELLYN ST,125422,
-118.2063456,34.13513565,30142,8821211,2019,2019-04-04T00:00:00.000Z,1942,2019-02-02T00:00:00.000Z,1450,40099,1115,6,5,7,1942,0,0,0,K,0,11A17,LA RODA AV,LINDA ROSA AV,35,S,N,C,-,N,,0,0,,,0,,,,N,4,0,1,2,A,-,1,23152,A,N,C,E,A,B,H,-,A,D,0,,,,,Y,Y,A,1,0,0,1,0,0,0,0,0,0,- ,- ,0,0,1500,2,LOS ANGELES,LOS ANGELES,CA,-118.2063456,34.13513565,"LA RODA AVE & LINDA ROSA AVE, LOS ANGELES, CA",LA RODA AVE,LINDA ROSA AVE,96957,
-118.196138,34.07650375,30143,8821218,2019,2019-05-16T00:00:00.000Z,1942,2019-02-15T00:00:00.000Z,1310,40743,417,5,5,7,1942,0,0,0,,0,4A9,COMMODORE ST,MALLARD ST,100,S,N,B,-,N,,0,0,,,0,,,,Y,4,0,1,2,A,-,3,22350,,N,A,C,A,A,H,-,A,A,0,,,,Y,Y,,A,1,0,0,1,0,0,0,0,0,0,- ,- ,0,0,1500,2,LOS ANGELES,LOS ANGELES,CA,-118.196138,34.07650375,"COMMODORE ST & MALLARD ST, LOS ANGELES, CA",COMMODORE ST,MALLARD ST,132247,