X,Y,OBJECTID,case_id,accident_year,proc_date,juris,collision_date,collision_time,officer_id,reporting_district,day_of_week,chp_shift,population,cnty_city_loc,special_cond,beat_type,chp_beat_type,city_division_lapd,chp_beat_class,beat_number,primary_rd,secondary_rd,distance,direction,intersection,weather_1,weather_2,state_hwy_ind,caltrans_county,caltrans_district,state_route,route_suffix,postmile_prefix,postmile,location_type,ramp_intersection,side_of_hwy,tow_away,collision_severity,number_killed,number_injured,party_count,primary_coll_factor,pcf_code_of_viol,pcf_viol_category,pcf_violation,pcf_viol_subsection,hit_and_run,type_of_collision,mviw,ped_action,road_surface,road_cond_1,road_cond_2,lighting,control_device,chp_road_type,pedestrian_accident,bicycle_accident,motorcycle_accident,truck_accident,not_private_property,alcohol_involved,stwd_vehtype_at_fault,chp_vehtype_at_fault,count_severe_inj,count_visible_inj,count_complaint_pain,count_ped_killed,count_ped_injured,count_bicyclist_killed,count_bicyclist_injured,count_mc_killed,count_mc_injured,primary_ramp,secondary_ramp,latitude,longitude,timecat,month_,city,county,state,point_x,point_y,match_addr,m_primaryrd,m_secondrd,int_id,Flag
-118.2513982,34.06313705,30144,8821243,2019,2019-04-04T00:00:00.000Z,1942,2019-02-08T00:00:00.000Z,1345,34462,239,5,5,7,1942,0,0,0,,0,239,BEAUDRY AV,TEMPLE ST,15,S,N,A,-,N,,0,0,,,0,,,,N,0,0,0,2,A,-,7,21658,A,N,C,C,A,A,D,-,A,A,0,,,,Y,Y,,F,25,0,0,0,0,0,0,0,0,0,- ,- ,0,0,1500,2,LOS ANGELES,LOS ANGELES,CA,-118.2513982,34.06313705,"BEAUDRY AVE & TEMPLE ST, LOS ANGELES, CA",BEAUDRY AVE,TEMPLE ST,97035,
-118.2479556,34.04565811,30145,8821246,2019,2019-04-15T00:00:00.000Z,1942,2019-02-21T00:00:00.000Z,1210,42876,155,4,5,7,1942,0,0,0,A,0,1A35,LOS ANGELES ST,5TH ST,183,S,N,A,-,N,,0,0,,,0,,,,N,0,0,0,2,A,-,7,21658,A,N,B,C,A,A,H,-,A,D,0,,,,Y,Y,,-,- ,0,0,0,0,0,0,0,0,0,- ,- ,0,0,1500,2,LOS ANGELES,LOS ANGELES,CA,-118.2479556,34.04565811,"LOS ANGELES ST & 5TH ST, LOS ANGELES, CA",LOS ANGELES ST,5TH ST,99976,
-118.2571701,34.03450012,30146,8821254,2019,2019-04-04T00:00:00.000Z,1942,2019-02-26T00:00:00.000Z,1415,40275,185,2,5,7,1942,0,0,0,R,0,1A85,PICO BL,MAPLE AV,30,E,N,A,-,N,,0,0,,,0,,,,N,0,0,0,2,A,-,8,22107,,N,B,C,A,A,H,-,A,D,0,,,,Y,Y,,I,12,0,0,0,0,0,0,0,0,0,- ,- ,0,0,1500,2,LOS ANGELES,LOS ANGELES,CA,-118.2571701,34.03450012,"PICO BLVD & MAPLE AVE, LOS ANGELES, CA",PICO BLVD,MAPLE AVE,134984,
-118.2432332,34.06018448,30147,8821255,2019,2019-04-04T00:00:00.000Z,1942,2019-02-15T00:00:00.000Z,1300,38729,111,5,5,7,1942,0,0,0,K,0,1A1,W CESAR E CHAVEZ AV,GRAND AV,250,E,N,A,-,N,,0,0,,,0,,,,N,0,0,0,2,A,-,7,21658,A,N,C,C,A,A,H,-,A,D,0,,,,,Y,,D,22,0,0,0,0,0,0,0,0,0,- ,- ,0,0,1500,2,LOS ANGELES,LOS ANGELES,CA,-118.2432332,34.06018448,"CESAR E CHAVEZ AVE & GRAND AVE, LOS ANGELES, CA",CESAR E CHAVEZ AVE,GRAND AVE,124668,
-118.2568922,34.04515457,30148,8821262,2019,2019-04-25T00:00:00.000Z,1942,2019-02-28T00:00:00.000Z,1440,43714,162,4,5,7,1942,0,0,0,A,0,1A61,OLIVE ST,8TH ST,0,,Y,A,-,N,,0,0,,,0,,,,Y,3,0,3,2,A,-,12,21453,A,N,D,C,A,A,H,-,A,A,0,,,,Y,Y,,F,21,0,1,2,0,0,0,0,0,0,- ,- ,0,0,1500,2,LOS ANGELES,LOS ANGELES,CA,-118.2568922,34.04515457,"OLIVE ST & 8TH ST, LOS ANGELES, CA",OLIVE ST,8TH ST,149208,
-118.2411821,34.05648422,30149,8821274,2019,2019-04-02T00:00:00.000Z,1942,2019-02-18T00:00:00.000Z,1300,38357,111,1,5,7,1942,0,0,0,A,0,1A1,NORTH SPRING ST,ARCADIA ST,0,,Y,A,-,N,,0,0,,,0,,,,N,4,0,5,2,A,-,12,21453,A,N,D,C,A,A,H,-,A,D,0,,,,,Y,,A,8,0,0,5,0,0,0,0,0,0,- ,- ,0,0,1500,2,LOS ANGELES,LOS ANGELES,CA,-118.2411821,34.05648422,"N SPRING ST & ARCADIA ST, LOS ANGELES, CA",N SPRING ST,ARCADIA ST,103607,
-118.4006122,34.22899628,30150,8821489,2019,2019-03-21T00:00:00.000Z,1942,2019-02-20T00:00:00.000Z,1320,41316,1681,3,5,7,1942,0,0,0,P,0,16A81,WICKS ST,LAUREL CANYON BL,0,W,N,B,-,N,,0,0,,,0,,,,N,0,0,0,2,A,-,6,21755,A,M,D,C,A,A,H,-,A,A,0,,,,,Y,,-,99,0,0,0,0,0,0,0,0,0,- ,- ,0,0,1500,2,LOS ANGELES,LOS ANGELES,CA,-118.4006122,34.22899628,"WICKS ST & LAUREL CANYON BLVD, LOS ANGELES, CA",WICKS ST,LAUREL CANYON BLVD,105249,
-118.2364943,34.05791092,30151,8821542,2019,2019-03-22T00:00:00.000Z,1942,2019-02-12T00:00:00.000Z,1455,35230,111,2,5,7,1942,0,0,0,A,0,1A1,E CESAR E CHAVEZ AV,ALAMEDA ST,195,E,N,A,-,N,,0,0,,,0,,,,Y,4,0,1,2,A,-,3,22350,,N,D,E,A,A,H,-,A,D,0,,,,,Y,,A,7,0,0,1,0,0,0,0,0,0,- ,- ,0,0,1500,2,LOS ANGELES,LOS ANGELES,CA,-118.2364943,34.05791092,"CESAR E CHAVEZ AVE & ALAMEDA ST, LOS ANGELES, CA",CESAR E CHAVEZ AVE,ALAMEDA ST,142232,
-118.2541465,34.03837204,30152,8821543,2019,2019-03-22T00:00:00.000Z,1942,2019-02-26T00:00:00.000Z,1255,34332,1303,2,5,7,1942,0,0,0,M,0,13A13,E OLYMPIC BL,MAPLE AV,40,W,N,A,-,N,,0,0,,,0,,,,N,3,0,1,2,A,-,21,22106,,F,G,B,E,A,H,-,A,A,0,Y,,,,Y,,-,99,0,1,0,0,1,0,0,0,0,- ,- ,0,0,1500,2,LOS ANGELES,LOS ANGELES,CA,-118.2541465,34.03837204,"OLYMPIC BLVD & MAPLE AVE, LOS ANGELES, CA",OLYMPIC BLVD,MAPLE AVE,131562,
-118.2349302,34.05744171,30153,8821550,2019,2019-03-25T00:00:00.000Z,1942,2019-02-12T00:00:00.000Z,1430,34269,119,2,5,7,1942,0,0,0,A,0,141,CESAR CHAVEZ AV,ALAMEDA ST,700,E,N,A,-,N,,0,0,,,0,,,,Y,3,0,1,2,A,-,3,22350,,N,C,C,A,A,H,-,A,D,0,,,,,Y,,A,1,0,1,0,0,0,0,0,0,0,- ,- ,0,0,1500,2,LOS ANGELES,LOS ANGELES,CA,-118.2349302,34.05744171,"CESAR E CHAVEZ AVE & ALAMEDA ST, LOS ANGELES, CA",CESAR E CHAVEZ AVE,ALAMEDA ST,142232,
-118.2381117,34.04396057,30154,8821551,2019,2019-03-22T00:00:00.000Z,1942,2019-02-19T00:00:00.000Z,1425,40275,159,2,5,7,1942,0,0,0,A,0,1A29,ALAMEDA ST,4TH ST,250,N,N,A,-,N,,0,0,,,0,,,,Y,3,0,3,2,A,-,9,21804,A,N,A,C,A,A,H,-,A,D,0,,,,,Y,,A,7,0,1,2,0,0,0,0,0,0,- ,- ,0,0,1500,2,LOS ANGELES,LOS ANGELES,CA,-118.2381117,34.04396057,"ALAMEDA ST & 4TH ST, LOS ANGELES, CA",ALAMEDA ST,4TH ST,103535,
-118.2353301,34.0613327,30155,8821559,2019,2019-03-22T00:00:00.000Z,1942,2019-02-18T00:00:00.000Z,1325,40008,119,1,5,7,1942,0,0,0,A,0,1A1,ALPINE ST,MAIN ST,25,N,N,A,-,N,,0,0,,,0,,,,N,4,0,1,2,A,-,3,22350,,N,C,C,A,A,H,-,A,D,0,,,,,Y,,A,7,0,0,1,0,0,0,0,0,0,- ,- ,0,0,1500,2,LOS ANGELES,LOS ANGELES,CA,-118.2353301,34.0613327,"ALPINE ST & N MAIN ST, LOS ANGELES, CA",ALPINE ST,N MAIN ST,142231,
-118.1921621,34.08143616,30156,8821585,2019,2019-03-25T00:00:00.000Z,1942,2019-02-01T00:00:00.000Z,1340,34426,407,5,5,7,1942,0,0,0,D,0,4A3,HUNTINGTON DR,ESMERALDA ST,0,,Y,A,-,N,,0,0,,,0,,,,N,4,0,1,2,A,-,12,21453,A,N,D,G,A,A,H,-,A,A,0,,Y,,,Y,,L,4,0,0,1,0,0,0,1,0,0,- ,- ,0,0,1500,2,LOS ANGELES,LOS ANGELES,CA,-118.1921621,34.08143616,"HUNTINGTON DR & ESMERALDA ST, LOS ANGELES, CA",HUNTINGTON DR,ESMERALDA ST,164412,
-118.2752691,34.05176163,30157,8821670,2019,2019-03-22T00:00:00.000Z,1942,2019-02-26T00:00:00.000Z,1200,31152,266,2,5,7,1942,0,0,0,B,0,2A75,JAMES M WOOD BL,BURLINGTON AV,80,E,N,A,-,N,,0,0,,,0,,,,N,0,0,0,2,A,-,3,22350,,M,C,C,A,A,H,-,A,D,0,,,,,Y,,-,99,0,0,0,0,0,0,0,0,0,- ,- ,0,0,1500,2,LOS ANGELES,LOS ANGELES,CA,-118.2752691,34.05176163,"JAMES M WOOD BLVD & BURLINGTON AVE, LOS ANGELES, CA",JAMES M WOOD BLVD,BURLINGTON AVE,124595,
-118.2901521,34.01832581,30158,8822808,2019,2019-03-27T00:00:00.000Z,1942,2019-02-28T00:00:00.000Z,1400,40066,315,4,5,7,1942,0,0,0,C,0,3A98,EXPOSITION BL,BILL ROBERTSON LN,0,,Y,A,-,N,,0,0,,,0,,,,Y,4,0,2,2,A,-,9,21801,A,N,D,C,A,A,H,-,A,A,0,,,,,Y,,A,1,0,0,2,0,0,0,0,0,0,- ,- ,0,0,1500,2,LOS ANGELES,LOS ANGELES,CA,-118.2901521,34.01832581,"EXPOSITION BLVD & BILL ROBERTSON LN, LOS ANGELES, CA",EXPOSITION BLVD,BILL ROBERTSON LN,98799,
-118.2093367,34.05732346,30159,8823463,2019,2019-03-27T00:00:00.000Z,1942,2019-02-13T00:00:00.000Z,1350,43068,445,3,5,7,1942,0,0,0,D,0,4A78,KINGSTON,MARENGO ST,42,S,N,A,-,N,,0,0,,,0,,,,N,4,0,1,2,A,-,9,21804,A,F,G,B,F,A,H,-,A,A,0,Y,,,,Y,,-,99,0,0,1,0,1,0,0,0,0,- ,- ,0,0,1500,2,LOS ANGELES,LOS ANGELES,CA,-118.2093367,34.05732346,"KINGSTON AVE & MARENGO ST, LOS ANGELES, CA",KINGSTON AVE,MARENGO ST,110600,
-118.2447421,34.04850388,30160,8823467,2019,2019-03-20T00:00:00.000Z,1942,2019-02-04T00:00:00.000Z,1300,37695,138,1,5,7,1942,0,0,0,A,0,1FB12,3RD ST,LOS ANGELES ST,0,,Y,C,-,N,,0,0,,,0,,,,N,3,0,3,2,A,-,3,22350,,N,C,C,A,B,H,-,A,D,0,,,,,Y,,A,1,0,1,2,0,0,0,0,0,0,- ,- ,0,0,1500,2,LOS ANGELES,LOS ANGELES,CA,-118.2447421,34.04850388,"3RD ST & LOS ANGELES ST, LOS ANGELES, CA",3RD ST,LOS ANGELES ST,128137,
-118.2153558,34.03422546,30161,8823491,2019,2019-03-27T00:00:00.000Z,1942,2019-02-10T00:00:00.000Z,1230,31152,477,7,5,7,1942,0,0,0,D,0,4A71,WHITTIER BL,SOTO ST,120,E,N,B,-,N,,0,0,,,0,,,,N,3,0,1,2,A,-,9,21804,A,F,H,A,A,A,H,-,A,D,0,,,Y,,Y,,-,- ,0,1,0,0,0,0,0,0,1,- ,- ,0,0,1500,2,LOS ANGELES,LOS ANGELES,CA,-118.2153558,34.03422546,"WHITTIER BLVD & SOTO ST, LOS ANGELES, CA",WHITTIER BLVD,SOTO ST,110577,
-118.2007722,34.05435562,30162,8823522,2019,2019-03-19T00:00:00.000Z,1942,2019-02-12T00:00:00.000Z,1200,40008,449,2,5,7,1942,0,0,0,D,0,4A59,N FICKETT ST,MARENGO ST,0,,Y,A,-,N,,0,0,,,0,,,,N,0,0,0,2,A,-,9,21802,A,M,D,C,A,A,H,-,A,A,0,,,,,Y,,-,99,0,0,0,0,0,0,0,0,0,- ,- ,0,0,1500,2,LOS ANGELES,LOS ANGELES,CA,-118.2007722,34.05435562,"FICKETT ST & MARENGO ST, LOS ANGELES, CA",FICKETT ST,MARENGO ST,138660,
-118.2483422,34.05975342,30163,8823528,2019,2019-03-19T00:00:00.000Z,1942,2019-02-13T00:00:00.000Z,1240,32973,122,3,5,7,1942,0,0,0,A,0,1A1,W TEMPLE ST,DEWAP RD,0,,Y,B,-,N,,0,0,,,0,,,,N,4,0,2,2,A,-,9,21801,A,N,D,C,A,A,H,-,A,A,0,,,,,Y,,A,1,0,0,2,0,0,0,0,0,0,- ,- ,0,0,1500,2,LOS ANGELES,LOS ANGELES,CA,-118.2483422,34.05975342,"TEMPLE ST & DEWAP RD, LOS ANGELES, CA",TEMPLE ST,DEWAP RD,145774,
-118.2634229,34.0145607,30164,8823549,2019,2019-03-19T00:00:00.000Z,1942,2019-02-23T00:00:00.000Z,1400,34458,1333,6,5,7,1942,0,0,0,M,0,13A43,JEFFERSON BL,STANFORD AV,10,E,N,A,-,N,,0,0,,,0,,,,Y,0,0,0,2,A,-,17,22517,,M,B,E,A,A,H,-,A,D,0,,,,,Y,,A,1,0,0,0,0,0,0,0,0,0,- ,- ,0,0,1500,2,LOS ANGELES,LOS ANGELES,CA,-118.2634229,34.0145607,"JEFFERSON BLVD & STANFORD AVE, LOS ANGELES, CA",JEFFERSON BLVD,STANFORD AVE,106857,
-118.2435199,33.99592209,30165,8823550,2019,2019-03-19T00:00:00.000Z,1942,2019-02-23T00:00:00.000Z,1400,37505,1367,6,5,7,1942,0,0,0,M,0,13A75,LONG BEACH AV,E 52ND ST,75,N,N,A,-,N,,0,0,,,0,,,,Y,0,0,0,3,A,-,3,22350,,M,C,E,A,A,H,-,A,D,0,,,,,Y,,-,99,0,0,0,0,0,0,0,0,0,- ,- ,0,0,1500,2,LOS ANGELES,LOS ANGELES,CA,-118.2435199,33.99592209,"LONG BEACH AVE & 52ND ST, LOS ANGELES, CA",LONG BEACH AVE,52ND ST,102313,
-118.1780388,34.06802368,30166,8823565,2019,2019-03-18T00:00:00.000Z,1942,2019-02-11T00:00:00.000Z,1450,40099,438,1,5,7,1942,0,0,0,D,0,4A9,BRAWLEY ST,ALHAMBRA AV,40,N,N,A,-,N,,0,0,,,0,,,,Y,0,0,0,1,A,-,3,22350,,N,H,J,A,A,H,-,A,D,0,,,,,Y,,A,1,0,0,0,0,0,0,0,0,0,- ,- ,0,0,1500,2,LOS ANGELES,LOS ANGELES,CA,-118.1780388,34.06802368,"BRAWLEY ST & ALHAMBRA AVE, LOS ANGELES, CA",BRAWLEY ST,ALHAMBRA AVE,135910,
-118.3126238,34.04717636,30167,8824067,2019,2019-04-23T00:00:00.000Z,1942,2019-02-24T00:00:00.000Z,1445,41376,2071,7,5,7,1942,0,0,0,,0,20A71,W PICO BL,GRAMERCY PL,130,E,N,A,-,N,,0,0,,,0,,,,Y,2,0,3,6,A,-,5,21460,A,N,B,C,A,A,H,-,A,D,0,,,,,Y,,A,1,2,0,1,0,0,0,0,0,0,- ,- ,0,0,1500,2,LOS ANGELES,LOS ANGELES,CA,-118.3126238,34.04717636,"PICO BLVD & GRAMERCY PL, LOS ANGELES, CA",PICO BLVD,GRAMERCY PL,145690,
-118.3089522,33.99692535,30168,8824191,2019,2019-04-02T00:00:00.000Z,1942,2019-02-13T00:00:00.000Z,1445,41849,1203,3,5,7,1942,0,0,0,L,0,12A3,WESTERN AV,51ST ST,0,,Y,A,-,N,,0,0,,,0,,,,Y,4,0,1,4,A,-,5,21651,B,F,B,C,A,A,H,-,A,A,0,,,,,Y,,D,22,0,0,1,0,0,0,0,0,0,- ,- ,0,0,1500,2,LOS ANGELES,LOS ANGELES,CA,-118.3089522,33.99692535,"WESTERN AVE & 51ST ST, LOS ANGELES, CA",WESTERN AVE,51ST ST,124382,
-118.2826222,33.93824387,30169,8824324,2019,2019-03-22T00:00:00.000Z,1942,2019-02-28T00:00:00.000Z,1300,37344,1842,4,5,7,1942,0,0,0,R,0,18U3,FIGUEROA ST,108TH ST,0,,Y,A,-,N,,0,0,,,0,,,,Y,0,0,0,2,A,-,12,21453,A,M,D,C,A,A,H,-,A,A,0,,,,,Y,,-,99,0,0,0,0,0,0,0,0,0,- ,- ,0,0,1500,2,LOS ANGELES,LOS ANGELES,CA,-118.2826222,33.93824387,"FIGUEROA ST & 108TH ST, LOS ANGELES, CA",FIGUEROA ST,108TH ST,120226,
-118.3182521,34.01073074,30170,8824336,2019,2019-03-22T00:00:00.000Z,1942,2019-02-26T00:00:00.000Z,1300,42772,374,2,5,7,1942,0,0,0,C,0,03A,ARLINGTON AV,MARTIN LUTHER KING BL,30,S,N,A,-,N,,0,0,,,0,,,,N,0,0,0,2,A,-,7,21658,A,M,B,C,A,A,H,-,A,D,0,,,,,Y,Y,-,99,0,0,0,0,0,0,0,0,0,- ,- ,0,0,1500,2,LOS ANGELES,LOS ANGELES,CA,-118.3182521,34.01073074,"ARLINGTON AVE & MARTIN LUTHER KING JR BLVD, LOS ANGELES, CA",ARLINGTON AVE,MARTIN LUTHER KING JR BLVD,120267,
-118.2950727,34.063591,30171,8824387,2019,2019-03-21T00:00:00.000Z,1942,2019-02-28T00:00:00.000Z,1440,34882,2027,4,5,7,1942,0,0,0,,0,20A45,6TH ST,CATALINA ST,100,E,N,A,-,N,,0,0,,,0,,,,N,4,0,1,2,A,-,3,22350,,F,C,C,A,A,H,-,A,D,0,,,,,Y,,-,99,0,0,1,0,0,0,0,0,0,- ,- ,0,0,1500,2,LOS ANGELES,LOS ANGELES,CA,-118.2950727,34.063591,"6TH ST & CATALINA ST, LOS ANGELES, CA",6TH ST,CATALINA ST,111303,
-118.3090036,33.97170639,30172,8824633,2019,2019-03-26T00:00:00.000Z,1942,2019-02-27T00:00:00.000Z,1210,33599,1253,3,5,7,1942,0,0,0,L,0,12A53,WESTERN AV,75TH ST,50,S,N,A,-,N,,0,0,,,0,,,,N,0,0,0,2,A,-,0,20015,A,M,B,E,A,A,H,-,A,D,0,,,,,Y,,-,99,0,0,0,0,0,0,0,0,0,- ,- ,0,0,1500,2,LOS ANGELES,LOS ANGELES,CA,-118.3090036,33.97170639,"WESTERN AVE & 75TH ST, LOS ANGELES, CA",WESTERN AVE,75TH ST,141705,
-118.2923021,33.75379562,30173,8824709,2019,2019-03-26T00:00:00.000Z,1942,2019-02-25T00:00:00.000Z,1320,38627,541,1,5,7,1942,0,0,0,E,0,5F5,GAFFEY ST,CHANNEL ST,0,,Y,A,-,N,,0,0,,,0,,,,N,3,0,1,2,A,-,9,21801,A,N,D,C,A,A,H,-,A,A,0,,,,,Y,,A,7,0,1,0,0,0,0,0,0,0,- ,- ,0,0,1500,2,LOS ANGELES,LOS ANGELES,CA,-118.2923021,33.75379562,"GAFFEY ST & CHANNEL ST, LOS ANGELES, CA",GAFFEY ST,CHANNEL ST,143000,
-118.2300287,34.03239822,30175,8824865,2019,2019-04-02T00:00:00.000Z,1942,2019-02-12T00:00:00.000Z,1450,37952,1309,2,5,7,1942,0,0,0,M,0,1309,S SANTA FE AV,VIOLET ST,64,S,N,B,-,N,,0,0,,,0,,,,N,0,0,0,1,A,-,8,22107,,N,E,I,A,A,H,-,A,-,0,,,,Y,Y,,F,89,0,0,0,0,0,0,0,0,0,- ,- ,0,0,1500,2,LOS ANGELES,LOS ANGELES,CA,-118.2300287,34.03239822,"SANTA FE AVE & VIOLET ST, LOS ANGELES, CA",SANTA FE AVE,VIOLET ST,138650,
-118.2652869,34.01464844,30176,8825469,2019,2019-04-08T00:00:00.000Z,1942,2019-02-07T00:00:00.000Z,1230,42040,1343,4,5,7,1942,0,0,0,M,0,13A43,AVALON BL,JEFFERSON BL,250,S,N,A,-,N,,0,0,,,0,,,,N,0,0,0,2,A,-,3,22350,,M,B,E,A,A,H,-,A,D,0,,,,,Y,,A,1,0,0,0,0,0,0,0,0,0,- ,- ,0,0,1500,2,LOS ANGELES,LOS ANGELES,CA,-118.2652869,34.01464844,"AVALON BLVD & JEFFERSON BLVD, LOS ANGELES, CA",AVALON BLVD,JEFFERSON BLVD,103343,
-118.2652421,33.98336411,30177,8825608,2019,2019-03-27T00:00:00.000Z,1942,2019-02-16T00:00:00.000Z,1325,40611,1385,6,5,7,1942,0,0,0,M,0,13X45,AVALON BL,62ND ST,0,,Y,A,-,N,,0,0,,,0,,,,N,4,0,1,2,A,-,10,21950,,N,G,B,A,A,H,-,A,D,0,,,Y,,Y,,A,1,0,0,1,0,0,0,0,0,1,- ,- ,0,0,1500,2,LOS ANGELES,LOS ANGELES,CA,-118.2652421,33.98336411,"AVALON BLVD & 62ND ST, LOS ANGELES, CA",AVALON BLVD,62ND ST,103108,
-118.2820703,33.77890778,30178,8825887,2019,2019-03-29T00:00:00.000Z,1942,2019-02-20T00:00:00.000Z,1415,39361,523,3,5,7,1942,0,0,0,E,0,5X64,ANAHEIM ST,I ST,30,W,N,A,-,N,,0,0,,,0,,,,N,0,0,0,2,A,-,8,22107,,M,D,C,A,A,H,-,A,D,0,,,,,Y,,-,99,0,0,0,0,0,0,0,0,0,- ,- ,0,0,1500,2,LOS ANGELES,LOS ANGELES,CA,-118.2820703,33.77890778,"ANAHEIM ST & I ST, LOS ANGELES, CA",ANAHEIM ST,I ST,1956,
-118.281328,33.79050064,30179,8826270,2019,2019-05-21T00:00:00.000Z,1942,2019-02-19T00:00:00.000Z,1205,42769,514,2,5,7,1942,0,0,0,,0,5XL3-W,PACIFIC COAST HWY,FIGUEROA ST,66,W,N,A,-,Y,LA,7,1,-,-,11.68,H,-,S,N,0,0,0,2,A,-,8,22100,A,M,B,C,A,A,H,-,A,A,0,,,,,Y,,-,99,0,0,0,0,0,0,0,0,0,- ,- ,0,0,1500,2,LOS ANGELES,LOS ANGELES,CA,-118.281328,33.79050064,"PACIFIC COAST HWY & FIGUEROA ST, LOS ANGELES, CA",PACIFIC COAST HWY,FIGUEROA ST,141885,
-118.2563145,34.00574493,30180,8826428,2019,2019-04-05T00:00:00.000Z,1942,2019-02-07T00:00:00.000Z,1400,43282,1353,4,5,7,1942,0,0,0,M,0,13A43,43RD ST,CENTRAL AV,60,E,-,A,-,N,,0,0,,,0,,,,N,4,0,1,2,A,-,8,22100,B,N,A,C,A,A,H,-,A,D,0,,,,,Y,,-,- ,0,0,1,0,0,0,0,0,0,- ,- ,0,0,1500,2,LOS ANGELES,LOS ANGELES,CA,-118.2563145,34.00574493,"43RD ST & CENTRAL AVE, LOS ANGELES, CA",43RD ST,CENTRAL AVE,127948,
-118.5975422,34.20466614,30181,8826790,2019,2019-04-24T00:00:00.000Z,1942,2019-02-24T00:00:00.000Z,1410,41158,2136,7,5,7,1942,0,0,0,,0,21A5,CANOGA AV,VALERIO ST,0,,Y,A,-,N,,0,0,,,0,,,,Y,3,0,1,2,A,-,12,21453,A,N,D,C,A,A,H,-,A,A,0,,,,,Y,,-,- ,0,1,0,0,0,0,0,0,0,- ,- ,0,0,1500,2,LOS ANGELES,LOS ANGELES,CA,-118.5975422,34.20466614,"CANOGA AVE & VALERIO ST, LOS ANGELES, CA",CANOGA AVE,VALERIO ST,126056,
-118.5975422,34.21555328,30182,8826798,2019,2019-04-24T00:00:00.000Z,1942,2019-02-27T00:00:00.000Z,1400,34420,2126,3,5,7,1942,0,0,0,,0,21A5,CANOGA AV,STRATHERN ST,0,,Y,B,-,N,,0,0,,,0,,,,Y,4,0,1,2,A,-,9,21801,A,N,D,C,A,A,H,-,A,A,0,,,,,Y,,D,22,0,0,1,0,0,0,0,0,0,- ,- ,0,0,1500,2,LOS ANGELES,LOS ANGELES,CA,-118.5975422,34.21555328,"CANOGA AVE & STRATHERN ST, LOS ANGELES, CA",CANOGA AVE,STRATHERN ST,115398,
-118.3965322,34.22164536,30183,8826941,2019,2019-04-24T00:00:00.000Z,1942,2019-02-27T00:00:00.000Z,1225,30830,1684,3,5,7,1942,0,0,0,P,0,16A81,LAUREL CANYON BL,ROSCOE BL,0,,Y,A,-,N,,0,0,,,0,,,,Y,3,0,4,2,D,-,0,0,,N,D,C,A,A,H,-,A,A,0,,,,,Y,,-,- ,0,2,2,0,0,0,0,0,0,- ,- ,0,0,1500,2,LOS ANGELES,LOS ANGELES,CA,-118.3965322,34.22164536,"LAUREL CANYON BLVD & ROSCOE BLVD, LOS ANGELES, CA",LAUREL CANYON BLVD,ROSCOE BLVD,118801,
-118.5663619,34.22820664,30185,8827028,2019,2019-04-04T00:00:00.000Z,1942,2019-02-26T00:00:00.000Z,1230,38285,1792,2,5,7,1942,0,0,0,Q,0,17A67,PARTHENIA ST,OAKDALE AV,100,E,N,A,-,N,,0,0,,,0,,,,N,3,0,1,2,A,-,8,22107,,N,B,G,A,A,H,-,A,D,0,,Y,,,Y,,L,4,0,1,0,0,0,0,1,0,0,- ,- ,0,0,1500,2,LOS ANGELES,LOS ANGELES,CA,-118.5663619,34.22820663,"PARTHENIA ST & OAKDALE AVE, LOS ANGELES, CA",PARTHENIA ST,OAKDALE AVE,147902,
-118.3005522,34.09811401,30186,8827051,2019,2019-04-19T00:00:00.000Z,1942,2019-02-21T00:00:00.000Z,1430,39972,1163,4,5,7,1942,0,0,0,K,0,11A51,SUNSET BL,NORMANDIE AV,0,,Y,A,-,N,,0,0,,,0,,,,N,4,0,2,2,A,-,12,21453,A,N,D,C,A,A,H,-,A,A,0,,,,,Y,,-,- ,0,0,2,0,0,0,0,0,0,- ,- ,0,0,1500,2,LOS ANGELES,LOS ANGELES,CA,-118.3005522,34.09811401,"SUNSET BLVD & NORMANDIE AVE, LOS ANGELES, CA",SUNSET BLVD,NORMANDIE AVE,142971,
-118.4452122,34.29417419,30187,8827055,2019,2019-03-28T00:00:00.000Z,1942,2019-02-28T00:00:00.000Z,1430,27595,0,4,5,7,1942,0,0,0,,0,,BRADLEY AV,HUBBARD ST,0,,Y,B,-,N,,0,0,,,0,,,,Y,3,0,4,2,A,-,9,21801,A,N,D,C,A,A,H,-,A,A,0,,,,,Y,,A,1,0,3,1,0,0,0,0,0,0,- ,- ,0,0,1500,2,LOS ANGELES,LOS ANGELES,CA,-118.4452122,34.29417419,"BRADLEY AVE & HUBBARD ST, LOS ANGELES, CA",BRADLEY AVE,HUBBARD ST,154978,
-118.5950922,34.22822571,30188,8827071,2019,2019-04-02T00:00:00.000Z,1942,2019-02-25T00:00:00.000Z,1345,42051,2107,1,5,7,1942,0,0,0,,0,21A5,ETON AV,PARTHENIA ST,0,,Y,A,-,N,,0,0,,,0,,,,Y,3,0,1,2,A,-,9,21802,A,N,D,C,A,A,H,-,A,A,0,,,,,Y,,A,1,0,1,0,0,0,0,0,0,0,- ,- ,0,0,1500,2,LOS ANGELES,LOS ANGELES,CA,-118.5950922,34.22822571,"ETON AVE & PARTHENIA ST, LOS ANGELES, CA",ETON AVE,PARTHENIA ST,144415,