X,Y,OBJECTID,case_id,accident_year,proc_date,juris,collision_date,collision_time,officer_id,reporting_district,day_of_week,chp_shift,population,cnty_city_loc,special_cond,beat_type,chp_beat_type,city_division_lapd,chp_beat_class,beat_number,primary_rd,secondary_rd,distance,direction,intersection,weather_1,weather_2,state_hwy_ind,caltrans_county,caltrans_district,state_route,route_suffix,postmile_prefix,postmile,location_type,ramp_intersection,side_of_hwy,tow_away,collision_severity,number_killed,number_injured,party_count,primary_coll_factor,pcf_code_of_viol,pcf_viol_category,pcf_violation,pcf_viol_subsection,hit_and_run,type_of_collision,mviw,ped_action,road_surface,road_cond_1,road_cond_2,lighting,control_device,chp_road_type,pedestrian_accident,bicycle_accident,motorcycle_accident,truck_accident,not_private_property,alcohol_involved,stwd_vehtype_at_fault,chp_vehtype_at_fault,count_severe_inj,count_visible_inj,count_complaint_pain,count_ped_killed,count_ped_injured,count_bicyclist_killed,count_bicyclist_injured,count_mc_killed,count_mc_injured,primary_ramp,secondary_ramp,latitude,longitude,timecat,month_,city,county,state,point_x,point_y,match_addr,m_primaryrd,m_secondrd,int_id,Flag
-118.5709622,34.18569565,30189,8827079,2019,2019-04-02T00:00:00.000Z,1942,2019-02-26T00:00:00.000Z,1320,34420,2158,2,5,7,1942,0,0,0,,0,21A97,WINNETKA AV,VICTORY BL,0,,Y,B,-,N,,0,0,,,0,,,,Y,4,0,1,2,A,-,12,21453,A,N,D,C,A,A,H,-,A,A,0,,,,,Y,,A,1,0,0,1,0,0,0,0,0,0,- ,- ,0,0,1500,2,LOS ANGELES,LOS ANGELES,CA,-118.5709622,34.18569565,"WINNETKA AVE & VICTORY BLVD, LOS ANGELES, CA",WINNETKA AVE,VICTORY BLVD,111599,
-118.2584722,34.04846954,30190,8828121,2019,2019-04-08T00:00:00.000Z,1942,2019-02-03T00:00:00.000Z,1415,40237,152,7,5,7,1942,0,0,0,A,0,1EL3,7TH ST,FLOWER ST,125,E,N,B,C,N,,0,0,,,0,,,,Y,4,0,2,2,A,-,3,22350,,F,C,C,A,B,H,-,A,A,0,,,,,Y,,A,1,0,0,2,0,0,0,0,0,0,- ,- ,0,0,1500,2,LOS ANGELES,LOS ANGELES,CA,-118.2584722,34.04846954,"7TH ST & FLOWER ST, LOS ANGELES, CA",7TH ST,FLOWER ST,124599,
-118.2610342,34.04628754,30191,8828493,2019,2019-04-05T00:00:00.000Z,1942,2019-02-24T00:00:00.000Z,1210,38492,162,7,5,7,1942,0,0,0,A,0,1X92,FLOWER ST,9TH ST,220,N,N,A,-,N,,0,0,,,0,,,,N,0,0,0,2,A,-,7,21658,A,M,B,C,A,A,H,-,A,A,0,,,,,Y,,-,99,0,0,0,0,0,0,0,0,0,- ,- ,0,0,1500,2,LOS ANGELES,LOS ANGELES,CA,-118.2610342,34.04628754,"FLOWER ST & 9TH ST, LOS ANGELES, CA",FLOWER ST,9TH ST,131559,
-118.2418784,34.03011322,30192,8828932,2019,2019-04-26T00:00:00.000Z,1942,2019-02-14T00:00:00.000Z,1205,42228,1317,4,5,7,1942,0,0,0,M,0,13A9,OLYMPIC BL,NAOMI AV,20,W,N,C,-,N,,0,0,,,0,,,,N,0,0,0,2,A,-,7,21658,A,M,B,C,A,B,H,-,A,A,0,,,,,Y,,-,99,0,0,0,0,0,0,0,0,0,- ,- ,0,0,1500,2,LOS ANGELES,LOS ANGELES,CA,-118.2418784,34.03011322,"OLYMPIC BLVD & NAOMI AVE, LOS ANGELES, CA",OLYMPIC BLVD,NAOMI AVE,128194,
-118.4509054,34.19034958,30193,8829623,2019,2019-04-18T00:00:00.000Z,1942,2019-02-05T00:00:00.000Z,1200,39410,923,2,5,7,1942,0,0,0,I,0,9A23,VESPER AV,KITTRIDGE ST,115,S,N,A,-,N,,0,0,,,0,,,,N,0,0,0,2,A,-,21,22106,,M,H,C,A,A,H,-,A,A,0,,,,,Y,,-,99,0,0,0,0,0,0,0,0,0,- ,- ,0,0,1500,2,LOS ANGELES,LOS ANGELES,CA,-118.4509054,34.19034958,"VESPER AVE & KITTRIDGE ST, LOS ANGELES, CA",VESPER AVE,KITTRIDGE ST,126232,
-118.4207958,33.99088669,30194,8830153,2019,2019-04-09T00:00:00.000Z,1942,2019-02-15T00:00:00.000Z,1230,38688,1455,5,5,7,1942,0,0,0,N,0,14A45,S CENTINELA AV,CULVER BL,50,S,N,B,-,N,,0,0,,,0,,,,N,4,0,1,2,A,-,4,21703,,N,C,C,A,A,H,-,A,D,0,,,,,Y,,D,22,0,0,1,0,0,0,0,0,0,- ,- ,0,0,1500,2,LOS ANGELES,LOS ANGELES,CA,-118.4207958,33.99088669,"CENTINELA AVE & CULVER BLVD, LOS ANGELES, CA",CENTINELA AVE,CULVER BLVD,109407,
-118.3965322,34.22164536,30195,8830202,2019,2019-03-29T00:00:00.000Z,1942,2019-02-22T00:00:00.000Z,1330,42314,1684,5,5,7,1942,0,0,0,P,0,16A81,ROSCOE BL,LAUREL CANYON BL,0,,Y,A,-,N,,0,0,,,0,,,,N,4,0,1,2,A,-,12,21453,A,N,A,C,A,A,H,-,A,A,0,,,,,Y,,A,1,0,0,1,0,0,0,0,0,0,- ,- ,0,0,1500,2,LOS ANGELES,LOS ANGELES,CA,-118.3965322,34.22164536,"ROSCOE BLVD & LAUREL CANYON BLVD, LOS ANGELES, CA",ROSCOE BLVD,LAUREL CANYON BLVD,118801,
-118.4032455,34.2482605,30196,8830230,2019,2019-03-29T00:00:00.000Z,1942,2019-02-22T00:00:00.000Z,1315,38876,1653,5,5,7,1942,0,0,0,P,0,16A23,SAN FERNANDO RD,BRANFORD ST,14,N,N,A,-,N,,0,0,,,0,,,,N,4,0,1,2,A,-,12,21453,A,N,D,G,A,A,H,-,A,A,0,,Y,,,Y,,L,4,0,0,1,0,0,0,1,0,0,- ,- ,0,0,1500,2,LOS ANGELES,LOS ANGELES,CA,-118.4032455,34.2482605,"SAN FERNANDO RD & BRANFORD ST, LOS ANGELES, CA",SAN FERNANDO RD,BRANFORD ST,115952,
-118.2783222,33.98601532,30197,8830336,2019,2019-03-27T00:00:00.000Z,1942,2019-02-05T00:00:00.000Z,1215,42932,1383,2,5,7,1942,0,0,0,M,0,13A93,BROADWAY,59TH PL,0,,Y,B,-,N,,0,0,,,0,,,,N,4,0,1,2,A,-,12,21453,A,N,D,C,A,A,H,-,A,A,0,,,,,Y,,A,7,0,0,1,0,0,0,0,0,0,- ,- ,0,0,1500,2,LOS ANGELES,LOS ANGELES,CA,-118.2783222,33.98601532,"BROADWAY & 59TH PL, LOS ANGELES, CA",BROADWAY,59TH PL,110160,
-118.2874322,34.10269547,30198,8830354,2019,2019-03-28T00:00:00.000Z,1942,2019-02-25T00:00:00.000Z,1425,35230,1142,1,5,7,1942,0,0,0,K,0,11A1,HILLHURST AV,KINGSWELL AV,0,,Y,A,-,N,,0,0,,,0,,,,N,4,0,1,2,A,-,8,22107,,N,B,C,A,A,H,-,A,A,0,,,,,Y,,-,99,0,0,1,0,0,0,0,0,0,- ,- ,0,0,1500,2,LOS ANGELES,LOS ANGELES,CA,-118.2874322,34.10269547,"HILLHURST AVE & KINGSWELL AVE, LOS ANGELES, CA",HILLHURST AVE,KINGSWELL AVE,97016,
-118.1846776,34.12215042,30199,8830355,2019,2019-03-28T00:00:00.000Z,1942,2019-02-07T00:00:00.000Z,1345,43579,1128,4,5,7,1942,0,0,0,K,0,11A25,FIGUEROA ST,MYOSOTIS ST,30,N,N,A,-,N,,0,0,,,0,,,,Y,4,0,1,2,A,-,4,21703,,N,C,C,A,A,H,-,A,D,0,,,Y,,Y,,A,1,0,0,1,0,0,0,0,0,1,- ,- ,0,0,1500,2,LOS ANGELES,LOS ANGELES,CA,-118.1846776,34.12215042,"FIGUEROA ST & MYOSOTIS ST, LOS ANGELES, CA",FIGUEROA ST,MYOSOTIS ST,100181,
-118.2435121,34.11647415,30200,8830363,2019,2019-03-28T00:00:00.000Z,1942,2019-02-04T00:00:00.000Z,1430,41378,LOS A,1,5,7,1942,0,0,0,,0,11A89,FLETCHER DR,AVE 32,0,,Y,C,-,N,,0,0,,,0,,,,Y,4,0,2,2,A,-,8,22107,,N,D,C,A,B,H,-,A,A,0,,,,,Y,Y,A,1,0,0,2,0,0,0,0,0,0,- ,- ,0,0,1500,2,LOS ANGELES,LOS ANGELES,CA,-118.2435121,34.11647415,"FLETCHER DR & AVE 32, LOS ANGELES, CA",FLETCHER DR,AVE 32,114496,
-118.2541321,34.01137161,30201,8830372,2019,2019-03-27T00:00:00.000Z,1942,2019-02-08T00:00:00.000Z,1255,38124,1345,5,5,7,1942,0,0,0,M,0,13A75,NAOMI AV,MARTIN LUTHER KING JR BL,65,N,N,A,-,N,,0,0,,,0,,,,N,4,0,1,2,A,-,9,21804,A,N,D,C,A,A,H,-,A,D,0,,,,,Y,,-,,0,0,1,0,0,0,0,0,0,- ,- ,0,0,1500,2,LOS ANGELES,LOS ANGELES,CA,-118.2541321,34.01137161,"NAOMI AVE & MARTIN LUTHER KING JR BLVD, LOS ANGELES, CA",NAOMI AVE,MARTIN LUTHER KING JR BLVD,109725,
-118.2917722,34.09343338,30202,8830392,2019,2019-03-27T00:00:00.000Z,1942,2019-02-02T00:00:00.000Z,1430,39972,11A62,6,5,7,1942,0,0,0,K,0,11A51,VERMONT AV,LEXINGTON AV,0,,Y,B,-,N,,0,0,,,0,,,,Y,3,0,3,2,A,-,12,21453,A,N,D,C,A,B,H,-,A,A,0,,,,,Y,,A,1,0,2,1,0,0,0,0,0,0,- ,- ,0,0,1500,2,LOS ANGELES,LOS ANGELES,CA,-118.2917722,34.09343338,"VERMONT AVE & LEXINGTON AVE, LOS ANGELES, CA",VERMONT AVE,LEXINGTON AVE,121720,
-118.4439006,34.06248093,30203,8830406,2019,2019-03-29T00:00:00.000Z,1942,2019-02-23T00:00:00.000Z,1445,37740,817,6,5,7,1942,0,0,0,H,0,8A29,WEYBURN AV,GLENDON AV,40,E,N,A,-,N,,0,0,,,0,,,,N,0,0,0,2,A,-,3,22350,,M,B,E,A,A,H,-,A,D,0,,,,,Y,,-,99,0,0,0,0,0,0,0,0,0,- ,- ,0,0,1500,2,LOS ANGELES,LOS ANGELES,CA,-118.4439006,34.06248093,"WEYBURN AVE & GLENDON AVE, LOS ANGELES, CA",WEYBURN AVE,GLENDON AVE,107850,
-118.4634989,34.07537842,30204,8830426,2019,2019-03-29T00:00:00.000Z,1942,2019-02-15T00:00:00.000Z,1315,41671,805,5,5,7,1942,0,0,0,H,0,8A29,ASHDALE AV,GLENROY AV,1100,W,N,C,-,N,,0,0,,,0,,,,N,0,0,0,2,A,-,8,22107,,M,B,E,A,B,H,-,A,D,0,,,,,Y,,-,99,0,0,0,0,0,0,0,0,0,- ,- ,0,0,1500,2,LOS ANGELES,LOS ANGELES,CA,-118.4634989,34.07537842,"ASHDALE AVE & GLENROY AVE, LOS ANGELES, CA",ASHDALE AVE,GLENROY AVE,114313,
-118.2477323,34.05314636,30205,8830457,2019,2019-04-17T00:00:00.000Z,1942,2019-02-27T00:00:00.000Z,1410,40274,132,3,5,7,1942,0,0,0,M,0,1A61,HILL ST,2ND ST,5,N,N,A,-,N,,0,0,,,0,,,,N,0,0,0,2,A,-,4,21703,,M,C,C,A,A,H,-,A,A,0,,,,,Y,,-,- ,0,0,0,0,0,0,0,0,0,- ,- ,0,0,1500,2,LOS ANGELES,LOS ANGELES,CA,-118.2477323,34.05314636,"HILL ST & 2ND ST, LOS ANGELES, CA",HILL ST,2ND ST,142154,
-118.3855222,34.04882431,30206,8830458,2019,2019-03-29T00:00:00.000Z,1942,2019-02-01T00:00:00.000Z,1430,42656,858,5,5,7,1942,0,0,0,H,0,8A95,S ROBERTSON BL,AIRDROME ST,0,,Y,B,-,N,,0,0,,,0,,,,N,0,0,0,2,A,-,5,21650,,M,B,C,A,A,H,-,A,A,0,,,,,Y,,-,99,0,0,0,0,0,0,0,0,0,- ,- ,0,0,1500,2,LOS ANGELES,LOS ANGELES,CA,-118.3855222,34.04882431,"ROBERTSON BLVD & AIRDROME ST, LOS ANGELES, CA",ROBERTSON BLVD,AIRDROME ST,128039,
-118.2652383,33.98296738,30207,8830470,2019,2019-03-28T00:00:00.000Z,1942,2019-02-03T00:00:00.000Z,1400,41629,1385,7,5,7,1942,0,0,0,M,0,13A85,AVALON BL,62ND ST,145,S,N,B,C,N,,0,0,,,0,,,,N,0,0,0,3,A,-,3,22350,,M,C,C,A,B,-,-,A,D,0,,,,,Y,,-,99,0,0,0,0,0,0,0,0,0,- ,- ,0,0,1500,2,LOS ANGELES,LOS ANGELES,CA,-118.2652383,33.98296738,"AVALON BLVD & 62ND ST, LOS ANGELES, CA",AVALON BLVD,62ND ST,103108,
-118.3462506,34.08353424,30208,8830536,2019,2019-03-27T00:00:00.000Z,1942,2019-02-28T00:00:00.000Z,1355,41179,705,4,5,7,1942,0,0,0,G,0,7A1,FORMOSA AV,MELROSE AV,25,N,N,A,-,N,,0,0,,,0,,,,N,0,0,0,2,A,-,3,22350,,M,B,E,A,A,H,-,A,D,0,,,,,Y,,-,99,0,0,0,0,0,0,0,0,0,- ,- ,0,0,1500,2,LOS ANGELES,LOS ANGELES,CA,-118.3462506,34.08353424,"FORMOSA AVE & MELROSE AVE, LOS ANGELES, CA",FORMOSA AVE,MELROSE AVE,100349,
-118.1940421,34.05823517,30209,8830503,2019,2019-03-28T00:00:00.000Z,1942,2019-02-11T00:00:00.000Z,1400,43257,448,1,5,7,1942,0,0,0,D,0,4A56,EVERGREEN,LANCASTER,0,,-,A,-,N,,0,0,,,0,,,,N,0,0,0,2,A,-,21,22106,,N,C,C,A,A,H,-,A,D,0,,,,,Y,,A,7,0,0,0,0,0,0,0,0,0,- ,- ,0,0,1500,2,LOS ANGELES,LOS ANGELES,CA,-118.1940421,34.05823517,"EVERGREEN AVE & LANCASTER AVE,, CA",EVERGREEN AVE,LANCASTER AVE,124670,
-118.2780322,34.03972626,30210,8831408,2019,2019-04-10T00:00:00.000Z,1942,2019-02-18T00:00:00.000Z,1240,31713,299,1,5,7,1942,0,0,0,B,0,2A91,TOBERMAN ST,W 17TH ST,0,,Y,A,-,N,,0,0,,,0,,,,N,3,0,1,2,A,-,9,21802,B,N,D,C,A,A,H,-,A,D,0,,,,,Y,,A,1,0,1,0,0,0,0,0,0,0,- ,- ,0,0,1500,2,LOS ANGELES,LOS ANGELES,CA,-118.2780322,34.03972626,"TOBERMAN ST & 17TH ST, LOS ANGELES, CA",TOBERMAN ST,17TH ST,135012,
-118.2804776,34.05810547,30211,8831432,2019,2019-04-09T00:00:00.000Z,1942,2019-02-19T00:00:00.000Z,1230,38050,261,2,5,7,1942,0,0,0,B,0,2A45,W 7TH ST,S PARK VIEW ST,15,E,N,A,-,N,,0,0,,,0,,,,N,3,0,1,2,A,-,10,21950,A,N,G,B,B,A,H,-,A,A,0,Y,,,,Y,,A,1,0,1,0,0,1,0,0,0,0,- ,- ,0,0,1500,2,LOS ANGELES,LOS ANGELES,CA,-118.2804776,34.05810547,"7TH ST & PARK VIEW ST, LOS ANGELES, CA",7TH ST,PARK VIEW ST,103551,
-118.3396692,34.0484314,30212,8831706,2019,2019-04-15T00:00:00.000Z,1942,2019-02-09T00:00:00.000Z,1350,38282,765,6,5,7,1942,0,0,0,G,0,7A47,PICO BL,SAN VICENTE BL,60,W,N,A,-,N,,0,0,,,0,,,,Y,4,0,1,2,A,-,8,22107,,N,C,C,A,A,-,-,A,D,0,,,,,Y,,A,1,0,0,1,0,0,0,0,0,0,- ,- ,0,0,1500,2,LOS ANGELES,LOS ANGELES,CA,-118.3396692,34.0484314,"PICO BLVD & SAN VICENTE BLVD, LOS ANGELES, CA",PICO BLVD,SAN VICENTE BLVD,131539,
-118.2868921,34.08685303,30213,8833097,2019,2019-04-10T00:00:00.000Z,1942,2019-02-16T00:00:00.000Z,1350,43063,203,6,5,7,1942,0,0,0,B,0,2A62,VIRGIL,NORMAL AV,80,N,N,A,-,N,,0,0,,,0,,,,N,4,0,1,2,A,-,7,21658,A,N,B,G,A,A,H,-,A,A,0,,Y,,,Y,,-,,0,0,1,0,0,0,1,0,0,- ,- ,0,0,1500,2,LOS ANGELES,LOS ANGELES,CA,-118.2868921,34.08685303,"VIRGIL AVE & NORMAL AVE, LOS ANGELES, CA",VIRGIL AVE,NORMAL AVE,111352,
-118.2628221,34.04437637,30214,8833670,2019,2019-04-15T00:00:00.000Z,1942,2019-02-07T00:00:00.000Z,1450,39824,182,4,5,7,1942,0,0,0,A,0,1X92,OLYMPIC BL,FLOWER ST,0,,Y,A,-,N,,0,0,,,0,,,,Y,2,0,4,2,A,-,12,21453,A,N,D,C,A,A,H,-,A,A,0,,,,,Y,,A,1,1,0,3,0,0,0,0,0,0,- ,- ,0,0,1500,2,LOS ANGELES,LOS ANGELES,CA,-118.2628221,34.04437637,"OLYMPIC BLVD & FLOWER ST, LOS ANGELES, CA",OLYMPIC BLVD,FLOWER ST,128122,
-118.1962782,34.05451965,30215,8833765,2019,2019-04-09T00:00:00.000Z,1942,2019-02-26T00:00:00.000Z,1430,40275,449,2,5,7,1942,0,0,0,,0,4A59,MARENGO ST,TREMONT ST,460,E,N,A,-,N,,0,0,,,0,,,,N,4,0,2,2,A,-,9,21804,A,N,D,C,A,A,H,-,A,D,0,,,,,Y,,A,1,0,0,2,0,0,0,0,0,0,- ,- ,0,0,1500,2,LOS ANGELES,LOS ANGELES,CA,-118.1962782,34.05451965,"MARENGO ST & TREMONT ST, LOS ANGELES, CA",MARENGO ST,TREMONT ST,103619,
-118.1839003,34.0860672,30216,8833773,2019,2019-04-09T00:00:00.000Z,1942,2019-02-28T00:00:00.000Z,1340,37451,407,4,5,7,1942,0,0,0,D,0,4A53,HUNTINGTON DR,COLLIS AV,100,E,N,A,-,N,,0,0,,,0,,,,N,4,0,1,2,A,-,8,22107,,F,B,C,A,A,H,-,A,D,0,,,,,Y,,-,99,0,0,1,0,0,0,0,0,0,- ,- ,0,0,1500,2,LOS ANGELES,LOS ANGELES,CA,-118.1839003,34.0860672,"HUNTINGTON DR & COLLIS AVE, LOS ANGELES, CA",HUNTINGTON DR,COLLIS AVE,140877,
-118.2213621,34.06674576,30217,8833850,2019,2019-04-09T00:00:00.000Z,1942,2019-02-26T00:00:00.000Z,1330,42975,421,2,5,7,1942,0,0,0,D,0,421,NORTH MAIN ST,AVENUE 17,0,,N,A,-,N,,0,0,,,0,,,,N,0,0,0,2,A,-,7,21658,A,N,B,E,A,A,-,-,A,D,0,,,,,Y,,A,1,0,0,0,0,0,0,0,0,0,- ,- ,0,0,1500,2,LOS ANGELES,LOS ANGELES,CA,-118.2213621,34.06674576,"N MAIN ST & AVE 17, LOS ANGELES, CA",N MAIN ST,AVE 17,114693,
-118.4574722,34.18264389,30218,8833934,2019,2019-04-05T00:00:00.000Z,1942,2019-02-20T00:00:00.000Z,1235,26319,933,3,5,7,1942,0,0,0,I,0,19T74,DELANO ST,KESTER AV,0,,Y,A,-,N,,0,0,,,0,,,,N,0,0,0,2,A,-,21,22106,,M,B,E,A,A,H,-,A,D,0,,,,,Y,,-,99,0,0,0,0,0,0,0,0,0,- ,- ,0,0,1500,2,LOS ANGELES,LOS ANGELES,CA,-118.4574722,34.18264389,"DELANO ST & KESTER AVE, LOS ANGELES, CA",DELANO ST,KESTER AVE,136329,
-118.3441024,34.06211472,30220,8834153,2019,2019-04-16T00:00:00.000Z,1942,2019-02-21T00:00:00.000Z,1425,40235,737,4,5,7,1942,0,0,0,G,0,7A17,LA BREA AV,WILSHIRE BL,50,S,N,A,-,N,,0,0,,,0,,,,N,0,0,0,2,A,-,6,21750,A,N,B,C,A,A,H,-,A,D,0,,,,Y,Y,,A,1,0,0,0,0,0,0,0,0,0,- ,- ,0,0,1500,2,LOS ANGELES,LOS ANGELES,CA,-118.3441024,34.06211472,"LA BREA AVE & WILSHIRE BLVD, LOS ANGELES, CA",LA BREA AVE,WILSHIRE BLVD,119854,
-118.3765271,34.07378769,30221,8834269,2019,2019-04-12T00:00:00.000Z,1942,2019-02-21T00:00:00.000Z,1200,40235,722,4,5,7,1942,0,0,0,G,0,7A21,LA CIENEGA BL,3RD ST,150,N,N,A,-,N,,0,0,,,0,,,,N,4,0,1,2,A,-,3,22350,,N,C,C,A,A,H,-,A,D,0,,,Y,,Y,,C,3,0,0,1,0,0,0,0,0,1,- ,- ,0,0,1500,2,LOS ANGELES,LOS ANGELES,CA,-118.3765271,34.07378769,"LA CIENEGA BLVD & 3RD ST, LOS ANGELES, CA",LA CIENEGA BLVD,3RD ST,117996,
-118.3285838,34.04797745,30222,8834281,2019,2019-04-12T00:00:00.000Z,1942,2019-02-18T00:00:00.000Z,1400,31465,766,1,5,7,1942,0,0,0,G,0,7A47,PICO BL,VICTORIA AV,150,W,N,A,-,N,,0,0,,,0,,,,N,4,0,1,2,A,-,3,22350,,N,C,C,A,A,H,-,A,D,0,,,,,Y,,A,1,0,0,1,0,0,0,0,0,0,- ,- ,0,0,1500,2,LOS ANGELES,LOS ANGELES,CA,-118.3285838,34.04797745,"PICO BLVD & VICTORIA AVE, LOS ANGELES, CA",PICO BLVD,VICTORIA AVE,117522,
-118.2691747,34.05300522,30223,8834901,2019,2019-04-26T00:00:00.000Z,1942,2019-02-22T00:00:00.000Z,1350,35479,257,5,5,7,1942,0,0,0,B,0,2L60,7TH ST,VALENCIA,77,E,N,A,-,N,,0,0,,,0,,,,N,0,0,0,1,C,-,18,0,,N,E,J,A,A,C,-,A,D,0,,,,,Y,,-,- ,0,0,0,0,0,0,0,0,0,- ,- ,0,0,1500,2,LOS ANGELES,LOS ANGELES,CA,-118.2691747,34.05300522,"7TH ST & VALENCIA ST, LOS ANGELES, CA",7TH ST,VALENCIA ST,124608,
-118.2715111,34.05801773,30224,8834905,2019,2019-04-26T00:00:00.000Z,1942,2019-02-21T00:00:00.000Z,1420,38825,256,4,5,7,1942,0,0,0,,0,,6TH ST,BURLINGTON AV,10,W,N,A,-,N,,0,0,,,0,,,,N,0,0,0,2,A,-,8,22107,,M,B,C,A,A,H,-,A,D,0,,,,,Y,,-,99,0,0,0,0,0,0,0,0,0,- ,- ,0,0,1500,2,LOS ANGELES,LOS ANGELES,CA,-118.2715111,34.05801773,"6TH ST & BURLINGTON AVE, LOS ANGELES, CA",6TH ST,BURLINGTON AVE,110538,
-118.4527065,34.04479599,30225,8835207,2019,2019-04-10T00:00:00.000Z,1942,2019-02-17T00:00:00.000Z,1355,35267,853,7,5,7,1942,0,0,0,H,0,8A53,COLBY AV,SANTA MONICA,150,S,N,B,-,N,,0,0,,,0,,,,N,3,0,1,2,A,-,21,22106,,N,G,B,D,A,H,-,A,D,0,Y,,,,Y,,A,1,0,1,0,0,1,0,0,0,0,- ,- ,0,0,1500,2,LOS ANGELES,LOS ANGELES,CA,-118.4527065,34.04479599,"COLBY AVE & SANTA MONICA BLVD, LOS ANGELES, CA",COLBY AVE,SANTA MONICA BLVD,103831,
-118.4281523,34.06727982,30226,8835219,2019,2019-04-10T00:00:00.000Z,1942,2019-02-24T00:00:00.000Z,1220,42656,829,7,5,7,1942,0,0,0,H,0,8A29,WILSHIRE BL,S BEVERLY GLEN BL,265,E,N,A,-,N,,0,0,,,0,,,,N,4,0,1,2,A,-,4,21703,,N,C,C,A,A,H,-,A,A,0,,,,,Y,,A,8,0,0,1,0,0,0,0,0,0,- ,- ,0,0,1500,2,LOS ANGELES,LOS ANGELES,CA,-118.4281523,34.06727982,"WILSHIRE BLVD & BEVERLY GLEN BLVD, LOS ANGELES, CA",WILSHIRE BLVD,BEVERLY GLEN BLVD,146022,
-118.4281822,34.04600525,30227,8835278,2019,2019-04-09T00:00:00.000Z,1942,2019-02-06T00:00:00.000Z,1410,40235,847,3,5,7,1942,0,0,0,H,0,8A35,OLYMPIC BL,OVERLAND AV,0,,Y,A,-,N,,0,0,,,0,,,,N,4,0,1,2,A,-,12,21453,A,N,D,D,A,A,H,-,A,A,0,,,,,Y,,A,1,0,0,1,0,0,0,0,0,0,- ,- ,0,0,1500,2,LOS ANGELES,LOS ANGELES,CA,-118.4281822,34.04600525,"OLYMPIC BLVD & OVERLAND AVE, LOS ANGELES, CA",OLYMPIC BLVD,OVERLAND AVE,97117,
-118.2843644,34.05773163,30228,8835299,2019,2019-04-19T00:00:00.000Z,1942,2019-02-22T00:00:00.000Z,1315,43461,2049,5,5,7,1942,0,0,0,,0,20A97,8TH ST,HOOVER ST,28,W,N,A,-,N,,0,0,,,0,,,,N,4,0,1,2,A,-,21,22106,,N,H,C,A,A,H,-,A,D,0,,,,,Y,,A,7,0,0,1,0,0,0,0,0,0,- ,- ,0,0,1500,2,LOS ANGELES,LOS ANGELES,CA,-118.2843644,34.05773163,"8TH ST & HOOVER ST, LOS ANGELES, CA",8TH ST,HOOVER ST,142146,
-118.2841221,34.0399437,30229,8835307,2019,2019-04-15T00:00:00.000Z,1942,2019-02-17T00:00:00.000Z,1305,43570,2099,7,5,7,1942,0,0,0,,0,20A39,HOOVER ST,WASHINGTON BL,25,N,N,A,-,N,,0,0,,,0,,,,N,4,0,1,3,A,-,9,21804,A,N,B,C,A,A,H,-,A,A,0,,,,Y,Y,,A,1,0,0,1,0,0,0,0,0,0,- ,- ,0,0,1500,2,LOS ANGELES,LOS ANGELES,CA,-118.2841221,34.0399437,"HOOVER ST & WASHINGTON BLVD, LOS ANGELES, CA",HOOVER ST,WASHINGTON BLVD,103565,
-118.4609022,34.04945374,30230,8835332,2019,2019-04-16T00:00:00.000Z,1942,2019-02-08T00:00:00.000Z,1415,40452,842,5,5,7,1942,0,0,0,H,0,8A53,S BARRINGTON AV,WILSHIRE BL,0,,Y,A,-,N,,0,0,,,0,,,,N,0,0,0,2,A,-,7,21658,A,N,B,C,A,A,H,-,A,D,0,,,,Y,Y,,-,- ,0,0,0,0,0,0,0,0,0,- ,- ,0,0,1500,2,LOS ANGELES,LOS ANGELES,CA,-118.4609022,34.04945374,"BARRINGTON AVE & WILSHIRE BLVD, LOS ANGELES, CA",BARRINGTON AVE,WILSHIRE BLVD,121445,
-118.2813422,34.06241608,30231,8835413,2019,2019-04-24T00:00:00.000Z,1942,2019-02-07T00:00:00.000Z,1430,32754,251,4,5,7,1942,0,0,0,B,0,,RAMPART BL,6TH ST,0,,Y,A,-,N,,0,0,,,0,,,,N,0,0,0,2,A,-,8,22107,,M,B,C,A,A,H,-,A,D,0,,,,,Y,,-,99,0,0,0,0,0,0,0,0,0,- ,- ,0,0,1500,2,LOS ANGELES,LOS ANGELES,CA,-118.2813422,34.06241608,"RAMPART BLVD & 6TH ST, LOS ANGELES, CA",RAMPART BLVD,6TH ST,135612,
-118.3877521,34.07527542,30232,8836018,2019,2019-04-09T00:00:00.000Z,1942,2019-02-04T00:00:00.000Z,1307,41139,721,1,5,7,1942,0,0,0,G,0,7A21,ALMONT DR,ALDEN DR,0,,Y,B,C,N,,0,0,,,0,,,,Y,0,0,0,2,A,-,9,21802,A,N,D,C,A,B,H,-,A,A,0,,,,,Y,,A,1,0,0,0,0,0,0,0,0,0,- ,- ,0,0,1500,2,LOS ANGELES,LOS ANGELES,CA,-118.3877521,34.07527542,"ALMONT DR & ALDEN DR, LOS ANGELES, CA",ALMONT DR,ALDEN DR,96853,
-118.4700074,34.0684967,30233,8836085,2019,2019-04-15T00:00:00.000Z,1942,2019-02-24T00:00:00.000Z,1340,42656,813,7,5,7,1942,0,0,0,H,0,8A13,W SUNSET BL,LAYTON DR,45,W,N,A,-,N,,0,0,,,0,,,,Y,3,0,2,2,A,-,3,22350,,N,C,C,A,A,H,-,A,D,0,,,,,Y,,A,1,0,1,1,0,0,0,0,0,0,- ,- ,0,0,1500,2,LOS ANGELES,LOS ANGELES,CA,-118.4700074,34.0684967,"SUNSET BLVD & LAYTON DR, LOS ANGELES, CA",SUNSET BLVD,LAYTON DR,114273,