X,Y,OBJECTID,case_id,accident_year,proc_date,juris,collision_date,collision_time,officer_id,reporting_district,day_of_week,chp_shift,population,cnty_city_loc,special_cond,beat_type,chp_beat_type,city_division_lapd,chp_beat_class,beat_number,primary_rd,secondary_rd,distance,direction,intersection,weather_1,weather_2,state_hwy_ind,caltrans_county,caltrans_district,state_route,route_suffix,postmile_prefix,postmile,location_type,ramp_intersection,side_of_hwy,tow_away,collision_severity,number_killed,number_injured,party_count,primary_coll_factor,pcf_code_of_viol,pcf_viol_category,pcf_violation,pcf_viol_subsection,hit_and_run,type_of_collision,mviw,ped_action,road_surface,road_cond_1,road_cond_2,lighting,control_device,chp_road_type,pedestrian_accident,bicycle_accident,motorcycle_accident,truck_accident,not_private_property,alcohol_involved,stwd_vehtype_at_fault,chp_vehtype_at_fault,count_severe_inj,count_visible_inj,count_complaint_pain,count_ped_killed,count_ped_injured,count_bicyclist_killed,count_bicyclist_injured,count_mc_killed,count_mc_injured,primary_ramp,secondary_ramp,latitude,longitude,timecat,month_,city,county,state,point_x,point_y,match_addr,m_primaryrd,m_secondrd,int_id,Flag
-118.3229121,34.06895447,30234,8836095,2019,2019-04-11T00:00:00.000Z,1942,2019-02-22T00:00:00.000Z,1440,40471,2011,5,5,7,1942,0,0,0,,0,20A53,3RD ST,PLYMOUTH BL,0,,Y,A,-,N,,0,0,,,0,,,,Y,4,0,1,2,A,-,9,21804,,N,D,C,A,A,H,-,A,D,0,,,,,Y,,A,1,0,0,1,0,0,0,0,0,0,- ,- ,0,0,1500,2,LOS ANGELES,LOS ANGELES,CA,-118.3229121,34.06895447,"3RD ST & PLYMOUTH BLVD, LOS ANGELES, CA",3RD ST,PLYMOUTH BLVD,146425,
-118.3836921,34.05709457,30235,8836097,2019,2019-04-15T00:00:00.000Z,1942,2019-02-03T00:00:00.000Z,1200,38688,858,7,5,7,1942,0,0,0,H,0,7TL23,S ROBERTSON BL,WHITWORTH DR,0,,Y,B,C,N,,0,0,,,0,,,,Y,4,0,2,2,A,-,12,21453,A,N,D,C,A,B,H,-,A,A,0,,,,,Y,,A,7,0,0,2,0,0,0,0,0,0,- ,- ,0,0,1500,2,LOS ANGELES,LOS ANGELES,CA,-118.3836921,34.05709457,"ROBERTSON BLVD & WHITWORTH DR, LOS ANGELES, CA",ROBERTSON BLVD,WHITWORTH DR,99913,
-118.4472522,34.04675674,30236,8836101,2019,2019-04-15T00:00:00.000Z,1942,2019-02-09T00:00:00.000Z,1400,41544,853,6,5,7,1942,0,0,0,H,0,8XL3,SANTA MONICA BL,BELOIT AV,0,,Y,A,-,N,,0,0,,,0,,,,N,4,0,2,2,A,-,12,21453,,N,B,C,A,A,H,-,A,A,0,,,,,Y,,A,1,0,0,2,0,0,0,0,0,0,- ,- ,0,0,1500,2,LOS ANGELES,LOS ANGELES,CA,-118.4472522,34.04675674,"SANTA MONICA BLVD & BELOIT AVE, LOS ANGELES, CA",SANTA MONICA BLVD,BELOIT AVE,128379,
-118.3101966,34.08351517,30237,8836130,2019,2019-04-11T00:00:00.000Z,1942,2019-02-16T00:00:00.000Z,1245,34959,2002,6,5,7,1942,0,0,0,,0,20A1,MELROSE AV,MANHATTAN PL,29,E,N,A,-,N,,0,0,,,0,,,,Y,4,0,1,2,A,-,8,22107,,N,B,E,A,A,H,-,A,D,0,,,,,Y,,A,1,0,0,1,0,0,0,0,0,0,- ,- ,0,0,1500,2,LOS ANGELES,LOS ANGELES,CA,-118.3101966,34.08351517,"MELROSE AVE & MANHATTAN PL, LOS ANGELES, CA",MELROSE AVE,MANHATTAN PL,133970,
-118.5520181,34.04468918,30238,8836131,2019,2019-04-11T00:00:00.000Z,1942,2019-02-28T00:00:00.000Z,1250,37700,822,4,5,7,1942,0,0,0,H,0,8A1,PALISADES DR,SUNSET BL,100,N,N,A,-,N,,0,0,,,0,,,,Y,4,0,1,2,A,-,9,21802,A,N,D,C,A,A,H,-,A,D,0,,,,,Y,,A,1,0,0,1,0,0,0,0,0,0,- ,- ,0,0,1500,2,LOS ANGELES,LOS ANGELES,CA,-118.5520181,34.04468918,"PALISADES DR & SUNSET BLVD, LOS ANGELES, CA",PALISADES DR,SUNSET BLVD,123122,
-118.3761956,34.05253983,30239,8836133,2019,2019-04-12T00:00:00.000Z,1942,2019-02-02T00:00:00.000Z,1401,41179,762,6,5,7,1942,0,0,0,G,0,7A53,S LA CIENEGA BL,PICO BL,286,S,N,C,-,N,,0,0,,,0,,,,Y,4,0,3,3,A,-,9,21804,A,N,D,C,A,B,H,-,A,D,0,,,,,Y,,A,1,0,0,3,0,0,0,0,0,0,- ,- ,0,0,1500,2,LOS ANGELES,LOS ANGELES,CA,-118.3761956,34.05253983,"LA CIENEGA BLVD & PICO BLVD, LOS ANGELES, CA",LA CIENEGA BLVD,PICO BLVD,96370,
-118.3007115,34.06900406,30240,8836138,2019,2019-04-11T00:00:00.000Z,1942,2019-02-11T00:00:00.000Z,1350,31465,2023,1,5,7,1942,0,0,0,,0,20A13,3RD ST,NORMANDIE AV,100,W,N,A,-,N,,0,0,,,0,,,,N,4,0,1,2,A,-,3,22350,,N,C,C,A,A,H,-,A,A,0,,,,,Y,,A,1,0,0,1,0,0,0,0,0,0,- ,- ,0,0,1500,2,LOS ANGELES,LOS ANGELES,CA,-118.3007115,34.06900406,"3RD ST & NORMANDIE AVE, LOS ANGELES, CA",3RD ST,NORMANDIE AVE,142892,
-118.5538295,34.04275513,30241,8836139,2019,2019-04-11T00:00:00.000Z,1942,2019-02-16T00:00:00.000Z,1400,42942,822,6,5,7,1942,0,0,0,H,0,8A13,SUNSET BL,PASEO MIRAMAR,30,E,N,A,-,N,,0,0,,,0,,,,Y,4,0,1,2,A,-,9,21804,,N,B,C,A,A,H,-,A,D,0,,,,,Y,,-,- ,0,0,1,0,0,0,0,0,0,- ,- ,0,0,1500,2,LOS ANGELES,LOS ANGELES,CA,-118.5538295,34.04275513,"SUNSET BLVD & PASEO MIRAMAR, LOS ANGELES, CA",SUNSET BLVD,PASEO MIRAMAR,139110,
-118.4759622,34.06028366,30242,8836151,2019,2019-04-11T00:00:00.000Z,1942,2019-02-18T00:00:00.000Z,1330,40452,826,1,5,7,1942,0,0,0,H,0,8A13,SUNSET BL,BUNDY DR,0,,Y,A,-,N,,0,0,,,0,,,,Y,3,0,3,2,A,-,12,21453,A,N,D,C,A,A,H,-,A,A,0,,,,,Y,,A,1,0,1,2,0,0,0,0,0,0,- ,- ,0,0,1500,2,LOS ANGELES,LOS ANGELES,CA,-118.4759622,34.06028366,"SUNSET BLVD & BUNDY DR, LOS ANGELES, CA",SUNSET BLVD,BUNDY DR,96716,
-118.2381977,34.06258011,30243,8836156,2019,2019-04-25T00:00:00.000Z,1942,2019-02-26T00:00:00.000Z,1450,41461,111,2,5,7,1942,0,0,0,A,0,111,N BROADWAY ST,ALPINE ST,100,N,N,A,-,N,,0,0,,,0,,,,N,4,0,1,2,A,-,7,21658,A,F,B,C,A,A,H,-,A,D,0,,,,,Y,,-,99,0,0,1,0,0,0,0,0,0,- ,- ,0,0,1500,2,LOS ANGELES,LOS ANGELES,CA,-118.2381977,34.06258011,"N BROADWAY & ALPINE ST, LOS ANGELES, CA",N BROADWAY,ALPINE ST,107872,
-118.3229518,34.05464554,30244,8836157,2019,2019-04-15T00:00:00.000Z,1942,2019-02-10T00:00:00.000Z,1320,38262,749,7,5,7,1942,0,0,0,G,0,7A47,OLYMPIC BL,CRENSHAW BL,10,E,N,B,-,N,,0,0,,,0,,,,Y,4,0,1,2,A,-,9,21453,B,N,D,C,A,B,H,-,A,A,0,,,,,Y,,A,1,0,0,1,0,0,0,0,0,0,- ,- ,0,0,1500,2,LOS ANGELES,LOS ANGELES,CA,-118.3229518,34.05464554,"OLYMPIC BLVD & CRENSHAW BLVD, LOS ANGELES, CA",OLYMPIC BLVD,CRENSHAW BLVD,134960,
-118.2905342,34.09560776,30246,8837077,2019,2019-04-19T00:00:00.000Z,1942,2019-02-14T00:00:00.000Z,1430,43547,1162,4,5,7,1942,0,0,0,K,0,1162,FOUNTAIN AV,N VERMONT AV,373,E,N,C,-,N,,0,0,,,0,,,,N,4,0,1,2,A,-,9,21804,A,N,B,E,A,B,D,-,A,D,0,,,,,Y,,A,8,0,0,1,0,0,0,0,0,0,- ,- ,0,0,1500,2,LOS ANGELES,LOS ANGELES,CA,-118.2905342,34.09560776,"FOUNTAIN AVE & VERMONT AVE, LOS ANGELES, CA",FOUNTAIN AVE,VERMONT AVE,121712,
-118.4518832,33.99456787,30247,8838172,2019,2019-05-14T00:00:00.000Z,1942,2019-02-21T00:00:00.000Z,1220,34959,1433,4,5,7,1942,0,0,0,N,0,14A25,VENICE BL,SUPERIOR AV,95,E,N,A,-,N,,0,0,,,0,,,,Y,4,0,1,3,A,-,3,22350,,N,C,C,A,A,H,-,A,D,0,,,,,Y,,A,7,0,0,1,0,0,0,0,0,0,- ,- ,0,0,1500,2,LOS ANGELES,LOS ANGELES,CA,-118.4518832,33.99456787,"VENICE BLVD & SUPERIOR AVE, LOS ANGELES, CA",VENICE BLVD,SUPERIOR AVE,135118,
-118.4390793,33.98054504,30248,8838722,2019,2019-04-11T00:00:00.000Z,1942,2019-02-18T00:00:00.000Z,1250,40235,1454,1,5,7,1942,0,0,0,N,0,14A45,MINDANAO WY,LINCOLN BL,40,E,N,A,-,N,,0,0,,,0,,,,N,4,0,1,2,A,-,4,21703,,N,-,C,A,A,H,-,A,D,0,,,,,Y,,A,1,0,0,1,0,0,0,0,0,0,- ,- ,0,0,1500,2,LOS ANGELES,LOS ANGELES,CA,-118.4390793,33.98054504,"MINDANAO WAY & LINCOLN BLVD, LOS ANGELES, CA",MINDANAO WAY,LINCOLN BLVD,134135,
-118.2564721,33.99023438,30249,8839251,2019,2019-04-18T00:00:00.000Z,1942,2019-02-22T00:00:00.000Z,1330,43319,1375,5,5,7,1942,0,0,0,M,0,13A75,CENTRAL AV,58TH ST,15,N,N,A,-,N,,0,0,,,0,,,,N,0,0,0,2,A,-,17,21709,,N,B,C,A,A,H,-,A,A,0,,,,,Y,,D,22,0,0,0,0,0,0,0,0,0,- ,- ,0,0,1500,2,LOS ANGELES,LOS ANGELES,CA,-118.2564721,33.99023438,"CENTRAL AVE & 58TH ST, LOS ANGELES, CA",CENTRAL AVE,58TH ST,134567,
-118.2531363,34.02162933,30251,8839342,2019,2019-04-17T00:00:00.000Z,1942,2019-02-23T00:00:00.000Z,1435,37520,1342,6,5,7,1942,0,0,0,M,0,13X45,CENTRAL AV,22ND ST,10,N,N,A,-,N,,0,0,,,0,,,,N,3,0,1,3,A,-,3,22350,,N,C,C,A,A,-,-,A,A,0,,,,,Y,,A,1,0,1,0,0,0,0,0,0,0,- ,- ,0,0,1500,2,LOS ANGELES,LOS ANGELES,CA,-118.2531363,34.02162933,"CENTRAL AVE & 22ND ST, LOS ANGELES, CA",CENTRAL AVE,22ND ST,113891,
-118.4172621,34.01297379,30252,8839354,2019,2019-05-01T00:00:00.000Z,1942,2019-02-24T00:00:00.000Z,1245,38088,1437,7,5,7,1942,0,0,0,N,0,14A58,SEPULVEDA BL,VENICE BL,0,,Y,A,-,N,,0,0,,,0,,,,N,4,0,1,2,A,-,10,21950,A,N,G,B,B,A,H,-,A,A,0,Y,,,,Y,,A,1,0,0,1,0,1,0,0,0,0,- ,- ,0,0,1500,2,LOS ANGELES,LOS ANGELES,CA,-118.4172621,34.01297379,"SEPULVEDA BLVD & VENICE BLVD, LOS ANGELES, CA",SEPULVEDA BLVD,VENICE BLVD,109106,
-118.3200921,34.04721451,30253,8839443,2019,2019-04-18T00:00:00.000Z,1942,2019-02-21T00:00:00.000Z,1350,31465,769,4,5,7,1942,0,0,0,G,0,7A69,PICO BL,3RD AV,0,,Y,B,-,N,,0,0,,,0,,,,Y,4,0,1,2,A,-,9,21802,A,N,D,C,A,A,H,-,A,A,0,,,Y,,Y,,A,1,0,0,1,0,0,0,0,0,1,- ,- ,0,0,1500,2,LOS ANGELES,LOS ANGELES,CA,-118.3200921,34.04721451,"PICO BLVD & 3RD AVE, LOS ANGELES, CA",PICO BLVD,3RD AVE,145689,
-118.3720303,34.06110382,30254,8839463,2019,2019-04-18T00:00:00.000Z,1942,2019-02-05T00:00:00.000Z,1215,42901,742,2,5,7,1942,0,0,0,G,0,7A21,HAYES DR,SCHUMACHER DR,270,E,N,A,-,N,,0,0,,,0,,,,N,4,0,2,3,A,-,9,21801,A,N,D,C,A,A,H,-,A,D,0,,,,,Y,,A,1,0,0,2,0,0,0,0,0,0,- ,- ,0,0,1500,2,LOS ANGELES,LOS ANGELES,CA,-118.3720303,34.06110382,"HAYES DR & SCHUMACHER DR, LOS ANGELES, CA",HAYES DR,SCHUMACHER DR,145572,
-118.337739,34.06890869,30255,8839467,2019,2019-04-18T00:00:00.000Z,1942,2019-02-04T00:00:00.000Z,1455,41376,738,1,5,7,1942,0,0,0,G,0,7A17,W 3RD ST,HIGHLAND AV,265,E,N,A,B,N,,0,0,,,0,,,,Y,3,0,1,1,A,-,3,22350,,N,E,I,A,A,H,-,A,D,0,,,,,Y,,A,1,0,1,0,0,0,0,0,0,0,- ,- ,0,0,1500,2,LOS ANGELES,LOS ANGELES,CA,-118.337739,34.06890869,"3RD ST & HIGHLAND AVE, LOS ANGELES, CA",3RD ST,HIGHLAND AVE,109325,
-118.4246054,34.00876617,30256,8839471,2019,2019-04-18T00:00:00.000Z,1942,2019-02-25T00:00:00.000Z,1215,42656,1449,1,5,7,1942,0,0,0,N,0,14A49,VENICE BL,MCLAUGHLIN AV,30,E,N,A,-,N,,0,0,,,0,,,,Y,4,0,1,2,A,-,3,22350,,N,C,C,A,A,H,-,A,A,0,,,,,Y,,A,1,0,0,1,0,0,0,0,0,0,- ,- ,0,0,1500,2,LOS ANGELES,LOS ANGELES,CA,-118.4246054,34.00876617,"VENICE BLVD & MCLAUGHLIN AVE, LOS ANGELES, CA",VENICE BLVD,MCLAUGHLIN AVE,96647,
-118.4285255,34.02716446,30257,8839475,2019,2019-05-03T00:00:00.000Z,1942,2019-02-26T00:00:00.000Z,1210,40235,1427,2,5,7,1942,0,0,0,N,0,14A27,SEPULVEDA BL,NATIONAL BL,80,S,N,A,-,N,,0,0,,,0,,,,Y,4,0,1,2,A,-,3,22350,,N,C,C,A,A,H,-,A,D,0,,,,,Y,,A,1,0,0,1,0,0,0,0,0,0,- ,- ,0,0,1500,2,LOS ANGELES,LOS ANGELES,CA,-118.4285255,34.02716446,"SEPULVEDA BLVD & NATIONAL BLVD, LOS ANGELES, CA",SEPULVEDA BLVD,NATIONAL BLVD,107526,
-118.3004922,34.08853531,30258,8841457,2019,2019-04-17T00:00:00.000Z,1942,2019-02-14T00:00:00.000Z,1430,43318,201,4,5,7,1942,0,0,0,B,0,2A39,N NORMANDIE,ROMAINE AV,0,,Y,B,C,N,,0,0,,,0,,,,Y,4,0,1,2,A,-,8,22107,,N,A,C,A,B,H,-,A,D,0,,,,,Y,,A,1,0,0,1,0,0,0,0,0,0,- ,- ,0,0,1500,2,LOS ANGELES,LOS ANGELES,CA,-118.3004922,34.08853531,"NORMANDIE AVE & ROMAINE ST, LOS ANGELES, CA",NORMANDIE AVE,ROMAINE ST,128791,
-118.2738769,34.06322098,30259,8841481,2019,2019-04-17T00:00:00.000Z,1942,2019-02-06T00:00:00.000Z,1340,40803,245,3,5,7,1942,0,0,0,B,0,2A5,LAKE ST,3RD ST,10,S,N,A,-,N,,0,0,,,0,,,,N,4,0,1,2,A,-,0,21954,,N,G,B,D,A,-,-,A,D,0,Y,,,,Y,,-,- ,0,0,1,0,1,0,0,0,0,- ,- ,0,0,1500,2,LOS ANGELES,LOS ANGELES,CA,-118.2738769,34.06322098,"LAKE ST & 3RD ST, LOS ANGELES, CA",LAKE ST,3RD ST,104089,
-118.2811722,34.03850555,30260,8841489,2019,2019-04-17T00:00:00.000Z,1942,2019-02-09T00:00:00.000Z,1350,37771,292,6,5,7,1942,0,0,0,B,0,2A91,UNION AV,WASHINGTON,0,,Y,A,-,N,,0,0,,,0,,,,Y,3,0,1,2,A,-,8,22107,,N,B,G,A,A,H,-,A,D,0,,Y,,,Y,,A,1,0,1,0,0,0,0,1,0,0,- ,- ,0,0,1500,2,LOS ANGELES,LOS ANGELES,CA,-118.2811722,34.03850555,"UNION AVE & WASHINGTON BLVD, LOS ANGELES, CA",UNION AVE,WASHINGTON BLVD,107041,
-118.4046975,34.02846527,30261,8841651,2019,2019-04-16T00:00:00.000Z,1942,2019-02-21T00:00:00.000Z,1440,40452,1407,4,5,7,1942,0,0,0,N,0,14A27,PALMS BL,CLARINGTON AV,60,E,N,A,-,N,,0,0,,,0,,,,N,4,0,1,2,A,-,8,22107,,N,G,B,E,A,H,-,A,D,0,Y,,,,Y,,A,7,0,0,1,0,1,0,0,0,0,- ,- ,0,0,1500,2,LOS ANGELES,LOS ANGELES,CA,-118.4046975,34.02846527,"PALMS BLVD & CLARINGTON AVE, LOS ANGELES, CA",PALMS BLVD,CLARINGTON AVE,100413,
-118.373409,34.10595322,30262,8841763,2019,2019-04-24T00:00:00.000Z,1942,2019-02-21T00:00:00.000Z,1215,39525,632,4,5,7,1942,0,0,0,F,0,6A31,ANTHONY CIR,RIDPATH DR,24,N,N,B,-,N,,0,0,,,0,,,,N,0,0,0,2,A,-,21,22106,,N,H,E,A,A,H,-,A,D,0,,,,,Y,,I,11,0,0,0,0,0,0,0,0,0,- ,- ,0,0,1500,2,LOS ANGELES,LOS ANGELES,CA,-118.373409,34.10595322,"ANTHONY CIR & RIDPATH DR, LOS ANGELES, CA",ANTHONY CIR,RIDPATH DR,97109,
-118.2337155,34.01901627,30263,8841786,2019,2019-05-16T00:00:00.000Z,1942,2019-02-26T00:00:00.000Z,1200,37520,1309,2,5,7,1942,0,0,0,M,0,13X71,WASHINGTON BL,SANTA FE,1000,W,N,A,-,N,,0,0,,,0,,,,N,4,0,1,2,A,-,9,21801,A,N,B,C,A,A,-,-,A,D,0,,,,Y,Y,,F,24,0,0,1,0,0,0,0,0,0,- ,- ,0,0,1500,2,LOS ANGELES,LOS ANGELES,CA,-118.2337155,34.01901627,"WASHINGTON BLVD & SANTA FE AVE, LOS ANGELES, CA",WASHINGTON BLVD,SANTA FE AVE,113907,
-118.3353316,34.0961647,30264,8841830,2019,2019-04-24T00:00:00.000Z,1942,2019-02-22T00:00:00.000Z,1220,42872,646,5,5,7,1942,0,0,0,F,0,6A45,DE LONGPRE AV,CHEROKEE ST,15,W,N,A,-,N,,0,0,,,0,,,,N,0,0,0,2,A,-,7,21658,A,N,B,C,A,A,H,-,A,D,0,,,,Y,Y,,A,1,0,0,0,0,0,0,0,0,0,- ,- ,0,0,1500,2,LOS ANGELES,LOS ANGELES,CA,-118.3353316,34.0961647,"DE LONGPRE AVE & CHEROKEE AVE, LOS ANGELES, CA",DE LONGPRE AVE,CHEROKEE AVE,135524,
-118.4286722,34.02734375,30265,8842525,2019,2019-04-19T00:00:00.000Z,1942,2019-02-22T00:00:00.000Z,1315,42834,1427,5,5,7,1942,0,0,0,N,0,14A27,S SEPULVEDA BL,NATIONAL BL,0,,Y,A,-,N,,0,0,,,0,,,,Y,3,0,2,2,A,-,9,21801,A,N,A,C,A,A,H,-,A,A,0,,,,,Y,,A,1,0,1,1,0,0,0,0,0,0,- ,- ,0,0,1500,2,LOS ANGELES,LOS ANGELES,CA,-118.4286722,34.02734375,"SEPULVEDA BLVD & NATIONAL BLVD, LOS ANGELES, CA",SEPULVEDA BLVD,NATIONAL BLVD,107526,
-118.3103621,34.06347656,30266,8842549,2019,2019-04-24T00:00:00.000Z,1942,2019-02-20T00:00:00.000Z,1330,38262,2022,3,5,7,1942,0,0,0,,0,20A1,MANHATTAN PL,6TH ST,10,S,N,B,-,N,,0,0,,,0,,,,N,4,0,1,2,A,-,10,21950,A,N,G,B,B,A,H,-,A,A,0,Y,,,,Y,,A,1,0,0,1,0,1,0,0,0,0,- ,- ,0,0,1500,2,LOS ANGELES,LOS ANGELES,CA,-118.3103621,34.06347656,"MANHATTAN PL & 6TH ST, LOS ANGELES, CA",MANHATTAN PL,6TH ST,97227,
-118.3091486,34.08524323,30267,8842553,2019,2019-04-24T00:00:00.000Z,1942,2019-02-11T00:00:00.000Z,1230,31465,678,1,5,7,1942,0,0,0,F,0,6A77,WESTERN AV,INSTITUTE PL,70,S,N,A,-,N,,0,0,,,0,,,,N,4,0,2,3,A,-,3,22350,,F,C,C,A,A,H,-,A,D,0,,,,,Y,,-,99,0,0,2,0,0,0,0,0,0,- ,- ,0,0,1500,2,LOS ANGELES,LOS ANGELES,CA,-118.3091486,34.08524323,"WESTERN AVE & INSTITUTE PL, LOS ANGELES, CA",WESTERN AVE,INSTITUTE PL,146298,
-118.3381162,34.04861832,30268,8845060,2019,2019-05-01T00:00:00.000Z,1942,2019-02-08T00:00:00.000Z,1405,31465,765,5,5,7,1942,0,0,0,G,0,7A47,PICO BL,HUDSON AV,60,E,N,A,-,N,,0,0,,,0,,,,N,4,0,4,3,A,-,3,22350,,F,C,C,A,A,H,-,A,D,0,,,,,Y,,-,99,0,0,4,0,0,0,0,0,0,- ,- ,0,0,1500,2,LOS ANGELES,LOS ANGELES,CA,-118.3381162,34.04861832,"PICO BLVD & HUDSON AVE, LOS ANGELES, CA",PICO BLVD,HUDSON AVE,113985,
-118.3376121,34.03983307,30269,8845104,2019,2019-05-01T00:00:00.000Z,1942,2019-02-03T00:00:00.000Z,1415,43413,785,7,5,7,1942,0,0,0,G,0,7A34,PICKFORD ST,WASHINGTON BL,0,,Y,B,-,N,,0,0,,,0,,,,Y,4,0,1,2,A,-,9,21802,A,N,D,C,A,B,H,-,A,A,0,,,,,Y,,A,1,0,0,1,0,0,0,0,0,0,- ,- ,0,0,1500,2,LOS ANGELES,LOS ANGELES,CA,-118.3376121,34.03983307,"PICKFORD ST & WASHINGTON BLVD, LOS ANGELES, CA",PICKFORD ST,WASHINGTON BLVD,158002,
-118.2774521,34.01109314,30270,8847787,2019,2019-04-23T00:00:00.000Z,1942,2019-02-28T00:00:00.000Z,1415,37852,1341,4,5,7,1942,0,0,0,M,0,13X71,MLK JR BL,BROADWAY PL,0,,Y,A,-,N,,0,0,,,0,,,,N,4,0,1,2,A,-,12,21453,A,N,D,C,A,A,H,-,A,A,0,,,,,Y,,A,1,0,0,1,0,0,0,0,0,0,- ,- ,0,0,1500,2,LOS ANGELES,LOS ANGELES,CA,-118.2774521,34.01109314,"MARTIN LUTHER KING JR BLVD & BROADWAY PL, LOS ANGELES, CA",MARTIN LUTHER KING JR BLVD,BROADWAY PL,144802,
-118.2613322,34.02157593,30271,8847795,2019,2019-04-22T00:00:00.000Z,1942,2019-02-25T00:00:00.000Z,1435,43585,1323,1,5,7,1942,0,0,0,M,0,13A27,SAN PEDRO ST,ADAMS BL,0,,Y,A,-,N,,0,0,,,0,,,,Y,4,0,1,2,A,-,9,21801,A,N,B,C,A,A,H,-,A,A,0,,,,,Y,,A,1,0,0,1,0,0,0,0,0,0,- ,- ,0,0,1500,2,LOS ANGELES,LOS ANGELES,CA,-118.2613322,34.02157593,"SAN PEDRO ST & ADAMS BLVD, LOS ANGELES, CA",SAN PEDRO ST,ADAMS BLVD,149024,
-118.2781675,33.97900391,30272,8847799,2019,2019-04-22T00:00:00.000Z,1942,2019-02-25T00:00:00.000Z,1430,43615,1393,1,5,7,1942,0,0,0,M,0,13A93,W 67TH ST,BROADWAY,50,E,N,A,-,N,,0,0,,,0,,,,N,4,0,2,3,A,-,0,21954,,N,G,B,E,A,H,-,A,D,0,Y,,,,Y,,N,60,0,0,2,0,2,0,0,0,0,- ,- ,0,0,1500,2,LOS ANGELES,LOS ANGELES,CA,-118.2781675,33.97900391,"67TH ST & BROADWAY, LOS ANGELES, CA",67TH ST,BROADWAY,113604,
-118.3611821,34.05705643,30273,8847817,2019,2019-04-23T00:00:00.000Z,1942,2019-02-20T00:00:00.000Z,1450,31465,763,3,5,7,1942,0,0,0,G,0,7A53,SAN VICENTE BL,GENESEE AV,0,,Y,A,-,N,,0,0,,,0,,,,Y,4,0,1,2,A,-,9,21802,A,N,D,C,A,A,H,-,A,A,0,,,,,Y,,A,1,0,0,1,0,0,0,0,0,0,- ,- ,0,0,1500,2,LOS ANGELES,LOS ANGELES,CA,-118.3611821,34.05705643,"SAN VICENTE BLVD & GENESEE AVE, LOS ANGELES, CA",SAN VICENTE BLVD,GENESEE AVE,137288,
-118.3795557,34.07411194,30274,8847825,2019,2019-04-23T00:00:00.000Z,1942,2019-02-27T00:00:00.000Z,1325,31465,721,3,5,7,1942,0,0,0,G,0,7A21,SHERBOURNE DR,3RD ST,200,N,N,B,-,N,,0,0,,,0,,,,Y,4,0,1,2,A,-,9,21804,A,N,D,C,A,A,H,-,A,D,0,,,,,Y,,A,7,0,0,1,0,0,0,0,0,0,- ,- ,0,0,1500,2,LOS ANGELES,LOS ANGELES,CA,-118.3795557,34.07411194,"SHERBOURNE DR & 3RD ST, LOS ANGELES, CA",SHERBOURNE DR,3RD ST,96871,
-118.3660222,34.10361481,30275,8847921,2019,2019-04-23T00:00:00.000Z,1942,2019-02-08T00:00:00.000Z,1400,42656,622,5,5,7,1942,0,0,0,F,0,6A31,LAUREL CANYON BL,MOUNT OLYMPUS DR,0,,Y,A,-,N,,0,0,,,0,,,,Y,0,0,0,2,A,-,9,21801,A,N,D,C,A,A,H,-,A,A,0,,,,,Y,,A,1,0,0,0,0,0,0,0,0,0,- ,- ,0,0,1500,2,LOS ANGELES,LOS ANGELES,CA,-118.3660222,34.10361481,"LAUREL CANYON BLVD & MOUNT OLYMPUS DR, LOS ANGELES, CA",LAUREL CANYON BLVD,MOUNT OLYMPUS DR,139326,
-118.2652821,34.01533508,30276,8847935,2019,2019-05-02T00:00:00.000Z,1942,2019-02-14T00:00:00.000Z,1430,43125,1343,4,5,7,1942,0,0,0,M,0,0LA,AVALON BL,SAN PEDRO ST,0,,Y,C,-,N,,0,0,,,0,,,,N,0,0,0,2,A,-,0,20002,A,M,B,C,A,B,H,-,A,-,0,,,,,Y,,-,99,0,0,0,0,0,0,0,0,0,- ,- ,0,0,1500,2,LOS ANGELES,LOS ANGELES,CA,-118.2652821,34.01533508,"AVALON BLVD & SAN PEDRO ST, LOS ANGELES, CA",AVALON BLVD,SAN PEDRO ST,103343,
-118.2783422,33.99830627,30277,8847955,2019,2019-04-23T00:00:00.000Z,1942,2019-02-27T00:00:00.000Z,1430,43615,1361,3,5,7,1942,0,0,0,M,0,13A63,BROADWAY,49TH ST,0,,Y,A,-,N,,0,0,,,0,,,,N,0,0,0,2,A,-,9,21802,A,M,D,C,A,A,H,-,A,D,0,,,,,Y,,-,99,0,0,0,0,0,0,0,0,0,- ,- ,0,0,1500,2,LOS ANGELES,LOS ANGELES,CA,-118.2783422,33.99830627,"BROADWAY & 49TH ST, LOS ANGELES, CA",BROADWAY,49TH ST,110341,
-118.3142266,34.06956101,30278,8850693,2019,2019-04-30T00:00:00.000Z,1942,2019-02-22T00:00:00.000Z,1210,38007,2011,5,5,7,1942,0,0,0,,0,20A1,S WILTON PL,W 3RD ST,225,N,N,A,-,N,,0,0,,,0,,,,N,4,0,3,3,A,-,3,22350,,N,C,C,A,A,H,-,A,D,0,,,,,Y,,A,1,0,0,3,0,0,0,0,0,0,- ,- ,0,0,1500,2,LOS ANGELES,LOS ANGELES,CA,-118.3142266,34.069561,"WILTON PL & 3RD ST, LOS ANGELES, CA",WILTON PL,3RD ST,104227,