X,Y,OBJECTID,case_id,accident_year,proc_date,juris,collision_date,collision_time,officer_id,reporting_district,day_of_week,chp_shift,population,cnty_city_loc,special_cond,beat_type,chp_beat_type,city_division_lapd,chp_beat_class,beat_number,primary_rd,secondary_rd,distance,direction,intersection,weather_1,weather_2,state_hwy_ind,caltrans_county,caltrans_district,state_route,route_suffix,postmile_prefix,postmile,location_type,ramp_intersection,side_of_hwy,tow_away,collision_severity,number_killed,number_injured,party_count,primary_coll_factor,pcf_code_of_viol,pcf_viol_category,pcf_violation,pcf_viol_subsection,hit_and_run,type_of_collision,mviw,ped_action,road_surface,road_cond_1,road_cond_2,lighting,control_device,chp_road_type,pedestrian_accident,bicycle_accident,motorcycle_accident,truck_accident,not_private_property,alcohol_involved,stwd_vehtype_at_fault,chp_vehtype_at_fault,count_severe_inj,count_visible_inj,count_complaint_pain,count_ped_killed,count_ped_injured,count_bicyclist_killed,count_bicyclist_injured,count_mc_killed,count_mc_injured,primary_ramp,secondary_ramp,latitude,longitude,timecat,month_,city,county,state,point_x,point_y,match_addr,m_primaryrd,m_secondrd,int_id,Flag
-118.2301839,34.02186203,30279,8847811,2019,2019-04-22T00:00:00.000Z,1942,2019-02-14T00:00:00.000Z,1300,37282,1309,4,5,7,1942,0,0,0,M,0,13X71,S SANTA FE,12TH,300,S,N,B,-,N,,0,0,,,0,,,,Y,4,0,1,2,A,-,9,21801,A,N,D,C,A,A,H,-,A,D,0,,,,,Y,,A,1,0,0,1,0,0,0,0,0,0,- ,- ,0,0,1500,2,LOS ANGELES,LOS ANGELES,CA,-118.2301839,34.02186203,"SANTA FE AVE & 12TH ST,, CA",SANTA FE AVE,12TH ST,149067,
-118.2739521,33.98919678,30280,8856613,2019,2019-05-13T00:00:00.000Z,1942,2019-02-16T00:00:00.000Z,1415,43015,1371,6,5,7,1942,0,0,0,M,0,13A63,MAIN ST,SLAUSON,0,,Y,A,-,N,,0,0,,,0,,,,N,0,0,0,2,A,-,7,21658,A,M,B,C,A,A,H,-,A,A,0,,,,,Y,,-,99,0,0,0,0,0,0,0,0,0,- ,- ,0,0,1500,2,LOS ANGELES,LOS ANGELES,CA,-118.2739521,33.98919678,"MAIN ST & SLAUSON AVE, LOS ANGELES, CA",MAIN ST,SLAUSON AVE,106602,
-118.4188322,34.0149231,30282,8862911,2019,2019-05-28T00:00:00.000Z,1942,2019-02-04T00:00:00.000Z,1235,36705,1437,1,5,7,1942,0,0,0,N,0,14A27,S SEPULVEDA BL,REGENT ST,0,,Y,C,-,N,,0,0,,,0,,,,Y,0,0,0,2,A,-,9,21802,A,M,D,C,A,B,H,-,A,A,0,,,,,Y,,-,99,0,0,0,0,0,0,0,0,0,- ,- ,0,0,1500,2,LOS ANGELES,LOS ANGELES,CA,-118.4188322,34.0149231,"SEPULVEDA BLVD & REGENT ST, LOS ANGELES, CA",SEPULVEDA BLVD,REGENT ST,128504,
-118.2736177,34.02706909,30283,8863276,2019,2019-05-31T00:00:00.000Z,1942,2019-02-26T00:00:00.000Z,1425,34458,1331,2,5,7,1942,0,0,0,M,0,13A41,W ADAMS BL,HOPE ST,5,E,N,A,-,N,,0,0,,,0,,,,N,2,0,1,2,A,-,10,21950,A,F,G,B,E,A,H,-,A,D,0,Y,,,,Y,,-,99,1,0,0,0,1,0,0,0,0,- ,- ,0,0,1500,2,LOS ANGELES,LOS ANGELES,CA,-118.2736177,34.02706909,"ADAMS BLVD & HOPE ST, LOS ANGELES, CA",ADAMS BLVD,HOPE ST,965,
-118.3283303,34.04489517,30284,8871008,2019,2019-06-12T00:00:00.000Z,1942,2019-02-19T00:00:00.000Z,1338,42656,767,2,5,7,1942,0,0,0,G,0,7A69,CRENSHAW BL,VENICE BL,85,N,N,A,-,N,,0,0,,,0,,,,N,4,0,1,2,A,-,9,21804,A,F,G,B,E,A,H,-,A,D,0,Y,,,,Y,,-,99,0,0,1,0,1,0,0,0,0,- ,- ,0,0,1500,2,LOS ANGELES,LOS ANGELES,CA,-118.3283303,34.04489517,"CRENSHAW BLVD & VENICE BLVD, LOS ANGELES, CA",CRENSHAW BLVD,VENICE BLVD,145695,
-118.5885622,34.24272537,30285,8648703,2019,2019-03-13T00:00:00.000Z,1942,2019-02-17T00:00:00.000Z,1530,38947,1771,7,5,7,1942,0,0,0,Q,0,17A81,DE SOTO AV,PLUMMER ST,0,,Y,A,-,N,,0,0,,,0,,,,Y,1,2,2,2,A,-,3,22350,,N,D,C,A,A,H,-,A,A,0,,,,,Y,,A,1,2,0,0,0,0,0,0,0,0,- ,- ,0,0,1800,2,LOS ANGELES,LOS ANGELES,CA,-118.5885622,34.24272537,"DE SOTO AVE & PLUMMER ST, LOS ANGELES, CA",DE SOTO AVE,PLUMMER ST,133727,
-118.3086787,34.00371552,30286,8792977,2019,2019-02-25T00:00:00.000Z,1942,2019-02-04T00:00:00.000Z,1530,43554,395,1,5,7,1942,0,0,0,C,0,3A99,VERNON AV,WESTERN AV,80,E,N,B,-,N,,0,0,,,0,,,,Y,4,0,1,2,A,-,3,22350,,N,C,C,A,A,H,-,A,A,0,,,,,Y,,A,1,0,0,1,0,0,0,0,0,0,- ,- ,0,0,1800,2,LOS ANGELES,LOS ANGELES,CA,-118.3086787,34.00371552,"VERNON AVE & WESTERN AVE, LOS ANGELES, CA",VERNON AVE,WESTERN AVE,106852,
-118.4553122,34.2282753,30287,8793024,2019,2019-02-26T00:00:00.000Z,1942,2019-02-08T00:00:00.000Z,1640,43632,1984,5,5,7,1942,0,0,0,,0,19A84,PARTHENIA ST,WILLIS AV,0,,Y,A,-,N,,0,0,,,0,,,,Y,0,0,0,2,A,-,9,21802,A,M,D,C,A,A,H,-,A,A,0,,,,,Y,,A,1,0,0,0,0,0,0,0,0,0,- ,- ,0,0,1800,2,LOS ANGELES,LOS ANGELES,CA,-118.4553122,34.2282753,"PARTHENIA ST & WILLIS AVE, LOS ANGELES, CA",PARTHENIA ST,WILLIS AVE,123188,
-118.2695321,33.93828583,30288,8793052,2019,2019-03-14T00:00:00.000Z,1942,2019-02-05T00:00:00.000Z,1600,40628,1862,2,5,7,1942,0,0,0,R,0,18HS1,108TH ST,SAN PEDRO,0,,Y,A,-,N,,0,0,,,0,,,,Y,4,0,1,2,A,-,3,22350,,N,C,C,A,A,H,-,A,A,0,,,,,Y,,A,7,0,0,1,0,0,0,0,0,0,- ,- ,0,0,1800,2,LOS ANGELES,LOS ANGELES,CA,-118.2695321,33.93828583,"108TH ST & SAN PEDRO ST, LOS ANGELES, CA",108TH ST,SAN PEDRO ST,145315,
-118.3787604,34.02108765,30289,8793064,2019,2019-02-28T00:00:00.000Z,1942,2019-02-08T00:00:00.000Z,1700,43085,341,5,5,7,1942,0,0,0,C,0,3A15,JEFFERSON BL,HOLDREGE AV,200,W,N,A,-,N,,0,0,,,0,,,,N,4,0,1,4,A,-,4,21703,,N,C,C,A,A,H,-,A,D,0,,,,,Y,,A,1,0,0,1,0,0,0,0,0,0,- ,- ,0,0,1800,2,LOS ANGELES,LOS ANGELES,CA,-118.3787604,34.02108765,"JEFFERSON BLVD & HOLDREGE AVE, LOS ANGELES, CA",JEFFERSON BLVD,HOLDREGE AVE,134798,
-118.3351321,34.01094437,30290,8793068,2019,2019-02-28T00:00:00.000Z,1942,2019-02-02T00:00:00.000Z,1645,42668,363,6,5,7,1942,0,0,0,C,0,3A18,MLK BL,CRENSHAW AV,0,,Y,A,-,N,,0,0,,,0,,,,N,4,0,1,2,A,-,4,21703,,N,C,C,A,A,H,-,A,D,0,,,,,Y,,A,1,0,0,1,0,0,0,0,0,0,- ,- ,0,0,1800,2,LOS ANGELES,LOS ANGELES,CA,-118.3351321,34.01094437,"MARTIN LUTHER KING JR BLVD & CRENSHAW BLVD, LOS ANGELES, CA",MARTIN LUTHER KING JR BLVD,CRENSHAW BLVD,148016,
-118.2753321,34.03585434,30291,8793072,2019,2019-02-28T00:00:00.000Z,1942,2019-02-08T00:00:00.000Z,1710,38163,319,5,5,7,1942,0,0,0,,0,3F72,WASHINGTON BL,BONSALLO AV,0,,Y,A,-,N,,0,0,,,0,,,,N,4,0,1,2,A,-,9,21801,A,N,A,C,A,A,H,-,A,A,0,,,,,Y,,A,1,0,0,1,0,0,0,0,0,0,- ,- ,0,0,1800,2,LOS ANGELES,LOS ANGELES,CA,-118.2753321,34.03585434,"WASHINGTON BLVD & BONSALLO AVE, LOS ANGELES, CA",WASHINGTON BLVD,BONSALLO AVE,107080,
-118.3205921,33.98907471,30292,8793094,2019,2019-02-27T00:00:00.000Z,1942,2019-02-08T00:00:00.000Z,1605,39226,1232,5,5,7,1942,0,0,0,L,0,12X58,SLAUSON AV,3RD AV,20,S,N,A,-,N,,0,0,,,0,,,,N,4,0,2,2,A,-,4,21703,,F,C,C,A,A,H,-,A,D,0,,,,,Y,,-,99,0,0,2,0,0,0,0,0,0,- ,- ,0,0,1800,2,LOS ANGELES,LOS ANGELES,CA,-118.3205921,33.98907471,"SLAUSON AVE & 3RD AVE, LOS ANGELES, CA",SLAUSON AVE,3RD AVE,103083,
-118.2716921,33.95717621,30293,8793119,2019,2019-02-26T00:00:00.000Z,1942,2019-02-11T00:00:00.000Z,1600,41933,1802,1,5,7,1942,0,0,0,R,0,25T22,E 88TH ST,WALL ST,0,,Y,A,-,N,,0,0,,,0,,,,Y,3,0,2,2,A,-,12,22450,A,F,D,C,A,A,H,-,A,A,0,,,,,Y,,A,1,0,2,0,0,0,0,0,0,0,- ,- ,0,0,1800,2,LOS ANGELES,LOS ANGELES,CA,-118.2716921,33.95717621,"88TH ST & WALL ST, LOS ANGELES, CA",88TH ST,WALL ST,134634,
-118.3309521,33.98292542,30294,8793161,2019,2019-02-22T00:00:00.000Z,1942,2019-02-01T00:00:00.000Z,1705,42689,1241,5,5,7,1942,0,0,0,L,0,12A57,CRENSHAW BL,W 63RD ST,0,,Y,B,-,N,,0,0,,,0,,,,Y,4,0,2,2,A,-,12,21453,A,N,D,C,A,A,H,-,B,A,0,,,,,Y,,-,- ,0,0,2,0,0,0,0,0,0,- ,- ,0,0,1800,2,LOS ANGELES,LOS ANGELES,CA,-118.3309521,33.98292542,"CRENSHAW BLVD & 63RD ST, LOS ANGELES, CA",CRENSHAW BLVD,63RD ST,145176,
-118.3046622,33.95998383,30296,8793219,2019,2019-02-25T00:00:00.000Z,1942,2019-02-06T00:00:00.000Z,1740,40971,1273,3,5,7,1942,0,0,0,L,0,12A73,W MANCHESTER AV,DENKER AV,0,,Y,A,-,N,,0,0,,,0,,,,N,0,0,0,2,A,-,12,21453,A,M,D,C,A,A,H,-,B,A,0,,,,,Y,,-,99,0,0,0,0,0,0,0,0,0,- ,- ,0,0,1800,2,LOS ANGELES,LOS ANGELES,CA,-118.3046622,33.95998383,"MANCHESTER AVE & DENKER AVE, LOS ANGELES, CA",MANCHESTER AVE,DENKER AVE,127710,
-118.2827221,33.9568634,30297,8793251,2019,2019-02-25T00:00:00.000Z,1942,2019-02-08T00:00:00.000Z,1630,37724,1801,5,5,7,1942,0,0,0,R,0,18A1,S FIGUEROA ST,88TH PL,40,N,N,A,-,N,,0,0,,,0,,,,N,0,0,0,2,A,-,7,21658,A,M,B,C,A,A,H,-,A,-,0,,,,,Y,,-,99,0,0,0,0,0,0,0,0,0,- ,- ,0,0,1800,2,LOS ANGELES,LOS ANGELES,CA,-118.2827221,33.9568634,"FIGUEROA ST & 88TH PL, LOS ANGELES, CA",FIGUEROA ST,88TH PL,138217,
-118.4677272,34.22107697,30298,8793520,2019,2019-02-26T00:00:00.000Z,1942,2019-02-01T00:00:00.000Z,1545,39281,1981,5,5,7,1942,0,0,0,,0,19A61,SEPULVEDA BL,ROSCOE BL,120,S,N,A,-,N,,0,0,,,0,,,,N,3,0,1,2,A,-,9,21804,A,N,D,C,A,A,H,-,A,D,0,,,,,Y,,A,1,0,1,0,0,0,0,0,0,0,- ,- ,0,0,1800,2,LOS ANGELES,LOS ANGELES,CA,-118.4677272,34.22107697,"SEPULVEDA BLVD & ROSCOE BLVD, LOS ANGELES, CA",SEPULVEDA BLVD,ROSCOE BLVD,104976,
-118.3351621,34.02404022,30299,8793537,2019,2019-02-26T00:00:00.000Z,1942,2019-02-06T00:00:00.000Z,1645,30425,334,3,5,7,1942,0,0,0,C,0,3A31,CRENSHAW BL,36TH ST,2,N,N,A,-,N,,0,0,,,0,,,,N,3,0,1,2,A,-,3,22350,,N,C,G,A,A,H,-,A,A,0,,Y,,,Y,,A,1,0,1,0,0,0,0,1,0,0,- ,- ,0,0,1800,2,LOS ANGELES,LOS ANGELES,CA,-118.3351621,34.02404022,"CRENSHAW BLVD & 36TH ST, LOS ANGELES, CA",CRENSHAW BLVD,36TH ST,120921,
-118.5302022,34.27800369,30300,8793591,2019,2019-02-22T00:00:00.000Z,1942,2019-02-02T00:00:00.000Z,1510,42360,1728,6,5,7,1942,0,0,0,Q,0,17A35,CHIMINEAS AV,RINALDI ST,0,,Y,B,-,N,,0,0,,,0,,,,N,0,0,0,2,A,-,3,22350,,M,B,C,A,B,H,-,A,A,0,,,,,Y,,-,99,0,0,0,0,0,0,0,0,0,- ,- ,0,0,1800,2,LOS ANGELES,LOS ANGELES,CA,-118.5302022,34.27800369,"CHIMINEAS AVE & RINALDI ST, LOS ANGELES, CA",CHIMINEAS AVE,RINALDI ST,136996,
-118.3264621,33.98902512,30301,8793672,2019,2019-03-05T00:00:00.000Z,1942,2019-02-13T00:00:00.000Z,1600,38057,1232,3,5,7,1942,0,0,0,L,0,1223,SLAUSON AV,8TH AV,0,,Y,B,C,N,,0,0,,,0,,,,N,4,0,2,2,A,-,9,21801,A,N,D,C,A,B,H,-,A,A,0,,,,,Y,,D,22,0,0,2,0,0,0,0,0,0,- ,- ,0,0,1800,2,LOS ANGELES,LOS ANGELES,CA,-118.3264621,33.98902512,"SLAUSON AVE & 8TH AVE, LOS ANGELES, CA",SLAUSON AVE,8TH AVE,117075,
-118.3046721,33.94949341,30302,8793680,2019,2019-03-01T00:00:00.000Z,1942,2019-02-17T00:00:00.000Z,1600,42180,1283,7,5,7,1942,0,0,0,L,0,12X18,DENKER AV,95TH ST,12,S,N,A,-,N,,0,0,,,0,,,,N,0,0,0,2,A,-,7,21658,A,M,B,E,A,A,H,-,A,A,0,,,,,Y,,-,99,0,0,0,0,0,0,0,0,0,- ,- ,0,0,1800,2,LOS ANGELES,LOS ANGELES,CA,-118.3046721,33.94949341,"DENKER AVE & 95TH ST, LOS ANGELES, CA",DENKER AVE,95TH ST,127678,
-118.2816396,33.86275482,30303,8793704,2019,2019-03-04T00:00:00.000Z,1942,2019-02-12T00:00:00.000Z,1500,40748,,2,5,7,1942,0,0,0,,0,,FIGUEROA,190TH ST,20,N,N,A,-,N,,0,0,,,0,,,,N,4,0,1,2,A,-,9,21801,A,N,A,C,A,A,H,-,A,A,0,,,,,Y,,D,22,0,0,1,0,0,0,0,0,0,- ,- ,0,0,1800,2,LOS ANGELES,LOS ANGELES,CA,-118.2816396,33.86275482,"FIGUEROA ST & 190TH ST, LOS ANGELES, CA",FIGUEROA ST,190TH ST,109667,
-118.2616543,33.96012116,30304,8793744,2019,2019-03-01T00:00:00.000Z,1942,2019-02-10T00:00:00.000Z,1630,42231,1269,7,5,7,1942,0,0,0,L,0,12X56,MANCHESTER AV,MCKINLEY AV,265,W,N,A,-,N,,0,0,,,0,,,,N,0,0,0,2,A,-,3,22350,,M,C,E,A,A,H,-,A,D,0,,,,,Y,,-,99,0,0,0,0,0,0,0,0,0,- ,- ,0,0,1800,2,LOS ANGELES,LOS ANGELES,CA,-118.2616543,33.96012115,"MANCHESTER AVE & MCKINLEY AVE, LOS ANGELES, CA",MANCHESTER AVE,MCKINLEY AVE,131216,
-118.2782927,34.01109314,30305,8793912,2019,2019-03-01T00:00:00.000Z,1942,2019-02-13T00:00:00.000Z,1735,43554,376,3,5,7,1942,0,0,0,C,0,3A99,MARTIN LUTHER KING JR BL,S BROADWAY,15,E,N,B,-,N,,0,0,,,0,,,,Y,0,0,0,2,A,-,1,23152,A,M,C,C,A,B,H,-,A,A,0,,,,,Y,Y,D,22,0,0,0,0,0,0,0,0,0,- ,- ,0,0,1800,2,LOS ANGELES,LOS ANGELES,CA,-118.2782927,34.01109314,"MARTIN LUTHER KING JR BLVD & BROADWAY, LOS ANGELES, CA",MARTIN LUTHER KING JR BLVD,BROADWAY,116289,
-118.3181521,34.00004578,30306,8794008,2019,2019-03-01T00:00:00.000Z,1942,2019-02-15T00:00:00.000Z,1725,41933,392,5,5,7,1942,0,0,0,C,0,25T22,ARLINGTON AV,W 48TH ST,0,,Y,C,-,N,,0,0,,,0,,,,Y,4,0,1,2,A,-,9,21801,A,N,D,C,A,B,H,-,C,A,0,,,,,Y,,A,7,0,0,1,0,0,0,0,0,0,- ,- ,0,0,1800,2,LOS ANGELES,LOS ANGELES,CA,-118.3181521,34.00004578,"ARLINGTON AVE & 48TH ST, LOS ANGELES, CA",ARLINGTON AVE,48TH ST,106834,
-118.2695521,33.95116806,30307,8794033,2019,2019-03-13T00:00:00.000Z,1942,2019-02-15T00:00:00.000Z,1500,42661,1823,5,5,7,1942,0,0,0,R,0,18A41,SAN PEDRO ST,94TH ST,30,N,N,B,-,N,,0,0,,,0,,,,N,4,0,1,2,A,-,4,21703,,N,C,C,A,A,H,-,A,D,0,,,,,Y,,A,1,0,0,1,0,0,0,0,0,0,- ,- ,0,0,1800,2,LOS ANGELES,LOS ANGELES,CA,-118.2695521,33.95116806,"SAN PEDRO ST & 94TH ST, LOS ANGELES, CA",SAN PEDRO ST,94TH ST,131223,
-118.3173228,34.09804916,30308,8794036,2019,2019-03-01T00:00:00.000Z,1942,2019-02-05T00:00:00.000Z,1650,37700,667,2,5,7,1942,0,0,0,F,0,6A67,W SUNSET BL,BRONSON AV,200,E,N,A,-,N,,0,0,,,0,,,,N,4,0,1,2,A,-,9,21804,A,F,D,G,A,A,H,-,A,D,0,,Y,,,Y,,-,99,0,0,1,0,0,0,1,0,0,- ,- ,0,0,1800,2,LOS ANGELES,LOS ANGELES,CA,-118.3173228,34.09804916,"SUNSET BLVD & BRONSON AVE, LOS ANGELES, CA",SUNSET BLVD,BRONSON AVE,125452,
-118.2826222,33.93824387,30309,8794037,2019,2019-02-28T00:00:00.000Z,1942,2019-02-18T00:00:00.000Z,1525,41973,1841,1,5,7,1942,0,0,0,R,0,18A41,W 108TH ST,S FIGUEROA ST,0,,Y,A,-,N,,0,0,,,0,,,,N,4,0,1,2,A,-,9,21801,A,N,G,B,B,A,H,-,A,A,0,Y,,,,Y,,A,7,0,0,1,0,1,0,0,0,0,- ,- ,0,0,1800,2,LOS ANGELES,LOS ANGELES,CA,-118.2826222,33.93824387,"108TH ST & FIGUEROA ST, LOS ANGELES, CA",108TH ST,FIGUEROA ST,120226,
-118.3452121,34.02149582,30311,8794053,2019,2019-02-28T00:00:00.000Z,1942,2019-02-12T00:00:00.000Z,1730,39226,353,2,5,7,1942,0,0,0,C,0,12Y48,RODEO RD,CHESAPEAKE,0,,Y,A,-,N,,0,0,,,0,,,,N,4,0,1,2,A,-,9,21802,A,N,B,G,A,A,H,-,A,-,0,,Y,,,Y,,L,4,0,0,1,0,0,0,1,0,0,- ,- ,0,0,1800,2,LOS ANGELES,LOS ANGELES,CA,-118.3452121,34.02149582,"RODEO RD & CHESAPEAKE AVE, LOS ANGELES, CA",RODEO RD,CHESAPEAKE AVE,96279,
-118.3177521,33.94545364,30312,8794055,2019,2019-03-18T00:00:00.000Z,1942,2019-02-11T00:00:00.000Z,1500,42681,1283,1,5,7,1942,0,0,0,L,0,12X58,CENTURY BL,VAN NESS AV,0,,Y,A,-,N,,0,0,,,0,,,,Y,4,0,1,5,A,-,9,21800,D,N,D,C,A,A,H,-,A,A,0,,,,,Y,,A,7,0,0,1,0,0,0,0,0,0,- ,- ,0,0,1800,2,LOS ANGELES,LOS ANGELES,CA,-118.3177521,33.94545364,"CENTURY BLVD & VAN NESS AVE, LOS ANGELES, CA",CENTURY BLVD,VAN NESS AVE,120661,
-118.3548033,34.02549362,30313,8794067,2019,2019-03-01T00:00:00.000Z,1942,2019-02-12T00:00:00.000Z,1640,43254,312,2,5,7,1942,0,0,0,C,0,3A34,JEFFERSON BL,LA BREA AV,30,E,N,A,-,N,,0,0,,,0,,,,Y,4,0,1,3,A,-,4,21703,,N,C,C,A,A,H,-,B,A,0,,,,,Y,,A,7,0,0,1,0,0,0,0,0,0,- ,- ,0,0,1800,2,LOS ANGELES,LOS ANGELES,CA,-118.3548033,34.02549362,"JEFFERSON BLVD & LA BREA AVE, LOS ANGELES, CA",JEFFERSON BLVD,LA BREA AVE,145296,
-118.3456921,34.01315308,30314,8794079,2019,2019-03-01T00:00:00.000Z,1942,2019-02-14T00:00:00.000Z,1735,41933,363,4,5,7,1942,0,0,0,C,0,3A63,SANTA ROSALIA DR,MUIRFIELD RD,0,,Y,C,-,N,,0,0,,,0,,,,N,3,0,1,2,A,-,10,21950,A,N,G,B,B,B,H,-,A,D,0,Y,,,,Y,,-,99,0,1,0,0,1,0,0,0,0,- ,- ,0,0,1800,2,LOS ANGELES,LOS ANGELES,CA,-118.3456921,34.01315308,"SANTA ROSALIA DR & MUIRFIELD RD, LOS ANGELES, CA",SANTA ROSALIA DR,MUIRFIELD RD,141732,
-118.3181763,34.03062439,30315,8797128,2019,2019-02-15T00:00:00.000Z,1942,2019-02-05T00:00:00.000Z,1700,40700,314,2,5,7,1942,0,0,0,C,0,25T32,27TH ST,ARLINGTON AV,150,W,N,B,-,N,,0,0,,,0,,,,N,0,0,0,2,A,-,3,22350,,M,B,E,A,A,H,-,B,D,0,,,,,Y,,-,99,0,0,0,0,0,0,0,0,0,- ,- ,0,0,1800,2,LOS ANGELES,LOS ANGELES,CA,-118.3181763,34.03062439,"27TH ST & ARLINGTON AVE, LOS ANGELES, CA",27TH ST,ARLINGTON AVE,96424,
-118.2725961,33.93100739,30316,8797196,2019,2019-02-15T00:00:00.000Z,1942,2019-02-04T00:00:00.000Z,1500,37700,1494,1,5,7,1942,0,0,0,N,0,LAX,W IMPERIAL HWY,MAIN ST,400,E,N,A,-,N,,0,0,,,0,,,,Y,0,0,0,1,C,-,18,0,,N,E,I,A,B,H,-,A,D,0,,,,,Y,,-,- ,0,0,0,0,0,0,0,0,0,- ,- ,0,0,1800,2,LOS ANGELES,LOS ANGELES,CA,-118.2725961,33.93100739,"IMPERIAL HWY & MAIN ST, LOS ANGELES, CA",IMPERIAL HWY,MAIN ST,106798,
-118.349806,34.01823807,30317,8797225,2019,2019-02-22T00:00:00.000Z,1942,2019-02-05T00:00:00.000Z,1620,39747,0B62,2,5,7,1942,0,0,0,,0,3A55,COLISEUM ST,NICOLET AV,200,E,N,A,-,N,,0,0,,,0,,,,N,4,0,1,4,A,-,8,22103,,N,D,C,A,A,H,-,A,D,0,,,,,Y,,A,1,0,0,1,0,0,0,0,0,0,- ,- ,0,0,1800,2,LOS ANGELES,LOS ANGELES,CA,-118.349806,34.01823807,"COLISEUM ST & NICOLET AVE, LOS ANGELES, CA",COLISEUM ST,NICOLET AVE,109438,
-118.3253145,34.01914978,30318,8797249,2019,2019-02-21T00:00:00.000Z,1942,2019-02-03T00:00:00.000Z,1600,42785,354,7,5,7,1942,0,0,0,C,0,3A73,RODEO RD,COLISEUM ST,45,W,N,B,C,N,,0,0,,,0,,,,Y,4,0,1,2,A,-,8,22107,,F,D,C,A,B,H,-,A,D,0,,,,,Y,Y,-,99,0,0,1,0,0,0,0,0,0,- ,- ,0,0,1800,2,LOS ANGELES,LOS ANGELES,CA,-118.3253145,34.01914978,"RODEO RD & COLISEUM ST, LOS ANGELES, CA",RODEO RD,COLISEUM ST,145478,
-118.2637017,33.94561386,30319,8799032,2019,2019-02-21T00:00:00.000Z,1942,2019-02-04T00:00:00.000Z,1700,43241,1823,1,5,7,1942,0,0,0,R,0,18A26,CENTURY BL,AVALON BL,450,E,N,B,C,N,,0,0,,,0,,,,Y,0,0,0,2,A,-,5,21651,A,N,A,C,A,B,H,-,A,D,0,,,,,Y,,A,1,0,0,0,0,0,0,0,0,0,- ,- ,0,0,1800,2,LOS ANGELES,LOS ANGELES,CA,-118.2637017,33.94561386,"CENTURY BLVD & AVALON BLVD, LOS ANGELES, CA",CENTURY BLVD,AVALON BLVD,96139,
-118.2811727,34.03497315,30320,8799540,2019,2019-02-27T00:00:00.000Z,1942,2019-02-10T00:00:00.000Z,1540,41933,308,7,5,7,1942,0,0,0,C,0,25T22,22ND ST,TOBERMAN ST,7,W,N,A,-,N,,0,0,,,0,,,,N,0,0,0,2,A,-,3,22350,,M,D,E,A,B,H,-,A,A,0,,,,,Y,,-,99,0,0,0,0,0,0,0,0,0,- ,- ,0,0,1800,2,LOS ANGELES,LOS ANGELES,CA,-118.2811727,34.03497314,"22ND ST & TOBERMAN ST, LOS ANGELES, CA",22ND ST,TOBERMAN ST,135059,
-118.2826821,33.97465515,30321,8800475,2019,2019-02-25T00:00:00.000Z,1942,2019-02-01T00:00:00.000Z,1735,41652,1256,5,5,7,1942,0,0,0,L,0,1249,FLORENCE AVE,FIGUEROA ST,0,,Y,C,-,N,,0,0,,,0,,,,N,4,0,2,2,A,-,8,22107,,N,B,C,A,B,H,-,B,A,0,,,,,Y,,D,22,0,0,2,0,0,0,0,0,0,- ,- ,0,0,1800,2,LOS ANGELES,LOS ANGELES,CA,-118.2826821,33.97465515,"FLORENCE AVE & FIGUEROA ST, LOS ANGELES, CA",FLORENCE AVE,FIGUEROA ST,113583,
-118.3043405,33.78993988,30322,8800690,2019,2019-05-22T00:00:00.000Z,1942,2019-02-06T00:00:00.000Z,1530,41933,511,3,5,7,1942,0,0,0,E,0,25T22,PRESIDENT AV,PACIFIC COAST HWY,180,N,N,A,-,Y,LA,7,1,-,-,12.912,I,6,N,N,4,0,1,2,A,-,3,22350,,F,C,C,A,A,H,-,A,D,0,,,,,Y,,-,99,0,0,1,0,0,0,0,0,0,- ,- ,0,0,1800,2,LOS ANGELES,LOS ANGELES,CA,-118.3043405,33.78993988,"PRESIDENT AVE & PACIFIC COAST HWY, LOS ANGELES, CA",PRESIDENT AVE,PACIFIC COAST HWY,145392,
-118.2869621,33.94550324,30323,8800881,2019,2019-02-22T00:00:00.000Z,1942,2019-02-06T00:00:00.000Z,1530,42589,1821,3,5,7,1942,0,0,0,R,0,18U4,HOOVER ST,CENTURY BL,0,,Y,A,-,N,,0,0,,,0,,,,N,4,0,1,2,A,-,9,21801,A,N,A,C,A,A,H,-,A,A,0,,,,,Y,,A,1,0,0,1,0,0,0,0,0,0,- ,- ,0,0,1800,2,LOS ANGELES,LOS ANGELES,CA,-118.2869621,33.94550323,"HOOVER ST & CENTURY BLVD, LOS ANGELES, CA",HOOVER ST,CENTURY BLVD,134790,
-118.3149497,33.99731064,30324,8800949,2019,2019-02-22T00:00:00.000Z,1942,2019-02-10T00:00:00.000Z,1730,38633,1203,7,5,7,1942,0,0,0,L,0,25TL24,WILTON PL,48TH ST,1000,S,N,A,-,N,,0,0,,,0,,,,N,4,0,2,2,A,-,9,21804,A,F,D,C,A,A,A,-,A,D,0,,,,,Y,,-,99,0,0,2,0,0,0,0,0,0,- ,- ,0,0,1800,2,LOS ANGELES,LOS ANGELES,CA,-118.3149497,33.99731064,"WILTON PL & 48TH ST, LOS ANGELES, CA",WILTON PL,48TH ST,145471,