X,Y,OBJECTID,case_id,accident_year,proc_date,juris,collision_date,collision_time,officer_id,reporting_district,day_of_week,chp_shift,population,cnty_city_loc,special_cond,beat_type,chp_beat_type,city_division_lapd,chp_beat_class,beat_number,primary_rd,secondary_rd,distance,direction,intersection,weather_1,weather_2,state_hwy_ind,caltrans_county,caltrans_district,state_route,route_suffix,postmile_prefix,postmile,location_type,ramp_intersection,side_of_hwy,tow_away,collision_severity,number_killed,number_injured,party_count,primary_coll_factor,pcf_code_of_viol,pcf_viol_category,pcf_violation,pcf_viol_subsection,hit_and_run,type_of_collision,mviw,ped_action,road_surface,road_cond_1,road_cond_2,lighting,control_device,chp_road_type,pedestrian_accident,bicycle_accident,motorcycle_accident,truck_accident,not_private_property,alcohol_involved,stwd_vehtype_at_fault,chp_vehtype_at_fault,count_severe_inj,count_visible_inj,count_complaint_pain,count_ped_killed,count_ped_injured,count_bicyclist_killed,count_bicyclist_injured,count_mc_killed,count_mc_injured,primary_ramp,secondary_ramp,latitude,longitude,timecat,month_,city,county,state,point_x,point_y,match_addr,m_primaryrd,m_secondrd,int_id,Flag
-118.2695121,33.96537399,30325,8800953,2019,2019-02-22T00:00:00.000Z,1942,2019-02-09T00:00:00.000Z,1600,42962,1269,6,5,7,1942,0,0,0,L,0,12Z5,SAN PEDRO ST,82ND ST,0,,Y,A,-,N,,0,0,,,0,,,,Y,4,0,1,2,A,-,3,22350,,N,C,C,A,A,H,-,A,D,0,,,,,Y,,A,1,0,0,1,0,0,0,0,0,0,- ,- ,0,0,1800,2,LOS ANGELES,LOS ANGELES,CA,-118.2695121,33.96537399,"SAN PEDRO ST & 82ND ST, LOS ANGELES, CA",SAN PEDRO ST,82ND ST,103276,
-118.2915622,34.01682663,30326,8800955,2019,2019-02-22T00:00:00.000Z,1942,2019-02-05T00:00:00.000Z,1755,40066,315,2,5,7,1942,0,0,0,C,0,3Z3,38TH ST,VERMONT AV,0,,Y,A,-,N,,0,0,,,0,,,,N,4,0,1,2,A,-,10,21950,A,N,G,B,B,A,H,-,C,D,0,Y,,,,Y,,A,1,0,0,1,0,1,0,0,0,0,- ,- ,0,0,1800,2,LOS ANGELES,LOS ANGELES,CA,-118.2915622,34.01682663,"38TH ST & VERMONT AVE, LOS ANGELES, CA",38TH ST,VERMONT AVE,96233,
-118.3330121,33.97451401,30327,8801126,2019,2019-02-22T00:00:00.000Z,1942,2019-02-07T00:00:00.000Z,1710,41973,1251,4,5,7,1942,0,0,0,L,0,12A51,W FLORENCE AV,VICTORIA AV,0,,Y,A,-,N,,0,0,,,0,,,,Y,4,0,1,2,A,-,5,21460,C,N,D,C,A,A,H,-,C,D,0,,,,,Y,,A,1,0,0,1,0,0,0,0,0,0,- ,- ,0,0,1800,2,LOS ANGELES,LOS ANGELES,CA,-118.3330121,33.97451401,"FLORENCE AVE & VICTORIA AVE, LOS ANGELES, CA",FLORENCE AVE,VICTORIA AVE,110093,
-118.2690377,34.07949829,30328,8802263,2019,2019-03-06T00:00:00.000Z,1942,2019-02-10T00:00:00.000Z,1635,40099,1181,7,5,7,1942,0,0,0,K,0,11A71,W SUNSET BL,CORONADO ST,2,W,N,A,-,N,,0,0,,,0,,,,N,3,0,1,2,A,-,10,21950,A,F,G,B,B,A,H,-,A,A,0,Y,,,,Y,,-,99,0,1,0,0,1,0,0,0,0,- ,- ,0,0,1800,2,LOS ANGELES,LOS ANGELES,CA,-118.2690377,34.07949829,"SUNSET BLVD & CORONADO ST, LOS ANGELES, CA",SUNSET BLVD,CORONADO ST,112695,
-118.4847322,34.27193451,30329,8802408,2019,2019-04-05T00:00:00.000Z,1942,2019-02-15T00:00:00.000Z,1745,43086,1717,5,5,7,1942,0,0,0,Q,0,17X54,WOODLEY,SAN FERNANDO MISSION,0,,Y,B,-,N,,0,0,,,0,,,,Y,4,0,2,2,A,-,12,21453,A,N,D,C,A,B,H,-,C,A,0,,,,,Y,,D,22,0,0,2,0,0,0,0,0,0,- ,- ,0,0,1800,2,LOS ANGELES,LOS ANGELES,CA,-118.4847322,34.27193451,"WOODLEY AVE & SAN FERNANDO MISSION BLVD, LOS ANGELES, CA",WOODLEY AVE,SAN FERNANDO MISSION BLVD,129712,
-118.5234322,34.26733398,30330,8802432,2019,2019-03-13T00:00:00.000Z,1942,2019-02-15T00:00:00.000Z,1530,41514,1735,5,5,7,1942,0,0,0,Q,0,17A35,TRIBUNE ST,ZELZAH AV,0,,Y,C,-,N,,0,0,,,0,,,,N,4,0,1,2,A,-,9,21802,A,N,D,C,A,B,H,-,A,A,0,,,,,Y,,D,22,0,0,1,0,0,0,0,0,0,- ,- ,0,0,1800,2,LOS ANGELES,LOS ANGELES,CA,-118.5234322,34.26733398,"TRIBUNE ST & ZELZAH AVE, LOS ANGELES, CA",TRIBUNE ST,ZELZAH AVE,98217,
-118.29062,33.8676796,30332,8802725,2019,2019-02-21T00:00:00.000Z,1942,2019-02-01T00:00:00.000Z,1635,41933,501,5,5,7,1942,0,0,0,E,0,25T22,S VERMONT AV,182ND ST,180,N,N,A,-,N,,0,0,,,0,,,,Y,4,0,1,3,A,-,3,22350,,N,B,E,A,A,H,-,A,D,0,,,,,Y,,A,1,0,0,1,0,0,0,0,0,0,- ,- ,0,0,1800,2,LOS ANGELES,LOS ANGELES,CA,-118.29062,33.8676796,"VERMONT AVE & 182ND ST, LOS ANGELES, CA",VERMONT AVE,182ND ST,138257,
-118.3223021,34.09620667,30333,8802727,2019,2019-02-22T00:00:00.000Z,1942,2019-02-01T00:00:00.000Z,1610,42656,666,5,5,7,1942,0,0,0,F,0,6A67,DE LONGPRE AV,GOWER ST,0,,Y,B,-,N,,0,0,,,0,,,,Y,3,0,2,3,A,-,1,23152,A,N,D,C,A,A,H,-,A,A,0,,,,,Y,Y,A,8,0,1,1,0,0,0,0,0,0,- ,- ,0,0,1800,2,LOS ANGELES,LOS ANGELES,CA,-118.3223021,34.09620667,"DE LONGPRE AVE & GOWER ST, LOS ANGELES, CA",DE LONGPRE AVE,GOWER ST,107882,
-118.3659465,34.05358887,30335,8802767,2019,2019-02-22T00:00:00.000Z,1942,2019-02-02T00:00:00.000Z,1500,38262,753,6,5,7,1942,0,0,0,G,0,7A53,FAIRFAX AV,PACKARD ST,91,N,N,C,-,N,,0,0,,,0,,,,N,3,0,1,3,A,-,3,22350,,F,C,C,A,B,H,-,A,D,0,,,,,Y,,-,99,0,1,0,0,0,0,0,0,0,- ,- ,0,0,1800,2,LOS ANGELES,LOS ANGELES,CA,-118.3659465,34.05358887,"FAIRFAX AVE & PACKARD ST, LOS ANGELES, CA",FAIRFAX AVE,PACKARD ST,110399,
-118.5360204,34.17243576,30336,8803051,2019,2019-02-22T00:00:00.000Z,1942,2019-02-10T00:00:00.000Z,1550,36733,1063,7,5,7,1942,0,0,0,J,0,10A83,RESEDA BL,BURBANK BL,30,N,N,B,-,N,,0,0,,,0,,,,Y,4,0,2,2,A,-,3,22350,,F,C,C,A,B,H,-,A,D,0,,,,,Y,,A,1,0,0,2,0,0,0,0,0,0,- ,- ,0,0,1800,2,LOS ANGELES,LOS ANGELES,CA,-118.5360204,34.17243576,"RESEDA BLVD & BURBANK BLVD, LOS ANGELES, CA",RESEDA BLVD,BURBANK BLVD,129705,
-118.5557322,34.20835495,30337,8803059,2019,2019-02-22T00:00:00.000Z,1942,2019-02-07T00:00:00.000Z,1630,41514,1011,4,5,7,1942,0,0,0,J,0,10A3,SATICOY ST,CALVIN AV,0,,Y,A,-,N,,0,0,,,0,,,,N,4,0,1,2,A,-,9,21801,A,F,D,C,A,A,H,-,A,D,0,,,,,Y,,-,99,0,0,1,0,0,0,0,0,0,- ,- ,0,0,1800,2,LOS ANGELES,LOS ANGELES,CA,-118.5557322,34.20835495,"SATICOY ST & CALVIN AVE, LOS ANGELES, CA",SATICOY ST,CALVIN AVE,126030,
-118.6298683,34.19987488,30338,8803067,2019,2019-02-22T00:00:00.000Z,1942,2019-02-05T00:00:00.000Z,1540,35481,2133,2,5,7,1942,0,0,0,,0,21A1,SHERMAN WY,MEDICAL CENTER DR,335,W,N,A,-,N,,0,0,,,0,,,,Y,3,0,2,3,A,-,4,21703,,F,C,C,A,A,H,-,A,D,0,,,,,Y,,-,99,0,1,1,0,0,0,0,0,0,- ,- ,0,0,1800,2,LOS ANGELES,LOS ANGELES,CA,-118.6298683,34.19987488,"SHERMAN WAY & MEDICAL CENTER DR, LOS ANGELES, CA",SHERMAN WAY,MEDICAL CENTER DR,129501,
-118.2738921,33.95464325,30339,8803504,2019,2019-02-26T00:00:00.000Z,1942,2019-02-13T00:00:00.000Z,1610,36851,1802,3,5,7,1942,0,0,0,R,0,25T22,MAIN ST,90TH ST,0,,Y,B,-,N,,0,0,,,0,,,,N,4,0,1,2,A,-,5,21650,1,N,-,G,A,A,H,-,A,A,0,,Y,,,Y,,L,4,0,0,1,0,0,0,1,0,0,- ,- ,0,0,1800,2,LOS ANGELES,LOS ANGELES,CA,-118.2738921,33.95464325,"MAIN ST & 90TH ST, LOS ANGELES, CA",MAIN ST,90TH ST,124249,
-118.2914576,33.94548416,30340,8803738,2019,2019-02-27T00:00:00.000Z,1942,2019-02-13T00:00:00.000Z,1530,43092,1821,3,5,7,1942,0,0,0,R,0,18A41,CENTURY BL,VERMONT AV,50,E,N,B,-,N,,0,0,,,0,,,,N,0,0,0,2,A,-,3,22350,,M,A,C,A,B,H,-,A,A,0,,,,,Y,,-,99,0,0,0,0,0,0,0,0,0,- ,- ,0,0,1800,2,LOS ANGELES,LOS ANGELES,CA,-118.2914576,33.94548416,"CENTURY BLVD & VERMONT AVE, LOS ANGELES, CA",CENTURY BLVD,VERMONT AVE,112798,
-118.2472821,33.93112564,30341,8804445,2019,2019-03-15T00:00:00.000Z,1942,2019-02-22T00:00:00.000Z,1648,43709,1846,5,5,7,1942,0,0,0,R,0,18A44,EVERS AV,114TH ST,0,,Y,A,-,N,,0,0,,,0,,,,N,0,0,0,2,A,-,4,21703,,N,C,C,A,A,H,-,A,D,0,,,,,Y,Y,D,22,0,0,0,0,0,0,0,0,0,- ,- ,0,0,1800,2,LOS ANGELES,LOS ANGELES,CA,-118.2472821,33.93112564,"EVERS AVE & 114TH ST, LOS ANGELES, CA",EVERS AVE,114TH ST,113771,
-118.3101806,33.98522949,30342,8804449,2019,2019-03-15T00:00:00.000Z,1942,2019-02-23T00:00:00.000Z,1530,43627,1233,6,5,7,1942,0,0,0,L,0,12A39,60TH ST,MANHATTAN PL,200,W,N,A,-,N,,0,0,,,0,,,,N,0,0,0,2,A,-,3,22350,,M,B,C,A,A,H,-,A,A,0,,,,Y,Y,,-,99,0,0,0,0,0,0,0,0,0,- ,- ,0,0,1800,2,LOS ANGELES,LOS ANGELES,CA,-118.3101806,33.98522949,"60TH ST & MANHATTAN PL, LOS ANGELES, CA",60TH ST,MANHATTAN PL,127627,
-118.2552317,34.05299759,30343,8804462,2019,2019-03-11T00:00:00.000Z,1942,2019-02-07T00:00:00.000Z,1630,34458,142,4,5,7,1942,0,0,0,A,0,1A41,W 4TH ST,FLOWER ST,120,W,N,A,-,N,,0,0,,,0,,,,N,0,0,0,2,A,-,3,22350,,N,B,C,A,A,H,-,A,D,0,,,,,Y,,I,20,0,0,0,0,0,0,0,0,0,- ,- ,0,0,1800,2,LOS ANGELES,LOS ANGELES,CA,-118.2552317,34.05299759,"4TH ST & FLOWER ST, LOS ANGELES, CA",4TH ST,FLOWER ST,109294,
-118.2843422,33.90188599,30344,8803730,2019,2019-02-27T00:00:00.000Z,1942,2019-02-19T00:00:00.000Z,1700,40700,1871,2,5,7,1942,0,0,0,R,0,25MQ56,ROSECRAN AV,DENVER AV,0,,Y,A,-,N,,0,0,,,0,,,,N,0,0,0,2,A,-,3,22350,,M,C,C,A,A,H,-,A,D,0,,,,,Y,,-,99,0,0,0,0,0,0,0,0,0,- ,- ,0,0,1800,2,LOS ANGELES,LOS ANGELES,CA,-118.2843422,33.90188599,"ROSECRANS AVE & DENVER AVE,, CA",ROSECRANS AVE,DENVER AVE,138165,
-118.2466805,34.05422592,30345,8804466,2019,2019-03-11T00:00:00.000Z,1942,2019-02-08T00:00:00.000Z,1640,34458,123,5,5,7,1942,0,0,0,A,0,1A1,N HILL ST,1ST ST,40,S,N,A,-,N,,0,0,,,0,,,,N,4,0,1,2,A,-,4,21703,,N,C,C,A,A,H,-,A,D,0,,,,,Y,,D,22,0,0,1,0,0,0,0,0,0,- ,- ,0,0,1800,2,LOS ANGELES,LOS ANGELES,CA,-118.2466805,34.05422592,"HILL ST & 1ST ST, LOS ANGELES, CA",HILL ST,1ST ST,121162,
-118.3024975,33.9883461,30346,8804480,2019,2019-03-08T00:00:00.000Z,1942,2019-02-14T00:00:00.000Z,1730,42011,1235,4,5,7,1942,0,0,0,L,0,12A45,58TH PL,HALLDALE AV,32,W,N,B,-,N,,0,0,,,0,,,,Y,0,0,0,3,A,-,3,22350,,M,C,E,A,A,H,-,A,D,0,,,,,Y,,A,1,0,0,0,0,0,0,0,0,0,- ,- ,0,0,1800,2,LOS ANGELES,LOS ANGELES,CA,-118.3024975,33.9883461,"58TH PL & HALLDALE AVE, LOS ANGELES, CA",58TH PL,HALLDALE AVE,127669,
-118.2872421,34.0079422,30347,8804481,2019,2019-03-05T00:00:00.000Z,1942,2019-02-19T00:00:00.000Z,1620,39203,398,2,5,7,1942,0,0,0,C,0,3A99W2,HOOVER ST,41ST PL,50,N,N,A,-,N,,0,0,,,0,,,,N,4,0,1,2,A,-,8,22107,,F,B,C,A,A,D,-,A,A,0,,,,,Y,Y,-,99,0,0,1,0,0,0,0,0,0,- ,- ,0,0,1800,2,LOS ANGELES,LOS ANGELES,CA,-118.2872421,34.0079422,"HOOVER ST & 41ST PL, LOS ANGELES, CA",HOOVER ST,41ST PL,145567,
-118.2739121,33.93100357,30348,8804491,2019,2019-03-06T00:00:00.000Z,1942,2019-02-24T00:00:00.000Z,1513,43683,SOE,7,5,7,1942,0,0,0,,0,18A49,IMPERIAL HWY,MAIN,0,,Y,A,-,N,,0,0,,,0,,,,Y,4,0,2,2,A,-,9,21801,A,N,D,C,A,A,H,-,A,D,0,,,,,Y,,A,1,0,0,2,0,0,0,0,0,0,- ,- ,0,0,1800,2,LOS ANGELES,LOS ANGELES,CA,-118.2739121,33.93100357,"IMPERIAL HWY & MAIN ST, LOS ANGELES, CA",IMPERIAL HWY,MAIN ST,106798,
-118.2827652,33.88573837,30349,8804503,2019,2019-03-06T00:00:00.000Z,1942,2019-02-20T00:00:00.000Z,1730,39656,1881,3,5,7,1942,0,0,0,R,0,18A97,FIGUEROA ST,ALONDRA,100,N,N,C,-,N,,0,0,,,0,,,,Y,4,0,1,2,A,-,7,21658,A,N,A,I,A,B,H,-,B,D,0,,,,,Y,,-,99,0,0,1,0,0,0,0,0,0,- ,- ,0,0,1800,2,LOS ANGELES,LOS ANGELES,CA,-118.2827652,33.88573837,"FIGUEROA ST & ALONDRA BLVD, LOS ANGELES, CA",FIGUEROA ST,ALONDRA BLVD,99595,
-118.2784999,33.93096161,30350,8804509,2019,2019-03-05T00:00:00.000Z,1942,2019-02-19T00:00:00.000Z,1745,41801,18,2,5,7,1942,0,0,0,R,0,18A44,BROADWAY,IMPERIAL,5,S,N,A,-,N,,0,0,,,0,,,,Y,3,0,4,2,A,-,9,21801,A,N,D,C,A,A,-,-,C,A,0,,,,,Y,,A,7,0,1,3,0,0,0,0,0,0,- ,- ,0,0,1800,2,LOS ANGELES,LOS ANGELES,CA,-118.2784999,33.93096161,"BROADWAY & IMPERIAL HWY, LOS ANGELES, CA",BROADWAY,IMPERIAL HWY,131756,
-118.2826821,33.97465515,30351,8804515,2019,2019-03-06T00:00:00.000Z,1942,2019-02-23T00:00:00.000Z,1635,38331,1249,6,5,7,1942,0,0,0,L,0,12A83,FLORENCE AV,FIGUEROA ST,0,,Y,A,-,N,,0,0,,,0,,,,N,4,0,1,2,A,-,3,22350,,F,C,C,A,A,H,-,A,A,0,,,,,Y,,-,99,0,0,1,0,0,0,0,0,0,- ,- ,0,0,1800,2,LOS ANGELES,LOS ANGELES,CA,-118.2826821,33.97465515,"FLORENCE AVE & FIGUEROA ST, LOS ANGELES, CA",FLORENCE AVE,FIGUEROA ST,113583,
-118.3363521,34.02143478,30352,8804517,2019,2019-03-05T00:00:00.000Z,1942,2019-02-20T00:00:00.000Z,1700,41933,353,3,5,7,1942,0,0,0,C,0,25TL22,RODEO DR,S VICTORIA AV,0,,Y,C,-,N,,0,0,,,0,,,,Y,4,0,2,2,A,-,9,21802,A,N,D,C,A,B,H,-,C,A,0,,,,,Y,,A,8,0,0,2,0,0,0,0,0,0,- ,- ,0,0,1800,2,LOS ANGELES,LOS ANGELES,CA,-118.3363521,34.02143478,"RODEO RD & VICTORIA AVE, LOS ANGELES, CA",RODEO RD,VICTORIA AVE,123338,
-118.2724322,34.04838562,30353,8804520,2019,2019-03-20T00:00:00.000Z,1942,2019-02-04T00:00:00.000Z,1635,36460,279,1,5,7,1942,0,0,0,B,0,2A91,W OLYMPIC BL,VALENCIA ST,0,,Y,B,-,N,,0,0,,,0,,,,N,3,0,1,2,A,-,3,22350,,F,B,C,A,B,H,-,A,D,0,,,,,Y,,-,99,0,1,0,0,0,0,0,0,0,- ,- ,0,0,1800,2,LOS ANGELES,LOS ANGELES,CA,-118.2724322,34.04838562,"OLYMPIC BLVD & VALENCIA ST, LOS ANGELES, CA",OLYMPIC BLVD,VALENCIA ST,117576,
-118.3002121,33.9889679,30354,8804523,2019,2019-03-06T00:00:00.000Z,1942,2019-02-24T00:00:00.000Z,1530,43245,1235,7,5,7,1942,0,0,0,L,0,12A3,NORMANDIE AV,SLAUSON AV,50,S,N,A,-,N,,0,0,,,0,,,,N,4,0,1,3,A,-,3,22350,,N,C,C,A,A,H,-,A,A,0,,,,,Y,Y,A,1,0,0,1,0,0,0,0,0,0,- ,- ,0,0,1800,2,LOS ANGELES,LOS ANGELES,CA,-118.3002121,33.9889679,"NORMANDIE AVE & SLAUSON AVE, LOS ANGELES, CA",NORMANDIE AVE,SLAUSON AVE,99523,
-118.3138602,34.00995636,30355,8804527,2019,2019-03-06T00:00:00.000Z,1942,2019-02-21T00:00:00.000Z,1720,37403,1243,4,5,7,1942,0,0,0,L,0,12A93,GRAMERCY PL,41ST ST,15,N,N,A,-,N,,0,0,,,0,,,,N,4,0,1,2,A,-,21,22106,,N,C,C,A,A,H,-,A,D,0,,,,,Y,,A,7,0,0,1,0,0,0,0,0,0,- ,- ,0,0,1800,2,LOS ANGELES,LOS ANGELES,CA,-118.3138602,34.00995636,"GRAMERCY PL & 41ST ST, LOS ANGELES, CA",GRAMERCY PL,41ST ST,148951,
-118.291344,33.98910523,30356,8804531,2019,2019-03-06T00:00:00.000Z,1942,2019-02-23T00:00:00.000Z,1500,41791,1218,6,5,7,1942,0,0,0,L,0,12A31,SLAUSON AV,VERMONT AV,45,E,N,A,-,N,,0,0,,,0,,,,N,4,0,4,2,A,-,3,22350,,F,C,C,A,A,H,-,A,A,0,,,,,Y,,-,99,0,0,4,0,0,0,0,0,0,- ,- ,0,0,1800,2,LOS ANGELES,LOS ANGELES,CA,-118.291344,33.98910522,"SLAUSON AVE & VERMONT AVE, LOS ANGELES, CA",SLAUSON AVE,VERMONT AVE,120739,
-118.2519621,34.07417297,30357,8804536,2019,2019-03-06T00:00:00.000Z,1942,2019-02-17T00:00:00.000Z,1640,39508,219,7,5,7,1942,0,0,0,B,0,2A39,W SUNSET BL,DOUGLAS ST,0,,Y,A,-,N,,0,0,,,0,,,,Y,3,0,1,2,A,-,12,21453,A,F,D,C,A,A,H,-,A,A,0,,,,,Y,,A,7,0,1,0,0,0,0,0,0,0,- ,- ,0,0,1800,2,LOS ANGELES,LOS ANGELES,CA,-118.2519621,34.07417297,"SUNSET BLVD & DOUGLAS ST, LOS ANGELES, CA",SUNSET BLVD,DOUGLAS ST,118416,
-118.2652114,33.92651749,30358,8804545,2019,2019-03-05T00:00:00.000Z,1942,2019-02-20T00:00:00.000Z,1740,42989,1863,3,5,7,1942,0,0,0,R,0,18X96,AVALON BL,118TH ST,23,N,N,A,-,N,,0,0,,,0,,,,Y,4,0,2,2,A,-,9,21801,A,N,D,C,A,B,H,-,C,A,0,,,,,Y,,A,1,0,0,2,0,0,0,0,0,0,- ,- ,0,0,1800,2,LOS ANGELES,LOS ANGELES,CA,-118.2652114,33.92651749,"AVALON BLVD & 118TH ST, LOS ANGELES, CA",AVALON BLVD,118TH ST,134650,
-118.2807921,34.05025482,30359,8804548,2019,2019-03-06T00:00:00.000Z,1942,2019-02-16T00:00:00.000Z,1645,34426,281,6,5,7,1942,0,0,0,B,0,2A91,ALVARADO ST,11TH ST,0,,Y,A,-,N,,0,0,,,0,,,,N,4,0,1,2,A,-,9,21804,A,N,D,C,A,A,H,-,A,A,0,,,Y,,Y,,C,3,0,0,1,0,0,0,0,0,1,- ,- ,0,0,1800,2,LOS ANGELES,LOS ANGELES,CA,-118.2807921,34.05025482,"ALVARADO ST & 11TH ST, LOS ANGELES, CA",ALVARADO ST,11TH ST,96485,
-118.2738921,33.94827652,30360,8804549,2019,2019-03-05T00:00:00.000Z,1942,2019-02-21T00:00:00.000Z,1625,41933,1822,4,5,7,1942,0,0,0,R,0,25TL22,E 97TH ST,S MAIN ST,0,,Y,A,-,N,,0,0,,,0,,,,Y,4,0,1,2,A,-,9,21802,A,N,D,C,A,A,H,-,A,A,0,,,,,Y,,A,1,0,0,1,0,0,0,0,0,0,- ,- ,0,0,1800,2,LOS ANGELES,LOS ANGELES,CA,-118.2738921,33.94827652,"97TH ST & MAIN ST, LOS ANGELES, CA",97TH ST,MAIN ST,96075,
-118.310511,33.76663971,30361,8804588,2019,2019-03-06T00:00:00.000Z,1942,2019-02-18T00:00:00.000Z,1715,43354,521,1,5,7,1942,0,0,0,,0,5A11,WESTERN AV,AVENIDA APRENDA,80,S,N,A,-,N,,0,0,,,0,,,,N,3,0,1,2,A,-,3,22350,A,N,C,C,A,A,H,-,C,D,0,,,,,Y,,A,1,0,1,0,0,0,0,0,0,0,- ,- ,0,0,1800,2,LOS ANGELES,LOS ANGELES,CA,-118.310511,33.76663971,"WESTERN AVE & AVE APRENDA, LOS ANGELES, CA",WESTERN AVE,AVE APRENDA,102672,
-118.2915022,33.98220444,30362,8804615,2019,2019-03-06T00:00:00.000Z,1942,2019-02-20T00:00:00.000Z,1520,41805,1248,3,5,7,1942,0,0,0,L,0,12X8,GAGE ST,VERMONT AV,0,W,N,A,-,N,,0,0,,,0,,,,N,4,0,1,2,A,-,4,21703,,F,C,C,A,A,H,-,A,A,0,,,,,Y,,-,99,0,0,1,0,0,0,0,0,0,- ,- ,0,0,1800,2,LOS ANGELES,LOS ANGELES,CA,-118.2915022,33.98220444,"GAGE AVE & VERMONT AVE, LOS ANGELES, CA",GAGE AVE,VERMONT AVE,119901,
-118.4321522,34.27357483,30363,8804724,2019,2019-03-12T00:00:00.000Z,1942,2019-02-18T00:00:00.000Z,1530,43578,1622,1,5,7,1942,0,0,0,P,0,16A11,DESMOND ST,ILEX AV,0,,Y,A,-,N,,0,0,,,0,,,,N,4,0,1,2,A,-,5,21650,,N,A,C,A,A,H,-,A,D,0,,,,,Y,,A,1,0,0,1,0,0,0,0,0,0,- ,- ,0,0,1800,2,LOS ANGELES,LOS ANGELES,CA,-118.4321522,34.27357483,"DESMOND ST & ILEX AVE, LOS ANGELES, CA",DESMOND ST,ILEX AVE,140544,
-118.4672522,34.29235458,30364,8804735,2019,2019-03-12T00:00:00.000Z,1942,2019-02-21T00:00:00.000Z,1705,43557,19,4,5,7,1942,0,0,0,,0,19A79,POLK,LAUREL CANYON BL,0,,Y,B,-,N,,0,0,,,0,,,,N,3,0,1,2,A,-,12,22450,A,N,G,B,B,A,H,-,A,A,0,Y,,,,Y,,D,22,0,1,0,0,1,0,0,0,0,- ,- ,0,0,1800,2,LOS ANGELES,LOS ANGELES,CA,-118.4672522,34.29235458,"POLK ST & LAUREL CANYON BLVD, LOS ANGELES, CA",POLK ST,LAUREL CANYON BLVD,148357,
-118.5361073,34.23629761,30365,8804760,2019,2019-03-14T00:00:00.000Z,1942,2019-02-18T00:00:00.000Z,1745,41758,1785,1,5,7,1942,0,0,0,Q,0,10X28,RESEDA BL,NORDHOFF ST,300,N,N,A,-,N,,0,0,,,0,,,,Y,0,0,0,2,A,-,8,22107,,M,B,C,A,A,H,-,C,A,0,,,,,Y,,A,1,0,0,0,0,0,0,0,0,0,- ,- ,0,0,1800,2,LOS ANGELES,LOS ANGELES,CA,-118.5361073,34.23629761,"RESEDA BLVD & NORDHOFF ST, LOS ANGELES, CA",RESEDA BLVD,NORDHOFF ST,101235,
-118.4471314,34.23537445,30366,8804796,2019,2019-03-12T00:00:00.000Z,1942,2019-02-14T00:00:00.000Z,1700,30830,1974,4,5,7,1942,0,0,0,,0,19A85,NORDHOFF ST,WAKEFIELD AV,300,E,N,B,-,N,,0,0,,,0,,,,Y,4,0,2,4,A,-,3,22350,,N,A,C,A,B,H,-,A,D,0,,,,,Y,,D,22,0,0,2,0,0,0,0,0,0,- ,- ,0,0,1800,2,LOS ANGELES,LOS ANGELES,CA,-118.4471314,34.23537445,"NORDHOFF ST & WAKEFIELD AVE, LOS ANGELES, CA",NORDHOFF ST,WAKEFIELD AVE,136506,
-118.4312669,34.16444016,30367,8804936,2019,2019-02-25T00:00:00.000Z,1942,2019-02-02T00:00:00.000Z,1645,38321,966,6,5,7,1942,0,0,0,I,0,9X52,WOODMAN AV,MAGNOLIA BL,155,S,N,B,C,N,,0,0,,,0,,,,Y,4,0,3,3,A,-,1,23152,A,F,C,C,A,B,H,-,A,A,0,,,,,Y,Y,D,22,0,0,3,0,0,0,0,0,0,- ,- ,0,0,1800,2,LOS ANGELES,LOS ANGELES,CA,-118.4312669,34.16444016,"WOODMAN AVE & MAGNOLIA BLVD, LOS ANGELES, CA",WOODMAN AVE,MAGNOLIA BLVD,150193,
-118.3768759,34.21087265,30368,8805216,2019,2019-03-04T00:00:00.000Z,1942,2019-02-11T00:00:00.000Z,1735,39275,1695,1,5,7,1942,0,0,0,P,0,16X2,ELMER AV,KESWICK ST,225,N,N,A,-,N,,0,0,,,0,,,,Y,0,0,0,2,A,-,1,23152,A,N,D,E,A,A,H,-,C,D,0,,,,,Y,Y,A,1,0,0,0,0,0,0,0,0,0,- ,- ,0,0,1800,2,LOS ANGELES,LOS ANGELES,CA,-118.3768759,34.21087265,"ELMER AVE & KESWICK ST, LOS ANGELES, CA",ELMER AVE,KESWICK ST,111630,
-118.4399729,34.17561722,30369,8805911,2019,2019-02-20T00:00:00.000Z,1942,2019-02-04T00:00:00.000Z,1750,43004,937,1,5,7,1942,0,0,0,I,0,9X84,HAZELTINE,HATTERAS,50,S,N,-,-,N,,0,0,,,0,,,,Y,4,0,1,2,A,-,21,22106,,F,D,C,A,B,H,-,B,D,0,,,,,Y,,-,99,0,0,1,0,0,0,0,0,0,- ,- ,0,0,1800,2,LOS ANGELES,LOS ANGELES,CA,-118.4399729,34.17561722,"HAZELTINE AVE & HATTERAS ST, LOS ANGELES, CA",HAZELTINE AVE,HATTERAS ST,107989,
-118.3089921,33.97452545,30370,8806085,2019,2019-02-25T00:00:00.000Z,1942,2019-02-03T00:00:00.000Z,1755,42577,1203,7,5,7,1942,0,0,0,L,0,12XL5,WESTERN,FLORENCE,15,S,N,B,-,N,,0,0,,,0,,,,N,0,0,0,2,A,-,3,22350,,M,C,C,A,B,H,-,C,A,0,,,,,Y,,-,99,0,0,0,0,0,0,0,0,0,- ,- ,0,0,1800,2,LOS ANGELES,LOS ANGELES,CA,-118.3089921,33.97452545,"WESTERN AVE & FLORENCE AVE, LOS ANGELES, CA",WESTERN AVE,FLORENCE AVE,127689,