X,Y,OBJECTID,case_id,accident_year,proc_date,juris,collision_date,collision_time,officer_id,reporting_district,day_of_week,chp_shift,population,cnty_city_loc,special_cond,beat_type,chp_beat_type,city_division_lapd,chp_beat_class,beat_number,primary_rd,secondary_rd,distance,direction,intersection,weather_1,weather_2,state_hwy_ind,caltrans_county,caltrans_district,state_route,route_suffix,postmile_prefix,postmile,location_type,ramp_intersection,side_of_hwy,tow_away,collision_severity,number_killed,number_injured,party_count,primary_coll_factor,pcf_code_of_viol,pcf_viol_category,pcf_violation,pcf_viol_subsection,hit_and_run,type_of_collision,mviw,ped_action,road_surface,road_cond_1,road_cond_2,lighting,control_device,chp_road_type,pedestrian_accident,bicycle_accident,motorcycle_accident,truck_accident,not_private_property,alcohol_involved,stwd_vehtype_at_fault,chp_vehtype_at_fault,count_severe_inj,count_visible_inj,count_complaint_pain,count_ped_killed,count_ped_injured,count_bicyclist_killed,count_bicyclist_injured,count_mc_killed,count_mc_injured,primary_ramp,secondary_ramp,latitude,longitude,timecat,month_,city,county,state,point_x,point_y,match_addr,m_primaryrd,m_secondrd,int_id,Flag
-118.2514983,33.93781281,30371,8806125,2019,2019-04-05T00:00:00.000Z,1942,2019-02-06T00:00:00.000Z,1500,43190,1834,3,5,7,1942,0,0,0,R,0,1500,108TH ST,CENTRAL AVE,840,E,N,A,-,N,,0,0,,,0,,,,N,0,0,0,2,A,-,7,21658,,M,B,C,A,A,H,-,A,D,0,,,,,Y,,-,,0,0,0,0,0,0,0,0,0,- ,- ,0,0,1800,2,LOS ANGELES,LOS ANGELES,CA,-118.2514983,33.93781281,"108TH ST & CENTRAL AVE, LOS ANGELES, CA",108TH ST,CENTRAL AVE,99658,
-118.2462655,33.94041443,30372,8806129,2019,2019-02-25T00:00:00.000Z,1942,2019-02-07T00:00:00.000Z,1535,40971,,4,5,7,1942,0,0,0,,0,,E COMPTON AV,105TH ST,55,S,N,A,-,N,,0,0,,,0,,,,N,0,0,0,2,A,-,3,22350,,M,C,C,A,A,H,-,A,D,0,,,,,Y,,-,99,0,0,0,0,0,0,0,0,0,- ,- ,0,0,1800,2,LOS ANGELES,LOS ANGELES,CA,-118.2462655,33.94041443,"COMPTON AVE & 105TH ST, LOS ANGELES, CA",COMPTON AVE,105TH ST,148853,
-118.2827121,33.9707756,30373,8806143,2019,2019-03-13T00:00:00.000Z,1942,2019-02-08T00:00:00.000Z,1540,41973,1257,5,5,7,1942,0,0,0,L,0,12A57,S FIGUEROA ST,W 76TH ST,0,,Y,A,-,N,,0,0,,,0,,,,Y,0,0,0,2,A,-,9,21801,A,N,D,C,A,A,H,-,A,A,0,,,,,Y,,A,1,0,0,0,0,0,0,0,0,0,- ,- ,0,0,1800,2,LOS ANGELES,LOS ANGELES,CA,-118.2827122,33.9707756,"FIGUEROA ST & 76TH ST, LOS ANGELES, CA",FIGUEROA ST,76TH ST,131207,
-118.2959121,34.00066757,30374,8806147,2019,2019-02-22T00:00:00.000Z,1942,2019-02-07T00:00:00.000Z,1725,37724,1204,4,5,7,1942,0,0,0,L,0,12A3,S BUDLONG AV,47TH ST,15,N,N,A,-,N,,0,0,,,0,,,,N,0,0,0,2,A,-,21,22106,,M,C,C,A,A,H,-,A,D,0,,,,,Y,,-,99,0,0,0,0,0,0,0,0,0,- ,- ,0,0,1800,2,LOS ANGELES,LOS ANGELES,CA,-118.2959121,34.00066757,"BUDLONG AVE & 47TH ST, LOS ANGELES, CA",BUDLONG AVE,47TH ST,98848,
-118.2929121,34.06179428,30375,8806569,2019,2019-02-28T00:00:00.000Z,1942,2019-02-10T00:00:00.000Z,1506,43259,2027,7,5,7,1942,0,0,0,,0,20A13,WILSHIRE BL,NEW HAMPSHIRE AV,0,,Y,C,-,N,,0,0,,,0,,,,Y,4,0,1,2,A,-,12,21453,,N,B,C,A,B,H,-,A,A,0,,,,,Y,,A,7,0,0,1,0,0,0,0,0,0,- ,- ,0,0,1800,2,LOS ANGELES,LOS ANGELES,CA,-118.2929121,34.06179428,"WILSHIRE BLVD & NEW HAMPSHIRE AVE, LOS ANGELES, CA",WILSHIRE BLVD,NEW HAMPSHIRE AVE,130196,
-118.3439821,33.98563385,30376,8806578,2019,2019-03-04T00:00:00.000Z,1942,2019-02-08T00:00:00.000Z,1750,42009,1231,5,5,7,1942,0,0,0,L,0,12XL7,ALVISO ST,60TH ST,116,N,N,A,-,N,,0,0,,,0,,,,Y,0,0,0,2,A,-,3,22350,,M,B,E,A,A,H,-,A,D,0,,,,,Y,,-,99,0,0,0,0,0,0,0,0,0,- ,- ,0,0,1800,2,LOS ANGELES,LOS ANGELES,CA,-118.3439821,33.98563385,"ALVISO AVE & 60TH ST, LOS ANGELES, CA",ALVISO AVE,60TH ST,138079,
-118.3988922,34.02340317,30377,8806609,2019,2019-02-28T00:00:00.000Z,1942,2019-02-07T00:00:00.000Z,1755,42284,1409,4,5,7,1942,0,0,0,N,0,14EL2,VENICE BL,HUGHES AV,0,,Y,A,-,N,,0,0,,,0,,,,N,3,0,1,2,A,-,8,22107,,N,D,G,A,A,H,-,C,A,0,,Y,,,Y,,A,1,0,1,0,0,0,0,1,0,0,- ,- ,0,0,1800,2,LOS ANGELES,LOS ANGELES,CA,-118.3988922,34.02340317,"VENICE BLVD & HUGHES AVE, LOS ANGELES, CA",VENICE BLVD,HUGHES AVE,111056,
-118.4483571,33.95665741,30378,8806613,2019,2019-02-28T00:00:00.000Z,1942,2019-02-07T00:00:00.000Z,1550,40235,1472,4,5,7,1942,0,0,0,N,0,14A73,VISTA DEL MAR LN,CULVER BL,800,S,N,A,-,N,,0,0,,,0,,,,N,3,0,1,2,A,-,7,21658,A,F,B,C,A,A,H,-,A,D,0,,,Y,,Y,,-,99,0,1,0,0,0,0,0,0,1,- ,- ,0,0,1800,2,LOS ANGELES,LOS ANGELES,CA,-118.4483571,33.95665741,"VISTA DEL MAR & CULVER BLVD, LOS ANGELES, CA",VISTA DEL MAR,CULVER BLVD,99498,
-118.2871822,34.00458527,30379,8806623,2019,2019-02-28T00:00:00.000Z,1942,2019-02-16T00:00:00.000Z,1740,43252,398,6,5,7,1942,0,0,0,C,0,3A28,HOOVER ST,43RD PL,0,,Y,A,-,N,,0,0,,,0,,,,N,0,0,0,2,A,-,8,22107,,N,D,C,A,A,H,-,D,D,0,,,,,Y,,A,1,0,0,0,0,0,0,0,0,0,- ,- ,0,0,1800,2,LOS ANGELES,LOS ANGELES,CA,-118.2871822,34.00458527,"HOOVER ST & 43RD PL, LOS ANGELES, CA",HOOVER ST,43RD PL,96332,
-118.2871222,33.99052429,30380,8806624,2019,2019-02-28T00:00:00.000Z,1942,2019-02-14T00:00:00.000Z,1520,41729,1218,4,5,7,1942,0,0,0,L,0,12A15,S HOOVER ST,W 57TH ST,0,,Y,C,-,N,,0,0,,,0,,,,N,0,0,0,2,A,-,9,21801,A,N,D,C,A,B,H,-,A,D,0,,,,,Y,,A,1,0,0,0,0,0,0,0,0,0,- ,- ,0,0,1800,2,LOS ANGELES,LOS ANGELES,CA,-118.2871222,33.99052429,"HOOVER ST & 57TH ST, LOS ANGELES, CA",HOOVER ST,57TH ST,103154,
-118.2573311,33.96746063,30381,8806634,2019,2019-02-28T00:00:00.000Z,1942,2019-02-10T00:00:00.000Z,1654,42180,1259,7,5,7,1942,0,0,0,L,0,12X42,E 79TH ST,S CENTRAL AV,258,W,N,A,-,N,,0,0,,,0,,,,Y,0,0,0,3,A,-,3,22350,,M,B,E,A,A,H,-,A,A,0,,,,,Y,,A,1,0,0,0,0,0,0,0,0,0,- ,- ,0,0,1800,2,LOS ANGELES,LOS ANGELES,CA,-118.2573311,33.96746063,"79TH ST & CENTRAL AVE, LOS ANGELES, CA",79TH ST,CENTRAL AVE,134550,
-118.2631602,33.7799263,30382,8806869,2019,2019-03-11T00:00:00.000Z,1942,2019-02-10T00:00:00.000Z,1615,41933,526,7,5,7,1942,0,0,0,E,0,25T22,E ANAHEIM ST,AVALON BL,213,W,N,C,-,N,,0,0,,,0,,,,Y,3,0,5,2,A,-,9,21804,A,N,D,C,A,B,H,-,A,D,0,,,,,Y,,A,8,0,1,4,0,0,0,0,0,0,- ,- ,0,0,1800,2,LOS ANGELES,LOS ANGELES,CA,-118.2631602,33.7799263,"ANAHEIM ST & AVALON BLVD, LOS ANGELES, CA",ANAHEIM ST,AVALON BLVD,113738,
-118.2546818,34.04379654,30383,8806952,2019,2019-03-04T00:00:00.000Z,1942,2019-02-05T00:00:00.000Z,1635,40164,163,2,5,7,1942,0,0,0,A,0,24TL56,S BROADWAY,8TH ST,15,N,N,B,-,N,,0,0,,,0,,,,N,0,0,0,2,A,-,7,21658,A,M,B,C,A,B,H,-,A,D,0,,,,,Y,,-,99,0,0,0,0,0,0,0,0,0,- ,- ,0,0,1800,2,LOS ANGELES,LOS ANGELES,CA,-118.2546818,34.04379654,"BROADWAY & 8TH ST, LOS ANGELES, CA",BROADWAY,8TH ST,145929,
-118.2467648,34.06190491,30384,8806955,2019,2019-03-04T00:00:00.000Z,1942,2019-02-01T00:00:00.000Z,1545,34426,111,5,5,7,1942,0,0,0,A,0,1A1,NORTH FIGUEROA ST,CEASAR CHAVEZ AV,300,S,N,A,-,N,,0,0,,,0,,,,N,0,0,0,2,A,-,8,22107,,M,B,C,A,A,H,-,A,D,0,,,,,Y,,-,99,0,0,0,0,0,0,0,0,0,- ,- ,0,0,1800,2,LOS ANGELES,LOS ANGELES,CA,-118.2467648,34.06190491,"FIGUEROA ST & CESAR E CHAVEZ AVE, LOS ANGELES, CA",FIGUEROA ST,CESAR E CHAVEZ AVE,135877,
-118.2425122,34.04729462,30385,8806956,2019,2019-06-19T00:00:00.000Z,1942,2019-02-04T00:00:00.000Z,1554,37952,138,1,5,7,1942,0,0,0,A,0,1A29,S SAN PEDRO ST,E 3RD ST,0,,Y,B,-,N,,0,0,,,0,,,,Y,0,0,0,2,A,-,12,21453,A,M,D,C,A,A,H,-,A,A,0,,,,,Y,,-,99,0,0,0,0,0,0,0,0,0,- ,- ,0,0,1800,2,LOS ANGELES,LOS ANGELES,CA,-118.2425122,34.04729462,"SAN PEDRO ST & 3RD ST, LOS ANGELES, CA",SAN PEDRO ST,3RD ST,131603,
-118.3199221,33.97277451,30386,8806960,2019,2019-03-12T00:00:00.000Z,1942,2019-02-15T00:00:00.000Z,1500,41729,1252,5,5,7,1942,0,0,0,L,0,25TL27,74TH ST,3RD AV,0,,Y,C,-,N,,0,0,,,0,,,,Y,0,0,0,2,A,-,12,22450,A,M,D,C,A,B,H,-,A,A,0,,,,,Y,,A,1,0,0,0,0,0,0,0,0,0,- ,- ,0,0,1800,2,LOS ANGELES,LOS ANGELES,CA,-118.3199221,33.97277451,"74TH ST & 3RD AVE, LOS ANGELES, CA",74TH ST,3RD AVE,124115,
-118.3009221,34.05809403,30387,8806979,2019,2019-03-01T00:00:00.000Z,1942,2019-02-16T00:00:00.000Z,1745,36461,2034,6,5,7,1942,0,0,0,,0,20A58,IROLO ST,8TH ST,145,N,N,A,-,N,,0,0,,,0,,,,Y,0,0,0,2,A,-,1,23152,A,N,A,C,A,A,H,-,B,D,0,,,,,Y,Y,A,1,0,0,0,0,0,0,0,0,0,- ,- ,0,0,1800,2,LOS ANGELES,LOS ANGELES,CA,-118.3009221,34.05809402,"IROLO ST & 8TH ST, LOS ANGELES, CA",IROLO ST,8TH ST,106984,
-118.2959021,33.96183395,30388,8807072,2019,2019-03-15T00:00:00.000Z,1942,2019-02-18T00:00:00.000Z,1735,47472,1265,1,5,7,1942,0,0,0,L,0,12X48,BUDLONG AV,84TH PL,0,,Y,B,-,N,,0,0,,,0,,,,N,4,0,1,2,A,-,12,22450,,F,D,C,A,A,H,-,B,D,0,,,,,Y,Y,-,99,0,0,1,0,0,0,0,0,0,- ,- ,0,0,1800,2,LOS ANGELES,LOS ANGELES,CA,-118.2959021,33.96183395,"BUDLONG AVE & 84TH PL, LOS ANGELES, CA",BUDLONG AVE,84TH PL,106769,
-118.2937422,34.003685,30389,8807084,2019,2019-03-04T00:00:00.000Z,1942,2019-02-13T00:00:00.000Z,1600,41582,1204,3,5,7,1942,0,0,0,L,0,12Z1,VERNON AV,KANSAS AV,3,N,N,C,-,N,,0,0,,,0,,,,N,3,0,1,2,A,-,8,22107,,N,H,J,A,B,H,-,A,D,0,,,Y,,Y,,A,1,0,1,0,0,0,0,0,0,1,- ,- ,0,0,1800,2,LOS ANGELES,LOS ANGELES,CA,-118.2937422,34.003685,"VERNON AVE & KANSAS AVE, LOS ANGELES, CA",VERNON AVE,KANSAS AVE,103337,
-118.4052222,34.15493393,30390,8807117,2019,2019-05-07T00:00:00.000Z,1942,2019-02-08T00:00:00.000Z,1625,39958,1562,5,5,7,1942,0,0,0,O,0,1562,WHITSETT,HORTENSE,0,,Y,A,-,N,,0,0,,,0,,,,N,4,0,1,2,A,-,8,22107,,F,B,C,A,A,H,-,A,D,0,,,,,Y,,-,99,0,0,1,0,0,0,0,0,0,- ,- ,0,0,1800,2,LOS ANGELES,LOS ANGELES,CA,-118.4052221,34.15493393,"WHITSETT AVE & HORTENSE ST, LOS ANGELES, CA",WHITSETT AVE,HORTENSE ST,133317,
-118.2987341,34.05892181,30391,8807596,2019,2019-03-06T00:00:00.000Z,1942,2019-02-15T00:00:00.000Z,1529,41671,2045,5,5,7,1942,0,0,0,,0,20A45,MARIPOSA AV,8TH ST,444,N,N,B,-,N,,0,0,,,0,,,,N,4,0,1,2,A,-,9,21804,A,N,H,C,A,A,H,-,A,D,0,,,,,Y,,A,1,0,0,1,0,0,0,0,0,0,- ,- ,0,0,1800,2,LOS ANGELES,LOS ANGELES,CA,-118.2987341,34.05892181,"MARIPOSA AVE & 8TH ST, LOS ANGELES, CA",MARIPOSA AVE,8TH ST,121063,
-118.4487724,34.20304871,30392,8807687,2019,2019-03-11T00:00:00.000Z,1942,2019-02-07T00:00:00.000Z,1545,36678,905,4,5,7,1942,0,0,0,I,0,9A5,VAN NUYS BL,WYANDOTTE ST,12,N,N,A,-,N,,0,0,,,0,,,,N,4,0,1,2,A,-,9,21804,A,N,D,C,A,A,H,-,A,D,0,,,,Y,Y,,F,26,0,0,1,0,0,0,0,0,0,- ,- ,0,0,1800,2,LOS ANGELES,LOS ANGELES,CA,-118.4487724,34.20304871,"VAN NUYS BLVD & WYANDOTTE ST, LOS ANGELES, CA",VAN NUYS BLVD,WYANDOTTE ST,97998,
-118.4225565,34.18638992,30393,8807735,2019,2019-03-19T00:00:00.000Z,1942,2019-02-15T00:00:00.000Z,1630,32242,939,5,5,7,1942,0,0,0,,0,9A37,FULTON AV,VICTORY BL,100,S,N,B,C,N,,0,0,,,0,,,,Y,4,0,2,2,A,-,3,22350,,N,C,D,A,B,H,-,A,D,0,,,,,Y,,A,1,0,0,2,0,0,0,0,0,0,- ,- ,0,0,1800,2,LOS ANGELES,LOS ANGELES,CA,-118.4225565,34.18638992,"FULTON AVE & VICTORY BLVD, LOS ANGELES, CA",FULTON AVE,VICTORY BLVD,108085,
-118.5001224,34.17222214,30394,8807864,2019,2019-03-12T00:00:00.000Z,1942,2019-02-13T00:00:00.000Z,1530,39746,1047,3,5,7,1942,0,0,0,J,0,10A17,BURBANK BL,BALBOA BL,300,E,N,C,-,N,,0,0,,,0,,,,Y,3,0,1,1,A,-,3,22350,,N,E,-,A,B,H,-,A,D,0,,,,,Y,,A,7,0,1,0,0,0,0,0,0,0,- ,- ,0,0,1800,2,LOS ANGELES,LOS ANGELES,CA,-118.5001224,34.17222214,"BURBANK BLVD & BALBOA BLVD, LOS ANGELES, CA",BURBANK BLVD,BALBOA BLVD,101997,
-118.3125621,34.08350372,30396,8809405,2019,2019-03-29T00:00:00.000Z,1942,2019-02-17T00:00:00.000Z,1700,42359,677,7,5,7,1942,0,0,0,F,0,6A66,MELROSE,GRAMERCY,0,,Y,A,-,N,,0,0,,,0,,,,N,0,0,0,2,A,-,8,22107,,M,B,E,A,A,H,-,A,D,0,,,,,Y,,-,99,0,0,0,0,0,0,0,0,0,- ,- ,0,0,1800,2,LOS ANGELES,LOS ANGELES,CA,-118.3125621,34.08350372,"MELROSE AVE & GRAMERCY PL,, CA",MELROSE AVE,GRAMERCY PL,118293,
-118.2595167,34.0404892,30397,8809469,2019,2019-03-27T00:00:00.000Z,1942,2019-02-25T00:00:00.000Z,1652,34458,185,1,5,7,1942,0,0,0,A,0,1A61,HILL ST,11TH ST,150,N,N,A,-,N,,0,0,,,0,,,,N,0,0,0,2,A,-,21,22106,,M,C,E,A,A,H,-,A,D,0,,,,,Y,,-,99,0,0,0,0,0,0,0,0,0,- ,- ,0,0,1800,2,LOS ANGELES,LOS ANGELES,CA,-118.2595167,34.0404892,"HILL ST & 11TH ST, LOS ANGELES, CA",HILL ST,11TH ST,107037,
-118.4401639,34.29867172,30398,8809587,2019,2019-05-13T00:00:00.000Z,1942,2019-02-08T00:00:00.000Z,1740,42890,1916,5,5,7,1942,0,0,0,,0,19X12,HUBBARD ST,GLENOAK BL,400,W,N,A,-,N,,0,0,,,0,,,,N,0,0,0,2,A,-,8,22107,,M,D,C,A,A,H,-,C,A,0,,,,,Y,Y,-,99,0,0,0,0,0,0,0,0,0,- ,- ,0,0,1800,2,LOS ANGELES,LOS ANGELES,CA,-118.4401639,34.29867172,"HUBBARD ST & GLENOAKS BLVD, LOS ANGELES, CA",HUBBARD ST,GLENOAKS BLVD,119249,
-118.2916941,34.07741928,30399,8810040,2019,2019-03-21T00:00:00.000Z,1942,2019-02-01T00:00:00.000Z,1515,40164,221,5,5,7,1942,0,0,0,B,0,24TL56,VERMONT AV,OAKWOOD AV,100,S,N,B,-,N,,0,0,,,0,,,,N,0,0,0,2,A,-,8,22107,,M,B,C,A,A,H,-,A,D,0,,,,,Y,,-,99,0,0,0,0,0,0,0,0,0,- ,- ,0,0,1800,2,LOS ANGELES,LOS ANGELES,CA,-118.2916941,34.07741928,"VERMONT AVE & OAKWOOD AVE, LOS ANGELES, CA",VERMONT AVE,OAKWOOD AVE,146327,
-118.2563421,34.03562546,30400,8810064,2019,2019-03-12T00:00:00.000Z,1942,2019-02-12T00:00:00.000Z,1630,35230,185,2,5,7,1942,0,0,0,A,0,1A85,MAPLE AV,E 12TH ST,0,,Y,A,-,N,,0,0,,,0,,,,N,0,0,0,2,A,-,8,22107,,M,B,C,A,A,H,-,A,D,0,,,,,Y,,-,99,0,0,0,0,0,0,0,0,0,- ,- ,0,0,1800,2,LOS ANGELES,LOS ANGELES,CA,-118.2563421,34.03562546,"MAPLE AVE & 12TH ST, LOS ANGELES, CA",MAPLE AVE,12TH ST,149179,
-118.3659922,34.21569443,30401,8810244,2019,2019-03-07T00:00:00.000Z,1942,2019-02-25T00:00:00.000Z,1630,41622,,1,5,7,1942,0,0,0,,0,16X8,STRATHERN ST,RIVERTON AV,20,N,N,A,-,N,,0,0,,,0,,,,N,4,0,3,3,A,-,1,23152,A,F,D,C,A,A,H,-,A,D,0,,,,,Y,Y,A,1,0,0,3,0,0,0,0,0,0,- ,- ,0,0,1800,2,LOS ANGELES,LOS ANGELES,CA,-118.3659922,34.21569443,"STRATHERN ST & RIVERTON AVE, LOS ANGELES, CA",STRATHERN ST,RIVERTON AVE,97550,
-118.3142421,34.06168366,30402,8810245,2019,2019-03-18T00:00:00.000Z,1942,2019-02-09T00:00:00.000Z,1620,43128,2031,6,5,7,1942,0,0,0,,0,20A69,WILSHIRE BL,WILTON PL,0,,Y,A,-,N,,0,0,,,0,,,,N,3,0,1,2,A,-,10,21950,A,F,G,B,B,A,H,-,A,A,0,Y,,,,Y,,-,99,0,1,0,0,1,0,0,0,0,- ,- ,0,0,1800,2,LOS ANGELES,LOS ANGELES,CA,-118.3142421,34.06168365,"WILSHIRE BLVD & WILTON PL, LOS ANGELES, CA",WILSHIRE BLVD,WILTON PL,140785,
-118.5229922,34.22098541,30403,8810256,2019,2019-03-07T00:00:00.000Z,1942,2019-02-14T00:00:00.000Z,1500,41029,1795,4,5,7,1942,0,0,0,Q,0,17A95,ZELZAH AV,ROSCOE BL,30,N,N,B,-,N,,0,0,,,0,,,,N,3,0,1,2,A,-,11,21954,A,N,G,B,D,B,H,-,A,D,0,Y,,,,Y,,N,60,0,1,0,0,1,0,0,0,0,- ,- ,0,0,1800,2,LOS ANGELES,LOS ANGELES,CA,-118.5229922,34.22098541,"ZELZAH AVE & ROSCOE BLVD, LOS ANGELES, CA",ZELZAH AVE,ROSCOE BLVD,101720,
-118.4487322,34.17211533,30404,8810259,2019,2019-03-19T00:00:00.000Z,1942,2019-02-10T00:00:00.000Z,1630,40222,943,7,5,7,1942,0,0,0,I,0,921,BURBANK BL,VAN NUYS BL,0,,Y,B,-,N,,0,0,,,0,,,,Y,4,0,1,2,A,-,12,21453,A,N,D,C,A,B,H,-,A,A,0,,,,,Y,,-,- ,0,0,1,0,0,0,0,0,0,- ,- ,0,0,1800,2,LOS ANGELES,LOS ANGELES,CA,-118.4487322,34.17211533,"BURBANK BLVD & VAN NUYS BLVD, LOS ANGELES, CA",BURBANK BLVD,VAN NUYS BLVD,104821,
-118.4376589,34.15035629,30405,8810266,2019,2019-03-06T00:00:00.000Z,1942,2019-02-04T00:00:00.000Z,1540,35481,985,1,5,7,1942,0,0,0,I,0,9A89,MOORPARK ST,MURIETTA AV,195,E,N,B,-,N,,0,0,,,0,,,,Y,4,0,1,4,A,-,1,23152,A,N,B,E,A,B,H,-,A,D,0,,,,,Y,Y,A,1,0,0,1,0,0,0,0,0,0,- ,- ,0,0,1800,2,LOS ANGELES,LOS ANGELES,CA,-118.4376589,34.15035629,"MOORPARK ST & MURIETTA AVE, LOS ANGELES, CA",MOORPARK ST,MURIETTA AVE,129887,
-118.552436,34.24999619,30406,8810274,2019,2019-03-20T00:00:00.000Z,1942,2019-02-12T00:00:00.000Z,1720,34599,1764,2,5,7,1942,0,0,0,Q,0,17A81,LASSEN ST,TAMPA AV,350,E,N,A,-,N,,0,0,,,0,,,,N,4,0,1,2,A,-,3,22350,,N,C,E,A,B,H,-,B,A,0,,,,,Y,,A,8,0,0,1,0,0,0,0,0,0,- ,- ,0,0,1800,2,LOS ANGELES,LOS ANGELES,CA,-118.552436,34.24999619,"LASSEN ST & TAMPA AVE, LOS ANGELES, CA",LASSEN ST,TAMPA AVE,109260,
-118.4487222,34.16304398,30407,8810275,2019,2019-03-06T00:00:00.000Z,1942,2019-02-08T00:00:00.000Z,1500,41514,963,5,5,7,1942,0,0,0,I,0,9A63,VAN NUYS BL,OTSEGO ST,0,,Y,A,-,N,,0,0,,,0,,,,N,3,0,2,2,A,-,6,21755,A,N,B,C,A,A,H,-,A,D,0,,,,,Y,,A,7,0,1,1,0,0,0,0,0,0,- ,- ,0,0,1800,2,LOS ANGELES,LOS ANGELES,CA,-118.4487222,34.16304398,"VAN NUYS BLVD & OTSEGO ST, LOS ANGELES, CA",VAN NUYS BLVD,OTSEGO ST,143471,
-118.5032427,34.23576737,30408,8810278,2019,2019-03-06T00:00:00.000Z,1942,2019-02-14T00:00:00.000Z,1555,41316,1788,4,5,7,1942,0,0,0,Q,0,17A95,NORDHOFF ST,BALBOA BL,200,W,N,B,-,N,,0,0,,,0,,,,Y,4,0,1,2,A,-,8,21460,5,N,D,C,A,B,H,-,A,D,0,,,,,Y,,A,1,0,0,1,0,0,0,0,0,0,- ,- ,0,0,1800,2,LOS ANGELES,LOS ANGELES,CA,-118.5032427,34.23576736,"NORDHOFF ST & BALBOA BLVD, LOS ANGELES, CA",NORDHOFF ST,BALBOA BLVD,105180,
-118.5131722,34.26969528,30409,8810280,2019,2019-03-06T00:00:00.000Z,1942,2019-02-17T00:00:00.000Z,1735,40634,1735,7,5,7,1942,0,0,0,Q,0,17A35,HORACE ST,ANDASOL AV,0,,Y,A,-,N,,0,0,,,0,,,,Y,4,0,1,2,A,-,9,21802,A,N,D,C,A,A,H,-,A,D,0,,,,,Y,,A,7,0,0,1,0,0,0,0,0,0,- ,- ,0,0,1800,2,LOS ANGELES,LOS ANGELES,CA,-118.5131722,34.26969528,"HORACE ST & ANDASOL AVE, LOS ANGELES, CA",HORACE ST,ANDASOL AVE,144141,
-118.5233525,34.25105286,30410,8810288,2019,2019-03-06T00:00:00.000Z,1942,2019-02-12T00:00:00.000Z,1540,33294,2,2,5,7,1942,0,0,0,,0,2,ZELZAH AV,LASSEN ST,240,N,N,A,-,N,,0,0,,,0,,,,N,4,0,2,2,A,-,3,22350,,N,C,C,A,A,H,-,A,A,0,,,,,Y,,A,1,0,0,2,0,0,0,0,0,0,- ,- ,0,0,1800,2,LOS ANGELES,LOS ANGELES,CA,-118.5233525,34.25105286,"ZELZAH AVE & LASSEN ST, LOS ANGELES, CA",ZELZAH AVE,LASSEN ST,119669,
-118.4593076,34.15265656,30411,8810293,2019,2019-03-18T00:00:00.000Z,1942,2019-02-12T00:00:00.000Z,1750,30830,981,2,5,7,1942,0,0,0,I,0,9A89,VENTURA BL,LEMONA AV,100,E,N,A,-,N,,0,0,,,0,,,,N,4,0,1,2,D,-,0,0,,N,C,C,A,A,H,-,C,D,0,,,Y,,Y,,-,- ,0,0,1,0,0,0,0,0,1,- ,- ,0,0,1800,2,LOS ANGELES,LOS ANGELES,CA,-118.4593076,34.15265656,"VENTURA BLVD & LEMONA AVE, LOS ANGELES, CA",VENTURA BLVD,LEMONA AVE,125795,
-118.4676022,34.18664551,30412,8810299,2019,2019-03-06T00:00:00.000Z,1942,2019-02-02T00:00:00.000Z,1750,43004,LOS A,6,5,7,1942,0,0,0,,0,9X34W5,VICTORY,PEACH,0,,Y,C,-,N,,0,0,,,0,,,,N,4,0,1,2,A,-,9,21801,A,N,B,C,A,B,H,-,B,D,0,,,,,Y,,A,1,0,0,1,0,0,0,0,0,0,- ,- ,0,0,1800,2,LOS ANGELES,LOS ANGELES,CA,-118.4676022,34.18664551,"VICTORY BLVD & PEACH AVE, LOS ANGELES, CA",VICTORY BLVD,PEACH AVE,122416,
-118.4986628,34.25749207,30413,8810308,2019,2019-03-06T00:00:00.000Z,1942,2019-02-19T00:00:00.000Z,1535,42408,1757,2,5,7,1942,0,0,0,Q,0,17A95,DEVONSHIRE ST,PETIT AV,200,W,N,A,-,N,,0,0,,,0,,,,N,4,0,1,2,A,-,5,21650,1,N,D,G,A,A,H,-,A,D,0,,Y,,,Y,,L,4,0,0,1,0,0,0,1,0,0,- ,- ,0,0,1800,2,LOS ANGELES,LOS ANGELES,CA,-118.4986628,34.25749207,"DEVONSHIRE ST & PETIT AVE, LOS ANGELES, CA",DEVONSHIRE ST,PETIT AVE,139950,
-118.4574622,34.19223023,30414,8810310,2019,2019-03-06T00:00:00.000Z,1942,2019-02-01T00:00:00.000Z,1745,39308,923,5,5,7,1942,0,0,0,I,0,9X84,KESTER AV,LEMAY ST,45,N,N,B,-,N,,0,0,,,0,,,,Y,3,0,1,3,A,-,3,22350,,N,B,E,A,A,H,-,B,D,0,,,,,Y,,A,1,0,1,0,0,0,0,0,0,0,- ,- ,0,0,1800,2,LOS ANGELES,LOS ANGELES,CA,-118.4574622,34.19223022,"KESTER AVE & LEMAY ST, LOS ANGELES, CA",KESTER AVE,LEMAY ST,98120,
-118.5710422,34.22014618,30415,8810315,2019,2019-03-06T00:00:00.000Z,1942,2019-02-26T00:00:00.000Z,1635,41158,2118,2,5,7,1942,0,0,0,,0,21A29,WINNETKA AV,ROSCOE BL,25,S,N,A,-,N,,0,0,,,0,,,,Y,4,0,1,2,A,-,4,21703,,N,C,C,A,A,H,-,A,A,0,,,,,Y,,A,7,0,0,1,0,0,0,0,0,0,- ,- ,0,0,1800,2,LOS ANGELES,LOS ANGELES,CA,-118.5710422,34.22014618,"WINNETKA AVE & ROSCOE BLVD, LOS ANGELES, CA",WINNETKA AVE,ROSCOE BLVD,115376,