X,Y,OBJECTID,case_id,accident_year,proc_date,juris,collision_date,collision_time,officer_id,reporting_district,day_of_week,chp_shift,population,cnty_city_loc,special_cond,beat_type,chp_beat_type,city_division_lapd,chp_beat_class,beat_number,primary_rd,secondary_rd,distance,direction,intersection,weather_1,weather_2,state_hwy_ind,caltrans_county,caltrans_district,state_route,route_suffix,postmile_prefix,postmile,location_type,ramp_intersection,side_of_hwy,tow_away,collision_severity,number_killed,number_injured,party_count,primary_coll_factor,pcf_code_of_viol,pcf_viol_category,pcf_violation,pcf_viol_subsection,hit_and_run,type_of_collision,mviw,ped_action,road_surface,road_cond_1,road_cond_2,lighting,control_device,chp_road_type,pedestrian_accident,bicycle_accident,motorcycle_accident,truck_accident,not_private_property,alcohol_involved,stwd_vehtype_at_fault,chp_vehtype_at_fault,count_severe_inj,count_visible_inj,count_complaint_pain,count_ped_killed,count_ped_injured,count_bicyclist_killed,count_bicyclist_injured,count_mc_killed,count_mc_injured,primary_ramp,secondary_ramp,latitude,longitude,timecat,month_,city,county,state,point_x,point_y,match_addr,m_primaryrd,m_secondrd,int_id,Flag
-118.5023522,34.25753403,30416,8810316,2019,2019-03-06T00:00:00.000Z,1942,2019-02-19T00:00:00.000Z,1525,42324,1756,2,5,7,1942,0,0,0,Q,0,17A81,DEVONSHIRE ST,BALBOA AV,0,,Y,A,-,N,,0,0,,,0,,,,N,4,0,1,2,A,-,4,21703,,N,C,C,A,A,H,-,A,A,0,,,,,Y,,A,1,0,0,1,0,0,0,0,0,0,- ,- ,0,0,1800,2,LOS ANGELES,LOS ANGELES,CA,-118.5023522,34.25753403,"DEVONSHIRE ST & BALBOA BLVD, LOS ANGELES, CA",DEVONSHIRE ST,BALBOA BLVD,101242,
-118.4705722,34.1938858,30417,8810319,2019,2019-03-06T00:00:00.000Z,1942,2019-02-25T00:00:00.000Z,1550,41125,911,1,5,7,1942,0,0,0,I,0,9A23,ORION AV,VANOWEN ST,0,,Y,A,-,N,,0,0,,,0,,,,Y,2,0,2,3,A,-,12,21453,A,F,D,C,A,A,H,-,A,A,0,,,,,Y,,A,1,1,0,1,0,0,0,0,0,0,- ,- ,0,0,1800,2,LOS ANGELES,LOS ANGELES,CA,-118.4705722,34.1938858,"ORION AVE & VANOWEN ST, LOS ANGELES, CA",ORION AVE,VANOWEN ST,139987,
-118.4846622,34.27915573,30418,8810320,2019,2019-03-06T00:00:00.000Z,1942,2019-02-19T00:00:00.000Z,1710,38016,1717,2,5,7,1942,0,0,0,Q,0,17A49,RINALDI ST,WOODLEY AV,0,,Y,A,-,N,,0,0,,,0,,,,N,4,0,1,2,A,-,4,21703,,N,C,C,A,A,H,-,B,A,0,,,,,Y,,A,1,0,0,1,0,0,0,0,0,0,- ,- ,0,0,1800,2,LOS ANGELES,LOS ANGELES,CA,-118.4846622,34.27915573,"RINALDI ST & WOODLEY AVE, LOS ANGELES, CA",RINALDI ST,WOODLEY AVE,136639,
-118.5273222,34.18660355,30419,8810321,2019,2019-03-07T00:00:00.000Z,1942,2019-02-01T00:00:00.000Z,1500,37686,1035,5,5,7,1942,0,0,0,J,0,10A21,VICTORY BL,LINDLEY AV,0,,Y,A,-,N,,0,0,,,0,,,,Y,4,0,1,2,A,-,9,21801,A,N,D,C,A,A,H,-,A,A,0,,,,,Y,,A,7,0,0,1,0,0,0,0,0,0,- ,- ,0,0,1800,2,LOS ANGELES,LOS ANGELES,CA,-118.5273222,34.18660355,"VICTORY BLVD & LINDLEY AVE, LOS ANGELES, CA",VICTORY BLVD,LINDLEY AVE,101465,
-118.5472822,34.27549362,30420,8810326,2019,2019-03-06T00:00:00.000Z,1942,2019-02-07T00:00:00.000Z,1550,38613,1712,4,5,7,1942,0,0,0,Q,0,17A35,RINALDI ST,WILBUR AV,0,,Y,A,-,N,,0,0,,,0,,,,Y,4,0,2,2,A,-,9,21801,A,N,D,C,A,A,H,-,A,A,0,,,,,Y,,A,1,0,0,2,0,0,0,0,0,0,- ,- ,0,0,1800,2,LOS ANGELES,LOS ANGELES,CA,-118.5472822,34.27549362,"RINALDI ST & WILBUR AVE, LOS ANGELES, CA",RINALDI ST,WILBUR AVE,129789,
-118.5885769,34.24775696,30421,8810330,2019,2019-03-19T00:00:00.000Z,1942,2019-02-10T00:00:00.000Z,1505,41158,1762,7,5,7,1942,0,0,0,Q,0,17A81,DE SOTO AV,SUPERIOR ST,515,N,N,C,-,N,,0,0,,,0,,,,Y,4,0,1,2,C,-,18,0,,N,A,C,A,B,H,-,A,A,0,,,,,Y,,-,- ,0,0,1,0,0,0,0,0,0,- ,- ,0,0,1800,2,LOS ANGELES,LOS ANGELES,CA,-118.5885769,34.24775696,"DE SOTO AVE & SUPERIOR ST, LOS ANGELES, CA",DE SOTO AVE,SUPERIOR ST,144329,
-118.4586276,34.20124435,30422,8810331,2019,2019-03-15T00:00:00.000Z,1942,2019-02-17T00:00:00.000Z,1730,32372,904,7,5,7,1942,0,0,0,I,0,9A5,SHERMAN WY,KESTER AV,350,W,N,A,-,N,,0,0,,,0,,,,N,0,0,0,2,A,-,17,21663,,M,B,E,A,A,H,-,C,D,0,,,,,Y,,A,1,0,0,0,0,0,0,0,0,0,- ,- ,0,0,1800,2,LOS ANGELES,LOS ANGELES,CA,-118.4586276,34.20124435,"SHERMAN WAY & KESTER AVE, LOS ANGELES, CA",SHERMAN WAY,KESTER AVE,126127,
-118.5109922,34.26845551,30423,8810338,2019,2019-03-06T00:00:00.000Z,1942,2019-02-07T00:00:00.000Z,1650,41514,1735,4,5,7,1942,0,0,0,Q,0,17A35,LOUISE AV,TULSA ST,0,,Y,A,-,N,,0,0,,,0,,,,N,4,0,2,2,A,-,9,21800,C,N,D,C,A,A,H,-,B,A,0,,,,,Y,,A,1,0,0,2,0,0,0,0,0,0,- ,- ,0,0,1800,2,LOS ANGELES,LOS ANGELES,CA,-118.5109922,34.26845551,"LOUISE AVE & TULSA ST, LOS ANGELES, CA",LOUISE AVE,TULSA ST,123063,
-118.5360222,34.17489624,30424,8810341,2019,2019-03-07T00:00:00.000Z,1942,2019-02-11T00:00:00.000Z,1640,41175,1043,1,5,7,1942,0,0,0,J,0,10X94,RESEDA BL,COLLINS ST,0,,Y,A,-,N,,0,0,,,0,,,,N,4,0,2,2,A,-,8,22107,,N,D,C,A,A,H,-,A,D,0,,,,,Y,,A,1,0,0,2,0,0,0,0,0,0,- ,- ,0,0,1800,2,LOS ANGELES,LOS ANGELES,CA,-118.5360222,34.17489624,"RESEDA BLVD & COLLINS ST, LOS ANGELES, CA",RESEDA BLVD,COLLINS ST,126143,
-118.5558315,34.2602272,30425,8810346,2019,2019-03-06T00:00:00.000Z,1942,2019-02-03T00:00:00.000Z,1735,41158,1727,7,5,7,1942,0,0,0,Q,0,17A35,TUNNEY AV,TAMPA AV,20,W,N,C,-,N,,0,0,,,0,,,,N,4,0,1,2,A,-,3,22350,,N,D,C,A,B,B,-,C,A,0,,,,,Y,,A,1,0,0,1,0,0,0,0,0,0,- ,- ,0,0,1800,2,LOS ANGELES,LOS ANGELES,CA,-118.5558315,34.2602272,"TUNNEY AVE & TAMPA AVE, LOS ANGELES, CA",TUNNEY AVE,TAMPA AVE,102055,
-118.5885822,34.2499733,30426,8810351,2019,2019-04-05T00:00:00.000Z,1942,2019-02-10T00:00:00.000Z,1500,41158,1762,7,5,7,1942,0,0,0,Q,0,17A81,DE SOTO AV,LASSEN ST,0,,Y,C,-,N,,0,0,,,0,,,,Y,0,0,0,2,C,-,18,0,,N,B,C,A,B,H,-,A,A,0,,,,,Y,,-,- ,0,0,0,0,0,0,0,0,0,- ,- ,0,0,1800,2,LOS ANGELES,LOS ANGELES,CA,-118.5885822,34.2499733,"DE SOTO AVE & LASSEN ST, LOS ANGELES, CA",DE SOTO AVE,LASSEN ST,102233,
-118.4488222,34.22475433,30427,8810363,2019,2019-03-15T00:00:00.000Z,1942,2019-02-19T00:00:00.000Z,1500,43634,,2,5,7,1942,0,0,0,,0,,VAN NUYS,CHASE,0,,Y,A,-,N,,0,0,,,0,,,,N,0,0,0,2,B,-,22,0,,M,B,C,A,A,H,-,A,D,0,,,,,Y,,-,99,0,0,0,0,0,0,0,0,0,- ,- ,0,0,1800,2,LOS ANGELES,LOS ANGELES,CA,-118.4488222,34.22475433,"VAN NUYS BLVD & CHASE ST, LOS ANGELES, CA",VAN NUYS BLVD,CHASE ST,150756,
-118.4749422,34.2084465,30428,8810373,2019,2019-03-07T00:00:00.000Z,1942,2019-02-09T00:00:00.000Z,1600,36733,1018,6,5,7,1942,0,0,0,J,0,10A39,HASKELL AV,SATICOY ST,0,,Y,A,-,N,,0,0,,,0,,,,Y,3,0,1,1,A,-,8,22107,,N,E,I,A,A,H,-,A,D,0,,,,,Y,,A,1,0,1,0,0,0,0,0,0,0,- ,- ,0,0,1800,2,LOS ANGELES,LOS ANGELES,CA,-118.4749422,34.2084465,"HASKELL AVE & SATICOY ST, LOS ANGELES, CA",HASKELL AVE,SATICOY ST,115477,
-118.5197122,34.27074814,30429,8810381,2019,2019-03-07T00:00:00.000Z,1942,2019-02-23T00:00:00.000Z,1510,30830,1735,6,5,7,1942,0,0,0,Q,0,17A35,WHITE OAK AV,LUDLOW ST,72,S,N,A,-,N,,0,0,,,0,,,,N,4,0,2,2,A,-,21,22106,,N,B,C,A,A,H,-,A,D,0,,,,,Y,,A,1,0,0,2,0,0,0,0,0,0,- ,- ,0,0,1800,2,LOS ANGELES,LOS ANGELES,CA,-118.5197122,34.27074814,"WHITE OAK AVE & LUDLOW ST, LOS ANGELES, CA",WHITE OAK AVE,LUDLOW ST,150920,
-118.322388,34.10178375,30430,8810534,2019,2019-03-08T00:00:00.000Z,1942,2019-02-08T00:00:00.000Z,1755,43413,647,5,5,7,1942,0,0,0,F,0,7A22,N GOWER ST,HOLLYWOOD BL,50,N,N,A,-,N,,0,0,,,0,,,,N,4,0,1,2,A,-,9,21804,A,F,D,C,A,A,H,-,C,D,0,,,,,Y,,-,99,0,0,1,0,0,0,0,0,0,- ,- ,0,0,1800,2,LOS ANGELES,LOS ANGELES,CA,-118.322388,34.10178375,"GOWER ST & HOLLYWOOD BLVD, LOS ANGELES, CA",GOWER ST,HOLLYWOOD BLVD,100491,
-118.4092283,34.27547455,30431,8810378,2019,2019-03-06T00:00:00.000Z,1942,2019-02-22T00:00:00.000Z,1650,32264,1685,5,5,7,1942,0,0,0,P,0,16X82,VAN NUYS,W GLENOAKS,1000,E,N,A,-,N,,0,0,,,0,,,,N,4,0,1,2,B,-,22,0,,N,G,B,E,A,H,-,A,D,0,Y,,,,Y,,-,99,0,0,1,0,1,0,0,0,0,- ,- ,0,0,1800,2,LOS ANGELES,LOS ANGELES,CA,-118.4092283,34.27547455,"VAN NUYS BLVD & GLENOAKS BLVD,, CA",VAN NUYS BLVD,GLENOAKS BLVD,109042,
-118.4299436,34.00573731,30432,8810783,2019,2019-03-13T00:00:00.000Z,1942,2019-02-21T00:00:00.000Z,1700,43625,1443,4,5,7,1942,0,0,0,N,0,14A45,VENICE BL,GRAND VIEW,500,E,N,A,-,N,,0,0,,,0,,,,N,3,0,1,2,A,-,8,22107,,N,D,G,A,A,H,-,B,D,0,,Y,,,Y,,A,8,0,1,0,0,0,0,1,0,0,- ,- ,0,0,1800,2,LOS ANGELES,LOS ANGELES,CA,-118.4299436,34.0057373,"VENICE BLVD & GRAND VIEW BLVD, LOS ANGELES, CA",VENICE BLVD,GRAND VIEW BLVD,117754,
-118.3816221,34.05435562,30433,8810832,2019,2019-03-13T00:00:00.000Z,1942,2019-02-25T00:00:00.000Z,1740,43182,849,1,5,7,1942,0,0,0,H,0,8A98,PICO BL,SHENANDOAH ST,0,,Y,A,-,N,,0,0,,,0,,,,N,0,0,0,2,A,-,4,21703,,M,C,C,A,A,H,-,A,A,0,,,,,Y,,-,99,0,0,0,0,0,0,0,0,0,- ,- ,0,0,1800,2,LOS ANGELES,LOS ANGELES,CA,-118.3816221,34.05435562,"PICO BLVD & SHENANDOAH ST, LOS ANGELES, CA",PICO BLVD,SHENANDOAH ST,138489,
-118.4118845,34.20119476,30434,8811179,2019,2019-03-19T00:00:00.000Z,1942,2019-02-05T00:00:00.000Z,1605,36678,1522,2,5,7,1942,0,0,0,O,0,15A21,SHERMAN WY,COLDWATER CANYON BL,590,E,N,B,-,N,,0,0,,,0,,,,Y,4,0,1,2,A,-,6,21755,A,N,D,C,A,A,H,-,A,D,0,,,,Y,Y,,A,7,0,0,1,0,0,0,0,0,0,- ,- ,0,0,1800,2,LOS ANGELES,LOS ANGELES,CA,-118.4118845,34.20119476,"SHERMAN WAY & COLDWATER CANYON AVE, LOS ANGELES, CA",SHERMAN WAY,COLDWATER CANYON AVE,146672,
-118.2808621,33.7780838,30435,8811277,2019,2019-03-12T00:00:00.000Z,1942,2019-02-24T00:00:00.000Z,1510,38616,521,7,5,7,1942,0,0,0,E,0,5A55,FIGUEROA PL,G ST,0,,Y,A,-,N,,0,0,,,0,,,,Y,3,0,1,2,A,-,3,22350,,M,B,C,A,A,H,-,A,D,0,,,Y,,Y,,C,2,0,1,0,0,0,0,0,0,1,- ,- ,0,0,1800,2,LOS ANGELES,LOS ANGELES,CA,-118.2808621,33.7780838,"FIGUEROA PL & G ST, LOS ANGELES, CA",FIGUEROA PL,G ST,131330,
-118.4133271,34.18668366,30436,8811474,2019,2019-03-20T00:00:00.000Z,1942,2019-02-11T00:00:00.000Z,1650,39252,1523,1,5,7,1942,0,0,0,O,0,15A28,VICTORY BL,COLDWATER CANYON AV,150,E,N,A,-,N,,0,0,,,0,,,,N,4,0,1,2,A,-,4,21703,,N,C,C,A,A,H,-,A,D,0,,,,,Y,,A,1,0,0,1,0,0,0,0,0,0,- ,- ,0,0,1800,2,LOS ANGELES,LOS ANGELES,CA,-118.4133271,34.18668365,"VICTORY BLVD & COLDWATER CANYON AVE, LOS ANGELES, CA",VICTORY BLVD,COLDWATER CANYON AVE,132823,
-118.3987522,34.18666458,30437,8811482,2019,2019-03-20T00:00:00.000Z,1942,2019-02-22T00:00:00.000Z,1520,37304,1524,5,5,7,1942,0,0,0,O,0,15A33,BELLINGHAM AV,VICTORY BL,0,,Y,A,-,N,,0,0,,,0,,,,Y,4,0,2,2,A,-,9,21801,A,N,A,C,A,A,H,-,A,A,0,,,,,Y,,A,1,0,0,2,0,0,0,0,0,0,- ,- ,0,0,1800,2,LOS ANGELES,LOS ANGELES,CA,-118.3987522,34.18666458,"BELLINGHAM AVE & VICTORY BLVD, LOS ANGELES, CA",BELLINGHAM AVE,VICTORY BLVD,144288,
-118.4138322,34.18305588,30438,8811490,2019,2019-03-20T00:00:00.000Z,1942,2019-02-05T00:00:00.000Z,1755,43362,1523,2,5,7,1942,0,0,0,O,0,15A35,COLDWATER CANYON,ERWIN ST,20,W,N,A,-,N,,0,0,,,0,,,,N,4,0,1,2,A,-,9,21801,A,N,A,G,A,A,H,-,A,A,0,,Y,,,Y,,A,1,0,0,1,0,0,0,1,0,0,- ,- ,0,0,1800,2,LOS ANGELES,LOS ANGELES,CA,-118.4138322,34.18305588,"COLDWATER CANYON AVE & ERWIN ST, LOS ANGELES, CA",COLDWATER CANYON AVE,ERWIN ST,143079,
-118.331286,34.1474762,30439,8811494,2019,2019-03-20T00:00:00.000Z,1942,2019-02-05T00:00:00.000Z,1530,30830,1589,2,5,7,1942,0,0,0,O,0,15A67,FOREST LAWN DR,BARHAM BL,3500,E,N,A,-,N,,0,0,,,0,,,,Y,4,0,2,2,A,-,4,21703,,N,C,C,A,A,C,-,A,A,0,,,,,Y,,A,7,0,0,2,0,0,0,0,0,0,- ,- ,0,0,1800,2,LOS ANGELES,LOS ANGELES,CA,-118.331286,34.1474762,"FOREST LAWN DR & BARHAM BLVD, LOS ANGELES, CA",FOREST LAWN DR,BARHAM BLVD,109218,
-118.3878221,34.20663452,30440,8811513,2019,2019-03-19T00:00:00.000Z,1942,2019-02-12T00:00:00.000Z,1625,40165,1504,2,5,7,1942,0,0,0,O,0,15A3,COHASSET ST,LANKERSHIM BL,0,,Y,A,-,N,,0,0,,,0,,,,N,3,0,1,2,A,-,10,21950,A,N,G,B,B,A,H,-,A,A,0,Y,,,,Y,,A,1,0,1,0,0,1,0,0,0,0,- ,- ,0,0,1800,2,LOS ANGELES,LOS ANGELES,CA,-118.3878221,34.20663452,"COHASSET ST & LANKERSHIM BLVD, LOS ANGELES, CA",COHASSET ST,LANKERSHIM BLVD,125738,
-118.3790689,34.15870285,30441,8811514,2019,2019-03-20T00:00:00.000Z,1942,2019-02-13T00:00:00.000Z,1600,40317,1555,3,5,7,1942,0,0,0,O,0,19X64,TUJUNGA,CAMARILLO,390,N,N,A,-,N,,0,0,,,0,,,,Y,3,0,2,2,A,-,9,21801,A,N,A,D,A,B,H,-,A,D,0,,,,,Y,,A,1,0,1,1,0,0,0,0,0,0,- ,- ,0,0,1800,2,LOS ANGELES,LOS ANGELES,CA,-118.3790689,34.15870285,"TUJUNGA AVE & CAMARILLO ST, LOS ANGELES, CA",TUJUNGA AVE,CAMARILLO ST,104524,
-118.3695345,34.15641022,30442,8811527,2019,2019-03-14T00:00:00.000Z,1942,2019-02-21T00:00:00.000Z,1745,42995,1557,4,5,7,1942,0,0,0,O,0,15A24,LANKERSHIM BL,BLIX,100,S,N,B,-,N,,0,0,,,0,,,,N,3,0,1,2,A,-,21,22106,,F,G,B,E,A,H,-,A,D,0,Y,,,,Y,,-,99,0,1,0,0,1,0,0,0,0,- ,- ,0,0,1800,2,LOS ANGELES,LOS ANGELES,CA,-118.3695345,34.15641022,"LANKERSHIM BLVD & BLIX ST, LOS ANGELES, CA",LANKERSHIM BLVD,BLIX ST,125587,
-118.450916,34.18138123,30443,8811595,2019,2019-03-14T00:00:00.000Z,1942,2019-02-07T00:00:00.000Z,1540,38977,933,4,5,7,1942,0,0,0,I,0,9A19,VESPER AV,CALVERT ST,100,S,N,A,-,N,,0,0,,,0,,,,N,3,0,1,2,A,-,0,21954,,N,G,B,D,A,H,-,A,D,0,Y,,,,Y,,N,60,0,1,0,0,1,0,0,0,0,- ,- ,0,0,1800,2,LOS ANGELES,LOS ANGELES,CA,-118.450916,34.18138123,"VESPER AVE & CALVERT ST, LOS ANGELES, CA",VESPER AVE,CALVERT ST,115294,
-118.3053579,33.8409729,30444,8811977,2019,2019-03-19T00:00:00.000Z,1942,2019-02-23T00:00:00.000Z,1520,35023,504,6,5,7,1942,0,0,0,E,0,5A26,TORRANCE BL,WESTERN AV,1500,E,N,A,-,N,,0,0,,,0,,,,N,4,0,2,3,A,-,3,22350,A,N,C,C,A,A,H,-,A,D,0,,,,Y,Y,,F,24,0,0,2,0,0,0,0,0,0,- ,- ,0,0,1800,2,LOS ANGELES,LOS ANGELES,CA,-118.3053579,33.8409729,"TORRANCE BLVD & WESTERN AVE, LOS ANGELES, CA",TORRANCE BLVD,WESTERN AVE,105775,
-118.4661922,34.19845581,30445,8812050,2019,2019-03-01T00:00:00.000Z,1942,2019-02-09T00:00:00.000Z,1520,32242,RD911,6,5,7,1942,0,0,0,,0,9A19,SEPULVEDA BL,VOSE ST,0,,Y,B,-,N,,0,0,,,0,,,,N,4,0,2,3,A,-,3,22350,,F,C,C,A,A,H,-,A,A,0,,,,,Y,,-,99,0,0,2,0,0,0,0,0,0,- ,- ,0,0,1800,2,LOS ANGELES,LOS ANGELES,CA,-118.4661922,34.19845581,"SEPULVEDA BLVD & VOSE ST, LOS ANGELES, CA",SEPULVEDA BLVD,VOSE ST,105054,
-118.3954521,34.05525589,30446,8812069,2019,2019-03-04T00:00:00.000Z,1942,2019-02-03T00:00:00.000Z,1525,41376,857,7,5,7,1942,0,0,0,H,0,8A95,W PICO BL,S BEVERLY DR,0,,Y,C,-,N,,0,0,,,0,,,,N,4,0,1,2,A,-,10,21950,A,N,G,B,B,B,H,-,A,A,0,Y,,,,Y,,A,7,0,0,1,0,1,0,0,0,0,- ,- ,0,0,1800,2,LOS ANGELES,LOS ANGELES,CA,-118.3954521,34.05525589,"PICO BLVD & BEVERLY DR, LOS ANGELES, CA",PICO BLVD,BEVERLY DR,97222,
-118.3066322,34.06716538,30447,8812330,2019,2019-03-18T00:00:00.000Z,1942,2019-02-10T00:00:00.000Z,1725,40445,2023,7,5,7,1942,0,0,0,,0,20A16,SERRANO AV,4TH ST,0,,Y,A,-,N,,0,0,,,0,,,,N,4,0,1,2,A,-,10,21950,A,N,G,B,B,A,H,-,C,D,0,Y,,,,Y,,A,7,0,0,1,0,1,0,0,0,0,- ,- ,0,0,1800,2,LOS ANGELES,LOS ANGELES,CA,-118.3066322,34.06716537,"SERRANO AVE & 4TH ST, LOS ANGELES, CA",SERRANO AVE,4TH ST,107764,
-118.3004346,34.07662582,30448,8812333,2019,2019-03-04T00:00:00.000Z,1942,2019-02-06T00:00:00.000Z,1545,40235,2005,3,5,7,1942,0,0,0,,0,20A13,NORMANDIE AV,BEVERLY BL,120,N,N,A,-,N,,0,0,,,0,,,,N,4,0,1,1,A,-,7,21658,A,N,H,C,A,A,H,-,A,D,0,,Y,,,Y,,L,4,0,0,1,0,0,0,1,0,0,- ,- ,0,0,1800,2,LOS ANGELES,LOS ANGELES,CA,-118.3004346,34.07662582,"NORMANDIE AVE & BEVERLY BLVD, LOS ANGELES, CA",NORMANDIE AVE,BEVERLY BLVD,128743,
-118.2842221,34.05240631,30449,8812334,2019,2019-03-01T00:00:00.000Z,1942,2019-02-10T00:00:00.000Z,1505,43834,2069,7,5,7,1942,0,0,0,,0,20A69,OLYMPIC BL,HOOVER ST,0,,Y,B,-,N,,0,0,,,0,,,,Y,3,0,3,2,A,-,9,21801,A,N,D,C,A,B,H,-,A,A,0,,,,,Y,,A,1,0,2,1,0,0,0,0,0,0,- ,- ,0,0,1800,2,LOS ANGELES,LOS ANGELES,CA,-118.2842221,34.05240631,"OLYMPIC BLVD & HOOVER ST, LOS ANGELES, CA",OLYMPIC BLVD,HOOVER ST,103557,
-118.2943622,34.04421616,30450,8812338,2019,2019-03-01T00:00:00.000Z,1942,2019-02-12T00:00:00.000Z,1615,37740,2076,2,5,7,1942,0,0,0,,0,20A97,VENICE BL,CATALINA ST,0,,Y,A,-,N,,0,0,,,0,,,,Y,3,0,2,2,A,-,3,22350,,N,C,C,A,A,H,-,A,D,0,,,,,Y,,A,1,0,1,1,0,0,0,0,0,0,- ,- ,0,0,1800,2,LOS ANGELES,LOS ANGELES,CA,-118.2943622,34.04421616,"VENICE BLVD & CATALINA ST, LOS ANGELES, CA",VENICE BLVD,CATALINA ST,103528,
-118.3076821,34.04355621,30451,8812342,2019,2019-03-01T00:00:00.000Z,1942,2019-02-13T00:00:00.000Z,1510,31465,2073,3,5,7,1942,0,0,0,,0,20A71,VENICE BL,OXFORD AV,0,,Y,C,-,N,,0,0,,,0,,,,Y,3,0,4,2,A,-,9,21801,A,N,A,C,A,B,H,-,A,D,0,,,,,Y,,A,1,0,2,2,0,0,0,0,0,0,- ,- ,0,0,1800,2,LOS ANGELES,LOS ANGELES,CA,-118.3076821,34.04355621,"VENICE BLVD & OXFORD AVE, LOS ANGELES, CA",VENICE BLVD,OXFORD AVE,145609,
-118.3615264,34.08588028,30452,8812377,2019,2019-03-04T00:00:00.000Z,1942,2019-02-06T00:00:00.000Z,1530,37900,701,3,5,7,1942,0,0,0,G,0,7A1,N FAIRFAX AV,WARING AV,130,N,N,A,-,N,,0,0,,,0,,,,N,4,0,1,2,A,-,11,21954,A,N,G,B,D,A,H,-,A,D,0,Y,,,,Y,,N,60,0,0,1,0,1,0,0,0,0,- ,- ,0,0,1800,2,LOS ANGELES,LOS ANGELES,CA,-118.3615264,34.08588028,"FAIRFAX AVE & WARING AVE, LOS ANGELES, CA",FAIRFAX AVE,WARING AVE,109300,
-118.3332421,34.06202316,30453,8812381,2019,2019-03-04T00:00:00.000Z,1942,2019-02-11T00:00:00.000Z,1545,31465,739,1,5,7,1942,0,0,0,G,0,7A17,WILSHIRE BL,HUDSON AV,0,,Y,A,-,N,,0,0,,,0,,,,Y,4,0,1,2,A,-,9,21801,A,N,D,C,A,A,H,-,A,A,0,,,Y,,Y,,A,1,0,0,1,0,0,0,0,0,1,- ,- ,0,0,1800,2,LOS ANGELES,LOS ANGELES,CA,-118.3332421,34.06202316,"WILSHIRE BLVD & HUDSON AVE, LOS ANGELES, CA",WILSHIRE BLVD,HUDSON AVE,102420,
-118.3273021,34.07893372,30454,8812385,2019,2019-03-04T00:00:00.000Z,1942,2019-02-06T00:00:00.000Z,1600,40452,719,3,5,7,1942,0,0,0,G,0,7A17,N ROSSMORE AV,ROSEWOOD AV,0,,Y,A,-,N,,0,0,,,0,,,,Y,3,0,1,2,A,-,9,21801,A,N,D,C,A,A,H,-,A,A,0,,,Y,,Y,,A,1,0,1,0,0,0,0,0,0,1,- ,- ,0,0,1800,2,LOS ANGELES,LOS ANGELES,CA,-118.3273021,34.07893372,"ROSSMORE AVE & ROSEWOOD AVE, LOS ANGELES, CA",ROSSMORE AVE,ROSEWOOD AVE,149838,
-118.3893879,34.03478622,30455,8812393,2019,2019-03-04T00:00:00.000Z,1942,2019-02-11T00:00:00.000Z,1520,40452,898,1,5,7,1942,0,0,0,H,0,8A95,S ROBERTSON BL,CATTARAUGUS AV,14,S,N,A,-,N,,0,0,,,0,,,,N,4,0,1,2,A,-,11,21950,B,N,G,B,B,A,H,-,A,A,0,Y,,,,Y,,N,60,0,0,1,0,1,0,0,0,0,- ,- ,0,0,1800,2,LOS ANGELES,LOS ANGELES,CA,-118.3893879,34.03478622,"ROBERTSON BLVD & CATTARAUGUS AVE, LOS ANGELES, CA",ROBERTSON BLVD,CATTARAUGUS AVE,145576,
-118.4489922,34.04712296,30456,8812397,2019,2019-03-04T00:00:00.000Z,1942,2019-02-12T00:00:00.000Z,1510,40235,853,2,5,7,1942,0,0,0,H,0,8A53,SAWTELLE BL,MASSACHUSETTS AV,0,,Y,A,-,N,,0,0,,,0,,,,Y,3,0,1,2,A,-,9,21802,A,N,D,C,A,A,H,-,A,A,0,,,Y,,Y,,A,7,0,1,0,0,0,0,0,0,1,- ,- ,0,0,1800,2,LOS ANGELES,LOS ANGELES,CA,-118.4489922,34.04712296,"SAWTELLE BLVD & MASSACHUSETTS AVE, LOS ANGELES, CA",SAWTELLE BLVD,MASSACHUSETTS AVE,138869,
-118.3942622,34.05243301,30457,8812413,2019,2019-02-28T00:00:00.000Z,1942,2019-02-06T00:00:00.000Z,1740,42959,857,3,5,7,1942,0,0,0,H,0,8A59,REXFORD DR,CASHIO ST,0,,Y,A,-,N,,0,0,,,0,,,,N,4,0,1,2,A,-,12,22450,A,N,D,G,A,A,H,-,C,D,0,,Y,,,Y,,L,4,0,0,1,0,0,0,1,0,0,- ,- ,0,0,1800,2,LOS ANGELES,LOS ANGELES,CA,-118.3942622,34.05243301,"REXFORD DR & CASHIO ST, LOS ANGELES, CA",REXFORD DR,CASHIO ST,135797,
-118.2926822,34.05265427,30458,8812477,2019,2019-02-28T00:00:00.000Z,1942,2019-02-09T00:00:00.000Z,1500,38262,2056,6,5,7,1942,0,0,0,,0,20A69,W OLYMPIC BL,S NEW HAMPSHIRE AV,0,,Y,A,-,N,,0,0,,,0,,,,N,0,0,0,2,A,-,3,22350,,M,D,C,A,A,H,-,A,D,0,,,,,Y,,-,99,0,0,0,0,0,0,0,0,0,- ,- ,0,0,1800,2,LOS ANGELES,LOS ANGELES,CA,-118.2926822,34.05265427,"OLYMPIC BLVD & NEW HAMPSHIRE AVE, LOS ANGELES, CA",OLYMPIC BLVD,NEW HAMPSHIRE AVE,117462,