X,Y,OBJECTID,case_id,accident_year,proc_date,juris,collision_date,collision_time,officer_id,reporting_district,day_of_week,chp_shift,population,cnty_city_loc,special_cond,beat_type,chp_beat_type,city_division_lapd,chp_beat_class,beat_number,primary_rd,secondary_rd,distance,direction,intersection,weather_1,weather_2,state_hwy_ind,caltrans_county,caltrans_district,state_route,route_suffix,postmile_prefix,postmile,location_type,ramp_intersection,side_of_hwy,tow_away,collision_severity,number_killed,number_injured,party_count,primary_coll_factor,pcf_code_of_viol,pcf_viol_category,pcf_violation,pcf_viol_subsection,hit_and_run,type_of_collision,mviw,ped_action,road_surface,road_cond_1,road_cond_2,lighting,control_device,chp_road_type,pedestrian_accident,bicycle_accident,motorcycle_accident,truck_accident,not_private_property,alcohol_involved,stwd_vehtype_at_fault,chp_vehtype_at_fault,count_severe_inj,count_visible_inj,count_complaint_pain,count_ped_killed,count_ped_injured,count_bicyclist_killed,count_bicyclist_injured,count_mc_killed,count_mc_injured,primary_ramp,secondary_ramp,latitude,longitude,timecat,month_,city,county,state,point_x,point_y,match_addr,m_primaryrd,m_secondrd,int_id,Flag
-118.4762022,34.25009537,30459,8812805,2019,2019-03-15T00:00:00.000Z,1942,2019-02-05T00:00:00.000Z,1640,32081,1759,2,5,7,1942,0,0,0,Q,0,17X47,LASSEN ST,HASKELL AV,0,,Y,A,-,N,,0,0,,,0,,,,Y,3,0,2,4,A,-,12,21453,A,N,D,C,A,A,H,-,A,A,0,,,,,Y,,A,1,0,1,1,0,0,0,0,0,0,- ,- ,0,0,1800,2,LOS ANGELES,LOS ANGELES,CA,-118.4762022,34.25009537,"LASSEN ST & HASKELL AVE, LOS ANGELES, CA",LASSEN ST,HASKELL AVE,140068,
-118.5884622,34.20110321,30460,8812841,2019,2019-04-03T00:00:00.000Z,1942,2019-02-04T00:00:00.000Z,1740,41304,2147,1,5,7,1942,0,0,0,,0,21A1,SHERMAN WY,DE SOTO,0,,Y,C,-,N,,0,0,,,0,,,,N,3,0,1,2,A,-,10,21950,C,N,B,G,A,B,H,-,C,A,0,,Y,,,Y,,A,7,0,1,0,0,0,0,1,0,0,- ,- ,0,0,1800,2,LOS ANGELES,LOS ANGELES,CA,-118.5884622,34.20110321,"SHERMAN WAY & DE SOTO AVE, LOS ANGELES, CA",SHERMAN WAY,DE SOTO AVE,104989,
-118.2826121,33.92735672,30461,8812938,2019,2019-03-13T00:00:00.000Z,1942,2019-02-27T00:00:00.000Z,1645,41933,1861,3,5,7,1942,0,0,0,R,0,2SEL5,W 117TH ST,S FIGUEROA ST,0,,Y,A,-,N,,0,0,,,0,,,,Y,4,0,1,3,A,-,9,21802,A,N,D,C,A,A,H,-,A,A,0,,,,,Y,,A,1,0,0,1,0,0,0,0,0,0,- ,- ,0,0,1800,2,LOS ANGELES,LOS ANGELES,CA,-118.2826121,33.92735672,"117TH ST & FIGUEROA ST, LOS ANGELES, CA",117TH ST,FIGUEROA ST,131201,
-118.3171121,34.01686478,30462,8813009,2019,2019-03-14T00:00:00.000Z,1942,2019-02-22T00:00:00.000Z,1545,43271,374,5,5,7,1942,0,0,0,C,0,3A28,VAN NESS AV,38TH PL,150,N,N,-,-,N,,0,0,,,0,,,,N,0,0,0,3,A,-,3,22350,,M,B,C,A,A,H,-,A,D,0,,,,,Y,,-,99,0,0,0,0,0,0,0,0,0,- ,- ,0,0,1800,2,LOS ANGELES,LOS ANGELES,CA,-118.3171121,34.01686478,"VAN NESS AVE & 38TH PL, LOS ANGELES, CA",VAN NESS AVE,38TH PL,96235,
-118.2540383,34.04824448,30463,8813154,2019,2019-03-11T00:00:00.000Z,1942,2019-02-01T00:00:00.000Z,1500,34426,152,5,5,7,1942,0,0,0,A,0,1A41,OLIVE ST,6TH ST,80,N,N,A,-,N,,0,0,,,0,,,,N,4,0,1,2,A,-,7,21658,A,F,B,C,A,A,H,-,A,D,0,,,,,Y,,-,99,0,0,1,0,0,0,0,0,0,- ,- ,0,0,1800,2,LOS ANGELES,LOS ANGELES,CA,-118.2540383,34.04824448,"OLIVE ST & 6TH ST, LOS ANGELES, CA",OLIVE ST,6TH ST,124598,
-118.2791082,34.06589508,30464,8813202,2019,2019-03-13T00:00:00.000Z,1942,2019-02-10T00:00:00.000Z,1600,36460,251,7,5,7,1942,0,0,0,B,0,2A45,S RAMPART BL,3RD ST,140,S,N,C,-,N,,0,0,,,0,,,,N,0,0,0,2,A,-,8,22103,,M,D,E,A,B,H,-,A,D,0,,,,,Y,,-,99,0,0,0,0,0,0,0,0,0,- ,- ,0,0,1800,2,LOS ANGELES,LOS ANGELES,CA,-118.2791082,34.06589508,"RAMPART BLVD & 3RD ST, LOS ANGELES, CA",RAMPART BLVD,3RD ST,143031,
-118.2390221,33.93754959,30466,8813399,2019,2019-03-07T00:00:00.000Z,1942,2019-02-22T00:00:00.000Z,1600,41933,1837,5,5,7,1942,0,0,0,R,0,25EL2,WILMINGTON AV,108TH ST,104,S,N,A,-,N,,0,0,,,0,,,,Y,4,0,2,3,A,-,21,22106,,F,H,C,A,A,H,-,A,D,0,,,,,Y,,-,99,0,0,2,0,0,0,0,0,0,- ,- ,0,0,1800,2,LOS ANGELES,LOS ANGELES,CA,-118.2390221,33.93754959,"WILMINGTON AVE & 108TH ST, LOS ANGELES, CA",WILMINGTON AVE,108TH ST,110207,
-118.3500729,34.04084396,30467,8813417,2019,2019-03-20T00:00:00.000Z,1942,2019-02-13T00:00:00.000Z,1620,42656,784,3,5,7,1942,0,0,0,G,0,7A73,WEST WASHINGTON BL,S ORANGE DR,120,W,N,C,-,N,,0,0,,,0,,,,Y,4,0,1,2,A,-,8,22100,B,N,D,C,A,B,H,-,A,D,0,,,,,Y,,A,1,0,0,1,0,0,0,0,0,0,- ,- ,0,0,1800,2,LOS ANGELES,LOS ANGELES,CA,-118.3500729,34.04084396,"WASHINGTON BLVD & ORANGE DR, LOS ANGELES, CA",WASHINGTON BLVD,ORANGE DR,142058,
-118.4528449,33.99401856,30468,8813437,2019,2019-03-20T00:00:00.000Z,1942,2019-02-15T00:00:00.000Z,1620,43251,1443,5,5,7,1942,0,0,0,N,0,14A45,LINCOLN BL,VENICE BL,20,S,N,C,-,N,,0,0,,,0,,,,N,4,0,1,2,A,-,7,21658,A,F,B,C,A,B,H,-,A,A,0,,,,,Y,,-,99,0,0,1,0,0,0,0,0,0,- ,- ,0,0,1800,2,LOS ANGELES,LOS ANGELES,CA,-118.4528449,33.99401855,"LINCOLN BLVD & VENICE BLVD, LOS ANGELES, CA",LINCOLN BLVD,VENICE BLVD,103715,
-118.2868122,34.07579422,30469,8813472,2019,2019-03-12T00:00:00.000Z,1942,2019-02-15T00:00:00.000Z,1740,43570,2019,5,5,7,1942,0,0,0,,0,20A44,VIRGIL AV,SMILAX ST,0,,Y,C,-,N,,0,0,,,0,,,,N,4,0,1,2,A,-,5,21650,1,F,A,G,A,B,H,-,C,D,0,,Y,,,Y,,L,4,0,0,1,0,0,0,1,0,0,- ,- ,0,0,1800,2,LOS ANGELES,LOS ANGELES,CA,-118.2868122,34.07579422,"VIRGIL AVE & SMILAX ST, LOS ANGELES, CA",VIRGIL AVE,SMILAX ST,111356,
-118.2870534,34.06303787,30470,8813526,2019,2019-03-15T00:00:00.000Z,1942,2019-02-23T00:00:00.000Z,1625,43455,2029,6,5,7,1942,0,0,0,,0,20A39,VIRGL AV,6TH ST,240,S,N,A,-,N,,0,0,,,0,,,,N,0,0,0,2,A,-,9,21804,A,M,D,C,A,A,H,-,A,D,0,,,,,Y,,-,99,0,0,0,0,0,0,0,0,0,- ,- ,0,0,1800,2,LOS ANGELES,LOS ANGELES,CA,-118.2870534,34.06303787,"VIRGIL AVE & 6TH ST, LOS ANGELES, CA",VIRGIL AVE,6TH ST,114798,
-118.3825158,34.05452728,30471,8813547,2019,2019-03-19T00:00:00.000Z,1942,2019-02-18T00:00:00.000Z,1705,31465,849,1,5,7,1942,0,0,0,H,0,8A59,PICO BL,WOOSTER ST,30,E,N,B,-,N,,0,0,,,0,,,,N,0,0,0,2,A,-,3,22350,,M,B,E,A,A,H,-,A,A,0,,,,,Y,,-,99,0,0,0,0,0,0,0,0,0,- ,- ,0,0,1800,2,LOS ANGELES,LOS ANGELES,CA,-118.3825158,34.05452728,"PICO BLVD & WOOSTER ST, LOS ANGELES, CA",PICO BLVD,WOOSTER ST,103484,
-118.4367104,34.0361824,30472,8813551,2019,2019-03-19T00:00:00.000Z,1942,2019-02-15T00:00:00.000Z,1745,37700,883,5,5,7,1942,0,0,0,H,0,8A35,PICO BL,COTNER AV,10,W,N,A,-,N,,0,0,,,0,,,,N,0,0,0,1,A,-,8,22107,,M,E,I,A,A,H,-,C,D,0,,,,,Y,,-,99,0,0,0,0,0,0,0,0,0,- ,- ,0,0,1800,2,LOS ANGELES,LOS ANGELES,CA,-118.4367104,34.0361824,"PICO BLVD & COTNER AVE, LOS ANGELES, CA",PICO BLVD,COTNER AVE,135706,
-118.4404178,33.99107742,30473,8813583,2019,2019-03-19T00:00:00.000Z,1942,2019-02-04T00:00:00.000Z,1710,42548,1453,1,5,7,1942,0,0,0,N,0,14A28,REDWOOD AV,IDA AV,50,N,N,A,-,N,,0,0,,,0,,,,N,0,0,0,2,A,-,3,22350,,N,B,E,A,A,H,-,A,D,0,,,,,Y,,A,1,0,0,0,0,0,0,0,0,0,- ,- ,0,0,1800,2,LOS ANGELES,LOS ANGELES,CA,-118.4404178,33.99107742,"REDWOOD AVE & IDA AVE, LOS ANGELES, CA",REDWOOD AVE,IDA AVE,103678,
-118.2899221,33.7977066,30474,8813981,2019,2019-03-07T00:00:00.000Z,1942,2019-02-05T00:00:00.000Z,1525,36659,503,2,5,7,1942,0,0,0,,0,5A25,LOMITA AV,MCCOY AV,0,,Y,A,-,N,,0,0,,,0,,,,N,0,0,0,2,A,-,3,22350,,N,B,E,A,A,H,-,A,D,0,,,,Y,Y,,F,27,0,0,0,0,0,0,0,0,0,- ,- ,0,0,1800,2,LOS ANGELES,LOS ANGELES,CA,-118.2899221,33.7977066,"LOMITA BLVD & MCCOY AVE, LOS ANGELES, CA",LOMITA BLVD,MCCOY AVE,116623,
-118.3229121,34.06895447,30475,8814030,2019,2019-03-29T00:00:00.000Z,1942,2019-02-06T00:00:00.000Z,1650,43571,2021,3,5,7,1942,0,0,0,,0,20A58,PLYMOUTH BL,3RD ST,0,,Y,A,-,N,,0,0,,,0,,,,Y,3,0,2,3,A,-,9,21802,A,N,D,C,A,A,H,-,A,A,0,,,,,Y,,A,1,0,1,1,0,0,0,0,0,0,- ,- ,0,0,1800,2,LOS ANGELES,LOS ANGELES,CA,-118.3229121,34.06895447,"PLYMOUTH BLVD & 3RD ST, LOS ANGELES, CA",PLYMOUTH BLVD,3RD ST,146425,
-118.5011542,34.21291733,30476,8814095,2019,2019-04-02T00:00:00.000Z,1942,2019-02-27T00:00:00.000Z,1645,38947,1008,3,5,7,1942,0,0,0,J,0,10A39,BALBOA BL,STAGG ST,79,S,N,A,-,N,,0,0,,,0,,,,N,0,0,0,2,A,-,8,22107,,N,B,C,A,A,H,-,A,D,0,,,,Y,Y,,A,1,0,0,0,0,0,0,0,0,0,- ,- ,0,0,1800,2,LOS ANGELES,LOS ANGELES,CA,-118.5011542,34.21291733,"BALBOA BLVD & STAGG ST, LOS ANGELES, CA",BALBOA BLVD,STAGG ST,119470,
-118.4520922,34.27754593,30477,8814277,2019,2019-04-16T00:00:00.000Z,1942,2019-02-15T00:00:00.000Z,1515,41158,1936,5,5,7,1942,0,0,0,,0,19A43,LAUREL CANYON BL,SAN FERNANDO MISSION BL,0,,Y,C,-,N,,0,0,,,0,,,,Y,4,0,1,2,A,-,3,22350,,N,D,C,A,B,H,-,A,A,0,,,,,Y,,J,48,0,0,1,0,0,0,0,0,0,- ,- ,0,0,1800,2,LOS ANGELES,LOS ANGELES,CA,-118.4520922,34.27754593,"LAUREL CANYON BLVD & SAN FERNANDO MISSION BLVD, LOS ANGELES, CA",LAUREL CANYON BLVD,SAN FERNANDO MISSION BLVD,108680,
-118.2826922,33.97735596,30478,8814282,2019,2019-03-15T00:00:00.000Z,1942,2019-02-23T00:00:00.000Z,1700,41973,1249,6,5,7,1942,0,0,0,L,0,12A49,S FIGUEROA ST,W 69TH ST,0,,Y,A,-,N,,0,0,,,0,,,,Y,4,0,2,2,A,-,5,21650,,N,B,C,A,A,H,-,A,A,0,,,,,Y,,J,48,0,0,2,0,0,0,0,0,0,- ,- ,0,0,1800,2,LOS ANGELES,LOS ANGELES,CA,-118.2826922,33.97735596,"FIGUEROA ST & 69TH ST, LOS ANGELES, CA",FIGUEROA ST,69TH ST,99578,
-118.2624381,34.03351212,30479,8814292,2019,2019-03-18T00:00:00.000Z,1942,2019-02-07T00:00:00.000Z,1630,34426,195,4,5,7,1942,0,0,0,A,0,1A85,16TH ST,MAIN ST,60,E,N,A,-,N,,0,0,,,0,,,,N,0,0,0,2,A,-,7,21658,A,N,B,C,A,A,H,-,A,D,0,,,,,Y,,D,22,0,0,0,0,0,0,0,0,0,- ,- ,0,0,1800,2,LOS ANGELES,LOS ANGELES,CA,-118.2624381,34.03351212,"16TH ST & MAIN ST, LOS ANGELES, CA",16TH ST,MAIN ST,96471,
-118.2826821,33.97457123,30480,8814311,2019,2019-03-18T00:00:00.000Z,1942,2019-02-20T00:00:00.000Z,1547,43567,1249,3,5,7,1942,0,0,0,L,0,12A67,FIGUEROA ST,FLORENCE,30,S,N,A,-,N,,0,0,,,0,,,,Y,4,0,1,2,A,-,9,21801,A,N,B,C,A,A,-,-,A,A,0,,,,,Y,,A,1,0,0,1,0,0,0,0,0,0,- ,- ,0,0,1800,2,LOS ANGELES,LOS ANGELES,CA,-118.2826821,33.97457123,"FIGUEROA ST & FLORENCE AVE, LOS ANGELES, CA",FIGUEROA ST,FLORENCE AVE,113583,
-118.3263721,34.00820541,30481,8814809,2019,2019-03-21T00:00:00.000Z,1942,2019-02-24T00:00:00.000Z,1500,43271,393,7,5,7,1942,0,0,0,,0,3X72,LEIMERT BL,STOCKER PL,0,,Y,A,-,N,,0,0,,,0,,,,N,4,0,1,3,A,-,12,21453,A,N,A,C,A,A,H,-,A,A,0,,,,,Y,,A,1,0,0,1,0,0,0,0,0,0,- ,- ,0,0,1800,2,LOS ANGELES,LOS ANGELES,CA,-118.3263721,34.00820541,"LEIMERT BLVD & STOCKER PL, LOS ANGELES, CA",LEIMERT BLVD,STOCKER PL,105895,
-118.3077957,34.01461411,30482,8814813,2019,2019-03-06T00:00:00.000Z,1942,2019-02-24T00:00:00.000Z,1528,42300,376,7,5,7,1942,0,0,0,,0,3A98,39TH ST,HOBART AV,5,E,N,A,-,N,,0,0,,,0,,,,N,3,0,1,2,A,-,3,22350,,F,C,C,A,A,H,-,A,D,0,,,,,Y,,-,99,0,1,0,0,0,0,0,0,0,- ,- ,0,0,1800,2,LOS ANGELES,LOS ANGELES,CA,-118.3077957,34.01461411,"39TH ST & HOBART BLVD, LOS ANGELES, CA",39TH ST,HOBART BLVD,103300,
-118.3012921,34.01207352,30483,8814817,2019,2019-03-06T00:00:00.000Z,1942,2019-02-23T00:00:00.000Z,1710,42077,376,6,5,7,1942,0,0,0,,0,3A34,BROWNING BL,BRIGHTON AV,0,,Y,A,-,N,,0,0,,,0,,,,N,3,0,1,2,A,-,12,22450,A,N,D,A,A,A,H,-,A,D,0,,,Y,,Y,,A,7,0,1,0,0,0,0,0,0,1,- ,- ,0,0,1800,2,LOS ANGELES,LOS ANGELES,CA,-118.3012921,34.01207352,"BROWNING BLVD & BRIGHTON AVE, LOS ANGELES, CA",BROWNING BLVD,BRIGHTON AVE,134776,
-118.2542021,33.94189072,30484,8814892,2019,2019-03-05T00:00:00.000Z,1942,2019-02-11T00:00:00.000Z,1750,42989,1835,1,5,7,1942,0,0,0,R,0,18U4,CENTRAL AV,104TH ST,10,N,N,A,-,N,,0,0,,,0,,,,N,4,0,1,2,A,-,8,22100,B,N,B,C,A,A,H,-,C,A,0,,,,,Y,,A,1,0,0,1,0,0,0,0,0,0,- ,- ,0,0,1800,2,LOS ANGELES,LOS ANGELES,CA,-118.2542021,33.94189072,"CENTRAL AVE & 104TH ST, LOS ANGELES, CA",CENTRAL AVE,104TH ST,145352,
-118.2607104,33.98928452,30485,8814998,2019,2019-04-24T00:00:00.000Z,1942,2019-02-14T00:00:00.000Z,1650,40099,1385,4,5,7,1942,0,0,0,M,0,13A85,E SLAUSON AV,MCKINLEY,40,E,N,A,-,N,,0,0,,,0,,,,N,4,0,1,2,A,-,21,22106,,N,C,C,A,A,H,-,C,D,0,,,,Y,Y,,G,27,0,0,1,0,0,0,0,0,0,- ,- ,0,0,1800,2,LOS ANGELES,LOS ANGELES,CA,-118.2607104,33.98928452,"SLAUSON AVE & MCKINLEY AVE, LOS ANGELES, CA",SLAUSON AVE,MCKINLEY AVE,145263,
-118.2872092,34.00780487,30486,8815136,2019,2019-03-20T00:00:00.000Z,1942,2019-02-23T00:00:00.000Z,1725,42595,346,6,5,7,1942,0,0,0,,0,3A92,41ST PL,HOOVER ST,10,E,N,A,-,N,,0,0,,,0,,,,N,0,0,0,2,A,-,8,22107,,N,A,E,A,A,H,-,A,D,0,,,,,Y,,A,1,0,0,0,0,0,0,0,0,0,- ,- ,0,0,1800,2,LOS ANGELES,LOS ANGELES,CA,-118.2872092,34.00780487,"41ST PL & HOOVER ST, LOS ANGELES, CA",41ST PL,HOOVER ST,145567,
-118.3959321,34.03132629,30488,8815288,2019,2019-03-21T00:00:00.000Z,1942,2019-02-07T00:00:00.000Z,1750,38028,897,4,5,7,1942,0,0,0,H,0,8A52,NATIONA BL,BAGLEY AV,0,,Y,A,-,N,,0,0,,,0,,,,N,3,0,1,2,A,-,10,21950,,N,G,B,B,A,H,-,C,A,0,Y,,,,Y,,A,1,0,1,0,0,1,0,0,0,0,- ,- ,0,0,1800,2,LOS ANGELES,LOS ANGELES,CA,-118.3959321,34.03132629,"NATIONAL BLVD & BAGLEY AVE, LOS ANGELES, CA",NATIONAL BLVD,BAGLEY AVE,135729,
-118.5155922,34.2430954,30489,8815297,2019,2019-03-21T00:00:00.000Z,1942,2019-02-08T00:00:00.000Z,1500,38947,1775,5,5,7,1942,0,0,0,Q,0,17A95,PLUMMER ST,ENCINO AV,0,,Y,A,-,N,,0,0,,,0,,,,Y,3,0,4,2,A,-,9,21802,A,N,A,C,A,A,H,-,A,D,0,,,,,Y,,A,1,0,3,1,0,0,0,0,0,0,- ,- ,0,0,1800,2,LOS ANGELES,LOS ANGELES,CA,-118.5155922,34.2430954,"PLUMMER ST & ENCINO AVE, LOS ANGELES, CA",PLUMMER ST,ENCINO AVE,147332,
-118.5338122,34.23548508,30490,8815305,2019,2019-03-21T00:00:00.000Z,1942,2019-02-01T00:00:00.000Z,1710,40165,1785,5,5,7,1942,0,0,0,Q,0,17A67,DARBY AV,NORDHOFF ST,0,,Y,A,-,N,,0,0,,,0,,,,N,4,0,2,3,A,-,9,21802,A,N,D,C,A,A,H,-,C,A,0,,,,,Y,,A,1,0,0,2,0,0,0,0,0,0,- ,- ,0,0,1800,2,LOS ANGELES,LOS ANGELES,CA,-118.5338122,34.23548508,"DARBY AVE & NORDHOFF ST, LOS ANGELES, CA",DARBY AVE,NORDHOFF ST,125867,
-118.4443522,34.1793747,30491,8815330,2019,2019-03-21T00:00:00.000Z,1942,2019-02-13T00:00:00.000Z,1530,40165,943,3,5,7,1942,0,0,0,I,0,9A41,OXNARD ST,TYRONE AV,0,,Y,A,-,N,,0,0,,,0,,,,Y,4,0,2,3,A,-,9,21802,A,N,D,C,A,A,H,-,A,A,0,,,,,Y,,A,1,0,0,2,0,0,0,0,0,0,- ,- ,0,0,1800,2,LOS ANGELES,LOS ANGELES,CA,-118.4443522,34.17937469,"OXNARD ST & TYRONE AVE, LOS ANGELES, CA",OXNARD ST,TYRONE AVE,118495,
-118.4052422,34.15762329,30492,8815338,2019,2019-03-21T00:00:00.000Z,1942,2019-02-22T00:00:00.000Z,1625,40165,1551,5,5,7,1942,0,0,0,O,0,15A43,WHITSETT AV,RIVERSIDE DR,0,,Y,A,-,N,,0,0,,,0,,,,Y,3,0,2,2,A,-,9,21801,A,N,D,C,A,A,H,-,A,A,0,,,,,Y,,A,1,0,1,1,0,0,0,0,0,0,- ,- ,0,0,1800,2,LOS ANGELES,LOS ANGELES,CA,-118.4052422,34.15762329,"WHITSETT AVE & RIVERSIDE DR, LOS ANGELES, CA",WHITSETT AVE,RIVERSIDE DR,151053,
-118.4487298,34.19094086,30494,8815354,2019,2019-03-21T00:00:00.000Z,1942,2019-02-15T00:00:00.000Z,1545,37686,926,5,5,7,1942,0,0,0,I,0,9A19,VAN NUYS BL,KITTRIDGE ST,100,N,N,B,C,N,,0,0,,,0,,,,Y,4,0,1,2,A,-,3,22350,,N,C,C,A,B,H,-,A,D,0,,,,,Y,,A,1,0,0,1,0,0,0,0,0,0,- ,- ,0,0,1800,2,LOS ANGELES,LOS ANGELES,CA,-118.4487298,34.19094086,"VAN NUYS BLVD & KITTRIDGE ST, LOS ANGELES, CA",VAN NUYS BLVD,KITTRIDGE ST,150548,
-118.5011031,34.16591263,30495,8815733,2019,2019-03-12T00:00:00.000Z,1942,2019-02-13T00:00:00.000Z,1740,40165,1067,3,5,7,1942,0,0,0,J,0,10A99,BALBOA BL,MCCORMICK ST,21,N,N,C,-,N,,0,0,,,0,,,,Y,3,0,1,5,A,-,0,23153,F,N,C,E,A,B,H,-,C,D,0,,,,,Y,,A,8,0,1,0,0,0,0,0,0,0,- ,- ,0,0,1800,2,LOS ANGELES,LOS ANGELES,CA,-118.5011031,34.16591263,"BALBOA BLVD & MCCORMICK ST, LOS ANGELES, CA",BALBOA BLVD,MCCORMICK ST,143695,
-118.5710747,34.18022156,30497,8815845,2019,2019-03-18T00:00:00.000Z,1942,2019-02-26T00:00:00.000Z,1520,41158,2169,2,5,7,1942,0,0,0,,0,21A29,OXNARD ST,WINNETKA AV,25,W,N,A,-,N,,0,0,,,0,,,,N,0,0,0,2,A,-,21,22106,,M,C,C,A,A,H,-,A,D,0,,,,,Y,,-,99,0,0,0,0,0,0,0,0,0,- ,- ,0,0,1800,2,LOS ANGELES,LOS ANGELES,CA,-118.5710747,34.18022156,"OXNARD ST & WINNETKA AVE, LOS ANGELES, CA",OXNARD ST,WINNETKA AVE,125685,
-118.2392204,34.06053543,30498,8815852,2019,2019-03-13T00:00:00.000Z,1942,2019-02-08T00:00:00.000Z,1600,39791,111,5,5,7,1942,0,0,0,A,0,1FB12,N BROADWAY,ORD ST,80,N,N,A,-,N,,0,0,,,0,,,,N,0,0,0,2,A,-,3,22350,,M,C,C,A,A,H,-,A,D,0,,,,,Y,,-,99,0,0,0,0,0,0,0,0,0,- ,- ,0,0,1800,2,LOS ANGELES,LOS ANGELES,CA,-118.2392204,34.06053543,"N BROADWAY & ORD ST, LOS ANGELES, CA",N BROADWAY,ORD ST,110533,
-118.5512222,34.17259598,30499,8815925,2019,2019-03-15T00:00:00.000Z,1942,2019-02-15T00:00:00.000Z,1556,42149,1061,5,5,7,1942,0,0,0,J,0,0W4,VENTURA BL,BECKFORD AV,0,,Y,B,C,N,,0,0,,,0,,,,Y,3,0,2,2,A,-,9,21801,A,N,D,C,A,B,-,-,A,D,0,,,,,Y,,A,1,0,1,1,0,0,0,0,0,0,- ,- ,0,0,1800,2,LOS ANGELES,LOS ANGELES,CA,-118.5512222,34.17259598,"VENTURA BLVD & BECKFORD AVE, LOS ANGELES, CA",VENTURA BLVD,BECKFORD AVE,143704,
-118.4159722,34.18667603,30500,8815937,2019,2019-04-04T00:00:00.000Z,1942,2019-02-22T00:00:00.000Z,1620,41566,939,5,5,7,1942,0,0,0,I,0,15A68,VICTORY BL,MORSE,0,,Y,A,-,N,,0,0,,,0,,,,Y,4,0,1,2,A,-,9,21801,A,N,-,C,A,-,A,H,A,-,0,,,Y,,Y,,A,1,0,0,1,0,0,0,0,0,1,- ,- ,0,0,1800,2,LOS ANGELES,LOS ANGELES,CA,-118.4159722,34.18667603,"VICTORY BLVD & MORSE AVE, LOS ANGELES, CA",VICTORY BLVD,MORSE AVE,146746,
-118.4673522,34.1488266,30501,8815941,2019,2019-03-15T00:00:00.000Z,1942,2019-02-28T00:00:00.000Z,1650,41029,991,4,5,7,1942,0,0,0,I,0,9A89,WOODCLIFF RD,VALLEY VISTA BL,0,,Y,A,-,N,,0,0,,,0,,,,Y,4,0,1,2,A,-,9,21802,A,N,D,C,A,A,H,-,A,A,0,,,,,Y,,A,1,0,0,1,0,0,0,0,0,0,- ,- ,0,0,1800,2,LOS ANGELES,LOS ANGELES,CA,-118.4673522,34.1488266,"WOODCLIFF RD & VALLEY VISTA BLVD, LOS ANGELES, CA",WOODCLIFF RD,VALLEY VISTA BLVD,118837,
-118.4011957,34.14302826,30502,8815954,2019,2019-03-15T00:00:00.000Z,1942,2019-02-21T00:00:00.000Z,1610,38399,1591,4,5,7,1942,0,0,0,O,0,15A85,VENTURA BL,LAUREL GROVE AV,120,W,N,B,-,N,,0,0,,,0,,,,N,4,0,2,3,A,-,4,21703,,N,C,C,A,A,H,-,A,D,0,,,,,Y,,-,- ,0,0,2,0,0,0,0,0,0,- ,- ,0,0,1800,2,LOS ANGELES,LOS ANGELES,CA,-118.4011957,34.14302826,"VENTURA BLVD & LAURELGROVE AVE, LOS ANGELES, CA",VENTURA BLVD,LAURELGROVE AVE,143973,
-118.3740821,34.17220306,30503,8815966,2019,2019-03-15T00:00:00.000Z,1942,2019-02-22T00:00:00.000Z,1715,30830,1538,5,5,7,1942,0,0,0,O,0,15A39,BURBANK BL,FULCHER AV,0,,Y,A,-,N,,0,0,,,0,,,,N,4,0,1,2,A,-,10,21950,A,N,G,B,B,A,H,-,B,D,0,Y,,,,Y,,A,1,0,0,1,0,1,0,0,0,0,- ,- ,0,0,1800,2,LOS ANGELES,LOS ANGELES,CA,-118.3740821,34.17220306,"BURBANK BLVD & FULCHER AVE, LOS ANGELES, CA",BURBANK BLVD,FULCHER AVE,111733,
-118.3681421,34.18668366,30504,8815978,2019,2019-03-15T00:00:00.000Z,1942,2019-02-23T00:00:00.000Z,1740,35644,1529,6,5,7,1942,0,0,0,O,0,X36,VICTORY BL,CLEON AV,0,,Y,A,-,N,,0,0,,,0,,,,N,4,0,1,2,A,-,10,21950,A,N,G,B,B,A,H,-,C,A,0,Y,,,,Y,,A,1,0,0,1,0,1,0,0,0,0,- ,- ,0,0,1800,2,LOS ANGELES,LOS ANGELES,CA,-118.3681421,34.18668365,"VICTORY BLVD & CLEON AVE, LOS ANGELES, CA",VICTORY BLVD,CLEON AVE,139717,
-118.4138126,34.18484497,30505,8815986,2019,2019-03-15T00:00:00.000Z,1942,2019-02-22T00:00:00.000Z,1700,41772,1523,5,5,7,1942,0,0,0,O,0,15A3,COLDWATER CANYON BL,SYLVAN ST,15,S,N,A,-,N,,0,0,,,0,,,,Y,4,0,1,2,A,-,4,21703,,N,C,C,A,A,H,-,A,D,0,,,,,Y,,A,1,0,0,1,0,0,0,0,0,0,- ,- ,0,0,1800,2,LOS ANGELES,LOS ANGELES,CA,-118.4138126,34.18484497,"COLDWATER CANYON AVE & SYLVAN ST, LOS ANGELES, CA",COLDWATER CANYON AVE,SYLVAN ST,97368,