X,Y,OBJECTID,case_id,accident_year,proc_date,juris,collision_date,collision_time,officer_id,reporting_district,day_of_week,chp_shift,population,cnty_city_loc,special_cond,beat_type,chp_beat_type,city_division_lapd,chp_beat_class,beat_number,primary_rd,secondary_rd,distance,direction,intersection,weather_1,weather_2,state_hwy_ind,caltrans_county,caltrans_district,state_route,route_suffix,postmile_prefix,postmile,location_type,ramp_intersection,side_of_hwy,tow_away,collision_severity,number_killed,number_injured,party_count,primary_coll_factor,pcf_code_of_viol,pcf_viol_category,pcf_violation,pcf_viol_subsection,hit_and_run,type_of_collision,mviw,ped_action,road_surface,road_cond_1,road_cond_2,lighting,control_device,chp_road_type,pedestrian_accident,bicycle_accident,motorcycle_accident,truck_accident,not_private_property,alcohol_involved,stwd_vehtype_at_fault,chp_vehtype_at_fault,count_severe_inj,count_visible_inj,count_complaint_pain,count_ped_killed,count_ped_injured,count_bicyclist_killed,count_bicyclist_injured,count_mc_killed,count_mc_injured,primary_ramp,secondary_ramp,latitude,longitude,timecat,month_,city,county,state,point_x,point_y,match_addr,m_primaryrd,m_secondrd,int_id,Flag
-118.4921952,34.22128296,30506,8816000,2019,2019-03-14T00:00:00.000Z,1942,2019-02-23T00:00:00.000Z,1520,43419,1797,6,5,7,1942,0,0,0,Q,0,17A49,ROSCOE BL,HAYVENHURST AV,10,W,N,A,-,N,,0,0,,,0,,,,N,0,0,0,3,A,-,3,22350,,M,B,C,A,-,-,-,A,A,0,,,,,Y,,-,99,0,0,0,0,0,0,0,0,0,- ,- ,0,0,1800,2,LOS ANGELES,LOS ANGELES,CA,-118.4921952,34.22128296,"ROSCOE BLVD & HAYVENHURST AVE, LOS ANGELES, CA",ROSCOE BLVD,HAYVENHURST AVE,105106,
-118.4057111,34.22164917,30507,8816004,2019,2019-03-20T00:00:00.000Z,1942,2019-02-17T00:00:00.000Z,1535,33458,1681,7,5,7,1942,0,0,0,P,0,16A81,ROSCOE BL,WHITSETT AV,130,W,N,A,-,N,,0,0,,,0,,,,N,3,0,2,2,A,-,9,21804,A,N,-,C,A,-,H,-,A,D,0,,,,,Y,,A,1,0,1,1,0,0,0,0,0,0,- ,- ,0,0,1800,2,LOS ANGELES,LOS ANGELES,CA,-118.4057111,34.22164917,"ROSCOE BLVD & WHITSETT AVE, LOS ANGELES, CA",ROSCOE BLVD,WHITSETT AVE,118799,
-118.4198568,34.23606491,30508,8816006,2019,2019-04-12T00:00:00.000Z,1942,2019-02-16T00:00:00.000Z,1700,43129,1979,6,5,7,1942,0,0,0,,0,19X58,BRANDFORD ST,ARLETA AV,22,W,N,A,-,N,,0,0,,,0,,,,N,3,0,2,4,A,-,12,21453,A,F,H,C,A,A,H,-,C,A,0,,,,,Y,,-,99,0,1,1,0,0,0,0,0,0,- ,- ,0,0,1800,2,LOS ANGELES,LOS ANGELES,CA,-118.4198568,34.23606491,"BRANFORD ST & ARLETA AVE, LOS ANGELES, CA",BRANFORD ST,ARLETA AVE,119510,
-118.5098422,34.15971375,30509,8816007,2019,2019-03-20T00:00:00.000Z,1942,2019-02-18T00:00:00.000Z,1705,41240,1077,1,5,7,1942,0,0,0,J,0,10X94,LOUISE AV,TARZANA DR,0,,Y,A,-,N,,0,0,,,0,,,,N,4,0,2,2,A,-,9,21804,A,N,D,C,A,A,H,-,B,D,0,,,,,Y,,A,1,0,0,2,0,0,0,0,0,0,- ,- ,0,0,1800,2,LOS ANGELES,LOS ANGELES,CA,-118.5098422,34.15971375,"LOUISE AVE & TARZANA ST, LOS ANGELES, CA",LOUISE AVE,TARZANA ST,136483,
-118.5974022,34.18817139,30510,8816009,2019,2019-03-22T00:00:00.000Z,1942,2019-02-22T00:00:00.000Z,1530,38947,2156,5,5,7,1942,0,0,0,,0,21A57,CANOGA AV,VICTORY BL,69,S,N,A,-,N,,0,0,,,0,,,,Y,4,0,1,2,A,-,9,21801,A,N,A,C,A,A,H,-,A,D,0,,,,,Y,,A,1,0,0,1,0,0,0,0,0,0,- ,- ,0,0,1800,2,LOS ANGELES,LOS ANGELES,CA,-118.5974022,34.18817139,"CANOGA AVE & VICTORY BLVD, LOS ANGELES, CA",CANOGA AVE,VICTORY BLVD,123098,
-118.3768422,34.23051453,30511,8816010,2019,2019-04-17T00:00:00.000Z,1942,2019-02-04T00:00:00.000Z,1600,39241,1675,1,5,7,1942,0,0,0,P,0,16X89,BRADLEY AV,TUXFORD ST,0,,Y,B,-,N,,0,0,,,0,,,,,4,0,1,2,A,-,12,21453,A,N,D,C,A,B,H,-,A,A,0,,,,,Y,,A,1,0,0,1,0,0,0,0,0,0,- ,- ,0,0,1800,2,LOS ANGELES,LOS ANGELES,CA,-118.3768422,34.23051453,"BRADLEY AVE & TUXFORD ST, LOS ANGELES, CA",BRADLEY AVE,TUXFORD ST,133299,
-118.6060222,34.22479248,30512,8816017,2019,2019-03-22T00:00:00.000Z,1942,2019-02-19T00:00:00.000Z,1710,39473,2105,2,5,7,1942,0,0,0,,0,21A5,TOPANGA CANYON BL,CHASE ST,200,N,N,A,-,N,,0,0,,,0,,,,Y,3,0,1,3,A,-,7,21658,A,N,C,C,A,A,H,-,A,A,0,,,Y,,Y,,C,2,0,1,0,0,0,0,0,0,1,- ,- ,0,0,1800,2,LOS ANGELES,LOS ANGELES,CA,-118.6060222,34.22479248,"TOPANGA CANYON BLVD & CHASE ST, LOS ANGELES, CA",TOPANGA CANYON BLVD,CHASE ST,119629,
-118.3041571,34.25962067,30513,8816018,2019,2019-03-26T00:00:00.000Z,1942,2019-02-07T00:00:00.000Z,1620,42051,1656,4,5,7,1942,0,0,0,P,0,16A35,FOOTHILL BL,JARDINE AV,50,E,N,A,-,N,,0,0,,,0,,,,Y,3,0,1,2,A,-,8,22107,,N,C,E,A,A,H,-,A,D,0,,,,,Y,,A,7,0,1,0,0,0,0,0,0,0,- ,- ,0,0,1800,2,LOS ANGELES,LOS ANGELES,CA,-118.3041571,34.25962067,"FOOTHILL BLVD & JARDINE AVE, LOS ANGELES, CA",FOOTHILL BLVD,JARDINE AVE,98310,
-118.3733615,34.21750641,30514,8816022,2019,2019-03-26T00:00:00.000Z,1942,2019-02-04T00:00:00.000Z,1650,35391,1687,1,5,7,1942,0,0,0,P,0,19T76,LORNE ST,FAIR AV,400,E,N,C,-,N,,0,0,,,0,,,,Y,4,0,1,3,A,-,9,21804,,N,D,C,A,B,H,-,B,D,0,,,,,Y,,A,1,0,0,1,0,0,0,0,0,0,- ,- ,0,0,1800,2,LOS ANGELES,LOS ANGELES,CA,-118.3733615,34.21750641,"LORNE ST & FAIR AVE, LOS ANGELES, CA",LORNE ST,FAIR AVE,111625,
-118.2683222,34.241745,30516,8816024,2019,2019-03-20T00:00:00.000Z,1942,2019-02-23T00:00:00.000Z,1510,42051,1659,6,5,7,1942,0,0,0,P,0,16A59,SALUDA AV,FOOTHILL BL,0,,Y,A,-,N,,0,0,,,0,,,,Y,4,0,1,2,A,-,9,21802,A,N,D,C,A,A,H,-,A,-,0,,,,,Y,,A,1,0,0,1,0,0,0,0,0,0,- ,- ,0,0,1800,2,LOS ANGELES,LOS ANGELES,CA,-118.2683222,34.241745,"SALUDA AVE & FOOTHILL BLVD, LOS ANGELES, CA",SALUDA AVE,FOOTHILL BLVD,109170,
-118.5990522,34.20465469,30517,8816029,2019,2019-03-22T00:00:00.000Z,1942,2019-02-20T00:00:00.000Z,1555,38947,2136,3,5,7,1942,0,0,0,,0,21A5,ALABAMA AV,VALERIO ST,0,,Y,A,-,N,,0,0,,,0,,,,Y,4,0,1,2,A,-,8,22103,,N,D,C,A,A,H,-,A,D,0,,,,,Y,,A,8,0,0,1,0,0,0,0,0,0,- ,- ,0,0,1800,2,LOS ANGELES,LOS ANGELES,CA,-118.5990522,34.20465469,"ALABAMA AVE & VALERIO ST, LOS ANGELES, CA",ALABAMA AVE,VALERIO ST,150661,
-118.4094922,34.25417328,30518,8816032,2019,2019-03-20T00:00:00.000Z,1942,2019-02-12T00:00:00.000Z,1750,40928,1654,2,5,7,1942,0,0,0,P,0,16A81,OSBORNE ST,SAN FERNANDO RD,0,E,N,A,-,N,,0,0,,,0,,,,N,3,0,1,3,A,-,11,21950,B,N,G,B,B,A,H,-,C,A,0,Y,,,,Y,,N,60,0,1,0,0,1,0,0,0,0,- ,- ,0,0,1800,2,LOS ANGELES,LOS ANGELES,CA,-118.4094922,34.25417328,"OSBORNE ST & SAN FERNANDO RD, LOS ANGELES, CA",OSBORNE ST,SAN FERNANDO RD,105531,
-118.5954722,34.19377518,30519,8816033,2019,2019-03-22T00:00:00.000Z,1942,2019-02-19T00:00:00.000Z,1510,39473,2157,2,5,7,1942,0,0,0,,0,21A57,ETON AV,VANOWEN ST,0,,Y,A,-,N,,0,0,,,0,,,,N,3,0,1,2,A,-,9,21804,A,N,H,G,A,A,H,-,A,A,0,,Y,,,Y,,L,4,0,1,0,0,0,0,1,0,0,- ,- ,0,0,1800,2,LOS ANGELES,LOS ANGELES,CA,-118.5954722,34.19377518,"ETON AVE & VANOWEN ST, LOS ANGELES, CA",ETON AVE,VANOWEN ST,101562,
-118.6018129,34.16835785,30520,8816037,2019,2019-03-22T00:00:00.000Z,1942,2019-02-11T00:00:00.000Z,1550,42051,2187,1,5,7,1942,0,0,0,,0,21A97,VENTURA BL,CALATRANA DR,100,E,N,A,-,N,,0,0,,,0,,,,N,4,0,1,2,A,-,21,22106,,N,C,E,A,A,H,-,A,D,0,,,,,Y,,A,7,0,0,1,0,0,0,0,0,0,- ,- ,0,0,1800,2,LOS ANGELES,LOS ANGELES,CA,-118.6018129,34.16835785,"VENTURA BLVD & CALATRANA DR, LOS ANGELES, CA",VENTURA BLVD,CALATRANA DR,108028,
-118.5264322,34.16516495,30521,8816039,2019,2019-03-20T00:00:00.000Z,1942,2019-02-22T00:00:00.000Z,1730,37304,1065,5,5,7,1942,0,0,0,J,0,10A99,VENTURA BL,LINDLEY AV,280,E,N,A,-,N,,0,0,,,0,,,,Y,4,0,1,2,A,-,9,21801,A,N,D,C,A,A,H,-,B,B,0,,,,,Y,,A,1,0,0,1,0,0,0,0,0,0,- ,- ,0,0,1800,2,LOS ANGELES,LOS ANGELES,CA,-118.5264322,34.16516495,"VENTURA BLVD & LINDLEY AVE, LOS ANGELES, CA",VENTURA BLVD,LINDLEY AVE,105163,
-118.4112322,34.2529335,30522,8816044,2019,2019-03-20T00:00:00.000Z,1942,2019-02-13T00:00:00.000Z,1705,33294,1653,3,5,7,1942,0,0,0,P,0,16A33,OSBORNE ST,EL DORADO AV,0,,Y,B,-,N,,0,0,,,0,,,,N,4,0,1,2,A,-,9,21801,A,N,D,C,A,A,H,-,B,A,0,,,,,Y,,A,1,0,0,1,0,0,0,0,0,0,- ,- ,0,0,1800,2,LOS ANGELES,LOS ANGELES,CA,-118.4112322,34.2529335,"OSBORNE ST & EL DORADO AVE, LOS ANGELES, CA",OSBORNE ST,EL DORADO AVE,105532,
-118.6059122,34.18694305,30523,8816054,2019,2019-03-26T00:00:00.000Z,1942,2019-02-18T00:00:00.000Z,1650,43665,2155,1,5,7,1942,0,0,0,,0,21A57,VICTORY BL,TOPANGA CANYON BL,0,,Y,A,-,N,,0,0,,,0,,,,N,3,0,1,2,A,-,11,21950,B,N,G,B,B,A,H,-,A,A,0,Y,,,,Y,,N,60,0,1,0,0,1,0,0,0,0,- ,- ,0,0,1800,2,LOS ANGELES,LOS ANGELES,CA,-118.6059122,34.18694305,"VICTORY BLVD & TOPANGA CANYON BLVD, LOS ANGELES, CA",VICTORY BLVD,TOPANGA CANYON BLVD,123514,
-118.5884522,34.19377518,30524,8816070,2019,2019-03-26T00:00:00.000Z,1942,2019-02-09T00:00:00.000Z,1515,38613,2157,6,5,7,1942,0,0,0,,0,21A57,VANOWEN ST,DE SOTO AV,0,,Y,A,-,N,,0,0,,,0,,,,N,4,0,1,2,A,-,9,21801,A,N,D,C,A,A,H,-,A,A,0,,,,,Y,,A,1,0,0,1,0,0,0,0,0,0,- ,- ,0,0,1800,2,LOS ANGELES,LOS ANGELES,CA,-118.5884522,34.19377518,"VANOWEN ST & DE SOTO AVE, LOS ANGELES, CA",VANOWEN ST,DE SOTO AVE,98072,
-118.5360222,34.17235565,30525,8816072,2019,2019-03-20T00:00:00.000Z,1942,2019-02-13T00:00:00.000Z,1720,39402,1063,3,5,7,1942,0,0,0,J,0,10X94,BURBANK BL,RESEDA BL,0,,N,C,-,N,,0,0,,,0,,,,Y,4,0,1,2,A,-,12,21453,,N,D,C,A,B,H,-,C,A,0,,,,,Y,,-,,0,0,1,0,0,0,0,0,0,- ,- ,0,0,1800,2,LOS ANGELES,LOS ANGELES,CA,-118.5360222,34.17235565,"BURBANK BLVD & RESEDA BLVD, LOS ANGELES, CA",BURBANK BLVD,RESEDA BLVD,129705,
-118.4355121,34.1487236,30526,8816077,2019,2019-03-22T00:00:00.000Z,1942,2019-02-24T00:00:00.000Z,1555,42438,989,7,5,7,1942,0,0,0,I,0,9X6,VENTURA BL,STERN AV,0,,Y,A,-,N,,0,0,,,0,,,,Y,3,0,5,2,A,-,1,23152,A,N,A,C,A,A,H,-,A,A,0,,,,,Y,,A,1,0,1,4,0,0,0,0,0,0,- ,- ,0,0,1800,2,LOS ANGELES,LOS ANGELES,CA,-118.4355121,34.1487236,"VENTURA BLVD & STERN AVE, LOS ANGELES, CA",VENTURA BLVD,STERN AVE,122910,
-118.4664422,34.21806335,30527,8816083,2019,2019-03-19T00:00:00.000Z,1942,2019-02-17T00:00:00.000Z,1650,35391,1993,7,5,7,1942,0,0,0,,0,19TL76,SEPULVEDA BL,LANARK ST,0,,Y,A,-,N,,0,0,,,0,,,,Y,4,0,1,2,A,-,8,22107,,N,D,C,A,A,H,-,A,A,0,,,,,Y,,A,1,0,0,1,0,0,0,0,0,0,- ,- ,0,0,1800,2,LOS ANGELES,LOS ANGELES,CA,-118.4664422,34.21806335,"SEPULVEDA BLVD & LANARK ST, LOS ANGELES, CA",SEPULVEDA BLVD,LANARK ST,105641,
-118.6059822,34.2064743,30528,8816085,2019,2019-03-11T00:00:00.000Z,1942,2019-02-15T00:00:00.000Z,1525,38017,2136,5,5,7,1942,0,0,0,,0,21A5,TOPANGA CANYON BL,COHASSET ST,0,,Y,C,-,N,,0,0,,,0,,,,N,0,0,0,2,A,-,8,22107,,M,B,C,A,B,H,-,A,D,0,,,,,Y,,-,99,0,0,0,0,0,0,0,0,0,- ,- ,0,0,1800,2,LOS ANGELES,LOS ANGELES,CA,-118.6059822,34.2064743,"TOPANGA CANYON BLVD & COHASSET ST, LOS ANGELES, CA",TOPANGA CANYON BLVD,COHASSET ST,127058,
-118.4581741,34.29837418,30529,8816087,2019,2019-03-18T00:00:00.000Z,1942,2019-02-18T00:00:00.000Z,1645,39752,1924,1,5,7,1942,0,0,0,,0,19A93,SAN FERNANDO RD,PADDOCK ST,75,N,N,A,-,N,,0,0,,,0,,,,N,4,0,2,2,A,-,9,21804,A,N,D,C,A,A,H,-,A,D,0,,,,,Y,,A,7,0,0,2,0,0,0,0,0,0,- ,- ,0,0,1800,2,LOS ANGELES,LOS ANGELES,CA,-118.4581741,34.29837418,"SAN FERNANDO RD & PADDOCK ST, LOS ANGELES, CA",SAN FERNANDO RD,PADDOCK ST,136709,
-118.4599088,34.242733,30530,8816096,2019,2019-03-20T00:00:00.000Z,1942,2019-02-08T00:00:00.000Z,1620,41146,1962,5,5,7,1942,0,0,0,,0,19A75,PLUMMER ST,NOBLE AV,328,E,N,A,-,N,,0,0,,,0,,,,Y,2,0,1,3,A,-,1,23152,A,N,B,C,A,A,H,-,A,D,0,,,,,Y,Y,A,7,1,0,0,0,0,0,0,0,0,- ,- ,0,0,1800,2,LOS ANGELES,LOS ANGELES,CA,-118.4599088,34.242733,"PLUMMER ST & NOBLE AVE, LOS ANGELES, CA",PLUMMER ST,NOBLE AVE,150677,
-118.4419048,34.24730682,30531,8816125,2019,2019-03-11T00:00:00.000Z,1942,2019-02-23T00:00:00.000Z,1715,37304,1958,6,5,7,1942,0,0,0,,0,19A79,ROSLYNDALE AV,JOUETT AV,112,S,N,A,-,N,,0,0,,,0,,,,N,0,0,0,2,A,-,1,23152,A,N,D,E,A,A,H,-,A,D,0,,,,,Y,Y,A,7,0,0,0,0,0,0,0,0,0,- ,- ,0,0,1800,2,LOS ANGELES,LOS ANGELES,CA,-118.4419048,34.24730682,"ROSLYNDALE AVE & JOUETT ST, LOS ANGELES, CA",ROSLYNDALE AVE,JOUETT ST,112564,
-118.5975216,34.17722321,30532,8816127,2019,2019-03-18T00:00:00.000Z,1942,2019-02-08T00:00:00.000Z,1630,38534,2177,5,5,7,1942,0,0,0,,0,21X28,CALIFA AV,CANOGA AV,18,W,N,A,-,N,,0,0,,,0,,,,Y,4,0,1,2,B,-,22,0,,N,C,C,A,A,-,-,A,D,0,,,,,Y,,-,- ,0,0,1,0,0,0,0,0,0,- ,- ,0,0,1800,2,LOS ANGELES,LOS ANGELES,CA,-118.5975216,34.17722321,"CALIFA ST & CANOGA AVE, LOS ANGELES, CA",CALIFA ST,CANOGA AVE,112633,
-118.4688222,34.27906418,30533,8816133,2019,2019-03-11T00:00:00.000Z,1942,2019-02-17T00:00:00.000Z,1540,36622,1934,7,5,7,1942,0,0,0,,0,19A1,SEPULVEDA BL,RINALDI,0,,Y,B,-,N,,0,0,,,0,,,,Y,0,0,0,3,D,-,0,0,,M,D,C,A,A,H,-,A,A,0,,,,,Y,,-,- ,0,0,0,0,0,0,0,0,0,- ,- ,0,0,1800,2,LOS ANGELES,LOS ANGELES,CA,-118.4688222,34.27906418,"SEPULVEDA BLVD & RINALDI ST, LOS ANGELES, CA",SEPULVEDA BLVD,RINALDI ST,108673,
-118.4719417,34.24280548,30534,8816136,2019,2019-03-20T00:00:00.000Z,1942,2019-02-23T00:00:00.000Z,1600,39473,1961,6,5,7,1942,0,0,0,,0,19A61,PLUMMER ST,ORION AV,15,W,N,A,-,N,,0,0,,,0,,,,Y,3,0,2,3,A,-,9,21802,A,N,D,C,A,A,H,-,A,A,0,,,,,Y,,A,7,0,2,0,0,0,0,0,0,0,- ,- ,0,0,1800,2,LOS ANGELES,LOS ANGELES,CA,-118.4719417,34.24280548,"PLUMMER ST & ORION AVE, LOS ANGELES, CA",PLUMMER ST,ORION AVE,133094,
-118.4591353,34.29911423,30535,8816157,2019,2019-03-11T00:00:00.000Z,1942,2019-02-10T00:00:00.000Z,1545,39281,1925,7,5,7,1942,0,0,0,,0,19A1,SAN FERNANDO RD,POLK ST,25,E,N,C,-,N,,0,0,,,0,,,,N,0,0,0,2,A,-,3,22350,,M,C,C,A,B,H,-,A,A,0,,,,,Y,,-,99,0,0,0,0,0,0,0,0,0,- ,- ,0,0,1800,2,LOS ANGELES,LOS ANGELES,CA,-118.4591353,34.29911423,"SAN FERNANDO RD & POLK ST, LOS ANGELES, CA",SAN FERNANDO RD,POLK ST,113184,
-118.2827322,34.00375366,30537,8816187,2019,2019-03-07T00:00:00.000Z,1942,2019-02-18T00:00:00.000Z,1530,42681,1208,1,5,7,1942,0,0,0,L,0,12A15,FIGUEROA ST,VERNON AV,0,N,N,A,-,N,,0,0,,,0,,,,N,0,0,0,2,A,-,3,22350,,M,C,C,A,A,H,-,A,D,0,,,,,Y,,-,99,0,0,0,0,0,0,0,0,0,- ,- ,0,0,1800,2,LOS ANGELES,LOS ANGELES,CA,-118.2827322,34.00375366,"FIGUEROA ST & VERNON AVE, LOS ANGELES, CA",FIGUEROA ST,VERNON AVE,103353,
-118.4677996,34.2720871,30538,8816200,2019,2019-03-20T00:00:00.000Z,1942,2019-02-05T00:00:00.000Z,1500,35391+,1941,2,5,7,1942,0,0,0,,0,19TL72,SAN FERNANDO MISSION BL,SEPULVEDA BL,100,W,N,A,-,N,,0,0,,,0,,,,N,0,0,0,3,A,-,3,22350,,M,C,C,A,A,H,-,A,D,0,,,,,Y,,-,99,0,0,0,0,0,0,0,0,0,- ,- ,0,0,1800,2,LOS ANGELES,LOS ANGELES,CA,-118.4677996,34.2720871,"SAN FERNANDO MISSION BLVD & SEPULVEDA BLVD, LOS ANGELES, CA",SAN FERNANDO MISSION BLVD,SEPULVEDA BLVD,129409,
-118.2349109,34.04473877,30539,8816216,2019,2019-03-20T00:00:00.000Z,1942,2019-02-05T00:00:00.000Z,1500,34269,139,2,5,7,1942,0,0,0,A,0,1A29,AVERY ST,TRACTION AV,23,N,N,A,-,N,,0,0,,,0,,,,N,0,0,0,2,A,-,3,22350,,M,C,E,A,A,H,-,A,D,0,,,,,Y,,-,99,0,0,0,0,0,0,0,0,0,- ,- ,0,0,1800,2,LOS ANGELES,LOS ANGELES,CA,-118.2349109,34.04473877,"AVERY ST & TRACTION AVE, LOS ANGELES, CA",AVERY ST,TRACTION AVE,110617,
-118.2870221,33.96004486,30540,8816240,2019,2019-03-20T00:00:00.000Z,1942,2019-02-23T00:00:00.000Z,1720,39254,1801,6,5,7,1942,0,0,0,R,0,18A44,HOOVER ST,MANCHESTER AV,0,,Y,A,-,N,,0,0,,,0,,,,N,0,0,0,2,A,-,12,21453,A,M,A,C,A,A,H,-,A,A,0,,,,,Y,,-,99,0,0,0,0,0,0,0,0,0,- ,- ,0,0,1800,2,LOS ANGELES,LOS ANGELES,CA,-118.2870221,33.96004486,"HOOVER ST & MANCHESTER AVE, LOS ANGELES, CA",HOOVER ST,MANCHESTER AVE,141871,
-118.3793025,34.04075623,30541,8816603,2019,2019-03-13T00:00:00.000Z,1942,2019-02-08T00:00:00.000Z,1730,33403,889,5,5,7,1942,0,0,0,H,0,8A54,GUTHRIE AV,S GARTH AV,50,W,N,A,-,N,,0,0,,,0,,,,N,0,0,0,2,A,-,8,22107,,M,B,E,A,A,H,-,A,D,0,,,,,Y,,-,99,0,0,0,0,0,0,0,0,0,- ,- ,0,0,1800,2,LOS ANGELES,LOS ANGELES,CA,-118.3793025,34.04075623,"GUTHRIE AVE & GARTH AVE, LOS ANGELES, CA",GUTHRIE AVE,GARTH AVE,124462,
-118.5013803,34.20840454,30542,8817079,2019,2019-03-14T00:00:00.000Z,1942,2019-02-26T00:00:00.000Z,1500,34420,1007,2,5,7,1942,0,0,0,J,0,10A17,SATICOY ST,BALBOA BL,60,W,N,B,-,N,,0,0,,,0,,,,Y,3,0,1,3,A,-,4,21703,,N,C,C,A,A,H,-,A,A,0,,,,,Y,,A,7,0,1,0,0,0,0,0,0,0,- ,- ,0,0,1800,2,LOS ANGELES,LOS ANGELES,CA,-118.5013803,34.20840454,"SATICOY ST & BALBOA BLVD, LOS ANGELES, CA",SATICOY ST,BALBOA BLVD,147533,
-118.5623122,34.22822571,30543,8817283,2019,2019-04-08T00:00:00.000Z,1942,2019-02-22T00:00:00.000Z,1720,43519,1782,5,5,7,1942,0,0,0,Q,0,17A48,CORBIN AV,PARTHENIA ST,0,,Y,A,-,N,,0,0,,,0,,,,Y,4,0,2,3,A,-,12,21453,A,N,A,C,A,A,H,-,B,A,0,,,,,Y,,A,1,0,0,2,0,0,0,0,0,0,- ,- ,0,0,1800,2,LOS ANGELES,LOS ANGELES,CA,-118.5623122,34.22822571,"CORBIN AVE & PARTHENIA ST, LOS ANGELES, CA",CORBIN AVE,PARTHENIA ST,112815,
-118.3615621,34.16868591,30544,8817284,2019,2019-03-14T00:00:00.000Z,1942,2019-02-08T00:00:00.000Z,1550,43544,1549,5,5,7,1942,0,0,0,O,0,15A68,CHANDLER BL,CAHUENGA BL,0,,Y,A,-,N,,0,0,,,0,,,,Y,4,0,1,3,A,-,9,21801,A,N,B,C,A,A,H,-,A,A,0,,,,,Y,,A,1,0,0,1,0,0,0,0,0,0,- ,- ,0,0,1800,2,LOS ANGELES,LOS ANGELES,CA,-118.3615621,34.16868591,"CHANDLER BLVD & CAHUENGA BLVD, LOS ANGELES, CA",CHANDLER BLVD,CAHUENGA BLVD,97669,
-118.3965514,34.20861054,30545,8817296,2019,2019-03-14T00:00:00.000Z,1942,2019-02-08T00:00:00.000Z,1700,36121,1503,5,5,7,1942,0,0,0,O,0,15A3,LAUREL CANYON,SATICOY ST,50,N,N,A,-,N,,0,0,,,0,,,,N,4,0,3,2,A,-,9,21801,A,N,D,C,A,A,H,-,A,A,0,,,,,Y,Y,A,1,0,0,3,0,0,0,0,0,0,- ,- ,0,0,1800,2,LOS ANGELES,LOS ANGELES,CA,-118.3965514,34.20861053,"LAUREL CANYON BLVD & SATICOY ST, LOS ANGELES, CA",LAUREL CANYON BLVD,SATICOY ST,146750,
-118.5482119,34.22053528,30546,8817303,2019,2019-03-14T00:00:00.000Z,1942,2019-02-20T00:00:00.000Z,1615,34420,,3,5,7,1942,0,0,0,,0,,ROSCOE,VANALDEN AV,300,E,N,B,-,N,,0,0,,,0,,,,N,4,0,2,2,A,-,3,22350,,N,C,C,A,A,H,-,A,A,0,,,,,Y,,A,7,0,0,2,0,0,0,0,0,0,- ,- ,0,0,1800,2,LOS ANGELES,LOS ANGELES,CA,-118.5482119,34.22053528,"ROSCOE BLVD & VANALDEN AVE, LOS ANGELES, CA",ROSCOE BLVD,VANALDEN AVE,129806,
-118.5098622,34.19387436,30547,8817332,2019,2019-03-14T00:00:00.000Z,1942,2019-02-28T00:00:00.000Z,1730,38399,1037,4,5,7,1942,0,0,0,J,0,10A17,VANOWEN ST,LOUISE AV,0,,Y,A,-,N,,0,0,,,0,,,,Y,3,0,3,2,A,-,7,21658,A,N,B,C,A,A,H,-,A,A,0,,,,,Y,,A,1,0,2,1,0,0,0,0,0,0,- ,- ,0,0,1800,2,LOS ANGELES,LOS ANGELES,CA,-118.5098622,34.19387436,"VANOWEN ST & LOUISE AVE, LOS ANGELES, CA",VANOWEN ST,LOUISE AVE,151023,
-118.5098422,34.18661499,30548,8817356,2019,2019-04-02T00:00:00.000Z,1942,2019-02-26T00:00:00.000Z,1535,38017,1037,2,5,7,1942,0,0,0,J,0,10A17,LOUISE AV,VICTORY BL,0,,Y,A,-,N,,0,0,,,0,,,,Y,4,0,5,4,A,-,- ,0,,N,D,C,A,A,H,-,A,A,0,,,,,Y,,-,- ,0,0,5,0,0,0,0,0,0,- ,- ,0,0,1800,2,LOS ANGELES,LOS ANGELES,CA,-118.5098422,34.18661499,"LOUISE AVE & VICTORY BLVD, LOS ANGELES, CA",LOUISE AVE,VICTORY BLVD,102108,
-118.4688881,34.1542511,30549,8818095,2019,2019-04-04T00:00:00.000Z,1942,2019-02-12T00:00:00.000Z,1640,39410,1089,2,5,7,1942,0,0,0,J,0,10A99,VENTURA BL,SHERMAN OAKS AV,30,E,N,A,-,N,,0,0,,,0,,,,N,0,0,0,2,A,-,8,22107,,M,B,C,A,A,H,-,A,A,0,,,,,Y,,-,99,0,0,0,0,0,0,0,0,0,- ,- ,0,0,1800,2,LOS ANGELES,LOS ANGELES,CA,-118.4688881,34.1542511,"VENTURA BLVD & SHERMAN OAKS AVE, LOS ANGELES, CA",VENTURA BLVD,SHERMAN OAKS AVE,97643,
-118.3745279,34.16466904,30550,8818205,2019,2019-03-20T00:00:00.000Z,1942,2019-02-02T00:00:00.000Z,1725,42757,1555,6,5,7,1942,0,0,0,O,0,15A38,LANKERSHIM BL,MAGNOLIA BL,100,S,N,C,-,N,,0,0,,,0,,,,N,0,0,0,2,A,-,3,22350,,M,A,I,A,B,H,-,A,A,0,,,,,Y,,-,99,0,0,0,0,0,0,0,0,0,- ,- ,0,0,1800,2,LOS ANGELES,LOS ANGELES,CA,-118.3745279,34.16466904,"LANKERSHIM BLVD & MAGNOLIA BLVD, LOS ANGELES, CA",LANKERSHIM BLVD,MAGNOLIA BLVD,118723,