X,Y,OBJECTID,case_id,accident_year,proc_date,juris,collision_date,collision_time,officer_id,reporting_district,day_of_week,chp_shift,population,cnty_city_loc,special_cond,beat_type,chp_beat_type,city_division_lapd,chp_beat_class,beat_number,primary_rd,secondary_rd,distance,direction,intersection,weather_1,weather_2,state_hwy_ind,caltrans_county,caltrans_district,state_route,route_suffix,postmile_prefix,postmile,location_type,ramp_intersection,side_of_hwy,tow_away,collision_severity,number_killed,number_injured,party_count,primary_coll_factor,pcf_code_of_viol,pcf_viol_category,pcf_violation,pcf_viol_subsection,hit_and_run,type_of_collision,mviw,ped_action,road_surface,road_cond_1,road_cond_2,lighting,control_device,chp_road_type,pedestrian_accident,bicycle_accident,motorcycle_accident,truck_accident,not_private_property,alcohol_involved,stwd_vehtype_at_fault,chp_vehtype_at_fault,count_severe_inj,count_visible_inj,count_complaint_pain,count_ped_killed,count_ped_injured,count_bicyclist_killed,count_bicyclist_injured,count_mc_killed,count_mc_injured,primary_ramp,secondary_ramp,latitude,longitude,timecat,month_,city,county,state,point_x,point_y,match_addr,m_primaryrd,m_secondrd,int_id,Flag
-118.4865023,34.18663406,30551,8818217,2019,2019-03-20T00:00:00.000Z,1942,2019-02-08T00:00:00.000Z,1740,39402,1049,5,5,7,1942,0,0,0,J,0,10EL4,VICTORY BL,VALJEAN AV,200,W,N,A,-,N,,0,0,,,0,,,,N,0,0,0,2,A,-,3,22350,,M,C,C,A,A,H,-,C,A,0,,,,,Y,,-,99,0,0,0,0,0,0,0,0,0,- ,- ,0,0,1800,2,LOS ANGELES,LOS ANGELES,CA,-118.4865023,34.18663406,"VICTORY BLVD & VALJEAN AVE, LOS ANGELES, CA",VICTORY BLVD,VALJEAN AVE,146981,
-118.4859222,34.20835495,30552,8818221,2019,2019-03-20T00:00:00.000Z,1942,2019-02-09T00:00:00.000Z,1530,34216,1018,6,5,7,1942,0,0,0,J,0,10X23,VALJEAN,SATICOY,0,S,N,B,-,N,,0,0,,,0,,,,N,0,0,0,2,A,-,4,21703,,M,C,C,A,A,H,-,A,D,0,,,,,Y,Y,-,99,0,0,0,0,0,0,0,0,0,- ,- ,0,0,1800,2,LOS ANGELES,LOS ANGELES,CA,-118.4859222,34.20835495,"VALJEAN AVE & SATICOY ST, LOS ANGELES, CA",VALJEAN AVE,SATICOY ST,133062,
-118.4487222,34.16486359,30553,8818349,2019,2019-03-22T00:00:00.000Z,1942,2019-02-01T00:00:00.000Z,1750,41514,963,5,5,7,1942,0,0,0,I,0,9A63,VAN NUYS BL,MAGNOLIA BL,0,,Y,A,-,N,,0,0,,,0,,,,N,0,0,0,2,A,-,21,22106,,M,D,C,A,A,H,-,C,A,0,,,,,Y,,-,99,0,0,0,0,0,0,0,0,0,- ,- ,0,0,1800,2,LOS ANGELES,LOS ANGELES,CA,-118.4487222,34.16486359,"VAN NUYS BLVD & MAGNOLIA BLVD, LOS ANGELES, CA",VAN NUYS BLVD,MAGNOLIA BLVD,97806,
-118.4794672,34.20124435,30554,8818355,2019,2019-03-25T00:00:00.000Z,1942,2019-02-14T00:00:00.000Z,1510,41514,1029,4,5,7,1942,0,0,0,J,0,10A39,SHERMAN WY,GLORIA AV,50,W,N,B,-,N,,0,0,,,0,,,,N,4,0,1,3,A,-,4,21703,,F,C,C,A,B,H,-,A,D,0,,,,,Y,,-,99,0,0,1,0,0,0,0,0,0,- ,- ,0,0,1800,2,LOS ANGELES,LOS ANGELES,CA,-118.4794672,34.20124435,"SHERMAN WAY & GLORIA AVE, LOS ANGELES, CA",SHERMAN WAY,GLORIA AVE,129649,
-118.4618122,34.20845413,30555,8818357,2019,2019-03-22T00:00:00.000Z,1942,2019-02-17T00:00:00.000Z,1600,39899,904,7,5,7,1942,0,0,0,I,0,9A41,SATICOY ST,NOBLE AV,0,W,N,B,-,N,,0,0,,,0,,,,N,0,0,0,2,A,-,4,21703,,M,C,C,A,A,H,-,A,D,0,,,,,Y,,-,99,0,0,0,0,0,0,0,0,0,- ,- ,0,0,1800,2,LOS ANGELES,LOS ANGELES,CA,-118.4618122,34.20845413,"SATICOY ST & NOBLE AVE, LOS ANGELES, CA",SATICOY ST,NOBLE AVE,136526,
-118.4405533,34.19391632,30556,8818385,2019,2019-03-22T00:00:00.000Z,1942,2019-02-21T00:00:00.000Z,1635,40165,926,4,5,7,1942,0,0,0,I,0,9A19,VANOWEN ST,HAZELTINE AV,170,W,N,A,-,N,,0,0,,,0,,,,N,0,0,0,2,A,-,3,22350,,M,C,C,A,A,H,-,A,D,0,,,,,Y,,-,99,0,0,0,0,0,0,0,0,0,- ,- ,0,0,1800,2,LOS ANGELES,LOS ANGELES,CA,-118.4405533,34.19391632,"VANOWEN ST & HAZELTINE AVE, LOS ANGELES, CA",VANOWEN ST,HAZELTINE AVE,118769,
-118.4664903,34.00060654,30558,8819568,2019,2019-03-11T00:00:00.000Z,1942,2019-02-11T00:00:00.000Z,1520,42243,1415,1,5,7,1942,0,0,0,N,0,14R13,LINCOLN BL,FLOWER AV,100,S,N,A,-,N,,0,0,,,0,,,,N,0,0,0,2,A,-,21,22106,,M,H,E,A,A,H,-,A,D,0,,,,,Y,,-,99,0,0,0,0,0,0,0,0,0,- ,- ,0,0,1800,2,LOS ANGELES,LOS ANGELES,CA,-118.4664903,34.00060654,"LINCOLN BLVD & FLOWER AVE, LOS ANGELES, CA",LINCOLN BLVD,FLOWER AVE,110887,
-118.4420985,34.13061142,30559,8819576,2019,2019-03-11T00:00:00.000Z,1942,2019-02-12T00:00:00.000Z,1740,30761,807,2,5,7,1942,0,0,0,,0,8A29,BEVERLY GLEN BL,MULHOLLAND DR,20,S,N,A,-,N,,0,0,,,0,,,,N,0,0,0,2,A,-,7,21658,A,M,B,C,A,A,H,-,C,D,0,,,,,Y,,-,99,0,0,0,0,0,0,0,0,0,- ,- ,0,0,1800,2,LOS ANGELES,LOS ANGELES,CA,-118.4420985,34.13061142,"BEVERLY GLEN BLVD & MULHOLLAND DR, LOS ANGELES, CA",BEVERLY GLEN BLVD,MULHOLLAND DR,102043,
-118.3386872,34.09928131,30560,8819653,2019,2019-03-12T00:00:00.000Z,1942,2019-02-13T00:00:00.000Z,1545,37900,645,3,5,7,1942,0,0,0,F,0,6A45,N HIGHLAND AV,SELMA AV,155,S,N,A,-,N,,0,0,,,0,,,,N,0,0,0,2,A,-,3,22350,,M,C,C,A,A,H,-,A,D,0,,,,,Y,,-,99,0,0,0,0,0,0,0,0,0,- ,- ,0,0,1800,2,LOS ANGELES,LOS ANGELES,CA,-118.3386872,34.09928131,"HIGHLAND AVE & SELMA AVE, LOS ANGELES, CA",HIGHLAND AVE,SELMA AVE,104365,
-118.5907237,34.22856522,30561,8820605,2019,2019-03-15T00:00:00.000Z,1942,2019-02-25T00:00:00.000Z,1550,36087,1791,1,5,7,1942,0,0,0,Q,0,17A67,INDEPENDENCE AV,PARTHENIA ST,135,N,N,A,-,N,,0,0,,,0,,,,N,0,0,0,2,A,-,21,22106,,M,C,C,A,A,H,-,A,D,0,,,,,Y,,-,99,0,0,0,0,0,0,0,0,0,- ,- ,0,0,1800,2,LOS ANGELES,LOS ANGELES,CA,-118.5907237,34.22856522,"INDEPENDENCE AVE & PARTHENIA ST, LOS ANGELES, CA",INDEPENDENCE AVE,PARTHENIA ST,137250,
-118.2593921,34.03757477,30562,8821270,2019,2019-04-19T00:00:00.000Z,1942,2019-02-21T00:00:00.000Z,1730,40099,185,4,5,7,1942,0,0,0,A,0,1A85,S MAIN ST,E 12TH ST,0,,Y,A,-,N,,0,0,,,0,,,,Y,4,0,3,2,A,-,12,21453,A,N,D,C,A,A,H,-,A,A,0,,,,,Y,,I,20,0,0,3,0,0,0,0,0,0,- ,- ,0,0,1800,2,LOS ANGELES,LOS ANGELES,CA,-118.2593921,34.03757477,"MAIN ST & 12TH ST, LOS ANGELES, CA",MAIN ST,12TH ST,110584,
-118.3952392,34.14356613,30563,8821420,2019,2019-03-21T00:00:00.000Z,1942,2019-02-24T00:00:00.000Z,1630,42609,,7,5,7,1942,0,0,0,,0,15A39W,VENTURA BL,LAUREL CYN BL,10,E,N,A,-,N,,0,0,,,0,,,,N,0,0,0,2,A,-,1,23152,A,M,B,C,A,A,-,-,A,D,0,,,,,Y,Y,-,,0,0,0,0,0,0,0,0,0,- ,- ,0,0,1800,2,LOS ANGELES,LOS ANGELES,CA,-118.3952392,34.14356613,"VENTURA BLVD & LAUREL CANYON BLVD, LOS ANGELES, CA",VENTURA BLVD,LAUREL CANYON BLVD,126448,
-118.3883074,34.20847321,30564,8821473,2019,2019-03-21T00:00:00.000Z,1942,2019-02-24T00:00:00.000Z,1500,41516,RD168,7,5,7,1942,0,0,0,,0,16A81,SATICOY ST,LANKERSHIM BL,150,W,N,A,-,N,,0,0,,,0,,,,N,0,0,0,2,A,-,8,22107,,M,B,D,A,A,H,-,A,D,0,,,,,Y,,-,99,0,0,0,0,0,0,0,0,0,- ,- ,0,0,1800,2,LOS ANGELES,LOS ANGELES,CA,-118.3883074,34.20847321,"SATICOY ST & LANKERSHIM BLVD, LOS ANGELES, CA",SATICOY ST,LANKERSHIM BLVD,118685,
-118.3564396,34.23410797,30565,8821477,2019,2019-03-21T00:00:00.000Z,1942,2019-02-23T00:00:00.000Z,1540,43382,1678,6,5,7,1942,0,0,0,P,0,16A37,LA TUNA CANYON RD,LEDGE AV,284,E,N,A,-,N,,0,0,,,0,,,,Y,0,0,0,3,A,-,0,22107,C,M,A,C,A,A,H,-,A,D,0,,,,,Y,,-,99,0,0,0,0,0,0,0,0,0,- ,- ,0,0,1800,2,LOS ANGELES,LOS ANGELES,CA,-118.3564396,34.23410797,"LA TUNA CANYON RD & LEDGE AVE, LOS ANGELES, CA",LA TUNA CANYON RD,LEDGE AVE,98252,
-118.3703726,34.23524857,30566,8821505,2019,2019-03-21T00:00:00.000Z,1942,2019-02-11T00:00:00.000Z,1740,40065,1675,1,5,7,1942,0,0,0,P,0,16A77,TUXFORD ST,LA TUNA CANYON RD,500,E,N,A,-,N,,0,0,,,0,,,,N,0,0,0,2,A,-,21,22106,,N,C,E,A,A,H,-,C,D,0,,,,,Y,,-,99,0,0,0,0,0,0,0,0,0,- ,- ,0,0,1800,2,LOS ANGELES,LOS ANGELES,CA,-118.3703726,34.23524857,"TUXFORD ST & LA TUNA CANYON RD, LOS ANGELES, CA",TUXFORD ST,LA TUNA CANYON RD,108850,
-118.369,34.21913528,30567,8821517,2019,2019-03-21T00:00:00.000Z,1942,2019-02-08T00:00:00.000Z,1650,41622,,5,5,7,1942,0,0,0,,0,16X78,SUNLAND,SAN FERNANDO,20,E,N,A,-,N,,0,0,,,0,,,,N,0,0,0,2,A,-,3,22350,,M,C,C,A,A,H,-,C,A,0,,,,,Y,,-,,0,0,0,0,0,0,0,0,0,- ,- ,0,0,1800,2,LOS ANGELES,LOS ANGELES,CA,-118.369,34.21913528,"SUNLAND BLVD & SAN FERNANDO RD, LOS ANGELES, CA",SUNLAND BLVD,SAN FERNANDO RD,101151,
-118.2742721,34.24329758,30568,8821519,2019,2019-03-27T00:00:00.000Z,1942,2019-02-13T00:00:00.000Z,1505,30830,1668,3,5,7,1942,0,0,0,P,0,16A59,TUJUNGA CANYON BL,ALTAGRACIA DR,50,S,N,B,C,N,,0,0,,,0,,,,N,0,0,0,1,A,-,8,22107,,M,E,I,A,B,H,-,A,D,0,,,,,Y,,A,1,0,0,0,0,0,0,0,0,0,- ,- ,0,0,1800,2,LOS ANGELES,LOS ANGELES,CA,-118.2742721,34.24329758,"TUJUNGA CANYON BLVD & ALTA GRACIA DR, LOS ANGELES, CA",TUJUNGA CANYON BLVD,ALTA GRACIA DR,132829,
-118.1726554,34.07337189,30569,8821526,2019,2019-03-22T00:00:00.000Z,1942,2019-02-07T00:00:00.000Z,1710,,438,4,5,7,1942,0,0,0,D,0,438,ALHAMBRA,LOMBARDY BL,100,W,N,A,-,N,,0,0,,,0,,,,N,4,0,1,2,A,-,21,22106,,N,H,C,A,A,H,-,B,D,0,,,,,Y,,A,1,0,0,1,0,0,0,0,0,0,- ,- ,0,0,1800,2,LOS ANGELES,LOS ANGELES,CA,-118.1726554,34.07337189,"ALHAMBRA AVE & LOMBARDY BLVD, LOS ANGELES, CA",ALHAMBRA AVE,LOMBARDY BLVD,121683,
-118.2411821,34.05648422,30570,8821555,2019,2019-03-22T00:00:00.000Z,1942,2019-02-18T00:00:00.000Z,1540,34458,111,1,5,7,1942,0,0,0,A,0,1A1,NORTH SPRING ST,ARCADIA ST,0,,Y,A,-,N,,0,0,,,0,,,,Y,3,0,3,2,A,-,12,21453,A,N,D,C,A,A,H,-,A,A,0,,,,,Y,,A,1,0,1,2,0,0,0,0,0,0,- ,- ,0,0,1800,2,LOS ANGELES,LOS ANGELES,CA,-118.2411821,34.05648422,"N SPRING ST & ARCADIA ST, LOS ANGELES, CA",N SPRING ST,ARCADIA ST,103607,
-118.2644122,34.05941391,30571,8821558,2019,2019-03-25T00:00:00.000Z,1942,2019-02-15T00:00:00.000Z,1630,42040,237,5,5,7,1942,0,0,0,B,0,2A39,W 3RD ST,COLUMBIA AV,0,,Y,C,-,N,,0,0,,,0,,,,N,4,0,1,2,A,-,7,21658,A,N,B,C,A,B,H,-,A,A,0,,,,,Y,Y,-,- ,0,0,1,0,0,0,0,0,0,- ,- ,0,0,1800,2,LOS ANGELES,LOS ANGELES,CA,-118.2644122,34.05941391,"3RD ST & COLUMBIA AVE, LOS ANGELES, CA",3RD ST,COLUMBIA AVE,124586,
-118.271423,34.03536606,30572,8821567,2019,2019-03-22T00:00:00.000Z,1942,2019-02-27T00:00:00.000Z,1615,40099,192,3,5,7,1942,0,0,0,A,0,1A61,S FIGUEROA ST,18TH ST,20,S,N,A,-,N,,0,0,,,0,,,,N,4,0,1,2,A,-,8,22107,,N,D,G,A,A,H,-,A,D,0,,Y,,,Y,,A,1,0,0,1,0,0,0,1,0,0,- ,- ,0,0,1800,2,LOS ANGELES,LOS ANGELES,CA,-118.271423,34.03536606,"FIGUEROA ST & 18TH ST, LOS ANGELES, CA",FIGUEROA ST,18TH ST,121127,
-118.2504117,34.05027771,30573,8821547,2019,2019-03-22T00:00:00.000Z,1942,2019-02-18T00:00:00.000Z,1525,40099,143,1,5,7,1942,0,0,0,A,0,1A41,S HILLS ST,4TH ST,25,N,N,A,-,N,,0,0,,,0,,,,Y,4,0,2,3,A,-,3,22350,,N,C,C,A,A,H,-,A,D,0,,,,,Y,,A,7,0,0,2,0,0,0,0,0,0,- ,- ,0,0,1800,2,LOS ANGELES,LOS ANGELES,CA,-118.2504117,34.05027771,"HILL ST & 4TH ST,, CA",HILL ST,4TH ST,121146,
-118.2717523,34.03484726,30574,8821571,2019,2019-03-22T00:00:00.000Z,1942,2019-02-20T00:00:00.000Z,1545,40275,191,3,5,7,1942,0,0,0,A,0,1A61,FIGUEROA ST,WASHINGTON BL,200,N,N,B,-,N,,0,0,,,0,,,,N,4,0,1,2,A,-,3,22350,,N,C,C,A,A,H,-,A,D,0,,,,,Y,,A,1,0,0,1,0,0,0,0,0,0,- ,- ,0,0,1800,2,LOS ANGELES,LOS ANGELES,CA,-118.2717523,34.03484726,"FIGUEROA ST & WASHINGTON BLVD, LOS ANGELES, CA",FIGUEROA ST,WASHINGTON BLVD,124653,
-118.1947022,34.07671356,30575,8821577,2019,2019-03-25T00:00:00.000Z,1942,2019-02-05T00:00:00.000Z,1740,37952,424,2,5,7,1942,0,0,0,D,0,4A15,N MISSION RD,SUPERIOR CT,50,N,N,A,-,N,,0,0,,,0,,,,N,4,0,2,2,A,-,3,22350,,N,C,C,A,A,H,-,B,D,0,,,,,Y,,A,1,0,0,2,0,0,0,0,0,0,- ,- ,0,0,1800,2,LOS ANGELES,LOS ANGELES,CA,-118.1947022,34.07671356,"MISSION RD & SUPERIOR CT, LOS ANGELES, CA",MISSION RD,SUPERIOR CT,132246,
-118.2753433,34.04684067,30576,8821578,2019,2019-03-25T00:00:00.000Z,1942,2019-02-28T00:00:00.000Z,1742,40099,289,4,5,7,1942,0,0,0,B,0,2A91,W 11TH PL,UNION AV,65,E,N,A,-,N,,0,0,,,0,,,,N,4,0,3,2,A,-,21,22106,,N,C,C,A,A,H,-,C,D,0,,,,,Y,,A,1,0,0,3,0,0,0,0,0,0,- ,- ,0,0,1800,2,LOS ANGELES,LOS ANGELES,CA,-118.2753433,34.04684067,"11TH PL & UNION AVE, LOS ANGELES, CA",11TH PL,UNION AVE,128119,
-118.2822993,34.07971191,30577,8821586,2019,2019-03-25T00:00:00.000Z,1942,2019-02-28T00:00:00.000Z,1520,35230,204,4,5,7,1942,0,0,0,B,0,2A5,BELLEVUE AV,TULAROSA DR,30,W,N,A,-,N,,0,0,,,0,,,,Y,4,0,1,2,A,-,8,22107,,N,D,C,A,A,H,-,A,D,0,,,,,Y,,A,7,0,0,1,0,0,0,0,0,0,- ,- ,0,0,1800,2,LOS ANGELES,LOS ANGELES,CA,-118.2822993,34.07971191,"BELLEVUE AVE & TULAROSA DR, LOS ANGELES, CA",BELLEVUE AVE,TULAROSA DR,146518,
-118.2641721,34.03342438,30578,8821587,2019,2019-03-22T00:00:00.000Z,1942,2019-02-22T00:00:00.000Z,1555,37952,195,5,5,7,1942,0,0,0,A,0,1A85,W 17TH ST,S BROADWAY,0,,Y,A,-,N,,0,0,,,0,,,,N,4,0,1,2,A,-,7,21658,A,N,H,G,A,A,H,-,A,A,0,,Y,,,Y,,L,4,0,0,1,0,0,0,1,0,0,- ,- ,0,0,1800,2,LOS ANGELES,LOS ANGELES,CA,-118.2641721,34.03342438,"17TH ST & BROADWAY, LOS ANGELES, CA",17TH ST,BROADWAY,100194,
-118.2132021,34.07923508,30579,8821593,2019,2019-03-25T00:00:00.000Z,1942,2019-02-01T00:00:00.000Z,1730,32995,413,5,5,7,1942,0,0,0,D,0,4A3,AVE 28,SICHEL ST,0,,Y,A,-,N,,0,0,,,0,,,,Y,4,0,2,2,A,-,12,22450,A,N,D,C,A,A,H,-,C,-,0,,,,,Y,,A,1,0,0,2,0,0,0,0,0,0,- ,- ,0,0,1800,2,LOS ANGELES,LOS ANGELES,CA,-118.2132021,34.07923508,"AVE 28 & SICHEL ST, LOS ANGELES, CA",AVE 28,SICHEL ST,149867,
-118.1931937,34.02433014,30581,8821642,2019,2019-03-21T00:00:00.000Z,1942,2019-02-04T00:00:00.000Z,1710,40099,479,1,5,7,1942,0,0,0,D,0,4A97,WHITTIER BL,CALZONA ST,4,W,N,C,-,N,,0,0,,,0,,,,N,0,0,0,2,A,-,3,22350,,M,C,C,A,B,H,-,C,D,0,,,,,Y,,-,99,0,0,0,0,0,0,0,0,0,- ,- ,0,0,1800,2,LOS ANGELES,LOS ANGELES,CA,-118.1931937,34.02433014,"WHITTIER BLVD & CALZONA ST, LOS ANGELES, CA",WHITTIER BLVD,CALZONA ST,138486,
-118.2956521,34.07903671,30582,8821658,2019,2019-03-21T00:00:00.000Z,1942,2019-02-15T00:00:00.000Z,1630,34458,221,5,5,7,1942,0,0,0,B,0,2A1,ROSEWOOD AV,HELIOTROPE DR,0,,Y,C,-,N,,0,0,,,0,,,,N,0,0,0,2,A,-,9,21800,C,M,D,C,A,B,H,-,A,A,0,,,,,Y,,-,99,0,0,0,0,0,0,0,0,0,- ,- ,0,0,1800,2,LOS ANGELES,LOS ANGELES,CA,-118.2956521,34.07903671,"ROSEWOOD AVE & HELIOTROPE DR, LOS ANGELES, CA",ROSEWOOD AVE,HELIOTROPE DR,118227,
-118.2118322,34.07654953,30584,8821842,2019,2019-04-16T00:00:00.000Z,1942,2019-02-01T00:00:00.000Z,1720,40099,415,5,5,7,1942,0,0,0,D,0,4A15,N GRIFFIN AV,AVENUE 26,2,N,N,A,-,N,,0,0,,,0,,,,Y,3,0,1,2,A,-,6,21755,A,N,B,C,A,A,H,-,C,A,0,,,Y,,Y,,-,- ,0,1,0,0,0,0,0,0,1,- ,- ,0,0,1800,2,LOS ANGELES,LOS ANGELES,CA,-118.2118322,34.07654953,"GRIFFIN AVE & AVE 26, LOS ANGELES, CA",GRIFFIN AVE,AVE 26,128751,
-118.3089521,33.9896965,30585,8822812,2019,2019-03-27T00:00:00.000Z,1942,2019-02-28T00:00:00.000Z,1510,42577,1213,4,5,7,1942,0,0,0,L,0,12Z32,WESTERN,58TH ST,10,S,N,A,-,N,,0,0,,,0,,,,N,4,0,1,2,A,-,3,22350,,N,C,C,A,A,H,-,A,A,0,,,,,Y,,A,1,0,0,1,0,0,0,0,0,0,- ,- ,0,0,1800,2,LOS ANGELES,LOS ANGELES,CA,-118.3089521,33.9896965,"WESTERN AVE & 58TH ST, LOS ANGELES, CA",WESTERN AVE,58TH ST,145217,
-118.3091068,34.00371552,30586,8822835,2019,2019-03-27T00:00:00.000Z,1942,2019-02-28T00:00:00.000Z,1700,42094,395,4,5,7,1942,0,0,0,,0,3A74,VERNON AV,WESTERN AV,50,W,N,A,-,N,,0,0,,,0,,,,Y,0,0,0,2,A,-,9,21804,A,M,B,C,A,A,H,-,A,D,0,,,,,Y,,-,99,0,0,0,0,0,0,0,0,0,- ,- ,0,0,1800,2,LOS ANGELES,LOS ANGELES,CA,-118.3091068,34.00371552,"VERNON AVE & WESTERN AVE, LOS ANGELES, CA",VERNON AVE,WESTERN AVE,106852,
-118.2705521,33.98818588,30587,8823042,2019,2019-04-04T00:00:00.000Z,1942,2019-02-04T00:00:00.000Z,1505,36460,1383,1,5,7,1942,0,0,0,M,0,13A93,S LOS ANGELES ST,SLAUSON AV,375,S,N,B,-,N,,0,0,,,0,,,,N,0,0,0,3,A,-,21,22106,,M,B,C,A,A,H,-,A,D,0,,,,Y,Y,,-,99,0,0,0,0,0,0,0,0,0,- ,- ,0,0,1800,2,LOS ANGELES,LOS ANGELES,CA,-118.2705521,33.98818588,"LOS ANGELES ST & SLAUSON AVE, LOS ANGELES, CA",LOS ANGELES ST,SLAUSON AVE,141713,
-118.195043,34.0159874,30588,8823078,2019,2019-04-04T00:00:00.000Z,1942,2019-02-27T00:00:00.000Z,1715,37209,499,3,5,7,1942,0,0,0,,0,4A6,LOS PALOS,UNION PACIFIC,200,S,N,A,-,N,,0,0,,,0,,,,N,0,0,0,2,A,-,8,22100,A,M,D,C,A,A,H,-,B,D,0,,,,Y,Y,Y,-,99,0,0,0,0,0,0,0,0,0,- ,- ,0,0,1800,2,LOS ANGELES,LOS ANGELES,CA,-118.195043,34.0159874,"LOS PALOS ST & UNION PACIFIC AVE, LOS ANGELES, CA",LOS PALOS ST,UNION PACIFIC AVE,128011,
-118.3605358,34.08605194,30589,8823089,2019,2019-04-04T00:00:00.000Z,1942,2019-02-10T00:00:00.000Z,1600,42424,702,7,5,7,1942,0,0,0,G,0,7A34,N ORANGE GROVE AV,WARING AV,240,N,N,A,-,N,,0,0,,,0,,,,Y,0,0,0,2,C,-,18,0,,M,D,E,A,A,H,-,A,D,0,,,,,Y,,-,- ,0,0,0,0,0,0,0,0,0,- ,- ,0,0,1800,2,LOS ANGELES,LOS ANGELES,CA,-118.3605358,34.08605194,"ORANGE GROVE AVE & WARING AVE, LOS ANGELES, CA",ORANGE GROVE AVE,WARING AVE,139046,
-118.2842245,34.04732895,30590,8823111,2019,2019-04-04T00:00:00.000Z,1942,2019-02-10T00:00:00.000Z,1730,34440,2079,7,5,7,1942,0,0,0,,0,20A34,HOOVER ST,PICO BL,20,N,N,A,-,N,,0,0,,,0,,,,N,0,0,0,4,A,-,3,22350,,M,D,C,A,A,H,-,C,A,0,,,,,Y,,-,99,0,0,0,0,0,0,0,0,0,- ,- ,0,0,1800,2,LOS ANGELES,LOS ANGELES,CA,-118.2842245,34.04732895,"HOOVER ST & PICO BLVD, LOS ANGELES, CA",HOOVER ST,PICO BLVD,114027,
-118.2689068,34.12332916,30591,8823114,2019,2019-04-24T00:00:00.000Z,1942,2019-02-03T00:00:00.000Z,1740,37952,1123,7,5,7,1942,0,0,0,K,0,11A1,LOS FELIZ BL,GLENFELIZ BL,150,W,N,B,-,N,,0,0,,,0,,,,Y,4,0,1,3,A,-,8,22102,,N,D,C,A,B,H,-,B,D,0,,,,,Y,,A,1,0,0,1,0,0,0,0,0,0,- ,- ,0,0,1800,2,LOS ANGELES,LOS ANGELES,CA,-118.2689068,34.12332916,"LOS FELIZ BLVD & GLENFELIZ BLVD, LOS ANGELES, CA",LOS FELIZ BLVD,GLENFELIZ BLVD,149676,
-118.2195234,34.03807831,30592,8823499,2019,2019-03-19T00:00:00.000Z,1942,2019-02-18T00:00:00.000Z,1715,34426,462,1,5,7,1942,0,0,0,D,0,4A71,BOYLE AV,HOLLENBECK DR,90,N,N,A,-,N,,0,0,,,0,,,,Y,4,0,1,1,A,-,3,22350,,N,E,-,A,A,H,-,A,D,0,,,,,Y,,A,7,0,0,1,0,0,0,0,0,0,- ,- ,0,0,1800,2,LOS ANGELES,LOS ANGELES,CA,-118.2195234,34.03807831,"BOYLE AVE & HOLLENBECK DR, LOS ANGELES, CA",BOYLE AVE,HOLLENBECK DR,161155,
-118.2588222,34.0487175,30593,8823507,2019,2019-04-11T00:00:00.000Z,1942,2019-02-25T00:00:00.000Z,1705,40099,162,1,5,7,1942,0,0,0,A,0,1A61,W 7TH ST,FLOWER ST,15,W,N,A,-,N,,0,0,,,0,,,,N,4,0,1,2,A,-,9,21801,A,N,H,G,A,A,H,-,A,A,0,,Y,,,Y,,A,1,0,0,1,0,0,0,1,0,0,- ,- ,0,0,1800,2,LOS ANGELES,LOS ANGELES,CA,-118.2588222,34.0487175,"7TH ST & FLOWER ST, LOS ANGELES, CA",7TH ST,FLOWER ST,124599,
-118.232721,34.04716492,30594,8823521,2019,2019-03-18T00:00:00.000Z,1942,2019-02-16T00:00:00.000Z,1740,37952,139,6,5,7,1942,0,0,0,A,0,1A29, E 2ND ST,SANTA FE AV,30,W,N,A,-,N,,0,0,,,0,,,,N,0,0,0,2,A,-,21,22106,,M,H,C,A,A,H,-,C,D,0,,,,,Y,,-,99,0,0,0,0,0,0,0,0,0,- ,- ,0,0,1800,2,LOS ANGELES,LOS ANGELES,CA,-118.232721,34.04716492,"2ND ST & SANTA FE AVE, LOS ANGELES, CA",2ND ST,SANTA FE AVE,137346,
-118.251041,34.03661346,30595,8823524,2019,2019-03-19T00:00:00.000Z,1942,2019-02-25T00:00:00.000Z,1710,33950,1303,1,5,7,1942,0,0,0,M,0,13A13,E 9TH PL,SAN PEDRO ST,5,E,N,A,-,N,,0,0,,,0,,,,N,3,0,1,2,A,-,5,21650,1,N,H,G,A,A,H,-,A,A,0,,Y,,,Y,,L,4,0,1,0,0,0,0,1,0,0,- ,- ,0,0,1800,2,LOS ANGELES,LOS ANGELES,CA,-118.251041,34.03661346,"9TH PL & SAN PEDRO ST, LOS ANGELES, CA",9TH PL,SAN PEDRO ST,142144,
-118.2665353,34.03372955,30596,8823529,2019,2019-03-19T00:00:00.000Z,1942,2019-02-19T00:00:00.000Z,1620,34458,195,2,5,7,1942,0,0,0,A,0,1A85,18TH ST,OLIVE ST,10,E,N,A,-,N,,0,0,,,0,,,,N,0,0,0,2,A,-,7,21658,A,M,B,C,A,A,H,-,A,C,0,,,,,Y,,-,99,0,0,0,0,0,0,0,0,0,- ,- ,0,0,1800,2,LOS ANGELES,LOS ANGELES,CA,-118.2665353,34.03372955,"18TH ST & OLIVE ST, LOS ANGELES, CA",18TH ST,OLIVE ST,144845,