X,Y,OBJECTID,case_id,accident_year,proc_date,juris,collision_date,collision_time,officer_id,reporting_district,day_of_week,chp_shift,population,cnty_city_loc,special_cond,beat_type,chp_beat_type,city_division_lapd,chp_beat_class,beat_number,primary_rd,secondary_rd,distance,direction,intersection,weather_1,weather_2,state_hwy_ind,caltrans_county,caltrans_district,state_route,route_suffix,postmile_prefix,postmile,location_type,ramp_intersection,side_of_hwy,tow_away,collision_severity,number_killed,number_injured,party_count,primary_coll_factor,pcf_code_of_viol,pcf_viol_category,pcf_violation,pcf_viol_subsection,hit_and_run,type_of_collision,mviw,ped_action,road_surface,road_cond_1,road_cond_2,lighting,control_device,chp_road_type,pedestrian_accident,bicycle_accident,motorcycle_accident,truck_accident,not_private_property,alcohol_involved,stwd_vehtype_at_fault,chp_vehtype_at_fault,count_severe_inj,count_visible_inj,count_complaint_pain,count_ped_killed,count_ped_injured,count_bicyclist_killed,count_bicyclist_injured,count_mc_killed,count_mc_injured,primary_ramp,secondary_ramp,latitude,longitude,timecat,month_,city,county,state,point_x,point_y,match_addr,m_primaryrd,m_secondrd,int_id,Flag
-118.1724221,34.07356644,30597,8823534,2019,2019-03-19T00:00:00.000Z,1942,2019-02-13T00:00:00.000Z,1715,37209,438,3,5,7,1942,0,0,0,D,0,4A6,ALHAMBRA AV,LOMBARDY,0,,N,C,-,N,,0,0,,,0,,,,N,0,0,0,2,A,-,21,22106,,M,D,C,A,B,-,-,C,A,0,,,,,Y,,-,99,0,0,0,0,0,0,0,0,0,- ,- ,0,0,1800,2,LOS ANGELES,LOS ANGELES,CA,-118.1724221,34.07356644,"ALHAMBRA AVE & LOMBARDY BLVD, LOS ANGELES, CA",ALHAMBRA AVE,LOMBARDY BLVD,121683,
-118.2695821,33.98606491,30598,8823536,2019,2019-03-19T00:00:00.000Z,1942,2019-02-24T00:00:00.000Z,1630,34458,1383,7,5,7,1942,0,0,0,M,0,13A85,S SAN PEDRO ST,E 59TH PL,0,,Y,A,-,N,,0,0,,,0,,,,N,3,0,1,2,A,-,0,21760,B,N,H,G,A,A,H,-,A,D,0,,Y,,,Y,,A,7,0,1,0,0,0,0,1,0,0,- ,- ,0,0,1800,2,LOS ANGELES,LOS ANGELES,CA,-118.2695821,33.98606491,"SAN PEDRO ST & 59TH PL, LOS ANGELES, CA",SAN PEDRO ST,59TH PL,148757,
-118.2299421,34.02663422,30599,8823544,2019,2019-03-19T00:00:00.000Z,1942,2019-02-18T00:00:00.000Z,1750,34458,1309,1,5,7,1942,0,0,0,M,0,13A9,S SANTA FE AV,PORTER ST,4,N,N,A,-,N,,0,0,,,0,,,,N,4,0,1,2,A,-,8,22100,A,F,B,C,A,A,H,-,C,D,0,,,,,Y,,-,99,0,0,1,0,0,0,0,0,0,- ,- ,0,0,1800,2,LOS ANGELES,LOS ANGELES,CA,-118.2299421,34.02663422,"SANTA FE AVE & PORTER ST, LOS ANGELES, CA",SANTA FE AVE,PORTER ST,117433,
-118.1676621,34.08720398,30600,8823553,2019,2019-03-18T00:00:00.000Z,1942,2019-02-18T00:00:00.000Z,1520,39508,429,1,5,7,1942,0,0,0,D,0,4A9,LIFUR AV,NAVARRO ST,42,S,N,A,-,N,,0,0,,,0,,,,N,0,0,0,2,A,-,3,22350,,M,D,E,A,A,H,-,A,D,0,,,,,Y,,-,99,0,0,0,0,0,0,0,0,0,- ,- ,0,0,1800,2,LOS ANGELES,LOS ANGELES,CA,-118.1676621,34.08720398,"LIFUR AVE & NAVARRO ST, LOS ANGELES, CA",LIFUR AVE,NAVARRO ST,104378,
-118.2490693,34.05587769,30601,8823562,2019,2019-03-19T00:00:00.000Z,1942,2019-02-25T00:00:00.000Z,1525,34458,132,1,5,7,1942,0,0,0,A,0,1A1,1ST ST,GRAND AV,100,W,N,A,-,N,,0,0,,,0,,,,N,0,0,0,2,A,-,21,22106,,M,C,E,A,A,H,-,A,D,0,,,,,Y,,-,99,0,0,0,0,0,0,0,0,0,- ,- ,0,0,1800,2,LOS ANGELES,LOS ANGELES,CA,-118.2490693,34.05587769,"1ST ST & GRAND AVE (DOWNTOWN), LOS ANGELES, CA",1ST ST,GRAND AVE (DOWNTOWN),145716,
-118.2064721,34.03022385,30602,8823572,2019,2019-03-19T00:00:00.000Z,1942,2019-02-11T00:00:00.000Z,1645,33950,478,1,5,7,1942,0,0,0,D,0,4A97,WHITTIER BL,DACOTAH ST,0,,Y,A,-,N,,0,0,,,0,,,,Y,4,0,3,4,A,-,3,22350,,F,C,C,A,A,H,-,C,D,0,,,,,Y,,-,99,0,0,3,0,0,0,0,0,0,- ,- ,0,0,1800,2,LOS ANGELES,LOS ANGELES,CA,-118.2064721,34.03022385,"WHITTIER BLVD & DACOTAH ST, LOS ANGELES, CA",WHITTIER BLVD,DACOTAH ST,145805,
-118.2077955,34.07373428,30603,8823580,2019,2019-03-19T00:00:00.000Z,1942,2019-02-14T00:00:00.000Z,1520,40099,422,4,5,7,1942,0,0,0,D,0,4A15,N BROADWAY,EASTLAKE AV,2,E,N,A,-,N,,0,0,,,0,,,,N,4,0,2,3,A,-,9,21804,A,N,B,C,A,A,H,-,A,D,0,,,,,Y,,A,1,0,0,2,0,0,0,0,0,0,- ,- ,0,0,1800,2,LOS ANGELES,LOS ANGELES,CA,-118.2077955,34.07373428,"N BROADWAY & EASTLAKE AVE, LOS ANGELES, CA",N BROADWAY,EASTLAKE AVE,111237,
-118.492132,34.25019455,30604,8823591,2019,2019-03-19T00:00:00.000Z,1942,2019-02-27T00:00:00.000Z,1645,33294,1776,3,5,7,1942,0,0,0,Q,0,17A95,LASSEN ST,MONOGRAM AV,6,W,N,B,-,N,,0,0,,,0,,,,Y,3,0,1,2,A,-,7,21658,A,F,H,A,A,A,H,-,A,A,0,,,,,Y,,-,99,0,1,0,0,0,0,0,0,0,- ,- ,0,0,1800,2,LOS ANGELES,LOS ANGELES,CA,-118.492132,34.25019455,"LASSEN ST & MONOGRAM AVE, LOS ANGELES, CA",LASSEN ST,MONOGRAM AVE,150710,
-118.5492617,34.22822571,30605,8823685,2019,2019-03-15T00:00:00.000Z,1942,2019-02-21T00:00:00.000Z,1745,38399,1793,4,5,7,1942,0,0,0,Q,0,19TL74,PARTHENIA ST,VANALDEN AV,15,W,N,B,-,N,,0,0,,,0,,,,N,0,0,0,2,A,-,12,21453,A,M,B,C,A,B,H,-,C,A,0,,,,,Y,,-,99,0,0,0,0,0,0,0,0,0,- ,- ,0,0,1800,2,LOS ANGELES,LOS ANGELES,CA,-118.5492617,34.22822571,"PARTHENIA ST & VANALDEN AVE, LOS ANGELES, CA",PARTHENIA ST,VANALDEN AVE,115336,
-118.6063455,34.24779129,30606,8823702,2019,2019-03-15T00:00:00.000Z,1942,2019-02-14T00:00:00.000Z,1615,36678,1761,4,5,7,1942,0,0,0,Q,0,17A23,TOPANGA CANYON BL,MARILLA ST,35,N,N,B,C,N,,0,0,,,0,,,,N,0,0,0,2,A,-,7,21658,A,M,B,C,A,B,H,-,A,A,0,,,,,Y,,-,99,0,0,0,0,0,0,0,0,0,- ,- ,0,0,1800,2,LOS ANGELES,LOS ANGELES,CA,-118.6063455,34.24779129,"TOPANGA CANYON BLVD & MARILLA ST, LOS ANGELES, CA",TOPANGA CANYON BLVD,MARILLA ST,105603,
-118.2621078,34.01015854,30607,8823707,2019,2019-03-20T00:00:00.000Z,1942,2019-02-22T00:00:00.000Z,1530,34426,1343,5,5,7,1942,0,0,0,M,0,13A43,40TH PL,PALOMA ST,20,W,N,A,-,N,,0,0,,,0,,,,N,4,0,1,2,A,-,3,22350,,N,D,E,A,A,H,-,A,D,0,,,,,Y,,A,1,0,0,1,0,0,0,0,0,0,- ,- ,0,0,1800,2,LOS ANGELES,LOS ANGELES,CA,-118.2621078,34.01015854,"40TH PL & PALOMA ST, LOS ANGELES, CA",40TH PL,PALOMA ST,99806,
-118.4643275,34.2423172,30608,8823830,2019,2019-03-21T00:00:00.000Z,1942,2019-02-28T00:00:00.000Z,1555,30830,,4,5,7,1942,0,0,0,,0,,COLUMBUS AV,PLUMMER ST,160,S,N,A,-,N,,0,0,,,0,,,,Y,4,0,4,2,A,-,21,22106,,N,B,C,A,A,H,-,A,D,0,,,,,Y,,A,8,0,0,4,0,0,0,0,0,0,- ,- ,0,0,1800,2,LOS ANGELES,LOS ANGELES,CA,-118.4643275,34.2423172,"COLUMBUS AVE & PLUMMER ST, LOS ANGELES, CA",COLUMBUS AVE,PLUMMER ST,126133,
-118.4836622,34.18662643,30609,8824323,2019,2019-03-21T00:00:00.000Z,1942,2019-02-20T00:00:00.000Z,1700,38012,1049,3,5,7,1942,0,0,0,J,0,10X94,VICTORY BL,WOODLEY AV,0,,Y,C,-,N,,0,0,,,0,,,,N,4,0,1,3,A,-,9,21801,A,F,D,C,A,B,H,-,A,A,0,,,,,Y,,-,99,0,0,1,0,0,0,0,0,0,- ,- ,0,0,1800,2,LOS ANGELES,LOS ANGELES,CA,-118.4836622,34.18662643,"VICTORY BLVD & WOODLEY AVE, LOS ANGELES, CA",VICTORY BLVD,WOODLEY AVE,122454,
-118.2491731,33.94562149,30610,8824327,2019,2019-03-21T00:00:00.000Z,1942,2019-02-27T00:00:00.000Z,1500,38690,1826,3,5,7,1942,0,0,0,R,0,18A17,CENTURY BL,SUCCESS AV,10,E,N,A,-,N,,0,0,,,0,,,,N,3,0,4,2,A,-,3,22350,,N,C,C,A,A,H,-,A,A,0,,,,,Y,,A,1,0,1,3,0,0,0,0,0,0,- ,- ,0,0,1800,2,LOS ANGELES,LOS ANGELES,CA,-118.2491731,33.94562149,"CENTURY BLVD & SUCCESS AVE, LOS ANGELES, CA",CENTURY BLVD,SUCCESS AVE,110139,
-118.3088663,34.01085663,30611,8824335,2019,2019-03-21T00:00:00.000Z,1942,2019-02-27T00:00:00.000Z,1610,41933,395,3,5,7,1942,0,0,0,C,0,3A99,MARTIN LUTHER KING JR BL,WESTERN AV,20,E,N,A,-,N,,0,0,,,0,,,,N,4,0,2,2,A,-,3,22350,,N,C,C,A,A,H,-,A,A,0,,,,,Y,,A,7,0,0,2,0,0,0,0,0,0,- ,- ,0,0,1800,2,LOS ANGELES,LOS ANGELES,CA,-118.3088663,34.01085663,"MARTIN LUTHER KING JR BLVD & WESTERN AVE, LOS ANGELES, CA",MARTIN LUTHER KING JR BLVD,WESTERN AVE,131232,
-118.3089607,33.98916626,30612,8824352,2019,2019-03-22T00:00:00.000Z,1942,2019-02-28T00:00:00.000Z,1640,42838,1273,4,5,7,1942,0,0,0,L,0,DESK,WESTERN AV,SLAUSON,15,E,N,A,-,N,,0,0,,,0,,,,N,0,0,0,2,A,-,0,20015,,M,C,C,A,A,H,-,A,D,0,,,,,Y,,-,- ,0,0,0,0,0,0,0,0,0,- ,- ,0,0,1800,2,LOS ANGELES,LOS ANGELES,CA,-118.3089607,33.98916626,"WESTERN AVE & SLAUSON AVE, LOS ANGELES, CA",WESTERN AVE,SLAUSON AVE,134534,
-118.2958721,33.994133,30613,8824356,2019,2019-03-22T00:00:00.000Z,1942,2019-02-28T00:00:00.000Z,1645,37724,1215,4,5,7,1942,0,0,0,L,0,12A15,S BUDLONG AV,W 53RD ST,0,,Y,A,-,N,,0,0,,,0,,,,N,0,0,0,2,A,-,0,20015,A,M,D,C,A,A,H,-,A,A,0,,,,,Y,,-,- ,0,0,0,0,0,0,0,0,0,- ,- ,0,0,1800,2,LOS ANGELES,LOS ANGELES,CA,-118.2958721,33.994133,"BUDLONG AVE & 53RD ST, LOS ANGELES, CA",BUDLONG AVE,53RD ST,131390,
-118.3089621,33.99325562,30614,8824359,2019,2019-03-21T00:00:00.000Z,1942,2019-02-14T00:00:00.000Z,1700,42546,1213,4,5,7,1942,0,0,0,L,0,12A73,54TH ST,WESTERN AV,0,,Y,B,G,N,,0,0,,,0,,,,N,4,0,1,2,A,-,10,21950,A,N,G,B,B,A,H,-,A,A,0,Y,,,,Y,,A,1,0,0,1,0,1,0,0,0,0,- ,- ,0,0,1800,2,LOS ANGELES,LOS ANGELES,CA,-118.3089621,33.99325562,"54TH ST & WESTERN AVE, LOS ANGELES, CA",54TH ST,WESTERN AVE,145214,
-118.3002021,34.00283051,30615,8824363,2019,2019-03-21T00:00:00.000Z,1942,2019-02-28T00:00:00.000Z,1710,42180,1204,4,5,7,1942,0,0,0,L,0,12XL7,NORMANDIE AV,45TH ST,13,N,N,A,-,N,,0,0,,,0,,,,N,4,0,1,2,A,-,4,21703,,N,C,C,A,A,H,-,B,A,0,,,,,Y,,A,1,0,0,1,0,0,0,0,0,0,- ,- ,0,0,1800,2,LOS ANGELES,LOS ANGELES,CA,-118.3002021,34.00283051,"NORMANDIE AVE & 45TH ST, LOS ANGELES, CA",NORMANDIE AVE,45TH ST,110321,
-118.376471,34.0718689,30616,8824399,2019,2019-03-21T00:00:00.000Z,1942,2019-02-26T00:00:00.000Z,1615,37235,722,2,5,7,1942,0,0,0,G,0,34T90,LA CIENEGA BL,4TH ST,100,N,N,A,-,N,,0,0,,,0,,,,N,4,0,1,2,A,-,3,22350,,N,C,C,A,A,H,-,A,D,0,,,,,Y,,A,1,0,0,1,0,0,0,0,0,0,- ,- ,0,0,1800,2,LOS ANGELES,LOS ANGELES,CA,-118.376471,34.0718689,"LA CIENEGA BLVD & 4TH ST, LOS ANGELES, CA",LA CIENEGA BLVD,4TH ST,125082,
-118.2644621,33.78875351,30617,8824713,2019,2019-03-26T00:00:00.000Z,1942,2019-02-27T00:00:00.000Z,1730,43331,516,3,5,7,1942,0,0,0,E,0,5A26,M ST,MARINE AV,0,,Y,A,-,N,,0,0,,,0,,,,N,4,0,1,2,A,-,12,22450,A,N,D,C,A,A,H,-,B,D,0,,,,,Y,,-,- ,0,0,1,0,0,0,0,0,0,- ,- ,0,0,1800,2,LOS ANGELES,LOS ANGELES,CA,-118.2644621,33.78875351,"M ST & MARINE AVE, LOS ANGELES, CA",M ST,MARINE AVE,117220,
-118.1813444,34.11460114,30618,8824857,2019,2019-04-02T00:00:00.000Z,1942,2019-02-16T00:00:00.000Z,1515,37952,1129,6,5,7,1942,0,0,0,K,0,11A25,N AVENUE 64,YORK BL,80,N,N,A,-,N,,0,0,,,0,,,,N,0,0,0,2,A,-,3,22350,,M,B,C,A,A,H,-,A,D,0,,,,,Y,,-,99,0,0,0,0,0,0,0,0,0,- ,- ,0,0,1800,2,LOS ANGELES,LOS ANGELES,CA,-118.1813444,34.11460114,"AVE 64 & YORK BLVD, LOS ANGELES, CA",AVE 64,YORK BLVD,100192,
-118.2868922,34.08766556,30619,8825461,2019,2019-04-08T00:00:00.000Z,1942,2019-02-10T00:00:00.000Z,1550,33130,202,7,5,7,1942,0,0,0,B,0,2A1,N VIRGIL AV,BURNS AV,0,,Y,A,-,N,,0,0,,,0,,,,Y,0,0,0,2,A,-,12,22450,A,M,B,C,A,A,H,-,A,D,0,,,,,Y,,A,1,0,0,0,0,0,0,0,0,0,- ,- ,0,0,1800,2,LOS ANGELES,LOS ANGELES,CA,-118.2868922,34.08766556,"VIRGIL AVE & BURNS AVE, LOS ANGELES, CA",VIRGIL AVE,BURNS AVE,135811,
-118.193355,34.1187973,30620,8825481,2019,2019-04-08T00:00:00.000Z,1942,2019-02-20T00:00:00.000Z,1745,34458,1127,3,5,7,1942,0,0,0,K,0,11A25,YORK BL,AVENUE 57,120,E,N,C,-,N,,0,0,,,0,,,,N,0,0,0,2,A,-,4,21703,,M,C,C,A,B,H,-,B,A,0,,,,,Y,,-,99,0,0,0,0,0,0,0,0,0,- ,- ,0,0,1800,2,LOS ANGELES,LOS ANGELES,CA,-118.193355,34.1187973,"YORK BLVD & AVE 57, LOS ANGELES, CA",YORK BLVD,AVE 57,142360,
-118.1895921,34.11533356,30621,8825509,2019,2019-04-08T00:00:00.000Z,1942,2019-02-26T00:00:00.000Z,1511,33130,1138,2,5,7,1942,0,0,0,K,0,11A37,OUTLOOK AV,STOWE TER,0,,Y,A,-,N,,0,0,,,0,,,,N,0,0,0,2,A,-,21,22106,,M,H,E,A,A,H,-,A,D,0,,,,,Y,,-,99,0,0,0,0,0,0,0,0,0,- ,- ,0,0,1800,2,LOS ANGELES,LOS ANGELES,CA,-118.1895921,34.11533356,"OUTLOOK AVE & STOWE TER, LOS ANGELES, CA",OUTLOOK AVE,STOWE TER,142525,
-118.1949821,34.10998535,30622,8825632,2019,2019-03-27T00:00:00.000Z,1942,2019-02-20T00:00:00.000Z,1710,40099,1149,3,5,7,1942,0,0,0,K,0,11A37,N AVENUE 56,MARMION WY,0,,Y,C,-,N,,0,0,,,0,,,,Y,4,0,2,3,A,-,12,21453,A,F,D,F,A,B,H,-,C,A,0,,,,,Y,,A,1,0,0,2,0,0,0,0,0,0,- ,- ,0,0,1800,2,LOS ANGELES,LOS ANGELES,CA,-118.1949821,34.10998535,"AVE 56 & MARMION WAY, LOS ANGELES, CA",AVE 56,MARMION WAY,100232,
-118.2224322,34.0838356,30623,8825648,2019,2019-03-27T00:00:00.000Z,1942,2019-02-18T00:00:00.000Z,1600,37952,1177,1,5,7,1942,0,0,0,K,0,11A89,NORTH FIGUEROA ST,W AVENUE 26,0,,Y,A,-,N,,0,0,,,0,,,,Y,3,0,3,2,A,-,9,21801,A,N,D,C,A,A,H,-,A,A,0,,,,,Y,,A,7,0,1,2,0,0,0,0,0,0,- ,- ,0,0,1800,2,LOS ANGELES,LOS ANGELES,CA,-118.2224322,34.0838356,"FIGUEROA ST & AVE 26, LOS ANGELES, CA",FIGUEROA ST,AVE 26,121948,
-118.2393422,34.02353668,30624,8826413,2019,2019-04-03T00:00:00.000Z,1942,2019-02-07T00:00:00.000Z,1625,43282,1309,4,5,7,1942,0,0,0,M,0,13A43,ALAMEDA AV,15TH ST,0,,Y,A,-,N,,0,0,,,0,,,,N,0,0,0,1,A,-,3,22350,,N,H,I,A,A,H,-,A,A,0,,,,,Y,,-,99,0,0,0,0,0,0,0,0,0,- ,- ,0,0,1800,2,LOS ANGELES,LOS ANGELES,CA,-118.2393422,34.02353668,"ALAMEDA ST & 15TH ST, LOS ANGELES, CA",ALAMEDA ST,15TH ST,117421,
-118.3266521,34.09075546,30625,8826417,2019,2019-04-03T00:00:00.000Z,1942,2019-02-02T00:00:00.000Z,1740,37323,656,6,5,7,1942,0,0,0,,0,6A22,SANTA MONICA BL,VINE ST,0,,Y,A,-,Y,,0,0,,,0,,,,Y,0,0,0,2,A,-,12,21453,A,M,A,C,A,B,H,-,C,A,0,,,,,Y,,A,,0,0,0,0,0,0,0,0,0,- ,- ,0,0,1800,2,LOS ANGELES,LOS ANGELES,CA,-118.3266521,34.09075546,"SANTA MONICA BLVD & VINE ST, LOS ANGELES, CA",SANTA MONICA BLVD,VINE ST,146256,
-118.2600456,34.08546829,30626,8826874,2019,2019-03-27T00:00:00.000Z,1942,2019-02-12T00:00:00.000Z,1745,33950,1172,2,5,7,1942,0,0,0,K,0,11A71,GLENDALE BL,ALLESANDRO ST,25,S,N,A,-,N,,0,0,,,0,,,,N,4,0,2,2,A,-,3,22350,,F,C,C,A,A,H,-,C,A,0,,,,,Y,,-,99,0,0,2,0,0,0,0,0,0,- ,- ,0,0,1800,2,LOS ANGELES,LOS ANGELES,CA,-118.2600456,34.08546829,"GLENDALE BLVD & ALLESANDRO ST, LOS ANGELES, CA",GLENDALE BLVD,ALLESANDRO ST,97296,
-118.5233422,34.25039673,30627,8827020,2019,2019-04-04T00:00:00.000Z,1942,2019-02-25T00:00:00.000Z,1750,40028,1755,1,5,7,1942,0,0,0,Q,0,17A81,LASSEN ST,ZELZAH AV,0,,Y,A,-,N,,0,0,,,0,,,,N,4,0,2,2,A,-,9,21801,A,N,D,C,A,A,H,-,C,A,0,,,,,Y,,-,,0,0,2,0,0,0,0,0,0,- ,- ,0,0,1800,2,LOS ANGELES,LOS ANGELES,CA,-118.5233422,34.25039673,"LASSEN ST & ZELZAH AVE, LOS ANGELES, CA",LASSEN ST,ZELZAH AVE,119669,
-118.3191193,34.0471611,30628,8827539,2019,2019-04-26T00:00:00.000Z,1942,2019-02-16T00:00:00.000Z,1515,35825,765,6,5,7,1942,0,0,0,G,0,7A73,PICO BL,WESTCHESTER PL,72,W,N,A,-,N,,0,0,,,0,,,,Y,3,0,1,2,A,-,9,21801,A,N,B,C,A,A,-,-,A,-,0,,,,,Y,,-,,0,1,0,0,0,0,0,0,0,- ,- ,0,0,1800,2,LOS ANGELES,LOS ANGELES,CA,-118.3191193,34.0471611,"PICO BLVD & WESTCHESTER PL, LOS ANGELES, CA",PICO BLVD,WESTCHESTER PL,99971,
-118.374119,34.052948,30629,8827523,2019,2019-04-10T00:00:00.000Z,1942,2019-02-19T00:00:00.000Z,1500,42750,752,2,5,7,1942,0,0,0,G,0,7A21,LA JOLLA,PICO,5,N,N,A,-,N,,0,0,,,0,,,,N,4,0,1,2,A,-,10,21950,A,N,G,B,B,A,H,-,A,D,0,Y,,,,Y,,A,1,0,0,1,0,0,0,0,0,0,- ,- ,0,0,1800,2,LOS ANGELES,LOS ANGELES,CA,-118.374119,34.052948,"LA JOLLA AVE & PICO BLVD,, CA",LA JOLLA AVE,PICO BLVD,99890,
-118.3440821,34.08707428,30630,8827590,2019,2019-04-08T00:00:00.000Z,1942,2019-02-24T00:00:00.000Z,1655,40245,663,7,5,7,1942,0,0,0,F,0,6XL56,WILLOUGHBY AV,LA BREA AV,0,,Y,A,-,N,,0,0,,,0,,,,N,2,0,2,2,A,-,9,21804,A,N,D,D,A,A,H,-,B,A,0,,,Y,,Y,,C,3,1,1,0,0,0,0,0,0,2,- ,- ,0,0,1800,2,LOS ANGELES,LOS ANGELES,CA,-118.3440821,34.08707428,"WILLOUGHBY AVE & LA BREA AVE, LOS ANGELES, CA",WILLOUGHBY AVE,LA BREA AVE,96828,
-118.3534321,34.06052399,30631,8827593,2019,2019-04-08T00:00:00.000Z,1942,2019-02-11T00:00:00.000Z,1620,43389,743,1,5,7,1942,0,0,0,G,0,7A69,8TH ST,MASSELIN AV,0,,Y,A,-,N,,0,0,,,0,,,,Y,4,0,2,2,A,-,9,21802,A,N,F,C,A,A,H,-,A,A,0,,,,,Y,,A,1,0,0,2,0,0,0,0,0,0,- ,- ,0,0,1800,2,LOS ANGELES,LOS ANGELES,CA,-118.3534321,34.06052399,"8TH ST & MASSELIN AVE, LOS ANGELES, CA",8TH ST,MASSELIN AVE,99854,
-118.3634521,34.06313324,30632,8827597,2019,2019-04-26T00:00:00.000Z,1942,2019-02-05T00:00:00.000Z,1720,40849,WIL,2,5,7,1942,0,0,0,,0,7A64,WILSHIRE BL,SAN DIEGO WY,0,,Y,A,-,N,,0,0,,,0,,,,Y,4,0,1,2,A,-,9,21801,A,N,D,C,A,A,H,-,A,D,0,,,,,Y,,A,1,0,0,1,0,0,0,0,0,0,- ,- ,0,0,1800,2,LOS ANGELES,LOS ANGELES,CA,-118.3634521,34.06313324,"WILSHIRE BLVD & SAN DIEGO WAY, LOS ANGELES, CA",WILSHIRE BLVD,SAN DIEGO WAY,144281,
-118.3837599,34.07494736,30633,8827637,2019,2019-04-08T00:00:00.000Z,1942,2019-02-05T00:00:00.000Z,1620,43372,721,2,5,7,1942,0,0,0,G,0,7A21,ROBERTSON BL,ALDEN DR,120,S,N,A,-,N,,0,0,,,0,,,,Y,3,0,1,2,A,-,4,21703,,N,C,C,A,B,H,-,A,A,0,,,,,Y,,A,1,0,1,0,0,0,0,0,0,0,- ,- ,0,0,1800,2,LOS ANGELES,LOS ANGELES,CA,-118.3837599,34.07494736,"ROBERTSON BLVD & ALDEN DR, LOS ANGELES, CA",ROBERTSON BLVD,ALDEN DR,117978,
-118.2153074,34.06596756,30634,8829488,2019,2019-04-05T00:00:00.000Z,1942,2019-02-28T00:00:00.000Z,1515,40275,421,4,5,7,1942,0,0,0,D,0,4A15,MAIN ST,N DALY ST,50,E,N,A,-,N,,0,0,,,0,,,,N,0,0,0,2,A,-,8,22107,,N,C,C,A,A,H,-,A,D,0,,,,,Y,,A,1,0,0,0,0,0,0,0,0,0,- ,- ,0,0,1800,2,LOS ANGELES,LOS ANGELES,CA,-118.2153074,34.06596756,"N MAIN ST & DALY ST, LOS ANGELES, CA",N MAIN ST,DALY ST,125347,
-118.2729553,34.06256485,30635,8829496,2019,2019-04-12T00:00:00.000Z,1942,2019-02-22T00:00:00.000Z,1700,37952,235,5,5,7,1942,0,0,0,B,0,2A17,S ALVARADO ST,3RD ST,160,S,N,A,-,N,,0,0,,,0,,,,N,4,0,1,2,A,-,4,21703,,N,C,C,A,A,H,-,A,D,0,,,,,Y,,I,11,0,0,1,0,0,0,0,0,0,- ,- ,0,0,1800,2,LOS ANGELES,LOS ANGELES,CA,-118.2729553,34.06256485,"ALVARADO ST & 3RD ST, LOS ANGELES, CA",ALVARADO ST,3RD ST,132160,
-118.3352386,33.98895645,30636,8829613,2019,2019-04-18T00:00:00.000Z,1942,2019-02-20T00:00:00.000Z,1510,42577,1232,3,5,7,1942,0,0,0,L,0,12X32,SLAUSON,WEST,5,W,N,A,-,N,,0,0,,,0,,,,N,4,0,2,2,A,-,3,22350,,N,C,C,A,A,H,-,A,A,0,,,,,Y,,A,1,0,0,2,0,0,0,0,0,0,- ,- ,0,0,1800,2,LOS ANGELES,LOS ANGELES,CA,-118.3352386,33.98895645,"SLAUSON AVE & WEST BLVD,, CA",SLAUSON AVE,WEST BLVD,134540,
-118.2738659,34.03153992,30637,8829643,2019,2019-04-16T00:00:00.000Z,1942,2019-02-21T00:00:00.000Z,1550,40099,1321,4,5,7,1942,0,0,0,M,0,13A13,S FIGUEROA ST,22ND ST,15,S,N,A,-,N,,0,0,,,0,,,,N,0,0,0,2,A,-,7,21658,A,M,B,C,A,A,H,-,A,D,0,,,,,Y,,-,99,0,0,0,0,0,0,0,0,0,- ,- ,0,0,1800,2,LOS ANGELES,LOS ANGELES,CA,-118.2738659,34.03153992,"FIGUEROA ST & 22ND ST, LOS ANGELES, CA",FIGUEROA ST,22ND ST,135062,
-118.2720321,34.10758972,30638,8829651,2019,2019-04-16T00:00:00.000Z,1942,2019-02-01T00:00:00.000Z,1650,43410,1144,5,5,7,1942,0,0,0,K,0,11X74,HYPERION AV,MONON ST,120,S,N,A,-,N,,0,0,,,0,,,,N,0,0,0,2,A,-,21,22106,,N,B,C,A,A,H,-,A,D,0,,,,,Y,,A,1,0,0,0,0,0,0,0,0,0,- ,- ,0,0,1800,2,LOS ANGELES,LOS ANGELES,CA,-118.2720321,34.10758972,"HYPERION AVE & MONON ST, LOS ANGELES, CA",HYPERION AVE,MONON ST,146109,
-118.2148978,34.10555649,30639,8829663,2019,2019-04-16T00:00:00.000Z,1942,2019-02-19T00:00:00.000Z,1500,41111,11,2,5,7,1942,0,0,0,K,0,11A37,SAN RAFAEL AV,GLENALBYN DR,95,N,N,A,-,N,,0,0,,,0,,,,N,0,0,0,2,A,-,6,21750,A,N,B,E,A,A,H,-,A,D,0,,,,,Y,,D,22,0,0,0,0,0,0,0,0,0,- ,- ,0,0,1800,2,LOS ANGELES,LOS ANGELES,CA,-118.2148978,34.10555649,"SAN RAFAEL AVE & GLENALBYN DR, LOS ANGELES, CA",SAN RAFAEL AVE,GLENALBYN DR,96748,
-118.4054272,34.17212296,30640,8830104,2019,2019-04-26T00:00:00.000Z,1942,2019-02-27T00:00:00.000Z,1700,43215,15A43,3,5,7,1942,0,0,0,O,0,15A39,BURBANK BL,WHITSETT AV,50,W,N,A,-,N,,0,0,,,0,,,,Y,3,0,10,6,A,-,3,22350,,N,B,D,A,A,H,-,B,A,0,,,,,Y,,A,1,0,1,9,0,0,0,0,0,0,- ,- ,0,0,1800,2,LOS ANGELES,LOS ANGELES,CA,-118.4054272,34.17212296,"BURBANK BLVD & WHITSETT AVE, LOS ANGELES, CA",BURBANK BLVD,WHITSETT AVE,118523,