X,Y,OBJECTID,case_id,accident_year,proc_date,juris,collision_date,collision_time,officer_id,reporting_district,day_of_week,chp_shift,population,cnty_city_loc,special_cond,beat_type,chp_beat_type,city_division_lapd,chp_beat_class,beat_number,primary_rd,secondary_rd,distance,direction,intersection,weather_1,weather_2,state_hwy_ind,caltrans_county,caltrans_district,state_route,route_suffix,postmile_prefix,postmile,location_type,ramp_intersection,side_of_hwy,tow_away,collision_severity,number_killed,number_injured,party_count,primary_coll_factor,pcf_code_of_viol,pcf_viol_category,pcf_violation,pcf_viol_subsection,hit_and_run,type_of_collision,mviw,ped_action,road_surface,road_cond_1,road_cond_2,lighting,control_device,chp_road_type,pedestrian_accident,bicycle_accident,motorcycle_accident,truck_accident,not_private_property,alcohol_involved,stwd_vehtype_at_fault,chp_vehtype_at_fault,count_severe_inj,count_visible_inj,count_complaint_pain,count_ped_killed,count_ped_injured,count_bicyclist_killed,count_bicyclist_injured,count_mc_killed,count_mc_injured,primary_ramp,secondary_ramp,latitude,longitude,timecat,month_,city,county,state,point_x,point_y,match_addr,m_primaryrd,m_secondrd,int_id,Flag
-118.3003922,34.06175613,30686,8835311,2019,2019-04-15T00:00:00.000Z,1942,2019-02-19T00:00:00.000Z,1715,43330,2024,2,5,7,1942,0,0,0,,0,20A1,W WILSHIRE BL,NORMANDIE AV,0,W,-,A,G,N,,0,0,,,0,,,,N,4,0,1,1,A,-,9,21801,A,N,E,I,A,A,H,-,A,A,0,,,,,Y,,D,22,0,0,1,0,0,0,0,0,0,- ,- ,0,0,1800,2,LOS ANGELES,LOS ANGELES,CA,-118.3003922,34.06175613,"WILSHIRE BLVD & NORMANDIE AVE, LOS ANGELES, CA",WILSHIRE BLVD,NORMANDIE AVE,147797,
-118.4377321,34.03998566,30687,8835336,2019,2019-04-19T00:00:00.000Z,1942,2019-02-08T00:00:00.000Z,1505,36940,883,5,5,7,1942,0,0,0,H,0,8A35,S SEPULVEDA BL,OLYMPIC BL,100,S,N,A,-,N,,0,0,,,0,,,,Y,3,0,1,3,A,-,5,21651,A,N,A,C,A,A,H,-,A,D,0,,,,,Y,,E,22,0,1,0,0,0,0,0,0,0,- ,- ,0,0,1800,2,LOS ANGELES,LOS ANGELES,CA,-118.4377321,34.03998566,"SEPULVEDA BLVD & OLYMPIC BLVD, LOS ANGELES, CA",SEPULVEDA BLVD,OLYMPIC BLVD,149877,
-118.2016421,34.04408646,30689,8835374,2019,2019-04-08T00:00:00.000Z,1942,2019-02-19T00:00:00.000Z,1550,39889,466,2,5,7,1942,0,0,0,D,0,4A53,E CESAR E CHAVEZ AV,N SAVANNAH ST,0,,Y,A,-,N,,0,0,,,0,,,,N,0,0,0,2,A,-,9,21802,A,M,D,C,A,A,H,-,A,A,0,,,,,Y,,-,99,0,0,0,0,0,0,0,0,0,- ,- ,0,0,1800,2,LOS ANGELES,LOS ANGELES,CA,-118.2016421,34.04408646,"CESAR E CHAVEZ AVE & SAVANNAH ST, LOS ANGELES, CA",CESAR E CHAVEZ AVE,SAVANNAH ST,107064,
-118.2714903,34.0648613,30690,8835386,2019,2019-04-08T00:00:00.000Z,1942,2019-02-27T00:00:00.000Z,1710,41876,236,3,5,7,1942,0,0,0,B,0,2A38,ALVARADO ST,VALLEY ST,20,N,N,A,-,N,,0,0,,,0,,,,N,0,0,0,2,A,-,4,21703,,M,C,C,A,A,H,-,A,D,0,,,,,Y,,-,99,0,0,0,0,0,0,0,0,0,- ,- ,0,0,1800,2,LOS ANGELES,LOS ANGELES,CA,-118.2714903,34.0648613,"ALVARADO ST & VALLEY ST, LOS ANGELES, CA",ALVARADO ST,VALLEY ST,149768,
-118.2939022,34.09085465,30691,8835390,2019,2019-04-24T00:00:00.000Z,1942,2019-02-12T00:00:00.000Z,1730,41669,201,2,5,7,1942,0,0,0,B,0,2A1,SANTA MONICA,BERENDO,0,,Y,A,-,N,,0,0,,,0,,,,N,0,0,0,2,A,-,8,22107,,M,B,C,A,A,H,-,B,D,0,,,,,Y,,-,99,0,0,0,0,0,0,0,0,0,- ,- ,0,0,1800,2,LOS ANGELES,LOS ANGELES,CA,-118.2939022,34.09085464,"SANTA MONICA BLVD & BERENDO ST,, CA",SANTA MONICA BLVD,BERENDO ST,139168,
-118.2560757,34.07620239,30692,8835398,2019,2019-04-08T00:00:00.000Z,1942,2019-02-22T00:00:00.000Z,1700,40193,218,5,5,7,1942,0,0,0,B,0,2A17,SUNSET BL,LA VETA TER,60,E,N,A,-,N,,0,0,,,0,,,,N,0,0,0,2,A,-,8,22107,,M,B,E,A,A,H,-,C,D,0,,,,,Y,,-,99,0,0,0,0,0,0,0,0,0,- ,- ,0,0,1800,2,LOS ANGELES,LOS ANGELES,CA,-118.2560757,34.07620239,"SUNSET BLVD & LAVETA TER, LOS ANGELES, CA",SUNSET BLVD,LAVETA TER,107564,
-118.3031421,34.05260468,30693,8835418,2019,2019-04-08T00:00:00.000Z,1942,2019-02-14T00:00:00.000Z,1635,43367,2054,4,5,7,1942,0,0,0,,0,20A33,OLYMPIC BL,KINGSLEY DR,5,N,N,B,-,N,,0,0,,,0,,,,N,0,0,0,2,A,-,9,21802,A,M,D,D,A,A,H,-,A,D,0,,,,,Y,,-,99,0,0,0,0,0,0,0,0,0,- ,- ,0,0,1800,2,LOS ANGELES,LOS ANGELES,CA,-118.3031421,34.05260468,"OLYMPIC BLVD & KINGSLEY DR, LOS ANGELES, CA",OLYMPIC BLVD,KINGSLEY DR,121105,
-118.4824422,34.11018372,30694,8835469,2019,2019-04-09T00:00:00.000Z,1942,2019-02-27T00:00:00.000Z,1520,42655,804,3,5,7,1942,0,0,0,,0,8A36,SEPULVEDA BL,BEL AIR CREST RD,0,,Y,A,-,N,,0,0,,,0,,,,Y,0,0,0,1,A,-,3,22350,,N,E,I,A,A,H,-,A,A,0,,,,,Y,,A,1,0,0,0,0,0,0,0,0,0,- ,- ,0,0,1800,2,LOS ANGELES,LOS ANGELES,CA,-118.4824422,34.11018372,"SEPULVEDA BLVD & BEL AIR CREST RD N, LOS ANGELES, CA",SEPULVEDA BLVD,BEL AIR CREST RD N,123761,
-118.3128321,34.06351471,30695,8836091,2019,2019-04-11T00:00:00.000Z,1942,2019-02-26T00:00:00.000Z,1535,37740,2022,2,5,7,1942,0,0,0,,0,20A1,GRAMERCY PL,6TH ST,0,,Y,A,-,N,,0,0,,,0,,,,N,4,0,2,2,A,-,3,22350,,N,-,C,A,A,H,-,A,D,0,,,,,Y,,A,7,0,0,2,0,0,0,0,0,0,- ,- ,0,0,1800,2,LOS ANGELES,LOS ANGELES,CA,-118.3128321,34.06351471,"GRAMERCY PL & 6TH ST, LOS ANGELES, CA",GRAMERCY PL,6TH ST,125385,
-118.3177721,34.06349564,30696,8836099,2019,2019-04-11T00:00:00.000Z,1942,2019-02-22T00:00:00.000Z,1630,42814,2021,5,5,7,1942,0,0,0,,0,7A17,6TH ST,BRONSON AV,0,,Y,A,-,N,,0,0,,,0,,,,Y,4,0,2,2,A,-,9,21802,A,N,D,C,A,A,H,-,A,A,0,,,,,Y,,A,1,0,0,2,0,0,0,0,0,0,- ,- ,0,0,1800,2,LOS ANGELES,LOS ANGELES,CA,-118.3177721,34.06349564,"6TH ST & BRONSON AVE, LOS ANGELES, CA",6TH ST,BRONSON AVE,118280,
-118.2890922,34.05240631,30697,8836103,2019,2019-04-11T00:00:00.000Z,1942,2019-02-26T00:00:00.000Z,1745,37700,2069,2,5,7,1942,0,0,0,,0,20A69,W OLYMPIC BL,S WESTMORELAND AV,0,,Y,A,-,N,,0,0,,,0,,,,Y,4,0,2,2,A,-,9,21801,A,N,D,C,A,A,H,-,C,A,0,,,,,Y,,A,1,0,0,2,0,0,0,0,0,0,- ,- ,0,0,1800,2,LOS ANGELES,LOS ANGELES,CA,-118.2890922,34.05240631,"OLYMPIC BLVD & WESTMORELAND AVE, LOS ANGELES, CA",OLYMPIC BLVD,WESTMORELAND AVE,124555,
-118.3003754,34.04000473,30698,8836107,2019,2019-04-11T00:00:00.000Z,1942,2019-02-25T00:00:00.000Z,1540,31465,2093,1,5,7,1942,0,0,0,,0,20A71,NORMANDIE AV,WASHINGTON AV,15,N,N,A,-,N,,0,0,,,0,,,,N,3,0,1,2,A,-,3,22350,,N,B,G,A,A,A,-,A,A,0,,Y,,,Y,,L,4,0,1,0,0,0,0,1,0,0,- ,- ,0,0,1800,2,LOS ANGELES,LOS ANGELES,CA,-118.3003754,34.04000473,"NORMANDIE AVE & WASHINGTON BLVD, LOS ANGELES, CA",NORMANDIE AVE,WASHINGTON BLVD,128090,
-118.4273522,34.06763458,30700,8836125,2019,2019-04-15T00:00:00.000Z,1942,2019-02-28T00:00:00.000Z,1547,38242,829,4,5,7,1942,0,0,0,H,0,8A52W4,WILSHIRE BL,DEVON AV,0,,Y,A,-,N,,0,0,,,0,,,,Y,4,0,2,2,A,-,5,21460,,N,D,C,A,A,H,-,A,D,0,,,,,Y,,A,1,0,0,2,0,0,0,0,0,0,- ,- ,0,0,1800,2,LOS ANGELES,LOS ANGELES,CA,-118.4273522,34.06763458,"WILSHIRE BLVD & DEVON AVE, LOS ANGELES, CA",WILSHIRE BLVD,DEVON AVE,135329,
-118.4190621,34.05647659,30701,8836129,2019,2019-04-15T00:00:00.000Z,1942,2019-02-06T00:00:00.000Z,1503,41179,839,3,5,7,1942,0,0,0,H,0,8A95,CENTURY PARK WEST,CONSTELLATION BL,0,,Y,A,-,N,,0,0,,,0,,,,Y,3,0,2,2,A,-,9,21801,A,N,A,C,A,A,H,-,A,A,0,,,,,Y,,A,1,0,1,1,0,0,0,0,0,0,- ,- ,0,0,1800,2,LOS ANGELES,LOS ANGELES,CA,-118.4190621,34.05647659,"CENTURY PARK W & CONSTELLATION BLVD, LOS ANGELES, CA",CENTURY PARK W,CONSTELLATION BLVD,135594,
-118.3089044,34.0616951,30702,8836134,2019,2019-04-12T00:00:00.000Z,1942,2019-02-17T00:00:00.000Z,1625,31465,2031,7,5,7,1942,0,0,0,,0,20A53,WILSHIRE BL,WESTERN AV,60,E,N,B,-,N,,0,0,,,0,,,,N,4,0,1,2,A,-,3,22350,,N,C,C,A,B,H,-,A,A,0,,,,,Y,,A,1,0,0,1,0,0,0,0,0,0,- ,- ,0,0,1800,2,LOS ANGELES,LOS ANGELES,CA,-118.3089044,34.0616951,"WILSHIRE BLVD & WESTERN AVE, LOS ANGELES, CA",WILSHIRE BLVD,WESTERN AVE,140747,
-118.3331873,34.03604889,30703,8836137,2019,2019-04-15T00:00:00.000Z,1942,2019-02-05T00:00:00.000Z,1515,35273,787,2,5,7,1942,0,0,0,G,0,7A85,CRENSHAW BL,23RD ST,287,S,N,A,-,N,,0,0,,,0,,,,N,4,0,1,2,A,-,4,21703,,N,C,C,A,A,H,-,A,D,0,,,,,Y,,A,1,0,0,1,0,0,0,0,0,0,- ,- ,0,0,1800,2,LOS ANGELES,LOS ANGELES,CA,-118.3331873,34.03604889,"CRENSHAW BLVD & 23RD ST, LOS ANGELES, CA",CRENSHAW BLVD,23RD ST,138539,
-118.2266207,34.05269241,30704,8836140,2019,2019-04-11T00:00:00.000Z,1942,2019-02-22T00:00:00.000Z,1610,34426,,5,5,7,1942,0,0,0,,0,,MISSION RD,ALISO ST,110,N,N,A,-,N,,0,0,,,0,,,,Y,4,0,1,2,A,-,9,21801,A,N,D,C,A,A,H,-,A,A,0,,,,,Y,,A,1,0,0,1,0,0,0,0,0,0,- ,- ,0,0,1800,2,LOS ANGELES,LOS ANGELES,CA,-118.2266207,34.05269241,"MISSION RD & ALISO ST, LOS ANGELES, CA",MISSION RD,ALISO ST,135068,
-118.3460521,34.04417419,30705,8836141,2019,2019-04-15T00:00:00.000Z,1942,2019-02-06T00:00:00.000Z,1500,31465,774,3,5,7,1942,0,0,0,G,0,7A85,LA BREA AV,SAINT ELMO DR,0,,Y,A,-,N,,0,0,,,0,,,,Y,4,0,2,2,A,-,9,21801,A,N,D,C,A,A,H,-,A,D,0,,,,,Y,,A,1,0,0,2,0,0,0,0,0,0,- ,- ,0,0,1800,2,LOS ANGELES,LOS ANGELES,CA,-118.3460521,34.04417419,"LA BREA AVE & ST ELMO DR, LOS ANGELES, CA",LA BREA AVE,ST ELMO DR,142057,
-118.3294821,34.06196594,30706,8836149,2019,2019-04-15T00:00:00.000Z,1942,2019-02-07T00:00:00.000Z,1635,31465,749,4,5,7,1942,0,0,0,G,0,7A47,WILSHIRE BL,MUIRFIELD RD,0,,Y,A,-,N,,0,0,,,0,,,,Y,4,0,3,2,A,-,9,21801,A,N,D,C,A,A,H,-,A,D,0,,,,,Y,,A,1,0,0,3,0,0,0,0,0,0,- ,- ,0,0,1800,2,LOS ANGELES,LOS ANGELES,CA,-118.3294821,34.06196594,"WILSHIRE BLVD & MUIRFIELD RD, LOS ANGELES, CA",WILSHIRE BLVD,MUIRFIELD RD,116132,
-118.4095412,34.17212677,30707,8836992,2019,2019-04-16T00:00:00.000Z,1942,2019-02-27T00:00:00.000Z,1723,42195,1531,3,5,7,1942,0,0,0,O,0,15A28,BURBANK BL,BELLAIRE AV,30,W,N,B,-,N,,0,0,,,0,,,,Y,4,0,1,2,A,-,4,21703,,N,C,C,A,A,H,-,B,A,0,,,,,Y,,A,7,0,0,1,0,0,0,0,0,0,- ,- ,0,0,1800,2,LOS ANGELES,LOS ANGELES,CA,-118.4095412,34.17212677,"BURBANK BLVD & BELLAIRE AVE, LOS ANGELES, CA",BURBANK BLVD,BELLAIRE AVE,143126,
-118.2942116,34.11064529,30708,8837073,2019,2019-04-19T00:00:00.000Z,1942,2019-02-04T00:00:00.000Z,1750,39459,1162,1,5,7,1942,0,0,0,K,0,11A62,LOS FELIZ BL,BERENDO ST,50,E,N,C,-,N,,0,0,,,0,,,,N,4,0,1,3,A,-,4,21703,,N,C,-,A,B,-,-,C,D,0,,,,,Y,,A,1,0,0,1,0,0,0,0,0,0,- ,- ,0,0,1800,2,LOS ANGELES,LOS ANGELES,CA,-118.2942116,34.11064529,"LOS FELIZ BLVD & BERENDO ST, LOS ANGELES, CA",LOS FELIZ BLVD,BERENDO ST,128917,
-118.3090221,34.04174423,30709,8837375,2019,2019-05-20T00:00:00.000Z,1942,2019-02-24T00:00:00.000Z,1635,43461,2081,7,5,7,1942,0,0,0,,0,20A13,WESTERN AV,18TH ST,0,,Y,A,-,N,,0,0,,,0,,,,N,3,0,1,2,A,-,10,21950,A,N,G,B,B,A,H,-,A,A,0,Y,,,,Y,,A,1,0,1,0,0,1,0,0,0,0,- ,- ,0,0,1800,2,LOS ANGELES,LOS ANGELES,CA,-118.3090221,34.04174423,"WESTERN AVE & 18TH ST, LOS ANGELES, CA",WESTERN AVE,18TH ST,103449,
-118.3492625,34.09800339,30710,8838615,2019,2019-04-10T00:00:00.000Z,1942,2019-02-17T00:00:00.000Z,1630,42958,644,7,5,7,1942,0,0,0,F,0,6A46,SUNSET BL,FULLER AV,100,E,N,A,-,N,,0,0,,,0,,,,N,3,0,1,2,C,-,18,0,,N,B,E,A,A,H,-,A,D,0,,,Y,,Y,,-,- ,0,1,0,0,0,0,0,0,1,- ,- ,0,0,1800,2,LOS ANGELES,LOS ANGELES,CA,-118.3492625,34.09800339,"SUNSET BLVD & FULLER AVE, LOS ANGELES, CA",SUNSET BLVD,FULLER AVE,100647,
-118.3702344,33.94538498,30711,8838726,2019,2019-04-11T00:00:00.000Z,1942,2019-02-18T00:00:00.000Z,1545,40452,1499,1,5,7,1942,0,0,0,N,0,14A67,CENTURY BL,LA CIENEGA BL,25,W,N,A,-,N,,0,0,,,0,,,,N,4,0,2,2,A,-,9,21453,B,N,B,C,A,A,H,-,A,A,0,,,,,Y,,A,1,0,0,2,0,0,0,0,0,0,- ,- ,0,0,1800,2,LOS ANGELES,LOS ANGELES,CA,-118.3702344,33.94538498,"CENTURY BLVD & LA CIENEGA BLVD, LOS ANGELES, CA",CENTURY BLVD,LA CIENEGA BLVD,117005,
-118.3468416,34.09797669,30712,8838778,2019,2019-04-11T00:00:00.000Z,1942,2019-02-18T00:00:00.000Z,1540,38262,643,1,5,7,1942,0,0,0,,0,6A45,SUNSET BL,FORMOSA AV,15,W,N,B,-,N,,0,0,,,0,,,,Y,3,0,2,2,A,-,7,21658,A,N,B,C,A,A,H,-,A,D,0,,,,,Y,,A,1,0,1,1,0,0,0,0,0,0,- ,- ,0,0,1800,2,LOS ANGELES,LOS ANGELES,CA,-118.3468416,34.09797668,"SUNSET BLVD & FORMOSA AVE, LOS ANGELES, CA",SUNSET BLVD,FORMOSA AVE,97179,
-118.2711337,33.98514938,30713,8839247,2019,2019-04-30T00:00:00.000Z,1942,2019-02-02T00:00:00.000Z,1654,38264,1383,6,5,7,1942,0,0,0,M,0,0W5,60TH ST,WALL ST,200,E,N,D,-,N,,0,0,,,0,,,,Y,0,0,0,3,A,-,3,22350,,M,B,E,A,B,H,-,A,D,0,,,,,Y,,-,- ,0,0,0,0,0,0,0,0,0,- ,- ,0,0,1800,2,LOS ANGELES,LOS ANGELES,CA,-118.2711337,33.98514938,"60TH ST & WALL ST, LOS ANGELES, CA",60TH ST,WALL ST,127695,
-118.311833,34.06895447,30714,8839259,2019,2019-04-19T00:00:00.000Z,1942,2019-02-22T00:00:00.000Z,1530,42834,2011,5,5,7,1942,0,0,0,,0,20A1,3RD ST,SAINT ANDREWS PL,67,W,N,A,-,N,,0,0,,,0,,,,Y,3,0,2,5,A,-,3,22350,,N,C,C,A,A,H,-,A,D,0,,,,,Y,,D,22,0,1,1,0,0,0,0,0,0,- ,- ,0,0,1800,2,LOS ANGELES,LOS ANGELES,CA,-118.311833,34.06895447,"3RD ST & ST ANDREWS PL, LOS ANGELES, CA",3RD ST,ST ANDREWS PL,149944,
-118.3199821,34.06353378,30715,8839267,2019,2019-04-22T00:00:00.000Z,1942,2019-02-27T00:00:00.000Z,1700,43695,2021,3,5,7,1942,0,0,0,,0,20A16,LORRAINE BL,6TH ST,0,,Y,A,-,N,,0,0,,,0,,,,N,4,0,1,2,A,-,9,21802,A,N,D,C,A,A,H,-,B,D,0,,,,,Y,,A,1,0,0,1,0,0,0,0,0,0,- ,- ,0,0,1800,2,LOS ANGELES,LOS ANGELES,CA,-118.3199821,34.06353378,"LORRAINE BLVD & 6TH ST, LOS ANGELES, CA",LORRAINE BLVD,6TH ST,104250,
-118.2739922,33.99832535,30716,8839353,2019,2019-04-16T00:00:00.000Z,1942,2019-02-16T00:00:00.000Z,1500,43369,1361,6,5,7,1942,0,0,0,M,0,13X45,MAIN ST,49TH ST,0,,Y,A,-,N,,0,0,,,0,,,,N,0,0,0,2,A,-,9,21801,A,M,-,D,A,A,H,-,A,A,0,,,,,Y,,-,99,0,0,0,0,0,0,0,0,0,- ,- ,0,0,1800,2,LOS ANGELES,LOS ANGELES,CA,-118.2739922,33.99832535,"MAIN ST & 49TH ST, LOS ANGELES, CA",MAIN ST,49TH ST,124431,
-118.2740125,34.05913925,30717,8841453,2019,2019-04-17T00:00:00.000Z,1942,2019-02-26T00:00:00.000Z,1733,30211,246,2,5,7,1942,0,0,0,B,0,2L40,6TH ST,WESTLAKE AV,120,W,N,A,-,N,,0,0,,,0,,,,N,3,0,1,2,A,-,11,21953,,N,G,B,D,A,H,-,A,D,0,Y,,,,Y,,N,60,0,1,0,0,1,0,0,0,0,- ,- ,0,0,1800,2,LOS ANGELES,LOS ANGELES,CA,-118.2740125,34.05913925,"6TH ST & WESTLAKE AVE, LOS ANGELES, CA",6TH ST,WESTLAKE AVE,138615,
-118.2842121,34.05175781,30718,8841485,2019,2019-04-17T00:00:00.000Z,1942,2019-02-11T00:00:00.000Z,1700,43400,RAMPA,1,5,7,1942,0,0,0,,0,2A76,HOOVER ST,S 11TH ST,10,S,N,A,-,N,,0,0,,,0,,,,N,3,0,1,2,A,-,11,21955,,N,G,B,D,A,H,-,A,D,0,Y,,,,Y,,N,60,0,1,0,0,1,0,0,0,0,- ,- ,0,0,1800,2,LOS ANGELES,LOS ANGELES,CA,-118.2842121,34.05175781,"HOOVER ST & 11TH ST, LOS ANGELES, CA",HOOVER ST,11TH ST,149201,
-118.2382821,33.99295425,30719,8841775,2019,2019-05-02T00:00:00.000Z,1942,2019-02-14T00:00:00.000Z,1630,39346,1377,4,5,7,1942,0,0,0,M,0,13A41,S ALAMEDA ST,55TH ST,0,,Y,C,-,N,,0,0,,,0,,,,N,4,0,1,2,A,-,12,21453,A,F,D,C,A,B,H,-,A,A,0,,,,,Y,,-,99,0,0,1,0,0,0,0,0,0,- ,- ,0,0,1800,2,LOS ANGELES,LOS ANGELES,CA,-118.2382821,33.99295425,"ALAMEDA ST & 55TH ST, LOS ANGELES, CA",ALAMEDA ST,55TH ST,110101,
-118.3859707,33.95262909,30720,8841832,2019,2019-05-03T00:00:00.000Z,1942,2019-02-15T00:00:00.000Z,1747,25327,1495,5,5,7,1942,0,0,0,N,0,14L90,ARBOR VITAE,AIRPORT BL,30,W,N,B,C,N,,0,0,,,0,,,,N,0,0,0,2,A,-,0,20015,A,N,C,C,A,B,H,-,B,A,0,,,,,Y,,-,- ,0,0,0,0,0,0,0,0,0,- ,- ,0,0,1800,2,LOS ANGELES,LOS ANGELES,CA,-118.3859707,33.95262909,"ARBOR VITAE ST & AIRPORT BLVD, LOS ANGELES, CA",ARBOR VITAE ST,AIRPORT BLVD,99478,
-118.3277506,34.08696747,30721,8841834,2019,2019-04-24T00:00:00.000Z,1942,2019-02-19T00:00:00.000Z,1530,42323,676,2,5,7,1942,0,0,0,F,0,6A63,LILLIAN WY,WILLOUGHBY AV,50,S,N,A,-,N,,0,0,,,0,,,,N,0,0,0,2,A,-,3,22350,,N,B,E,A,A,H,-,A,D,0,,,,,Y,,D,22,0,0,0,0,0,0,0,0,0,- ,- ,0,0,1800,2,LOS ANGELES,LOS ANGELES,CA,-118.3277506,34.08696747,"LILLIAN WAY & WILLOUGHBY AVE, LOS ANGELES, CA",LILLIAN WAY,WILLOUGHBY AVE,114592,
-118.456557,33.98555756,30722,8841937,2019,2019-04-23T00:00:00.000Z,1942,2019-02-18T00:00:00.000Z,1655,38088,1441,1,5,7,1942,0,0,0,N,0,14A58,WASHINGTON BL,MILDRED AV,500,W,N,A,-,N,,0,0,,,0,,,,N,4,0,3,2,A,-,3,22350,,N,C,C,A,A,H,-,A,A,0,,,,,Y,,A,1,0,0,3,0,0,0,0,0,0,- ,- ,0,0,1800,2,LOS ANGELES,LOS ANGELES,CA,-118.456557,33.98555756,"WASHINGTON BLVD & MILDRED AVE, LOS ANGELES, CA",WASHINGTON BLVD,MILDRED AVE,96604,
-118.3927574,33.94734192,30723,8842485,2019,2019-04-26T00:00:00.000Z,1942,2019-02-21T00:00:00.000Z,1515,33419,1496,4,5,7,1942,0,0,0,N,0,14FB18,98TH ST,VICKSBURG AV,360,E,N,A,-,N,,0,0,,,0,,,,Y,4,0,2,2,A,-,9,21804,A,N,D,C,A,A,H,-,A,D,0,,,,,Y,,A,1,0,0,2,0,0,0,0,0,0,- ,- ,0,0,1800,2,LOS ANGELES,LOS ANGELES,CA,-118.3927574,33.94734192,"98TH ST & VICKSBURG AVE, LOS ANGELES, CA",98TH ST,VICKSBURG AVE,134466,
-118.3702536,33.97078705,30724,8844670,2019,2019-04-25T00:00:00.000Z,1942,2019-02-26T00:00:00.000Z,1710,43643,1469,2,5,7,1942,0,0,0,N,0,14A26,LA CIENEGA BL,KEW ST,40,S,N,A,-,N,,0,0,,,0,,,,Y,4,0,1,3,A,-,7,21658,A,F,B,C,A,A,H,-,B,A,0,,,,,Y,,-,99,0,0,1,0,0,0,0,0,0,- ,- ,0,0,1800,2,LOS ANGELES,LOS ANGELES,CA,-118.3702536,33.97078705,"LA CIENEGA BLVD & KEW ST, LOS ANGELES, CA",LA CIENEGA BLVD,KEW ST,99131,
-118.2708522,34.03383637,30725,8847778,2019,2019-04-22T00:00:00.000Z,1942,2019-02-21T00:00:00.000Z,1550,40382,1321,4,5,7,1942,0,0,0,M,0,13A41,FLOWER ST,WASHINGTON BL,0,,Y,A,-,N,,0,0,,,0,,,,N,4,0,1,2,A,-,5,21202,,N,H,G,A,A,H,-,A,D,0,,Y,,,Y,,-,- ,0,0,1,0,0,0,1,0,0,- ,- ,0,0,1800,2,LOS ANGELES,LOS ANGELES,CA,-118.2708522,34.03383636,"FLOWER ST & WASHINGTON BLVD, LOS ANGELES, CA",FLOWER ST,WASHINGTON BLVD,117539,
-118.3362021,34.11132431,30726,8847834,2019,2019-04-22T00:00:00.000Z,1942,2019-02-20T00:00:00.000Z,1515,37900,625,3,5,7,1942,0,0,0,F,0,6A31,HIGHLAND AV,PAT MOORE WY,0,,Y,A,-,N,,0,0,,,0,,,,Y,4,0,2,2,A,-,7,21658,A,N,D,C,A,A,H,-,A,A,0,,,,,Y,,A,7,0,0,2,0,0,0,0,0,0,- ,- ,0,0,1800,2,LOS ANGELES,LOS ANGELES,CA,-118.3362021,34.11132431,"HIGHLAND AVE & PAT MOORE WAY, LOS ANGELES, CA",HIGHLAND AVE,PAT MOORE WAY,116133,
-118.2789293,34.06617355,30727,8847959,2019,2019-04-23T00:00:00.000Z,1942,2019-02-26T00:00:00.000Z,1545,40505,233,2,5,7,1942,0,0,0,B,0,2A56,RAMPART BL,3RD ST,25,S,N,B,-,N,,0,0,,,0,,,,N,4,0,1,2,A,-,4,21703,,N,C,C,A,A,H,-,A,A,0,,,,,Y,Y,A,7,0,0,1,0,0,0,0,0,0,- ,- ,0,0,1800,2,LOS ANGELES,LOS ANGELES,CA,-118.2789293,34.06617355,"RAMPART BLVD & 3RD ST, LOS ANGELES, CA",RAMPART BLVD,3RD ST,143031,
-118.3236921,34.08347321,30728,8847966,2019,2019-04-22T00:00:00.000Z,1942,2019-02-09T00:00:00.000Z,1635,38007,719,6,5,7,1942,0,0,0,G,0,7A17,MELROSE AV,N LARCHMONT BL,0,,Y,A,-,N,,0,0,,,0,,,,N,0,0,0,2,A,-,7,21658,A,M,B,C,A,A,H,-,A,D,0,,,,,Y,,-,99,0,0,0,0,0,0,0,0,0,- ,- ,0,0,1800,2,LOS ANGELES,LOS ANGELES,CA,-118.3236921,34.08347321,"MELROSE AVE & LARCHMONT BLVD, LOS ANGELES, CA",MELROSE AVE,LARCHMONT BLVD,149834,
-118.2597123,34.01296234,30729,8847971,2019,2019-05-02T00:00:00.000Z,1942,2019-02-27T00:00:00.000Z,1505,38502,1343,3,5,7,1942,0,0,0,M,0,13A43,JEFFERSON BL,WADSWORTH AV,250,W,N,A,-,N,,0,0,,,0,,,,N,0,0,0,2,A,-,0,20002,A,M,B,E,A,A,H,-,A,D,0,,,,,Y,,-,99,0,0,0,0,0,0,0,0,0,- ,- ,0,0,1800,2,LOS ANGELES,LOS ANGELES,CA,-118.2597123,34.01296234,"JEFFERSON BLVD & WADSWORTH AVE, LOS ANGELES, CA",JEFFERSON BLVD,WADSWORTH AVE,113850,
-118.309477,34.10536957,30730,8849600,2019,2019-05-09T00:00:00.000Z,1942,2019-02-22T00:00:00.000Z,1705,43391,629,5,5,7,1942,0,0,0,F,0,6A15,FRANKLIN AV,WESTERN AV,50,W,N,A,-,N,,0,0,,,0,,,,N,4,0,2,3,A,-,3,22350,,N,C,C,A,A,H,-,A,A,0,,,,,Y,,A,7,0,0,2,0,0,0,0,0,0,- ,- ,0,0,1800,2,LOS ANGELES,LOS ANGELES,CA,-118.309477,34.10536957,"FRANKLIN AVE & WESTERN AVE, LOS ANGELES, CA",FRANKLIN AVE,WESTERN AVE,150059,
-118.3916147,33.95969391,30731,8849758,2019,2019-04-26T00:00:00.000Z,1942,2019-02-24T00:00:00.000Z,1530,33419,1487,7,5,7,1942,0,0,0,N,0,14FB81,LA TIJERA BL,MANCHESTER AV,45,S,N,A,-,N,,0,0,,,0,,,,N,0,0,0,2,A,-,8,22107,,M,B,C,A,A,H,-,A,D,0,,,,,Y,,-,99,0,0,0,0,0,0,0,0,0,- ,- ,0,0,1800,2,LOS ANGELES,LOS ANGELES,CA,-118.3916147,33.95969391,"LA TIJERA BLVD & MANCHESTER AVE, LOS ANGELES, CA",LA TIJERA BLVD,MANCHESTER AVE,133591,