X,Y,OBJECTID,case_id,accident_year,proc_date,juris,collision_date,collision_time,officer_id,reporting_district,day_of_week,chp_shift,population,cnty_city_loc,special_cond,beat_type,chp_beat_type,city_division_lapd,chp_beat_class,beat_number,primary_rd,secondary_rd,distance,direction,intersection,weather_1,weather_2,state_hwy_ind,caltrans_county,caltrans_district,state_route,route_suffix,postmile_prefix,postmile,location_type,ramp_intersection,side_of_hwy,tow_away,collision_severity,number_killed,number_injured,party_count,primary_coll_factor,pcf_code_of_viol,pcf_viol_category,pcf_violation,pcf_viol_subsection,hit_and_run,type_of_collision,mviw,ped_action,road_surface,road_cond_1,road_cond_2,lighting,control_device,chp_road_type,pedestrian_accident,bicycle_accident,motorcycle_accident,truck_accident,not_private_property,alcohol_involved,stwd_vehtype_at_fault,chp_vehtype_at_fault,count_severe_inj,count_visible_inj,count_complaint_pain,count_ped_killed,count_ped_injured,count_bicyclist_killed,count_bicyclist_injured,count_mc_killed,count_mc_injured,primary_ramp,secondary_ramp,latitude,longitude,timecat,month_,city,county,state,point_x,point_y,match_addr,m_primaryrd,m_secondrd,int_id,Flag
-118.3119417,34.06713486,30732,8850367,2019,2019-05-01T00:00:00.000Z,1942,2019-02-04T00:00:00.000Z,1550,36940,2022,1,5,7,1942,0,0,0,,0,20A1,W 4TH ST,SAINT ANDREWS PL,100,W,N,A,-,N,,0,0,,,0,,,,N,4,0,2,2,A,-,3,22350,,N,B,C,A,A,H,-,A,D,0,,,,,Y,,A,1,0,0,2,0,0,0,0,0,0,- ,- ,0,0,1800,2,LOS ANGELES,LOS ANGELES,CA,-118.3119417,34.06713486,"4TH ST & ST ANDREWS PL, LOS ANGELES, CA",4TH ST,ST ANDREWS PL,121894,
-118.3072499,34.10332108,30733,8852085,2019,2019-05-06T00:00:00.000Z,1942,2019-02-20T00:00:00.000Z,1630,42570,639,3,5,7,1942,0,0,0,F,0,6A49,N SERRANO AV,HOLLYWOOD BL,579,N,N,A,B,N,,0,0,,,0,,,,Y,0,0,0,3,A,-,1,23152,F,N,A,C,A,A,H,-,A,D,0,,,,,Y,,A,8,0,0,0,0,0,0,0,0,0,- ,- ,0,0,1800,2,LOS ANGELES,LOS ANGELES,CA,-118.3072499,34.10332108,"SERRANO AVE & HOLLYWOOD BLVD, LOS ANGELES, CA",SERRANO AVE,HOLLYWOOD BLVD,114851,
-118.3359809,34.11499023,30735,8857146,2019,2019-05-23T00:00:00.000Z,1942,2019-02-28T00:00:00.000Z,1620,42413,615,4,5,7,1942,0,0,0,F,0,6A66,CAHUENGA BL E,PILGRIMAGE BRIDGE,145,N,N,A,-,N,,0,0,,,0,,,,N,0,0,0,2,A,-,7,21658,,M,B,C,A,A,H,-,A,D,0,,,,Y,Y,,-,,0,0,0,0,0,0,0,0,0,- ,- ,0,0,1800,2,LOS ANGELES,LOS ANGELES,CA,-118.3359809,34.11499023,"CAHUENGA BLVD E & PILGRIMAGE BRIDGE RD, LOS ANGELES, CA",CAHUENGA BLVD E,PILGRIMAGE BRIDGE RD,127256,
-118.4532422,34.00623322,30736,8858283,2019,2019-05-28T00:00:00.000Z,1942,2019-02-25T00:00:00.000Z,1700,43275,1415,1,5,7,1942,0,0,0,N,0,14A12,MORNINGSIDE WY,WALGROVE AV,0,,Y,A,-,N,,0,0,,,0,,,,N,0,0,0,2,A,-,12,21453,A,N,B,G,A,A,H,-,A,A,0,,Y,,,Y,,L,4,0,0,0,0,0,0,0,0,0,- ,- ,0,0,1800,2,LOS ANGELES,LOS ANGELES,CA,-118.4532422,34.00623322,"MORNINGSIDE WAY & WALGROVE AVE, LOS ANGELES, CA",MORNINGSIDE WAY,WALGROVE AVE,100283,
-118.3223521,34.10030747,30738,8871016,2019,2019-06-12T00:00:00.000Z,1942,2019-02-20T00:00:00.000Z,1730,40953,647,3,5,7,1942,0,0,0,F,0,6XL42,GOWER ST,CARLTON WY,50,S,N,C,-,N,,0,0,,,0,,,,Y,3,0,1,2,A,-,9,21804,A,N,A,C,A,B,H,-,C,A,0,,,Y,,Y,,A,1,0,1,0,0,0,0,0,0,1,- ,- ,0,0,1800,2,LOS ANGELES,LOS ANGELES,CA,-118.3223521,34.10030746,"GOWER ST & CARLTON WAY, LOS ANGELES, CA",GOWER ST,CARLTON WAY,99008,
-118.4484521,34.04649353,30739,8875149,2019,2019-06-20T00:00:00.000Z,1942,2019-02-23T00:00:00.000Z,1740,43323,853,6,5,7,1942,0,0,0,H,0,8A34,SAWTELLE BL,SANTA MONICA BL,0,,Y,A,-,Y,,0,0,,,0,,,,Y,2,0,1,2,A,-,9,21801,A,N,D,C,A,A,H,-,B,A,0,,,Y,,Y,,A,7,1,0,0,0,0,0,0,0,1,- ,- ,0,0,1800,2,LOS ANGELES,LOS ANGELES,CA,-118.4484521,34.04649353,"SAWTELLE BLVD & SANTA MONICA BLVD, LOS ANGELES, CA",SAWTELLE BLVD,SANTA MONICA BLVD,117863,
-118.4061136,34.16867828,30740,8648638,2019,2019-02-26T00:00:00.000Z,1942,2019-02-05T00:00:00.000Z,1800,40690,1531,2,5,7,1942,0,0,0,O,0,15A43,CHANDLER BL,WHITSETT AV,255,W,N,A,-,N,,0,0,,,0,,,,Y,1,1,0,4,C,-,18,0,,N,C,E,A,A,H,-,C,D,0,,,,,Y,,-,- ,0,0,0,0,0,0,0,0,0,- ,- ,0,0,2100,2,LOS ANGELES,LOS ANGELES,CA,-118.4061136,34.16867828,"CHANDLER BLVD & WHITSETT AVE, LOS ANGELES, CA",CHANDLER BLVD,WHITSETT AVE,115061,
-118.2915521,34.03274536,30741,8791974,2019,2019-03-11T00:00:00.000Z,1942,2019-02-03T00:00:00.000Z,1915,43106,325,7,5,7,1942,0,0,0,,0,3A1,VERMONT AV,ADAMS BLVD,0,,Y,C,-,N,,0,0,,,0,,,,Y,0,0,0,2,A,-,1,23152,A,N,D,C,A,B,H,-,C,A,0,,,,,Y,Y,D,22,0,0,0,0,0,0,0,0,0,- ,- ,0,0,2100,2,LOS ANGELES,LOS ANGELES,CA,-118.2915521,34.03274536,"VERMONT AVE & ADAMS BLVD, LOS ANGELES, CA",VERMONT AVE,ADAMS BLVD,121075,
-118.3709753,34.15879822,30742,8792111,2019,2019-02-25T00:00:00.000Z,1942,2019-02-06T00:00:00.000Z,1900,41210,1555,3,5,7,1942,0,0,0,O,0,15T21,LANKERSHIM BL,LA MAIDA ST,22,N,N,A,-,N,,0,0,,,0,,,,Y,4,0,2,3,A,-,7,21658,A,F,B,C,A,A,H,-,C,A,0,,,,,Y,,-,99,0,0,2,0,0,0,0,0,0,- ,- ,0,0,2100,2,LOS ANGELES,LOS ANGELES,CA,-118.3709753,34.15879822,"LANKERSHIM BLVD & LA MAIDA ST, LOS ANGELES, CA",LANKERSHIM BLVD,LA MAIDA ST,125585,
-118.4487722,34.21522522,30743,8792115,2019,2019-02-25T00:00:00.000Z,1942,2019-02-01T00:00:00.000Z,1845,25907,1995,5,5,7,1942,0,0,0,,0,19A93,VAN NUYS BL,BLYTHE ST,0,,Y,B,C,N,,0,0,,,0,,,,N,0,0,0,2,A,-,1,23152,A,N,D,C,A,B,H,-,C,A,0,,,,,Y,Y,A,7,0,0,0,0,0,0,0,0,0,- ,- ,0,0,2100,2,LOS ANGELES,LOS ANGELES,CA,-118.4487722,34.21522522,"VAN NUYS BLVD & BLYTHE ST, LOS ANGELES, CA",VAN NUYS BLVD,BLYTHE ST,123203,
-118.4553022,34.22146606,30744,8793028,2019,2019-02-25T00:00:00.000Z,1942,2019-02-06T00:00:00.000Z,1800,42618,LAPD,3,5,7,1942,0,0,0,,0,1994,ROSCOE BL,WILLIS AV,0,,Y,A,-,N,,0,0,,,0,,,,Y,4,0,2,2,A,-,12,21453,A,F,D,C,A,A,H,-,C,A,0,,,,,Y,,D,22,0,0,2,0,0,0,0,0,0,- ,- ,0,0,2100,2,LOS ANGELES,LOS ANGELES,CA,-118.4553022,34.22146606,"ROSCOE BLVD & WILLIS AVE, LOS ANGELES, CA",ROSCOE BLVD,WILLIS AVE,122558,
-118.4553022,34.22146606,30745,8793032,2019,2019-02-26T00:00:00.000Z,1942,2019-02-06T00:00:00.000Z,1805,42618,,3,5,7,1942,0,0,0,,0,1994,ROSCOE BL,WILLIS AV,0,,Y,A,-,N,,0,0,,,0,,,,Y,0,0,0,2,A,-,21,22106,,M,B,C,A,A,H,-,C,A,0,,,,,Y,,D,22,0,0,0,0,0,0,0,0,0,- ,- ,0,0,2100,2,LOS ANGELES,LOS ANGELES,CA,-118.4553022,34.22146606,"ROSCOE BLVD & WILLIS AVE, LOS ANGELES, CA",ROSCOE BLVD,WILLIS AVE,122558,
-118.2760422,34.02815628,30746,8793056,2019,2019-02-28T00:00:00.000Z,1942,2019-02-10T00:00:00.000Z,1830,42940,319,7,5,7,1942,0,0,0,C,0,3A92,ADAMS BL,FIGUEROA ST,0,,Y,A,-,N,,0,0,,,0,,,,Y,4,0,2,2,A,-,9,21801,A,F,D,C,A,A,H,-,D,A,0,,,,,Y,,A,1,0,0,2,0,0,0,0,0,0,- ,- ,0,0,2100,2,LOS ANGELES,LOS ANGELES,CA,-118.2760422,34.02815628,"ADAMS BLVD & FIGUEROA ST, LOS ANGELES, CA",ADAMS BLVD,FIGUEROA ST,131687,
-118.3177521,33.97819519,30747,8793098,2019,2019-02-27T00:00:00.000Z,1942,2019-02-03T00:00:00.000Z,2035,42886,1232,7,5,7,1942,0,0,0,L,0,12A45,VAN NESS AV,67TH ST,0,,Y,A,-,N,,0,0,,,0,,,,N,4,0,2,2,A,-,3,22350,,N,B,C,A,A,H,-,C,D,0,,,,,Y,Y,A,1,0,0,2,0,0,0,0,0,0,- ,- ,0,0,2100,2,LOS ANGELES,LOS ANGELES,CA,-118.3177521,33.97819519,"VAN NESS AVE & 67TH ST, LOS ANGELES, CA",VAN NESS AVE,67TH ST,117042,
-118.5710722,34.22820664,30748,8793189,2019,2019-02-22T00:00:00.000Z,1942,2019-02-04T00:00:00.000Z,2000,36336,1791,1,5,7,1942,0,0,0,Q,0,17A81,PARTHENIA ST,WINNETKA AV,0,,Y,C,-,N,,0,0,,,0,,,,Y,3,0,1,4,A,-,12,21453,A,F,D,C,A,B,H,-,C,A,0,,,,,Y,,A,1,0,1,0,0,0,0,0,0,0,- ,- ,0,0,2100,2,LOS ANGELES,LOS ANGELES,CA,-118.5710722,34.22820663,"PARTHENIA ST & WINNETKA AVE, LOS ANGELES, CA",PARTHENIA ST,WINNETKA AVE,109348,
-118.2739015,33.95288849,30749,8793197,2019,2019-02-22T00:00:00.000Z,1942,2019-02-03T00:00:00.000Z,1930,42928,1822,7,5,7,1942,0,0,0,R,0,18A34,MAIN ST,92ND ST,20,N,N,C,-,N,,0,0,,,0,,,,Y,4,0,1,2,A,-,3,22350,,F,B,D,A,B,H,-,C,A,0,,,,,Y,,A,1,0,0,1,0,0,0,0,0,0,- ,- ,0,0,2100,2,LOS ANGELES,LOS ANGELES,CA,-118.2739015,33.95288849,"MAIN ST & 92ND ST, LOS ANGELES, CA",MAIN ST,92ND ST,116122,
-118.2915821,33.93820572,30750,8793221,2019,2019-02-25T00:00:00.000Z,1942,2019-02-09T00:00:00.000Z,1830,39689,1842,6,5,7,1942,0,0,0,R,0,18X96,108TH ST,VERMONT,0,,Y,A,-,N,,0,0,,,0,,,,Y,0,0,0,2,A,-,9,21804,A,M,D,C,A,A,H,-,C,D,0,,,,,Y,,A,1,0,0,0,0,0,0,0,0,0,- ,- ,0,0,2100,2,LOS ANGELES,LOS ANGELES,CA,-118.2915821,33.93820572,"108TH ST & VERMONT AVE, LOS ANGELES, CA",108TH ST,VERMONT AVE,106163,
-118.3257821,34.00154877,30751,8793225,2019,2019-02-25T00:00:00.000Z,1942,2019-02-09T00:00:00.000Z,1800,40110,392,6,5,7,1942,0,0,0,C,0,A99,8TH AV,46TH ST,100,S,N,B,-,N,,0,0,,,0,,,,N,0,0,0,2,A,-,3,22350,,M,B,E,A,A,-,-,C,D,0,,,,,Y,,-,99,0,0,0,0,0,0,0,0,0,- ,- ,0,0,2100,2,LOS ANGELES,LOS ANGELES,CA,-118.3257821,34.00154877,"8TH AVE & 46TH ST, LOS ANGELES, CA",8TH AVE,46TH ST,124364,
-118.5710722,34.22480011,30752,8793227,2019,2019-02-25T00:00:00.000Z,1942,2019-02-02T00:00:00.000Z,2010,43086,1791,6,5,7,1942,0,0,0,Q,0,17X54,WINNETKA AV,CHASE ST,78,N,N,B,-,N,,0,0,,,0,,,,Y,0,0,0,2,A,-,7,21658,A,M,C,E,A,B,H,-,C,A,0,,,,,Y,,A,1,0,0,0,0,0,0,0,0,0,- ,- ,0,0,2100,2,LOS ANGELES,LOS ANGELES,CA,-118.5710722,34.22480011,"WINNETKA AVE & CHASE ST, LOS ANGELES, CA",WINNETKA AVE,CHASE ST,122495,
-118.3965237,34.18695068,30753,8793243,2019,2019-02-25T00:00:00.000Z,1942,2019-02-01T00:00:00.000Z,1840,43110,1525,5,5,7,1942,0,0,0,O,0,15A38,LAUREL CYN,VICTORY,100,N,N,C,-,N,,0,0,,,0,,,,N,0,0,0,2,A,-,8,22107,,M,B,C,A,B,H,-,C,D,0,,,,,Y,Y,-,,0,0,0,0,0,0,0,0,0,- ,- ,0,0,2100,2,LOS ANGELES,LOS ANGELES,CA,-118.3965237,34.18695068,"LAUREL CANYON BLVD & VICTORY BLVD, LOS ANGELES, CA",LAUREL CANYON BLVD,VICTORY BLVD,137158,
-118.2835812,34.24786758,30754,8793573,2019,2019-02-26T00:00:00.000Z,1942,2019-02-11T00:00:00.000Z,1910,40388,1668,1,5,7,1942,0,0,0,P,0,16A59,FOOTHILL BL,MARCUS AV,540,W,N,A,-,N,,0,0,,,0,,,,Y,2,0,1,4,A,-,21,22106,,N,B,C,A,A,H,-,C,A,0,,,Y,,Y,,A,1,1,0,0,0,0,0,0,0,1,- ,- ,0,0,2100,2,LOS ANGELES,LOS ANGELES,CA,-118.2835812,34.24786758,"FOOTHILL BLVD & MARCUS AVE, LOS ANGELES, CA",FOOTHILL BLVD,MARCUS AVE,111853,
-118.3320072,34.23639679,30755,8793577,2019,2019-02-26T00:00:00.000Z,1942,2019-02-11T00:00:00.000Z,1815,41093,1667,1,5,7,1942,0,0,0,P,0,16A59,LA TUNA CANYON RD,ELBEN AV,930,E,N,A,-,N,,0,0,,,0,,,,,3,0,1,2,A,-,1,23152,A,N,A,C,A,A,H,-,C,D,0,,,,,Y,Y,A,7,0,1,0,0,0,0,0,0,0,- ,- ,0,0,2100,2,LOS ANGELES,LOS ANGELES,CA,-118.3320072,34.23639679,"LA TUNA CANYON RD & ELBEN AVE, LOS ANGELES, CA",LA TUNA CANYON RD,ELBEN AVE,143730,
-118.4938822,34.22843552,30756,8793581,2019,2019-02-26T00:00:00.000Z,1942,2019-02-05T00:00:00.000Z,1800,40045,RD#17,2,5,7,1942,0,0,0,,0,17X82,HAYVENHURST,PARTHENIA ST,0,,Y,B,-,N,,0,0,,,0,,,,Y,4,0,1,2,A,-,12,21453,A,F,D,C,A,A,H,-,C,A,0,,,,,Y,,-,99,0,0,1,0,0,0,0,0,0,- ,- ,0,0,2100,2,LOS ANGELES,LOS ANGELES,CA,-118.4938822,34.22843552,"HAYVENHURST AVE & PARTHENIA ST, LOS ANGELES, CA",HAYVENHURST AVE,PARTHENIA ST,101508,
-118.3499156,34.01992416,30757,8793908,2019,2019-03-15T00:00:00.000Z,1942,2019-02-14T00:00:00.000Z,2000,43253,362,4,5,7,1942,0,0,0,,0,3A73,MARTIN LUTHER KING BL,NICOLETT,150,W,N,B,-,N,,0,0,,,0,,,,N,0,0,0,2,A,-,3,22350,,N,H,C,A,-,H,-,D,A,0,,,,Y,Y,,A,1,0,0,0,0,0,0,0,0,0,- ,- ,0,0,2100,2,LOS ANGELES,LOS ANGELES,CA,-118.3499156,34.01992416,"MARTIN LUTHER KING JR BLVD & NICOLET AVE, LOS ANGELES, CA",MARTIN LUTHER KING JR BLVD,NICOLET AVE,102357,
-118.3310016,33.98060608,30758,8793996,2019,2019-02-26T00:00:00.000Z,1942,2019-02-05T00:00:00.000Z,1940,42665,1241,2,5,7,1942,0,0,0,L,0,12A51,HYDE PARK BL,W CRENSHAW BL,12,W,N,A,-,N,,0,0,,,0,,,,Y,4,0,1,3,A,-,10,21950,A,N,G,-,C,A,H,-,C,A,0,Y,,,,Y,Y,A,1,0,0,1,0,1,0,0,0,0,- ,- ,0,0,2100,2,LOS ANGELES,LOS ANGELES,CA,-118.3310016,33.98060608,"HYDE PARK BLVD & CRENSHAW BLVD, LOS ANGELES, CA",HYDE PARK BLVD,CRENSHAW BLVD,134494,
-118.3002622,34.02552414,30759,8794001,2019,2019-03-21T00:00:00.000Z,1942,2019-02-12T00:00:00.000Z,1825,43254,356,2,5,7,1942,0,0,0,C,0,3A34,JEFFERSON BL,NORMANDIE AV,0,,Y,A,-,N,,0,0,,,0,,,,Y,4,0,1,2,A,-,9,21801,A,N,A,C,A,A,H,-,B,A,0,,,,,Y,,A,1,0,0,1,0,0,0,0,0,0,- ,- ,0,0,2100,2,LOS ANGELES,LOS ANGELES,CA,-118.3002622,34.02552414,"JEFFERSON BLVD & NORMANDIE AVE, LOS ANGELES, CA",JEFFERSON BLVD,NORMANDIE AVE,124366,
-118.2839849,34.02558899,30760,8794004,2019,2019-03-01T00:00:00.000Z,1942,2019-02-12T00:00:00.000Z,2050,42665,328,2,5,7,1942,0,0,0,C,0,3A19,HOOVER ST,32ND ST,34,N,N,A,-,N,,0,0,,,0,,,,N,4,0,1,2,A,-,7,21658,A,F,B,C,A,A,H,-,C,D,0,,,,,Y,,-,99,0,0,1,0,0,0,0,0,0,- ,- ,0,0,2100,2,LOS ANGELES,LOS ANGELES,CA,-118.2839849,34.02558899,"HOOVER ST & 32ND ST, LOS ANGELES, CA",HOOVER ST,32ND ST,103654,
-118.2991929,33.83150482,30761,8794006,2019,2019-03-04T00:00:00.000Z,1942,2019-02-06T00:00:00.000Z,2010,40602,506,3,5,7,1942,0,0,0,E,0,SX26,CARSON ST,NORMANDIE,15,E,N,A,-,N,,0,0,,,0,,,,N,3,0,2,2,A,-,9,21801,A,N,D,C,A,A,H,-,C,A,0,,,,,Y,Y,A,1,0,1,1,0,0,0,0,0,0,- ,- ,0,0,2100,2,LOS ANGELES,LOS ANGELES,CA,-118.2991929,33.83150482,"CARSON ST & NORMANDIE AVE, LOS ANGELES, CA",CARSON ST,NORMANDIE AVE,98717,
-118.308945,34.01118469,30762,8794018,2019,2019-03-04T00:00:00.000Z,1942,2019-02-18T00:00:00.000Z,1900,35393,395,1,5,7,1942,0,0,0,C,0,3A99,S WESTERN AV,MARTIN LUTHER KING BL,120,N,N,A,-,N,,0,0,,,0,,,,N,4,0,1,2,A,-,5,21651,A,N,B,C,A,A,H,-,C,A,0,,,,,Y,,A,1,0,0,1,0,0,0,0,0,0,- ,- ,0,0,2100,2,LOS ANGELES,LOS ANGELES,CA,-118.308945,34.01118469,"WESTERN AVE & MARTIN LUTHER KING JR BLVD, LOS ANGELES, CA",WESTERN AVE,MARTIN LUTHER KING JR BLVD,131232,
-118.3295221,34.09797669,30763,8794020,2019,2019-03-18T00:00:00.000Z,1942,2019-02-08T00:00:00.000Z,1845,41210,646,5,5,7,1942,0,0,0,F,0,7T23,CAHUENGA BL,SUNSET BL,0,,Y,A,-,N,,0,0,,,0,,,,N,4,0,1,2,A,-,7,21658,A,F,B,C,A,A,H,-,C,A,0,,,,,Y,,-,99,0,0,1,0,0,0,0,0,0,- ,- ,0,0,2100,2,LOS ANGELES,LOS ANGELES,CA,-118.3295221,34.09797668,"CAHUENGA BLVD & SUNSET BLVD, LOS ANGELES, CA",CAHUENGA BLVD,SUNSET BLVD,139481,
-118.3011587,33.79472351,30764,8794023,2019,2019-03-21T00:00:00.000Z,1942,2019-02-11T00:00:00.000Z,1830,43320,511,1,5,7,1942,0,0,0,E,0,5A11,253RD ST,BELLE PORTE AV,2,W,N,A,-,N,,0,0,,,0,,,,N,4,0,1,2,A,-,10,21950,A,N,G,B,B,A,H,-,C,D,0,Y,,,,Y,,A,7,0,0,1,0,1,0,0,0,0,- ,- ,0,0,2100,2,LOS ANGELES,LOS ANGELES,CA,-118.3011587,33.79472351,"253RD ST & BELLE PORTE AVE, LOS ANGELES, CA",253RD ST,BELLE PORTE AVE,117233,
-118.3277521,34.08891678,30765,8794024,2019,2019-03-01T00:00:00.000Z,1942,2019-02-14T00:00:00.000Z,1850,43391,656,4,5,7,1942,0,0,0,F,0,6A68,ROMAINE ST,LILLIAN WY,0,,Y,B,-,N,,0,0,,,0,,,,N,3,0,1,2,A,-,12,22450,A,N,H,G,A,A,H,-,C,D,0,,Y,,,Y,,A,1,0,1,0,0,0,0,1,0,0,- ,- ,0,0,2100,2,LOS ANGELES,LOS ANGELES,CA,-118.3277521,34.08891678,"ROMAINE ST & LILLIAN WAY, LOS ANGELES, CA",ROMAINE ST,LILLIAN WAY,100537,
-118.2646193,33.7910881,30766,8794027,2019,2019-03-06T00:00:00.000Z,1942,2019-02-13T00:00:00.000Z,1850,42084,516,3,5,7,1942,0,0,0,,0,5A15,RT 1,MARINE AV,10,E,N,C,-,N,,0,0,,,0,,,,N,4,0,2,2,A,-,4,21703,,N,C,C,A,B,H,-,C,A,0,,,,,Y,,A,1,0,0,2,0,0,0,0,0,0,- ,- ,0,0,2100,2,LOS ANGELES,LOS ANGELES,CA,-118.2646193,33.7910881,"SR 1 & MARINE AVE, LOS ANGELES, CA",SR 1,MARINE AVE,99689,
-118.2826821,33.94817352,30767,8794029,2019,2019-02-28T00:00:00.000Z,1942,2019-02-13T00:00:00.000Z,2045,42665,1822,3,5,7,1942,0,0,0,R,0,18A17,FIGUEROA ST,97TH ST,30,S,N,C,-,N,,0,0,,,0,,,,N,4,0,1,2,A,-,11,21954,A,F,G,B,D,B,H,-,C,D,0,Y,,,,Y,,N,60,0,0,1,0,1,0,0,0,0,- ,- ,0,0,2100,2,LOS ANGELES,LOS ANGELES,CA,-118.2826821,33.94817352,"FIGUEROA ST & 97TH ST, LOS ANGELES, CA",FIGUEROA ST,97TH ST,96136,
-118.3147421,34.1052742,30768,8794032,2019,2019-03-01T00:00:00.000Z,1942,2019-02-06T00:00:00.000Z,2005,38090,638,3,5,7,1942,0,0,0,F,0,6A49,TAFT AV,FRANKLIN AV,0,,Y,A,-,N,,0,0,,,0,,,,Y,4,0,1,2,A,-,9,21802,A,N,D,C,A,A,H,-,C,A,0,,,Y,,Y,,A,7,0,0,1,0,0,0,0,0,1,- ,- ,0,0,2100,2,LOS ANGELES,LOS ANGELES,CA,-118.3147421,34.1052742,"TAFT AVE & FRANKLIN AVE, LOS ANGELES, CA",TAFT AVE,FRANKLIN AVE,132392,
-118.2650176,33.93104553,30769,8794045,2019,2019-02-28T00:00:00.000Z,1942,2019-02-11T00:00:00.000Z,1930,43541,1863,1,5,7,1942,0,0,0,R,0,18A63,IMPERIAL HWY,AVALON BL,50,E,N,A,-,N,,0,0,,,0,,,,N,4,0,1,2,A,-,7,21658,A,N,B,C,A,A,H,-,C,A,0,,,,,Y,Y,A,7,0,0,1,0,0,0,0,0,0,- ,- ,0,0,2100,2,LOS ANGELES,LOS ANGELES,CA,-118.2650176,33.93104553,"IMPERIAL HWY & AVALON BLVD, LOS ANGELES, CA",IMPERIAL HWY,AVALON BLVD,103268,
-118.2783213,33.9716835,30770,8794049,2019,2019-02-28T00:00:00.000Z,1942,2019-02-09T00:00:00.000Z,1817,37865,1258,6,5,7,1942,0,0,0,L,0,12X32,BROADWAY,75TH ST,30,S,N,B,-,N,,0,0,,,0,,,,Y,4,0,3,3,A,-,3,22350,,N,C,C,A,A,H,-,C,D,0,,,,,Y,,A,1,0,0,3,0,0,0,0,0,0,- ,- ,0,0,2100,2,LOS ANGELES,LOS ANGELES,CA,-118.2783213,33.9716835,"BROADWAY & 75TH ST, LOS ANGELES, CA",BROADWAY,75TH ST,113585,
-118.3319321,34.00363541,30771,8794050,2019,2019-03-04T00:00:00.000Z,1942,2019-02-14T00:00:00.000Z,2010,43271,392,4,5,7,1942,0,0,0,C,0,3A92,VERNON AV,CRENSHAW BL,0,,Y,A,-,N,,0,0,,,0,,,,N,4,0,2,2,A,-,9,21801,A,N,D,C,A,A,H,-,C,A,0,,,,,Y,,A,1,0,0,2,0,0,0,0,0,0,- ,- ,0,0,2100,2,LOS ANGELES,LOS ANGELES,CA,-118.3319321,34.00363541,"VERNON AVE & CRENSHAW BLVD, LOS ANGELES, CA",VERNON AVE,CRENSHAW BLVD,127912,
-118.3373321,34.02144623,30772,8794054,2019,2019-03-04T00:00:00.000Z,1942,2019-02-14T00:00:00.000Z,1835,43271,353,4,5,7,1942,0,0,0,C,0,3A92,RODEO RD,SOMERSET DR,0,,Y,A,-,N,,0,0,,,0,,,,N,4,0,2,2,A,-,9,21804,A,N,D,C,A,A,H,-,C,D,0,,,,,Y,,A,1,0,0,2,0,0,0,0,0,0,- ,- ,0,0,2100,2,LOS ANGELES,LOS ANGELES,CA,-118.3373321,34.02144623,"RODEO RD & SOMERSET DR, LOS ANGELES, CA",RODEO RD,SOMERSET DR,103290,
-118.2915021,33.9836731,30773,8794059,2019,2019-03-01T00:00:00.000Z,1942,2019-02-17T00:00:00.000Z,2035,38040,1239,7,5,7,1942,0,0,0,L,0,12A53,VERMONT AV,62ND ST,0,,Y,G,-,N,,0,0,,,0,,,,Y,4,0,1,2,A,-,9,21801,A,N,D,C,A,A,H,-,C,D,0,,,,,Y,,A,1,0,0,1,0,0,0,0,0,0,- ,- ,0,0,2100,2,LOS ANGELES,LOS ANGELES,CA,-118.2915021,33.9836731,"VERMONT AVE & 62ND ST, LOS ANGELES, CA",VERMONT AVE,62ND ST,103056,
-118.2749022,34.02994537,30774,8794063,2019,2019-03-01T00:00:00.000Z,1942,2019-02-13T00:00:00.000Z,2045,43617,319,3,5,7,1942,0,0,0,C,0,3A15,FIGUEROA ST,FIGUEROA WY,0,,Y,C,-,N,,0,0,,,0,,,,N,4,0,1,3,A,-,3,22350,,F,D,G,A,B,H,-,C,D,0,,Y,,,Y,,-,99,0,0,1,0,0,0,1,0,0,- ,- ,0,0,2100,2,LOS ANGELES,LOS ANGELES,CA,-118.2749022,34.02994537,"FIGUEROA ST & FIGUEROA WAY, LOS ANGELES, CA",FIGUEROA ST,FIGUEROA WAY,145803,
-118.3090309,33.94548798,30775,8794065,2019,2019-02-28T00:00:00.000Z,1942,2019-02-05T00:00:00.000Z,1845,42180,1293,2,5,7,1942,0,0,0,L,0,12X18,WESTERN AV,CENTURY BL,20,N,N,A,-,N,,0,0,,,0,,,,N,3,0,1,2,A,-,11,21956,A,N,G,B,E,A,H,-,C,A,0,Y,,,,Y,,N,60,0,1,0,0,1,0,0,0,0,- ,- ,0,0,2100,2,LOS ANGELES,LOS ANGELES,CA,-118.3090309,33.94548798,"WESTERN AVE & CENTURY BLVD, LOS ANGELES, CA",WESTERN AVE,CENTURY BLVD,99547,
-118.2871322,34.00057602,30776,8794069,2019,2019-02-28T00:00:00.000Z,1942,2019-02-07T00:00:00.000Z,2000,41761,1207,4,5,7,1942,0,0,0,L,0,12A15W,HOOVER ST,47TH ST,0,,Y,A,-,N,,0,0,,,0,,,,N,4,0,1,2,A,-,10,21950,A,N,G,B,B,A,H,-,C,D,0,Y,,,,Y,,A,1,0,0,1,0,1,0,0,0,0,- ,- ,0,0,2100,2,LOS ANGELES,LOS ANGELES,CA,-118.2871322,34.00057602,"HOOVER ST & 47TH ST, LOS ANGELES, CA",HOOVER ST,47TH ST,103401,