X,Y,OBJECTID,case_id,accident_year,proc_date,juris,collision_date,collision_time,officer_id,reporting_district,day_of_week,chp_shift,population,cnty_city_loc,special_cond,beat_type,chp_beat_type,city_division_lapd,chp_beat_class,beat_number,primary_rd,secondary_rd,distance,direction,intersection,weather_1,weather_2,state_hwy_ind,caltrans_county,caltrans_district,state_route,route_suffix,postmile_prefix,postmile,location_type,ramp_intersection,side_of_hwy,tow_away,collision_severity,number_killed,number_injured,party_count,primary_coll_factor,pcf_code_of_viol,pcf_viol_category,pcf_violation,pcf_viol_subsection,hit_and_run,type_of_collision,mviw,ped_action,road_surface,road_cond_1,road_cond_2,lighting,control_device,chp_road_type,pedestrian_accident,bicycle_accident,motorcycle_accident,truck_accident,not_private_property,alcohol_involved,stwd_vehtype_at_fault,chp_vehtype_at_fault,count_severe_inj,count_visible_inj,count_complaint_pain,count_ped_killed,count_ped_injured,count_bicyclist_killed,count_bicyclist_injured,count_mc_killed,count_mc_injured,primary_ramp,secondary_ramp,latitude,longitude,timecat,month_,city,county,state,point_x,point_y,match_addr,m_primaryrd,m_secondrd,int_id,Flag
-118.3196021,34.07620621,30777,8794080,2019,2019-03-01T00:00:00.000Z,1942,2019-02-11T00:00:00.000Z,1830,38391,2011,1,5,7,1942,0,0,0,,0,20A1,BEVERLY BL,WINDSOR BL,0,,Y,A,-,N,,0,0,,,0,,,,N,4,0,1,2,A,-,3,22350,,N,C,C,A,A,H,-,C,-,0,,,,,Y,,A,1,0,0,1,0,0,0,0,0,0,- ,- ,0,0,2100,2,LOS ANGELES,LOS ANGELES,CA,-118.3196021,34.07620621,"BEVERLY BLVD & WINDSOR BLVD, LOS ANGELES, CA",BEVERLY BLVD,WINDSOR BLVD,135663,
-118.2866715,34.057724,30778,8794072,2019,2019-03-01T00:00:00.000Z,1942,2019-02-01T00:00:00.000Z,1900,43222,2049,5,5,7,1942,0,0,0,,0,20A88,8TH,MAGNOLIA,70,E,N,A,-,N,,0,0,,,0,,,,Y,3,0,1,4,A,-,3,22350,,N,C,C,A,A,H,-,A,D,0,,,,,Y,,A,1,0,1,0,0,0,0,0,0,0,- ,- ,0,0,2100,2,LOS ANGELES,LOS ANGELES,CA,-118.2866715,34.057724,"8TH ST & MAGNOLIA AVE,, CA",8TH ST,MAGNOLIA AVE,96555,
-118.2777321,33.79037476,30779,8795914,2019,2019-05-22T00:00:00.000Z,1942,2019-02-12T00:00:00.000Z,1815,41646,514,2,5,7,1942,0,0,0,,0,,FRIGATE AV,PACIFIC COAST HWY,0,,Y,A,-,Y,LA,7,1,-,-,11.36,I,5,S,N,4,0,1,2,A,-,8,22100,B,N,D,C,A,A,H,-,C,D,0,,,,,Y,,A,1,0,0,1,0,0,0,0,0,0,- ,- ,0,0,2100,2,LOS ANGELES,LOS ANGELES,CA,-118.2777321,33.79037476,"FRIGATE AVE & PACIFIC COAST HWY, LOS ANGELES, CA",FRIGATE AVE,PACIFIC COAST HWY,120872,
-118.3089621,33.9879837,30780,8796343,2019,2019-02-26T00:00:00.000Z,1942,2019-02-03T00:00:00.000Z,1940,42118,1233,7,5,7,1942,0,0,0,L,0,12A45,WESTERN AV,SLAUSON AV,416,S,N,C,-,N,,0,0,,,0,,,,Y,0,0,0,1,A,-,9,21804,A,N,E,I,A,B,H,-,C,D,0,,,,,Y,,J,48,0,0,0,0,0,0,0,0,0,- ,- ,0,0,2100,2,LOS ANGELES,LOS ANGELES,CA,-118.3089621,33.9879837,"WESTERN AVE & SLAUSON AVE, LOS ANGELES, CA",WESTERN AVE,SLAUSON AVE,134534,
-118.3549021,34.02549362,30781,8797124,2019,2019-02-15T00:00:00.000Z,1942,2019-02-05T00:00:00.000Z,1845,41844,331,2,5,7,1942,0,0,0,C,0,3A31,S JEFFERSON BL,W LA BREA AV,0,,Y,A,-,N,,0,0,,,0,,,,N,0,0,0,2,A,-,9,21801,A,M,B,C,A,A,H,-,C,A,0,,,,,Y,,-,99,0,0,0,0,0,0,0,0,0,- ,- ,0,0,2100,2,LOS ANGELES,LOS ANGELES,CA,-118.3549021,34.02549362,"JEFFERSON BLVD & LA BREA AVE, LOS ANGELES, CA",JEFFERSON BLVD,LA BREA AVE,145296,
-118.2915721,34.0036583,30782,8797139,2019,2019-02-15T00:00:00.000Z,1942,2019-02-01T00:00:00.000Z,1950,43617,395,5,5,7,1942,0,0,0,C,0,3A73,VERMONT AV,VERNON AV,2,S,N,A,-,N,,0,0,,,0,,,,N,0,0,0,2,A,-,5,21460,A,M,B,D,A,A,H,-,C,A,0,,,,,Y,,-,99,0,0,0,0,0,0,0,0,0,- ,- ,0,0,2100,2,LOS ANGELES,LOS ANGELES,CA,-118.2915721,34.00365829,"VERMONT AVE & VERNON AVE, LOS ANGELES, CA",VERMONT AVE,VERNON AVE,106854,
-118.3299365,34.03041077,30783,8797221,2019,2019-03-20T00:00:00.000Z,1942,2019-02-03T00:00:00.000Z,1850,43044,313,7,5,7,1942,0,0,0,,0,3A15,EDGEHILL DR,MONTCLAIR ST,40,N,N,C,-,N,,0,0,,,0,,,,N,4,0,1,2,A,-,8,22107,,F,A,C,A,B,H,-,C,A,0,,,,,Y,,-,99,0,0,1,0,0,0,0,0,0,- ,- ,0,0,2100,2,LOS ANGELES,LOS ANGELES,CA,-118.3299365,34.03041077,"EDGEHILL DR & MONTCLAIR ST, LOS ANGELES, CA",EDGEHILL DR,MONTCLAIR ST,124530,
-118.3725239,34.02034378,30784,8797229,2019,2019-02-21T00:00:00.000Z,1942,2019-02-03T00:00:00.000Z,1945,42329,341,7,5,7,1942,0,0,0,C,0,355,LA CIENEGA BL,RODEO RD,500,S,N,C,-,N,,0,0,,,0,,,,Y,4,0,1,2,A,-,3,22350,,N,C,C,A,B,H,-,C,D,0,,,,,Y,,A,1,0,0,1,0,0,0,0,0,0,- ,- ,0,0,2100,2,LOS ANGELES,LOS ANGELES,CA,-118.3725239,34.02034378,"LA CIENEGA BLVD & RODEO RD, LOS ANGELES, CA",LA CIENEGA BLVD,RODEO RD,109352,
-118.2982258,34.06902313,30785,8797257,2019,2019-02-21T00:00:00.000Z,1942,2019-02-01T00:00:00.000Z,1900,41054,2025,5,5,7,1942,0,0,0,,0,20A25,W 3RD ST,ALEXANDRIA AV,80,W,N,A,-,N,,0,0,,,0,,,,N,4,0,2,3,A,-,7,21658,A,F,B,C,A,A,H,-,C,A,0,,,,,Y,,-,99,0,0,2,0,0,0,0,0,0,- ,- ,0,0,2100,2,LOS ANGELES,LOS ANGELES,CA,-118.2982258,34.06902313,"3RD ST & ALEXANDRIA AVE, LOS ANGELES, CA",3RD ST,ALEXANDRIA AVE,149885,
-118.2915822,33.90915299,30786,8798609,2019,2019-02-28T00:00:00.000Z,1942,2019-02-02T00:00:00.000Z,1915,41800,1871,6,5,7,1942,0,0,0,R,0,1.80E+16,VERMONT AV,W-135TH ST,0,,Y,B,-,N,,0,0,,,0,,,,Y,4,0,1,2,A,-,9,21801,A,N,D,C,A,B,-,-,C,A,0,,,,,Y,Y,A,7,0,0,1,0,0,0,0,0,0,- ,- ,0,0,2100,2,LOS ANGELES,LOS ANGELES,CA,-118.2915822,33.90915298,"VERMONT AVE & 135TH ST, LOS ANGELES, CA",VERMONT AVE,135TH ST,102272,
-118.4679899,34.23551559,30787,8798893,2019,2019-02-21T00:00:00.000Z,1942,2019-02-03T00:00:00.000Z,2000,43539,1971,7,5,7,1942,0,0,0,,0,19A43,NORDHOFF ST,SEPULVEDA BL,75,W,N,C,-,N,,0,0,,,0,,,,Y,0,0,0,3,A,-,8,22107,,M,B,E,A,B,H,-,C,D,0,,,,,Y,,-,99,0,0,0,0,0,0,0,0,0,- ,- ,0,0,2100,2,LOS ANGELES,LOS ANGELES,CA,-118.4679899,34.23551559,"NORDHOFF ST & SEPULVEDA BLVD, LOS ANGELES, CA",NORDHOFF ST,SEPULVEDA BLVD,102105,
-118.348979,34.03714371,30788,8798937,2019,2019-02-21T00:00:00.000Z,1942,2019-02-02T00:00:00.000Z,1910,41054,784,6,5,7,1942,0,0,0,G,0,7A73,S LA BREA AV,23RD ST,500,N,N,C,-,N,,0,0,,,0,,,,N,0,0,0,2,A,-,7,21658,A,M,C,C,A,B,H,-,C,D,0,,,,,Y,,-,99,0,0,0,0,0,0,0,0,0,- ,- ,0,0,2100,2,LOS ANGELES,LOS ANGELES,CA,-118.348979,34.03714371,"LA BREA AVE & 23RD ST, LOS ANGELES, CA",LA BREA AVE,23RD ST,128032,
-118.3225121,34.00367355,30789,8799554,2019,2019-02-25T00:00:00.000Z,1942,2019-02-10T00:00:00.000Z,2000,39299,392,7,5,7,1942,0,0,0,C,0,3A73,W VERNON AV,5TH AV,0,,Y,B,-,N,,0,0,,,0,,,,N,4,0,3,2,A,-,8,22107,,F,B,C,A,A,H,-,C,A,0,,,,,Y,,-,99,0,0,3,0,0,0,0,0,0,- ,- ,0,0,2100,2,LOS ANGELES,LOS ANGELES,CA,-118.3225121,34.00367355,"W VERNON AVE & 5TH AVE, LOS ANGELES, CA",W VERNON AVE,5TH AVE,103312,
-118.2827121,33.95975113,30790,8800885,2019,2019-02-22T00:00:00.000Z,1942,2019-02-06T00:00:00.000Z,1915,42665,1802,3,5,7,1942,0,0,0,R,0,18A1,FIGUEROA ST,MANCHESTER AV,115,S,N,A,-,N,,0,0,,,0,,,,N,4,0,1,2,A,-,9,21804,A,N,D,C,A,A,H,-,C,B,0,,,,,Y,,A,7,0,0,1,0,0,0,0,0,0,- ,- ,0,0,2100,2,LOS ANGELES,LOS ANGELES,CA,-118.2827121,33.95975113,"FIGUEROA ST & MANCHESTER AVE, LOS ANGELES, CA",FIGUEROA ST,MANCHESTER AVE,106686,
-118.2991621,34.03089523,30791,8800935,2019,2019-03-29T00:00:00.000Z,1942,2019-02-02T00:00:00.000Z,2055,37688,326,6,5,7,1942,0,0,0,C,0,3A55,27TH ST,KENWOOD AV,0,,Y,B,-,N,,0,0,,,0,,,,Y,2,0,1,2,A,-,9,21802,A,N,D,C,A,B,H,-,C,A,0,,,,,Y,Y,A,1,1,0,0,0,0,0,0,0,0,- ,- ,0,0,2100,2,LOS ANGELES,LOS ANGELES,CA,-118.2991621,34.03089523,"27TH ST & KENWOOD AVE, LOS ANGELES, CA",27TH ST,KENWOOD AVE,99942,
-118.2651592,33.94014359,30792,8801108,2019,2019-02-25T00:00:00.000Z,1942,2019-02-06T00:00:00.000Z,2040,40670,1834,3,5,7,1942,0,0,0,R,0,R162,106TH ST,AVALON BL,10,E,N,A,-,N,,0,0,,,0,,,,N,0,0,0,2,A,-,8,22107,,M,C,E,A,A,H,-,C,D,0,,,,,Y,Y,-,99,0,0,0,0,0,0,0,0,0,- ,- ,0,0,2100,2,LOS ANGELES,LOS ANGELES,CA,-118.2651592,33.94014359,"106TH ST & AVALON BLVD, LOS ANGELES, CA",106TH ST,AVALON BLVD,145310,
-118.2614321,33.9747467,30793,8801154,2019,2019-02-22T00:00:00.000Z,1942,2019-02-01T00:00:00.000Z,1850,42926,1259,5,5,7,1942,0,0,0,L,0,12A69,FLORENCE AV,MCKINLEY AV,0,,Y,B,-,N,,0,0,,,0,,,,Y,4,0,1,2,A,-,1,23152,A,N,A,C,A,A,H,-,C,A,0,,,,,Y,Y,A,1,0,0,1,0,0,0,0,0,0,- ,- ,0,0,2100,2,LOS ANGELES,LOS ANGELES,CA,-118.2614321,33.9747467,"FLORENCE AVE & MCKINLEY AVE, LOS ANGELES, CA",FLORENCE AVE,MCKINLEY AVE,99556,
-118.440004,34.20484161,30794,8802177,2019,2019-03-19T00:00:00.000Z,1942,2019-02-17T00:00:00.000Z,1855,36336,906,7,5,7,1942,0,0,0,I,0,9A5,HAZELTINE AV,VALERIO ST,10,N,N,A,-,N,,0,0,,,0,,,,N,0,0,0,2,A,-,1,23152,A,N,B,C,A,A,H,-,C,D,0,,,,,Y,Y,A,1,0,0,0,0,0,0,0,0,0,- ,- ,0,0,2100,2,LOS ANGELES,LOS ANGELES,CA,-118.440004,34.20484161,"HAZELTINE AVE & VALERIO ST, LOS ANGELES, CA",HAZELTINE AVE,VALERIO ST,150251,
-118.4763813,34.242836,30795,8802181,2019,2019-03-19T00:00:00.000Z,1942,2019-02-15T00:00:00.000Z,2000,32372,1779,5,5,7,1942,0,0,0,Q,0,17A95,PLUMMER ST,HASKELL AV,30,W,N,B,C,N,,0,0,,,0,,,,N,0,0,0,2,A,-,1,23152,A,N,C,C,A,B,H,-,C,A,0,,,,,Y,Y,A,1,0,0,0,0,0,0,0,0,0,- ,- ,0,0,2100,2,LOS ANGELES,LOS ANGELES,CA,-118.4763813,34.242836,"PLUMMER ST & HASKELL AVE, LOS ANGELES, CA",PLUMMER ST,HASKELL AVE,104980,
-118.2460467,34.05774689,30796,8802190,2019,2019-03-18T00:00:00.000Z,1942,2019-02-09T00:00:00.000Z,1920,39062,122,6,5,7,1942,0,0,0,A,0,1A1,TEMPLE ST,GRAND AV,200,E,N,A,-,N,,0,0,,,0,,,,N,0,0,0,2,A,-,4,21703,,M,C,C,A,A,H,-,C,D,0,,,,,Y,Y,A,7,0,0,0,0,0,0,0,0,0,- ,- ,0,0,2100,2,LOS ANGELES,LOS ANGELES,CA,-118.2460467,34.05774689,"TEMPLE ST & GRAND AVE, LOS ANGELES, CA",TEMPLE ST,GRAND AVE,128179,
-118.4004249,34.14309692,30797,8802234,2019,2019-03-18T00:00:00.000Z,1942,2019-02-03T00:00:00.000Z,1940,41960,1591,7,5,7,1942,0,0,0,O,0,15A85,VENTURA BL,LAUREL GROVE AV,115,E,N,C,-,N,,0,0,,,0,,,,N,0,0,0,2,A,-,4,21703,,F,C,C,A,B,H,-,B,A,0,,,,,Y,,-,99,0,0,0,0,0,0,0,0,0,- ,- ,0,0,2100,2,LOS ANGELES,LOS ANGELES,CA,-118.4004249,34.14309692,"VENTURA BLVD & LAURELGROVE AVE, LOS ANGELES, CA",VENTURA BLVD,LAURELGROVE AVE,143973,
-118.6147022,34.2009964,30798,8802299,2019,2019-03-06T00:00:00.000Z,1942,2019-02-15T00:00:00.000Z,1845,41749,2134,5,5,7,1942,0,0,0,,0,21A42W,SHERMAN WY,SHOUP AV,0,,Y,B,-,N,,0,0,,,0,,,,Y,4,0,1,2,A,-,1,23152,A,N,C,C,A,B,H,-,C,A,0,,,,,Y,Y,A,8,0,0,1,0,0,0,0,0,0,- ,- ,0,0,2100,2,LOS ANGELES,LOS ANGELES,CA,-118.6147022,34.2009964,"SHERMAN WAY & SHOUP AVE, LOS ANGELES, CA",SHERMAN WAY,SHOUP AVE,97849,
-118.3454454,34.12670898,30799,8802303,2019,2019-03-06T00:00:00.000Z,1942,2019-02-15T00:00:00.000Z,1945,25907,1599,5,5,7,1942,0,0,0,O,0,15A67,CAHUENGA BL W,OAKCREST DR,30,N,N,B,-,N,,0,0,,,0,,,,Y,3,0,2,2,A,-,1,23152,A,N,C,C,A,B,H,-,C,A,0,,,,,Y,Y,A,1,0,2,0,0,0,0,0,0,0,- ,- ,0,0,2100,2,LOS ANGELES,LOS ANGELES,CA,-118.3454454,34.12670898,"CAHUENGA BLVD W & OAKCREST DR, LOS ANGELES, CA",CAHUENGA BLVD W,OAKCREST DR,101101,
-118.4839,34.31962585,30800,8802315,2019,2019-03-06T00:00:00.000Z,1942,2019-02-16T00:00:00.000Z,1840,32372,1901,6,5,7,1942,0,0,0,,0,19A1,FOOTHILL BL,FILBERT ST,40,S,N,A,-,N,,0,0,,,0,,,,N,3,0,1,1,A,-,1,23152,A,N,E,I,A,A,H,-,C,A,0,,,,,Y,Y,A,1,0,1,0,0,0,0,0,0,0,- ,- ,0,0,2100,2,LOS ANGELES,LOS ANGELES,CA,-118.4839,34.31962585,"FOOTHILL BLVD & FILBERT ST, LOS ANGELES, CA",FOOTHILL BLVD,FILBERT ST,115666,
-118.2826421,33.94553375,30801,8802761,2019,2019-02-21T00:00:00.000Z,1942,2019-02-01T00:00:00.000Z,1850,41072,1822,5,5,7,1942,0,0,0,R,0,18A17,FIGUEROA ST,CENTURY BL,0,,Y,C,-,N,,0,0,,,0,,,,N,4,0,1,2,A,-,11,21456,B,N,G,B,B,B,H,-,C,A,0,Y,,,,Y,,N,60,0,0,1,0,1,0,0,0,0,- ,- ,0,0,2100,2,LOS ANGELES,LOS ANGELES,CA,-118.2826421,33.94553375,"FIGUEROA ST & CENTURY BLVD, LOS ANGELES, CA",FIGUEROA ST,CENTURY BLVD,138221,
-118.4751483,34.22135544,30802,8802764,2019,2019-02-20T00:00:00.000Z,1942,2019-02-03T00:00:00.000Z,1955,42309,1799,7,5,7,1942,0,0,0,Q,0,17A95,ROSCOE BL,HASKELL AV,410,E,N,C,-,N,,0,0,,,0,,,,Y,3,0,4,3,A,-,1,23152,A,N,C,C,A,B,H,-,C,D,0,,,,,Y,Y,A,1,0,1,3,0,0,0,0,0,0,- ,- ,0,0,2100,2,LOS ANGELES,LOS ANGELES,CA,-118.4751483,34.22135544,"ROSCOE BLVD & HASKELL AVE, LOS ANGELES, CA",ROSCOE BLVD,HASKELL AVE,104978,
-118.2605624,33.94564438,30803,8803355,2019,2019-03-05T00:00:00.000Z,1942,2019-02-13T00:00:00.000Z,1945,42282,1824,3,5,7,1942,0,0,0,R,0,18A24,CENTURY BL,MCKINLEY AV,85,E,N,C,-,N,,0,0,,,0,,,,N,4,0,1,4,A,-,3,22350,,N,E,I,A,-,H,-,C,A,0,,,,,Y,Y,I,11,0,0,1,0,0,0,0,0,0,- ,- ,0,0,2100,2,LOS ANGELES,LOS ANGELES,CA,-118.2605624,33.94564438,"CENTURY BLVD & MCKINLEY AVE, LOS ANGELES, CA",CENTURY BLVD,MCKINLEY AVE,133719,
-118.2905121,33.85894394,30804,8803468,2019,2019-02-26T00:00:00.000Z,1942,2019-02-13T00:00:00.000Z,1820,42011,505,3,5,7,1942,0,0,0,E,0,5A1,S VERMONT AV,W 190TH ST,0,,Y,C,-,N,,0,0,,,0,,,,Y,4,0,5,2,A,-,9,21801,A,N,D,C,A,B,H,-,C,A,0,,,,,Y,,A,7,0,0,5,0,0,0,0,0,0,- ,- ,0,0,2100,2,LOS ANGELES,LOS ANGELES,CA,-118.2905121,33.85894394,"VERMONT AVE & 190TH ST, LOS ANGELES, CA",VERMONT AVE,190TH ST,110145,
-118.3078521,34.03086472,30805,8803718,2019,2019-02-27T00:00:00.000Z,1942,2019-02-11T00:00:00.000Z,1915,42069,337,1,5,7,1942,0,0,0,C,0,25T25,HOBART ST,27TH ST,0,,Y,A,-,N,,0,0,,,0,,,,N,0,0,0,3,A,-,12,22450,A,M,D,C,A,A,H,-,C,A,0,,,,,Y,,A,1,0,0,0,0,0,0,0,0,0,- ,- ,0,0,2100,2,LOS ANGELES,LOS ANGELES,CA,-118.3078521,34.03086472,"HOBART BLVD & 27TH ST, LOS ANGELES, CA",HOBART BLVD,27TH ST,149140,
-118.2564759,33.95959473,30806,8803980,2019,2019-03-05T00:00:00.000Z,1942,2019-02-15T00:00:00.000Z,1915,41870,1804,5,5,7,1942,0,0,0,R,0,18A3,CENTRAL AV,MANCHESTER AV,200,S,N,C,-,N,,0,0,,,0,,,,Y,4,0,1,2,A,-,9,21801,A,F,D,C,A,B,H,-,D,D,0,,,,,Y,,-,99,0,0,1,0,0,0,0,0,0,- ,- ,0,0,2100,2,LOS ANGELES,LOS ANGELES,CA,-118.2564759,33.95959473,"CENTRAL AVE & MANCHESTER AVE, LOS ANGELES, CA",CENTRAL AVE,MANCHESTER AVE,120742,
-118.2818302,34.01111603,30807,8803984,2019,2019-03-05T00:00:00.000Z,1942,2019-02-11T00:00:00.000Z,1945,39299,399,1,5,7,1942,0,0,0,C,0,25TL25,MARTIN LUTHER KING JR BL,FIGUEROA ST,280,E,N,A,-,N,,0,0,,,0,,,,Y,3,0,1,1,C,-,18,0,,N,E,I,A,A,H,-,C,A,0,,,,,Y,,-,- ,0,1,0,0,0,0,0,0,0,- ,- ,0,0,2100,2,LOS ANGELES,LOS ANGELES,CA,-118.2818302,34.01111603,"MARTIN LUTHER KING JR BLVD & FIGUEROA ST, LOS ANGELES, CA",MARTIN LUTHER KING JR BLVD,FIGUEROA ST,148988,
-118.3021898,33.719944,30808,8804033,2019,2019-02-28T00:00:00.000Z,1942,2019-02-02T00:00:00.000Z,1900,41167,585,6,5,7,1942,0,0,0,,0,5A59,WALKER AV,27TH ST,190,S,N,A,-,N,,0,0,,,0,,,,N,0,0,0,2,A,-,7,21658,A,M,B,E,A,B,H,-,C,D,0,,,,,Y,,-,99,0,0,0,0,0,0,0,0,0,- ,- ,0,0,2100,2,LOS ANGELES,LOS ANGELES,CA,-118.3021898,33.719944,"WALKER AVE & 27TH ST, LOS ANGELES, CA",WALKER AVE,27TH ST,149286,
-118.2576383,34.04563522,30809,8804454,2019,2019-03-11T00:00:00.000Z,1942,2019-02-06T00:00:00.000Z,1830,34426,162,3,5,7,1942,0,0,0,A,0,1A61,8TH ST,GRAND AV,120,E,N,A,-,N,,0,0,,,0,,,,N,0,0,0,2,A,-,6,21750,A,M,B,C,A,A,H,-,C,D,0,,,,,Y,,-,99,0,0,0,0,0,0,0,0,0,- ,- ,0,0,2100,2,LOS ANGELES,LOS ANGELES,CA,-118.2576383,34.04563522,"8TH ST & GRAND AVE (DOWNTOWN), LOS ANGELES, CA",8TH ST,GRAND AVE (DOWNTOWN),103562,
-118.3698621,34.03443527,30810,8804485,2019,2019-03-05T00:00:00.000Z,1942,2019-02-17T00:00:00.000Z,2010,43106,301,7,5,7,1942,0,0,0,,0,3A1,WASHINGTON BL,FAIRFAX AV,0,,Y,A,-,N,,0,0,,,0,,,,N,2,0,1,2,A,-,11,21453,D,N,G,B,B,A,H,-,C,A,0,Y,,,,Y,,N,60,1,0,0,0,1,0,0,0,0,- ,- ,0,0,2100,2,LOS ANGELES,LOS ANGELES,CA,-118.3698621,34.03443527,"WASHINGTON BLVD & FAIRFAX AVE, LOS ANGELES, CA",WASHINGTON BLVD,FAIRFAX AVE,121052,
-118.270098,34.04507065,30812,8804500,2019,2019-03-06T00:00:00.000Z,1942,2019-02-05T00:00:00.000Z,1900,33130,181,2,5,7,1942,0,0,0,A,0,1A61,LA LIVE WY,11TH ST,10,S,N,A,-,N,,0,0,,,0,,,,Y,4,0,1,2,A,-,4,21703,,N,C,C,A,A,H,-,C,D,0,,,,,Y,,A,1,0,0,1,0,0,0,0,0,0,- ,- ,0,0,2100,2,LOS ANGELES,LOS ANGELES,CA,-118.270098,34.04507065,"LA LIVE WAY & 11TH ST, LOS ANGELES, CA",LA LIVE WAY,11TH ST,102071,
-118.3176994,34.03420258,30813,8804501,2019,2019-03-05T00:00:00.000Z,1942,2019-02-20T00:00:00.000Z,1820,42011,315,3,5,7,1942,0,0,0,C,0,3A15,ARLINGTON AV,25TH ST,138,N,N,B,-,N,,0,0,,,0,,,,,4,0,2,2,A,-,7,21658,A,F,B,C,A,B,H,-,C,D,0,,,,,Y,,-,99,0,0,2,0,0,0,0,0,0,- ,- ,0,0,2100,2,LOS ANGELES,LOS ANGELES,CA,-118.3176994,34.03420258,"ARLINGTON AVE & 25TH ST, LOS ANGELES, CA",ARLINGTON AVE,25TH ST,128056,
-118.3307748,33.98897553,30815,8804511,2019,2019-03-06T00:00:00.000Z,1942,2019-02-22T00:00:00.000Z,1930,42118,1232,5,5,7,1942,0,0,0,L,0,12A31,SLAUSON AV,CRENSHAW BL,60,E,N,A,-,N,,0,0,,,0,,,,N,4,0,3,3,A,-,3,22350,,N,C,C,A,A,H,-,C,A,0,,,,,Y,,A,7,0,0,3,0,0,0,0,0,0,- ,- ,0,0,2100,2,LOS ANGELES,LOS ANGELES,CA,-118.3307748,33.98897552,"SLAUSON AVE & CRENSHAW BLVD, LOS ANGELES, CA",SLAUSON AVE,CRENSHAW BLVD,102336,
-118.2764021,34.08865356,30816,8804516,2019,2019-03-06T00:00:00.000Z,1942,2019-02-16T00:00:00.000Z,2040,39395,204,6,5,7,1942,0,0,0,B,0,2A5,W SUNSET BL,GOLDEN GATE AV,0,,Y,A,-,N,,0,0,,,0,,,,N,4,0,1,2,A,-,5,21650,1,N,D,G,A,A,H,-,C,D,0,,Y,,,Y,,L,4,0,0,1,0,0,0,1,0,0,- ,- ,0,0,2100,2,LOS ANGELES,LOS ANGELES,CA,-118.2764021,34.08865356,"SUNSET BLVD & GOLDEN GATE AVE, LOS ANGELES, CA",SUNSET BLVD,GOLDEN GATE AVE,114791,
-118.2959322,34.01086426,30817,8804529,2019,2019-03-05T00:00:00.000Z,1942,2019-02-18T00:00:00.000Z,1810,43604,377,1,5,7,1942,0,0,0,C,0,12A93,MARTIN LUTHER KING JR BL,BUDLONG AV,0,,Y,A,-,N,,0,0,,,0,,,,N,4,0,3,2,A,-,1,23152,A,N,D,C,A,A,H,-,C,A,0,,,,,Y,Y,A,8,0,0,3,0,0,0,0,0,0,- ,- ,0,0,2100,2,LOS ANGELES,LOS ANGELES,CA,-118.2959322,34.01086426,"MARTIN LUTHER KING JR BLVD & BUDLONG AVE, LOS ANGELES, CA",MARTIN LUTHER KING JR BLVD,BUDLONG AVE,145335,
-118.2827806,33.90200806,30818,8804533,2019,2019-03-05T00:00:00.000Z,1942,2019-02-12T00:00:00.000Z,1935,41129,1871,2,5,7,1942,0,0,0,R,0,18A97,S FIGUEROA ST,ROSECRANS AV,45,N,N,A,-,N,,0,0,,,0,,,,Y,4,0,3,2,A,-,1,23152,A,N,C,C,A,A,H,-,C,A,0,,,,,Y,Y,A,1,0,0,3,0,0,0,0,0,0,- ,- ,0,0,2100,2,LOS ANGELES,LOS ANGELES,CA,-118.2827806,33.90200806,"FIGUEROA ST & ROSECRANS AVE, LOS ANGELES, CA",FIGUEROA ST,ROSECRANS AVE,117134,
-118.2826121,33.92371368,30819,8804540,2019,2019-03-06T00:00:00.000Z,1942,2019-02-24T00:00:00.000Z,1950,43537,LOSAN,7,5,7,1942,0,0,0,,0,18A63,120TH ST,FIGUEROA,0,,Y,A,-,N,,0,0,,,0,,,,Y,4,0,2,3,A,-,9,21804,A,F,A,C,A,A,H,-,C,A,0,,,,,Y,,-,99,0,0,2,0,0,0,0,0,0,- ,- ,0,0,2100,2,LOS ANGELES,LOS ANGELES,CA,-118.2826121,33.92371368,"120TH ST & FIGUEROA ST, LOS ANGELES, CA",120TH ST,FIGUEROA ST,148806,
-118.2915022,33.98220444,30820,8804551,2019,2019-03-06T00:00:00.000Z,1942,2019-02-23T00:00:00.000Z,1945,40832,1245,6,5,7,1942,0,0,0,L,0,12X8,VERMONT AV,GAGE AV,0,,Y,A,-,N,,0,0,,,0,,,,N,4,0,1,2,A,-,10,21950,C,N,H,G,A,A,H,-,C,A,0,,Y,,,Y,,A,7,0,0,1,0,0,0,1,0,0,- ,- ,0,0,2100,2,LOS ANGELES,LOS ANGELES,CA,-118.2915022,33.98220444,"VERMONT AVE & GAGE AVE, LOS ANGELES, CA",VERMONT AVE,GAGE AVE,119901,
-118.2677921,33.78260422,30821,8804553,2019,2019-03-05T00:00:00.000Z,1942,2019-02-14T00:00:00.000Z,1810,38167,526,4,5,7,1942,0,0,0,E,0,5A58,LAGOON AV,OPP ST,0,,Y,C,-,N,,0,0,,,0,,,,N,4,0,1,2,D,-,0,0,,N,G,B,B,B,H,-,C,-,0,Y,,,,Y,,-,- ,0,0,1,0,1,0,0,0,0,- ,- ,0,0,2100,2,LOS ANGELES,LOS ANGELES,CA,-118.2677921,33.78260422,"LAGOON AVE & OPP ST, LOS ANGELES, CA",LAGOON AVE,OPP ST,131290,