X,Y,OBJECTID,case_id,accident_year,proc_date,juris,collision_date,collision_time,officer_id,reporting_district,day_of_week,chp_shift,population,cnty_city_loc,special_cond,beat_type,chp_beat_type,city_division_lapd,chp_beat_class,beat_number,primary_rd,secondary_rd,distance,direction,intersection,weather_1,weather_2,state_hwy_ind,caltrans_county,caltrans_district,state_route,route_suffix,postmile_prefix,postmile,location_type,ramp_intersection,side_of_hwy,tow_away,collision_severity,number_killed,number_injured,party_count,primary_coll_factor,pcf_code_of_viol,pcf_viol_category,pcf_violation,pcf_viol_subsection,hit_and_run,type_of_collision,mviw,ped_action,road_surface,road_cond_1,road_cond_2,lighting,control_device,chp_road_type,pedestrian_accident,bicycle_accident,motorcycle_accident,truck_accident,not_private_property,alcohol_involved,stwd_vehtype_at_fault,chp_vehtype_at_fault,count_severe_inj,count_visible_inj,count_complaint_pain,count_ped_killed,count_ped_injured,count_bicyclist_killed,count_bicyclist_injured,count_mc_killed,count_mc_injured,primary_ramp,secondary_ramp,latitude,longitude,timecat,month_,city,county,state,point_x,point_y,match_addr,m_primaryrd,m_secondrd,int_id,Flag
-118.3274275,34.10160828,30912,8811341,2019,2019-03-12T00:00:00.000Z,1942,2019-02-20T00:00:00.000Z,1940,41787,636,3,5,7,1942,0,0,0,F,0,6FB34,HOLLYWOOD BL,VINE ST,220,W,N,A,-,N,,0,0,,,0,,,,N,0,0,0,2,A,-,7,21658,A,M,-,E,A,A,H,-,C,D,0,,,,,Y,,-,99,0,0,0,0,0,0,0,0,0,- ,- ,0,0,2100,2,LOS ANGELES,LOS ANGELES,CA,-118.3274275,34.10160828,"HOLLYWOOD BLVD & VINE ST, LOS ANGELES, CA",HOLLYWOOD BLVD,VINE ST,121977,
-118.3878422,34.20118332,30913,8811466,2019,2019-03-20T00:00:00.000Z,1942,2019-02-15T00:00:00.000Z,1830,43255,1504,5,5,7,1942,0,0,0,O,0,15A12,SHERMAN WY,LANKERSHIM BL,0,,Y,C,-,N,,0,0,,,0,,,,Y,3,0,3,2,A,-,9,21801,A,N,A,C,A,B,H,-,C,A,0,,,,,Y,,A,1,0,1,2,0,0,0,0,0,0,- ,- ,0,0,2100,2,LOS ANGELES,LOS ANGELES,CA,-118.3878422,34.20118332,"SHERMAN WAY & LANKERSHIM BLVD, LOS ANGELES, CA",SHERMAN WAY,LANKERSHIM BLVD,143273,
-118.3841928,34.14008713,30914,8811502,2019,2019-03-20T00:00:00.000Z,1942,2019-02-14T00:00:00.000Z,1815,32372,1595,4,5,7,1942,0,0,0,O,0,15A85,VENTURA BL,BLUE CANYON DR,200,E,N,B,-,N,,0,0,,,0,,,,N,4,0,2,3,A,-,4,21703,,N,C,C,A,B,H,-,C,A,0,,,,,Y,,A,1,0,0,2,0,0,0,0,0,0,- ,- ,0,0,2100,2,LOS ANGELES,LOS ANGELES,CA,-118.3841928,34.14008713,"VENTURA BLVD & BLUE CANYON DR, LOS ANGELES, CA",VENTURA BLVD,BLUE CANYON DR,132581,
-118.4618322,34.18301392,30915,8811591,2019,2019-03-14T00:00:00.000Z,1942,2019-02-11T00:00:00.000Z,1920,42489,932,1,5,7,1942,0,0,0,I,0,0W4,ERWIN ST,NOBLE AV,0,,Y,A,-,N,,0,0,,,0,,,,N,4,0,1,2,A,-,5,21202,A,N,D,G,A,A,H,-,C,D,0,,Y,,,Y,,L,4,0,0,1,0,0,0,1,0,0,- ,- ,0,0,2100,2,LOS ANGELES,LOS ANGELES,CA,-118.4618322,34.18301392,"ERWIN ST & NOBLE AVE, LOS ANGELES, CA",ERWIN ST,NOBLE AVE,150502,
-118.4502604,34.24715042,30916,8811684,2019,2019-03-22T00:00:00.000Z,1942,2019-02-28T00:00:00.000Z,1820,32372,1963,4,5,7,1942,0,0,0,,0,19A75,VESPER AV,VAN NUYS PL,137,N,N,B,-,N,,0,0,,,0,,,,Y,4,0,4,4,A,-,5,21650,,N,D,C,A,A,H,-,C,A,0,,,,,Y,,A,1,0,0,4,0,0,0,0,0,0,- ,- ,0,0,2100,2,LOS ANGELES,LOS ANGELES,CA,-118.4502604,34.24715042,"VESPER AVE & VAN NUYS PL, LOS ANGELES, CA",VESPER AVE,VAN NUYS PL,112058,
-118.4181422,34.27426529,30917,8811758,2019,2019-03-15T00:00:00.000Z,1942,2019-02-13T00:00:00.000Z,1840,39825,1612,3,5,7,1942,0,0,0,P,0,,FILMORE ST,HERRICK AV,0,,Y,C,-,N,,0,0,,,0,,,,N,0,0,0,2,A,-,0,20001,,M,B,D,A,B,H,-,C,-,0,,,,,Y,,-,- ,0,0,0,0,0,0,0,0,0,- ,- ,0,0,2100,2,LOS ANGELES,LOS ANGELES,CA,-118.4181422,34.27426529,"FILMORE ST & HERRICK AVE, LOS ANGELES, CA",FILMORE ST,HERRICK AVE,136985,
-118.4487621,34.20118332,30918,8812002,2019,2019-03-01T00:00:00.000Z,1942,2019-02-12T00:00:00.000Z,1825,37353,914,2,5,7,1942,0,0,0,I,0,9A23,VAN NUYS BL,SHERMAN WAY,0,,Y,A,-,N,,0,0,,,0,,,,N,4,0,1,2,A,-,7,21658,A,F,D,C,A,A,H,-,C,A,0,,,,,Y,,-,99,0,0,1,0,0,0,0,0,0,- ,- ,0,0,2100,2,LOS ANGELES,LOS ANGELES,CA,-118.4487621,34.20118332,"VAN NUYS BLVD & SHERMAN WAY, LOS ANGELES, CA",VAN NUYS BLVD,SHERMAN WAY,105050,
-118.4487822,34.2051506,30919,8812010,2019,2019-03-01T00:00:00.000Z,1942,2019-02-12T00:00:00.000Z,2010,40065,906,2,5,7,1942,0,0,0,I,0,9A5,VAN NUYS BL,VALERIO ST,122,N,N,A,-,N,,0,0,,,0,,,,Y,4,0,1,2,A,-,9,21801,A,F,D,C,A,A,H,-,C,D,0,,,,,Y,,A,1,0,0,1,0,0,0,0,0,0,- ,- ,0,0,2100,2,LOS ANGELES,LOS ANGELES,CA,-118.4487822,34.2051506,"VAN NUYS BLVD & VALERIO ST, LOS ANGELES, CA",VAN NUYS BLVD,VALERIO ST,98053,
-118.28458,33.89266586,30920,8812323,2019,2019-03-01T00:00:00.000Z,1942,2019-02-13T00:00:00.000Z,1820,41917,1881,3,5,7,1942,0,0,0,R,0,18A26,REDONDO BEACH BL,FIGUEROA ST,465,W,N,C,-,N,,0,0,,,0,,,,N,2,0,1,2,A,-,7,21658,A,N,-,C,A,B,H,-,C,A,0,,,Y,,Y,,A,1,1,0,0,0,0,0,0,0,1,- ,- ,0,0,2100,2,LOS ANGELES,LOS ANGELES,CA,-118.28458,33.89266586,"REDONDO BEACH BLVD & FIGUEROA ST, LOS ANGELES, CA",REDONDO BEACH BLVD,FIGUEROA ST,103135,
-118.2826822,33.98596573,30921,8812335,2019,2019-03-18T00:00:00.000Z,1942,2019-02-11T00:00:00.000Z,1945,42969,1239,1,5,7,1942,0,0,0,L,0,12A39,FIGUEROA ST,59TH PL,0,,Y,A,-,N,,0,0,,,0,,,,N,3,0,1,2,A,-,12,21453,A,N,-,G,A,-,H,-,C,A,0,,Y,,,Y,,-,- ,0,1,0,0,0,0,1,0,0,- ,- ,0,0,2100,2,LOS ANGELES,LOS ANGELES,CA,-118.2826822,33.98596573,"FIGUEROA ST & 59TH PL, LOS ANGELES, CA",FIGUEROA ST,59TH PL,96066,
-118.3066351,34.05766296,30922,8812341,2019,2019-03-04T00:00:00.000Z,1942,2019-02-09T00:00:00.000Z,1940,41957,2031,6,5,7,1942,0,0,0,,0,20A53,8TH ST,SERRANO AV,10,W,N,A,-,N,,0,0,,,0,,,,N,4,0,1,2,A,-,10,21950,A,N,G,B,B,A,H,-,C,A,0,Y,,,,Y,,A,1,0,0,1,0,1,0,0,0,0,- ,- ,0,0,2100,2,LOS ANGELES,LOS ANGELES,CA,-118.3066351,34.05766296,"8TH ST & SERRANO AVE, LOS ANGELES, CA",8TH ST,SERRANO AVE,96438,
-118.3089421,34.00371552,30923,8812347,2019,2019-03-01T00:00:00.000Z,1942,2019-02-17T00:00:00.000Z,2050,42151,1203,7,5,7,1942,0,0,0,L,0,12XL59,WESTERN AV,VERNON AV,0,,Y,A,-,N,,0,0,,,0,,,,Y,4,0,1,2,A,-,9,21801,A,F,D,C,A,A,H,-,C,A,0,,,,,Y,,-,99,0,0,1,0,0,0,0,0,0,- ,- ,0,0,2100,2,LOS ANGELES,LOS ANGELES,CA,-118.3089421,34.00371552,"WESTERN AVE & VERNON AVE, LOS ANGELES, CA",WESTERN AVE,VERNON AVE,106852,
-118.4573022,34.03053665,30924,8812349,2019,2019-03-04T00:00:00.000Z,1942,2019-02-13T00:00:00.000Z,1930,40690,881,3,5,7,1942,0,0,0,H,0,8A53,EXPOSITION BL,CENTINELA AV,0,,Y,B,-,N,,0,0,,,0,,,,N,4,0,1,2,A,-,10,21950,A,F,G,B,B,B,H,-,C,A,0,Y,,,,Y,,-,99,0,0,1,0,1,0,0,0,0,- ,- ,0,0,2100,2,LOS ANGELES,LOS ANGELES,CA,-118.4573022,34.03053665,"EXPOSITION BLVD & CENTINELA AVE, LOS ANGELES, CA",EXPOSITION BLVD,CENTINELA AVE,137666,
-118.2914963,34.02741623,30925,8812371,2019,2019-03-01T00:00:00.000Z,1942,2019-02-17T00:00:00.000Z,1830,43253,338,7,5,7,1942,0,0,0,C,0,3A41,30TH ST,VERMONT AV,20,E,N,A,-,N,,0,0,,,0,,,,N,4,0,1,2,A,-,21,22106,,F,D,C,A,A,H,-,C,D,0,,,,,Y,,-,99,0,0,1,0,0,0,0,0,0,- ,- ,0,0,2100,2,LOS ANGELES,LOS ANGELES,CA,-118.2914963,34.02741623,"30TH ST & VERMONT AVE, LOS ANGELES, CA",30TH ST,VERMONT AVE,103512,
-118.3493121,34.047966,30926,8812389,2019,2019-03-04T00:00:00.000Z,1942,2019-02-09T00:00:00.000Z,1815,43558,764,6,5,7,1942,0,0,0,G,0,7A76,PICO BL,REDONDO BL,0,,Y,A,-,N,,0,0,,,0,,,,N,3,0,1,2,A,-,9,21801,B,N,A,G,A,A,H,-,C,A,0,,Y,,,Y,,A,1,0,1,0,0,0,0,1,0,0,- ,- ,0,0,2100,2,LOS ANGELES,LOS ANGELES,CA,-118.3493121,34.047966,"PICO BLVD & REDONDO BLVD, LOS ANGELES, CA",PICO BLVD,REDONDO BLVD,127999,
-118.3659518,34.08373261,30927,8812401,2019,2019-02-28T00:00:00.000Z,1942,2019-02-15T00:00:00.000Z,1815,43558,701,5,5,7,1942,0,0,0,G,0,7A76,MELROSE AV,CRESCENT HEIGHTS BL,9,W,N,A,-,N,,0,0,,,0,,,,N,0,0,0,2,A,-,8,22107,,M,B,C,A,B,H,-,C,D,0,,,,,Y,,A,1,0,0,0,0,0,0,0,0,0,- ,- ,0,0,2100,2,LOS ANGELES,LOS ANGELES,CA,-118.3659518,34.0837326,"MELROSE AVE & CRESCENT HEIGHTS BLVD, LOS ANGELES, CA",MELROSE AVE,CRESCENT HEIGHTS BLVD,146062,
-118.36064,34.07139969,30928,8812405,2019,2019-02-28T00:00:00.000Z,1942,2019-02-13T00:00:00.000Z,1925,39409,7,3,5,7,1942,0,0,0,G,0,7XL14,3RD ST,FAIRFAX AV,241,E,N,F,-,N,,0,0,,,0,,,,N,0,0,0,2,A,-,9,21804,A,M,D,C,A,B,H,-,A,A,0,,,,,Y,,-,99,0,0,0,0,0,0,0,0,0,- ,- ,0,0,2100,2,LOS ANGELES,LOS ANGELES,CA,-118.36064,34.07139969,"3RD ST & FAIRFAX AVE, LOS ANGELES, CA",3RD ST,FAIRFAX AVE,125083,
-118.4489922,34.06855393,30929,8812417,2019,2019-02-28T00:00:00.000Z,1942,2019-02-07T00:00:00.000Z,2030,43633,818,4,5,7,1942,0,0,0,H,0,8A53,GAYLEY AV,STRATHMORE DR,0,,Y,A,-,N,,0,0,,,0,,,,N,4,0,1,2,A,-,10,21950,A,N,G,B,B,A,H,-,C,A,0,Y,,,,Y,,A,1,0,0,1,0,1,0,0,0,0,- ,- ,0,0,2100,2,LOS ANGELES,LOS ANGELES,CA,-118.4489922,34.06855392,"GAYLEY AVE & STRATHMORE DR, LOS ANGELES, CA",GAYLEY AVE,STRATHMORE DR,100258,
-118.358814,34.04391861,30930,8812445,2019,2019-02-28T00:00:00.000Z,1942,2019-02-11T00:00:00.000Z,1820,37575,782,1,5,7,1942,0,0,0,G,0,7T23,VENICE BL,HAUSER AVE,50,W,N,A,-,N,,0,0,,,0,,,,N,0,0,0,2,A,-,7,21658,A,M,B,C,A,A,H,-,C,D,0,,,,,Y,,-,99,0,0,0,0,0,0,0,0,0,- ,- ,0,0,2100,2,LOS ANGELES,LOS ANGELES,CA,-118.358814,34.04391861,"VENICE BLVD & HAUSER BLVD, LOS ANGELES, CA",VENICE BLVD,HAUSER BLVD,142047,
-118.2159105,34.0317955,30931,8812578,2019,2019-03-20T00:00:00.000Z,1942,2019-02-24T00:00:00.000Z,1830,34458,477,7,5,7,1942,0,0,0,D,0,4A71,7TH ST,MATHEWS ST,100,W,N,A,-,N,,0,0,,,0,,,,N,0,0,0,2,A,-,21,22106,,M,B,E,A,A,H,-,C,D,0,,,,,Y,,-,99,0,0,0,0,0,0,0,0,0,- ,- ,0,0,2100,2,LOS ANGELES,LOS ANGELES,CA,-118.2159105,34.0317955,"7TH ST & MATHEWS ST, LOS ANGELES, CA",7TH ST,MATHEWS ST,124642,
-118.4963542,34.32182312,30932,8812632,2019,2019-03-22T00:00:00.000Z,1942,2019-02-24T00:00:00.000Z,1810,33620,1901,7,5,7,1942,0,0,0,,0,19A1,FOOTHILL BL,BALBOA BL,192,N,N,A,-,N,,0,0,,,0,,,,N,2,0,1,2,A,-,5,21651,A,N,A,C,A,A,H,-,C,A,0,,,Y,,Y,,D,22,1,0,0,0,0,0,0,0,1,- ,- ,0,0,2100,2,LOS ANGELES,LOS ANGELES,CA,-118.4963542,34.32182312,"FOOTHILL BLVD & BALBOA BLVD, LOS ANGELES, CA",FOOTHILL BLVD,BALBOA BLVD,130107,
-118.5360622,34.19764328,30933,8812829,2019,2019-03-15T00:00:00.000Z,1942,2019-02-04T00:00:00.000Z,2030,42796,1024,1,5,7,1942,0,0,0,J,0,10A39,RESEDA BL,HART ST,0,,Y,B,-,N,,0,0,,,0,,,,N,4,0,1,3,A,-,3,22350,,N,C,C,A,B,H,-,C,A,0,,,,,Y,,A,1,0,0,1,0,0,0,0,0,0,- ,- ,0,0,2100,2,LOS ANGELES,LOS ANGELES,CA,-118.5360622,34.19764328,"RESEDA BLVD & HART ST, LOS ANGELES, CA",RESEDA BLVD,HART ST,126418,
-118.4540319,34.24995422,30934,8812837,2019,2019-04-03T00:00:00.000Z,1942,2019-02-09T00:00:00.000Z,1800,30694,1962,6,5,7,1942,0,0,0,,0,19X62,LASSEN ST,WILLIS AV,100,E,N,A,-,N,,0,0,,,0,,,,Y,4,0,1,2,B,-,22,0,,N,C,E,A,-,H,-,C,D,0,,,,,Y,,A,1,0,0,1,0,0,0,0,0,0,- ,- ,0,0,2100,2,LOS ANGELES,LOS ANGELES,CA,-118.4540319,34.24995422,"LASSEN ST & WILLIS AVE, LOS ANGELES, CA",LASSEN ST,WILLIS AVE,132992,
-118.3055838,33.79046631,30935,8812934,2019,2019-03-13T00:00:00.000Z,1942,2019-02-20T00:00:00.000Z,2000,41760,511,3,5,7,1942,0,0,0,E,0,5XL3,W 257TH ST,PRESIDENT AV,375,W,N,A,-,N,,0,0,,,0,,,,N,3,0,1,2,A,-,11,21954,A,F,G,B,D,B,H,-,C,A,0,Y,,,,Y,,N,60,0,1,0,0,1,0,0,0,0,- ,- ,0,0,2100,2,LOS ANGELES,LOS ANGELES,CA,-118.3055838,33.79046631,"257TH ST & PRESIDENT AVE, LOS ANGELES, CA",257TH ST,PRESIDENT AVE,124299,
-118.2916774,34.01086426,30936,8813005,2019,2019-03-14T00:00:00.000Z,1942,2019-02-21T00:00:00.000Z,1800,43654,LOSAN,4,5,7,1942,0,0,0,,0,3A55,MLK BL,VERMONT AV,35,W,N,A,-,N,,0,0,,,0,,,,N,0,0,0,2,A,-,3,22350,,M,C,C,A,A,H,-,C,A,0,,,,,Y,,-,99,0,0,0,0,0,0,0,0,0,- ,- ,0,0,2100,2,LOS ANGELES,LOS ANGELES,CA,-118.2916774,34.01086426,"MARTIN LUTHER KING JR BLVD & VERMONT AVE, LOS ANGELES, CA",MARTIN LUTHER KING JR BLVD,VERMONT AVE,148827,
-118.2917122,34.07903671,30937,8813194,2019,2019-03-11T00:00:00.000Z,1942,2019-02-09T00:00:00.000Z,1840,34458,212,6,5,7,1942,0,0,0,B,0,2A5,N VERMONT AV,ROSEWOOD AV,0,,Y,A,-,N,,0,0,,,0,,,,N,4,0,1,2,A,-,9,21801,A,N,D,C,A,A,H,-,C,A,0,,,,,Y,,A,1,0,0,1,0,0,0,0,0,0,- ,- ,0,0,2100,2,LOS ANGELES,LOS ANGELES,CA,-118.2917122,34.07903671,"VERMONT AVE & ROSEWOOD AVE, LOS ANGELES, CA",VERMONT AVE,ROSEWOOD AVE,98961,
-118.4382321,33.98191452,30938,8813361,2019,2019-03-20T00:00:00.000Z,1942,2019-02-01T00:00:00.000Z,1815,37511,1454,5,5,7,1942,0,0,0,N,0,14A45,LA VILLA MARINA,MINDANAO WY,0,,Y,B,-,N,,0,0,,,0,,,,Y,3,0,1,3,A,-,12,21453,A,N,A,C,A,A,H,-,C,A,0,,,,,Y,,A,1,0,1,0,0,0,0,0,0,0,- ,- ,0,0,2100,2,LOS ANGELES,LOS ANGELES,CA,-118.4382321,33.98191452,"LA VILLA MARINA & MINDANAO WAY, LOS ANGELES, CA",LA VILLA MARINA,MINDANAO WAY,145841,
-118.4254521,34.02862549,30939,8813385,2019,2019-03-20T00:00:00.000Z,1942,2019-02-15T00:00:00.000Z,1930,43643,1403,5,5,7,1942,0,0,0,N,0,14A26,NATIONAL BL,MILITARY AV,0,,Y,B,-,N,,0,0,,,0,,,,N,2,0,1,2,A,-,11,21456,B,N,G,B,B,B,H,-,C,A,0,Y,,,,Y,,N,60,1,0,0,0,1,0,0,0,0,- ,- ,0,0,2100,2,LOS ANGELES,LOS ANGELES,CA,-118.4254521,34.02862549,"NATIONAL BLVD & MILITARY AVE, LOS ANGELES, CA",NATIONAL BLVD,MILITARY AVE,125130,
-118.3962467,33.95456314,30940,8813413,2019,2019-03-20T00:00:00.000Z,1942,2019-02-04T00:00:00.000Z,1805,42548,1473,1,5,7,1942,0,0,0,N,0,14A28,S SEPULVEDA BL,WESTCHESTER PKWY,12,S,N,A,-,N,,0,0,,,0,,,,N,4,0,1,2,A,-,12,22450,A,N,C,C,A,A,H,-,C,A,0,,,,,Y,,A,1,0,0,1,0,0,0,0,0,0,- ,- ,0,0,2100,2,LOS ANGELES,LOS ANGELES,CA,-118.3962467,33.95456314,"SEPULVEDA BLVD & WESTCHESTER PKY, LOS ANGELES, CA",SEPULVEDA BLVD,WESTCHESTER PKY,98574,
-118.3514622,34.06232452,30941,8813429,2019,2019-03-20T00:00:00.000Z,1942,2019-02-08T00:00:00.000Z,2055,41210,745,5,5,7,1942,0,0,0,G,0,723,WILSHIRE BL,HAUSER BL,0,,Y,A,-,N,,0,0,,,0,,,,Y,3,0,2,2,A,-,9,21801,A,N,D,C,A,A,H,-,C,A,0,,,,,Y,Y,A,1,0,1,1,0,0,0,0,0,0,- ,- ,0,0,2100,2,LOS ANGELES,LOS ANGELES,CA,-118.3514622,34.06232452,"WILSHIRE BLVD & HAUSER BLVD, LOS ANGELES, CA",WILSHIRE BLVD,HAUSER BLVD,147949,
-118.4229348,33.9925766,30942,8813381,2019,2019-03-20T00:00:00.000Z,1942,2019-02-24T00:00:00.000Z,1940,41054,1455,7,5,7,1942,0,0,0,N,0,14A45,S ENTINELA AV,GILMORE AV,127,N,N,A,-,N,,0,0,,,0,,,,N,2,0,1,2,A,-,11,21954,A,N,G,B,D,A,H,-,C,D,0,Y,,,,Y,Y,N,60,1,0,0,0,1,0,0,0,0,- ,- ,0,0,2100,2,LOS ANGELES,LOS ANGELES,CA,-118.4229348,33.9925766,"CENTINELA AVE & GILMORE AVE, LOS ANGELES, CA",CENTINELA AVE,GILMORE AVE,110667,
-118.3537221,34.02719498,30943,8813439,2019,2019-03-07T00:00:00.000Z,1942,2019-02-22T00:00:00.000Z,1845,43555,331,5,5,7,1942,0,0,0,C,0,12A73,LA BREA AV,ROSELAND ST,0,,Y,A,-,N,,0,0,,,0,,,,Y,4,0,2,2,A,-,9,21802,A,N,D,C,A,A,H,-,C,A,0,,,,,Y,,A,1,0,0,2,0,0,0,0,0,0,- ,- ,0,0,2100,2,LOS ANGELES,LOS ANGELES,CA,-118.3537221,34.02719498,"LA BREA AVE & ROSELAND ST, LOS ANGELES, CA",LA BREA AVE,ROSELAND ST,103326,
-118.3968892,34.05524445,30944,8813456,2019,2019-03-12T00:00:00.000Z,1942,2019-02-17T00:00:00.000Z,1805,43323,857,7,5,7,1942,0,0,0,H,0,8A36,PICO BL,SMITHWOOD DR,10,E,N,A,-,N,,0,0,,,0,,,,Y,3,0,5,3,A,-,3,22350,,F,C,C,A,A,H,-,A,A,0,,,,,Y,,-,99,0,5,0,0,0,0,0,0,0,- ,- ,0,0,2100,2,LOS ANGELES,LOS ANGELES,CA,-118.3968892,34.05524445,"PICO BLVD & SMITHWOOD DR, LOS ANGELES, CA",PICO BLVD,SMITHWOOD DR,125246,
-118.4387022,34.0351944,30945,8813464,2019,2019-03-12T00:00:00.000Z,1942,2019-02-19T00:00:00.000Z,1930,41081,LAPD,2,5,7,1942,0,0,0,,0,8A59,PICO BL,SAWTELLE AV,0,,Y,A,-,N,,0,0,,,0,,,,N,3,0,1,2,C,-,18,0,,N,G,B,B,A,H,-,C,C,0,Y,,,,Y,,-,- ,0,1,0,0,1,0,0,0,0,- ,- ,0,0,2100,2,LOS ANGELES,LOS ANGELES,CA,-118.4387022,34.0351944,"PICO BLVD & SAWTELLE BLVD, LOS ANGELES, CA",PICO BLVD,SAWTELLE BLVD,139299,
-118.2941621,34.06528473,30946,8813468,2019,2019-03-12T00:00:00.000Z,1942,2019-02-13T00:00:00.000Z,2000,37405,2027,3,5,7,1942,0,0,0,,0,20A39,S BERENDO ST,5TH ST,40,S,N,C,-,N,,0,0,,,0,,,,N,4,0,1,2,A,-,5,21650,,F,B,C,A,B,H,-,C,D,0,,,,,Y,,-,99,0,0,1,0,0,0,0,0,0,- ,- ,0,0,2100,2,LOS ANGELES,LOS ANGELES,CA,-118.2941621,34.06528473,"BERENDO ST & 5TH ST, LOS ANGELES, CA",BERENDO ST,5TH ST,128767,
-118.2992622,33.85824585,30947,8813503,2019,2019-04-02T00:00:00.000Z,1942,2019-02-23T00:00:00.000Z,1900,43603,504,6,5,7,1942,0,0,0,E,0,5A58,190TH ST,NORMANDIE AV,0,,Y,A,-,N,,0,0,,,0,,,,Y,4,0,1,2,A,-,12,21453,A,N,D,C,A,A,H,-,C,A,0,,,,,Y,,A,1,0,0,1,0,0,0,0,0,0,- ,- ,0,0,2100,2,LOS ANGELES,LOS ANGELES,CA,-118.2992622,33.85824585,"190TH ST & NORMANDIE AVE, LOS ANGELES, CA",190TH ST,NORMANDIE AVE,127785,
-118.304254,34.067173,30948,8813534,2019,2019-03-15T00:00:00.000Z,1942,2019-02-22T00:00:00.000Z,1820,41054,2023,5,5,7,1942,0,0,0,,0,20A13,4TH ST,HARVARD BL,40,W,N,A,-,N,,0,0,,,0,,,,Y,0,0,0,2,A,-,5,21650,,M,B,C,A,A,H,-,C,A,0,,,,,Y,,-,99,0,0,0,0,0,0,0,0,0,- ,- ,0,0,2100,2,LOS ANGELES,LOS ANGELES,CA,-118.304254,34.067173,"4TH ST & HARVARD BLVD, LOS ANGELES, CA",4TH ST,HARVARD BLVD,100680,
-118.3511322,34.08291626,30949,8813555,2019,2019-03-20T00:00:00.000Z,1942,2019-02-21T00:00:00.000Z,2015,42451,702,4,5,7,1942,0,0,0,G,0,7A1,MARTEL AV,MELROSE AV,240,S,N,A,-,N,,0,0,,,0,,,,N,0,0,0,2,A,-,8,22107,,M,B,E,A,A,H,-,C,D,0,,,,,Y,Y,-,99,0,0,0,0,0,0,0,0,0,- ,- ,0,0,2100,2,LOS ANGELES,LOS ANGELES,CA,-118.3511322,34.08291626,"MARTEL AVE & MELROSE AVE, LOS ANGELES, CA",MARTEL AVE,MELROSE AVE,124981,
-118.3268336,34.04761505,30950,8813591,2019,2019-03-20T00:00:00.000Z,1942,2019-02-09T00:00:00.000Z,1840,40010,766,6,5,7,1942,0,0,0,G,0,7A47,CRENSHAW BL,PICO BL,80,S,N,A,-,N,,0,0,,,0,,,,Y,0,0,0,2,A,-,1,23152,A,N,B,C,A,A,H,-,C,A,0,,,,,Y,Y,A,1,0,0,0,0,0,0,0,0,0,- ,- ,0,0,2100,2,LOS ANGELES,LOS ANGELES,CA,-118.3268336,34.04761505,"CRENSHAW BLVD & PICO BLVD, LOS ANGELES, CA",CRENSHAW BLVD,PICO BLVD,117523,
-118.3384317,34.0324173,30951,8813600,2019,2019-03-20T00:00:00.000Z,1942,2019-02-10T00:00:00.000Z,1935,41056,333,7,5,7,1942,0,0,0,C,0,3A31,S WELLINGTON RD,W ADAMS BL,46,S,N,A,-,N,,0,0,,,0,,,,Y,0,0,0,2,A,-,3,22350,,M,D,E,A,A,H,-,C,D,0,,,,,Y,,A,1,0,0,0,0,0,0,0,0,0,- ,- ,0,0,2100,2,LOS ANGELES,LOS ANGELES,CA,-118.3384317,34.0324173,"WELLINGTON RD & ADAMS BLVD, LOS ANGELES, CA",WELLINGTON RD,ADAMS BLVD,113974,
-118.2958821,34.01634216,30952,8813963,2019,2019-03-07T00:00:00.000Z,1942,2019-02-19T00:00:00.000Z,1905,42282,379,2,5,7,1942,0,0,0,C,0,3A57,BUDLONG AV,ROLLAND CURTIS PL,27,S,N,A,-,N,,0,0,,,0,,,,Y,0,0,0,2,A,-,3,22350,,M,B,E,A,A,H,-,C,D,0,,,,,Y,,A,7,0,0,0,0,0,0,0,0,0,- ,- ,0,0,2100,2,LOS ANGELES,LOS ANGELES,CA,-118.2958821,34.01634216,"BUDLONG AVE & ROLLAND CURTIS PL, LOS ANGELES, CA",BUDLONG AVE,ROLLAND CURTIS PL,124377,
-118.2880293,34.08664322,30953,8814138,2019,2019-03-26T00:00:00.000Z,1942,2019-02-14T00:00:00.000Z,1815,41661,203,4,5,7,1942,0,0,0,B,0,2A1,NORMAL AV,VIRGIL AV,345,W,N,B,-,N,,0,0,,,0,,,,Y,0,0,0,2,A,-,1,23152,A,N,B,C,A,A,H,-,C,D,0,,,,,Y,Y,D,22,0,0,0,0,0,0,0,0,0,- ,- ,0,0,2100,2,LOS ANGELES,LOS ANGELES,CA,-118.2880293,34.08664322,"NORMAL AVE & VIRGIL AVE, LOS ANGELES, CA",NORMAL AVE,VIRGIL AVE,111352,
-118.6060932,34.23790741,30954,8814198,2019,2019-03-13T00:00:00.000Z,1942,2019-02-09T00:00:00.000Z,2053,42296,2101,6,5,7,1942,0,0,0,,0,21A1,TOPANGA CANYON BL,PRAIRIE ST,430,S,N,A,-,N,,0,0,,,0,,,,Y,0,0,0,2,A,-,3,22350,,N,C,C,A,A,H,-,C,D,0,,,,,Y,,A,1,0,0,0,0,0,0,0,0,0,- ,- ,0,0,2100,2,LOS ANGELES,LOS ANGELES,CA,-118.6060932,34.23790741,"TOPANGA CANYON BLVD & PRAIRIE ST, LOS ANGELES, CA",TOPANGA CANYON BLVD,PRAIRIE ST,140694,