X,Y,OBJECTID,case_id,accident_year,proc_date,juris,collision_date,collision_time,officer_id,reporting_district,day_of_week,chp_shift,population,cnty_city_loc,special_cond,beat_type,chp_beat_type,city_division_lapd,chp_beat_class,beat_number,primary_rd,secondary_rd,distance,direction,intersection,weather_1,weather_2,state_hwy_ind,caltrans_county,caltrans_district,state_route,route_suffix,postmile_prefix,postmile,location_type,ramp_intersection,side_of_hwy,tow_away,collision_severity,number_killed,number_injured,party_count,primary_coll_factor,pcf_code_of_viol,pcf_viol_category,pcf_violation,pcf_viol_subsection,hit_and_run,type_of_collision,mviw,ped_action,road_surface,road_cond_1,road_cond_2,lighting,control_device,chp_road_type,pedestrian_accident,bicycle_accident,motorcycle_accident,truck_accident,not_private_property,alcohol_involved,stwd_vehtype_at_fault,chp_vehtype_at_fault,count_severe_inj,count_visible_inj,count_complaint_pain,count_ped_killed,count_ped_injured,count_bicyclist_killed,count_bicyclist_injured,count_mc_killed,count_mc_injured,primary_ramp,secondary_ramp,latitude,longitude,timecat,month_,city,county,state,point_x,point_y,match_addr,m_primaryrd,m_secondrd,int_id,Flag
-118.2868122,34.07680512,30955,8814241,2019,2019-04-04T00:00:00.000Z,1942,2019-02-16T00:00:00.000Z,1800,40164,212,6,5,7,1942,0,0,0,B,0,24TL56,TEMPLE ST,VIRGIL AV,0,,N,A,-,N,,0,0,,,0,,,,Y,3,0,1,2,A,-,3,22350,,N,C,C,A,A,H,-,C,A,0,,,,,Y,Y,A,1,0,1,0,0,0,0,0,0,0,- ,- ,0,0,2100,2,LOS ANGELES,LOS ANGELES,CA,-118.2868122,34.07680511,"TEMPLE ST & VIRGIL AVE, LOS ANGELES, CA",TEMPLE ST,VIRGIL AVE,118373,
-118.2764035,34.06930542,30956,8814245,2019,2019-05-03T00:00:00.000Z,1942,2019-02-16T00:00:00.000Z,1805,35735,233,6,5,7,1942,0,0,0,B,0,2A17,BEVERLY BL,RAMPART BL,140,E,N,B,-,N,,0,0,,,0,,,,N,0,0,0,3,A,-,7,21658,A,N,B,C,A,A,H,-,C,D,0,,,,,Y,,A,7,0,0,0,0,0,0,0,0,0,- ,- ,0,0,2100,2,LOS ANGELES,LOS ANGELES,CA,-118.2764035,34.06930542,"BEVERLY BLVD & RAMPART BLVD, LOS ANGELES, CA",BEVERLY BLVD,RAMPART BLVD,97316,
-118.3417121,34.03254318,30957,8814805,2019,2019-03-06T00:00:00.000Z,1942,2019-02-19T00:00:00.000Z,1800,41870,332,2,5,7,1942,0,0,0,,0,3A31,ADAMS BL,WEST BL,0,,Y,A,-,N,,0,0,,,0,,,,N,4,0,1,2,A,-,9,21801,A,F,D,C,A,A,H,-,B,D,0,,,,,Y,,-,99,0,0,1,0,0,0,0,0,0,- ,- ,0,0,2100,2,LOS ANGELES,LOS ANGELES,CA,-118.3417121,34.03254318,"ADAMS BLVD & WEST BLVD, LOS ANGELES, CA",ADAMS BLVD,WEST BLVD,138570,
-118.3524121,34.03250504,30958,8814825,2019,2019-05-03T00:00:00.000Z,1942,2019-02-23T00:00:00.000Z,2045,41983,312,6,5,7,1942,0,0,0,,0,3A31,ADAMS BL,MANSFIELD AV,0,,Y,A,-,N,,0,0,,,0,,,,Y,4,0,3,2,A,-,8,22102,,N,D,C,A,A,H,-,C,D,0,,,,,Y,,A,1,0,0,3,0,0,0,0,0,0,- ,- ,0,0,2100,2,LOS ANGELES,LOS ANGELES,CA,-118.3524121,34.03250504,"ADAMS BLVD & MANSFIELD AVE, LOS ANGELES, CA",ADAMS BLVD,MANSFIELD AVE,96408,
-118.2784122,33.93826675,30960,8814904,2019,2019-03-05T00:00:00.000Z,1942,2019-02-09T00:00:00.000Z,2050,43005,1832,6,5,7,1942,0,0,0,R,0,18X4,BROADWAY,108TH ST,0,,Y,A,-,N,,0,0,,,0,,,,N,3,0,1,2,A,-,11,21456,B,N,G,B,B,A,H,-,C,A,0,Y,,,,Y,Y,N,60,0,1,0,0,1,0,0,0,0,- ,- ,0,0,2100,2,LOS ANGELES,LOS ANGELES,CA,-118.2784122,33.93826675,"BROADWAY & 108TH ST, LOS ANGELES, CA",BROADWAY,108TH ST,147870,
-118.2411821,33.99124527,30961,8814994,2019,2019-03-14T00:00:00.000Z,1942,2019-02-04T00:00:00.000Z,1815,39062,1377,1,5,7,1942,0,0,0,M,0,13A75,E 57TH ST,HOLMES AV,0,,Y,B,-,N,,0,0,,,0,,,,N,2,0,1,2,A,-,11,21954,A,N,G,B,D,B,H,-,C,D,0,Y,,,,Y,Y,-,- ,1,0,0,0,1,0,0,0,0,- ,- ,0,0,2100,2,LOS ANGELES,LOS ANGELES,CA,-118.2411821,33.99124527,"57TH ST & HOLMES AVE, LOS ANGELES, CA",57TH ST,HOLMES AVE,110107,
-118.4425521,34.05913544,30962,8815284,2019,2019-03-21T00:00:00.000Z,1942,2019-02-12T00:00:00.000Z,2055,41210,833,2,5,7,1942,0,0,0,H,0,14T47,WILSHIRE BL,GLENDON AV,0,,Y,A,-,N,,0,0,,,0,,,,Y,3,0,4,3,A,-,1,23152,A,N,D,C,A,A,H,-,C,A,0,,,,,Y,Y,A,1,0,2,2,0,0,0,0,0,0,- ,- ,0,0,2100,2,LOS ANGELES,LOS ANGELES,CA,-118.4425521,34.05913544,"WILSHIRE BLVD & GLENDON AVE, LOS ANGELES, CA",WILSHIRE BLVD,GLENDON AVE,149805,
-118.3666326,34.05155945,30963,8815300,2019,2019-03-21T00:00:00.000Z,1942,2019-02-13T00:00:00.000Z,1840,42273,763,3,5,7,1942,0,0,0,G,0,7A63,FAIRFAX AV,PICO BL,25,N,N,C,-,N,,0,0,,,0,,,,N,4,0,2,2,A,-,3,22350,,F,C,C,A,B,H,-,C,A,0,,,,,Y,,-,99,0,0,2,0,0,0,0,0,0,- ,- ,0,0,2100,2,LOS ANGELES,LOS ANGELES,CA,-118.3666326,34.05155945,"FAIRFAX AVE & PICO BLVD, LOS ANGELES, CA",FAIRFAX AVE,PICO BLVD,149050,
-118.5022082,34.27329636,30964,8815301,2019,2019-03-21T00:00:00.000Z,1942,2019-02-01T00:00:00.000Z,1820,42051,1737,5,5,7,1942,0,0,0,Q,0,17A35,BALBOA BL,SAN FERNANDO MISSION BL,460,N,N,A,-,N,,0,0,,,0,,,,Y,3,0,2,2,A,-,9,21801,A,N,A,C,A,A,H,-,C,D,0,,,,,Y,,A,1,0,1,1,0,0,0,0,0,0,- ,- ,0,0,2100,2,LOS ANGELES,LOS ANGELES,CA,-118.5022082,34.27329636,"BALBOA BLVD & SAN FERNANDO MISSION BLVD, LOS ANGELES, CA",BALBOA BLVD,SAN FERNANDO MISSION BLVD,119554,
-118.5885522,34.23304367,30965,8815302,2019,2019-05-07T00:00:00.000Z,1942,2019-02-21T00:00:00.000Z,2045,42818,1781,4,5,7,1942,0,0,0,Q,0,17A81,DE SOTO AV,OSBORNE ST,0,,Y,A,-,N,,0,0,,,0,,,,Y,4,0,2,2,A,-,9,21802,A,N,B,C,A,A,H,-,C,A,0,,,,,Y,,A,1,0,0,2,0,0,0,0,0,0,- ,- ,0,0,2100,2,LOS ANGELES,LOS ANGELES,CA,-118.5885522,34.23304367,"DE SOTO AVE & OSBORNE ST, LOS ANGELES, CA",DE SOTO AVE,OSBORNE ST,123269,
-118.5623122,34.22822571,30966,8815313,2019,2019-03-21T00:00:00.000Z,1942,2019-02-02T00:00:00.000Z,2030,42821,1792,6,5,7,1942,0,0,0,Q,0,17A81,PARTHENIA ST,CORBIN AV,0,,Y,C,-,N,,0,0,,,0,,,,Y,3,0,3,2,A,-,8,22107,,N,A,C,A,B,H,-,C,A,0,,,,,Y,,A,1,0,1,2,0,0,0,0,0,0,- ,- ,0,0,2100,2,LOS ANGELES,LOS ANGELES,CA,-118.5623122,34.22822571,"PARTHENIA ST & CORBIN AVE, LOS ANGELES, CA",PARTHENIA ST,CORBIN AVE,112815,
-118.5364526,34.25725555,30967,8815317,2019,2019-04-12T00:00:00.000Z,1942,2019-02-02T00:00:00.000Z,1850,43357,1754,6,5,7,1942,0,0,0,Q,0,17A49,DEVONSHIRE BL,RESEDA BL,100,W,N,A,-,N,,0,0,,,0,,,,N,4,0,1,2,A,-,9,21804,,N,D,C,A,B,H,-,C,A,0,,,,,Y,,A,1,0,0,1,0,0,0,0,0,0,- ,- ,0,0,2100,2,LOS ANGELES,LOS ANGELES,CA,-118.5364526,34.25725555,"DEVONSHIRE ST & RESEDA BLVD, LOS ANGELES, CA",DEVONSHIRE ST,RESEDA BLVD,132827,
-118.4454522,34.19391632,30968,8815318,2019,2019-03-21T00:00:00.000Z,1942,2019-02-19T00:00:00.000Z,1942,33504,926,2,5,7,1942,0,0,0,I,0,9A19,VANOWEN ST,LENNOX AV,0,,Y,A,-,N,,0,0,,,0,,,,N,4,0,1,2,A,-,9,21801,A,N,D,C,A,A,H,-,C,A,0,,,,,Y,,A,1,0,0,1,0,0,0,0,0,0,- ,- ,0,0,2100,2,LOS ANGELES,LOS ANGELES,CA,-118.4454522,34.19391632,"VANOWEN ST & LENNOX AVE, LOS ANGELES, CA",VANOWEN ST,LENNOX AVE,129453,
-118.5285738,34.26451492,30969,8815321,2019,2019-03-21T00:00:00.000Z,1942,2019-02-03T00:00:00.000Z,2025,43235,1745,7,5,7,1942,0,0,0,Q,0,17A23,CHATSWORTH ST,LINDLEY AV,400,W,N,C,-,N,,0,0,,,0,,,,N,4,0,1,2,A,-,8,22107,,N,B,C,A,B,H,-,C,D,0,,,,,Y,,A,1,0,0,1,0,0,0,0,0,0,- ,- ,0,0,2100,2,LOS ANGELES,LOS ANGELES,CA,-118.5285738,34.26451492,"CHATSWORTH ST & LINDLEY AVE, LOS ANGELES, CA",CHATSWORTH ST,LINDLEY AVE,136682,
-118.5361181,34.24019241,30970,8815325,2019,2019-03-21T00:00:00.000Z,1942,2019-02-04T00:00:00.000Z,1900,40857,1767,1,5,7,1942,0,0,0,Q,0,17A99,RESEDA BL,VINCENNES ST,275,S,N,C,-,N,,0,0,,,0,,,,Y,4,0,1,3,A,-,4,21703,,N,C,C,A,B,H,-,C,A,0,,,,,Y,,A,1,0,0,1,0,0,0,0,0,0,- ,- ,0,0,2100,2,LOS ANGELES,LOS ANGELES,CA,-118.5361181,34.24019241,"RESEDA BLVD & VINCENNES ST, LOS ANGELES, CA",RESEDA BLVD,VINCENNES ST,108704,
-118.5535822,34.22046661,30971,8815345,2019,2019-03-21T00:00:00.000Z,1942,2019-02-20T00:00:00.000Z,1905,42818,1792,3,5,7,1942,0,0,0,Q,0,17A,ROSCOE BL,TAMPA AV,0,,Y,C,-,N,,0,0,,,0,,,,N,4,0,2,2,A,-,9,21801,A,N,D,C,A,B,H,-,C,A,0,,,,,Y,,A,1,0,0,2,0,0,0,0,0,0,- ,- ,0,0,2100,2,LOS ANGELES,LOS ANGELES,CA,-118.5535822,34.22046661,"ROSCOE BLVD & TAMPA AVE, LOS ANGELES, CA",ROSCOE BLVD,TAMPA AVE,122498,
-118.5168639,34.30057907,30972,8815355,2019,2019-03-21T00:00:00.000Z,1942,2019-02-08T00:00:00.000Z,1815,38817,1715,5,5,7,1942,0,0,0,Q,0,17A49,TROSA ST,NEON WY,10,E,N,A,-,N,,0,0,,,0,,,,N,3,0,1,2,A,-,10,21950,A,N,G,B,B,A,H,-,C,A,0,Y,,,,Y,,A,7,0,1,0,0,1,0,0,0,0,- ,- ,0,0,2100,2,LOS ANGELES,LOS ANGELES,CA,-118.5168639,34.30057907,"TROSA ST & NEON WAY, LOS ANGELES, CA",TROSA ST,NEON WAY,115765,
-118.4558876,34.2012558,30973,8815358,2019,2019-03-21T00:00:00.000Z,1942,2019-02-13T00:00:00.000Z,1800,42285,,3,5,7,1942,0,0,0,,0,,SHERMAN WAY,KESTER AV,480,E,N,C,-,N,,0,0,,,0,,,,Y,4,0,3,3,A,-,4,21703,,N,C,C,A,B,-,-,C,D,0,,,,,Y,,A,1,0,0,3,0,0,0,0,0,0,- ,- ,0,0,2100,2,LOS ANGELES,LOS ANGELES,CA,-118.4558876,34.2012558,"SHERMAN WAY & KESTER AVE, LOS ANGELES, CA",SHERMAN WAY,KESTER AVE,126127,
-118.5448422,34.24274445,30974,8815359,2019,2019-05-07T00:00:00.000Z,1942,2019-02-11T00:00:00.000Z,1830,43630,1767,1,5,7,1942,0,0,0,Q,0,17A67,WILBUR,PLUMMER,0,,Y,A,-,N,,0,0,,,0,,,,Y,3,0,3,2,A,-,9,21801,A,N,A,C,A,A,H,-,C,A,0,,,,,Y,Y,A,1,0,1,2,0,0,0,0,0,0,- ,- ,0,0,2100,2,LOS ANGELES,LOS ANGELES,CA,-118.5448422,34.24274445,"WILBUR AVE & PLUMMER ST, LOS ANGELES, CA",WILBUR AVE,PLUMMER ST,101285,
-118.3743216,34.15764237,30975,8815766,2019,2019-03-18T00:00:00.000Z,1942,2019-02-07T00:00:00.000Z,1935,32372,1555,4,5,7,1942,0,0,0,O,0,15A67,CAMARILLO ST,BELLFLOWER AV,82,E,N,A,-,N,,0,0,,,0,,,,N,2,0,1,2,A,-,11,21954,A,N,G,B,D,A,H,-,C,D,0,Y,,,,Y,,N,60,1,0,0,0,1,0,0,0,0,- ,- ,0,0,2100,2,LOS ANGELES,LOS ANGELES,CA,-118.3743216,34.15764236,"CAMARILLO ST & BELLFLOWER AVE, LOS ANGELES, CA",CAMARILLO ST,BELLFLOWER AVE,135963,
-118.4574722,34.19036484,30976,8815931,2019,2019-03-15T00:00:00.000Z,1942,2019-02-23T00:00:00.000Z,1805,39087,923,6,5,7,1942,0,0,0,I,0,9X84,KESTER AV,KITTRIDGE ST,0,,Y,A,-,N,,0,0,,,0,,,,N,4,0,5,2,A,-,8,22107,,N,C,C,A,A,H,-,C,A,0,,,,,Y,,A,1,0,0,5,0,0,0,0,0,0,- ,- ,0,0,2100,2,LOS ANGELES,LOS ANGELES,CA,-118.4574722,34.19036484,"KESTER AVE & KITTRIDGE ST, LOS ANGELES, CA",KESTER AVE,KITTRIDGE ST,125880,
-118.3878285,34.20085526,30977,8815942,2019,2019-03-15T00:00:00.000Z,1942,2019-02-18T00:00:00.000Z,1900,43255,1504,1,5,7,1942,0,0,0,O,0,15A12,LANKERSHIM BL,SHERMAN WY,120,S,N,A,-,N,,0,0,,,0,,,,N,4,0,5,2,A,-,4,21703,,N,C,C,A,A,H,-,B,A,0,,,,,Y,,A,1,0,0,5,0,0,0,0,0,0,- ,- ,0,0,2100,2,LOS ANGELES,LOS ANGELES,CA,-118.3878285,34.20085526,"LANKERSHIM BLVD & SHERMAN WAY, LOS ANGELES, CA",LANKERSHIM BLVD,SHERMAN WAY,143273,
-118.4316023,34.20117569,30978,8815949,2019,2019-03-15T00:00:00.000Z,1942,2019-02-22T00:00:00.000Z,2000,42579,919,5,5,7,1942,0,0,0,I,0,9A19,SHERMAN WAY,WOODMAN,100,W,N,A,-,N,,0,0,,,0,,,,Y,3,0,2,2,A,-,9,21804,A,N,D,C,A,A,H,-,C,D,0,,,,,Y,,A,1,0,1,1,0,0,0,0,0,0,- ,- ,0,0,2100,2,LOS ANGELES,LOS ANGELES,CA,-118.4316023,34.20117569,"SHERMAN WAY & WOODMAN AVE, LOS ANGELES, CA",SHERMAN WAY,WOODMAN AVE,129131,
-118.5977922,34.17331314,30979,8815955,2019,2019-03-15T00:00:00.000Z,1942,2019-02-21T00:00:00.000Z,1955,39964,2177,4,5,7,1942,0,0,0,,0,21XL98,BURBANK,CANOGA,100,W,N,A,-,N,,0,0,,,0,,,,N,0,0,0,2,A,-,21,22106,,M,H,C,A,A,H,-,D,-,0,,,,,Y,,-,99,0,0,0,0,0,0,0,0,0,- ,- ,0,0,2100,2,LOS ANGELES,LOS ANGELES,CA,-118.5977922,34.17331314,"BURBANK BLVD & CANOGA AVE, LOS ANGELES, CA",BURBANK BLVD,CANOGA AVE,104567,
-118.3720024,34.18667603,30980,8815958,2019,2019-03-15T00:00:00.000Z,1942,2019-02-21T00:00:00.000Z,1900,32642,1527,4,5,7,1942,0,0,0,O,0,15A33,VICTORY BL,VICLAND PL,6,E,N,A,-,N,,0,0,,,0,,,,Y,4,0,1,2,A,-,9,21804,A,N,D,C,A,A,H,-,C,D,0,,,,,Y,,A,1,0,0,1,0,0,0,0,0,0,- ,- ,0,0,2100,2,LOS ANGELES,LOS ANGELES,CA,-118.3720024,34.18667603,"VICTORY BLVD & VICLAND PL, LOS ANGELES, CA",VICTORY BLVD,VICLAND PL,115159,
-118.4487876,34.22154999,30981,8815959,2019,2019-03-15T00:00:00.000Z,1942,2019-02-22T00:00:00.000Z,1910,38613,1985,5,5,7,1942,0,0,0,,0,19A85,VAN NUYS BL,ROSCOE BL,20,N,N,A,-,N,,0,0,,,0,,,,N,0,0,0,2,A,-,7,21658,A,M,B,C,A,A,G,-,C,A,0,,,,,Y,,-,99,0,0,0,0,0,0,0,0,0,- ,- ,0,0,2100,2,LOS ANGELES,LOS ANGELES,CA,-118.4487876,34.22154999,"VAN NUYS BLVD & ROSCOE BLVD, LOS ANGELES, CA",VAN NUYS BLVD,ROSCOE BLVD,104975,
-118.4502922,34.2353363,30982,8815963,2019,2019-03-15T00:00:00.000Z,1942,2019-02-24T00:00:00.000Z,1910,38183,1974,7,5,7,1942,0,0,0,,0,19A85,VAN NUYS BL,NORDHOFF ST,22,S,N,A,-,N,,0,0,,,0,,,,N,0,0,0,2,B,-,22,0,,M,D,C,A,A,H,-,C,D,0,,,,,Y,,-,99,0,0,0,0,0,0,0,0,0,- ,- ,0,0,2100,2,LOS ANGELES,LOS ANGELES,CA,-118.4502922,34.2353363,"VAN NUYS BLVD & NORDHOFF ST, LOS ANGELES, CA",VAN NUYS BLVD,NORDHOFF ST,105003,
-118.3942756,34.15755463,30983,8815964,2019,2019-03-14T00:00:00.000Z,1942,2019-02-19T00:00:00.000Z,1820,41608,1589,2,5,7,1942,0,0,0,O,0,15A44,BEN AV,RIVERSIDE DR,25,S,N,A,-,N,,0,0,,,0,,,,N,2,0,1,2,A,-,11,21954,A,N,G,B,D,A,H,-,C,D,0,Y,,,,Y,,N,60,1,0,0,0,1,0,0,0,0,- ,- ,0,0,2100,2,LOS ANGELES,LOS ANGELES,CA,-118.3942756,34.15755463,"BEN AVE & RIVERSIDE DR, LOS ANGELES, CA",BEN AVE,RIVERSIDE DR,112425,
-118.4679073,34.23551559,30984,8815967,2019,2019-03-15T00:00:00.000Z,1942,2019-02-24T00:00:00.000Z,1900,37353,1971,7,5,7,1942,0,0,0,,0,19A61,NORDHOFF ST,SEPULVEDA BL,50,W,N,A,-,N,,0,0,,,0,,,,N,0,0,0,2,A,-,4,21703,,M,C,C,A,A,H,-,C,D,0,,,,,Y,,-,99,0,0,0,0,0,0,0,0,0,- ,- ,0,0,2100,2,LOS ANGELES,LOS ANGELES,CA,-118.4679073,34.23551559,"NORDHOFF ST & SEPULVEDA BLVD, LOS ANGELES, CA",NORDHOFF ST,SEPULVEDA BLVD,102105,
-118.3790721,34.19395447,30985,8815968,2019,2019-03-14T00:00:00.000Z,1942,2019-02-05T00:00:00.000Z,1800,36713,1516,2,5,7,1942,0,0,0,O,0,15X36,VANOWEN ST,TUJUNGA AV,0,,Y,A,-,N,,0,0,,,0,,,,Y,0,0,0,2,A,-,9,21801,A,N,B,C,A,A,H,-,C,A,0,,,,,Y,,A,1,0,0,0,0,0,0,0,0,0,- ,- ,0,0,2100,2,LOS ANGELES,LOS ANGELES,CA,-118.3790721,34.19395447,"VANOWEN ST & TUJUNGA AVE, LOS ANGELES, CA",VANOWEN ST,TUJUNGA AVE,111742,
-118.4138221,34.18668366,30987,8815994,2019,2019-03-15T00:00:00.000Z,1942,2019-02-27T00:00:00.000Z,2055,38956,1523,3,5,7,1942,0,0,0,O,0,15A33,COLDWATER CANYON AV,VICTORY BL,15,W,N,C,-,N,,0,0,,,0,,,,N,4,0,1,2,A,-,10,21950,A,N,G,B,B,B,H,-,C,A,0,Y,,,,Y,,A,7,0,0,1,0,1,0,0,0,0,- ,- ,0,0,2100,2,LOS ANGELES,LOS ANGELES,CA,-118.4138221,34.18668365,"COLDWATER CANYON AVE & VICTORY BLVD, LOS ANGELES, CA",COLDWATER CANYON AVE,VICTORY BLVD,132823,
-118.3790621,34.20118332,30988,8815996,2019,2019-03-14T00:00:00.000Z,1942,2019-02-24T00:00:00.000Z,1800,42401,1506,7,5,7,1942,0,0,0,O,0,15A12,TUJUNGA AV,SHERMAN WAY,0,,Y,A,-,N,,0,0,,,0,,,,N,0,0,0,3,A,-,12,21453,A,M,D,C,A,A,H,-,C,A,0,,,,,Y,,-,,0,0,0,0,0,0,0,0,0,- ,- ,0,0,2100,2,LOS ANGELES,LOS ANGELES,CA,-118.3790621,34.20118332,"TUJUNGA AVE & SHERMAN WAY, LOS ANGELES, CA",TUJUNGA AVE,SHERMAN WAY,132695,
-118.3703821,34.21569443,30989,8816016,2019,2019-04-02T00:00:00.000Z,1942,2019-02-27T00:00:00.000Z,2010,32264,1687,3,5,7,1942,0,0,0,P,0,16X58,VINELAND AV,STRATHERN ST,0,,Y,B,-,N,,0,0,,,0,,,,Y,4,0,3,2,A,-,12,21453,A,N,D,C,A,A,H,-,C,A,0,,,,,Y,,-,- ,0,0,3,0,0,0,0,0,0,- ,- ,0,0,2100,2,LOS ANGELES,LOS ANGELES,CA,-118.3703821,34.21569443,"VINELAND AVE & STRATHERN ST, LOS ANGELES, CA",VINELAND AVE,STRATHERN ST,122243,
-118.5884922,34.20829392,30990,8816030,2019,2019-03-26T00:00:00.000Z,1942,2019-02-20T00:00:00.000Z,1910,42565,2126,3,5,7,1942,0,0,0,,0,21A5,DE SOTO AV,SATICOY ST,0,,Y,B,-,N,,0,0,,,0,,,,Y,4,0,1,2,A,-,9,21801,A,F,D,C,A,B,H,-,C,A,0,,,,,Y,,-,99,0,0,1,0,0,0,0,0,0,- ,- ,0,0,2100,2,LOS ANGELES,LOS ANGELES,CA,-118.5884922,34.20829391,"DE SOTO AVE & SATICOY ST, LOS ANGELES, CA",DE SOTO AVE,SATICOY ST,150720,
-118.5273022,34.18018341,30991,8816035,2019,2019-03-20T00:00:00.000Z,1942,2019-02-19T00:00:00.000Z,1930,40132,1045,2,5,7,1942,0,0,0,J,0,10A47-,LINDLEY AV,OXNARD ST,0,,Y,A,-,N,,0,0,,,0,,,,Y,4,0,3,2,A,-,12,21453,A,N,D,C,A,A,H,-,B,A,0,,,,,Y,,A,1,0,0,3,0,0,0,0,0,0,- ,- ,0,0,2100,2,LOS ANGELES,LOS ANGELES,CA,-118.5273022,34.18018341,"LINDLEY AVE & OXNARD ST, LOS ANGELES, CA",LINDLEY AVE,OXNARD ST,150788,
-118.5621168,34.18655396,30992,8816043,2019,2019-03-20T00:00:00.000Z,1942,2019-02-22T00:00:00.000Z,1850,41274,1031,5,5,7,1942,0,0,0,J,0,21TL61,VICTORY BL,CORBIN AV,38,E,N,A,-,N,,0,0,,,0,,,,N,4,0,1,2,A,-,4,21703,,N,C,C,A,A,H,-,C,A,0,,,,,Y,,A,1,0,0,1,0,0,0,0,0,0,- ,- ,0,0,2100,2,LOS ANGELES,LOS ANGELES,CA,-118.5621168,34.18655396,"VICTORY BLVD & CORBIN AVE, LOS ANGELES, CA",VICTORY BLVD,CORBIN AVE,115034,
-118.4487622,34.21340561,30993,8816050,2019,2019-03-26T00:00:00.000Z,1942,2019-02-23T00:00:00.000Z,2020,41274,1995,6,5,7,1942,0,0,0,,0,19A93,VAN NUYS BL,ARMINTA ST,0,,Y,A,-,N,,0,0,,,0,,,,Y,4,0,2,2,A,-,1,23152,A,N,C,C,A,A,H,-,C,A,0,,,,,Y,Y,A,1,0,0,2,0,0,0,0,0,0,- ,- ,0,0,2100,2,LOS ANGELES,LOS ANGELES,CA,-118.4487622,34.21340561,"VAN NUYS BLVD & ARMINTA ST, LOS ANGELES, CA",VAN NUYS BLVD,ARMINTA ST,102143,
-118.3878222,34.22248459,30994,8816051,2019,2019-03-20T00:00:00.000Z,1942,2019-02-01T00:00:00.000Z,1800,41373,1684,5,5,7,1942,0,0,0,P,0,16X4,LANKERSHIM,TUXFORD ST,0,,Y,A,-,N,,0,0,,,0,,,,Y,4,0,2,2,A,-,3,22350,,N,C,C,A,A,H,-,C,A,0,,,,,Y,,A,1,0,0,2,0,0,0,0,0,0,- ,- ,0,0,2100,2,LOS ANGELES,LOS ANGELES,CA,-118.3878222,34.22248459,"LANKERSHIM BLVD & TUXFORD ST, LOS ANGELES, CA",LANKERSHIM BLVD,TUXFORD ST,132641,
-118.3965322,34.22164536,30995,8816055,2019,2019-03-20T00:00:00.000Z,1942,2019-02-01T00:00:00.000Z,1950,33504,1684,5,5,7,1942,0,0,0,P,0,16A81,LAUREL CANYON BL,ROSCOE BL,0,,Y,B,C,N,,0,0,,,0,,,,Y,3,0,5,2,A,-,9,21801,A,N,D,C,A,B,H,-,C,A,0,,,,,Y,,A,1,0,2,3,0,0,0,0,0,0,- ,- ,0,0,2100,2,LOS ANGELES,LOS ANGELES,CA,-118.3965322,34.22164536,"LAUREL CANYON BLVD & ROSCOE BLVD, LOS ANGELES, CA",LAUREL CANYON BLVD,ROSCOE BLVD,118801,
-118.4296544,34.27318192,30996,8816076,2019,2019-03-20T00:00:00.000Z,1942,2019-02-13T00:00:00.000Z,2010,42565,1622,3,5,7,1942,0,0,0,P,0,16A1,SAN FERNANDO RD,PAXTON ST,552,W,N,C,-,N,,0,0,,,0,,,,Y,4,0,2,2,A,-,9,21801,A,N,D,C,A,B,H,-,C,A,0,,,,,Y,,A,1,0,0,2,0,0,0,0,0,0,- ,- ,0,0,2100,2,LOS ANGELES,LOS ANGELES,CA,-118.4296544,34.27318192,"SAN FERNANDO RD & PAXTON ST, LOS ANGELES, CA",SAN FERNANDO RD,PAXTON ST,151165,
-118.5535522,34.20115662,30997,8816080,2019,2019-03-20T00:00:00.000Z,1942,2019-02-19T00:00:00.000Z,1900,42309,1023,2,5,7,1942,0,0,0,J,0,10A21,SHERMAN WY,TAMPA AV,15,N,N,B,-,N,,0,0,,,0,,,,N,4,0,1,2,A,-,10,21950,A,N,G,B,B,A,H,-,C,A,0,Y,,,,Y,,A,1,0,0,1,0,1,0,0,0,0,- ,- ,0,0,2100,2,LOS ANGELES,LOS ANGELES,CA,-118.5535522,34.20115662,"SHERMAN WAY & TAMPA AVE, LOS ANGELES, CA",SHERMAN WAY,TAMPA AVE,108508,
-118.4677484,34.23496628,30998,8816084,2019,2019-03-20T00:00:00.000Z,1942,2019-02-05T00:00:00.000Z,1930,32199,1972,2,5,7,1942,0,0,0,,0,17L90,SEPULVEDA BL,NORDHOFF ST,200,S,N,A,-,N,,0,0,,,0,,,,N,4,0,1,2,B,-,22,0,,F,B,C,A,A,H,-,C,D,0,,,,,Y,,-,99,0,0,1,0,0,0,0,0,0,- ,- ,0,0,2100,2,LOS ANGELES,LOS ANGELES,CA,-118.4677484,34.23496628,"SEPULVEDA BLVD & NORDHOFF ST, LOS ANGELES, CA",SEPULVEDA BLVD,NORDHOFF ST,102105,
-118.4850622,34.23562622,30999,8816088,2019,2019-03-20T00:00:00.000Z,1942,2019-02-22T00:00:00.000Z,2015,41274,1797,5,5,7,1942,0,0,0,Q,0,17A95,WOODLEY AV,NORDHOFF ST,0,,Y,A,-,N,,0,0,,,0,,,,N,4,0,2,2,A,-,12,21453,A,F,D,C,A,A,H,-,C,A,0,,,,,Y,,-,99,0,0,2,0,0,0,0,0,0,- ,- ,0,0,2100,2,LOS ANGELES,LOS ANGELES,CA,-118.4850622,34.23562622,"WOODLEY AVE & NORDHOFF ST, LOS ANGELES, CA",WOODLEY AVE,NORDHOFF ST,105062,