X,Y,OBJECTID,case_id,accident_year,proc_date,juris,collision_date,collision_time,officer_id,reporting_district,day_of_week,chp_shift,population,cnty_city_loc,special_cond,beat_type,chp_beat_type,city_division_lapd,chp_beat_class,beat_number,primary_rd,secondary_rd,distance,direction,intersection,weather_1,weather_2,state_hwy_ind,caltrans_county,caltrans_district,state_route,route_suffix,postmile_prefix,postmile,location_type,ramp_intersection,side_of_hwy,tow_away,collision_severity,number_killed,number_injured,party_count,primary_coll_factor,pcf_code_of_viol,pcf_viol_category,pcf_violation,pcf_viol_subsection,hit_and_run,type_of_collision,mviw,ped_action,road_surface,road_cond_1,road_cond_2,lighting,control_device,chp_road_type,pedestrian_accident,bicycle_accident,motorcycle_accident,truck_accident,not_private_property,alcohol_involved,stwd_vehtype_at_fault,chp_vehtype_at_fault,count_severe_inj,count_visible_inj,count_complaint_pain,count_ped_killed,count_ped_injured,count_bicyclist_killed,count_bicyclist_injured,count_mc_killed,count_mc_injured,primary_ramp,secondary_ramp,latitude,longitude,timecat,month_,city,county,state,point_x,point_y,match_addr,m_primaryrd,m_secondrd,int_id,Flag
-118.4310446,34.20860672,31000,8816095,2019,2019-03-19T00:00:00.000Z,1942,2019-02-11T00:00:00.000Z,1930,42890,1999,1,5,7,1942,0,0,0,,0,19X84,WOODMAN AV,SATICOY ST,300,S,N,A,-,N,,0,0,,,0,,,,N,4,0,3,2,A,-,3,22350,,N,C,C,A,A,H,-,C,A,0,,,,,Y,,A,1,0,0,3,0,0,0,0,0,0,- ,- ,0,0,2100,2,LOS ANGELES,LOS ANGELES,CA,-118.4310446,34.20860672,"WOODMAN AVE & SATICOY ST, LOS ANGELES, CA",WOODMAN AVE,SATICOY ST,146748,
-118.3253689,34.0618782,29001,8808027,2019,2019-03-22T00:00:00.000Z,1942,2019-02-26T00:00:00.000Z,15,40010,749,2,5,7,1942,0,0,0,G,0,7A47,WILSHIRE BL,FREMONT PL,86,E,N,A,-,N,,0,0,,,0,,,,Y,1,1,0,2,A,-,11,21954,A,N,G,B,E,A,H,-,C,A,0,Y,,,,Y,,N,60,0,0,0,1,0,0,0,0,0,- ,- ,0,0,300,2,LOS ANGELES,LOS ANGELES,CA,-118.3253689,34.0618782,"WILSHIRE BLVD & FREMONT PL, LOS ANGELES, CA",WILSHIRE BLVD,FREMONT PL,130465,
-118.5983874,34.18286133,29002,8809379,2019,2019-03-26T00:00:00.000Z,1942,2019-02-17T00:00:00.000Z,250,38010,2158,7,5,7,1942,0,0,0,,0,21A57,ERWIN ST,CANOGA AV,250,W,N,A,-,N,,0,0,,,0,,,,Y,0,0,0,2,A,-,8,22107,,N,C,E,A,A,H,-,C,D,0,,,,,Y,,A,7,0,0,0,0,0,0,0,0,0,- ,- ,0,0,300,2,LOS ANGELES,LOS ANGELES,CA,-118.5983874,34.18286133,"ERWIN ST & CANOGA AVE, LOS ANGELES, CA",ERWIN ST,CANOGA AVE,151260,
-118.2262524,34.0538826,29003,8809466,2019,2019-03-27T00:00:00.000Z,1942,2019-02-16T00:00:00.000Z,25,37142,441,6,5,7,1942,0,0,0,D,0,4A15,N MISSION RD,RICHMOND ST,950,W,N,B,-,N,,0,0,,,0,,,,Y,4,0,2,2,A,-,3,22350,,N,E,I,A,B,H,-,C,D,0,,,,,Y,,J,48,0,0,2,0,0,0,0,0,0,- ,- ,0,0,300,2,LOS ANGELES,LOS ANGELES,CA,-118.2262524,34.0538826,"MISSION RD & RICHMOND ST, LOS ANGELES, CA",MISSION RD,RICHMOND ST,124645,
-118.2783221,33.99239349,29005,8810056,2019,2019-03-12T00:00:00.000Z,1942,2019-02-03T00:00:00.000Z,10,42926,1371,7,5,7,1942,0,0,0,M,0,13A85,W 55TH ST,S BROADWAY,0,,Y,B,-,N,,0,0,,,0,,,,N,0,0,0,2,A,-,9,21802,A,M,C,C,A,B,H,-,C,A,0,,,,,Y,,-,99,0,0,0,0,0,0,0,0,0,- ,- ,0,0,300,2,LOS ANGELES,LOS ANGELES,CA,-118.2783221,33.99239349,"55TH ST & BROADWAY, LOS ANGELES, CA",55TH ST,BROADWAY,120734,
-118.2433428,34.00805664,29006,8810109,2019,2019-03-22T00:00:00.000Z,1942,2019-02-09T00:00:00.000Z,215,30083,1347,6,5,7,1942,0,0,0,M,0,13A27,LONG BEACH AV,41ST ST,10,S,N,A,-,N,,0,0,,,0,,,,Y,4,0,2,2,A,-,3,22350,,F,C,C,A,A,H,-,C,D,0,,,,,Y,,A,1,0,0,2,0,0,0,0,0,0,- ,- ,0,0,300,2,LOS ANGELES,LOS ANGELES,CA,-118.2433428,34.00805664,"LONG BEACH AVE & 41ST ST, LOS ANGELES, CA",LONG BEACH AVE,41ST ST,145534,
-118.2127821,34.06171417,29007,8810105,2019,2019-03-22T00:00:00.000Z,1942,2019-02-17T00:00:00.000Z,255,43265,443,7,5,7,1942,0,0,0,D,0,4A18,MISSION,SICHEL,0,,Y,A,-,N,,0,0,,,0,,,,Y,3,0,3,2,A,-,1,23152,A,N,D,C,A,A,H,-,C,A,0,,,,,Y,Y,A,1,0,1,2,0,0,0,0,0,0,- ,- ,0,0,300,2,LOS ANGELES,LOS ANGELES,CA,-118.2127821,34.06171417,"MISSION RD & SICHEL ST,, CA",MISSION RD,SICHEL ST,125470,
-118.2702415,34.03749847,29008,8810157,2019,2019-03-22T00:00:00.000Z,1942,2019-02-10T00:00:00.000Z,200,41602,192,7,5,7,1942,0,0,0,A,0,1X44,VENICE BL,FIGUEROA ST,50,W,N,A,-,N,,0,0,,,0,,,,N,4,0,2,2,A,-,3,22350,,F,C,C,A,A,H,-,C,D,0,,,,,Y,,-,99,0,0,2,0,0,0,0,0,0,- ,- ,0,0,300,2,LOS ANGELES,LOS ANGELES,CA,-118.2702415,34.03749847,"VENICE BLVD & FIGUEROA ST, LOS ANGELES, CA",VENICE BLVD,FIGUEROA ST,124652,
-118.4487122,34.15671921,29009,8810254,2019,2019-03-21T00:00:00.000Z,1942,2019-02-15T00:00:00.000Z,230,39059,974,5,5,7,1942,0,0,0,I,0,9A79,VAN NUYS BL,KLING ST,250,N,N,C,-,N,,0,0,,,0,,,,Y,4,0,2,2,A,-,12,21453,A,N,D,C,A,B,H,-,C,A,0,,,,,Y,Y,-,- ,0,0,2,0,0,0,0,0,0,- ,- ,0,0,300,2,LOS ANGELES,LOS ANGELES,CA,-118.4487122,34.15671921,"VAN NUYS BLVD & KLING ST, LOS ANGELES, CA",VAN NUYS BLVD,KLING ST,104701,
-118.4574722,34.18665314,29010,8810283,2019,2019-03-06T00:00:00.000Z,1942,2019-02-06T00:00:00.000Z,20,43510,932,3,5,7,1942,0,0,0,I,0,9A41,VICTORY BL,KESTER AV,0,,Y,A,-,N,,0,0,,,0,,,,Y,3,0,1,2,A,-,9,21800,D,N,D,I,A,A,H,-,D,B,0,,,,,Y,,-,- ,0,1,0,0,0,0,0,0,0,- ,- ,0,0,300,2,LOS ANGELES,LOS ANGELES,CA,-118.4574722,34.18665314,"VICTORY BLVD & KESTER AVE, LOS ANGELES, CA",VICTORY BLVD,KESTER AVE,146982,
-118.5360722,34.20117569,29011,8810339,2019,2019-03-15T00:00:00.000Z,1942,2019-02-23T00:00:00.000Z,130,43717,1025,6,5,7,1942,0,0,0,J,0,10A83,SHERMAN WY,RESEDA,0,,Y,A,-,N,,0,0,,,0,,,,Y,0,0,0,2,A,-,3,22350,,M,B,E,A,A,H,-,C,D,0,,,,,Y,,A,1,0,0,0,0,0,0,0,0,0,- ,- ,0,0,300,2,LOS ANGELES,LOS ANGELES,CA,-118.5360722,34.20117569,"SHERMAN WAY & RESEDA BLVD, LOS ANGELES, CA",SHERMAN WAY,RESEDA BLVD,116039,
-118.5014722,34.30578613,29012,8810343,2019,2019-03-15T00:00:00.000Z,1942,2019-02-16T00:00:00.000Z,230,31087,LA,6,5,7,1942,0,0,0,,0,17A81,BALBOA BL,TENNYSON PL,0,,Y,A,-,N,,0,0,,,0,,,,N,0,0,0,1,A,-,3,22350,,N,E,I,A,B,H,-,C,D,0,,,,,Y,Y,A,1,0,0,0,0,0,0,0,0,0,- ,- ,0,0,300,2,LOS ANGELES,LOS ANGELES,CA,-118.5014722,34.30578613,"BALBOA BLVD & TENNYSON PL, LOS ANGELES, CA",BALBOA BLVD,TENNYSON PL,98225,
-118.4514912,34.25152969,29013,8810359,2019,2019-03-15T00:00:00.000Z,1942,2019-02-24T00:00:00.000Z,230,38687,1956,7,5,7,1942,0,0,0,,0,19A43,WOODMAN AV,MISSION HILLS ESTATES,150,S,N,A,-,N,,0,0,,,0,,,,N,0,0,0,2,A,-,8,22107,,M,B,E,A,A,H,-,C,D,0,,,,,Y,Y,A,1,0,0,0,0,0,0,0,0,0,- ,- ,0,0,300,2,LOS ANGELES,LOS ANGELES,CA,-118.4514912,34.25152969,"WOODMAN AVE & MISSION HILLS ESTATES CT, LOS ANGELES, CA",WOODMAN AVE,MISSION HILLS ESTATES CT,106218,
-118.3369494,34.0471611,29014,8810530,2019,2019-03-08T00:00:00.000Z,1942,2019-02-08T00:00:00.000Z,220,43183,765,5,5,7,1942,0,0,0,G,0,7A69,VENICE BL,SAN VICENTE BL,10,E,N,A,-,N,,0,0,,,0,,,,Y,4,0,1,2,A,-,8,22107,,F,B,C,A,A,H,-,C,A,0,,,,,Y,,-,99,0,0,1,0,0,0,0,0,0,- ,- ,0,0,300,2,LOS ANGELES,LOS ANGELES,CA,-118.3369494,34.0471611,"VENICE BLVD & SAN VICENTE BLVD, LOS ANGELES, CA",VENICE BLVD,SAN VICENTE BLVD,126866,
-118.3092121,34.09074402,29015,8810795,2019,2019-03-13T00:00:00.000Z,1942,2019-02-26T00:00:00.000Z,200,43446,678,2,5,7,1942,0,0,0,F,0,6A37,WESTERN AV,SANTA MONICA BL,0,,Y,A,-,N,,0,0,,,0,,,,N,3,0,1,2,A,-,10,21950,A,F,G,B,B,A,H,-,C,A,0,Y,,,,Y,Y,-,99,0,1,0,0,1,0,0,0,0,- ,- ,0,0,300,2,LOS ANGELES,LOS ANGELES,CA,-118.3092121,34.09074402,"WESTERN AVE & SANTA MONICA BLVD, LOS ANGELES, CA",WESTERN AVE,SANTA MONICA BLVD,135548,
-118.4642647,34.04726028,29016,8811353,2019,2019-03-12T00:00:00.000Z,1942,2019-02-25T00:00:00.000Z,115,42815,832,1,5,7,1942,0,0,0,H,0,8A35,WESTGATE AV,WILSHIRE BL,140,N,N,A,-,N,,0,0,,,0,,,,N,0,0,0,2,A,-,8,22107,,M,C,E,A,A,H,-,C,D,0,,,,,Y,,-,99,0,0,0,0,0,0,0,0,0,- ,- ,0,0,300,2,LOS ANGELES,LOS ANGELES,CA,-118.4642647,34.04726028,"WESTGATE AVE & WILSHIRE BLVD, LOS ANGELES, CA",WESTGATE AVE,WILSHIRE BLVD,107320,
-118.5404657,34.22064591,29017,8811497,2019,2019-03-19T00:00:00.000Z,1942,2019-02-28T00:00:00.000Z,115,36542,1794,4,5,7,1942,0,0,0,Q,0,17A23,ROSCOE BL,YOLANDA AV,5,E,N,C,-,N,,0,0,,,0,,,,Y,4,0,1,2,A,-,9,21802,A,F,A,C,A,B,H,-,C,D,0,,,,,Y,Y,A,1,0,0,1,0,0,0,0,0,0,- ,- ,0,0,300,2,LOS ANGELES,LOS ANGELES,CA,-118.5404657,34.2206459,"ROSCOE BLVD & YOLANDA AVE, LOS ANGELES, CA",ROSCOE BLVD,YOLANDA AVE,129805,
-118.5885622,34.23552322,29018,8811501,2019,2019-03-19T00:00:00.000Z,1942,2019-02-28T00:00:00.000Z,230,33823,1781,4,5,7,1942,0,0,0,Q,0,17A81,DE SOTO AV,NORDHOFF ST,25,N,N,B,C,N,,0,0,,,0,,,,N,4,0,3,2,A,-,4,21703,,F,C,C,A,B,H,-,C,A,0,,,,,Y,,-,99,0,0,3,0,0,0,0,0,0,- ,- ,0,0,300,2,LOS ANGELES,LOS ANGELES,CA,-118.5885622,34.23552322,"DE SOTO AVE & NORDHOFF ST, LOS ANGELES, CA",DE SOTO AVE,NORDHOFF ST,102204,
-118.3951734,34.14330292,29019,8811531,2019,2019-03-14T00:00:00.000Z,1942,2019-02-24T00:00:00.000Z,230,38119,1591,7,5,7,1942,0,0,0,O,0,15A27,LAUREL CANYON BL,VENTURA BL,100,S,N,A,-,N,,0,0,,,0,,,,N,4,0,1,2,A,-,21,22106,,F,G,B,E,A,H,-,C,D,0,Y,,,,Y,Y,-,99,0,0,1,0,1,0,0,0,0,- ,- ,0,0,300,2,LOS ANGELES,LOS ANGELES,CA,-118.3951734,34.14330292,"LAUREL CANYON BLVD & VENTURA BLVD, LOS ANGELES, CA",LAUREL CANYON BLVD,VENTURA BLVD,126448,
-118.3388329,34.08345413,29020,8811572,2019,2019-03-14T00:00:00.000Z,1942,2019-02-22T00:00:00.000Z,32,43558,706,5,5,7,1942,0,0,0,G,0,7A17,MELROSE AV,HIGHLAND AV,70,W,N,A,-,N,,0,0,,,0,,,,N,0,0,0,2,A,-,3,22350,,M,B,E,A,A,H,-,C,D,0,,,,,Y,,-,99,0,0,0,0,0,0,0,0,0,- ,- ,0,0,300,2,LOS ANGELES,LOS ANGELES,CA,-118.3388329,34.08345413,"MELROSE AVE & HIGHLAND AVE, LOS ANGELES, CA",MELROSE AVE,HIGHLAND AVE,111253,
-118.5499674,34.18658447,29021,8812006,2019,2019-03-01T00:00:00.000Z,1942,2019-02-08T00:00:00.000Z,220,38763,1033,5,5,7,1942,0,0,0,J,0,10A21,VICTORY BL,VANALDEN AV,250,W,N,A,-,N,,0,0,,,0,,,,Y,4,0,1,2,A,-,3,22350,,F,C,C,A,A,H,-,C,A,0,,,,,Y,,-,99,0,0,1,0,0,0,0,0,0,- ,- ,0,0,300,2,LOS ANGELES,LOS ANGELES,CA,-118.5499674,34.18658447,"VICTORY BLVD & VANALDEN AVE, LOS ANGELES, CA",VICTORY BLVD,VANALDEN AVE,148006,
-118.3309859,34.09254456,29022,8812350,2019,2019-03-01T00:00:00.000Z,1942,2019-02-15T00:00:00.000Z,255,40389,666,5,5,7,1942,0,0,0,F,0,6A45,LEXINGTON AV,WILCOX AV,11,E,N,A,-,N,,0,0,,,0,,,,Y,3,0,1,2,A,-,1,23152,A,N,D,C,A,D,H,-,C,A,0,,,,,Y,Y,A,1,0,1,0,0,0,0,0,0,0,- ,- ,0,0,300,2,LOS ANGELES,LOS ANGELES,CA,-118.3309859,34.09254456,"LEXINGTON AVE & WILCOX AVE, LOS ANGELES, CA",LEXINGTON AVE,WILCOX AVE,146251,
-118.3157503,34.08323288,29023,8812337,2019,2019-03-04T00:00:00.000Z,1942,2019-02-11T00:00:00.000Z,5,42935,2001,1,5,7,1942,0,0,0,,0,20A1,VAN NESS,MELROSE,100,S,N,A,-,N,,0,0,,,0,,,,N,4,0,1,2,A,-,11,21955,,N,G,B,D,A,H,-,C,D,0,Y,,,,Y,Y,N,60,0,0,1,0,1,0,0,0,0,- ,- ,0,0,300,2,LOS ANGELES,LOS ANGELES,CA,-118.3157503,34.08323288,"VAN NESS AVE & MELROSE AVE,, CA",VAN NESS AVE,MELROSE AVE,128795,
-118.3360203,34.10155487,29024,8812433,2019,2019-02-28T00:00:00.000Z,1942,2019-02-17T00:00:00.000Z,100,41796,636,7,5,7,1942,0,0,0,F,0,6F818,HOLLYWOOD BL,LAS PALMAS,40,E,N,A,-,N,,0,0,,,0,,,,Y,0,0,0,2,A,-,1,23152,A,M,C,C,A,A,H,-,C,A,0,,,,,Y,Y,A,1,0,0,0,0,0,0,0,0,0,- ,- ,0,0,300,2,LOS ANGELES,LOS ANGELES,CA,-118.3360203,34.10155487,"HOLLYWOOD BLVD & LAS PALMAS AVE, LOS ANGELES, CA",HOLLYWOOD BLVD,LAS PALMAS AVE,139456,
-118.2040121,34.01654434,29025,8812574,2019,2019-03-20T00:00:00.000Z,1942,2019-02-16T00:00:00.000Z,50,25115,497,6,5,7,1942,0,0,0,D,0,4A97,UNION PACIFIC AV,BOYNE ST,0,,Y,A,-,N,,0,0,,,0,,,,Y,0,0,0,1,A,-,3,22350,,M,E,I,A,A,H,-,D,D,0,,,,,Y,,D,22,0,0,0,0,0,0,0,0,0,- ,- ,0,0,300,2,LOS ANGELES,LOS ANGELES,CA,-118.2040122,34.01654434,"UNION PACIFIC AVE & BOYNE ST, LOS ANGELES, CA",UNION PACIFIC AVE,BOYNE ST,134885,
-118.2456441,33.93111038,29026,8812997,2019,2019-03-14T00:00:00.000Z,1942,2019-02-26T00:00:00.000Z,125,43537,LOSAN,2,5,7,1942,0,0,0,,0,10A63,114TH ST,COMPTON AV,200,E,N,A,-,N,,0,0,,,0,,,,Y,0,0,0,6,A,-,3,22350,,M,B,E,A,A,H,-,C,D,0,,,,,Y,,-,99,0,0,0,0,0,0,0,0,0,- ,- ,0,0,300,2,LOS ANGELES,LOS ANGELES,CA,-118.2456441,33.93111038,"114TH ST & COMPTON AVE, LOS ANGELES, CA",114TH ST,COMPTON AVE,131355,
-118.2841921,34.04964066,29027,8813048,2019,2019-03-11T00:00:00.000Z,1942,2019-02-08T00:00:00.000Z,200,40730,281,5,5,7,1942,0,0,0,B,0,2A91,HOOVER ST,12TH ST,100,S,N,A,-,N,,0,0,,,0,,,,N,0,0,0,2,A,-,3,22350,,M,C,C,A,A,H,-,C,D,0,,,,,Y,,-,99,0,0,0,0,0,0,0,0,0,- ,- ,0,0,300,2,LOS ANGELES,LOS ANGELES,CA,-118.2841921,34.04964066,"HOOVER ST & 12TH ST, LOS ANGELES, CA",HOOVER ST,12TH ST,121228,
-118.2520104,34.04486084,29028,8813052,2019,2019-03-11T00:00:00.000Z,1942,2019-02-02T00:00:00.000Z,200,34332,164,6,5,7,1942,0,0,0,A,0,1A35,SPRING ST,7TH ST,150,N,N,A,-,N,,0,0,,,0,,,,N,0,0,0,2,A,-,3,22350,,M,B,E,A,A,H,-,C,A,0,,,,,Y,,-,99,0,0,0,0,0,0,0,0,0,- ,- ,0,0,300,2,LOS ANGELES,LOS ANGELES,CA,-118.2520104,34.04486084,"SPRING ST & 7TH ST, LOS ANGELES, CA",SPRING ST,7TH ST,142166,
-118.3962621,33.93103409,29029,8813527,2019,2019-03-20T00:00:00.000Z,1942,2019-02-14T00:00:00.000Z,20,43471,1494,4,5,7,1942,0,0,0,N,0,14A73,SEPULVEDA BL,IMPERIAL HWY,0,,Y,C,-,N,,0,0,,,0,,,,Y,0,0,0,2,A,-,9,21801,A,M,A,C,A,B,G,-,C,A,0,,,,,Y,,-,99,0,0,0,0,0,0,0,0,0,- ,- ,0,0,300,2,LOS ANGELES,LOS ANGELES,CA,-118.3962621,33.93103409,"SEPULVEDA BLVD & IMPERIAL HWY, LOS ANGELES, CA",SEPULVEDA BLVD,IMPERIAL HWY,102048,
-118.4334697,34.02878952,29031,8813543,2019,2019-03-19T00:00:00.000Z,1942,2019-02-05T00:00:00.000Z,100,42601,RD140,2,5,7,1942,0,0,0,,0,14X56,SAWTELLE BL,IVY PL,90,S,N,C,-,N,,0,0,,,0,,,,Y,0,0,0,1,A,-,1,23152,A,N,E,I,A,B,H,-,C,A,0,,,,,Y,Y,A,1,0,0,0,0,0,0,0,0,0,- ,- ,0,0,300,2,LOS ANGELES,LOS ANGELES,CA,-118.4334697,34.02878952,"SAWTELLE BLVD & IVY PL, LOS ANGELES, CA",SAWTELLE BLVD,IVY PL,146510,
-118.3386821,34.07577515,29032,8813595,2019,2019-03-20T00:00:00.000Z,1942,2019-02-16T00:00:00.000Z,50,42273,727,6,5,7,1942,0,0,0,G,0,7A17,HIGHLAND AV,BEVERLY BL,150,S,N,A,-,N,,0,0,,,0,,,,Y,0,0,0,2,A,-,1,23152,A,N,C,E,A,A,H,-,D,D,0,,,,,Y,,A,7,0,0,0,0,0,0,0,0,0,- ,- ,0,0,300,2,LOS ANGELES,LOS ANGELES,CA,-118.3386821,34.07577515,"HIGHLAND AVE & BEVERLY BLVD, LOS ANGELES, CA",HIGHLAND AVE,BEVERLY BLVD,102250,
-118.2244121,34.12234497,29033,8814312,2019,2019-04-08T00:00:00.000Z,1942,2019-02-02T00:00:00.000Z,105,39759,1136,6,5,7,1942,0,0,0,K,0,11A17,EAGLE ROCK BL,EL PASO DR,0,,N,C,-,N,,0,0,,,0,,,,N,0,0,0,2,A,-,- ,0,,N,D,C,A,B,H,-,C,D,0,,,,,Y,,A,1,0,0,0,0,0,0,0,0,0,- ,- ,0,0,300,2,LOS ANGELES,LOS ANGELES,CA,-118.2244121,34.12234497,"EAGLE ROCK BLVD & EL PASO DR, LOS ANGELES, CA",EAGLE ROCK BLVD,EL PASO DR,102165,
-118.3351429,34.02272034,29034,8814854,2019,2019-03-06T00:00:00.000Z,1942,2019-02-25T00:00:00.000Z,140,43083,334,1,5,7,1942,0,0,0,C,0,3A31,CRENSHAW,EXPOSITION,20,N,N,A,-,N,,0,0,,,0,,,,N,0,0,0,2,A,-,8,22107,,M,B,C,A,A,H,-,C,D,0,,,,,Y,,-,99,0,0,0,0,0,0,0,0,0,- ,- ,0,0,300,2,LOS ANGELES,LOS ANGELES,CA,-118.3351429,34.02272034,"CRENSHAW BLVD & EXPOSITION BLVD, LOS ANGELES, CA",CRENSHAW BLVD,EXPOSITION BLVD,96110,
-118.469746,34.2355423,29035,8796467,2019,2019-02-13T00:00:00.000Z,1942,2019-01-13T00:00:00.000Z,1145,39410,1971,7,5,7,1942,0,0,0,,0,19A61,NORDHOFF ST,LANGDON AV,14,E,N,A,-,N,,0,0,,,0,,,,Y,0,0,0,1,A,-,0,23103,,M,E,I,A,A,H,-,A,A,0,,,,,Y,,A,7,0,0,0,0,0,0,0,0,0,- ,- ,0,0,1200,1,LOS ANGELES,LOS ANGELES,CA,-118.469746,34.2355423,"NORDHOFF ST & LANGDON AVE, LOS ANGELES, CA",NORDHOFF ST,LANGDON AVE,143630,
-118.4183421,34.14743424,29036,8803177,2019,2019-03-20T00:00:00.000Z,1942,2019-01-07T00:00:00.000Z,1011,43380,998,1,5,7,1942,0,0,0,I,0,9A89,ETHEL AV,VALLEYHEART DR,0,,Y,B,-,N,,0,0,,,0,,,,Y,3,0,1,1,A,-,- ,0,,N,E,I,A,B,H,-,A,A,0,,,,,Y,,-,- ,0,1,0,0,0,0,0,0,0,- ,- ,0,0,1200,1,LOS ANGELES,LOS ANGELES,CA,-118.4183421,34.14743423,"ETHEL AVE & VALLEYHEART DR, LOS ANGELES, CA",ETHEL AVE,VALLEYHEART DR,101868,
-118.256538,34.01438522,29037,8814990,2019,2019-03-14T00:00:00.000Z,1942,2019-02-17T00:00:00.000Z,240,39062,1333,7,5,7,1942,0,0,0,M,0,13A43,S CENTRAL AV,33RD ST,212,N,N,A,-,N,,0,0,,,0,,,,Y,2,0,7,7,A,-,1,23152,A,F,B,E,A,A,H,-,C,D,0,,,,,Y,Y,A,1,1,4,2,0,0,0,0,0,0,- ,- ,0,0,300,2,LOS ANGELES,LOS ANGELES,CA,-118.256538,34.01438522,"CENTRAL AVE & 33RD ST, LOS ANGELES, CA",CENTRAL AVE,33RD ST,127939,
-118.2652703,34.00804901,29038,8815002,2019,2019-03-13T00:00:00.000Z,1942,2019-02-21T00:00:00.000Z,220,40325,1343,4,5,7,1942,0,0,0,M,0,13A43,AVALON BL,41ST PL,42,S,N,A,-,N,,0,0,,,0,,,,Y,0,0,0,3,A,-,8,22107,,M,C,E,A,A,H,-,C,A,0,,,,,Y,,A,1,0,0,0,0,0,0,0,0,0,- ,- ,0,0,300,2,LOS ANGELES,LOS ANGELES,CA,-118.2652703,34.00804901,"AVALON BLVD & 41ST PL, LOS ANGELES, CA",AVALON BLVD,41ST PL,99809,
-118.3536713,34.02726364,29039,8815140,2019,2019-03-20T00:00:00.000Z,1942,2019-02-25T00:00:00.000Z,110,41129,312,1,5,7,1942,0,0,0,C,0,3A1,LA BREA AV,ROSELAND ST,30,N,N,A,-,N,,0,0,,,0,,,,Y,0,0,0,2,A,-,3,22350,,M,C,E,A,A,H,-,C,A,0,,,,,Y,,A,1,0,0,0,0,0,0,0,0,0,- ,- ,0,0,300,2,LOS ANGELES,LOS ANGELES,CA,-118.3536713,34.02726364,"LA BREA AVE & ROSELAND ST, LOS ANGELES, CA",LA BREA AVE,ROSELAND ST,103326,
-118.4813258,34.25012207,29040,8815285,2019,2019-03-21T00:00:00.000Z,1942,2019-02-06T00:00:00.000Z,240,35592,1759,3,5,7,1942,0,0,0,Q,0,17A49W,LASSEN ST,MONTGOMERY AV,120,E,N,A,-,N,,0,0,,,0,,,,N,3,0,1,2,A,-,8,22107,,N,C,E,A,A,H,-,C,D,0,,,,,Y,,A,1,0,1,0,0,0,0,0,0,0,- ,- ,0,0,300,2,LOS ANGELES,LOS ANGELES,CA,-118.4813258,34.25012207,"LASSEN ST & MONTGOMERY AVE, LOS ANGELES, CA",LASSEN ST,MONTGOMERY AVE,143586,
-118.3703115,34.18088532,29041,8815901,2019,2019-03-18T00:00:00.000Z,1942,2019-02-27T00:00:00.000Z,15,42818,1527,3,5,7,1942,0,0,0,O,0,15A27,VINELAND AV,CALVERT ST,128,S,N,A,-,N,,0,0,,,0,,,,Y,0,0,0,2,A,-,8,22107,,M,B,E,A,A,H,-,C,D,0,,,,,Y,,D,22,0,0,0,0,0,0,0,0,0,- ,- ,0,0,300,2,LOS ANGELES,LOS ANGELES,CA,-118.3703115,34.18088531,"VINELAND AVE & CALVERT ST, LOS ANGELES, CA",VINELAND AVE,CALVERT ST,115085,
-118.4487022,34.15132523,29042,8815927,2019,2019-03-15T00:00:00.000Z,1942,2019-02-28T00:00:00.000Z,220,37613,985,4,5,7,1942,0,0,0,I,0,9A89,VAN NUYS BL,VENTURA BL,150,N,N,C,-,N,,0,0,,,0,,,,Y,0,0,0,1,A,-,1,23152,A,N,E,I,A,B,H,-,C,-,0,,,,,Y,Y,A,1,0,0,0,0,0,0,0,0,0,- ,- ,0,0,300,2,LOS ANGELES,LOS ANGELES,CA,-118.4487022,34.15132523,"VAN NUYS BLVD & VENTURA BLVD, LOS ANGELES, CA",VAN NUYS BLVD,VENTURA BLVD,143339,
-118.4487322,34.17948532,29043,8815961,2019,2019-03-15T00:00:00.000Z,1942,2019-02-24T00:00:00.000Z,235,39059,LOS,7,5,7,1942,0,0,0,,0,9A41,VAN NUYS BL,OXNARD ST,40,N,N,A,-,N,,0,0,,,0,,,,Y,4,0,3,3,A,-,0,23350,,N,C,E,A,A,H,-,C,A,0,,,,,Y,,A,1,0,0,3,0,0,0,0,0,0,- ,- ,0,0,300,2,LOS ANGELES,LOS ANGELES,CA,-118.4487322,34.17948532,"VAN NUYS BLVD & OXNARD ST, LOS ANGELES, CA",VAN NUYS BLVD,OXNARD ST,139927,
-118.4752723,34.20127487,29044,8815980,2019,2019-03-14T00:00:00.000Z,1942,2019-02-14T00:00:00.000Z,130,43584,1019,4,5,7,1942,0,0,0,J,0,10A99,SHERMAN WAY,HASKELL AV,100,W,N,B,C,N,,0,0,,,0,,,,N,0,0,0,2,A,-,8,22107,,M,B,C,A,B,H,-,C,D,0,,,,,Y,,-,99,0,0,0,0,0,0,0,0,0,- ,- ,0,0,300,2,LOS ANGELES,LOS ANGELES,CA,-118.4752723,34.20127487,"SHERMAN WAY & HASKELL AVE, LOS ANGELES, CA",SHERMAN WAY,HASKELL AVE,119077,
-118.4135911,34.18668366,29045,8815982,2019,2019-03-15T00:00:00.000Z,1942,2019-02-24T00:00:00.000Z,205,41960,1523,7,5,7,1942,0,0,0,O,0,15A33,VICTORY BL,COLDWATER CANYON,70,E,N,A,-,N,,0,0,,,0,,,,,4,0,1,2,A,-,3,22350,,N,C,C,A,A,H,-,C,A,0,,,,,Y,,A,1,0,0,1,0,0,0,0,0,0,- ,- ,0,0,300,2,LOS ANGELES,LOS ANGELES,CA,-118.4135911,34.18668365,"VICTORY BLVD & COLDWATER CANYON AVE, LOS ANGELES, CA",VICTORY BLVD,COLDWATER CANYON AVE,132823,