X,Y,OBJECTID,case_id,accident_year,proc_date,juris,collision_date,collision_time,officer_id,reporting_district,day_of_week,chp_shift,population,cnty_city_loc,special_cond,beat_type,chp_beat_type,city_division_lapd,chp_beat_class,beat_number,primary_rd,secondary_rd,distance,direction,intersection,weather_1,weather_2,state_hwy_ind,caltrans_county,caltrans_district,state_route,route_suffix,postmile_prefix,postmile,location_type,ramp_intersection,side_of_hwy,tow_away,collision_severity,number_killed,number_injured,party_count,primary_coll_factor,pcf_code_of_viol,pcf_viol_category,pcf_violation,pcf_viol_subsection,hit_and_run,type_of_collision,mviw,ped_action,road_surface,road_cond_1,road_cond_2,lighting,control_device,chp_road_type,pedestrian_accident,bicycle_accident,motorcycle_accident,truck_accident,not_private_property,alcohol_involved,stwd_vehtype_at_fault,chp_vehtype_at_fault,count_severe_inj,count_visible_inj,count_complaint_pain,count_ped_killed,count_ped_injured,count_bicyclist_killed,count_bicyclist_injured,count_mc_killed,count_mc_injured,primary_ramp,secondary_ramp,latitude,longitude,timecat,month_,city,county,state,point_x,point_y,match_addr,m_primaryrd,m_secondrd,int_id,Flag
-118.4749522,34.20300674,29046,8816003,2019,2019-03-20T00:00:00.000Z,1942,2019-02-16T00:00:00.000Z,210,42794,1942,6,5,7,1942,0,0,0,,0,10A21,HASKELL AV,WYNDOTTE ST,0,,Y,B,-,N,,0,0,,,0,,,,Y,3,0,1,2,A,-,9,21801,A,N,D,C,A,A,H,-,C,A,0,,,,,Y,,A,1,0,1,0,0,0,0,0,0,0,- ,- ,0,0,300,2,LOS ANGELES,LOS ANGELES,CA,-118.4749522,34.20300674,"HASKELL AVE & WYANDOTTE ST, LOS ANGELES, CA",HASKELL AVE,WYANDOTTE ST,122597,
-118.2779422,34.04097366,29047,8816020,2019,2019-03-20T00:00:00.000Z,1942,2019-02-03T00:00:00.000Z,130,38838,299,7,5,7,1942,0,0,0,B,0,2A91,VENICE BL,TOBERMAN ST,0,,Y,C,-,N,,0,0,,,0,,,,N,3,0,1,2,A,-,3,22350,,F,G,B,D,B,H,-,C,D,0,Y,,,,Y,,-,99,0,1,0,0,1,0,0,0,0,- ,- ,0,0,300,2,LOS ANGELES,LOS ANGELES,CA,-118.2779422,34.04097366,"VENICE BLVD & TOBERMAN ST, LOS ANGELES, CA",VENICE BLVD,TOBERMAN ST,128127,
-118.4037522,34.23197556,29048,8816056,2019,2019-04-11T00:00:00.000Z,1942,2019-02-08T00:00:00.000Z,230,43298,LA,5,5,7,1942,0,0,0,,0,16A77,LAUREL CANYON BL,SHELDON ST,0,,Y,A,-,N,,0,0,,,0,,,,Y,4,0,1,2,A,-,12,21453,A,N,A,C,A,A,H,-,C,A,0,,,,,Y,,-,- ,0,0,1,0,0,0,0,0,0,- ,- ,0,0,300,2,LOS ANGELES,LOS ANGELES,CA,-118.4037522,34.23197556,"LAUREL CANYON BLVD & SHELDON ST, LOS ANGELES, CA",LAUREL CANYON BLVD,SHELDON ST,136712,
-118.4502724,34.23173142,29049,8816091,2019,2019-03-18T00:00:00.000Z,1942,2019-02-17T00:00:00.000Z,30,42251,1985,7,5,7,1942,0,0,0,,0,19A85,VAN NUYS BL,RAYEN ST,20,S,N,B,-,N,,0,0,,,0,,,,N,4,0,1,2,A,-,11,21954,A,N,G,B,D,A,H,-,C,A,0,Y,,,,Y,,N,60,0,0,1,0,1,0,0,0,0,- ,- ,0,0,300,2,LOS ANGELES,LOS ANGELES,CA,-118.4502724,34.23173141,"VAN NUYS BLVD & RAYEN ST, LOS ANGELES, CA",VAN NUYS BLVD,RAYEN ST,136512,
-118.4749322,34.19390869,29050,8816093,2019,2019-03-12T00:00:00.000Z,1942,2019-02-17T00:00:00.000Z,35,34499,1039,7,5,7,1942,0,0,0,J,0,10A83,HASKELL AV,VANOWEN ST,2,S,N,A,-,N,,0,0,,,0,,,,Y,0,0,0,1,A,-,1,23152,A,N,C,C,A,A,H,-,C,A,0,,,,,Y,Y,A,1,0,0,0,0,0,0,0,0,0,- ,- ,0,0,300,2,LOS ANGELES,LOS ANGELES,CA,-118.4749322,34.19390869,"HASKELL AVE & VANOWEN ST, LOS ANGELES, CA",HASKELL AVE,VANOWEN ST,150608,
-118.3834361,34.19188309,29052,8816146,2019,2019-03-11T00:00:00.000Z,1942,2019-02-15T00:00:00.000Z,5,43165,1516,5,5,7,1942,0,0,0,O,0,15A27,BECK AV,ARCHWOOD DR,110,S,N,B,-,N,,0,0,,,0,,,,Y,0,0,0,5,A,-,3,22350,,M,B,E,A,B,H,-,D,D,0,,,,,Y,,A,1,0,0,0,0,0,0,0,0,0,- ,- ,0,0,300,2,LOS ANGELES,LOS ANGELES,CA,-118.3834361,34.19188309,"BECK AVE & ARCHWOOD ST, LOS ANGELES, CA",BECK AVE,ARCHWOOD ST,125732,
-118.3657711,34.15018463,29053,8816150,2019,2019-03-11T00:00:00.000Z,1942,2019-02-15T00:00:00.000Z,35,40810,1566,5,5,7,1942,0,0,0,O,0,15A67,LANKERSHIM BL,MOORPARK ST,78,S,N,A,-,N,,0,0,,,0,,,,Y,0,0,0,2,A,-,3,22350,,M,C,C,A,A,H,-,C,A,0,,,,,Y,,A,1,0,0,0,0,0,0,0,0,0,- ,- ,0,0,300,2,LOS ANGELES,LOS ANGELES,CA,-118.3657711,34.15018463,"LANKERSHIM BLVD & MOORPARK ST, LOS ANGELES, CA",LANKERSHIM BLVD,MOORPARK ST,143135,
-118.521387,34.20838165,29054,8816153,2019,2019-03-11T00:00:00.000Z,1942,2019-02-25T00:00:00.000Z,30,42309,1015,1,5,7,1942,0,0,0,J,0,10A3,SATICOY ST,JAMIESON AV,150,E,N,B,-,N,,0,0,,,0,,,,Y,0,0,0,2,A,-,1,23152,A,M,B,-,A,A,H,-,C,D,0,,,,,Y,Y,A,1,0,0,0,0,0,0,0,0,0,- ,- ,0,0,300,2,LOS ANGELES,LOS ANGELES,CA,-118.521387,34.20838165,"SATICOY ST & JAMIESON AVE, LOS ANGELES, CA",SATICOY ST,JAMIESON AVE,126397,
-118.3704322,34.15240479,29055,8817304,2019,2019-03-14T00:00:00.000Z,1942,2019-02-11T00:00:00.000Z,15,42836,1566,1,5,7,1942,0,0,0,O,0,15A67,RIVERSIDE DR,VINELAND AV,0,,Y,A,-,N,,0,0,,,0,,,,Y,3,0,1,2,A,-,12,21453,A,N,D,C,A,A,H,-,C,A,0,,,,,Y,Y,A,1,0,1,0,0,0,0,0,0,0,- ,- ,0,0,300,2,LOS ANGELES,LOS ANGELES,CA,-118.3704322,34.15240479,"RIVERSIDE DR & VINELAND AVE, LOS ANGELES, CA",RIVERSIDE DR,VINELAND AVE,102318,
-118.4490262,34.15096664,29056,8818397,2019,2019-03-22T00:00:00.000Z,1942,2019-02-28T00:00:00.000Z,250,43510,985,4,5,7,1942,0,0,0,I,0,9A19-W,VENTURA BL,VAN NUYS BL,100,W,N,C,-,N,,0,0,,,0,,,,Y,0,0,0,2,A,-,8,22107,,M,B,E,A,B,H,-,C,D,0,,,,,Y,,-,99,0,0,0,0,0,0,0,0,0,- ,- ,0,0,300,2,LOS ANGELES,LOS ANGELES,CA,-118.4490262,34.15096664,"VENTURA BLVD & VAN NUYS BLVD, LOS ANGELES, CA",VENTURA BLVD,VAN NUYS BLVD,143339,
-118.4312722,34.20117569,29057,8818398,2019,2019-03-25T00:00:00.000Z,1942,2019-02-03T00:00:00.000Z,250,43293,919,7,5,7,1942,0,0,0,I,0,9A23,SHERMAN WY,WOODMAN AV,0,W,N,C,-,N,,0,0,,,0,,,,N,0,0,0,2,A,-,8,22107,,M,B,C,A,B,H,-,C,D,0,,,,,Y,,-,,0,0,0,0,0,0,0,0,0,- ,- ,0,0,300,2,LOS ANGELES,LOS ANGELES,CA,-118.4312722,34.20117569,"SHERMAN WAY & WOODMAN AVE, LOS ANGELES, CA",SHERMAN WAY,WOODMAN AVE,129131,
-118.4455635,34.0490799,29058,8819580,2019,2019-03-11T00:00:00.000Z,1942,2019-02-17T00:00:00.000Z,110,40010,854,7,5,7,1942,0,0,0,H,0,8A35,S SEPULVEDA BL,MASSACHUSETTS AV,25,S,N,A,-,N,,0,0,,,0,,,,N,0,0,0,1,A,-,5,21460,A,M,E,I,A,A,H,-,C,A,0,,,,,Y,,A,1,0,0,0,0,0,0,0,0,0,- ,- ,0,0,300,2,LOS ANGELES,LOS ANGELES,CA,-118.4455635,34.0490799,"SEPULVEDA BLVD & MASSACHUSETTS AVE, LOS ANGELES, CA",SEPULVEDA BLVD,MASSACHUSETTS AVE,146490,
-118.3883834,34.23420715,29059,8821245,2019,2019-04-04T00:00:00.000Z,1942,2019-02-10T00:00:00.000Z,130,36599,1672,7,5,7,1942,0,0,0,P,0,9T57,SAN FERNANDO RD,LANKERSHIM BL,250,W,N,A,-,N,,0,0,,,0,,,,Y,0,0,0,1,A,-,3,22350,,M,E,I,A,B,H,-,C,A,0,,,,,Y,,D,22,0,0,0,0,0,0,0,0,0,- ,- ,0,0,300,2,LOS ANGELES,LOS ANGELES,CA,-118.3883834,34.23420715,"SAN FERNANDO RD & LANKERSHIM BLVD, LOS ANGELES, CA",SAN FERNANDO RD,LANKERSHIM BLVD,119311,
-118.4187662,34.26142502,29060,8821249,2019,2019-03-26T00:00:00.000Z,1942,2019-02-24T00:00:00.000Z,130,32268,1643,7,5,7,1942,0,0,0,P,0,16A23,ILEX AV,PIERCE ST,500,S,N,A,-,N,,0,0,,,0,,,,N,0,0,0,3,A,-,8,22107,,M,B,C,A,A,H,-,D,D,0,,,,Y,Y,,-,99,0,0,0,0,0,0,0,0,0,- ,- ,0,0,300,2,LOS ANGELES,LOS ANGELES,CA,-118.4187662,34.26142502,"ILEX AVE & PIERCE ST, LOS ANGELES, CA",ILEX AVE,PIERCE ST,136959,
-118.4326329,34.27023697,29061,8821253,2019,2019-03-26T00:00:00.000Z,1942,2019-02-17T00:00:00.000Z,230,38687,1622,7,5,7,1942,0,0,0,P,0,16A11,TELFAIR AV,PAXTON ST,350,N,N,A,-,N,,0,0,,,0,,,,N,0,0,0,2,A,-,5,21650,,M,A,E,A,A,H,-,C,D,0,,,,,Y,,-,99,0,0,0,0,0,0,0,0,0,- ,- ,0,0,300,2,LOS ANGELES,LOS ANGELES,CA,-118.4326329,34.27023697,"TELFAIR AVE & PAXTON ST, LOS ANGELES, CA",TELFAIR AVE,PAXTON ST,147655,
-118.3845422,34.19031525,29062,8821424,2019,2019-03-21T00:00:00.000Z,1942,2019-02-19T00:00:00.000Z,210,39222,1516,2,5,7,1942,0,0,0,O,0,15A27,KITTRIDGE ST,LEMP AV,0,,Y,A,-,N,,0,0,,,0,,,,N,3,0,1,3,A,-,1,23152,A,M,D,E,A,A,H,-,C,D,0,,,,,Y,Y,A,1,0,1,0,0,0,0,0,0,0,- ,- ,0,0,300,2,LOS ANGELES,LOS ANGELES,CA,-118.3845422,34.19031525,"KITTRIDGE ST & LEMP AVE, LOS ANGELES, CA",KITTRIDGE ST,LEMP AVE,143249,
-118.4060872,34.17575455,29063,8821436,2019,2019-03-21T00:00:00.000Z,1942,2019-02-23T00:00:00.000Z,130,36733,1531,6,5,7,1942,0,0,0,O,0,15A43,HATTERAS ST,WHITSETT AV,250,W,N,A,-,N,,0,0,,,0,,,,N,0,0,0,3,A,-,8,22107,,M,B,E,A,A,H,-,C,D,0,,,,,Y,,-,99,0,0,0,0,0,0,0,0,0,- ,- ,0,0,300,2,LOS ANGELES,LOS ANGELES,CA,-118.4060872,34.17575455,"HATTERAS ST & WHITSETT AVE, LOS ANGELES, CA",HATTERAS ST,WHITSETT AVE,97401,
-118.429563,34.26184082,29064,8821495,2019,2019-03-27T00:00:00.000Z,1942,2019-02-02T00:00:00.000Z,245,40189,1621,6,5,7,1942,0,0,0,P,0,16A77,HADDON,PINNEY ST,27,S,N,C,-,N,,0,0,,,0,,,,Y,0,0,0,2,A,-,5,21650,,M,A,E,A,B,H,-,C,D,0,,,,,Y,,-,,0,0,0,0,0,0,0,0,0,- ,- ,0,0,300,2,LOS ANGELES,LOS ANGELES,CA,-118.429563,34.26184082,"HADDON AVE & PINNEY ST, LOS ANGELES, CA",HADDON AVE,PINNEY ST,129997,
-118.2600122,34.0608635,29065,8821570,2019,2019-03-25T00:00:00.000Z,1942,2019-02-09T00:00:00.000Z,215,37383,237,6,5,7,1942,0,0,0,,0,2XL11,2ND ST,LUCAS AV,0,,Y,A,-,N,,0,0,,,0,,,,Y,3,0,1,1,A,-,3,22350,,N,E,-,A,A,D,-,C,D,0,,,,,Y,,A,1,0,1,0,0,0,0,0,0,0,- ,- ,0,0,300,2,LOS ANGELES,LOS ANGELES,CA,-118.2600122,34.06086349,"2ND ST & LUCAS AVE, LOS ANGELES, CA",2ND ST,LUCAS AVE,128130,
-118.2091421,34.03350449,29066,8821643,2019,2019-03-22T00:00:00.000Z,1942,2019-02-12T00:00:00.000Z,50,32647,477,2,5,7,1942,0,0,0,D,0,4A71,S CAMULOS ST,GUINDO ST,0,,Y,A,-,N,,0,0,,,0,,,,Y,0,0,0,2,A,-,1,23152,A,N,B,E,A,A,H,-,C,D,0,,,,,Y,Y,A,1,0,0,0,0,0,0,0,0,0,- ,- ,0,0,300,2,LOS ANGELES,LOS ANGELES,CA,-118.2091421,34.03350449,"CAMULOS ST & GUIRADO ST, LOS ANGELES, CA",CAMULOS ST,GUIRADO ST,121179,
-118.2912677,34.09086609,29067,8821674,2019,2019-03-22T00:00:00.000Z,1942,2019-02-25T00:00:00.000Z,230,38233,211,1,5,7,1942,0,0,0,B,0,2A1,SANTA MONICA BL,VERMONT,150,E,N,A,-,N,,0,0,,,0,,,,N,0,0,0,2,A,-,1,23152,A,M,B,C,A,A,H,-,C,A,0,,,,,Y,Y,A,1,0,0,0,0,0,0,0,0,0,- ,- ,0,0,300,2,LOS ANGELES,LOS ANGELES,CA,-118.2912677,34.09086609,"SANTA MONICA BLVD & VERMONT AVE, LOS ANGELES, CA",SANTA MONICA BLVD,VERMONT AVE,128662,
-118.2359476,34.11484146,29068,8823110,2019,2019-04-04T00:00:00.000Z,1942,2019-02-01T00:00:00.000Z,215,25115,1134,5,5,7,1942,0,0,0,K,0,11A89,W AVENUE 35,EAGLE ROCK BL,65,E,N,A,-,N,,0,0,,,0,,,,Y,0,0,0,2,A,-,13,22515,A,N,C,E,A,A,H,-,C,D,0,,,,,Y,,D,22,0,0,0,0,0,0,0,0,0,- ,- ,0,0,300,2,LOS ANGELES,LOS ANGELES,CA,-118.2359476,34.11484146,"AVE 35 & EAGLE ROCK BLVD, LOS ANGELES, CA",AVE 35,EAGLE ROCK BLVD,130261,
-118.2339121,34.04717636,29069,8823455,2019,2019-03-19T00:00:00.000Z,1942,2019-02-16T00:00:00.000Z,220,42369,139,6,5,7,1942,0,0,0,A,0,1A41,2ND ST,VIGNES ST,0,,Y,A,-,N,,0,0,,,0,,,,N,4,0,1,2,A,-,3,22350,,N,C,C,A,B,H,-,C,D,0,,,,,Y,,A,1,0,0,1,0,0,0,0,0,0,- ,- ,0,0,300,2,LOS ANGELES,LOS ANGELES,CA,-118.2339121,34.04717636,"2ND ST & VIGNES ST, LOS ANGELES, CA",2ND ST,VIGNES ST,97293,
-118.2477921,34.00392532,29070,8823479,2019,2019-03-19T00:00:00.000Z,1942,2019-02-10T00:00:00.000Z,1,39062,1346,7,5,7,1942,0,0,0,M,0,13A27,E VERNON AV,COMPTON AV,0,,Y,B,-,N,,0,0,,,0,,,,Y,3,0,2,2,A,-,1,23152,A,N,C,C,A,B,H,-,C,D,0,,,,,Y,Y,A,7,0,1,1,0,0,0,0,0,0,- ,- ,0,0,300,2,LOS ANGELES,LOS ANGELES,CA,-118.2477921,34.00392532,"VERNON AVE & COMPTON AVE, LOS ANGELES, CA",VERNON AVE,COMPTON AVE,145540,
-118.2774494,34.08888626,29071,8823537,2019,2019-03-19T00:00:00.000Z,1942,2019-02-16T00:00:00.000Z,225,36814,204,6,5,7,1942,0,0,0,B,0,2A5,MALTMAN AV,SUNSET BL,350,S,N,B,-,N,,0,0,,,0,,,,Y,0,0,0,3,A,-,1,23152,A,N,B,E,A,B,H,-,C,D,0,,,,,Y,Y,A,1,0,0,0,0,0,0,0,0,0,- ,- ,0,0,300,2,LOS ANGELES,LOS ANGELES,CA,-118.2774494,34.08888626,"MALTMAN AVE & SUNSET BLVD, LOS ANGELES, CA",MALTMAN AVE,SUNSET BLVD,146466,
-118.3509005,34.03255081,29073,8824340,2019,2019-03-22T00:00:00.000Z,1942,2019-02-28T00:00:00.000Z,220,40110,303,4,5,7,1942,0,0,0,C,0,3A1,LA BREA AV,ADAMS BL,15,N,N,C,-,N,,0,0,,,0,,,,N,0,0,0,2,A,-,3,22350,,M,C,C,A,B,H,-,C,A,0,,,,,Y,,-,99,0,0,0,0,0,0,0,0,0,- ,- ,0,0,300,2,LOS ANGELES,LOS ANGELES,CA,-118.3509005,34.03255081,"LA BREA AVE & ADAMS BLVD, LOS ANGELES, CA",LA BREA AVE,ADAMS BLVD,96407,
-118.3133321,34.05283356,29075,8824396,2019,2019-03-22T00:00:00.000Z,1942,2019-02-24T00:00:00.000Z,100,43351,2062,7,5,7,1942,0,0,0,,0,20A53,10TH ST,GRAMERCY PL,0,,Y,A,-,N,,0,0,,,0,,,,Y,0,0,0,2,A,-,6,21755,A,M,A,C,A,A,H,-,C,D,0,,,,,Y,,-,99,0,0,0,0,0,0,0,0,0,- ,- ,0,0,300,2,LOS ANGELES,LOS ANGELES,CA,-118.3133321,34.05283356,"10TH ST & GRAMERCY PL, LOS ANGELES, CA",10TH ST,GRAMERCY PL,134217,
-118.2916222,34.04725647,29076,8824400,2019,2019-03-22T00:00:00.000Z,1942,2019-02-19T00:00:00.000Z,130,43713,2079,2,5,7,1942,0,0,0,,0,20A34,VERMONT AV,PICO BL,0,,Y,A,-,N,,0,0,,,0,,,,N,0,0,0,2,A,-,6,21750,,M,B,C,A,A,H,-,C,D,0,,,,,Y,,-,99,0,0,0,0,0,0,0,0,0,- ,- ,0,0,300,2,LOS ANGELES,LOS ANGELES,CA,-118.2916222,34.04725647,"VERMONT AVE & PICO BLVD, LOS ANGELES, CA",VERMONT AVE,PICO BLVD,124517,
-118.2815021,34.0011673,29077,8824615,2019,2019-03-27T00:00:00.000Z,1942,2019-02-24T00:00:00.000Z,110,42969,1209,7,5,7,1942,0,0,0,L,0,12A45,FLOWER ST,47TH ST,45,N,N,A,-,N,,0,0,,,0,,,,Y,0,0,0,3,A,-,3,22350,,M,B,E,A,A,H,-,C,A,0,,,,,Y,,A,1,0,0,0,0,0,0,0,0,0,- ,- ,0,0,300,2,LOS ANGELES,LOS ANGELES,CA,-118.2815021,34.0011673,"FLOWER ST & 47TH ST, LOS ANGELES, CA",FLOWER ST,47TH ST,138396,
-118.1797906,34.11387634,29078,8825485,2019,2019-04-08T00:00:00.000Z,1942,2019-02-22T00:00:00.000Z,10,39062,1129,5,5,7,1942,0,0,0,K,0,11A25,AVENUE 66,YORK BL,18,N,N,A,-,N,,0,0,,,0,,,,Y,0,0,0,3,A,-,8,22107,,M,C,E,A,A,H,-,C,A,0,,,,,Y,,A,1,0,0,0,0,0,0,0,0,0,- ,- ,0,0,300,2,LOS ANGELES,LOS ANGELES,CA,-118.1797906,34.11387634,"AVE 66 & YORK BLVD, LOS ANGELES, CA",AVE 66,YORK BLVD,100381,
-118.2960273,34.10538483,29079,8825497,2019,2019-04-08T00:00:00.000Z,1942,2019-02-17T00:00:00.000Z,25,25115,1141,7,5,7,1942,0,0,0,K,0,11A1,FRANKLIN AV,EDGEMONT ST,50,E,N,A,-,N,,0,0,,,0,,,,N,0,0,0,2,A,-,8,22107,,M,B,E,A,A,H,-,C,D,0,,,,,Y,,-,99,0,0,0,0,0,0,0,0,0,- ,- ,0,0,300,2,LOS ANGELES,LOS ANGELES,CA,-118.2960273,34.10538483,"FRANKLIN AVE & EDGEMONT ST, LOS ANGELES, CA",FRANKLIN AVE,EDGEMONT ST,104299,
-118.6145222,34.1687355,29080,8827067,2019,2019-03-28T00:00:00.000Z,1942,2019-02-27T00:00:00.000Z,35,37613,2175,3,5,7,1942,0,0,0,,0,21A73,VENTURA BL,SHOUP AV,0,,Y,A,-,N,,0,0,,,0,,,,Y,4,0,4,2,A,-,9,21801,A,N,D,C,A,A,H,-,C,A,0,,,,,Y,,A,1,0,0,4,0,0,0,0,0,0,- ,- ,0,0,300,2,LOS ANGELES,LOS ANGELES,CA,-118.6145222,34.1687355,"VENTURA BLVD & SHOUP AVE, LOS ANGELES, CA",VENTURA BLVD,SHOUP AVE,136236,
-118.5953222,34.16851425,29081,8827087,2019,2019-04-02T00:00:00.000Z,1942,2019-02-28T00:00:00.000Z,120,39410,2187,4,5,7,1942,0,0,0,,0,,CLAREDON ST,COMERCIO LN,5,W,N,A,-,N,,0,0,,,0,,,,Y,4,0,1,5,A,-,3,22350,,N,A,I,A,A,H,-,C,A,0,,,,,Y,,A,1,0,0,1,0,0,0,0,0,0,- ,- ,0,0,300,2,LOS ANGELES,LOS ANGELES,CA,-118.5953222,34.16851425,"CLARENDON ST & COMERCIO WAY, LOS ANGELES, CA",CLARENDON ST,COMERCIO WAY,111536,
-118.3675821,34.04757309,29082,8827534,2019,2019-04-08T00:00:00.000Z,1942,2019-02-16T00:00:00.000Z,100,34393,762,6,5,7,1942,0,0,0,G,0,7A85,FAIRFAX AV,PICKFORD ST,0,,Y,C,-,N,,0,0,,,0,,,,N,4,0,2,3,A,-,3,22350,,N,C,C,A,B,H,-,C,A,0,,,,,Y,,-,,0,0,2,0,0,0,0,0,0,- ,- ,0,0,300,2,LOS ANGELES,LOS ANGELES,CA,-118.3675821,34.04757309,"FAIRFAX AVE & PICKFORD ST, LOS ANGELES, CA",FAIRFAX AVE,PICKFORD ST,124474,
-118.2491214,34.05168533,29083,8828029,2019,2019-04-05T00:00:00.000Z,1942,2019-02-28T00:00:00.000Z,210,41841,133,4,5,7,1942,0,0,0,A,0,1A1,S HILL ST,3RD,10,N,N,C,-,N,,0,0,,,0,,,,Y,0,0,0,1,A,-,3,22350,,M,F,I,A,B,H,-,C,A,0,,,,,Y,,D,22,0,0,0,0,0,0,0,0,0,- ,- ,0,0,300,2,LOS ANGELES,LOS ANGELES,CA,-118.2491214,34.05168533,"HILL ST & 3RD ST, LOS ANGELES, CA",HILL ST,3RD ST,114022,
-118.4899322,34.1306839,29084,8829646,2019,2019-04-16T00:00:00.000Z,1942,2019-02-04T00:00:00.000Z,30,43454,807,1,5,7,1942,0,0,0,H,0,8A29,MULHOLLAND DR,ELVIDO DR,0,,Y,C,-,N,,0,0,,,0,,,,N,0,0,0,2,A,-,5,21650,,M,B,C,A,B,H,-,D,D,0,,,,,Y,,-,,0,0,0,0,0,0,0,0,0,- ,- ,0,0,300,2,LOS ANGELES,LOS ANGELES,CA,-118.4899322,34.1306839,"MULHOLLAND DR & ELVIDO DR, LOS ANGELES, CA",MULHOLLAND DR,ELVIDO DR,150111,
-118.4166772,34.17938232,29085,8830136,2019,2019-04-24T00:00:00.000Z,1942,2019-02-28T00:00:00.000Z,245,42092,939,4,5,7,1942,0,0,0,I,0,9A41,OXNARD ST,ETHEL AV,450,E,N,C,-,N,,0,0,,,0,,,,Y,3,0,1,5,A,-,3,22350,,N,A,E,A,B,H,-,C,A,0,,,,,Y,,A,1,0,1,0,0,0,0,0,0,0,- ,- ,0,0,300,2,LOS ANGELES,LOS ANGELES,CA,-118.4166772,34.17938232,"OXNARD ST & ETHEL AVE, LOS ANGELES, CA",OXNARD ST,ETHEL AVE,132508,
-118.2594783,34.02864075,29086,8830376,2019,2019-03-27T00:00:00.000Z,1942,2019-02-10T00:00:00.000Z,200,41997,1313,7,5,7,1942,0,0,0,M,0,13A27,WASHINGTON BL,TRINITY,100,W,N,A,-,N,,0,0,,,0,,,,N,3,0,1,2,A,-,11,21954,A,N,G,C,D,A,H,-,C,A,0,Y,,,,Y,,N,60,0,1,0,0,1,0,0,0,0,- ,- ,0,0,300,2,LOS ANGELES,LOS ANGELES,CA,-118.2594783,34.02864075,"WASHINGTON BLVD & TRINITY ST, LOS ANGELES, CA",WASHINGTON BLVD,TRINITY ST,105692,
-118.2190523,34.12293243,29087,8830388,2019,2019-03-27T00:00:00.000Z,1942,2019-02-26T00:00:00.000Z,125,42977,1125,2,5,7,1942,0,0,0,K,0,11A17,LINCOLN AV,AVE 45,150,W,N,A,-,N,,0,0,,,0,,,,N,4,0,1,1,C,-,18,0,,N,E,I,A,A,H,-,D,D,0,,,,,Y,,-,- ,0,0,1,0,0,0,0,0,0,- ,- ,34.122,118.218,300,2,LOS ANGELES,LOS ANGELES,CA,-118.2190523,34.12293243,"LINCOLN AVE & AVE 45, LOS ANGELES, CA",LINCOLN AVE,AVE 45,130244,
-118.2341521,34.03061676,29088,8830401,2019,2019-03-27T00:00:00.000Z,1942,2019-02-14T00:00:00.000Z,115,3755,1309,4,5,7,1942,0,0,0,M,0,13A9,SACRAMENTO ST,WILSON ST,0,,Y,C,-,N,,0,0,,,0,,,,N,0,0,0,1,A,-,21,22106,,M,E,I,A,B,H,-,C,D,0,,,,,Y,,-,99,0,0,0,0,0,0,0,0,0,- ,- ,0,0,300,2,LOS ANGELES,LOS ANGELES,CA,-118.2341521,34.03061676,"SACRAMENTO ST & WILSON ST, LOS ANGELES, CA",SACRAMENTO ST,WILSON ST,121240,
-118.275719,34.10823441,29089,8830441,2019,2019-03-27T00:00:00.000Z,1942,2019-02-19T00:00:00.000Z,209,39459,1143,2,5,7,1942,0,0,0,K,0,11A71,SAINT GEORGE ST,EVANS ST,40,E,N,-,-,N,,0,0,,,0,,,,Y,0,0,0,2,A,-,3,22350,,M,A,E,A,-,H,-,C,D,0,,,,,Y,,A,1,0,0,0,0,0,0,0,0,0,- ,- ,0,0,300,2,LOS ANGELES,LOS ANGELES,CA,-118.275719,34.10823441,"ST GEORGE ST & EVANS ST, LOS ANGELES, CA",ST GEORGE ST,EVANS ST,132098,
-118.2847917,34.03988266,29090,8830454,2019,2019-03-29T00:00:00.000Z,1942,2019-02-25T00:00:00.000Z,122,42935,2099,1,5,7,1942,0,0,0,,0,20299,ARAPAHOE ST,WASHINGTON BL,55,S,N,A,-,N,,0,0,,,0,,,,Y,0,0,0,1,A,-,3,22350,,M,E,-,A,A,H,-,C,D,0,,,,,Y,,A,1,0,0,0,0,0,0,0,0,0,- ,- ,0,0,300,2,LOS ANGELES,LOS ANGELES,CA,-118.2847917,34.03988266,"ARAPAHOE ST & WASHINGTON BLVD, LOS ANGELES, CA",ARAPAHOE ST,WASHINGTON BLVD,117633,
-118.1874022,34.138134,29091,8830477,2019,2019-03-27T00:00:00.000Z,1942,2019-02-05T00:00:00.000Z,130,35723,1109,2,5,7,1942,0,0,0,K,0,11A17,COLORADO BL,FIGUEROA,0,,Y,C,-,N,,0,0,,,0,,,,Y,0,0,0,1,A,-,3,22350,,N,E,I,A,B,G,-,C,D,0,,,,,Y,,A,1,0,0,0,0,0,0,0,0,0,- ,- ,0,0,300,2,LOS ANGELES,LOS ANGELES,CA,-118.1874022,34.138134,"COLORADO BLVD & FIGUEROA ST, LOS ANGELES, CA",COLORADO BLVD,FIGUEROA ST,142301,