X,Y,OBJECTID,case_id,accident_year,proc_date,juris,collision_date,collision_time,officer_id,reporting_district,day_of_week,chp_shift,population,cnty_city_loc,special_cond,beat_type,chp_beat_type,city_division_lapd,chp_beat_class,beat_number,primary_rd,secondary_rd,distance,direction,intersection,weather_1,weather_2,state_hwy_ind,caltrans_county,caltrans_district,state_route,route_suffix,postmile_prefix,postmile,location_type,ramp_intersection,side_of_hwy,tow_away,collision_severity,number_killed,number_injured,party_count,primary_coll_factor,pcf_code_of_viol,pcf_viol_category,pcf_violation,pcf_viol_subsection,hit_and_run,type_of_collision,mviw,ped_action,road_surface,road_cond_1,road_cond_2,lighting,control_device,chp_road_type,pedestrian_accident,bicycle_accident,motorcycle_accident,truck_accident,not_private_property,alcohol_involved,stwd_vehtype_at_fault,chp_vehtype_at_fault,count_severe_inj,count_visible_inj,count_complaint_pain,count_ped_killed,count_ped_injured,count_bicyclist_killed,count_bicyclist_injured,count_mc_killed,count_mc_injured,primary_ramp,secondary_ramp,latitude,longitude,timecat,month_,city,county,state,point_x,point_y,match_addr,m_primaryrd,m_secondrd,int_id,Flag
-118.2839622,34.02737427,29092,8830511,2019,2019-03-28T00:00:00.000Z,1942,2019-02-10T00:00:00.000Z,200,34072,455,7,5,7,1942,0,0,0,D,0,328,HOOVER ST,30TH ST,0,,Y,A,-,N,,0,0,,,0,,,,N,0,0,0,2,A,-,0,20015,A,M,C,C,A,A,H,-,C,D,0,,,,,Y,,-,- ,0,0,0,0,0,0,0,0,0,- ,- ,0,0,300,2,LOS ANGELES,LOS ANGELES,CA,-118.2839622,34.02737427,"HOOVER ST & 30TH ST, LOS ANGELES, CA",HOOVER ST,30TH ST,96588,
-118.3224821,34.04270172,29093,8830516,2019,2019-03-27T00:00:00.000Z,1942,2019-02-25T00:00:00.000Z,230,43270,WIL,1,5,7,1942,0,0,0,,0,7A69,5TH AV,VENICE BL,304,S,N,A,-,N,,0,0,,,0,,,,N,0,0,0,2,A,-,3,22350,,M,A,E,A,A,H,-,C,D,0,,,,,Y,,-,99,0,0,0,0,0,0,0,0,0,- ,- ,0,0,300,2,LOS ANGELES,LOS ANGELES,CA,-118.3224821,34.04270172,"5TH AVE & VENICE BLVD, LOS ANGELES, CA",5TH AVE,VENICE BLVD,103529,
-118.3232687,34.051651,29094,8830532,2019,2019-03-27T00:00:00.000Z,1942,2019-02-18T00:00:00.000Z,240,38090,759,1,5,7,1942,0,0,0,G,0,7A69,BRONSON AV,COUNTRY CLUB DR,50,S,N,A,-,N,,0,0,,,0,,,,N,0,0,0,2,A,-,7,21658,A,M,C,E,A,A,H,-,C,D,0,,,,,Y,,-,99,0,0,0,0,0,0,0,0,0,- ,- ,0,0,300,2,LOS ANGELES,LOS ANGELES,CA,-118.3232687,34.051651,"BRONSON AVE & COUNTRY CLUB DR, LOS ANGELES, CA",BRONSON AVE,COUNTRY CLUB DR,128081,
-118.3144921,34.04539108,29095,8830548,2019,2019-03-27T00:00:00.000Z,1942,2019-02-10T00:00:00.000Z,145,43112,2071,7,5,7,1942,0,0,0,,0,20A71,S WILTON PL,15TH ST,10,N,N,A,-,N,,0,0,,,0,,,,N,0,0,0,2,A,-,3,22350,,M,C,E,A,A,H,-,C,D,0,,,,,Y,,-,99,0,0,0,0,0,0,0,0,0,- ,- ,0,0,300,2,LOS ANGELES,LOS ANGELES,CA,-118.3144921,34.04539108,"WILTON PL & 15TH ST, LOS ANGELES, CA",WILTON PL,15TH ST,113998,
-118.2916922,34.07769394,29096,8832575,2019,2019-04-12T00:00:00.000Z,1942,2019-02-02T00:00:00.000Z,140,37934,212,6,5,7,1942,0,0,0,B,0,2A5,N VERMONT AV,OAKWOOD AV,0,,Y,C,-,N,,0,0,,,0,,,,Y,4,0,4,3,A,-,3,22350,,N,A,C,A,B,-,-,C,A,0,,,,,Y,,D,22,0,0,4,0,0,0,0,0,0,- ,- ,0,0,300,2,LOS ANGELES,LOS ANGELES,CA,-118.2916922,34.07769394,"VERMONT AVE & OAKWOOD AVE, LOS ANGELES, CA",VERMONT AVE,OAKWOOD AVE,146327,
-118.2726182,34.05842209,29097,8833886,2019,2019-04-16T00:00:00.000Z,1942,2019-02-03T00:00:00.000Z,115,43532,256,7,5,7,1942,0,0,0,B,0,11A71,BONNIE BRAE ST,W 6TH ST,30,S,N,C,-,N,,0,0,,,0,,,,N,0,0,0,2,A,-,21,22106,,M,C,E,A,B,H,-,C,D,0,,,,,Y,,-,99,0,0,0,0,0,0,0,0,0,- ,- ,0,0,300,2,LOS ANGELES,LOS ANGELES,CA,-118.2726182,34.05842209,"BONNIE BRAE ST & 6TH ST, LOS ANGELES, CA",BONNIE BRAE ST,6TH ST,128107,
-118.2609308,34.06824493,29098,8834910,2019,2019-04-16T00:00:00.000Z,1942,2019-02-26T00:00:00.000Z,30,38233,237,2,5,7,1942,0,0,0,B,0,2A39,GLENDALE BL,TEMPLE ST,45,N,N,A,-,N,,0,0,,,0,,,,Y,4,0,1,2,A,-,21,22106,,F,D,C,A,A,H,-,C,D,0,,,,,Y,,A,1,0,0,1,0,0,0,0,0,0,- ,- ,0,0,300,2,LOS ANGELES,LOS ANGELES,CA,-118.2609308,34.06824493,"GLENDALE BLVD & TEMPLE ST, LOS ANGELES, CA",GLENDALE BLVD,TEMPLE ST,139468,
-118.2121793,34.0695076,29099,8836148,2019,2019-04-11T00:00:00.000Z,1942,2019-02-22T00:00:00.000Z,1,35291,422,5,5,7,1942,0,0,0,D,0,4A15,MOZART ST,GRIFFIN AV,160,W,N,B,-,N,,0,0,,,0,,,,N,4,0,1,1,A,-,8,22107,,N,E,I,A,A,H,-,C,D,0,,,,,Y,,A,1,0,0,1,0,0,0,0,0,0,- ,- ,0,0,300,2,LOS ANGELES,LOS ANGELES,CA,-118.2121793,34.0695076,"MOZART ST & GRIFFIN AVE, LOS ANGELES, CA",MOZART ST,GRIFFIN AVE,114674,
-118.4327208,34.11781311,29100,8836143,2019,2019-04-11T00:00:00.000Z,1942,2019-02-17T00:00:00.000Z,120,41054,808,7,5,7,1942,0,0,0,H,0,8A29,HUTTON DR,WALLINGFORD DR,229,E,N,A,-,N,,0,0,,,0,,,,Y,3,0,3,2,A,-,5,21650,,N,A,C,A,A,H,-,C,A,0,,,,,Y,,A,1,0,2,1,0,0,0,0,0,0,- ,- ,0,0,300,2,LOS ANGELES,LOS ANGELES,CA,-118.4327208,34.11781311,"HUTTON DR & WALLINGFORD DR, LOS ANGELES, CA",HUTTON DR,WALLINGFORD DR,3146,
-118.4688722,34.06511307,29101,8836959,2019,2019-04-17T00:00:00.000Z,1942,2019-02-25T00:00:00.000Z,130,42971,827,1,5,7,1942,0,0,0,H,0,8A13,S BARRINGTON PL,BARRINGTON WALKWAY,0,,Y,A,-,N,,0,0,,,0,,,,Y,0,0,0,1,A,-,0,23123,A,N,E,I,A,A,H,-,C,D,0,,,,,Y,,A,1,0,0,0,0,0,0,0,0,0,- ,- ,0,0,300,2,LOS ANGELES,LOS ANGELES,CA,-118.4688722,34.06511307,"BARRINGTON PL & BARRINGTON WALK, LOS ANGELES, CA",BARRINGTON PL,BARRINGTON WALK,166706,
-118.2768122,34.06948471,29103,8841473,2019,2019-04-17T00:00:00.000Z,1942,2019-02-02T00:00:00.000Z,50,43210,233,6,5,7,1942,0,0,0,B,0,2A39,RAMPART BL,BEVERLY BL,0,,Y,C,-,N,,0,0,,,0,,,,N,3,0,1,3,A,-,8,22107,,N,A,E,A,B,-,-,C,A,0,,,,,Y,Y,A,1,0,1,0,0,0,0,0,0,0,- ,- ,0,0,300,2,LOS ANGELES,LOS ANGELES,CA,-118.2768122,34.06948471,"RAMPART BLVD & BEVERLY BLVD, LOS ANGELES, CA",RAMPART BLVD,BEVERLY BLVD,97316,
-118.3995121,33.94546509,29104,8842481,2019,2019-04-26T00:00:00.000Z,1942,2019-02-26T00:00:00.000Z,210,18139,1494,2,5,7,1942,0,0,0,N,0,5M1,SKY WY,WORLD WY NORTH,0,,Y,A,-,N,,0,0,,,0,,,,Y,4,0,3,2,B,-,22,0,,N,D,C,A,A,H,-,C,A,0,,,,,Y,,A,1,0,0,3,0,0,0,0,0,0,- ,- ,33.5644,118.241,300,2,LOS ANGELES,LOS ANGELES,CA,-118.3995121,33.94546509,"SKY WAY & WORLD WAY N, LOS ANGELES, CA",SKY WAY,WORLD WAY N,166933,
-118.2739522,33.98241425,29105,8847779,2019,2019-05-03T00:00:00.000Z,1942,2019-02-05T00:00:00.000Z,10,36692,1983,2,5,7,1942,0,0,0,,0,13A93,MAIN ST,GAGE ST,0,,Y,B,C,N,,0,0,,,0,,,,Y,3,0,3,2,A,-,12,21453,A,N,D,C,A,B,H,-,C,A,0,,,,,Y,,-,- ,0,1,2,0,0,0,0,0,0,- ,- ,0,0,300,2,LOS ANGELES,LOS ANGELES,CA,-118.2739522,33.98241425,"MAIN ST & GAGE AVE, LOS ANGELES, CA",MAIN ST,GAGE AVE,148760,
-118.43271,34.27610397,29106,8793409,2019,2019-02-26T00:00:00.000Z,1942,2019-01-01T00:00:00.000Z,1045,43153,1622,2,5,7,1942,0,0,0,P,0,16245,SAN FERNANDO RD,DEL SUR,326,S,N,A,-,N,,0,0,,,0,,,,Y,4,0,1,1,A,-,3,22350,,N,E,I,A,A,-,-,A,D,0,,,,,Y,,A,1,0,0,1,0,0,0,0,0,0,- ,- ,0,0,1200,1,LOS ANGELES,LOS ANGELES,CA,-118.43271,34.27610397,"SAN FERNANDO RD & DEL SUR ST, LOS ANGELES, CA",SAN FERNANDO RD,DEL SUR ST,151226,
-118.2542021,33.9432106,29107,8784117,2019,2019-02-15T00:00:00.000Z,1942,2019-01-02T00:00:00.000Z,1555,42825,1835,3,5,7,1942,0,0,0,R,0,18A35,S CENTRAL AV,E 103RD ST,20,S,N,A,-,N,,0,0,,,0,,,,N,4,0,1,2,A,-,7,21658,A,N,C,E,A,A,H,-,A,D,0,,,,,Y,,D,22,0,0,1,0,0,0,0,0,0,- ,- ,0,0,1800,1,LOS ANGELES,LOS ANGELES,CA,-118.2542021,33.9432106,"CENTRAL AVE & 103RD ST, LOS ANGELES, CA",CENTRAL AVE,103RD ST,96086,
-118.3441222,34.09619904,29108,8847810,2019,2019-05-06T00:00:00.000Z,1942,2019-02-23T00:00:00.000Z,240,42726,645,6,5,7,1942,0,0,0,F,0,6A44,LA BREA,DE LONGPRE AV,20,N,N,A,-,N,,0,0,,,0,,,,N,4,0,1,2,A,-,8,22102,,N,D,C,A,A,H,-,B,A,0,,,,,Y,,A,1,0,0,1,0,0,0,0,0,0,- ,- ,0,0,300,2,LOS ANGELES,LOS ANGELES,CA,-118.3441222,34.09619904,"LA BREA AVE & DE LONGPRE AVE, LOS ANGELES, CA",LA BREA AVE,DE LONGPRE AVE,125349,
-118.2608622,33.99424362,29109,8847827,2019,2019-05-02T00:00:00.000Z,1942,2019-02-19T00:00:00.000Z,40,43619,1373,2,5,7,1942,0,0,0,M,0,13A41,E 53RD ST,MCKINLEY AV,0,W,N,A,-,N,,0,0,,,0,,,,N,4,0,1,2,A,-,3,22350,,F,B,C,A,A,H,-,C,D,0,,,,,Y,,-,99,0,0,1,0,0,0,0,0,0,- ,- ,0,0,300,2,LOS ANGELES,LOS ANGELES,CA,-118.2608622,33.99424362,"53RD ST & MCKINLEY AVE, LOS ANGELES, CA",53RD ST,MCKINLEY AVE,99840,
-118.2565222,34.00922394,29110,8853280,2019,2019-05-22T00:00:00.000Z,1942,2019-02-15T00:00:00.000Z,30,38323,1345,5,5,7,1942,0,0,0,M,0,13A43,CENTRAL AV,41ST ST,0,,Y,A,-,N,,0,0,,,0,,,,,4,0,1,2,A,-,9,21801,A,N,G,B,B,A,H,-,C,A,0,Y,,,,Y,,A,1,0,0,1,0,1,0,0,0,0,- ,- ,0,0,300,2,LOS ANGELES,LOS ANGELES,CA,-118.2565222,34.00922394,"CENTRAL AVE & 41ST ST, LOS ANGELES, CA",CENTRAL AVE,41ST ST,131420,
-118.2350588,34.0344696,29111,8858266,2019,2019-05-24T00:00:00.000Z,1942,2019-02-14T00:00:00.000Z,145,42312,1309,4,5,7,1942,0,0,0,M,0,13A41,DECATUR ST,7TH ST,100,S,N,C,-,N,,0,0,,,0,,,,N,3,0,1,2,A,-,10,21954,B,N,G,B,-,B,H,-,C,D,0,Y,,,,Y,,N,60,0,1,0,0,1,0,0,0,0,- ,- ,0,0,300,2,LOS ANGELES,LOS ANGELES,CA,-118.2350588,34.0344696,"DECATUR ST & 7TH ST, LOS ANGELES, CA",DECATUR ST,7TH ST,121226,
-118.4748021,33.99428558,29112,8858279,2019,2019-05-28T00:00:00.000Z,1942,2019-02-23T00:00:00.000Z,40,43502,1413,6,5,7,1942,0,0,0,N,0,14A13,HAMPTON DR,VERNON AV,0,,Y,A,-,N,,0,0,,,0,,,,N,0,0,0,2,A,-,17,21228,,M,D,C,A,A,H,-,C,A,0,,,,,Y,,-,99,0,0,0,0,0,0,0,0,0,- ,- ,0,0,300,2,LOS ANGELES,LOS ANGELES,CA,-118.4748021,33.99428558,"HAMPTON DR & VERNON AVE, LOS ANGELES, CA",HAMPTON DR,VERNON AVE,103689,
-118.4341428,33.99944687,29114,8862894,2019,2019-05-28T00:00:00.000Z,1942,2019-02-05T00:00:00.000Z,230,43031,,2,5,7,1942,0,0,0,,0,14A49,CASWELL AV,WASATCH AV,400,W,N,C,-,N,,0,0,,,0,,,,N,0,0,0,2,A,-,3,22350,,M,C,E,A,B,H,-,C,D,0,,,,,Y,,-,99,0,0,0,0,0,0,0,0,0,- ,- ,0,0,300,2,LOS ANGELES,LOS ANGELES,CA,-118.4341428,33.99944687,"CASWELL AVE & WASATCH AVE, LOS ANGELES, CA",CASWELL AVE,WASATCH AVE,121613,
-118.287846,34.02548218,29115,8793229,2019,2019-02-25T00:00:00.000Z,1942,2019-02-10T00:00:00.000Z,415,43587,358,7,5,7,1942,0,0,0,,0,3A57,JEFFERSON,ORCHARD,126,E,-,A,-,N,,0,0,,,0,,,,Y,0,0,0,1,A,-,3,22350,,N,A,C,A,A,H,-,C,A,0,,,,,Y,,A,1,0,0,0,0,0,0,0,0,0,- ,- ,0,0,600,2,LOS ANGELES,LOS ANGELES,CA,-118.287846,34.02548218,"JEFFERSON BLVD & ORCHARD AVE, LOS ANGELES, CA",JEFFERSON BLVD,ORCHARD AVE,98827,
-118.4710415,34.22828674,29116,8793555,2019,2019-02-25T00:00:00.000Z,1942,2019-02-12T00:00:00.000Z,530,38687,1981,2,5,7,1942,0,0,0,,0,19A61,PARTHENIA ST,ORION AV,300,E,N,A,-,N,,0,0,,,0,,,,N,0,0,0,4,A,-,8,22107,,M,B,E,A,A,H,-,C,D,0,,,,,Y,,D,22,0,0,0,0,0,0,0,0,0,- ,- ,0,0,600,2,LOS ANGELES,LOS ANGELES,CA,-118.4710415,34.22828674,"PARTHENIA ST & ORION AVE, LOS ANGELES, CA",PARTHENIA ST,ORION AVE,126156,
-118.264199,33.78541565,29117,8793700,2019,2019-04-30T00:00:00.000Z,1942,2019-02-10T00:00:00.000Z,335,41203,516,7,5,7,1942,0,0,0,E,0,5A15,MARINE AV,DENNI ST,270,N,N,C,-,N,,0,0,,,0,,,,Y,4,0,1,9,A,-,1,23152,B,N,B,E,A,B,H,-,C,D,0,,,,,Y,Y,A,1,0,0,1,0,0,0,0,0,0,- ,- ,0,0,600,2,LOS ANGELES,LOS ANGELES,CA,-118.264199,33.78541565,"MARINE AVE & DENNI ST, LOS ANGELES, CA",MARINE AVE,DENNI ST,113714,
-118.3556021,34.01831436,29118,8800898,2019,2019-02-27T00:00:00.000Z,1942,2019-02-09T00:00:00.000Z,515,39299,341,6,5,7,1942,0,0,0,C,0,3A41,S LA BREA AV,COLISEUM ST,0,,Y,C,-,N,,0,0,,,0,,,,Y,3,0,1,2,A,-,10,21950,A,N,G,B,B,B,H,-,C,A,0,Y,,,,Y,,A,1,0,1,0,0,1,0,0,0,0,- ,- ,0,0,600,2,LOS ANGELES,LOS ANGELES,CA,-118.3556021,34.01831436,"LA BREA AVE & COLISEUM ST, LOS ANGELES, CA",LA BREA AVE,COLISEUM ST,119588,
-118.2739121,33.93392563,29119,8800931,2019,2019-02-22T00:00:00.000Z,1942,2019-02-03T00:00:00.000Z,410,38698,1842,7,5,7,1942,0,0,0,R,0,18A41,MAIN ST,111TH PL,0,,Y,B,-,N,,0,0,,,0,,,,N,4,0,1,3,A,-,3,22350,,F,B,B,A,B,H,-,C,-,0,,,,,Y,,-,99,0,0,1,0,0,0,0,0,0,- ,- ,0,0,600,2,LOS ANGELES,LOS ANGELES,CA,-118.2739121,33.93392563,"MAIN ST & 111TH PL, LOS ANGELES, CA",MAIN ST,111TH PL,148226,
-118.2481988,34.04707336,29120,8802267,2019,2019-03-06T00:00:00.000Z,1942,2019-02-07T00:00:00.000Z,555,40275,154,4,5,7,1942,0,0,0,A,0,1A35,S MAIN ST,5TH ST,175,N,N,A,-,N,,0,0,,,0,,,,Y,3,0,1,2,A,-,17,21657,,F,A,C,A,A,H,-,C,D,0,,,Y,,Y,,-,99,0,1,0,0,0,0,0,0,1,- ,- ,0,0,600,2,LOS ANGELES,LOS ANGELES,CA,-118.2481988,34.04707336,"MAIN ST & 5TH ST, LOS ANGELES, CA",MAIN ST,5TH ST,128172,
-118.2870954,33.97763062,29121,8804507,2019,2019-03-06T00:00:00.000Z,1942,2019-02-23T00:00:00.000Z,345,42118,1248,6,5,7,1942,0,0,0,L,0,12A49,HOOVER ST,69TH ST,100,N,N,A,-,N,,0,0,,,0,,,,Y,4,0,1,3,A,-,3,22350,,N,C,E,A,A,H,-,C,D,0,,,,,Y,,A,1,0,0,1,0,0,0,0,0,0,- ,- ,0,0,600,2,LOS ANGELES,LOS ANGELES,CA,-118.2870954,33.97763062,"HOOVER ST & 69TH ST, LOS ANGELES, CA",HOOVER ST,69TH ST,103123,
-118.3720984,34.02806854,29122,8804521,2019,2019-03-05T00:00:00.000Z,1942,2019-02-20T00:00:00.000Z,544,43561,LOSAN,3,5,7,1942,0,0,0,,0,,LA CIENEGA,BODEN ST,50,S,N,A,-,N,,0,0,,,0,,,,N,4,0,1,2,D,-,0,0,,F,G,B,D,A,H,-,C,D,0,Y,,,,Y,Y,-,- ,0,0,1,0,1,0,0,0,0,- ,- ,0,0,600,2,LOS ANGELES,LOS ANGELES,CA,-118.3720984,34.02806854,"LA CIENEGA BLVD & BODEN ST, LOS ANGELES, CA",LA CIENEGA BLVD,BODEN ST,131396,
-118.2703685,33.79883575,29123,8804557,2019,2019-03-05T00:00:00.000Z,1942,2019-02-15T00:00:00.000Z,510,42084,515,5,5,7,1942,0,0,0,,0,5A1,LOMITA,NEPTUNE AV,5,W,N,A,-,N,,0,0,,,0,,,,Y,3,0,1,2,A,-,9,21802,A,F,B,I,A,A,H,-,C,A,0,,,,,Y,,-,99,0,1,0,0,0,0,0,0,0,- ,- ,0,0,600,2,LOS ANGELES,LOS ANGELES,CA,-118.2703685,33.79883575,"LOMITA BLVD & NEPTUNE AVE, LOS ANGELES, CA",LOMITA BLVD,NEPTUNE AVE,148904,
-118.4381121,34.22612381,29124,8804727,2019,2019-04-08T00:00:00.000Z,1942,2019-02-16T00:00:00.000Z,550,42460,1987,6,5,7,1942,0,0,0,,0,19A75,COLBATH AV,CHASE ST,0,,Y,A,-,N,,0,0,,,0,,,,N,4,0,2,2,A,-,12,21453,A,N,D,C,A,A,H,-,A,A,0,,,,Y,Y,,-,- ,0,0,2,0,0,0,0,0,0,- ,- ,0,0,600,2,LOS ANGELES,LOS ANGELES,CA,-118.4381121,34.22612381,"COLBATH AVE & CHASE ST, LOS ANGELES, CA",COLBATH AVE,CHASE ST,125824,
-118.4600594,34.32051086,29125,8805233,2019,2019-02-27T00:00:00.000Z,1942,2019-02-02T00:00:00.000Z,330,37353,1902,6,5,7,1942,0,0,0,,0,19A7,BORDEN AV,LA MESA ST,40,N,N,C,-,N,,0,0,,,0,,,,N,0,0,0,2,A,-,8,22107,,M,B,E,A,B,H,-,C,D,0,,,,,Y,,-,99,0,0,0,0,0,0,0,0,0,- ,- ,0,0,600,2,LOS ANGELES,LOS ANGELES,CA,-118.4600594,34.32051086,"BORDEN AVE & LA MESA ST, LOS ANGELES, CA",BORDEN AVE,LA MESA ST,116006,
-118.2651921,33.97472382,29126,8806089,2019,2019-02-25T00:00:00.000Z,1942,2019-02-09T00:00:00.000Z,555,42060,1259,6,5,7,1942,0,0,0,L,0,12A69,AVALON BL,EAST FLORENCE AV,0,,Y,C,-,N,,0,0,,,0,,,,N,0,0,0,2,A,-,12,21453,A,M,B,C,A,B,H,-,A,A,0,,,,,Y,,-,99,0,0,0,0,0,0,0,0,0,- ,- ,0,0,600,2,LOS ANGELES,LOS ANGELES,CA,-118.2651921,33.97472382,"AVALON BLVD & FLORENCE AVE, LOS ANGELES, CA",AVALON BLVD,FLORENCE AVE,103112,
-118.3083859,33.99325562,29127,8806596,2019,2019-02-28T00:00:00.000Z,1942,2019-02-17T00:00:00.000Z,405,43589,1213,7,5,7,1942,0,0,0,L,0,12A,54TH ST,WESTERN AV,175,E,N,A,-,N,,0,0,,,0,,,,Y,0,0,0,3,A,-,3,22350,,M,C,E,A,A,H,-,C,D,0,,,,,Y,,A,1,0,0,0,0,0,0,0,0,0,- ,- ,0,0,600,2,LOS ANGELES,LOS ANGELES,CA,-118.3083859,33.99325562,"54TH ST & WESTERN AVE, LOS ANGELES, CA",54TH ST,WESTERN AVE,145214,
-118.3947521,33.9546051,29128,8806605,2019,2019-02-28T00:00:00.000Z,1942,2019-02-05T00:00:00.000Z,530,42059,1487,2,5,7,1942,0,0,0,N,0,14A1,SEPULVEDA EASTWAY,WESTCHESTER PKWY,0,,Y,B,-,N,,0,0,,,0,,,,N,3,0,1,2,A,-,10,21950,A,N,G,B,B,B,H,-,C,A,0,Y,,,,Y,,A,7,0,1,0,0,1,0,0,0,0,- ,- ,0,0,600,2,LOS ANGELES,LOS ANGELES,CA,-118.3947521,33.9546051,"SEPULVEDA EASTWAY & WESTCHESTER PKY, LOS ANGELES, CA",SEPULVEDA EASTWAY,WESTCHESTER PKY,124069,
-118.3090497,34.046978,29129,8807230,2019,2019-03-12T00:00:00.000Z,1942,2019-02-21T00:00:00.000Z,530,41671,2073,4,5,7,1942,0,0,0,,0,20A71,WESTERN AV,PICO BL,76,S,N,A,-,N,,0,0,,,0,,,,N,4,0,1,1,C,-,18,0,,N,E,J,A,A,A,-,C,D,0,,,,,Y,,-,- ,0,0,1,0,0,0,0,0,0,- ,- ,0,0,600,2,LOS ANGELES,LOS ANGELES,CA,-118.3090497,34.046978,"WESTERN AVE & PICO BLVD, LOS ANGELES, CA",WESTERN AVE,PICO BLVD,121116,
-118.5710422,34.22021484,29130,8809353,2019,2019-05-18T00:00:00.000Z,1942,2019-02-05T00:00:00.000Z,530,42584,2129,2,5,7,1942,0,0,0,,0,21A29,ROSCOE BL,WINNETKA AV,0,,Y,A,-,N,,0,0,,,0,,,,Y,0,0,0,2,A,-,3,22350,,M,C,C,A,A,H,-,C,A,0,,,,,Y,,-,99,0,0,0,0,0,0,0,0,0,- ,- ,0,0,600,2,LOS ANGELES,LOS ANGELES,CA,-118.5710422,34.22021484,"ROSCOE BLVD & WINNETKA AVE, LOS ANGELES, CA",ROSCOE BLVD,WINNETKA AVE,115376,
-118.2008114,34.05435181,29131,8809462,2019,2019-03-27T00:00:00.000Z,1942,2019-02-01T00:00:00.000Z,530,38982,449,5,5,7,1942,0,0,0,D,0,4A59,MARENGO ST,FICKETT,12,W,N,A,-,N,,0,0,,,0,,,,N,0,0,0,2,A,-,3,22350,,N,D,D,A,A,H,-,B,D,0,,,,,Y,,A,1,0,0,0,0,0,0,0,0,0,- ,- ,0,0,600,2,LOS ANGELES,LOS ANGELES,CA,-118.2008114,34.05435181,"MARENGO ST & FICKETT ST, LOS ANGELES, CA",MARENGO ST,FICKETT ST,138660,
-118.2583404,34.06196213,29133,8810044,2019,2019-03-12T00:00:00.000Z,1942,2019-02-03T00:00:00.000Z,500,40325,238,7,5,7,1942,0,0,0,B,0,2A39,N TOLUCA ST,DOUGLAS ST,124,N,N,C,-,N,,0,0,,,0,,,,N,0,0,0,4,A,-,1,23152,A,N,B,E,A,B,H,-,C,A,0,,,,,Y,Y,A,1,0,0,0,0,0,0,0,0,0,- ,- ,0,0,600,2,LOS ANGELES,LOS ANGELES,CA,-118.2583404,34.06196213,"TOLUCA ST & DOUGLAS ST, LOS ANGELES, CA",TOLUCA ST,DOUGLAS ST,119803,
-118.466203,34.20097733,29134,8810250,2019,2019-03-07T00:00:00.000Z,1942,2019-02-16T00:00:00.000Z,310,39566,914,6,5,7,1942,0,0,0,I,0,9A63,SEPULVEDA BL,SHERMAN WY,50,S,N,B,-,N,,0,0,,,0,,,,N,4,0,1,2,A,-,10,21950,A,N,G,B,B,B,H,-,C,A,0,Y,,,,Y,,A,7,0,0,1,0,1,0,0,0,0,- ,- ,0,0,600,2,LOS ANGELES,LOS ANGELES,CA,-118.466203,34.20097733,"SEPULVEDA BLVD & SHERMAN WAY, LOS ANGELES, CA",SEPULVEDA BLVD,SHERMAN WAY,126709,
-118.5055222,34.17085648,29135,8810329,2019,2019-03-07T00:00:00.000Z,1942,2019-02-02T00:00:00.000Z,340,43047,1067,6,5,7,1942,0,0,0,J,0,10A99W,AMESTOY AV,KILLION ST,0,,Y,C,-,N,,0,0,,,0,,,,Y,4,0,1,1,A,-,3,22350,,N,E,I,A,B,H,-,C,D,0,,,,,Y,,-,- ,0,0,1,0,0,0,0,0,0,- ,- ,0,0,600,2,LOS ANGELES,LOS ANGELES,CA,-118.5055222,34.17085648,"AMESTOY AVE & KILLION ST, LOS ANGELES, CA",AMESTOY AVE,KILLION ST,147275,
-118.2562321,33.79158402,29136,8811985,2019,2019-04-29T00:00:00.000Z,1942,2019-02-23T00:00:00.000Z,330,41203,518,6,5,7,1942,0,0,0,E,0,5A15,PACIFIC COAST HWY,EUBANK AV,0,,Y,A,-,Y,LA,7,1,-,-,10.123,I,5,N,N,0,0,0,2,A,-,12,21453,A,M,D,C,A,A,H,-,C,A,0,,,,,Y,,-,99,0,0,0,0,0,0,0,0,0,- ,- ,0,0,600,2,LOS ANGELES,LOS ANGELES,CA,-118.2562321,33.79158401,"PACIFIC COAST HWY & EUBANK AVE, LOS ANGELES, CA",PACIFIC COAST HWY,EUBANK AVE,117282,
-118.2861297,33.95009613,29137,8812327,2019,2019-03-01T00:00:00.000Z,1942,2019-02-15T00:00:00.000Z,500,41060,1821,5,5,7,1942,0,0,0,R,0,18A41,95TH PL,HOOVER ST,256,E,N,A,-,N,,0,0,,,0,,,,N,4,0,1,2,A,-,3,22350,,N,F,E,A,A,H,-,C,D,0,,,,,Y,,A,1,0,0,1,0,0,0,0,0,0,- ,- ,0,0,600,2,LOS ANGELES,LOS ANGELES,CA,-118.2861297,33.95009613,"95TH ST & HOOVER ST, LOS ANGELES, CA",95TH ST,HOOVER ST,110327,
-118.3091421,34.06067658,29138,8812329,2019,2019-03-04T00:00:00.000Z,1942,2019-02-15T00:00:00.000Z,525,41353,2031,5,5,7,1942,0,0,0,,0,20A13,WESTERN AV,INGRAHAM ST,0,,Y,A,-,N,,0,0,,,0,,,,N,4,0,1,2,A,-,10,21950,,N,G,B,C,A,H,-,C,D,0,Y,,,,Y,,A,1,0,0,1,0,1,0,0,0,0,- ,- ,0,0,600,2,LOS ANGELES,LOS ANGELES,CA,-118.3091421,34.06067657,"WESTERN AVE & INGRAHAM ST, LOS ANGELES, CA",WESTERN AVE,INGRAHAM ST,121088,