X,Y,OBJECTID,case_id,accident_year,proc_date,juris,collision_date,collision_time,officer_id,reporting_district,day_of_week,chp_shift,population,cnty_city_loc,special_cond,beat_type,chp_beat_type,city_division_lapd,chp_beat_class,beat_number,primary_rd,secondary_rd,distance,direction,intersection,weather_1,weather_2,state_hwy_ind,caltrans_county,caltrans_district,state_route,route_suffix,postmile_prefix,postmile,location_type,ramp_intersection,side_of_hwy,tow_away,collision_severity,number_killed,number_injured,party_count,primary_coll_factor,pcf_code_of_viol,pcf_viol_category,pcf_violation,pcf_viol_subsection,hit_and_run,type_of_collision,mviw,ped_action,road_surface,road_cond_1,road_cond_2,lighting,control_device,chp_road_type,pedestrian_accident,bicycle_accident,motorcycle_accident,truck_accident,not_private_property,alcohol_involved,stwd_vehtype_at_fault,chp_vehtype_at_fault,count_severe_inj,count_visible_inj,count_complaint_pain,count_ped_killed,count_ped_injured,count_bicyclist_killed,count_bicyclist_injured,count_mc_killed,count_mc_injured,primary_ramp,secondary_ramp,latitude,longitude,timecat,month_,city,county,state,point_x,point_y,match_addr,m_primaryrd,m_secondrd,int_id,Flag
-118.295531,34.06903458,29139,8812345,2019,2019-03-04T00:00:00.000Z,1942,2019-02-01T00:00:00.000Z,405,41110,2026,5,5,7,1942,0,0,0,,0,20A88,W 3RD ST,CATALINA ST,30,W,N,A,-,N,,0,0,,,0,,,,N,4,0,1,2,A,-,3,22350,,N,C,C,A,A,H,-,C,A,0,,,,,Y,,A,1,0,0,1,0,0,0,0,0,0,- ,- ,0,0,600,2,LOS ANGELES,LOS ANGELES,CA,-118.295531,34.06903458,"3RD ST & CATALINA ST, LOS ANGELES, CA",3RD ST,CATALINA ST,111273,
-118.300265,33.95822525,29140,8812412,2019,2019-03-05T00:00:00.000Z,1942,2019-02-17T00:00:00.000Z,450,41761,1273,7,5,7,1942,0,0,0,L,0,12A893,88TH ST,NORMANDIE AV,10,W,N,A,-,N,,0,0,,,0,,,,N,0,0,0,2,A,-,1,23152,A,N,A,E,A,A,H,-,C,A,0,,,,,Y,Y,A,1,0,0,0,0,0,0,0,0,0,- ,- ,0,0,600,2,LOS ANGELES,LOS ANGELES,CA,-118.300265,33.95822525,"88TH ST & NORMANDIE AVE, LOS ANGELES, CA",88TH ST,NORMANDIE AVE,127746,
-118.2542626,34.04085159,29141,8812586,2019,2019-03-20T00:00:00.000Z,1942,2019-02-15T00:00:00.000Z,400,39395,185,5,5,7,1942,0,0,0,A,0,1A85,E 9TH ST,LOS ANGELES ST,60,W,N,A,-,N,,0,0,,,0,,,,Y,0,0,0,2,A,-,17,21657,,M,A,C,A,A,H,-,C,D,0,,,,,Y,,A,1,0,0,0,0,0,0,0,0,0,- ,- ,0,0,600,2,LOS ANGELES,LOS ANGELES,CA,-118.2542626,34.04085159,"9TH ST & LOS ANGELES ST, LOS ANGELES, CA",9TH ST,LOS ANGELES ST,107014,
-118.3151521,33.73836517,29142,8812670,2019,2019-03-13T00:00:00.000Z,1942,2019-02-25T00:00:00.000Z,440,43425,551,1,5,7,1942,0,0,0,,0,5A85W3,WESTERN AV,BYNNER DR,0,,Y,A,-,N,,0,0,,,0,,,,Y,0,0,0,1,A,-,3,22350,,N,A,-,A,A,H,-,C,D,0,,,,,Y,,A,1,0,0,0,0,0,0,0,0,0,- ,- ,0,0,600,2,LOS ANGELES,LOS ANGELES,CA,-118.3151521,33.73836517,"WESTERN AVE & BYNNER DR, LOS ANGELES, CA",WESTERN AVE,BYNNER DR,112655,
-118.3962121,33.95723343,29143,8813409,2019,2019-03-20T00:00:00.000Z,1942,2019-02-04T00:00:00.000Z,430,42059,1487,1,5,7,1942,0,0,0,N,0,14A67,SEPULVEDA BL,TIJERA BL,0,,Y,C,-,N,,0,0,,,0,,,,Y,4,0,1,2,A,-,9,21801,A,N,D,C,A,B,H,-,C,A,0,,,,,Y,Y,A,1,0,0,1,0,0,0,0,0,0,- ,- ,0,0,600,2,LOS ANGELES,LOS ANGELES,CA,-118.3962121,33.95723343,"SEPULVEDA BLVD & LA TIJERA BLVD, LOS ANGELES, CA",SEPULVEDA BLVD,LA TIJERA BLVD,105617,
-118.3964521,33.95213699,29144,8813539,2019,2019-03-19T00:00:00.000Z,1942,2019-02-03T00:00:00.000Z,500,15074,1494,7,5,7,1942,0,0,0,N,0,3A314,SEPULVEDA BL,92ND ST,459,S,N,A,-,N,,0,0,,,0,,,,Y,0,0,0,1,A,-,1,23152,A,N,A,J,A,B,G,-,C,D,0,,,,,Y,Y,A,1,0,0,0,0,0,0,0,0,0,- ,- ,0,0,600,2,LOS ANGELES,LOS ANGELES,CA,-118.3964521,33.95213699,"SEPULVEDA BLVD & 92ND ST, LOS ANGELES, CA",SEPULVEDA BLVD,92ND ST,105618,
-118.4487822,34.20481491,29145,8814273,2019,2019-04-04T00:00:00.000Z,1942,2019-02-15T00:00:00.000Z,555,30452,906,5,5,7,1942,0,0,0,I,0,9A5,VALERIO ST,VAN NUYS BL,0,,Y,B,-,N,,0,0,,,0,,,,Y,2,0,1,2,A,-,9,21806,A,N,D,C,A,A,H,-,C,A,0,,,,,Y,,D,22,1,0,0,0,0,0,0,0,0,- ,- ,0,0,600,2,LOS ANGELES,LOS ANGELES,CA,-118.4487822,34.20481491,"VALERIO ST & VAN NUYS BLVD, LOS ANGELES, CA",VALERIO ST,VAN NUYS BLVD,98053,
-118.4399726,34.17147064,29146,8803627,2019,2019-02-28T00:00:00.000Z,1942,2019-01-21T00:00:00.000Z,2220,33504,943,1,5,7,1942,0,0,0,I,0,9A41,HAZELTINE AV,BURBANK BL,235,S,N,B,G,N,,0,0,,,0,,,,Y,4,0,1,2,A,-,3,22350,,N,C,E,A,A,H,-,D,D,0,,,Y,,Y,,A,1,0,0,1,0,0,0,0,0,0,- ,- ,0,0,2400,1,LOS ANGELES,LOS ANGELES,CA,-118.4399726,34.17147064,"HAZELTINE AVE & BURBANK BLVD, LOS ANGELES, CA",HAZELTINE AVE,BURBANK BLVD,150160,
-118.4486678,34.22857666,29147,8806389,2019,2019-02-26T00:00:00.000Z,1942,2019-01-19T00:00:00.000Z,2150,42565,1985,6,5,7,1942,0,0,0,,0,19A85,TILDEN AV,PARTHENIA ST,100,S,N,A,-,N,,0,0,,,0,,,,Y,0,0,0,2,A,-,1,23152,A,N,D,E,A,A,H,-,C,D,0,,,,,Y,Y,A,1,0,0,0,0,0,0,0,0,0,- ,- ,0,0,2400,1,LOS ANGELES,LOS ANGELES,CA,-118.4486678,34.22857666,"TILDEN AVE & PARTHENIA ST, LOS ANGELES, CA",TILDEN AVE,PARTHENIA ST,136564,
-118.2827665,34.01263428,29148,8814846,2019,2019-03-06T00:00:00.000Z,1942,2019-02-24T00:00:00.000Z,320,42329,359,7,5,7,1942,0,0,0,C,0,3A57,FIGUEROA ST,39TH ST,500,S,N,A,-,N,,0,0,,,0,,,,Y,0,0,0,1,A,-,3,22350,,N,E,I,A,A,H,-,C,D,0,,,,,Y,,A,1,0,0,0,0,0,0,0,0,0,- ,- ,0,0,600,2,LOS ANGELES,LOS ANGELES,CA,-118.2827665,34.01263428,"FIGUEROA ST & 39TH ST, LOS ANGELES, CA",FIGUEROA ST,39TH ST,113838,
-118.5884761,34.16638947,29149,8816013,2019,2019-03-22T00:00:00.000Z,1942,2019-02-09T00:00:00.000Z,300,43366,2187,6,5,7,1942,0,0,0,,0,21A73,VENTURA BL,DE SOTO AV,50,W,N,B,C,N,,0,0,,,0,,,,Y,4,0,2,2,A,-,8,22107,,N,D,A,A,B,H,-,C,A,0,,,,,Y,,A,1,0,0,2,0,0,0,0,0,0,- ,- ,0,0,600,2,LOS ANGELES,LOS ANGELES,CA,-118.5884761,34.16638947,"VENTURA BLVD & DE SOTO AVE, LOS ANGELES, CA",VENTURA BLVD,DE SOTO AVE,122205,
-118.4588122,34.24272537,29150,8817382,2019,2019-03-14T00:00:00.000Z,1942,2019-02-28T00:00:00.000Z,440,43326,1962,4,5,7,1942,0,0,0,,0,19A61,PLUMMER ST,LEMONA AV,0,,Y,A,-,N,,0,0,,,0,,,,Y,0,0,0,2,A,-,5,21650,,M,B,C,A,B,H,-,C,D,0,,,,,Y,,A,1,0,0,0,0,0,0,0,0,0,- ,- ,0,0,600,2,LOS ANGELES,LOS ANGELES,CA,-118.4588122,34.24272537,"PLUMMER ST & LEMONA AVE, LOS ANGELES, CA",PLUMMER ST,LEMONA AVE,108516,
-118.5360104,34.17434692,29152,8818325,2019,2019-03-22T00:00:00.000Z,1942,2019-02-10T00:00:00.000Z,500,41639,,7,5,7,1942,0,0,0,,0,10A67,RESEDA BL,COLLINS ST,200,S,N,A,-,N,,0,0,,,0,,,,N,0,0,0,2,A,-,8,22100,A,M,B,C,A,A,H,-,C,A,0,,,,,Y,,-,99,0,0,0,0,0,0,0,0,0,- ,- ,0,0,600,2,LOS ANGELES,LOS ANGELES,CA,-118.5360104,34.17434692,"RESEDA BLVD & COLLINS ST, LOS ANGELES, CA",RESEDA BLVD,COLLINS ST,126143,
-118.3773417,34.05409241,29153,8819584,2019,2019-03-11T00:00:00.000Z,1942,2019-02-16T00:00:00.000Z,515,43176,849,6,5,7,1942,0,0,0,H,0,8A59-W,CORNING ST,PICO BL,200,N,N,A,-,N,,0,0,,,0,,,,Y,0,0,0,2,A,-,3,22350,,M,C,E,A,A,H,-,C,D,0,,,,,Y,,-,99,0,0,0,0,0,0,0,0,0,- ,- ,0,0,600,2,LOS ANGELES,LOS ANGELES,CA,-118.3773417,34.05409241,"CORNING ST & PICO BLVD, LOS ANGELES, CA",CORNING ST,PICO BLVD,106913,
-118.4225421,34.20628357,29154,8820617,2019,2019-03-15T00:00:00.000Z,1942,2019-02-13T00:00:00.000Z,330,38687,1511,3,5,7,1942,0,0,0,O,0,15A21,FULTON AV,RAYMER ST,4,N,N,B,-,N,,0,0,,,0,,,,N,0,0,0,1,A,-,3,22350,,M,E,I,A,A,H,-,C,D,0,,,,,Y,,A,7,0,0,0,0,0,0,0,0,0,- ,- ,0,0,600,2,LOS ANGELES,LOS ANGELES,CA,-118.4225421,34.20628357,"FULTON AVE & RAYMER ST, LOS ANGELES, CA",FULTON AVE,RAYMER ST,114939,
-118.2547121,34.04376602,29155,8821006,2019,2019-03-21T00:00:00.000Z,1942,2019-02-06T00:00:00.000Z,341,43512,163,3,5,7,1942,0,0,0,A,0,1A85,8TH ST,BROADWAY,0,,Y,A,-,N,,0,0,,,0,,,,Y,4,0,1,2,A,-,12,21453,A,N,D,C,A,A,H,-,C,A,0,,,,,Y,,A,1,0,0,1,0,0,0,0,0,0,- ,- ,0,0,600,2,LOS ANGELES,LOS ANGELES,CA,-118.2547121,34.04376602,"8TH ST & BROADWAY, LOS ANGELES, CA",8TH ST,BROADWAY,145929,
-118.2133902,34.06600189,29156,8821581,2019,2019-03-25T00:00:00.000Z,1942,2019-02-05T00:00:00.000Z,340,35291,423,2,5,7,1942,0,0,0,D,0,4A15,NORTH MAIN ST,SICHEL ST,136,W,N,C,-,N,,0,0,,,0,,,,Y,4,0,1,5,A,-,3,22350,,N,C,E,A,B,H,-,C,D,0,,,,,Y,,A,1,0,0,1,0,0,0,0,0,0,- ,- ,0,0,600,2,LOS ANGELES,LOS ANGELES,CA,-118.2133903,34.06600189,"N MAIN ST & SICHEL ST, LOS ANGELES, CA",N MAIN ST,SICHEL ST,97178,
-118.2480221,34.05093384,29157,8821583,2019,2019-03-22T00:00:00.000Z,1942,2019-02-22T00:00:00.000Z,517,42932,134,5,5,7,1942,0,0,0,A,0,1A41,3RD ST,BROADWAY,0,,Y,B,-,N,,0,0,,,0,,,,Y,3,0,3,2,A,-,1,23152,A,N,D,C,A,A,H,-,C,A,0,,,,,Y,Y,A,1,0,2,1,0,0,0,0,0,0,- ,- ,0,0,600,2,LOS ANGELES,LOS ANGELES,CA,-118.2480222,34.05093384,"3RD ST & BROADWAY, LOS ANGELES, CA",3RD ST,BROADWAY,99997,
-118.2016413,34.0280571,29158,8821639,2019,2019-03-22T00:00:00.000Z,1942,2019-02-09T00:00:00.000Z,300,39922,478,6,5,7,1942,0,0,0,D,0,4A97,WHITTIER BL,LORENA ST,215,W,N,A,-,N,,0,0,,,0,,,,Y,0,0,0,2,A,-,1,23152,A,N,B,E,A,A,H,-,C,D,0,,,,,Y,Y,A,1,0,0,0,0,0,0,0,0,0,- ,- ,0,0,600,2,LOS ANGELES,LOS ANGELES,CA,-118.2016413,34.0280571,"WHITTIER BLVD & LORENA ST, LOS ANGELES, CA",WHITTIER BLVD,LORENA ST,121262,
-118.2192921,34.03759766,29159,8784066,2019,2019-02-13T00:00:00.000Z,1942,2019-01-27T00:00:00.000Z,147,43638,473,7,5,7,1942,0,0,0,D,0,4A71,BOYLE AV,HOLLENBECK,100,S,N,A,-,N,,0,0,,,0,,,,N,0,0,0,2,A,-,3,22350,A,M,B,E,A,A,H,-,D,A,0,,,,,Y,,-,99,0,0,0,0,0,0,0,0,0,- ,- ,0,0,300,1,LOS ANGELES,LOS ANGELES,CA,-118.2192921,34.03759766,"BOYLE AVE & HOLLENBECK DR, LOS ANGELES, CA",BOYLE AVE,HOLLENBECK DR,161155,
-118.1651909,34.09037018,29160,8784070,2019,2019-02-13T00:00:00.000Z,1942,2019-01-27T00:00:00.000Z,100,43638,429,7,5,7,1942,0,0,0,,0,4A71,HUNTINGTON DR,POPLAR BL,100,W,N,A,-,N,,0,0,,,0,,,,N,0,0,0,2,A,-,3,22350,A,M,B,E,A,A,H,-,C,A,0,,,,,Y,,-,99,0,0,0,0,0,0,0,0,0,- ,- ,0,0,300,1,LOS ANGELES,LOS ANGELES,CA,-118.1651909,34.09037018,"HUNTINGTON DR & POPLAR BLVD, LOS ANGELES, CA",HUNTINGTON DR,POPLAR BLVD,102242,
-118.2651921,33.97472382,29161,8784491,2019,2019-02-15T00:00:00.000Z,1942,2019-01-28T00:00:00.000Z,245,41505,1259,1,5,7,1942,0,0,0,L,0,12A51,FLORENCE AV,AVALON,0,,-,A,-,N,,0,0,,,0,,,,N,0,0,0,2,A,-,3,22350,,M,B,E,A,A,H,-,C,D,0,,,,,Y,Y,-,99,0,0,0,0,0,0,0,0,0,- ,- ,0,0,300,1,LOS ANGELES,LOS ANGELES,CA,-118.2651921,33.97472382,"FLORENCE AVE & AVALON BLVD, LOS ANGELES, CA",FLORENCE AVE,AVALON BLVD,103112,
-118.2876202,33.93096542,29163,8798821,2019,2019-02-21T00:00:00.000Z,1942,2019-01-06T00:00:00.000Z,5,40529,1841,7,5,7,1942,0,0,0,R,0,18A41,IMPERIAL HWY,HOOVER BL,200,W,N,A,-,N,,0,0,,,0,,,,N,0,0,0,2,A,-,5,21650,,M,B,E,A,A,H,-,C,D,0,,,,,Y,,-,99,0,0,0,0,0,0,0,0,0,- ,- ,0,0,300,1,LOS ANGELES,LOS ANGELES,CA,-118.2876202,33.93096542,"IMPERIAL HWY & HOOVER ST, LOS ANGELES, CA",IMPERIAL HWY,HOOVER ST,120929,
-118.2176722,34.02727509,29164,8823117,2019,2019-04-04T00:00:00.000Z,1942,2019-02-02T00:00:00.000Z,300,3937,487,6,5,7,1942,0,0,0,,0,4A97,8TH ST,FICKETT ST,0,,-,C,-,N,,0,0,,,0,,,,Y,0,0,0,3,A,-,5,21650,,M,A,E,A,B,H,-,C,D,0,,,,,Y,,-,99,0,0,0,0,0,0,0,0,0,- ,- ,0,0,600,2,LOS ANGELES,LOS ANGELES,CA,-118.2176722,34.02727509,"8TH ST & FICKETT ST, LOS ANGELES, CA",8TH ST,FICKETT ST,116703,
-118.4143994,34.23648453,29165,8823810,2019,2019-03-21T00:00:00.000Z,1942,2019-02-24T00:00:00.000Z,310,41984,1979,7,5,7,1942,0,0,0,,0,19X5,SHARP AV,WENTWORTH ST,500,N,N,A,-,N,,0,0,,,0,,,,N,3,0,3,3,A,-,3,22350,,N,C,-,A,A,H,-,C,D,0,,,,,Y,Y,A,1,0,3,0,0,0,0,0,0,0,- ,- ,0,0,600,2,LOS ANGELES,LOS ANGELES,CA,-118.4143994,34.23648453,"SHARP AVE & WENTWORTH ST, LOS ANGELES, CA",SHARP AVE,WENTWORTH ST,147377,
-118.2677921,33.78260422,29166,8824369,2019,2019-03-26T00:00:00.000Z,1942,2019-02-27T00:00:00.000Z,500,43223,526,3,5,7,1942,0,0,0,E,0,5A25,OPP ST,LAGOON AV,0,,Y,A,-,N,,0,0,,,0,,,,Y,3,0,1,3,A,-,3,22350,,N,A,E,A,A,H,-,C,D,0,,,,,Y,,A,1,0,1,0,0,0,0,0,0,0,- ,- ,0,0,600,2,LOS ANGELES,LOS ANGELES,CA,-118.2677921,33.78260422,"OPP ST & LAGOON AVE, LOS ANGELES, CA",OPP ST,LAGOON AVE,131290,
-118.3002622,33.96638489,29167,8825616,2019,2019-03-27T00:00:00.000Z,1942,2019-02-24T00:00:00.000Z,455,41808,1265,7,5,7,1942,0,0,0,L,0,,NORMANDIE AV,80TH ST,0,,Y,A,-,N,,0,0,,,0,,,,N,4,0,1,5,A,-,8,22107,,F,B,E,A,A,H,-,C,D,0,,,,,Y,,-,99,0,0,1,0,0,0,0,0,0,- ,- ,0,0,600,2,LOS ANGELES,LOS ANGELES,CA,-118.3002622,33.96638489,"NORMANDIE AVE & 80TH ST, LOS ANGELES, CA",NORMANDIE AVE,80TH ST,110097,
-118.6059699,34.20869827,29168,8826517,2019,2019-04-02T00:00:00.000Z,1942,2019-02-23T00:00:00.000Z,500,35410,2125,6,5,7,1942,0,0,0,,0,21A97,TOPANGA CANYON BL,SATICOY ST,150,N,N,A,-,Y,,0,0,,,0,,,,Y,4,0,1,2,A,-,3,22350,,N,C,E,A,A,H,-,C,D,0,,,,,Y,,A,1,0,0,1,0,0,0,0,0,0,- ,- ,0,0,600,2,LOS ANGELES,LOS ANGELES,CA,-118.6059699,34.20869827,"TOPANGA CANYON BLVD & SATICOY ST, LOS ANGELES, CA",TOPANGA CANYON BLVD,SATICOY ST,109525,
-118.2226021,34.05256653,29169,8826658,2019,2019-05-22T00:00:00.000Z,1942,2019-02-28T00:00:00.000Z,535,39276,452,4,5,7,1942,0,0,0,D,0,4A53,PLEASANT AV,PROGRESS PL,0,,Y,C,-,N,,0,0,,,0,,,,N,4,0,4,2,A,-,9,21801,,N,D,C,A,B,H,-,B,D,0,,,,,Y,,A,1,0,0,4,0,0,0,0,0,0,- ,- ,0,0,600,2,LOS ANGELES,LOS ANGELES,CA,-118.2226021,34.05256653,"PLEASANT AVE & PROGRESS PL, LOS ANGELES, CA",PLEASANT AVE,PROGRESS PL,121182,
-118.2916922,34.07769394,29170,8826676,2019,2019-06-04T00:00:00.000Z,1942,2019-02-20T00:00:00.000Z,555,38050,221,3,5,7,1942,0,0,0,,0,2A1,OAKWOOD AV,N VERMONT AV,0,,Y,A,-,N,,0,0,,,0,,,,Y,0,0,0,2,A,-,12,21453,A,M,D,C,A,A,H,-,B,A,0,,,,,Y,,-,99,0,0,0,0,0,0,0,0,0,- ,- ,0,0,600,2,LOS ANGELES,LOS ANGELES,CA,-118.2916922,34.07769394,"OAKWOOD AVE & VERMONT AVE, LOS ANGELES, CA",OAKWOOD AVE,VERMONT AVE,146327,
-118.3344738,34.04652023,29171,8827606,2019,2019-04-04T00:00:00.000Z,1942,2019-02-08T00:00:00.000Z,550,39449,765,5,5,7,1942,0,0,0,G,0,7A21,VENICE BL,LA FAYETTE,200,W,N,B,-,N,,0,0,,,0,,,,N,0,0,0,1,C,-,18,0,,N,H,A,A,A,A,-,C,D,0,,,,,Y,,-,- ,0,0,0,0,0,0,0,0,0,- ,- ,0,0,600,2,LOS ANGELES,LOS ANGELES,CA,-118.3344738,34.04652023,"VENICE BLVD & LA FAYETTE RD, LOS ANGELES, CA",VENICE BLVD,LA FAYETTE RD,134945,
-118.3765753,34.07963181,29172,8827705,2019,2019-04-04T00:00:00.000Z,1942,2019-02-10T00:00:00.000Z,330,42215,701,7,5,7,1942,0,0,0,G,0,7A1,LA CIENEGA BL,ROSEWOOD AV,195,S,N,A,-,N,,0,0,,,0,,,,N,0,0,0,1,C,-,18,0,,N,H,J,A,A,A,-,C,D,0,,,,,Y,,-,- ,0,0,0,0,0,0,0,0,0,- ,- ,0,0,600,2,LOS ANGELES,LOS ANGELES,CA,-118.3765753,34.07963181,"LA CIENEGA BLVD & ROSEWOOD AVE, LOS ANGELES, CA",LA CIENEGA BLVD,ROSEWOOD AVE,100417,
-118.2751168,34.0438118,29173,8829504,2019,2019-04-09T00:00:00.000Z,1942,2019-02-25T00:00:00.000Z,325,43553,299,1,5,7,1942,0,0,0,B,0,2A75,PICO BL,VALENCIA ST,50,E,N,A,-,N,,0,0,,,0,,,,Y,4,0,1,2,A,-,8,22107,,N,A,C,A,A,H,-,C,A,0,,,,,Y,,D,22,0,0,1,0,0,0,0,0,0,- ,- ,0,0,600,2,LOS ANGELES,LOS ANGELES,CA,-118.2751168,34.0438118,"PICO BLVD & VALENCIA ST, LOS ANGELES, CA",PICO BLVD,VALENCIA ST,121203,
-118.3009127,34.05597687,29174,8829671,2019,2019-04-16T00:00:00.000Z,1942,2019-02-26T00:00:00.000Z,525,39127,2044,2,5,7,1942,0,0,0,,0,20A33,IROLO ST,JAMES M WOOD BL,34,N,N,A,-,N,,0,0,,,0,,,,Y,3,0,4,5,A,-,5,21460,A,N,B,C,A,A,H,-,C,A,0,,,,,Y,,A,1,0,1,3,0,0,0,0,0,0,- ,- ,0,0,600,2,LOS ANGELES,LOS ANGELES,CA,-118.3009127,34.05597687,"IROLO ST & JAMES M WOOD BLVD, LOS ANGELES, CA",IROLO ST,JAMES M WOOD BLVD,121092,
-118.4031322,34.22165299,29175,8830210,2019,2019-03-29T00:00:00.000Z,1942,2019-02-25T00:00:00.000Z,515,43546,1681,1,5,7,1942,0,0,0,P,0,16A81,ROSCOE BL,RHODES AV,0,,Y,A,-,N,,0,0,,,0,,,,Y,4,0,1,2,A,-,8,22107,,N,B,E,A,A,H,-,C,A,0,,,,,Y,,A,1,0,0,1,0,0,0,0,0,0,- ,- ,0,0,600,2,LOS ANGELES,LOS ANGELES,CA,-118.4031322,34.22165298,"ROSCOE BLVD & RHODES AVE, LOS ANGELES, CA",ROSCOE BLVD,RHODES AVE,118800,
-118.3878222,34.22248459,29176,8830222,2019,2019-03-29T00:00:00.000Z,1942,2019-02-27T00:00:00.000Z,330,40408,1684,3,5,7,1942,0,0,0,P,0,16A81,LANKERSHIM BL,TUXFORD,0,,Y,A,-,N,,0,0,,,0,,,,N,4,0,1,2,A,-,9,21801,A,N,-,C,A,A,H,-,C,A,0,,,,,Y,,-,- ,0,0,1,0,0,0,0,0,0,- ,- ,0,0,600,2,LOS ANGELES,LOS ANGELES,CA,-118.3878222,34.22248459,"LANKERSHIM BLVD & TUXFORD ST, LOS ANGELES, CA",LANKERSHIM BLVD,TUXFORD ST,132641,
-118.4082958,34.27086639,29177,8830226,2019,2019-03-29T00:00:00.000Z,1942,2019-02-28T00:00:00.000Z,450,43170,1613,4,5,7,1942,0,0,0,P,0,16X4,PIERCE ST,GLENOAKS BL,100,E,N,A,-,N,,0,0,,,0,,,,N,4,0,1,2,A,-,9,21801,,N,D,C,A,B,H,-,C,D,0,,,,,Y,,A,1,0,0,1,0,0,0,0,0,0,- ,- ,0,0,600,2,LOS ANGELES,LOS ANGELES,CA,-118.4082958,34.27086639,"PIERCE ST & GLENOAKS BLVD, LOS ANGELES, CA",PIERCE ST,GLENOAKS BLVD,119506,
-118.2841522,34.09581375,29178,8830366,2019,2019-03-28T00:00:00.000Z,1942,2019-02-11T00:00:00.000Z,430,42977,1162,1,5,7,1942,0,0,0,K,0,11A62,SUNSET BL,FOUNTAIN AV,0,,Y,A,-,N,,0,0,,,0,,,,N,3,0,1,2,A,-,3,22350,,N,G,B,B,A,H,-,C,A,0,Y,,,,Y,,-,99,0,1,0,0,1,0,0,0,0,- ,- ,0,0,600,2,LOS ANGELES,LOS ANGELES,CA,-118.2841522,34.09581375,"SUNSET BLVD & FOUNTAIN AVE, LOS ANGELES, CA",SUNSET BLVD,FOUNTAIN AVE,135166,
-118.3899521,34.03292465,29179,8830422,2019,2019-03-29T00:00:00.000Z,1942,2019-02-23T00:00:00.000Z,315,40033,898,6,5,7,1942,0,0,0,H,0,8A95,KINCARDINE AV,ROBERTSON BL,0,,Y,A,-,N,,0,0,,,0,,,,N,0,0,0,2,A,-,8,22107,,M,B,C,A,A,H,-,C,A,0,,,,,Y,,-,99,0,0,0,0,0,0,0,0,0,- ,- ,0,0,600,2,LOS ANGELES,LOS ANGELES,CA,-118.3899521,34.03292465,"KINCARDINE AVE & ROBERTSON BLVD, LOS ANGELES, CA",KINCARDINE AVE,ROBERTSON BLVD,110460,
-118.2447267,33.99298477,29180,8830429,2019,2019-03-27T00:00:00.000Z,1942,2019-02-04T00:00:00.000Z,450,38050,1377,1,5,7,1942,0,0,0,M,0,13A75,E 55TH ST,MORGAN AV,50,W,N,C,-,N,,0,0,,,0,,,,N,0,0,0,3,A,-,8,22107,,M,B,E,A,A,H,-,C,D,0,,,,,Y,,-,99,0,0,0,0,0,0,0,0,0,- ,- ,0,0,600,2,LOS ANGELES,LOS ANGELES,CA,-118.2447267,33.99298477,"55TH ST & MORGAN AVE, LOS ANGELES, CA",55TH ST,MORGAN AVE,96063,
-118.2597887,34.06291199,29181,8833894,2019,2019-04-09T00:00:00.000Z,1942,2019-02-13T00:00:00.000Z,530,40803,238,3,5,7,1942,0,0,0,B,0,2A5,GLENDALE BL,ROCKWOOD ST,20,S,N,A,-,N,,0,0,,,0,,,,Y,0,0,0,3,A,-,3,22350,,M,C,E,A,A,H,-,C,D,0,,,,,Y,,-,99,0,0,0,0,0,0,0,0,0,- ,- ,0,0,600,2,LOS ANGELES,LOS ANGELES,CA,-118.2597887,34.06291199,"GLENDALE BLVD & ROCKWOOD ST, LOS ANGELES, CA",GLENDALE BLVD,ROCKWOOD ST,114619,
-118.2210521,34.02512741,29182,8830495,2019,2019-03-28T00:00:00.000Z,1942,2019-02-05T00:00:00.000Z,350,36586,491,2,5,7,1942,0,0,0,,0,7A59,BOYLE,OLYMPIC,114,N,N,C,-,N,,0,0,,,0,,,,N,4,0,1,2,A,-,5,21650,1,F,G,G,-,B,H,-,C,D,0,Y,Y,,,Y,,L,4,0,0,1,0,0,0,1,0,0,- ,- ,0,0,600,2,LOS ANGELES,LOS ANGELES,CA,-118.2210521,34.02512741,"BOYLE AVE & OLYMPIC BLVD,, CA",BOYLE AVE,OLYMPIC BLVD,117424,
-118.3093123,34.1053772,29183,8836110,2019,2019-04-11T00:00:00.000Z,1942,2019-02-05T00:00:00.000Z,505,43056,629,2,5,7,1942,0,0,0,F,0,6A79,WESTERN AV,FRANKLIN AV,5,N,N,C,-,N,,0,0,,,0,,,,Y,4,0,1,1,A,-,3,22350,,N,-,J,A,B,H,-,C,A,0,,,,,Y,,A,1,0,0,1,0,0,0,0,0,0,- ,- ,0,0,600,2,LOS ANGELES,LOS ANGELES,CA,-118.3093123,34.1053772,"WESTERN AVE & FRANKLIN AVE, LOS ANGELES, CA",WESTERN AVE,FRANKLIN AVE,150059,
-118.3384021,34.10412598,29184,8837026,2019,2019-04-30T00:00:00.000Z,1942,2019-02-02T00:00:00.000Z,305,42385,635,6,5,7,1942,0,0,0,F,0,6A15,FRANKLIN AV,HIGHLAND AV,0,,Y,C,-,N,,0,0,,,0,,,,Y,0,0,0,2,A,-,8,22107,,M,A,C,A,B,H,-,C,A,0,,,,,Y,,A,1,0,0,0,0,0,0,0,0,0,- ,- ,0,0,600,2,LOS ANGELES,LOS ANGELES,CA,-118.3384021,34.10412598,"FRANKLIN AVE & HIGHLAND AVE, LOS ANGELES, CA",FRANKLIN AVE,HIGHLAND AVE,100803,