X,Y,OBJECTID,case_id,accident_year,proc_date,juris,collision_date,collision_time,officer_id,reporting_district,day_of_week,chp_shift,population,cnty_city_loc,special_cond,beat_type,chp_beat_type,city_division_lapd,chp_beat_class,beat_number,primary_rd,secondary_rd,distance,direction,intersection,weather_1,weather_2,state_hwy_ind,caltrans_county,caltrans_district,state_route,route_suffix,postmile_prefix,postmile,location_type,ramp_intersection,side_of_hwy,tow_away,collision_severity,number_killed,number_injured,party_count,primary_coll_factor,pcf_code_of_viol,pcf_viol_category,pcf_violation,pcf_viol_subsection,hit_and_run,type_of_collision,mviw,ped_action,road_surface,road_cond_1,road_cond_2,lighting,control_device,chp_road_type,pedestrian_accident,bicycle_accident,motorcycle_accident,truck_accident,not_private_property,alcohol_involved,stwd_vehtype_at_fault,chp_vehtype_at_fault,count_severe_inj,count_visible_inj,count_complaint_pain,count_ped_killed,count_ped_injured,count_bicyclist_killed,count_bicyclist_injured,count_mc_killed,count_mc_injured,primary_ramp,secondary_ramp,latitude,longitude,timecat,month_,city,county,state,point_x,point_y,match_addr,m_primaryrd,m_secondrd,int_id,Flag
-118.2813322,33.97079468,29229,8799524,2019,2019-02-27T00:00:00.000Z,1942,2019-02-05T00:00:00.000Z,710,31188,1265,2,5,7,1942,0,0,0,L,0,25TL23,76TH ST,FLOWER ST,0,,Y,A,-,N,,0,0,,,0,,,,Y,0,0,0,2,A,-,9,21800,A,M,D,C,A,B,H,-,A,A,0,,,,,Y,,-,99,0,0,0,0,0,0,0,0,0,- ,- ,0,0,900,2,LOS ANGELES,LOS ANGELES,CA,-118.2813322,33.97079468,"76TH ST & FLOWER ST, LOS ANGELES, CA",76TH ST,FLOWER ST,148765,
-118.3667206,34.02698898,29230,8799546,2019,2019-02-25T00:00:00.000Z,1942,2019-02-10T00:00:00.000Z,800,42729,311,7,5,7,1942,0,0,0,C,0,3A1,SPOKANE ST,CLYDE AV,530,E,N,A,-,N,,0,0,,,0,,,,Y,4,0,1,1,A,-,3,22350,,N,A,J,A,A,H,-,A,D,0,,,,,Y,Y,A,1,0,0,1,0,0,0,0,0,0,- ,- ,0,0,900,2,LOS ANGELES,LOS ANGELES,CA,-118.3667206,34.02698898,"SPOKANE ST & CLYDE AVE, LOS ANGELES, CA",SPOKANE ST,CLYDE AVE,127924,
-118.3441321,34.0162735,29231,8799550,2019,2019-02-25T00:00:00.000Z,1942,2019-02-04T00:00:00.000Z,625,38503,362,1,5,7,1942,0,0,0,C,0,25T27,MARTIN LUTHER KING JR BL,HILLCREST DR,0,,Y,C,-,N,,0,0,,,0,,,,Y,3,0,2,2,A,-,1,23152,A,N,A,C,A,A,H,-,A,A,0,,,,,Y,Y,A,1,0,2,0,0,0,0,0,0,0,- ,- ,0,0,900,2,LOS ANGELES,LOS ANGELES,CA,-118.3441321,34.0162735,"MARTIN LUTHER KING JR BLVD & HILLCREST DR, LOS ANGELES, CA",MARTIN LUTHER KING JR BLVD,HILLCREST DR,109419,
-118.3094858,33.97457504,29232,8800787,2019,2019-02-25T00:00:00.000Z,1942,2019-02-08T00:00:00.000Z,630,33599,1253,5,5,7,1942,0,0,0,L,0,12A53,FLORENCE AV,WESTERN AV,150,W,N,A,-,N,,0,0,,,0,,,,Y,4,0,1,2,A,-,3,22350,,N,C,C,A,A,H,-,B,D,0,,,Y,,Y,,C,2,0,0,1,0,0,0,0,0,1,- ,- ,0,0,900,2,LOS ANGELES,LOS ANGELES,CA,-118.3094858,33.97457504,"FLORENCE AVE & WESTERN AVE, LOS ANGELES, CA",FLORENCE AVE,WESTERN AVE,127689,
-118.2621622,33.93009567,29233,8800914,2019,2019-02-27T00:00:00.000Z,1942,2019-02-04T00:00:00.000Z,800,42770,863,1,5,7,1942,0,0,0,,0,18A63,STANFORD,115TH ST,0,,Y,A,-,N,,0,0,,,0,,,,N,4,0,1,2,A,-,10,21950,A,F,G,B,B,B,H,-,A,D,0,Y,,,,Y,,-,99,0,0,1,0,1,0,0,0,0,- ,- ,0,0,900,2,LOS ANGELES,LOS ANGELES,CA,-118.2621622,33.93009567,"STANFORD AVE & 115TH ST, LOS ANGELES, CA",STANFORD AVE,115TH ST,120876,
-118.3002822,33.95999527,29234,8800957,2019,2019-02-22T00:00:00.000Z,1942,2019-02-10T00:00:00.000Z,655,37724,1273,7,5,7,1942,0,0,0,L,0,12A73,W MANCHESTER AV,S NORMANDIE AV,0,,Y,B,-,N,,0,0,,,0,,,,Y,3,0,4,2,A,-,12,21453,A,N,D,C,A,B,H,-,A,A,0,,,,,Y,,A,7,0,1,3,0,0,0,0,0,0,- ,- ,0,0,900,2,LOS ANGELES,LOS ANGELES,CA,-118.3002822,33.95999527,"MANCHESTER AVE & NORMANDIE AVE, LOS ANGELES, CA",MANCHESTER AVE,NORMANDIE AVE,145280,
-118.2827521,34.0083046,29235,8801042,2019,2019-02-22T00:00:00.000Z,1942,2019-02-08T00:00:00.000Z,850,33599,398,5,5,7,1942,0,0,0,C,0,3A99,FIGUEROA ST,41ST PL,0,,Y,A,-,N,,0,0,,,0,,,,N,4,0,3,2,A,-,9,21801,A,N,D,C,A,A,H,-,A,D,0,,,,,Y,,A,8,0,0,3,0,0,0,0,0,0,- ,- ,0,0,900,2,LOS ANGELES,LOS ANGELES,CA,-118.2827521,34.0083046,"FIGUEROA ST & 41ST PL, LOS ANGELES, CA",FIGUEROA ST,41ST PL,103389,
-118.5692392,34.20832825,29236,8801916,2019,2019-03-19T00:00:00.000Z,1942,2019-02-14T00:00:00.000Z,630,30452,2139,4,5,7,1942,0,0,0,,0,21A29,SATICOY ST,WINNETKA AV,540,E,N,C,-,N,,0,0,,,0,,,,Y,0,0,0,2,A,-,1,21200,5,N,H,G,A,B,H,-,D,D,0,,Y,,,Y,,L,4,0,0,0,0,0,0,0,0,0,- ,- ,0,0,900,2,LOS ANGELES,LOS ANGELES,CA,-118.5692392,34.20832825,"SATICOY ST & WINNETKA AVE, LOS ANGELES, CA",SATICOY ST,WINNETKA AVE,143571,
-118.4502922,34.23531342,29237,8802169,2019,2019-03-19T00:00:00.000Z,1942,2019-02-16T00:00:00.000Z,600,43160,1964,6,5,7,1942,0,0,0,,0,19A75,VAN NUYS BL,SOUTH NORDHOFF,30,S,N,A,-,N,,0,0,,,0,,,,Y,0,0,0,2,A,-,1,23152,A,N,C,C,A,B,H,-,C,D,0,,,,,Y,Y,A,1,0,0,0,0,0,0,0,0,0,- ,- ,0,0,900,2,LOS ANGELES,LOS ANGELES,CA,-118.4502922,34.23531342,"VAN NUYS BLVD & NORDHOFF ST, LOS ANGELES, CA",VAN NUYS BLVD,NORDHOFF ST,105003,
-118.4259455,34.25801086,29238,8802201,2019,2019-03-19T00:00:00.000Z,1942,2019-02-11T00:00:00.000Z,730,42460,1641,1,5,7,1942,0,0,0,P,0,16A23,PIERCE ST,HADDON AV,100,W,N,A,-,N,,0,0,,,0,,,,Y,0,0,0,2,A,-,8,22107,,N,B,C,A,A,H,-,A,D,0,,,,,Y,Y,A,8,0,0,0,0,0,0,0,0,0,- ,- ,0,0,900,2,LOS ANGELES,LOS ANGELES,CA,-118.4259455,34.25801086,"PIERCE ST & HADDON AVE, LOS ANGELES, CA",PIERCE ST,HADDON AVE,133491,
-118.5361022,34.24455643,29239,8802393,2019,2019-04-24T00:00:00.000Z,1942,2019-02-09T00:00:00.000Z,600,43242,1767,6,5,7,1942,0,0,0,Q,0,17A67,RESEDA BL,HALSTED ST,0,,Y,C,-,N,,0,0,,,0,,,,Y,4,0,1,5,A,-,9,21802,A,N,D,C,A,B,H,-,B,D,0,,,,,Y,,A,1,0,0,1,0,0,0,0,0,0,- ,- ,0,0,900,2,LOS ANGELES,LOS ANGELES,CA,-118.5361022,34.24455643,"RESEDA BLVD & HALSTED ST, LOS ANGELES, CA",RESEDA BLVD,HALSTED ST,129698,
-118.6060822,34.26444626,29241,8802404,2019,2019-03-15T00:00:00.000Z,1942,2019-02-20T00:00:00.000Z,808,42460,1721,3,5,7,1942,0,0,0,Q,0,17A23,CHATSWORTH ST,TOPANGA CANYON BL,0,,Y,A,-,N,,0,0,,,0,,,,Y,3,0,2,4,A,-,9,21801,A,N,D,C,A,-,H,-,A,A,0,,,,Y,Y,,A,1,0,2,0,0,0,0,0,0,0,- ,- ,0,0,900,2,LOS ANGELES,LOS ANGELES,CA,-118.6060822,34.26444626,"CHATSWORTH ST & TOPANGA CANYON BLVD, LOS ANGELES, CA",CHATSWORTH ST,TOPANGA CANYON BLVD,122867,
-118.4689122,34.18665314,29242,8802420,2019,2019-03-13T00:00:00.000Z,1942,2019-02-12T00:00:00.000Z,700,39040,911,2,5,7,1942,0,0,0,I,0,9A23,VICTORY BL,LANGDON AV,0,,Y,A,-,N,,0,0,,,0,,,,N,4,0,1,2,A,-,8,22100,A,N,B,C,A,A,H,-,A,D,0,,,,,Y,,D,22,0,0,1,0,0,0,0,0,0,- ,- ,0,0,900,2,LOS ANGELES,LOS ANGELES,CA,-118.4689122,34.18665314,"VICTORY BLVD & LANGDON AVE, LOS ANGELES, CA",VICTORY BLVD,LANGDON AVE,126759,
-118.2870676,33.96045303,29246,8802721,2019,2019-02-22T00:00:00.000Z,1942,2019-02-01T00:00:00.000Z,630,33599,1801,5,5,7,1942,0,0,0,R,0,18A1,HOOVER ST,MANCHESTER AV,150,W,N,B,-,N,,0,0,,,0,,,,Y,4,0,1,2,A,-,9,21801,A,N,D,C,A,A,H,-,A,D,0,,,Y,,Y,,A,1,0,0,1,0,0,0,0,0,1,- ,- ,0,0,900,2,LOS ANGELES,LOS ANGELES,CA,-118.2870676,33.96045303,"HOOVER ST & MANCHESTER AVE, LOS ANGELES, CA",HOOVER ST,MANCHESTER AVE,141871,
-118.3132425,34.09075928,29247,8802799,2019,2019-02-22T00:00:00.000Z,1942,2019-02-02T00:00:00.000Z,805,35945,657,6,5,7,1942,0,0,0,F,0,6A77,SANTA MONICA BL,WILTON PL,100,E,N,C,-,N,,0,0,,,0,,,,N,4,0,1,2,A,-,3,22350,,F,C,C,A,B,H,-,A,A,0,,,,,Y,,-,99,0,0,1,0,0,0,0,0,0,- ,- ,0,0,900,2,LOS ANGELES,LOS ANGELES,CA,-118.3132425,34.09075928,"SANTA MONICA BLVD & WILTON PL, LOS ANGELES, CA",SANTA MONICA BLVD,WILTON PL,97026,
-118.2651121,33.96013641,29248,8803996,2019,2019-03-05T00:00:00.000Z,1942,2019-02-12T00:00:00.000Z,835,42293,1803,2,5,7,1942,0,0,0,R,0,18A3,AVALON BL,E MANCHESTER AV,0,,Y,A,-,N,,0,0,,,0,,,,N,4,0,1,2,A,-,4,21703,,N,C,C,A,A,H,-,A,D,0,,,,,Y,,A,1,0,0,1,0,0,0,0,0,0,- ,- ,0,0,900,2,LOS ANGELES,LOS ANGELES,CA,-118.2651121,33.96013641,"AVALON BLVD & MANCHESTER AVE, LOS ANGELES, CA",AVALON BLVD,MANCHESTER AVE,145327,
-118.291725,34.07923889,29249,8804409,2019,2019-03-11T00:00:00.000Z,1942,2019-02-15T00:00:00.000Z,830,40275,212,5,5,7,1942,0,0,0,B,0,2A5,N VERMONT AV,ROSEWOOD AV,75,N,N,B,-,N,,0,0,,,0,,,,N,4,0,1,2,A,-,3,22350,,N,C,C,A,A,H,-,A,D,0,,,,,Y,,D,22,0,0,1,0,0,0,0,0,0,- ,- ,0,0,900,2,LOS ANGELES,LOS ANGELES,CA,-118.291725,34.07923889,"VERMONT AVE & ROSEWOOD AVE, LOS ANGELES, CA",VERMONT AVE,ROSEWOOD AVE,98961,
-118.2748722,34.07251358,29250,8804458,2019,2019-04-04T00:00:00.000Z,1942,2019-02-12T00:00:00.000Z,735,38050,233,2,5,7,1942,0,0,0,B,0,2A17,W TEMPLE ST,N RAMPART BL,0,,Y,A,-,N,,0,0,,,0,,,,Y,3,0,3,3,A,-,9,21453,B,N,B,C,A,A,H,-,A,D,0,,,,,Y,,A,7,0,1,2,0,0,0,0,0,0,- ,- ,0,0,900,2,LOS ANGELES,LOS ANGELES,CA,-118.2748722,34.07251358,"TEMPLE ST & RAMPART BLVD, LOS ANGELES, CA",TEMPLE ST,RAMPART BLVD,97315,
-118.2871222,33.97170639,29251,8792170,2019,2019-02-14T00:00:00.000Z,1942,2019-01-16T00:00:00.000Z,1740,42681,1256,3,5,7,1942,0,0,0,L,0,12X8,HOOVER ST,75TH ST,0,,Y,C,-,N,,0,0,,,0,,,,N,4,0,1,2,A,-,11,21954,A,N,G,B,D,B,H,-,D,D,0,Y,,,,Y,,N,60,0,0,1,0,1,0,0,0,0,- ,- ,0,0,1800,1,LOS ANGELES,LOS ANGELES,CA,-118.2871222,33.97170639,"HOOVER ST & 75TH ST, LOS ANGELES, CA",HOOVER ST,75TH ST,148697,
-118.4801022,33.99485397,29252,8796581,2019,2019-03-06T00:00:00.000Z,1942,2019-01-20T00:00:00.000Z,1615,43205,1412,7,5,7,1942,0,0,0,N,0,14FB6,SPEEDWAY,ROSE AV,0,,Y,A,-,N,,0,0,,,0,,,,N,3,0,1,2,A,-,3,22350,,N,G,B,E,A,H,-,A,D,0,Y,,,,Y,,M,94,0,1,0,0,1,0,0,0,0,- ,- ,0,0,1800,1,LOS ANGELES,LOS ANGELES,CA,-118.4801022,33.99485397,"SPEEDWAY & ROSE AVE, LOS ANGELES, CA",SPEEDWAY,ROSE AVE,96615,
-118.2430475,33.95339966,29253,8804495,2019,2019-03-21T00:00:00.000Z,1942,2019-02-22T00:00:00.000Z,730,43618,1827,5,5,7,1942,0,0,0,R,0,18A97,GRAHAM AV,92ND ST,45,N,N,A,-,N,,0,0,,,0,,,,Y,4,0,2,2,A,-,12,22450,A,N,D,C,A,A,H,-,A,A,0,,,,,Y,,A,1,0,0,2,0,0,0,0,0,0,- ,- ,0,0,900,2,LOS ANGELES,LOS ANGELES,CA,-118.2430475,33.95339966,"GRAHAM AVE & 92ND ST, LOS ANGELES, CA",GRAHAM AVE,92ND ST,138189,
-118.3151821,34.01185608,29254,8804505,2019,2019-03-20T00:00:00.000Z,1942,2019-02-19T00:00:00.000Z,840,39203,375,2,5,7,1942,0,0,0,,0,3A99,WILTON PL,BROWNING BL,0,,Y,A,-,N,,0,0,,,0,,,,Y,4,0,2,2,A,-,9,21802,A,N,D,C,A,A,H,-,A,A,0,,,,,Y,,A,7,0,0,2,0,0,0,0,0,0,- ,- ,0,0,900,2,LOS ANGELES,LOS ANGELES,CA,-118.3151821,34.01185608,"WILTON PL & BROWNING BLVD, LOS ANGELES, CA",WILTON PL,BROWNING BLVD,131381,
-118.2841221,34.04036713,29255,8804512,2019,2019-03-06T00:00:00.000Z,1942,2019-02-09T00:00:00.000Z,855,40275,291,6,5,7,1942,0,0,0,B,0,2A92,S HOOVER ST,WASHINGTON BL,180,N,N,B,-,N,,0,0,,,0,,,,Y,4,0,1,2,A,-,3,22350,,N,C,C,A,B,H,-,A,D,0,,,,,Y,,A,1,0,0,1,0,0,0,0,0,0,- ,- ,0,0,900,2,LOS ANGELES,LOS ANGELES,CA,-118.2841221,34.04036713,"HOOVER ST & WASHINGTON BLVD, LOS ANGELES, CA",HOOVER ST,WASHINGTON BLVD,103565,
-118.2802621,33.97079468,29256,8804543,2019,2019-03-06T00:00:00.000Z,1942,2019-02-22T00:00:00.000Z,800,43627,1257,5,5,7,1942,0,0,0,L,0,12A39,76TH ST,GRAND AV,15,N,N,A,-,N,,0,0,,,0,,,,N,4,0,2,2,A,-,12,22450,,N,B,C,A,A,-,-,A,A,0,,,,,Y,,A,1,0,0,2,0,0,0,0,0,0,- ,- ,0,0,900,2,LOS ANGELES,LOS ANGELES,CA,-118.2802621,33.97079468,"76TH ST & GRAND AVE, LOS ANGELES, CA",76TH ST,GRAND AVE,127685,
-118.3088521,33.81270599,29257,8804584,2019,2019-03-19T00:00:00.000Z,1942,2019-02-17T00:00:00.000Z,830,31669,508,7,5,7,1942,0,0,0,,0,25TL45,WESTERN AV,235TH ST,0,,Y,A,-,N,,0,0,,,0,,,,N,4,0,1,2,A,-,9,21802,A,N,D,C,A,A,H,-,A,D,0,,,,,Y,,A,1,0,0,1,0,0,0,0,0,0,- ,- ,0,0,900,2,LOS ANGELES,LOS ANGELES,CA,-118.3088521,33.81270599,"WESTERN AVE & 235TH ST, LOS ANGELES, CA",WESTERN AVE,235TH ST,109356,
-118.3002921,33.97780609,29258,8804619,2019,2019-03-06T00:00:00.000Z,1942,2019-02-21T00:00:00.000Z,630,33599,1245,4,5,7,1942,0,0,0,L,0,12A45,68TH ST,NORMANDIE AV,0,,Y,B,-,N,,0,0,,,0,,,,N,3,0,5,2,A,-,9,21802,A,N,A,C,A,A,H,-,A,A,0,,,,,Y,,A,7,0,1,4,0,0,0,0,0,0,- ,- ,0,0,900,2,LOS ANGELES,LOS ANGELES,CA,-118.3002921,33.97780609,"68TH ST & NORMANDIE AVE, LOS ANGELES, CA",68TH ST,NORMANDIE AVE,131101,
-118.4696422,34.2572937,29259,8804723,2019,2019-03-12T00:00:00.000Z,1942,2019-02-21T00:00:00.000Z,820,26347,1952,4,5,7,1942,0,0,0,,0,19A43,LANGDON AV,DEVONSHIRE ST,0,,Y,A,-,N,,0,0,,,0,,,,Y,4,0,1,2,A,-,10,21950,A,N,G,B,B,A,H,-,A,D,0,Y,,,,Y,,D,22,0,0,1,0,1,0,0,0,0,- ,- ,0,0,900,2,LOS ANGELES,LOS ANGELES,CA,-118.4696422,34.2572937,"LANGDON AVE & DEVONSHIRE ST, LOS ANGELES, CA",LANGDON AVE,DEVONSHIRE ST,108441,
-118.4653922,34.23550415,29261,8804743,2019,2019-03-19T00:00:00.000Z,1942,2019-02-23T00:00:00.000Z,830,40634,1972,6,5,7,1942,0,0,0,,0,19A61,COLUMBUS AV,NORDHOFF ST,0,,Y,A,-,N,,0,0,,,0,,,,Y,4,0,1,2,A,-,9,21802,A,N,D,C,A,A,H,-,A,D,0,,,,,Y,,E,22,0,0,1,0,0,0,0,0,0,- ,- ,0,0,900,2,LOS ANGELES,LOS ANGELES,CA,-118.4653922,34.23550415,"COLUMBUS AVE & NORDHOFF ST, LOS ANGELES, CA",COLUMBUS AVE,NORDHOFF ST,115482,
-118.4354931,34.26688767,29262,8804756,2019,2019-03-12T00:00:00.000Z,1942,2019-02-07T00:00:00.000Z,700,40634,1621,4,5,7,1942,0,0,0,P,0,16A11,PAXTON ST,HADDON AV,135,W,N,A,-,N,,0,0,,,0,,,,N,4,0,1,2,A,-,21,22106,,N,D,C,A,A,H,-,A,D,0,,,,,Y,,A,1,0,0,1,0,0,0,0,0,0,- ,- ,0,0,900,2,LOS ANGELES,LOS ANGELES,CA,-118.4354931,34.26688766,"PAXTON ST & HADDON AVE, LOS ANGELES, CA",PAXTON ST,HADDON AVE,133514,
-118.4550082,34.2959404,29263,8804759,2019,2019-03-12T00:00:00.000Z,1942,2019-02-18T00:00:00.000Z,800,32268,1925,1,5,7,1942,0,0,0,,0,19A1,SAN FERNANDO RD,ASTORIA ST,200,S,N,A,-,N,,0,0,,,0,,,,Y,3,0,3,3,B,-,22,0,,N,C,C,A,A,H,-,A,D,0,,,,,Y,,M,44,0,1,2,0,0,0,0,0,0,- ,- ,0,0,900,2,LOS ANGELES,LOS ANGELES,CA,-118.4550082,34.2959404,"SAN FERNANDO RD & ASTORIA ST, LOS ANGELES, CA",SAN FERNANDO RD,ASTORIA ST,115699,
-118.3790821,34.17760468,29264,8804776,2019,2019-03-12T00:00:00.000Z,1942,2019-02-24T00:00:00.000Z,800,41514,1538,7,5,7,1942,0,0,0,O,0,15A39,CALIFA ST,TUJUNGA AV,0,,Y,A,-,N,,0,0,,,0,,,,Y,4,0,1,2,A,-,3,22350,,F,D,C,A,A,H,-,A,A,0,,,,,Y,,D,22,0,0,1,0,0,0,0,0,0,- ,- ,0,0,900,2,LOS ANGELES,LOS ANGELES,CA,-118.3790821,34.17760468,"CALIFA ST & TUJUNGA AVE, LOS ANGELES, CA",CALIFA ST,TUJUNGA AVE,132690,
-118.2901838,33.73045349,29265,8804781,2019,2019-03-08T00:00:00.000Z,1942,2019-02-21T00:00:00.000Z,745,34370,563,4,5,7,1942,0,0,0,,0,25MQ11,GRAND AV,15TH ST,55,S,N,B,-,N,,0,0,,,0,,,,N,0,0,0,2,A,-,8,22107,,M,B,E,A,A,H,-,A,D,0,,,,,Y,,-,99,0,0,0,0,0,0,0,0,0,- ,- ,0,0,900,2,LOS ANGELES,LOS ANGELES,CA,-118.2901838,33.73045349,"GRAND AVE (SAN PEDRO) & 15TH ST, LOS ANGELES, CA",GRAND AVE (SAN PEDRO),15TH ST,135090,
-118.5536187,34.22823334,29266,8805209,2019,2019-02-27T00:00:00.000Z,1942,2019-02-14T00:00:00.000Z,620,42460,1792,4,5,7,1942,0,0,0,Q,0,17A81,PARTHENIA ST,TAMPA AV,5,W,N,C,-,N,,0,0,,,0,,,,N,0,0,0,2,A,-,3,22350,,M,C,C,A,B,H,-,A,A,0,,,,,Y,,-,99,0,0,0,0,0,0,0,0,0,- ,- ,0,0,900,2,LOS ANGELES,LOS ANGELES,CA,-118.5536187,34.22823334,"PARTHENIA ST & TAMPA AVE, LOS ANGELES, CA",PARTHENIA ST,TAMPA AVE,130343,
-118.5026722,34.22119522,29267,8805217,2019,2019-02-27T00:00:00.000Z,1942,2019-02-14T00:00:00.000Z,720,42460,1795,4,5,7,1942,0,0,0,Q,0,17A95,BALBOA AV,ROSCOE BL,0,,Y,A,-,N,,0,0,,,0,,,,N,0,0,0,2,A,-,8,22107,,M,A,C,A,A,H,-,A,A,0,,,,,Y,,-,99,0,0,0,0,0,0,0,0,0,- ,- ,0,0,900,2,LOS ANGELES,LOS ANGELES,CA,-118.5026722,34.22119522,"BALBOA BLVD & ROSCOE BLVD, LOS ANGELES, CA",BALBOA BLVD,ROSCOE BLVD,115756,
-118.4301722,34.19029617,29268,8805221,2019,2019-02-27T00:00:00.000Z,1942,2019-02-05T00:00:00.000Z,800,42907,929,2,5,7,1942,0,0,0,,0,9A19,KITTRIDGE ST,BUFFALO ST,0,,Y,B,-,N,,0,0,,,0,,,,N,0,0,0,2,A,-,21,22106,,M,H,E,A,A,H,-,A,D,0,,,,,Y,,-,99,0,0,0,0,0,0,0,0,0,- ,- ,0,0,900,2,LOS ANGELES,LOS ANGELES,CA,-118.4301722,34.19029617,"KITTRIDGE ST & BUFFALO AVE, LOS ANGELES, CA",KITTRIDGE ST,BUFFALO AVE,132612,
-118.3150921,34.05252457,29269,8805864,2019,2019-02-20T00:00:00.000Z,1942,2019-02-04T00:00:00.000Z,858,34959,2062,1,5,7,1942,0,0,0,,0,20A53,WILTON PL,OLYMPIC BL,0,,Y,C,-,N,,0,0,,,0,,,,N,4,0,1,2,A,-,9,21801,A,N,D,C,A,B,H,-,A,D,0,,,,,Y,,A,1,0,0,1,0,0,0,0,0,0,- ,- ,0,0,900,2,LOS ANGELES,LOS ANGELES,CA,-118.3150921,34.05252457,"WILTON PL & OLYMPIC BLVD, LOS ANGELES, CA",WILTON PL,OLYMPIC BLVD,124538,
-118.2914901,33.98758316,29270,8806081,2019,2019-02-22T00:00:00.000Z,1942,2019-02-07T00:00:00.000Z,800,34217,1239,4,5,7,1942,0,0,0,L,0,12A53,VERMONT AV,59TH ST,21,N,N,A,-,N,,0,0,,,0,,,,N,0,0,0,2,A,-,3,22350,,M,C,C,A,A,H,-,A,A,0,,,,,Y,,-,99,0,0,0,0,0,0,0,0,0,- ,- ,0,0,900,2,LOS ANGELES,LOS ANGELES,CA,-118.2914901,33.98758316,"VERMONT AVE & 59TH ST, LOS ANGELES, CA",VERMONT AVE,59TH ST,103155,
-118.3351421,34.02266312,29271,8806101,2019,2019-03-19T00:00:00.000Z,1942,2019-02-08T00:00:00.000Z,605,41911,353,5,5,7,1942,0,0,0,C,0,3A31,CRENSHAW BL,EXPOSITION BL,0,,Y,A,-,N,,0,0,,,0,,,,N,0,0,0,2,A,-,12,21453,A,M,D,C,A,A,H,-,C,A,0,,,,,Y,,-,- ,0,0,0,0,0,0,0,0,0,- ,- ,0,0,900,2,LOS ANGELES,LOS ANGELES,CA,-118.3351421,34.02266312,"CRENSHAW BLVD & EXPOSITION BLVD, LOS ANGELES, CA",CRENSHAW BLVD,EXPOSITION BLVD,96110,
-118.3001922,33.99687576,29272,8806151,2019,2019-02-22T00:00:00.000Z,1942,2019-02-07T00:00:00.000Z,715,39397,1205,4,5,7,1942,0,0,0,L,0,12A3,S NORMANDIE AV,S 51ST ST,0,,Y,A,-,N,,0,0,,,0,,,,N,0,0,0,2,A,-,9,21801,A,M,D,C,A,A,H,-,A,A,0,,,,,Y,,-,99,0,0,0,0,0,0,0,0,0,- ,- ,0,0,900,2,LOS ANGELES,LOS ANGELES,CA,-118.3001922,33.99687576,"NORMANDIE AVE & 51ST ST, LOS ANGELES, CA",NORMANDIE AVE,51ST ST,103305,
-118.3090921,34.05804443,29273,8806561,2019,2019-02-28T00:00:00.000Z,1942,2019-02-12T00:00:00.000Z,830,39624,2033,2,5,7,1942,0,0,0,,0,20TL59,S WESTERN AV,8TH ST,3,W,N,A,-,N,,0,0,,,0,,,,N,3,0,1,2,A,-,10,21950,A,F,G,B,B,B,H,-,A,A,0,Y,,,,Y,,-,99,0,1,0,0,1,0,0,0,0,- ,- ,0,0,900,2,LOS ANGELES,LOS ANGELES,CA,-118.3090921,34.05804443,"WESTERN AVE & 8TH ST, LOS ANGELES, CA",WESTERN AVE,8TH ST,110493,
-118.3182449,34.018013,29274,8806562,2019,2019-03-04T00:00:00.000Z,1942,2019-02-13T00:00:00.000Z,645,38365,374,3,5,7,1942,0,0,0,C,0,25TL41,ARLINGTON AV,RODEO RD,100,S,N,B,-,N,,0,0,,,0,,,,N,0,0,0,2,A,-,6,21755,A,M,B,D,A,A,H,-,B,D,0,,,,,Y,,-,99,0,0,0,0,0,0,0,0,0,- ,- ,0,0,900,2,LOS ANGELES,LOS ANGELES,CA,-118.3182449,34.018013,"ARLINGTON AVE & RODEO RD, LOS ANGELES, CA",ARLINGTON AVE,RODEO RD,134768,
-118.3064025,33.82463074,29275,8806576,2019,2019-02-28T00:00:00.000Z,1942,2019-02-12T00:00:00.000Z,630,32758,507,2,5,7,1942,0,0,0,E,0,5A1,HARVARD BL,223RD ST,50,N,N,A,-,N,,0,0,,,0,,,,N,0,0,0,2,A,-,9,21804,A,M,D,C,A,A,H,-,A,D,0,,,,,Y,,-,99,0,0,0,0,0,0,0,0,0,- ,- ,0,0,900,2,LOS ANGELES,LOS ANGELES,CA,-118.3064025,33.82463074,"HARVARD BLVD & 223RD ST, LOS ANGELES, CA",HARVARD BLVD,223RD ST,134688,
-118.2980421,33.98738861,29276,8806582,2019,2019-02-28T00:00:00.000Z,1942,2019-02-13T00:00:00.000Z,700,41729,1235,3,5,7,1942,0,0,0,L,0,12A45,RAYMOND AV,59TH ST,50,S,N,C,-,N,,0,0,,,0,,,,Y,0,0,0,4,A,-,3,22350,,M,B,E,A,B,H,-,A,D,0,,,,,Y,,A,1,0,0,0,0,0,0,0,0,0,- ,- ,0,0,900,2,LOS ANGELES,LOS ANGELES,CA,-118.2980421,33.98738861,"RAYMOND AVE & 59TH ST, LOS ANGELES, CA",RAYMOND AVE,59TH ST,106561,