X,Y,OBJECTID,case_id,accident_year,proc_date,juris,collision_date,collision_time,officer_id,reporting_district,day_of_week,chp_shift,population,cnty_city_loc,special_cond,beat_type,chp_beat_type,city_division_lapd,chp_beat_class,beat_number,primary_rd,secondary_rd,distance,direction,intersection,weather_1,weather_2,state_hwy_ind,caltrans_county,caltrans_district,state_route,route_suffix,postmile_prefix,postmile,location_type,ramp_intersection,side_of_hwy,tow_away,collision_severity,number_killed,number_injured,party_count,primary_coll_factor,pcf_code_of_viol,pcf_viol_category,pcf_violation,pcf_viol_subsection,hit_and_run,type_of_collision,mviw,ped_action,road_surface,road_cond_1,road_cond_2,lighting,control_device,chp_road_type,pedestrian_accident,bicycle_accident,motorcycle_accident,truck_accident,not_private_property,alcohol_involved,stwd_vehtype_at_fault,chp_vehtype_at_fault,count_severe_inj,count_visible_inj,count_complaint_pain,count_ped_killed,count_ped_injured,count_bicyclist_killed,count_bicyclist_injured,count_mc_killed,count_mc_injured,primary_ramp,secondary_ramp,latitude,longitude,timecat,month_,city,county,state,point_x,point_y,match_addr,m_primaryrd,m_secondrd,int_id,Flag
-118.2915929,34.04014587,29277,8806593,2019,2019-02-28T00:00:00.000Z,1942,2019-02-12T00:00:00.000Z,640,39624,2097,2,5,7,1942,0,0,0,,0,20TL59,S VERMONT AV,WASHINGTON BL,52,N,N,A,-,N,,0,0,,,0,,,,N,3,0,1,1,A,-,3,22350,,N,H,I,A,A,H,-,A,A,0,,,Y,,Y,,C,2,0,1,0,0,0,0,0,0,1,- ,- ,0,0,900,2,LOS ANGELES,LOS ANGELES,CA,-118.2915929,34.04014587,"VERMONT AVE & WASHINGTON BLVD, LOS ANGELES, CA",VERMONT AVE,WASHINGTON BLVD,134976,
-118.2961857,33.971035,29278,8806594,2019,2019-02-28T00:00:00.000Z,1942,2019-02-15T00:00:00.000Z,700,41729,1255,5,5,7,1942,0,0,0,L,0,12A53,W 76TH ST,BUDLONG AV,5,E,N,A,-,N,,0,0,,,0,,,,N,0,0,0,2,A,-,5,21650,,M,B,C,A,A,H,-,A,D,0,,,,,Y,,-,99,0,0,0,0,0,0,0,0,0,- ,- ,0,0,900,2,LOS ANGELES,LOS ANGELES,CA,-118.2961857,33.971035,"76TH ST & BUDLONG AVE, LOS ANGELES, CA",76TH ST,BUDLONG AVE,127639,
-118.3226516,33.97459412,29279,8806600,2019,2019-02-28T00:00:00.000Z,1942,2019-02-17T00:00:00.000Z,715,42030,1252,7,5,7,1942,0,0,0,L,0,12A51,5TH AV,W FLORENCE AV,10,N,N,A,-,N,,0,0,,,0,,,,N,0,0,0,2,A,-,9,21804,A,M,B,C,A,A,H,-,A,A,0,,,,,Y,,-,99,0,0,0,0,0,0,0,0,0,- ,- ,0,0,900,2,LOS ANGELES,LOS ANGELES,CA,-118.3226516,33.97459412,"5TH AVE & FLORENCE AVE, LOS ANGELES, CA",5TH AVE,FLORENCE AVE,106588,
-118.2959021,33.96001434,29280,8806604,2019,2019-05-07T00:00:00.000Z,1942,2019-02-17T00:00:00.000Z,615,43116,1265,7,5,7,1942,0,0,0,L,0,12A51,MANCHESTER AV,BUDLONG AV,20,S,N,A,-,N,,0,0,,,0,,,,Y,0,0,0,2,A,-,12,21453,A,M,A,C,A,A,H,-,A,A,0,,,,,Y,,-,99,0,0,0,0,0,0,0,0,0,- ,- ,0,0,900,2,LOS ANGELES,LOS ANGELES,CA,-118.2959021,33.96001434,"MANCHESTER AVE & BUDLONG AVE, LOS ANGELES, CA",MANCHESTER AVE,BUDLONG AVE,120695,
-118.3226473,34.01058197,29282,8806627,2019,2019-02-28T00:00:00.000Z,1942,2019-02-16T00:00:00.000Z,600,39745,394,6,5,7,1942,0,0,0,C,0,3A73,MARTIN LUTHER KING BL,5TH AV,123,S,N,A,-,N,,0,0,,,0,,,,Y,0,0,0,1,A,-,3,22350,,M,E,I,A,A,H,-,B,D,0,,,,,Y,,A,1,0,0,0,0,0,0,0,0,0,- ,- ,0,0,900,2,LOS ANGELES,LOS ANGELES,CA,-118.3226473,34.01058197,"MARTIN LUTHER KING JR BLVD & 5TH AVE, LOS ANGELES, CA",MARTIN LUTHER KING JR BLVD,5TH AVE,137714,
-118.2827321,33.95601654,29283,8806638,2019,2019-02-28T00:00:00.000Z,1942,2019-02-13T00:00:00.000Z,640,38331,1801,3,5,7,1942,0,0,0,R,0,18A73,FIGUEROA ST,89TH ST,0,,Y,A,-,N,,0,0,,,0,,,,N,0,0,0,2,A,-,3,22350,,M,C,C,A,A,H,-,B,D,0,,,,,Y,Y,-,99,0,0,0,0,0,0,0,0,0,- ,- ,0,0,900,2,LOS ANGELES,LOS ANGELES,CA,-118.2827321,33.95601654,"FIGUEROA ST & 89TH ST, LOS ANGELES, CA",FIGUEROA ST,89TH ST,148843,
-118.2524006,34.04621506,29284,8806646,2019,2019-03-19T00:00:00.000Z,1942,2019-02-04T00:00:00.000Z,655,39508,153,1,5,7,1942,0,0,0,A,0,1A41,S BROADWAY,6TH ST,190,S,N,C,-,N,,0,0,,,0,,,,N,4,0,1,4,A,-,8,22107,,N,C,C,A,B,H,-,A,D,0,,,,Y,Y,,I,20,0,0,1,0,0,0,0,0,0,- ,- ,0,0,900,2,LOS ANGELES,LOS ANGELES,CA,-118.2524006,34.04621506,"BROADWAY & 6TH ST, LOS ANGELES, CA",BROADWAY,6TH ST,135003,
-118.2973801,33.78200531,29285,8806662,2019,2019-03-07T00:00:00.000Z,1942,2019-02-14T00:00:00.000Z,610,39292,521,4,5,7,1942,0,0,0,E,0,5A11,ANAHEIM ST,VERMONT AV,80,E,N,C,-,N,,0,0,,,0,,,,Y,4,0,2,2,A,-,3,22350,,N,D,D,A,B,H,-,C,D,0,,,,,Y,,D,22,0,0,2,0,0,0,0,0,0,- ,- ,0,0,900,2,LOS ANGELES,LOS ANGELES,CA,-118.2973801,33.78200531,"ANAHEIM ST & VERMONT AVE, LOS ANGELES, CA",ANAHEIM ST,VERMONT AVE,145395,
-118.3088421,33.81707382,29286,8806674,2019,2019-03-06T00:00:00.000Z,1942,2019-02-08T00:00:00.000Z,600,30792,508,5,5,7,1942,0,0,0,,0,5K25,SEPULVEDA BL,WESTERN AV,0,,Y,A,-,N,,0,0,,,0,,,,N,0,0,0,2,A,-,3,22350,,M,D,C,A,A,H,-,A,A,0,,,,,Y,,-,99,0,0,0,0,0,0,0,0,0,- ,- ,0,0,900,2,LOS ANGELES,LOS ANGELES,CA,-118.3088421,33.81707382,"SEPULVEDA BLVD & WESTERN AVE, LOS ANGELES, CA",SEPULVEDA BLVD,WESTERN AVE,98795,
-118.2438211,33.93110657,29287,8806694,2019,2019-03-19T00:00:00.000Z,1942,2019-02-01T00:00:00.000Z,800,40724,1837,5,5,7,1942,0,0,0,R,0,18A35,114TH ST,GRANDEE AV,100,W,N,A,-,N,,0,0,,,0,,,,N,0,0,0,2,A,-,6,21750,,N,B,E,A,A,H,-,A,D,0,,,,Y,Y,,F,87,0,0,0,0,0,0,0,0,0,- ,- ,0,0,900,2,LOS ANGELES,LOS ANGELES,CA,-118.2438211,33.93110657,"114TH ST & GRANDEE AVE, LOS ANGELES, CA",114TH ST,GRANDEE AVE,127872,
-118.2303848,34.03699875,29288,8806713,2019,2019-03-06T00:00:00.000Z,1942,2019-02-01T00:00:00.000Z,723,38357,159,5,5,7,1942,0,0,0,A,0,1A29,SANTA FE AV,JESSE ST,236,N,N,A,-,N,,0,0,,,0,,,,N,0,0,0,2,A,-,5,21460,A,M,B,C,A,A,H,-,A,D,0,,,,,Y,,-,99,0,0,0,0,0,0,0,0,0,- ,- ,0,0,900,2,LOS ANGELES,LOS ANGELES,CA,-118.2303848,34.03699875,"SANTA FE AVE & JESSE ST, LOS ANGELES, CA",SANTA FE AVE,JESSE ST,117611,
-118.2541121,34.04074478,29289,8806717,2019,2019-04-05T00:00:00.000Z,1942,2019-02-05T00:00:00.000Z,615,37505,185,2,5,7,1942,0,0,0,A,0,1A85,S LOS ANGELES ST,E 9TH ST,0,,Y,A,-,N,,0,0,,,0,,,,Y,4,0,1,3,A,-,12,21453,A,N,D,C,A,B,H,-,A,A,0,,,,,Y,Y,D,22,0,0,1,0,0,0,0,0,0,- ,- ,0,0,900,2,LOS ANGELES,LOS ANGELES,CA,-118.2541121,34.04074478,"LOS ANGELES ST & 9TH ST, LOS ANGELES, CA",LOS ANGELES ST,9TH ST,107014,
-118.2493721,33.79084396,29290,8806908,2019,2019-03-04T00:00:00.000Z,1942,2019-02-19T00:00:00.000Z,710,40089,528,2,5,7,1942,0,0,0,E,0,5L90,EAST PACIFIC COAST HWY,PIONEER AV,0,,Y,A,-,N,,0,0,,,0,,,,N,0,0,0,2,A,-,0,20015,A,M,B,C,A,A,H,-,A,D,0,,,,,Y,,-,- ,0,0,0,0,0,0,0,0,0,- ,- ,0,0,900,2,LOS ANGELES,LOS ANGELES,CA,-118.2493721,33.79084396,"PACIFIC COAST HWY & PIONEER AVE, LOS ANGELES, CA",PACIFIC COAST HWY,PIONEER AVE,113766,
-118.6059422,34.19374466,29291,8806931,2019,2019-03-04T00:00:00.000Z,1942,2019-02-14T00:00:00.000Z,840,40398,2145,4,5,7,1942,0,0,0,,0,21A43,VANOWEN ST,TOPANGA CANYON BL,0,,Y,C,-,N,,0,0,,,0,,,,Y,0,0,0,2,A,-,12,21453,A,M,D,C,A,B,H,-,A,A,0,,,,,Y,,A,1,0,0,0,0,0,0,0,0,0,- ,- ,0,0,900,2,LOS ANGELES,LOS ANGELES,CA,-118.6059422,34.19374466,"VANOWEN ST & TOPANGA CANYON BLVD, LOS ANGELES, CA",VANOWEN ST,TOPANGA CANYON BLVD,130529,
-118.2652421,33.99879456,29292,8806944,2019,2019-03-04T00:00:00.000Z,1942,2019-02-01T00:00:00.000Z,805,31324,1362,5,5,7,1942,0,0,0,M,0,13A61,E 49TH ST,AVALON BL,0,,Y,B,-,N,,0,0,,,0,,,,N,0,0,0,2,A,-,6,21755,A,M,-,C,A,A,H,-,A,A,0,,,,,Y,,-,99,0,0,0,0,0,0,0,0,0,- ,- ,0,0,900,2,LOS ANGELES,LOS ANGELES,CA,-118.2652421,33.99879456,"49TH ST & AVALON BLVD, LOS ANGELES, CA",49TH ST,AVALON BLVD,131432,
-118.535742,34.21019363,29293,8806947,2019,2019-03-04T00:00:00.000Z,1942,2019-02-16T00:00:00.000Z,600,42460,1004,6,5,7,1942,0,0,0,J,0,10A3,KESWICK ST,RESEDA BL,100,E,N,A,-,N,,0,0,,,0,,,,Y,0,0,0,4,A,-,8,22107,,M,A,E,A,A,H,-,A,D,0,,,,,Y,,A,1,0,0,0,0,0,0,0,0,0,- ,- ,0,0,900,2,LOS ANGELES,LOS ANGELES,CA,-118.535742,34.21019363,"KESWICK ST & RESEDA BLVD, LOS ANGELES, CA",KESWICK ST,RESEDA BLVD,105302,
-118.2846834,34.05240631,29294,8806975,2019,2019-03-01T00:00:00.000Z,1942,2019-02-06T00:00:00.000Z,640,38688,2069,3,5,7,1942,0,0,0,,0,20A69,OLYMPIC BL,HOOVER ST,140,W,N,A,-,N,,0,0,,,0,,,,N,0,0,0,2,A,-,5,21460,A,M,D,C,A,A,H,-,A,D,0,,,,,Y,,-,99,0,0,0,0,0,0,0,0,0,- ,- ,0,0,900,2,LOS ANGELES,LOS ANGELES,CA,-118.2846834,34.05240631,"OLYMPIC BLVD & HOOVER ST, LOS ANGELES, CA",OLYMPIC BLVD,HOOVER ST,103557,
-118.3113654,34.07664108,29295,8806987,2019,2019-03-01T00:00:00.000Z,1942,2019-02-11T00:00:00.000Z,800,34959,2002,1,5,7,1942,0,0,0,,0,20A1,SAINT ANDREWS PL,BEVERLY BL,146,N,N,A,-,N,,0,0,,,0,,,,Y,0,0,0,3,A,-,8,22107,,N,E,I,A,A,H,-,A,D,0,,,,,Y,,A,1,0,0,0,0,0,0,0,0,0,- ,- ,0,0,900,2,LOS ANGELES,LOS ANGELES,CA,-118.3113654,34.07664108,"ST ANDREWS PL & BEVERLY BLVD, LOS ANGELES, CA",ST ANDREWS PL,BEVERLY BLVD,135664,
-118.4041034,34.02738571,29296,8806999,2019,2019-03-01T00:00:00.000Z,1942,2019-02-07T00:00:00.000Z,750,38721,1407,4,5,7,1942,0,0,0,N,0,14A27,CLARINGTON AV,TABOR ST,226,N,N,A,-,N,,0,0,,,0,,,,N,0,0,0,2,A,-,21,22106,,N,C,E,A,A,H,-,A,A,0,,,,,Y,,A,1,0,0,0,0,0,0,0,0,0,- ,- ,0,0,900,2,LOS ANGELES,LOS ANGELES,CA,-118.4041034,34.02738571,"CLARINGTON AVE & TABOR ST, LOS ANGELES, CA",CLARINGTON AVE,TABOR ST,110907,
-118.4636469,33.98492432,29297,8807003,2019,2019-03-01T00:00:00.000Z,1942,2019-02-09T00:00:00.000Z,847,41671,1441,6,5,7,1942,0,0,0,N,0,14A11,HOWLAND AV,EASTERN CT,6,E,N,A,-,N,,0,0,,,0,,,,Y,0,0,0,2,A,-,8,22107,,M,B,E,A,B,H,-,A,D,0,,,,,Y,,-,99,0,0,0,0,0,0,0,0,0,- ,- ,0,0,900,2,LOS ANGELES,LOS ANGELES,CA,-118.4636469,33.98492432,"HOWLAND AVE & EASTERN CT, LOS ANGELES, CA",HOWLAND AVE,EASTERN CT,99089,
-118.5023522,34.25753403,29298,8807013,2019,2019-03-05T00:00:00.000Z,1942,2019-02-06T00:00:00.000Z,755,39249,1756,3,5,7,1942,0,0,0,Q,0,17X93,DEVONSHIRE,BALBOA BL,0,,Y,A,-,N,,0,0,,,0,,,,N,0,0,0,2,A,-,9,21801,A,M,D,C,A,A,H,-,A,D,0,,,,,Y,,-,,0,0,0,0,0,0,0,0,0,- ,- ,0,0,900,2,LOS ANGELES,LOS ANGELES,CA,-118.5023522,34.25753403,"DEVONSHIRE ST & BALBOA BLVD, LOS ANGELES, CA",DEVONSHIRE ST,BALBOA BLVD,101242,
-118.2599327,34.04935074,29299,8807048,2019,2019-03-05T00:00:00.000Z,1942,2019-02-09T00:00:00.000Z,645,40275,161,6,5,7,1942,0,0,0,A,0,1A61,S FIGUEROA ST,7TH ST,15,S,N,C,-,N,,0,0,,,0,,,,N,4,0,1,2,A,-,3,22350,,N,C,C,A,B,H,-,A,D,0,,,,,Y,,A,1,0,0,1,0,0,0,0,0,0,- ,- ,0,0,900,2,LOS ANGELES,LOS ANGELES,CA,-118.2599327,34.04935074,"FIGUEROA ST & 7TH ST, LOS ANGELES, CA",FIGUEROA ST,7TH ST,96486,
-118.4720322,34.22829437,29300,8807050,2019,2019-03-05T00:00:00.000Z,1942,2019-02-14T00:00:00.000Z,830,40937,1981,4,5,7,1942,0,0,0,,0,19A61,PARTHENIA ST,ORION AV,0,,Y,C,-,N,,0,0,,,0,,,,Y,3,0,1,2,A,-,12,22450,A,F,D,C,A,B,F,-,A,D,0,,,,,Y,,A,1,0,1,0,0,0,0,0,0,0,- ,- ,0,0,900,2,LOS ANGELES,LOS ANGELES,CA,-118.4720322,34.22829437,"PARTHENIA ST & ORION AVE, LOS ANGELES, CA",PARTHENIA ST,ORION AVE,126156,
-118.2813776,34.06736374,29301,8807092,2019,2019-03-04T00:00:00.000Z,1942,2019-02-12T00:00:00.000Z,840,36238,241,2,5,7,1942,0,0,0,B,0,2A45,W 3RD ST,LA FAYETTE PARK PL,250,W,N,A,-,N,,0,0,,,0,,,,N,4,0,1,2,A,-,9,21804,A,F,G,B,F,A,H,-,A,D,0,Y,,,,Y,,-,99,0,0,1,0,1,0,0,0,0,- ,- ,0,0,900,2,LOS ANGELES,LOS ANGELES,CA,-118.2813776,34.06736374,"3RD ST & LA FAYETTE PARK PL, LOS ANGELES, CA",3RD ST,LA FAYETTE PARK PL,97028,
-118.518325,34.1916008,29302,8807233,2019,2019-03-12T00:00:00.000Z,1942,2019-02-08T00:00:00.000Z,745,30452,1037,5,5,7,1942,0,0,0,J,0,10A17,WHITE OAK AV,LEMAY ST,100,S,N,A,-,N,,0,0,,,0,,,,N,0,0,0,2,A,-,8,22105,,N,D,C,A,A,H,-,A,D,0,,,,,Y,,A,1,0,0,0,0,0,0,0,0,0,- ,- ,0,0,900,2,LOS ANGELES,LOS ANGELES,CA,-118.518325,34.1916008,"WHITE OAK AVE & LEMAY ST, LOS ANGELES, CA",WHITE OAK AVE,LEMAY ST,116126,
-118.421321,34.00450134,29303,8807592,2019,2019-03-06T00:00:00.000Z,1942,2019-02-01T00:00:00.000Z,745,36553,1449,5,5,7,1942,0,0,0,N,0,14A49,MCLAUGHLIN AV,WASHINGTON PL,28,N,N,A,-,N,,0,0,,,0,,,,N,0,0,0,2,A,-,21,22106,,N,H,E,A,A,H,-,A,D,0,,,,,Y,,A,1,0,0,0,0,0,0,0,0,0,- ,- ,0,0,900,2,LOS ANGELES,LOS ANGELES,CA,-118.421321,34.00450134,"MCLAUGHLIN AVE & WASHINGTON PL, LOS ANGELES, CA",MCLAUGHLIN AVE,WASHINGTON PL,142586,
-118.3378352,34.0979805,29304,8807594,2019,2019-03-06T00:00:00.000Z,1942,2019-02-07T00:00:00.000Z,845,30455,646,4,5,7,1942,0,0,0,F,0,6A63,W SUNSET BL,MCCADDEN PL,75,E,N,A,-,N,,0,0,,,0,,,,N,0,0,0,2,A,-,21,22106,,N,C,C,A,A,H,-,A,D,0,,,,,Y,,A,1,0,0,0,0,0,0,0,0,0,- ,- ,0,0,900,2,LOS ANGELES,LOS ANGELES,CA,-118.3378352,34.0979805,"SUNSET BLVD & MCCADDEN PL, LOS ANGELES, CA",SUNSET BLVD,MCCADDEN PL,104379,
-118.3090222,33.96906662,29305,8807677,2019,2019-03-05T00:00:00.000Z,1942,2019-02-17T00:00:00.000Z,620,40404,1253,7,5,7,1942,0,0,0,L,0,12A53,S WESTERN AV,W 78TH ST,0,,Y,A,-,N,,0,0,,,0,,,,Y,4,0,1,2,A,-,9,21802,A,N,D,C,A,A,H,-,A,A,0,,,,,Y,,A,1,0,0,1,0,0,0,0,0,0,- ,- ,0,0,900,2,LOS ANGELES,LOS ANGELES,CA,-118.3090222,33.96906662,"WESTERN AVE & 78TH ST, LOS ANGELES, CA",WESTERN AVE,78TH ST,106550,
-118.4661922,34.2017746,29306,8807719,2019,2019-03-11T00:00:00.000Z,1942,2019-02-20T00:00:00.000Z,730,39085,911,3,5,7,1942,0,0,0,I,0,9A23,SEPULVEDA BL,SHERMAN WY,240,N,N,A,-,N,,0,0,,,0,,,,N,3,0,1,2,A,-,9,21801,A,N,D,C,A,A,H,-,A,D,0,,,,,Y,,A,7,0,1,0,0,0,0,0,0,0,- ,- ,0,0,900,2,LOS ANGELES,LOS ANGELES,CA,-118.4661922,34.2017746,"SEPULVEDA BLVD & SHERMAN WAY, LOS ANGELES, CA",SEPULVEDA BLVD,SHERMAN WAY,126709,
-118.5317022,34.20118332,29307,8807726,2019,2019-03-11T00:00:00.000Z,1942,2019-02-20T00:00:00.000Z,820,30452,1015,3,5,7,1942,0,0,0,J,0,10A3,SHERMAN WY,ETIWANDA AV,0,,Y,A,-,N,,0,0,,,0,,,,Y,2,0,4,2,A,-,12,21453,A,N,D,C,A,A,H,-,A,A,0,,,,,Y,,A,7,1,1,2,0,0,0,0,0,0,- ,- ,0,0,900,2,LOS ANGELES,LOS ANGELES,CA,-118.5317022,34.20118332,"SHERMAN WAY & ETIWANDA AVE, LOS ANGELES, CA",SHERMAN WAY,ETIWANDA AVE,129872,
-118.3434129,34.08342362,29308,8807728,2019,2019-03-15T00:00:00.000Z,1942,2019-02-02T00:00:00.000Z,835,36705,,6,5,7,1942,0,0,0,,0,,MELROSE AV,LA BREA AV,200,E,N,C,-,N,,0,0,,,0,,,,Y,0,0,0,2,A,-,7,21658,A,N,B,C,A,B,H,-,A,D,0,,,,,Y,,D,22,0,0,0,0,0,0,0,0,0,- ,- ,0,0,900,2,LOS ANGELES,LOS ANGELES,CA,-118.3434129,34.08342361,"MELROSE AVE & LA BREA AVE, LOS ANGELES, CA",MELROSE AVE,LA BREA AVE,121557,
-118.4334422,34.19320297,29309,8807750,2019,2019-03-18T00:00:00.000Z,1942,2019-02-23T00:00:00.000Z,625,31931,926,6,5,7,1942,0,0,0,I,0,9A19,MATILIJA AV,ARCHWOOD ST,65,N,N,A,-,N,,0,0,,,0,,,,Y,0,0,0,4,A,-,5,21650,,M,B,E,A,A,H,-,A,A,0,,,Y,,Y,,A,1,0,0,0,0,0,0,0,0,0,- ,- ,0,0,900,2,LOS ANGELES,LOS ANGELES,CA,-118.4334422,34.19320297,"MATILIJA AVE & ARCHWOOD ST, LOS ANGELES, CA",MATILIJA AVE,ARCHWOOD ST,132595,
-118.5245522,34.19385529,29310,8807868,2019,2019-03-11T00:00:00.000Z,1942,2019-02-11T00:00:00.000Z,800,33886,1035,1,5,7,1942,0,0,0,J,0,10A21,VANOWEN ST,BERTRAND AV,0,,Y,A,-,N,,0,0,,,0,,,,Y,4,0,2,4,A,-,3,22350,,N,B,C,A,A,H,-,A,A,0,,,,,Y,,A,1,0,0,2,0,0,0,0,0,0,- ,- ,0,0,900,2,LOS ANGELES,LOS ANGELES,CA,-118.5245522,34.19385529,"VANOWEN ST & BERTRAND AVE, LOS ANGELES, CA",VANOWEN ST,BERTRAND AVE,105386,
-118.3305021,34.02560425,29311,8807886,2019,2019-03-19T00:00:00.000Z,1942,2019-02-14T00:00:00.000Z,750,41821,334,4,5,7,1942,0,0,0,,0,3A31,JEFFERSON BL,EDGEHILL DR,0,,Y,C,-,N,,0,0,,,0,,,,Y,3,0,2,2,A,-,9,21802,A,N,D,C,A,B,H,-,A,D,0,,,,,Y,,A,1,0,1,1,0,0,0,0,0,0,- ,- ,0,0,900,2,LOS ANGELES,LOS ANGELES,CA,-118.3305021,34.02560425,"JEFFERSON BLVD & EDGEHILL DR, LOS ANGELES, CA",JEFFERSON BLVD,EDGEHILL DR,141778,
-118.3287692,34.09799576,29312,8807890,2019,2019-04-12T00:00:00.000Z,1942,2019-02-13T00:00:00.000Z,650,42137,646,3,5,7,1942,0,0,0,F,0,6A37W3,SUNSET BL,IVAR AV,10,E,N,B,-,N,,0,0,,,0,,,,N,4,0,1,2,A,-,10,21950,,N,G,B,B,A,H,-,A,A,0,Y,,,,Y,,A,1,0,0,1,0,1,0,0,0,0,- ,- ,0,0,900,2,LOS ANGELES,LOS ANGELES,CA,-118.3287692,34.09799576,"SUNSET BLVD & IVAR AVE, LOS ANGELES, CA",SUNSET BLVD,IVAR AVE,135836,
-118.2484286,34.0598259,29313,8809457,2019,2019-03-27T00:00:00.000Z,1942,2019-02-25T00:00:00.000Z,815,42573,111,1,5,7,1942,0,0,0,K,0,1A1,W TEMPLE ST,FIGUEROA ST,10,E,N,A,-,N,,0,0,,,0,,,,N,0,0,0,2,A,-,8,22107,,N,B,C,A,A,H,-,A,A,0,,,,Y,Y,,F,27,0,0,0,0,0,0,0,0,0,- ,- ,0,0,900,2,LOS ANGELES,LOS ANGELES,CA,-118.2484286,34.0598259,"TEMPLE ST & FIGUEROA ST, LOS ANGELES, CA",TEMPLE ST,FIGUEROA ST,123179,
-118.1716666,34.0872612,29314,8809465,2019,2019-03-27T00:00:00.000Z,1942,2019-02-18T00:00:00.000Z,835,31324,426,1,5,7,1942,0,0,0,D,0,4A9,PORTOLA AV,NAVARRO ST,10,S,N,A,-,N,,0,0,,,0,,,,N,0,0,0,2,A,-,6,21750,A,N,B,C,A,A,H,-,A,A,0,,,,Y,Y,,A,1,0,0,0,0,0,0,0,0,0,- ,- ,0,0,900,2,LOS ANGELES,LOS ANGELES,CA,-118.1716666,34.0872612,"PORTOLA AVE & NAVARRO ST, LOS ANGELES, CA",PORTOLA AVE,NAVARRO ST,125509,
-118.2738771,34.00382614,29315,8810113,2019,2019-05-14T00:00:00.000Z,1942,2019-02-08T00:00:00.000Z,725,38502,1361,5,5,7,1942,0,0,0,M,0,13A61,E VERNON AV,MAIN ST,41,E,N,A,-,N,,0,0,,,0,,,,N,4,0,2,2,A,-,3,22350,,F,C,C,A,A,H,-,A,D,0,,,,,Y,,-,99,0,0,2,0,0,0,0,0,0,- ,- ,0,0,900,2,LOS ANGELES,LOS ANGELES,CA,-118.2738771,34.00382614,"VERNON AVE & MAIN ST, LOS ANGELES, CA",VERNON AVE,MAIN ST,106868,
-118.4658322,34.14857483,29316,8810251,2019,2019-03-19T00:00:00.000Z,1942,2019-02-01T00:00:00.000Z,834,27260,991,5,5,7,1942,0,0,0,I,0,9A89,SAUGUS AV,VALLEY VISTA BL,0,,Y,A,-,N,,0,0,,,0,,,,N,4,0,1,2,A,-,12,22450,A,N,D,C,A,A,H,-,A,A,0,,,,,Y,,-,- ,0,0,1,0,0,0,0,0,0,- ,- ,0,0,900,2,LOS ANGELES,LOS ANGELES,CA,-118.4658322,34.14857483,"SAUGUS AVE & VALLEY VISTA BLVD, LOS ANGELES, CA",SAUGUS AVE,VALLEY VISTA BLVD,139837,
-118.4399922,34.18665314,29317,8810255,2019,2019-03-06T00:00:00.000Z,1942,2019-02-05T00:00:00.000Z,855,40574,937,2,5,7,1942,0,0,0,I,0,9A37,VICTORY BL,HAZELTINE AV,0,,Y,A,-,N,,0,0,,,0,,,,Y,4,0,1,2,A,-,9,21801,A,N,D,C,A,A,H,-,A,A,0,,,,,Y,,A,8,0,0,1,0,0,0,0,0,0,- ,- ,0,0,900,2,LOS ANGELES,LOS ANGELES,CA,-118.4399922,34.18665314,"VICTORY BLVD & HAZELTINE AVE, LOS ANGELES, CA",VICTORY BLVD,HAZELTINE AVE,125670,
-118.4574622,34.1848259,29318,8810286,2019,2019-03-06T00:00:00.000Z,1942,2019-02-01T00:00:00.000Z,700,39085,932,5,5,7,1942,0,0,0,I,0,9A23,KESTER AV,SYLVAN ST,0,,Y,A,-,N,,0,0,,,0,,,,Y,4,0,2,3,A,-,9,21801,A,N,D,C,A,A,H,-,A,D,0,,,,,Y,,A,7,0,0,2,0,0,0,0,0,0,- ,- ,0,0,900,2,LOS ANGELES,LOS ANGELES,CA,-118.4574622,34.1848259,"KESTER AVE & SYLVAN ST, LOS ANGELES, CA",KESTER AVE,SYLVAN ST,101252,
-118.4465622,34.19392395,29319,8810289,2019,2019-03-18T00:00:00.000Z,1942,2019-02-21T00:00:00.000Z,805,30452,926,4,5,7,1942,0,0,0,I,0,9A19,VANOWEN ST,SYLMAR AV,0,,Y,B,-,N,,0,0,,,0,,,,Y,4,0,1,2,A,-,9,21801,A,N,D,C,A,A,H,-,A,A,0,,,,,Y,,A,7,0,0,1,0,0,0,0,0,0,- ,- ,0,0,900,2,LOS ANGELES,LOS ANGELES,CA,-118.4465622,34.19392395,"VANOWEN ST & SYLMAR AVE, LOS ANGELES, CA",VANOWEN ST,SYLMAR AVE,136423,
-118.4487322,34.19392395,29320,8810290,2019,2019-03-06T00:00:00.000Z,1942,2019-02-03T00:00:00.000Z,835,39217,923,7,5,7,1942,0,0,0,I,0,9A23,VANOWEN ST,VAN NUYS BL,0,,Y,C,-,N,,0,0,,,0,,,,N,3,0,1,2,A,-,10,21950,A,N,G,-,B,B,H,-,A,A,0,Y,,,,Y,,A,1,0,1,0,0,1,0,0,0,0,- ,- ,0,0,900,2,LOS ANGELES,LOS ANGELES,CA,-118.4487322,34.19392395,"VANOWEN ST & VAN NUYS BLVD, LOS ANGELES, CA",VANOWEN ST,VAN NUYS BLVD,101349,