X,Y,OBJECTID,case_id,accident_year,proc_date,juris,collision_date,collision_time,officer_id,reporting_district,day_of_week,chp_shift,population,cnty_city_loc,special_cond,beat_type,chp_beat_type,city_division_lapd,chp_beat_class,beat_number,primary_rd,secondary_rd,distance,direction,intersection,weather_1,weather_2,state_hwy_ind,caltrans_county,caltrans_district,state_route,route_suffix,postmile_prefix,postmile,location_type,ramp_intersection,side_of_hwy,tow_away,collision_severity,number_killed,number_injured,party_count,primary_coll_factor,pcf_code_of_viol,pcf_viol_category,pcf_violation,pcf_viol_subsection,hit_and_run,type_of_collision,mviw,ped_action,road_surface,road_cond_1,road_cond_2,lighting,control_device,chp_road_type,pedestrian_accident,bicycle_accident,motorcycle_accident,truck_accident,not_private_property,alcohol_involved,stwd_vehtype_at_fault,chp_vehtype_at_fault,count_severe_inj,count_visible_inj,count_complaint_pain,count_ped_killed,count_ped_injured,count_bicyclist_killed,count_bicyclist_injured,count_mc_killed,count_mc_injured,primary_ramp,secondary_ramp,latitude,longitude,timecat,month_,city,county,state,point_x,point_y,match_addr,m_primaryrd,m_secondrd,int_id,Flag
-118.5798122,34.23182678,29321,8810292,2019,2019-03-06T00:00:00.000Z,1942,2019-02-15T00:00:00.000Z,725,32268,1781,5,5,7,1942,0,0,0,Q,0,17A81,MASON AV,NORDHOFF ST,0,,Y,B,-,N,,0,0,,,0,,,,Y,3,0,2,2,A,-,9,21801,A,N,A,C,A,A,H,-,A,A,0,,,,,Y,,A,1,0,1,1,0,0,0,0,0,0,- ,- ,0,0,900,2,LOS ANGELES,LOS ANGELES,CA,-118.5798122,34.23182678,"MASON AVE & NORDHOFF ST, LOS ANGELES, CA",MASON AVE,NORDHOFF ST,112792,
-118.4094424,34.15762329,29322,8810294,2019,2019-03-06T00:00:00.000Z,1942,2019-02-01T00:00:00.000Z,800,33340,969,5,5,7,1942,0,0,0,I,0,9A37,RIVERSIDE DR,LA MAIDA ST,6,E,N,A,-,N,,0,0,,,0,,,,N,3,0,1,2,A,-,10,21950,A,N,G,B,B,A,H,-,A,A,0,Y,,,,Y,,A,1,0,1,0,0,1,0,0,0,0,- ,- ,0,0,900,2,LOS ANGELES,LOS ANGELES,CA,-118.4094424,34.15762329,"RIVERSIDE DR & LA MAIDA ST, LOS ANGELES, CA",RIVERSIDE DR,LA MAIDA ST,136819,
-118.4443521,34.16855621,29323,8810297,2019,2019-03-18T00:00:00.000Z,1942,2019-02-11T00:00:00.000Z,815,40634,955,1,5,7,1942,0,0,0,I,0,9A63,TYRONE AV,CHANDLER BL,0,,Y,A,-,N,,0,0,,,0,,,,Y,3,0,1,2,A,-,9,21802,A,N,D,C,A,A,H,-,A,D,0,,,,,Y,,A,1,0,1,0,0,0,0,0,0,0,- ,- ,0,0,900,2,LOS ANGELES,LOS ANGELES,CA,-118.4443521,34.16855621,"TYRONE AVE & CHANDLER BLVD, LOS ANGELES, CA",TYRONE AVE,CHANDLER BLVD,97439,
-118.5885622,34.23545456,29324,8810312,2019,2019-03-06T00:00:00.000Z,1942,2019-02-19T00:00:00.000Z,630,40028,1781,2,5,7,1942,0,0,0,Q,0,17A81,NORDHOFF,DE SOTO,0,,Y,A,-,N,,0,0,,,0,,,,Y,4,0,1,2,A,-,9,21801,A,N,D,C,A,A,H,-,A,A,0,,,,,Y,,A,1,0,0,1,0,0,0,0,0,0,- ,- ,0,0,900,2,LOS ANGELES,LOS ANGELES,CA,-118.5885622,34.23545456,"NORDHOFF ST & DE SOTO AVE, LOS ANGELES, CA",NORDHOFF ST,DE SOTO AVE,102204,
-118.5374922,34.16094589,29325,8810323,2019,2019-03-15T00:00:00.000Z,1942,2019-02-11T00:00:00.000Z,700,40141,1083,1,5,7,1942,0,0,0,J,0,10A83,MECCA AV,TARZANA DR,0,,Y,A,-,N,,0,0,,,0,,,,Y,0,0,0,2,A,-,9,21800,C,N,D,C,A,A,H,-,A,A,0,,,,,Y,,A,1,0,0,0,0,0,0,0,0,0,- ,- ,0,0,900,2,LOS ANGELES,LOS ANGELES,CA,-118.5374922,34.16094589,"RESEDA BLVD & TARZANA DR, LOS ANGELES, CA",RESEDA BLVD,TARZANA DR,111940,
-118.4760422,34.26653671,29326,8810334,2019,2019-03-06T00:00:00.000Z,1942,2019-02-08T00:00:00.000Z,800,37377,1738,5,5,7,1942,0,0,0,Q,0,1942,HASKELL AV,BERMUDA ST,0,,Y,A,-,N,,0,0,,,0,,,,N,4,0,3,3,A,-,7,21658,A,N,B,C,A,A,H,-,A,D,0,,,,,Y,,A,1,0,0,3,0,0,0,0,0,0,- ,- ,0,0,900,2,LOS ANGELES,LOS ANGELES,CA,-118.4760422,34.26653671,"HASKELL AVE & BERMUDA ST, LOS ANGELES, CA",HASKELL AVE,BERMUDA ST,122469,
-118.5011722,34.22117615,29327,8810347,2019,2019-03-18T00:00:00.000Z,1942,2019-02-05T00:00:00.000Z,810,40634,1008,2,5,7,1942,0,0,0,J,0,10A39,ROSCOE BL,BALBOA PL,0,,Y,C,-,N,,0,0,,,0,,,,Y,0,0,0,2,A,-,8,22107,,N,D,C,A,B,H,-,A,D,0,,,,,Y,,A,1,0,0,0,0,0,0,0,0,0,- ,- ,0,0,900,2,LOS ANGELES,LOS ANGELES,CA,-118.5011722,34.22117615,"ROSCOE BLVD & BALBOA PL, LOS ANGELES, CA",ROSCOE BLVD,BALBOA PL,143863,
-118.5770771,34.23911285,29328,8810366,2019,2019-03-06T00:00:00.000Z,1942,2019-02-19T00:00:00.000Z,605,38687,1771,2,5,7,1942,0,0,0,Q,0,17A81,PRAIRIE ST,OSO AV,500,W,N,A,-,N,,0,0,,,0,,,,Y,4,0,2,2,A,-,21,22106,,N,D,C,A,A,H,-,A,D,0,,,,,Y,,A,8,0,0,2,0,0,0,0,0,0,- ,- ,0,0,900,2,LOS ANGELES,LOS ANGELES,CA,-118.5770771,34.23911285,"PRAIRIE ST & OSO AVE, LOS ANGELES, CA",PRAIRIE ST,OSO AVE,144395,
-118.4356422,34.19995499,29329,8810383,2019,2019-03-15T00:00:00.000Z,1942,2019-02-24T00:00:00.000Z,820,31931,916,7,5,7,1942,0,0,0,I,0,9A19,RANCHITO AV,SHERMAN WY,450,S,N,A,-,N,,0,0,,,0,,,,N,0,0,0,2,A,-,8,22107,,M,B,E,A,A,H,-,A,D,0,,,,,Y,,-,99,0,0,0,0,0,0,0,0,0,- ,- ,0,0,900,2,LOS ANGELES,LOS ANGELES,CA,-118.4356422,34.19995499,"RANCHITO AVE & SHERMAN WAY, LOS ANGELES, CA",RANCHITO AVE,SHERMAN WAY,129130,
-118.5112922,34.23581314,29330,8810393,2019,2019-03-20T00:00:00.000Z,1942,2019-02-23T00:00:00.000Z,725,33700,1788,6,5,7,1942,0,0,0,Q,0,17A95,NORDHOFF ST,LOUISE AV,0,,Y,A,-,N,,0,0,,,0,,,,Y,4,0,1,2,A,-,12,21453,A,N,D,C,A,A,H,-,A,A,0,,,,,Y,,-,- ,0,0,1,0,0,0,0,0,0,- ,- ,0,0,900,2,LOS ANGELES,LOS ANGELES,CA,-118.5112922,34.23581314,"NORDHOFF ST & LOUISE AVE, LOS ANGELES, CA",NORDHOFF ST,LOUISE AVE,115659,
-118.2999922,34.04721451,29331,8810673,2019,2019-03-11T00:00:00.000Z,1942,2019-02-01T00:00:00.000Z,845,40496,2074,5,5,7,1942,0,0,0,,0,A13,NORMANDIE AV,PICO BL,0,,Y,A,-,N,,0,0,,,0,,,,N,0,0,0,2,A,-,5,21460,A,M,D,C,A,A,H,-,A,A,0,,,,,Y,,-,99,0,0,0,0,0,0,0,0,0,- ,- ,0,0,900,2,LOS ANGELES,LOS ANGELES,CA,-118.2999922,34.04721451,"NORMANDIE AVE & PICO BLVD, LOS ANGELES, CA",NORMANDIE AVE,PICO BLVD,110458,
-118.3773359,34.05376053,29333,8810973,2019,2019-03-13T00:00:00.000Z,1942,2019-02-21T00:00:00.000Z,735,42901,859,4,5,7,1942,0,0,0,H,0,8A59,CORNING ST,PICO BL,79,N,N,A,-,N,,0,0,,,0,,,,N,4,0,1,2,A,-,8,22107,,F,B,C,A,A,H,-,A,D,0,,,,,Y,,-,99,0,0,1,0,0,0,0,0,0,- ,- ,0,0,900,2,LOS ANGELES,LOS ANGELES,CA,-118.3773359,34.05376053,"CORNING ST & PICO BLVD, LOS ANGELES, CA",CORNING ST,PICO BLVD,106913,
-118.3089421,34.0036583,29334,8791675,2019,2019-02-07T00:00:00.000Z,1942,2019-01-20T00:00:00.000Z,1445,43173,1203,7,5,7,1942,0,0,0,L,0,12A53,S WESTERN AV,W VERNON AV,20,S,N,A,-,N,,0,0,,,0,,,,N,4,0,1,3,B,-,22,0,,N,G,B,F,A,H,-,A,D,0,Y,,,,Y,,A,1,0,0,1,0,1,0,0,0,0,- ,- ,0,0,1500,1,LOS ANGELES,LOS ANGELES,CA,-118.3089421,34.00365829,"WESTERN AVE & VERNON AVE, LOS ANGELES, CA",WESTERN AVE,VERNON AVE,106852,
-118.3460126,34.02148438,29336,8811099,2019,2019-03-20T00:00:00.000Z,1942,2019-02-05T00:00:00.000Z,605,38503,362,2,5,7,1942,0,0,0,C,0,25TL27,RODEO RD,FARMDALE AV,12,E,N,C,-,N,,0,0,,,0,,,,N,3,0,1,2,A,-,10,21950,A,F,G,B,B,B,H,-,A,A,0,Y,,,,Y,,-,99,0,1,0,0,1,0,0,0,0,- ,- ,0,0,900,2,LOS ANGELES,LOS ANGELES,CA,-118.3460126,34.02148438,"RODEO RD & FARMDALE AVE, LOS ANGELES, CA",RODEO RD,FARMDALE AVE,145514,
-118.2563687,33.97119522,29337,8811115,2019,2019-04-05T00:00:00.000Z,1942,2019-02-04T00:00:00.000Z,835,42060,1259,1,5,7,1942,0,0,0,L,0,12A69,E 76TH ST,CENTRAL AV,2,W,N,B,C,N,,0,0,,,0,,,,N,3,0,1,2,A,-,12,22450,A,N,D,G,A,B,H,-,A,D,0,,Y,,,Y,,-,,0,1,0,0,0,0,1,0,0,- ,- ,0,0,900,2,LOS ANGELES,LOS ANGELES,CA,-118.2563687,33.97119522,"76TH ST & CENTRAL AVE, LOS ANGELES, CA",76TH ST,CENTRAL AVE,106187,
-118.3135921,34.09463501,29338,8811337,2019,2019-03-12T00:00:00.000Z,1942,2019-02-27T00:00:00.000Z,820,27475,668,3,5,7,1942,0,0,0,F,0,,N WILTON PL,FOUNTAIN AV,36,S,N,B,-,N,,0,0,,,0,,,,N,0,0,0,2,A,-,3,22350,,M,C,C,A,A,H,-,A,D,0,,,,,Y,,-,99,0,0,0,0,0,0,0,0,0,- ,- ,0,0,900,2,LOS ANGELES,LOS ANGELES,CA,-118.3135921,34.09463501,"WILTON PL & FOUNTAIN AVE, LOS ANGELES, CA",WILTON PL,FOUNTAIN AVE,149752,
-118.4220041,34.15034866,29339,8811518,2019,2019-03-20T00:00:00.000Z,1942,2019-02-01T00:00:00.000Z,740,40634,1581,5,5,7,1942,0,0,0,O,0,15A85,MOORPARK ST,FULTON AV,154,E,N,A,-,N,,0,0,,,0,,,,Y,3,0,2,2,A,-,6,21755,A,N,D,C,A,A,H,-,A,D,0,,,,,Y,,A,7,0,1,1,0,0,0,0,0,0,- ,- ,0,0,900,2,LOS ANGELES,LOS ANGELES,CA,-118.4220041,34.15034866,"MOORPARK ST & FULTON AVE, LOS ANGELES, CA",MOORPARK ST,FULTON AVE,108957,
-118.2543417,33.93096924,29340,8812331,2019,2019-03-01T00:00:00.000Z,1942,2019-02-14T00:00:00.000Z,810,40013,1844,4,5,7,1942,0,0,0,R,0,18A3,CENTRAL AV,114TH ST,5,N,N,C,-,N,,0,0,,,0,,,,N,2,0,1,2,A,-,10,21950,A,N,G,B,B,B,H,-,A,A,0,Y,,,,Y,,A,1,1,0,0,0,1,0,0,0,0,- ,- ,0,0,900,2,LOS ANGELES,LOS ANGELES,CA,-118.2543417,33.93096924,"CENTRAL AVE & 114TH ST, LOS ANGELES, CA",CENTRAL AVE,114TH ST,103269,
-118.3176821,33.98548508,29341,8812339,2019,2019-03-01T00:00:00.000Z,1942,2019-02-16T00:00:00.000Z,700,41791,1233,6,5,7,1942,0,0,0,L,0,12A31,VAN NESS AV,60TH ST,0,,Y,A,-,N,,0,0,,,0,,,,N,3,0,3,2,A,-,9,21802,A,N,B,C,A,A,H,-,A,D,0,,,,,Y,Y,A,7,0,1,2,0,0,0,0,0,0,- ,- ,0,0,900,2,LOS ANGELES,LOS ANGELES,CA,-118.3176821,33.98548508,"VAN NESS AVE & 60TH ST, LOS ANGELES, CA",VAN NESS AVE,60TH ST,96036,
-118.3002822,33.95999527,29342,8812343,2019,2019-03-01T00:00:00.000Z,1942,2019-02-18T00:00:00.000Z,715,58622,1265,1,5,7,1942,0,0,0,L,0,12A53,NORMANDIE AV,MANCHESTER AV,0,,Y,A,-,N,,0,0,,,0,,,,N,4,0,1,2,A,-,10,21950,A,N,G,B,B,A,H,-,A,A,0,Y,,,,Y,,A,7,0,0,1,0,1,0,0,0,0,- ,- ,0,0,900,2,LOS ANGELES,LOS ANGELES,CA,-118.3002822,33.95999527,"NORMANDIE AVE & MANCHESTER AVE, LOS ANGELES, CA",NORMANDIE AVE,MANCHESTER AVE,145280,
-118.3090422,34.04356384,29343,8812369,2019,2019-03-04T00:00:00.000Z,1942,2019-02-17T00:00:00.000Z,710,38688,2081,7,5,7,1942,0,0,0,,0,20A71,S WESTERN AV,VENICE BL,0,,Y,A,-,N,,0,0,,,0,,,,Y,4,0,2,3,A,-,12,21453,A,N,D,C,A,A,H,-,A,A,0,,,,,Y,,A,7,0,0,2,0,0,0,0,0,0,- ,- ,0,0,900,2,LOS ANGELES,LOS ANGELES,CA,-118.3090422,34.04356384,"WESTERN AVE & VENICE BLVD, LOS ANGELES, CA",WESTERN AVE,VENICE BLVD,134899,
-118.3184521,34.05833435,29344,8812373,2019,2019-03-04T00:00:00.000Z,1942,2019-02-15T00:00:00.000Z,625,34959,2041,5,5,7,1942,0,0,0,,0,20A53,NORTON AV,8TH ST,0,,Y,B,-,N,,0,0,,,0,,,,Y,4,0,1,2,A,-,12,21453,A,N,D,C,A,A,H,-,B,A,0,,,,,Y,,-,- ,0,0,1,0,0,0,0,0,0,- ,- ,0,0,900,2,LOS ANGELES,LOS ANGELES,CA,-118.3184521,34.05833435,"NORTON AVE & 8TH ST, LOS ANGELES, CA",NORTON AVE,8TH ST,121042,
-118.2998829,33.98910523,29345,8812456,2019,2019-03-05T00:00:00.000Z,1942,2019-02-11T00:00:00.000Z,730,43521,1233,1,5,7,1942,0,0,0,L,0,12A3,SLAUSON AV,NORMANDIE AV,100,E,N,A,-,N,,0,0,,,0,,,,Y,0,0,0,1,A,-,3,22350,,N,H,J,A,-,A,-,A,D,0,,,,,Y,,A,1,0,0,0,0,0,0,0,0,0,- ,- ,0,0,900,2,LOS ANGELES,LOS ANGELES,CA,-118.2998829,33.98910522,"SLAUSON AVE & NORMANDIE AVE, LOS ANGELES, CA",SLAUSON AVE,NORMANDIE AVE,99523,
-118.2351254,34.11462021,29346,8812631,2019,2019-03-20T00:00:00.000Z,1942,2019-02-22T00:00:00.000Z,630,37540,1135,5,5,7,1942,0,0,0,K,0,11A89,W AVENUE 35,VERDUGO RD,41,N,N,A,-,N,,0,0,,,0,,,,N,0,0,0,2,A,-,3,22350,,M,B,E,A,A,H,-,A,D,0,,,,,Y,,-,99,0,0,0,0,0,0,0,0,0,- ,- ,0,0,900,2,LOS ANGELES,LOS ANGELES,CA,-118.2351254,34.11462021,"AVE 35 & VERDUGO RD, LOS ANGELES, CA",AVE 35,VERDUGO RD,123365,
-118.2900317,34.0055275,29347,8812741,2019,2019-03-14T00:00:00.000Z,1942,2019-02-25T00:00:00.000Z,754,41039,3916,1,5,7,1942,0,0,0,,0,3A99,MENLO AV,43RD ST,15,N,N,A,-,N,,0,0,,,0,,,,N,4,0,3,2,A,-,9,21802,A,N,D,C,A,A,H,-,A,A,0,,,,,Y,,A,1,0,0,3,0,0,0,0,0,0,- ,- ,0,0,900,2,LOS ANGELES,LOS ANGELES,CA,-118.2900317,34.0055275,"MENLO AVE & 43RD ST, LOS ANGELES, CA",MENLO AVE,43RD ST,131404,
-118.518555,34.18662643,29348,8812801,2019,2019-03-15T00:00:00.000Z,1942,2019-02-08T00:00:00.000Z,730,40295,1037,5,5,7,1942,0,0,0,J,0,10A47,VICTORY BL,WHITE OAK AV,16,W,N,A,-,N,,0,0,,,0,,,,N,4,0,3,2,A,-,4,21703,,N,C,C,A,A,H,-,A,A,0,,,,,Y,,A,1,0,0,3,0,0,0,0,0,0,- ,- ,0,0,900,2,LOS ANGELES,LOS ANGELES,CA,-118.518555,34.18662643,"VICTORY BLVD & WHITE OAK AVE, LOS ANGELES, CA",VICTORY BLVD,WHITE OAK AVE,98627,
-118.2872021,33.90810013,29349,8812882,2019,2019-03-13T00:00:00.000Z,1942,2019-02-27T00:00:00.000Z,805,38365,1871,3,5,7,1942,0,0,0,R,0,25MX3,HOOVER ST,136TH ST,100,S,N,A,-,N,,0,0,,,0,,,,Y,2,0,1,1,A,-,3,22350,,N,E,I,A,A,H,-,A,D,0,,,,,Y,,A,1,1,0,0,0,0,0,0,0,0,- ,- ,0,0,900,2,LOS ANGELES,LOS ANGELES,CA,-118.2872021,33.90810013,"HOOVER ST & 136TH ST, LOS ANGELES, CA",HOOVER ST,136TH ST,106676,
-118.2782121,33.95281601,29350,8776259,2019,2019-02-02T00:00:00.000Z,1942,2019-01-05T00:00:00.000Z,1550,41933,1802,6,5,7,1942,0,0,0,R,0,18A1,W 92ND ST,S BROADWAY,0,,Y,B,C,N,,0,0,,,0,,,,N,4,0,1,2,A,-,12,21453,A,F,D,C,A,B,H,-,A,A,0,,,,,Y,,-,99,0,0,1,0,0,0,0,0,0,- ,- ,0,0,1800,1,LOS ANGELES,LOS ANGELES,CA,-118.2782121,33.95281601,"92ND ST & BROADWAY, LOS ANGELES, CA",92ND ST,BROADWAY,142369,
-118.2275622,34.04970551,29351,8784014,2019,2019-03-07T00:00:00.000Z,1942,2019-01-17T00:00:00.000Z,1630,39079,451,4,5,7,1942,0,0,0,,0,,KEARNEY ST,MISSION RD,0,,Y,C,-,N,,0,0,,,0,,,,N,0,0,0,2,A,-,21,22106,,M,B,C,A,B,-,-,A,D,0,,,,,Y,,-,99,0,0,0,0,0,0,0,0,0,- ,- ,0,0,1800,1,LOS ANGELES,LOS ANGELES,CA,-118.2275622,34.04970551,"KEARNEY ST & MISSION RD, LOS ANGELES, CA",KEARNEY ST,MISSION RD,107073,
-118.3142208,34.01850128,29352,8812894,2019,2019-03-13T00:00:00.000Z,1942,2019-02-27T00:00:00.000Z,740,42786,355,3,5,7,1942,0,0,0,C,0,3A73,EXPOSITION BL,GRAMERCY,115,W,N,A,-,N,,0,0,,,0,,,,Y,4,0,2,2,A,-,7,21658,A,N,B,C,A,A,H,-,A,D,0,,,,,Y,,-,99,0,0,2,0,0,0,0,0,0,- ,- ,0,0,900,2,LOS ANGELES,LOS ANGELES,CA,-118.3142208,34.01850128,"EXPOSITION BLVD & GRAMERCY PL, LOS ANGELES, CA",EXPOSITION BLVD,GRAMERCY PL,119897,
-118.2816622,34.03414536,29353,8812922,2019,2019-03-13T00:00:00.000Z,1942,2019-02-27T00:00:00.000Z,845,38503,308,3,5,7,1942,0,0,0,C,0,25T23,TOBERMAN ST,23RD ST,0,,Y,A,-,N,,0,0,,,0,,,,Y,4,0,1,2,A,-,9,21802,A,N,D,C,A,A,H,-,A,A,0,,,,,Y,,A,1,0,0,1,0,0,0,0,0,0,- ,- ,0,0,900,2,LOS ANGELES,LOS ANGELES,CA,-118.2816621,34.03414536,"TOBERMAN ST & 23RD ST, LOS ANGELES, CA",TOBERMAN ST,23RD ST,117620,
-118.2652122,33.92555618,29354,8812942,2019,2019-03-13T00:00:00.000Z,1942,2019-02-27T00:00:00.000Z,700,37146,2,3,5,7,1942,0,0,0,,0,2,E 118TH PL,AVALON BL,0,,Y,A,-,N,,0,0,,,0,,,,N,4,0,2,2,A,-,9,21802,A,N,D,C,A,A,H,-,A,A,0,,,,,Y,,A,7,0,0,2,0,0,0,0,0,0,- ,- ,0,0,900,2,LOS ANGELES,LOS ANGELES,CA,-118.2652122,33.92555618,"118TH PL & AVALON BLVD, LOS ANGELES, CA",118TH PL,AVALON BLVD,110190,
-118.352282,34.02963257,29355,8813037,2019,2019-03-14T00:00:00.000Z,1942,2019-02-27T00:00:00.000Z,820,37146,331,3,5,7,1942,0,0,0,C,0,25TL41,LA BREA AV,FIR ST,20,S,N,A,-,N,,0,0,,,0,,,,N,0,0,0,2,A,-,7,21658,A,M,B,C,A,A,H,-,A,D,0,,,,,Y,,-,99,0,0,0,0,0,0,0,0,0,- ,- ,0,0,900,2,LOS ANGELES,LOS ANGELES,CA,-118.352282,34.02963257,"LA BREA AVE & FIR ST, LOS ANGELES, CA",LA BREA AVE,FIR ST,110556,
-118.2787564,34.0418663,29356,8813044,2019,2019-03-11T00:00:00.000Z,1942,2019-02-09T00:00:00.000Z,845,40289,295,6,5,7,1942,0,0,0,B,0,2A91,S UNION AV,VENICE BL,175,N,N,A,-,N,,0,0,,,0,,,,N,0,0,0,2,A,-,8,22107,,M,B,C,A,B,H,-,A,D,0,,,,,Y,,-,99,0,0,0,0,0,0,0,0,0,- ,- ,0,0,900,2,LOS ANGELES,LOS ANGELES,CA,-118.2787564,34.0418663,"UNION AVE & VENICE BLVD, LOS ANGELES, CA",UNION AVE,VENICE BLVD,145767,
-118.2869621,33.95726776,29357,8812989,2019,2019-03-14T00:00:00.000Z,1942,2019-02-25T00:00:00.000Z,830,48946,1801,1,5,7,1942,0,0,0,R,0,18X5,HOOVER ST,88TH S,250,S,N,A,-,N,,0,0,,,0,,,,N,0,0,0,2,A,-,9,21804,A,N,A,C,A,A,H,-,A,D,0,,,,,Y,,A,1,0,0,0,0,0,0,0,0,0,- ,- ,0,0,900,2,LOS ANGELES,LOS ANGELES,CA,-118.2869621,33.95726776,"HOOVER ST & 88TH ST,, CA",HOOVER ST,88TH ST,134727,
-118.2835621,33.73604202,29358,8813248,2019,2019-03-22T00:00:00.000Z,1942,2019-02-08T00:00:00.000Z,755,43256,566,5,5,7,1942,0,0,0,E,0,5A59,CENTRE ST,9TH ST,10,N,N,A,-,N,,0,0,,,0,,,,Y,0,0,0,2,A,-,21,22106,,M,C,E,A,A,H,-,A,D,0,,,,,Y,,A,1,0,0,0,0,0,0,0,0,0,- ,- ,0,0,900,2,LOS ANGELES,LOS ANGELES,CA,-118.2835621,33.73604202,"CENTRE ST & 9TH ST, LOS ANGELES, CA",CENTRE ST,9TH ST,100338,
-118.3702521,33.97154617,29359,8813373,2019,2019-03-20T00:00:00.000Z,1942,2019-02-10T00:00:00.000Z,825,40209,1469,7,5,7,1942,0,0,0,N,0,14A67,S LA CIENEGA BL,GLENWAY DR,265,S,N,B,-,N,,0,0,,,0,,,,Y,3,0,2,2,A,-,4,21703,,N,C,C,A,A,H,-,A,D,0,,,,,Y,,A,1,0,1,1,0,0,0,0,0,0,- ,- ,0,0,900,2,LOS ANGELES,LOS ANGELES,CA,-118.3702521,33.97154617,"LA CIENEGA BLVD & GLENWAY DR, LOS ANGELES, CA",LA CIENEGA BLVD,GLENWAY DR,148316,
-118.4134821,34.00020599,29360,8813377,2019,2019-03-20T00:00:00.000Z,1942,2019-02-05T00:00:00.000Z,835,41710,1458,2,5,7,1942,0,0,0,N,0,8A35-W,CULVER BL,BERRYMAN AV,0,,Y,C,-,N,,0,0,,,0,,,,Y,3,0,2,2,A,-,9,21801,A,N,A,C,A,B,H,-,A,A,0,,,,,Y,,A,1,0,1,1,0,0,0,0,0,0,- ,- ,0,0,900,2,LOS ANGELES,LOS ANGELES,CA,-118.4134821,34.00020599,"CULVER BLVD & BERRYMAN AVE, LOS ANGELES, CA",CULVER BLVD,BERRYMAN AVE,119969,
-118.248101,33.93111801,29361,8813391,2019,2019-03-07T00:00:00.000Z,1942,2019-02-22T00:00:00.000Z,745,39745,1846,5,5,7,1942,0,0,0,R,0,18A35,E 114TH ST,SUCCESS AV,359,E,N,A,-,N,,0,0,,,0,,,,Y,4,0,3,2,A,-,5,21650,,N,A,C,A,A,H,-,A,D,0,,,,,Y,,A,1,0,0,3,0,0,0,0,0,0,- ,- ,0,0,900,2,LOS ANGELES,LOS ANGELES,CA,-118.248101,33.93111801,"114TH ST & SUCCESS AVE, LOS ANGELES, CA",114TH ST,SUCCESS AVE,96216,
-118.3203921,34.01827622,29362,8813431,2019,2019-03-07T00:00:00.000Z,1942,2019-02-21T00:00:00.000Z,815,37411,374,4,5,7,1942,0,0,0,,0,3A57,RODEO RD,3RD AV,0,,Y,A,-,N,,0,0,,,0,,,,N,4,0,2,3,A,-,9,21801,A,N,A,C,A,A,H,-,A,D,0,,,,,Y,,A,1,0,0,2,0,0,0,0,0,0,- ,- ,0,0,900,2,LOS ANGELES,LOS ANGELES,CA,-118.3203921,34.01827621,"RODEO RD & 3RD AVE, LOS ANGELES, CA",RODEO RD,3RD AVE,120901,
-118.3716358,33.94538498,29363,8813535,2019,2019-03-19T00:00:00.000Z,1942,2019-02-03T00:00:00.000Z,740,36705,1497,7,5,7,1942,0,0,0,N,0,14A67,W CENTURY BL,GLASGOW PL,150,W,N,C,-,N,,0,0,,,0,,,,Y,0,0,0,1,A,-,8,22107,,N,E,I,A,B,H,-,A,D,0,,,,,Y,,A,1,0,0,0,0,0,0,0,0,0,- ,- ,0,0,900,2,LOS ANGELES,LOS ANGELES,CA,-118.3716358,33.94538498,"CENTURY BLVD & GLASGOW PL, LOS ANGELES, CA",CENTURY BLVD,GLASGOW PL,98525,
-118.3206751,34.07620621,29364,8813546,2019,2019-03-15T00:00:00.000Z,1942,2019-02-20T00:00:00.000Z,835,27475,729,3,5,7,1942,0,0,0,G,0,,BEVERLY BL,PLYMOUTH BL,10,W,N,B,-,N,,0,0,,,0,,,,N,0,0,0,2,A,-,3,22350,,M,C,C,A,A,H,-,A,D,0,,,,,Y,,-,99,0,0,0,0,0,0,0,0,0,- ,- ,0,0,900,2,LOS ANGELES,LOS ANGELES,CA,-118.3206751,34.07620621,"BEVERLY BLVD & PLYMOUTH BLVD, LOS ANGELES, CA",BEVERLY BLVD,PLYMOUTH BLVD,125294,
-118.3217056,34.25970459,29365,8814082,2019,2019-04-04T00:00:00.000Z,1942,2019-02-28T00:00:00.000Z,800,40141,1617,4,5,7,1942,0,0,0,P,0,16A35,FOOTHILL BL,NEWHOME AV,220,E,N,A,-,N,,0,0,,,0,,,,Y,4,0,3,5,A,-,3,22350,,N,C,C,A,A,H,-,A,A,0,,,,,Y,,D,22,0,0,3,0,0,0,0,0,0,- ,- ,0,0,900,2,LOS ANGELES,LOS ANGELES,CA,-118.3217056,34.25970459,"FOOTHILL BLVD & NEWHOME AVE, LOS ANGELES, CA",FOOTHILL BLVD,NEWHOME AVE,140451,
-118.243157,34.0505333,29366,8814142,2019,2019-03-26T00:00:00.000Z,1942,2019-02-26T00:00:00.000Z,815,37611,127,2,5,7,1942,0,0,0,A,0,1A1,LOS ANGELES ST,2ND ST,115,N,N,A,-,N,,0,0,,,0,,,,N,0,0,0,2,A,-,21,22106,,N,B,C,A,A,H,-,A,D,0,,,,,Y,,A,1,0,0,0,0,0,0,0,0,0,- ,- ,0,0,900,2,LOS ANGELES,LOS ANGELES,CA,-118.243157,34.05053329,"LOS ANGELES ST & 2ND ST, LOS ANGELES, CA",LOS ANGELES ST,2ND ST,142177,