X,Y,OBJECTID,case_id,accident_year,proc_date,juris,collision_date,collision_time,officer_id,reporting_district,day_of_week,chp_shift,population,cnty_city_loc,special_cond,beat_type,chp_beat_type,city_division_lapd,chp_beat_class,beat_number,primary_rd,secondary_rd,distance,direction,intersection,weather_1,weather_2,state_hwy_ind,caltrans_county,caltrans_district,state_route,route_suffix,postmile_prefix,postmile,location_type,ramp_intersection,side_of_hwy,tow_away,collision_severity,number_killed,number_injured,party_count,primary_coll_factor,pcf_code_of_viol,pcf_viol_category,pcf_violation,pcf_viol_subsection,hit_and_run,type_of_collision,mviw,ped_action,road_surface,road_cond_1,road_cond_2,lighting,control_device,chp_road_type,pedestrian_accident,bicycle_accident,motorcycle_accident,truck_accident,not_private_property,alcohol_involved,stwd_vehtype_at_fault,chp_vehtype_at_fault,count_severe_inj,count_visible_inj,count_complaint_pain,count_ped_killed,count_ped_injured,count_bicyclist_killed,count_bicyclist_injured,count_mc_killed,count_mc_injured,primary_ramp,secondary_ramp,latitude,longitude,timecat,month_,city,county,state,point_x,point_y,match_addr,m_primaryrd,m_secondrd,int_id,Flag
-118.5024522,34.24670029,29367,8814269,2019,2019-04-10T00:00:00.000Z,1942,2019-02-03T00:00:00.000Z,630,40141,1768,7,5,7,1942,0,0,0,Q,0,17A95,BALBOA BL,SUPERIOR ST,28,N,N,B,C,N,,0,0,,,0,,,,Y,4,0,2,2,A,-,3,22350,,N,D,C,A,B,H,-,C,A,0,,,,,Y,,J,43,0,0,2,0,0,0,0,0,0,- ,- ,0,0,900,2,LOS ANGELES,LOS ANGELES,CA,-118.5024522,34.24670029,"BALBOA BLVD & SUPERIOR ST, LOS ANGELES, CA",BALBOA BLVD,SUPERIOR ST,112178,
-118.2849804,33.73692703,29368,8814284,2019,2019-03-18T00:00:00.000Z,1942,2019-02-22T00:00:00.000Z,820,27259,564,5,5,7,1942,0,0,0,E,0,25T27,8TH ST,MESA ST,229,E,N,A,-,N,,0,0,,,0,,,,N,0,0,0,2,A,-,3,22350,,M,D,G,A,A,H,-,A,D,0,,Y,,,Y,,L,4,0,0,0,0,0,0,0,0,0,- ,- ,0,0,900,2,LOS ANGELES,LOS ANGELES,CA,-118.2849804,33.73692703,"8TH ST & MESA ST, LOS ANGELES, CA",8TH ST,MESA ST,100337,
-118.270538,33.77953339,29369,8814286,2019,2019-03-15T00:00:00.000Z,1942,2019-02-19T00:00:00.000Z,715,37679,522,2,5,7,1942,0,0,0,E,0,5A25,W ANAHEIM ST,BAYVIEW AV,75,W,N,A,-,N,,0,0,,,0,,,,N,0,0,0,2,A,-,6,21750,A,N,B,C,A,A,H,-,A,D,0,,,,,Y,,D,22,0,0,0,0,0,0,0,0,0,- ,- ,0,0,900,2,LOS ANGELES,LOS ANGELES,CA,-118.270538,33.77953339,"ANAHEIM ST & BAY VIEW AVE, LOS ANGELES, CA",ANAHEIM ST,BAY VIEW AVE,98596,
-118.3404863,34.0255661,29370,8814837,2019,2019-03-06T00:00:00.000Z,1942,2019-02-22T00:00:00.000Z,730,42786,333,5,5,7,1942,0,0,0,,0,3A15,JEFFERSON BL,BUCKINGHAM RD,20,E,N,A,-,N,,0,0,,,0,,,,N,4,0,1,2,A,-,7,21658,A,N,B,C,A,A,H,-,A,A,0,,,,,Y,,A,1,0,0,1,0,0,0,0,0,0,- ,- ,0,0,900,2,LOS ANGELES,LOS ANGELES,CA,-118.3404863,34.0255661,"JEFFERSON BLVD & BUCKINGHAM RD, LOS ANGELES, CA",JEFFERSON BLVD,BUCKINGHAM RD,106821,
-118.5798722,34.25725555,29371,8815289,2019,2019-03-21T00:00:00.000Z,1942,2019-02-06T00:00:00.000Z,815,39956,1753,3,5,7,1942,0,0,0,Q,0,,DEVONSHIRE ST,MASON AV,0,,Y,A,-,N,,0,0,,,0,,,,N,3,0,2,2,A,-,9,21801,A,N,D,C,A,A,H,-,A,A,0,,,,,Y,,A,1,0,1,1,0,0,0,0,0,0,- ,- ,0,0,900,2,LOS ANGELES,LOS ANGELES,CA,-118.5798722,34.25725555,"DEVONSHIRE ST & MASON AVE, LOS ANGELES, CA",DEVONSHIRE ST,MASON AVE,144306,
-118.536482,34.23074341,29372,8815290,2019,2019-03-21T00:00:00.000Z,1942,2019-02-12T00:00:00.000Z,800,40028,1785,2,5,7,1942,0,0,0,Q,0,17AB1,GRESHAM ST,RESEDA BL,115,W,N,A,-,N,,0,0,,,0,,,,N,3,0,1,2,A,-,9,21804,A,N,C,G,A,A,H,-,A,D,0,,,,,Y,,-,,0,1,0,0,0,0,0,0,0,- ,- ,0,0,900,2,LOS ANGELES,LOS ANGELES,CA,-118.536482,34.23074341,"GRESHAM ST & RESEDA BLVD, LOS ANGELES, CA",GRESHAM ST,RESEDA BLVD,101310,
-118.5968993,34.24997711,29373,8815298,2019,2019-03-21T00:00:00.000Z,1942,2019-02-21T00:00:00.000Z,800,40141,1752,4,5,7,1942,0,0,0,Q,0,17A23,LASSEN ST,CANOGA AV,125,E,N,A,-,N,,0,0,,,0,,,,Y,4,0,1,3,A,-,7,21658,A,N,B,D,A,A,H,-,A,D,0,,,,,Y,,A,1,0,0,1,0,0,0,0,0,0,- ,- ,0,0,900,2,LOS ANGELES,LOS ANGELES,CA,-118.5968993,34.24997711,"LASSEN ST & CANOGA AVE, LOS ANGELES, CA",LASSEN ST,CANOGA AVE,130345,
-118.4574722,34.1975441,29374,8815306,2019,2019-03-21T00:00:00.000Z,1942,2019-02-14T00:00:00.000Z,820,27792,914,4,5,7,1942,0,0,0,I,0,9A23,KESTER AV,HART ST,0,,Y,C,-,N,,0,0,,,0,,,,N,4,0,1,2,A,-,9,21801,A,N,D,C,A,B,G,-,A,A,0,,,,,Y,,A,1,0,0,1,0,0,0,0,0,0,- ,- ,0,0,900,2,LOS ANGELES,LOS ANGELES,CA,-118.4574722,34.1975441,"KESTER AVE & HART ST, LOS ANGELES, CA",KESTER AVE,HART ST,126131,
-118.4487122,34.15476608,29375,8815322,2019,2019-03-21T00:00:00.000Z,1942,2019-02-14T00:00:00.000Z,800,31931,985,4,5,7,1942,0,0,0,I,0,9A89,VAN NUYS BL,HORTENSE ST,0,,Y,C,-,N,,0,0,,,0,,,,Y,4,0,2,2,A,-,9,21801,A,N,D,C,A,B,H,-,A,A,0,,,,,Y,,A,1,0,0,2,0,0,0,0,0,0,- ,- ,0,0,900,2,LOS ANGELES,LOS ANGELES,CA,-118.4487122,34.15476608,"VAN NUYS BLVD & HORTENSE ST, LOS ANGELES, CA",VAN NUYS BLVD,HORTENSE ST,108233,
-118.4574722,34.18665314,29376,8815326,2019,2019-03-21T00:00:00.000Z,1942,2019-02-16T00:00:00.000Z,650,30452,932,6,5,7,1942,0,0,0,I,0,9A23,KESTER AV,VICTORY BL,0,,Y,A,-,N,,0,0,,,0,,,,Y,4,0,2,2,A,-,9,21801,A,N,D,C,A,B,H,-,A,A,0,,,,,Y,,A,7,0,0,2,0,0,0,0,0,0,- ,- ,0,0,900,2,LOS ANGELES,LOS ANGELES,CA,-118.4574722,34.18665314,"KESTER AVE & VICTORY BLVD, LOS ANGELES, CA",KESTER AVE,VICTORY BLVD,146982,
-118.5560485,34.23521805,29377,8815333,2019,2019-03-21T00:00:00.000Z,1942,2019-02-04T00:00:00.000Z,710,40141,1764,1,5,7,1942,0,0,0,Q,0,17A81,NORDHOFF WY,SHIRLEY AV,650,E,N,B,C,N,,0,0,,,0,,,,N,4,0,1,2,A,-,8,22107,,N,B,C,A,B,H,-,A,D,0,,,,,Y,,A,1,0,0,1,0,0,0,0,0,0,- ,- ,0,0,900,2,LOS ANGELES,LOS ANGELES,CA,-118.5560485,34.23521805,"NORDHOFF ST & SHIRLEY AVE, LOS ANGELES, CA",NORDHOFF ST,SHIRLEY AVE,148214,
-118.4509922,34.20126343,29378,8815346,2019,2019-03-21T00:00:00.000Z,1942,2019-02-12T00:00:00.000Z,650,40634,914,2,5,7,1942,0,0,0,I,0,9A23,SHERMAN WY,SHERMAN CI,0,,Y,A,-,N,,0,0,,,0,,,,Y,4,0,1,2,A,-,12,21453,A,N,D,C,A,A,H,-,A,A,0,,,Y,,Y,,C,2,0,0,1,0,0,0,0,0,1,- ,- ,0,0,900,2,LOS ANGELES,LOS ANGELES,CA,-118.4509922,34.20126343,"SHERMAN WAY & SHERMAN CIR, LOS ANGELES, CA",SHERMAN WAY,SHERMAN CIR,130411,
-118.5885322,34.22818375,29379,8815347,2019,2019-03-21T00:00:00.000Z,1942,2019-02-11T00:00:00.000Z,755,31931,1791,1,5,7,1942,0,0,0,Q,0,17A81,PARTHENIA ST,DE SOTO AV,0,,Y,A,-,N,,0,0,,,0,,,,Y,3,0,3,2,A,-,9,21801,A,N,A,C,A,-,H,-,A,A,0,,,,,Y,,A,8,0,1,2,0,0,0,0,0,0,- ,- ,0,0,900,2,LOS ANGELES,LOS ANGELES,CA,-118.5885322,34.22818375,"PARTHENIA ST & DE SOTO AVE, LOS ANGELES, CA",PARTHENIA ST,DE SOTO AVE,147951,
-118.450267,34.24199295,29380,8815913,2019,2019-04-03T00:00:00.000Z,1942,2019-02-15T00:00:00.000Z,640,32268,1964,5,5,7,1942,0,0,0,,0,19A75,VAN NUYS BL,PLUMMER ST,250,S,N,B,-,N,,0,0,,,0,,,,N,0,0,0,2,A,-,7,21658,A,M,B,C,A,A,H,-,B,A,0,,,,,Y,,-,- ,0,0,0,0,0,0,0,0,0,- ,- ,0,0,900,2,LOS ANGELES,LOS ANGELES,CA,-118.450267,34.24199295,"VAN NUYS BLVD & PLUMMER ST, LOS ANGELES, CA",VAN NUYS BLVD,PLUMMER ST,105059,
-118.5709622,34.17096329,29381,8815933,2019,2019-03-15T00:00:00.000Z,1942,2019-02-20T00:00:00.000Z,710,42460,2189,3,5,7,1942,0,0,0,,0,21A97,VENTURA BL,WINNETKA AV,0,,Y,A,-,N,,0,0,,,0,,,,N,4,0,1,3,A,-,12,21453,A,F,B,C,A,A,H,-,A,A,0,,,,,Y,,-,99,0,0,1,0,0,0,0,0,0,- ,- ,0,0,900,2,LOS ANGELES,LOS ANGELES,CA,-118.5709622,34.17096329,"VENTURA BLVD & WINNETKA AVE, LOS ANGELES, CA",VENTURA BLVD,WINNETKA AVE,111615,
-118.3877661,34.15421295,29383,8815962,2019,2019-03-15T00:00:00.000Z,1942,2019-02-21T00:00:00.000Z,805,41462,1563,4,5,7,1942,0,0,0,O,0,15A67,COLFAX AV,SARAH ST,80,N,N,A,-,N,,0,0,,,0,,,,Y,3,0,1,3,A,-,3,22350,,N,C,C,A,A,H,-,A,D,0,,,,,Y,,A,1,0,1,0,0,0,0,0,0,0,- ,- ,0,0,900,2,LOS ANGELES,LOS ANGELES,CA,-118.3877661,34.15421295,"COLFAX AVE & SARAH ST, LOS ANGELES, CA",COLFAX AVE,SARAH ST,125608,
-118.3790522,34.15763474,29384,8815990,2019,2019-03-15T00:00:00.000Z,1942,2019-02-23T00:00:00.000Z,640,41514,1555,6,5,7,1942,0,0,0,O,0,15A67,RIVERSIDE DR,TUJUNGA AV,0,,Y,A,-,N,,0,0,,,0,,,,N,4,0,1,2,A,-,12,21453,A,N,D,C,A,A,H,-,A,A,0,,,,,Y,,A,1,0,0,1,0,0,0,0,0,0,- ,- ,0,0,900,2,LOS ANGELES,LOS ANGELES,CA,-118.3790522,34.15763474,"RIVERSIDE DR & TUJUNGA AVE, LOS ANGELES, CA",RIVERSIDE DR,TUJUNGA AVE,104524,
-118.5426022,34.202034,29385,8816002,2019,2019-04-08T00:00:00.000Z,1942,2019-02-15T00:00:00.000Z,830,43661,1012,5,5,7,1942,0,0,0,J,0,10A39,CANTLAY ST,GEYSER AV,0,,Y,A,-,N,,0,0,,,0,,,,Y,4,0,1,2,A,-,5,21650,,F,A,C,A,A,H,-,A,D,0,,,,,Y,,A,1,0,0,1,0,0,0,0,0,0,- ,- ,0,0,900,2,LOS ANGELES,LOS ANGELES,CA,-118.5426022,34.202034,"CANTLAY ST & GEYSER AVE, LOS ANGELES, CA",CANTLAY ST,GEYSER AVE,136877,
-118.6355734,34.15786743,29386,8816005,2019,2019-03-22T00:00:00.000Z,1942,2019-02-12T00:00:00.000Z,830,37680,RD218,2,5,7,1942,0,0,0,,0,0LA,MULHOLLAND DR,CALABASAS RD,400,S,N,A,-,N,,0,0,,,0,,,,N,4,0,1,2,A,-,3,22350,,N,C,C,A,A,H,-,A,A,0,,,,,Y,,A,1,0,0,1,0,0,0,0,0,0,- ,- ,0,0,900,2,LOS ANGELES,LOS ANGELES,CA,-118.6355734,34.15786743,"MULHOLLAND DR & CALABASAS RD, LOS ANGELES, CA",MULHOLLAND DR,CALABASAS RD,101052,
-118.536021,34.17240906,29387,8816011,2019,2019-03-21T00:00:00.000Z,1942,2019-02-15T00:00:00.000Z,800,34482,1063,5,5,7,1942,0,0,0,J,0,10A83,RESEDA BL,BURBANK BL,20,N,N,A,-,N,,0,0,,,0,,,,N,4,0,1,2,A,-,7,21658,A,N,B,C,A,A,H,-,A,A,0,,,,,Y,,A,1,0,0,1,0,0,0,0,0,0,- ,- ,0,0,900,2,LOS ANGELES,LOS ANGELES,CA,-118.536021,34.17240906,"RESEDA BLVD & BURBANK BLVD, LOS ANGELES, CA",RESEDA BLVD,BURBANK BLVD,129705,
-118.6212022,34.18646622,29388,8816057,2019,2019-05-06T00:00:00.000Z,1942,2019-02-20T00:00:00.000Z,850,31931,2144,3,5,7,1942,0,0,0,,0,21A43,VICTORY BL,PONCE AV,0,,Y,B,-,N,,0,0,,,0,,,,Y,4,0,1,2,A,-,9,21802,B,N,D,C,A,A,H,-,A,A,0,,,,,Y,,A,1,0,0,1,0,0,0,0,0,0,- ,- ,0,0,900,2,LOS ANGELES,LOS ANGELES,CA,-118.6212022,34.18646622,"VICTORY BLVD & PONCE AVE, LOS ANGELES, CA",VICTORY BLVD,PONCE AVE,125708,
-118.4294361,34.27296829,29389,8816060,2019,2019-03-20T00:00:00.000Z,1942,2019-02-09T00:00:00.000Z,720,30452,1622,6,5,7,1942,0,0,0,P,0,16A11,SAN FERNANDO RD,PAXTON ST,450,N,N,B,-,N,,0,0,,,0,,,,Y,4,0,1,3,A,-,3,22350,,N,C,C,A,B,H,-,A,D,0,,,,,Y,,A,1,0,0,1,0,0,0,0,0,0,- ,- ,0,0,900,2,LOS ANGELES,LOS ANGELES,CA,-118.4294361,34.27296829,"SAN FERNANDO RD & PAXTON ST, LOS ANGELES, CA",SAN FERNANDO RD,PAXTON ST,151165,
-118.4921622,34.22128677,29390,8816063,2019,2019-03-20T00:00:00.000Z,1942,2019-02-08T00:00:00.000Z,743,43661,1009,5,5,7,1942,0,0,0,J,0,10A39,ROSCOE BL,HAYVENHURST AV,0,,Y,A,-,N,,0,0,,,0,,,,Y,3,0,4,2,A,-,9,21801,A,N,A,C,A,A,H,-,A,A,0,,,,,Y,,A,1,0,2,2,0,0,0,0,0,0,- ,- ,0,0,900,2,LOS ANGELES,LOS ANGELES,CA,-118.4921622,34.22128677,"ROSCOE BLVD & HAYVENHURST AVE, LOS ANGELES, CA",ROSCOE BLVD,HAYVENHURST AVE,105106,
-118.3566922,34.21066666,29391,8816099,2019,2019-03-18T00:00:00.000Z,1942,2019-02-17T00:00:00.000Z,725,40574,1698,7,5,7,1942,0,0,0,P,0,16A81,SAN FERNANDO RD,ARVILLA ST,110,N,N,A,-,N,,0,0,,,0,,,,Y,4,0,1,2,A,-,3,22350,,N,-,C,A,-,H,-,A,A,0,,,,,Y,,A,1,0,0,1,0,0,0,0,0,0,- ,- ,0,0,900,2,LOS ANGELES,LOS ANGELES,CA,-118.3566922,34.21066666,"SAN FERNANDO RD & ARVILLA AVE, LOS ANGELES, CA",SAN FERNANDO RD,ARVILLA AVE,104581,
-118.5966524,34.20828629,29392,8816131,2019,2019-03-19T00:00:00.000Z,1942,2019-02-19T00:00:00.000Z,810,37680,RD213,2,5,7,1942,0,0,0,,0,0LA,SATICOY ST,W DEERING AV,6,E,N,A,-,N,,0,0,,,0,,,,N,4,0,2,2,A,-,9,21802,A,N,D,C,A,A,-,-,A,A,0,,,,,Y,,A,1,0,0,2,0,0,0,0,0,0,- ,- ,0,0,900,2,LOS ANGELES,LOS ANGELES,CA,-118.5966524,34.20828629,"SATICOY ST & DEERING AVE, LOS ANGELES, CA",SATICOY ST,DEERING AVE,129610,
-118.2476157,33.95114899,29393,8793731,2019,2019-02-25T00:00:00.000Z,1942,2019-01-08T00:00:00.000Z,1110,43551,1826,2,5,7,1942,0,0,0,R,0,18A35,FIRTH BL,96TH ST,775,N,N,A,-,N,,0,0,,,0,,,,Y,3,0,2,4,A,-,21,22106,,N,D,C,A,A,H,-,A,D,0,,,,,Y,,A,1,0,1,1,0,0,0,0,0,0,- ,- ,0,0,1200,1,LOS ANGELES,LOS ANGELES,CA,-118.2476157,33.95114899,"FIRTH BLVD & 96TH ST, LOS ANGELES, CA",FIRTH BLVD,96TH ST,124185,
-118.2168521,34.06597519,29394,8797386,2019,2019-02-26T00:00:00.000Z,1942,2019-01-03T00:00:00.000Z,900,37540,421,4,5,7,1942,0,0,0,D,0,4A15,S AVENUE 21,NORTH MAIN ST,0,,Y,A,-,N,,0,0,,,0,,,,N,4,0,1,2,A,-,9,21802,A,N,D,C,A,A,H,-,A,A,0,,,Y,,Y,,D,22,0,0,1,0,0,0,0,0,1,- ,- ,0,0,1200,1,LOS ANGELES,LOS ANGELES,CA,-118.2168521,34.06597519,"AVE 21 & N MAIN ST, LOS ANGELES, CA",AVE 21,N MAIN ST,139384,
-118.6059815,34.20640564,29395,8816139,2019,2019-03-18T00:00:00.000Z,1942,2019-02-07T00:00:00.000Z,750,38351,2136,4,5,7,1942,0,0,0,,0,21A43,TOPANGA CANYON BL,COHASSET ST,25,S,N,A,-,N,,0,0,,,0,,,,Y,4,0,1,2,A,-,9,21802,A,N,D,C,A,A,H,-,A,D,0,,,,,Y,,A,1,0,0,1,0,0,0,0,0,0,- ,- ,0,0,900,2,LOS ANGELES,LOS ANGELES,CA,-118.6059815,34.20640564,"TOPANGA CANYON BLVD & COHASSET ST, LOS ANGELES, CA",TOPANGA CANYON BLVD,COHASSET ST,127058,
-118.5875421,34.21994782,29396,8816141,2019,2019-03-12T00:00:00.000Z,1942,2019-02-21T00:00:00.000Z,725,38326,2107,4,5,7,1942,0,0,0,,0,21A5,ROSCOE BL,DE SOTO AV,300,E,N,A,-,N,,0,0,,,0,,,,N,0,0,0,2,A,-,9,21801,A,N,D,C,A,A,H,-,A,A,0,,,,,Y,,A,1,0,0,0,0,0,0,0,0,0,- ,- ,0,0,900,2,LOS ANGELES,LOS ANGELES,CA,-118.5875421,34.21994781,"ROSCOE BLVD & DE SOTO AVE, LOS ANGELES, CA",ROSCOE BLVD,DE SOTO AVE,111951,
-118.5535522,34.2047348,29397,8816142,2019,2019-05-06T00:00:00.000Z,1942,2019-02-14T00:00:00.000Z,601,43365,1023,4,5,7,1942,0,0,0,J,0,10A3,TAMPA AV S,VALERIO ST,0,,N,C,-,N,,0,0,,,0,,,,Y,0,0,0,5,A,-,3,22350,,M,C,E,A,B,H,-,C,D,0,,,,,Y,,A,1,0,0,0,0,0,0,0,0,0,- ,- ,0,0,900,2,LOS ANGELES,LOS ANGELES,CA,-118.5535522,34.2047348,"TAMPA AVE & VALERIO ST, LOS ANGELES, CA",TAMPA AVE,VALERIO ST,133000,
-118.6234222,34.2009964,29398,8816147,2019,2019-03-18T00:00:00.000Z,1942,2019-02-09T00:00:00.000Z,720,38857,2133,6,5,7,1942,0,0,0,,0,21A1,SHERMAN WY,FALLBROOK AV,0,,Y,B,-,N,,0,0,,,0,,,,Y,4,0,1,2,A,-,9,21801,A,N,A,C,A,A,H,-,A,A,0,,,,,Y,,A,1,0,0,1,0,0,0,0,0,0,- ,- ,0,0,900,2,LOS ANGELES,LOS ANGELES,CA,-118.6234222,34.2009964,"SHERMAN WAY & FALLBROOK AVE, LOS ANGELES, CA",SHERMAN WAY,FALLBROOK AVE,119013,
-118.4327539,34.22312927,29399,8816148,2019,2019-03-20T00:00:00.000Z,1942,2019-02-20T00:00:00.000Z,715,40398,1987,3,5,7,1942,0,0,0,,0,19A75,WOODMAN AV,COMMUNITY ST,125,N,N,A,-,N,,0,0,,,0,,,,N,4,0,1,2,A,-,7,21658,A,N,B,C,A,A,H,-,A,D,0,,,Y,,Y,,C,2,0,0,1,0,0,0,0,0,0,- ,- ,0,0,900,2,LOS ANGELES,LOS ANGELES,CA,-118.4327539,34.22312927,"WOODMAN AVE & COMMUNITY ST, LOS ANGELES, CA",WOODMAN AVE,COMMUNITY ST,143151,
-118.4741739,34.31073761,29400,8816154,2019,2019-03-11T00:00:00.000Z,1942,2019-02-15T00:00:00.000Z,745,40574,1911,5,5,7,1942,0,0,0,,0,35M57,SAN FERNANDO RD,KADOTA ST,50,N,N,A,-,N,,0,0,,,0,,,,Y,0,0,0,2,A,-,7,21658,A,M,B,E,A,A,H,-,A,D,0,,,,,Y,,-,99,0,0,0,0,0,0,0,0,0,- ,- ,0,0,900,2,LOS ANGELES,LOS ANGELES,CA,-118.4741739,34.31073761,"SAN FERNANDO RD & KADOTA ST, LOS ANGELES, CA",SAN FERNANDO RD,KADOTA ST,101622,
-118.4198022,34.23610306,29401,8816156,2019,2019-03-20T00:00:00.000Z,1942,2019-02-23T00:00:00.000Z,745,40141,1979,6,5,7,1942,0,0,0,,0,19A79,ARLETA AV,BRANFORD ST,0,,Y,A,-,N,,0,0,,,0,,,,Y,3,0,2,3,A,-,12,21453,A,N,D,C,A,A,H,-,A,A,0,,,,,Y,Y,A,1,0,2,0,0,0,0,0,0,0,- ,- ,0,0,900,2,LOS ANGELES,LOS ANGELES,CA,-118.4198022,34.23610306,"ARLETA AVE & BRANFORD ST, LOS ANGELES, CA",ARLETA AVE,BRANFORD ST,119510,
-118.4763594,34.3071785,29402,8816180,2019,2019-03-20T00:00:00.000Z,1942,2019-02-20T00:00:00.000Z,725,30452,1911,3,5,7,1942,0,0,0,,0,19A1,ROXFORD ST,TELFAIR AV,25,E,N,A,-,N,,0,0,,,0,,,,N,0,0,0,2,A,-,4,21703,,N,C,C,A,A,H,-,A,D,0,,,,,Y,,A,1,0,0,0,0,0,0,0,0,0,- ,- ,0,0,900,2,LOS ANGELES,LOS ANGELES,CA,-118.4763594,34.3071785,"ROXFORD ST & TELFAIR AVE, LOS ANGELES, CA",ROXFORD ST,TELFAIR AVE,147349,
-118.3089922,33.9745636,29403,8816185,2019,2019-03-08T00:00:00.000Z,1942,2019-02-20T00:00:00.000Z,715,34370,1253,3,5,7,1942,0,0,0,L,0,25MQ11,FLORENCE AV,WESTERN AV,0,,Y,B,-,N,,0,0,,,0,,,,Y,0,0,0,2,B,-,22,0,,M,B,C,A,A,H,-,A,A,0,,,,,Y,,-,99,0,0,0,0,0,0,0,0,0,- ,- ,0,0,900,2,LOS ANGELES,LOS ANGELES,CA,-118.3089922,33.9745636,"FLORENCE AVE & WESTERN AVE, LOS ANGELES, CA",FLORENCE AVE,WESTERN AVE,127689,
-118.4270091,34.22865677,29404,8816196,2019,2019-03-20T00:00:00.000Z,1942,2019-02-12T00:00:00.000Z,800,40398,1988,2,5,7,1942,0,0,0,,0,19A79,MUSCATINE ST,NAGLE AV,390,W,N,A,-,N,,0,0,,,0,,,,N,0,0,0,2,A,-,8,22107,,M,B,E,A,A,H,-,A,D,0,,,,,Y,,-,99,0,0,0,0,0,0,0,0,0,- ,- ,0,0,900,2,LOS ANGELES,LOS ANGELES,CA,-118.4270091,34.22865677,"MUSCATINE ST & NAGLE AVE, LOS ANGELES, CA",MUSCATINE ST,NAGLE AVE,150906,
-118.2937522,33.99778366,29405,8816203,2019,2019-03-07T00:00:00.000Z,1942,2019-02-22T00:00:00.000Z,820,43198,1205,5,5,7,1942,0,0,0,L,0,12A69,KANSAS AV,50TH ST,0,,Y,A,-,N,,0,0,,,0,,,,N,0,0,0,3,A,-,3,22350,,M,A,C,A,A,H,-,C,D,0,,,,,Y,,-,99,0,0,0,0,0,0,0,0,0,- ,- ,0,0,900,2,LOS ANGELES,LOS ANGELES,CA,-118.2937522,33.99778366,"KANSAS AVE & 50TH ST, LOS ANGELES, CA",KANSAS AVE,50TH ST,99773,
-118.3350984,34.03252792,29406,8816209,2019,2019-03-08T00:00:00.000Z,1942,2019-02-15T00:00:00.000Z,610,33599,334,5,5,7,1942,0,0,0,,0,3A31,CRENSHAW BL,ADAMS BL,10,S,N,B,-,N,,0,0,,,0,,,,N,0,0,0,2,A,-,0,20015,A,M,B,C,A,A,H,-,B,D,0,,,,,Y,,-,99,0,0,0,0,0,0,0,0,0,- ,- ,0,0,900,2,LOS ANGELES,LOS ANGELES,CA,-118.3350984,34.03252792,"CRENSHAW BLVD & ADAMS BLVD, LOS ANGELES, CA",CRENSHAW BLVD,ADAMS BLVD,117487,
-118.2397221,34.04376602,29408,8816220,2019,2019-03-20T00:00:00.000Z,1942,2019-02-11T00:00:00.000Z,704,36238,158,1,5,7,1942,0,0,0,A,0,1A29,S CENTRAL AV,EAST 4TH ST,0,,Y,A,-,N,,0,0,,,0,,,,Y,4,0,2,2,A,-,12,21453,A,N,D,C,A,A,H,-,A,A,0,,,,,Y,,A,1,0,0,2,0,0,0,0,0,0,- ,- ,0,0,900,2,LOS ANGELES,LOS ANGELES,CA,-118.2397221,34.04376602,"CENTRAL AVE & 4TH ST, LOS ANGELES, CA",CENTRAL AVE,4TH ST,121123,
-118.2473525,33.93321991,29409,8816237,2019,2019-03-08T00:00:00.000Z,1942,2019-02-18T00:00:00.000Z,715,43631,1846,1,5,7,1942,0,0,0,R,0,18A3,EVERS AV,112TH ST,20,N,N,A,-,N,,0,0,,,0,,,,N,0,0,0,2,A,-,3,22350,,M,B,E,A,A,H,-,A,D,0,,,,,Y,,-,99,0,0,0,0,0,0,0,0,0,- ,- ,0,0,900,2,LOS ANGELES,LOS ANGELES,CA,-118.2473525,33.93321991,"EVERS AVE & 112TH ST, LOS ANGELES, CA",EVERS AVE,112TH ST,124243,
-118.3511321,34.0835762,29410,8816752,2019,2019-03-14T00:00:00.000Z,1942,2019-02-07T00:00:00.000Z,800,38282,702,4,5,7,1942,0,0,0,G,0,7A1,MELROSE AV,N MARTEL AV,0,,Y,A,-,N,,0,0,,,0,,,,Y,0,0,0,2,A,-,12,21453,A,M,D,C,A,A,H,-,A,A,0,,,,,Y,,A,1,0,0,0,0,0,0,0,0,0,- ,- ,0,0,900,2,LOS ANGELES,LOS ANGELES,CA,-118.3511321,34.0835762,"MELROSE AVE & MARTEL AVE, LOS ANGELES, CA",MELROSE AVE,MARTEL AVE,124981,
-118.3473043,34.04088211,29411,8816756,2019,2019-03-14T00:00:00.000Z,1942,2019-02-07T00:00:00.000Z,745,30455,784,4,5,7,1942,0,0,0,G,0,7A73,S LA BREA AV,WASHINGTON BL,200,N,N,A,-,N,,0,0,,,0,,,,N,0,0,0,2,A,-,9,21804,A,M,D,C,A,A,H,-,A,D,0,,,,,Y,,-,99,0,0,0,0,0,0,0,0,0,- ,- ,0,0,900,2,LOS ANGELES,LOS ANGELES,CA,-118.3473043,34.04088211,"LA BREA AVE & WASHINGTON BLVD, LOS ANGELES, CA",LA BREA AVE,WASHINGTON BLVD,103456,
-118.3351266,34.05660629,29412,8816760,2019,2019-03-14T00:00:00.000Z,1942,2019-02-06T00:00:00.000Z,800,30455,747,3,5,7,1942,0,0,0,G,0,7A47,S HUDSON AV,OLYMPIC BL,135,S,N,A,-,N,,0,0,,,0,,,,N,0,0,0,2,A,-,3,22350,,M,B,E,A,A,H,-,D,D,0,,,,,Y,,-,99,0,0,0,0,0,0,0,0,0,- ,- ,0,0,900,2,LOS ANGELES,LOS ANGELES,CA,-118.3351266,34.05660629,"HUDSON AVE & OLYMPIC BLVD, LOS ANGELES, CA",HUDSON AVE,OLYMPIC BLVD,106997,