X,Y,OBJECTID,case_id,accident_year,proc_date,juris,collision_date,collision_time,officer_id,reporting_district,day_of_week,chp_shift,population,cnty_city_loc,special_cond,beat_type,chp_beat_type,city_division_lapd,chp_beat_class,beat_number,primary_rd,secondary_rd,distance,direction,intersection,weather_1,weather_2,state_hwy_ind,caltrans_county,caltrans_district,state_route,route_suffix,postmile_prefix,postmile,location_type,ramp_intersection,side_of_hwy,tow_away,collision_severity,number_killed,number_injured,party_count,primary_coll_factor,pcf_code_of_viol,pcf_viol_category,pcf_violation,pcf_viol_subsection,hit_and_run,type_of_collision,mviw,ped_action,road_surface,road_cond_1,road_cond_2,lighting,control_device,chp_road_type,pedestrian_accident,bicycle_accident,motorcycle_accident,truck_accident,not_private_property,alcohol_involved,stwd_vehtype_at_fault,chp_vehtype_at_fault,count_severe_inj,count_visible_inj,count_complaint_pain,count_ped_killed,count_ped_injured,count_bicyclist_killed,count_bicyclist_injured,count_mc_killed,count_mc_injured,primary_ramp,secondary_ramp,latitude,longitude,timecat,month_,city,county,state,point_x,point_y,match_addr,m_primaryrd,m_secondrd,int_id,Flag
-118.5202722,34.16290665,29413,8817063,2019,2019-03-19T00:00:00.000Z,1942,2019-02-28T00:00:00.000Z,645,42460,1075,4,5,7,1942,0,0,0,J,0,10A99,VENTURA BL,ALONZO AV,0,,Y,C,-,N,,0,0,,,0,,,,Y,4,0,1,2,A,-,3,22350,,N,D,C,A,B,H,-,A,D,0,,,,Y,Y,,F,26,0,0,1,0,0,0,0,0,0,- ,- ,0,0,900,2,LOS ANGELES,LOS ANGELES,CA,-118.5202722,34.16290665,"VENTURA BLVD & ALONZO AVE, LOS ANGELES, CA",VENTURA BLVD,ALONZO AVE,140187,
-118.4749422,34.2084465,29414,8817067,2019,2019-03-15T00:00:00.000Z,1942,2019-02-27T00:00:00.000Z,750,38687,1018,3,5,7,1942,0,0,0,J,0,10A39,HASKELL AV,SATICOY ST,0,,Y,B,-,N,,0,0,,,0,,,,N,4,0,2,2,A,-,12,21453,A,N,D,C,A,A,H,-,A,A,0,,,,,Y,,A,1,0,0,2,0,0,0,0,0,0,- ,- ,0,0,900,2,LOS ANGELES,LOS ANGELES,CA,-118.4749422,34.2084465,"HASKELL AVE & SATICOY ST, LOS ANGELES, CA",HASKELL AVE,SATICOY ST,115477,
-118.5055322,34.2211647,29415,8817327,2019,2019-03-14T00:00:00.000Z,1942,2019-02-28T00:00:00.000Z,740,39058,1795,4,5,7,1942,0,0,0,Q,0,17A95,AMESTOY AV,ROSCOE BL,0,,Y,B,-,N,,0,0,,,0,,,,Y,4,0,3,2,A,-,12,21453,A,N,D,C,A,B,H,-,A,A,0,,,,,Y,,A,1,0,0,3,0,0,0,0,0,0,- ,- ,0,0,900,2,LOS ANGELES,LOS ANGELES,CA,-118.5055322,34.2211647,"AMESTOY AVE & ROSCOE BLVD, LOS ANGELES, CA",AMESTOY AVE,ROSCOE BLVD,119686,
-118.625271,34.20097733,29416,8817370,2019,2019-03-14T00:00:00.000Z,1942,2019-02-28T00:00:00.000Z,600,39085,2133,4,5,7,1942,0,0,0,,0,21A1,W SHERMAN WAY,FALLBROOK AV,560,W,N,B,-,N,,0,0,,,0,,,,N,0,0,0,4,A,-,8,22107,,M,C,E,A,B,H,-,B,D,0,,,,,Y,,-,99,0,0,0,0,0,0,0,0,0,- ,- ,0,0,900,2,LOS ANGELES,LOS ANGELES,CA,-118.625271,34.20097733,"SHERMAN WAY & FALLBROOK AVE, LOS ANGELES, CA",SHERMAN WAY,FALLBROOK AVE,119013,
-118.4574822,34.20974731,29417,8818103,2019,2019-04-02T00:00:00.000Z,1942,2019-02-15T00:00:00.000Z,830,39058,904,5,5,7,1942,0,0,0,I,0,9A5,KESTER AV,KESWICK ST,200,S,N,B,-,N,,0,0,,,0,,,,N,0,0,0,2,A,-,3,22350,,M,C,C,A,A,H,-,A,D,0,,,,,Y,,D,22,0,0,0,0,0,0,0,0,0,- ,- ,0,0,900,2,LOS ANGELES,LOS ANGELES,CA,-118.4574822,34.20974731,"KESTER AVE & KESWICK ST, LOS ANGELES, CA",KESTER AVE,KESWICK ST,147175,
-118.3874522,34.1686554,29418,8818181,2019,2019-03-21T00:00:00.000Z,1942,2019-02-04T00:00:00.000Z,740,34482,1546,1,5,7,1942,0,0,0,O,0,15A43,CHANDLER BL,COLFAX AV,100,E,N,C,-,N,,0,0,,,0,,,,N,0,0,0,2,A,-,3,22350,,M,D,E,A,B,H,-,A,D,0,,,,,Y,,-,99,0,0,0,0,0,0,0,0,0,- ,- ,0,0,900,2,LOS ANGELES,LOS ANGELES,CA,-118.3874522,34.1686554,"CHANDLER BLVD & COLFAX AVE, LOS ANGELES, CA",CHANDLER BLVD,COLFAX AVE,109202,
-118.4923722,34.1575737,29419,8818225,2019,2019-03-20T00:00:00.000Z,1942,2019-02-28T00:00:00.000Z,830,42460,1089,4,5,7,1942,0,0,0,J,0,10A99,VENTURA BL,HAYVENHURST AV,0,,Y,B,-,N,,0,0,,,0,,,,N,0,0,0,2,A,-,8,22107,,M,B,C,A,A,H,-,A,A,0,,,,,Y,,-,99,0,0,0,0,0,0,0,0,0,- ,- ,0,0,900,2,LOS ANGELES,LOS ANGELES,CA,-118.4923722,34.1575737,"VENTURA BLVD & HAYVENHURST AVE, LOS ANGELES, CA",VENTURA BLVD,HAYVENHURST AVE,108292,
-118.5535122,34.18102264,29420,8818329,2019,2019-03-22T00:00:00.000Z,1942,2019-02-09T00:00:00.000Z,821,42460,1041,6,5,7,1942,0,0,0,J,0,10A83,TAMPA AV,TOPHAM ST,5,S,N,C,-,N,,0,0,,,0,,,,N,0,0,0,2,A,-,7,21658,A,M,C,C,A,B,H,-,A,A,0,,,,,Y,,A,1,0,0,0,0,0,0,0,0,0,- ,- ,0,0,900,2,LOS ANGELES,LOS ANGELES,CA,-118.5535122,34.18102264,"TAMPA AVE & TOPHAM ST, LOS ANGELES, CA",TAMPA AVE,TOPHAM ST,125659,
-118.5026618,34.22092056,29421,8818333,2019,2019-05-01T00:00:00.000Z,1942,2019-02-13T00:00:00.000Z,620,33700,1007,3,5,7,1942,0,0,0,J,0,10A17,BALBOA BL,ROSCOE BL,100,S,N,B,-,N,,0,0,,,0,,,,N,0,0,0,5,A,-,7,21658,A,M,C,C,A,A,H,-,B,A,0,,,,,Y,,A,1,0,0,0,0,0,0,0,0,0,- ,- ,0,0,900,2,LOS ANGELES,LOS ANGELES,CA,-118.5026618,34.22092056,"BALBOA BLVD & ROSCOE BLVD, LOS ANGELES, CA",BALBOA BLVD,ROSCOE BLVD,115756,
-118.5164832,34.0447197,29422,8818334,2019,2019-03-25T00:00:00.000Z,1942,2019-02-28T00:00:00.000Z,840,27475,824,4,5,7,1942,0,0,0,H,0,7TL23,W SUNSET BL,BROOKTREE RD,550,W,N,C,-,N,,0,0,,,0,,,,N,0,0,0,2,A,-,3,22350,,M,C,C,A,B,H,-,A,D,0,,,,,Y,,A,1,0,0,0,0,0,0,0,0,0,- ,- ,0,0,900,2,LOS ANGELES,LOS ANGELES,CA,-118.5164832,34.0447197,"SUNSET BLVD & BROOKTREE RD, LOS ANGELES, CA",SUNSET BLVD,BROOKTREE RD,106175,
-118.4908249,34.20121384,29423,8818353,2019,2019-03-22T00:00:00.000Z,1942,2019-02-19T00:00:00.000Z,805,40634,1028,2,5,7,1942,0,0,0,J,0,10A17,SHERMAN WY,HAYVENHURST AV,490,E,N,A,-,N,,0,0,,,0,,,,N,0,0,0,2,A,-,7,21658,A,M,B,C,A,A,H,-,A,D,0,,,,,Y,,-,99,0,0,0,0,0,0,0,0,0,- ,- ,0,0,900,2,LOS ANGELES,LOS ANGELES,CA,-118.4908249,34.20121384,"SHERMAN WAY & HAYVENHURST AVE, LOS ANGELES, CA",SHERMAN WAY,HAYVENHURST AVE,101564,
-118.4657402,34.17209625,29424,8818365,2019,2019-03-22T00:00:00.000Z,1942,2019-02-27T00:00:00.000Z,725,33700,952,3,5,7,1942,0,0,0,I,0,9A41,BURBANK BL,SEPULVEDA BL,140,E,N,A,-,N,,0,0,,,0,,,,N,0,0,0,2,A,-,7,21658,A,M,B,C,A,A,H,-,A,A,0,,,,,Y,,-,99,0,0,0,0,0,0,0,0,0,- ,- ,0,0,900,2,LOS ANGELES,LOS ANGELES,CA,-118.4657402,34.17209625,"BURBANK BLVD & SEPULVEDA BLVD, LOS ANGELES, CA",BURBANK BLVD,SEPULVEDA BLVD,115300,
-118.4574722,34.2012558,29425,8818377,2019,2019-03-22T00:00:00.000Z,1942,2019-02-07T00:00:00.000Z,810,33700,914,4,5,7,1942,0,0,0,I,0,9A23,SHERMAN AV,KESTER AV,0,,Y,A,-,N,,0,0,,,0,,,,N,0,0,0,2,A,-,9,21801,A,M,B,C,A,A,H,-,A,A,0,,,,,Y,,A,1,0,0,0,0,0,0,0,0,0,- ,- ,0,0,900,2,LOS ANGELES,LOS ANGELES,CA,-118.4574722,34.2012558,"SHERMAN WAY & KESTER AVE, LOS ANGELES, CA",SHERMAN WAY,KESTER AVE,126127,
-118.444926,34.13109207,29427,8818412,2019,2019-03-25T00:00:00.000Z,1942,2019-02-12T00:00:00.000Z,635,38721,994,2,5,7,1942,0,0,0,I,0,9A89,BEVERLY GLEN BL,MULHOLLAND DR,985,N,N,A,-,N,,0,0,,,0,,,,N,0,0,0,2,A,-,5,21651,B,M,B,C,A,A,H,-,B,A,0,,,,,Y,,-,99,0,0,0,0,0,0,0,0,0,- ,- ,0,0,900,2,LOS ANGELES,LOS ANGELES,CA,-118.444926,34.13109207,"BEVERLY GLEN BLVD & MULHOLLAND DR, LOS ANGELES, CA",BEVERLY GLEN BLVD,MULHOLLAND DR,102043,
-118.4793022,34.20124435,29428,8818420,2019,2019-03-25T00:00:00.000Z,1942,2019-02-12T00:00:00.000Z,845,26260,1029,2,5,7,1942,0,0,0,J,0,10A39,SHERMAN WY,GLORIA AV,0,,Y,A,-,N,,0,0,,,0,,,,N,0,0,0,2,A,-,7,21658,A,M,B,C,A,A,H,-,A,D,0,,,,,Y,,-,99,0,0,0,0,0,0,0,0,0,- ,- ,0,0,900,2,LOS ANGELES,LOS ANGELES,CA,-118.4793022,34.20124435,"SHERMAN WAY & GLORIA AVE, LOS ANGELES, CA",SHERMAN WAY,GLORIA AVE,129649,
-118.3588426,34.00089645,29429,8819285,2019,2019-03-25T00:00:00.000Z,1942,2019-02-26T00:00:00.000Z,845,42293,391,2,5,7,1942,0,0,0,C,0,3A41,DON LORENZO DR,LA BREA AV,80,E,N,A,-,N,,0,0,,,0,,,,N,0,0,0,2,A,-,9,21806,A,N,B,C,A,A,H,-,A,D,0,,,,,Y,,A,7,0,0,0,0,0,0,0,0,0,- ,- ,0,0,900,2,LOS ANGELES,LOS ANGELES,CA,-118.3588426,34.00089645,"DON LORENZO DR & LA BREA AVE, LOS ANGELES, CA",DON LORENZO DR,LA BREA AVE,130294,
-118.2493186,33.92946625,29430,8819530,2019,2019-04-16T00:00:00.000Z,1942,2019-02-23T00:00:00.000Z,635,38594,1846,6,5,7,1942,0,0,0,R,0,18A35,IMPERIAL HWY,SUCCESS AV,5,W,N,A,-,N,,0,0,,,0,,,,Y,3,0,1,5,A,-,9,21801,,F,D,C,A,A,H,-,B,A,0,,,,,Y,,A,1,0,1,0,0,0,0,0,0,0,- ,- ,0,0,900,2,LOS ANGELES,LOS ANGELES,CA,-118.2493186,33.92946625,"IMPERIAL HWY & SUCCESS AVE, LOS ANGELES, CA",IMPERIAL HWY,SUCCESS AVE,117289,
-118.3739593,34.03759003,29431,8819572,2019,2019-03-11T00:00:00.000Z,1942,2019-02-19T00:00:00.000Z,830,27475,782,2,5,7,1942,0,0,0,G,0,,VENICE BL,CADILLAC AV,100,E,N,A,-,N,,0,0,,,0,,,,N,0,0,0,2,A,-,7,21658,A,M,B,C,A,A,H,-,A,D,0,,,,,Y,,-,99,0,0,0,0,0,0,0,0,0,- ,- ,0,0,900,2,LOS ANGELES,LOS ANGELES,CA,-118.3739593,34.03759003,"VENICE BLVD & CADILLAC AVE, LOS ANGELES, CA",VENICE BLVD,CADILLAC AVE,138453,
-118.3188821,34.02555466,29432,8820023,2019,2019-03-26T00:00:00.000Z,1942,2019-02-21T00:00:00.000Z,755,39397,354,4,5,7,1942,0,0,0,C,0,3A55,2ND AV,W JEFFERSON BL,0,,Y,A,-,N,,0,0,,,0,,,,N,4,0,1,5,A,-,9,21802,A,N,D,C,A,A,H,-,A,A,0,,,,,Y,,A,1,0,0,1,0,0,0,0,0,0,- ,- ,0,0,900,2,LOS ANGELES,LOS ANGELES,CA,-118.3188821,34.02555466,"2ND AVE & JEFFERSON BLVD, LOS ANGELES, CA",2ND AVE,JEFFERSON BLVD,117159,
-118.2608279,34.04313278,29433,8821010,2019,2019-03-21T00:00:00.000Z,1942,2019-02-12T00:00:00.000Z,710,40008,182,2,5,7,1942,0,0,0,A,0,1A61,W OLYMPIC BL,GRAND,80,W,N,A,-,N,,0,0,,,0,,,,Y,3,0,2,2,A,-,9,21804,A,N,D,C,A,A,H,-,A,A,0,,,,,Y,,A,7,0,1,1,0,0,0,0,0,0,- ,- ,0,0,900,2,LOS ANGELES,LOS ANGELES,CA,-118.2608279,34.04313278,"OLYMPIC BLVD & GRAND AVE, LOS ANGELES, CA",OLYMPIC BLVD,GRAND AVE,131593,
-118.2534321,34.06549454,29434,8821219,2019,2019-04-02T00:00:00.000Z,1942,2019-02-19T00:00:00.000Z,830,31152,238,2,5,7,1942,0,0,0,B,0,2A39,FIRMIN ST,TEMPLE ST,0,,Y,A,-,N,,0,0,,,0,,,,Y,4,0,1,3,A,-,9,21802,A,N,D,C,A,A,H,-,A,A,0,,,,,Y,,A,1,0,0,1,0,0,0,0,0,0,- ,- ,0,0,900,2,LOS ANGELES,LOS ANGELES,CA,-118.2534321,34.06549454,"FIRMIN ST & TEMPLE ST, LOS ANGELES, CA",FIRMIN ST,TEMPLE ST,111427,
-118.2799295,34.05387116,29435,8821239,2019,2019-04-04T00:00:00.000Z,1942,2019-02-10T00:00:00.000Z,600,43341,265,7,5,7,1942,0,0,0,,0,2A5,JAMES M WOOD BL,LAKE ST,6,W,N,A,-,N,,0,0,,,0,,,,Y,0,0,0,3,A,-,3,22350,,M,C,E,A,A,H,-,B,D,0,,,,,Y,,A,1,0,0,0,0,0,0,0,0,0,- ,- ,0,0,900,2,LOS ANGELES,LOS ANGELES,CA,-118.2799295,34.05387115,"JAMES M WOOD BLVD & LAKE ST, LOS ANGELES, CA",JAMES M WOOD BLVD,LAKE ST,149200,
-118.2923721,33.74057388,29436,8821446,2019,2019-03-22T00:00:00.000Z,1942,2019-02-28T00:00:00.000Z,805,36737,557,4,5,7,1942,0,0,0,E,0,5A59,GAFFEY ST,4TH ST,0,,Y,C,-,N,,0,0,,,0,,,,Y,4,0,1,2,A,-,9,21801,A,N,D,C,A,B,H,-,A,D,0,,,,,Y,,A,8,0,0,1,0,0,0,0,0,0,- ,- ,0,0,900,2,LOS ANGELES,LOS ANGELES,CA,-118.2923721,33.74057388,"GAFFEY ST & 4TH ST, LOS ANGELES, CA",GAFFEY ST,4TH ST,135871,
-118.4081422,34.28682327,29437,8821481,2019,2019-03-21T00:00:00.000Z,1942,2019-02-28T00:00:00.000Z,705,33700,1602,4,5,7,1942,0,0,0,P,0,16A11,PAXTON ST,FOOTHILL FWY,0,,Y,C,-,N,,0,0,,,0,,,,N,0,0,0,2,A,-,9,21802,A,M,D,C,A,B,H,-,A,A,0,,,,,Y,,A,1,0,0,0,0,0,0,0,0,0,- ,- ,0,0,900,2,LOS ANGELES,LOS ANGELES,CA,-118.4081422,34.28682327,"PAXTON ST & FOOTHILL BLVD, LOS ANGELES, CA",PAXTON ST,FOOTHILL BLVD,147629,
-118.3745221,34.23750305,29438,8821485,2019,2019-03-21T00:00:00.000Z,1942,2019-02-05T00:00:00.000Z,745,40398,1665,2,5,7,1942,0,0,0,P,0,16A77,GLENOAKS BL,PENDLETON ST,0,,Y,C,-,N,,0,0,,,0,,,,N,0,0,0,1,A,-,8,22107,,M,E,I,A,B,H,-,A,A,0,,,,,Y,,-,99,0,0,0,0,0,0,0,0,0,- ,- ,0,0,900,2,LOS ANGELES,LOS ANGELES,CA,-118.3745221,34.23750305,"GLENOAKS BLVD & PENDLETON ST, LOS ANGELES, CA",GLENOAKS BLVD,PENDLETON ST,112297,
-118.3675521,34.21809769,29439,8821509,2019,2019-03-21T00:00:00.000Z,1942,2019-02-11T00:00:00.000Z,850,33340,1687,1,5,7,1942,0,0,0,P,0,16A81,SAN FERNANDO RD,SUNLAND BL,580,S,N,A,-,N,,0,0,,,0,,,,N,0,0,0,2,A,-,8,22107,,M,D,C,A,A,H,-,A,D,0,,,,,Y,,A,1,0,0,0,0,0,0,0,0,0,- ,- ,0,0,900,2,LOS ANGELES,LOS ANGELES,CA,-118.3675521,34.21809769,"SAN FERNANDO RD & SUNLAND BLVD, LOS ANGELES, CA",SAN FERNANDO RD,SUNLAND BLVD,101151,
-118.4352922,34.26175308,29440,8821511,2019,2019-03-27T00:00:00.000Z,1942,2019-02-15T00:00:00.000Z,725,40574,1621,5,5,7,1942,0,0,0,P,0,35M57,LAUREL CANYON BL,FILMORE ST,0,,Y,A,-,N,,0,0,,,0,,,,Y,0,0,0,2,A,-,9,21453,B,M,-,C,A,A,H,-,A,A,0,,,,,Y,,-,,0,0,0,0,0,0,0,0,0,- ,- ,0,0,900,2,LOS ANGELES,LOS ANGELES,CA,-118.4352922,34.26175308,"LAUREL CANYON BLVD & FILMORE ST, LOS ANGELES, CA",LAUREL CANYON BLVD,FILMORE ST,133513,
-118.3667924,34.24249268,29441,8821513,2019,2019-03-21T00:00:00.000Z,1942,2019-02-07T00:00:00.000Z,800,40398,1665,4,5,7,1942,0,0,0,P,0,16A77,SUNLAND BL,CHIVERS AV,1000,N,N,A,-,N,,0,0,,,0,,,,N,0,0,0,2,A,-,17,23114,A,M,E,J,A,A,H,-,A,D,0,,,,,Y,,-,99,0,0,0,0,0,0,0,0,0,- ,- ,0,0,900,2,LOS ANGELES,LOS ANGELES,CA,-118.3667924,34.24249268,"SUNLAND BLVD & CHIVERS AVE, LOS ANGELES, CA",SUNLAND BLVD,CHIVERS AVE,129851,
-118.3985246,34.21209335,29442,8821515,2019,2019-03-27T00:00:00.000Z,1942,2019-02-22T00:00:00.000Z,720,40574,1693,5,5,7,1942,0,0,0,P,0,35M57,STAGG ST,BELLINGHAM AV,75,E,N,A,-,N,,0,0,,,0,,,,N,0,0,0,2,A,-,8,22107,,M,B,E,A,A,H,-,A,D,0,,,,,Y,,-,- ,0,0,0,0,0,0,0,0,0,- ,- ,0,0,900,2,LOS ANGELES,LOS ANGELES,CA,-118.3985246,34.21209335,"STAGG ST & BELLINGHAM AVE, LOS ANGELES, CA",STAGG ST,BELLINGHAM AVE,150230,
-118.2629031,34.06331635,29443,8821523,2019,2019-04-15T00:00:00.000Z,1942,2019-02-15T00:00:00.000Z,800,37540,237,5,5,7,1942,0,0,0,B,0,2A39,BEVERLY BL,BELMONT AV,70,E,N,B,-,N,,0,0,,,0,,,,N,4,0,1,2,A,-,3,22350,,N,C,C,A,A,H,-,A,D,0,,,,,Y,,-,- ,0,0,1,0,0,0,0,0,0,- ,- ,0,0,900,2,LOS ANGELES,LOS ANGELES,CA,-118.2629031,34.06331635,"BEVERLY BLVD & BELMONT AVE, LOS ANGELES, CA",BEVERLY BLVD,BELMONT AVE,142738,
-118.2769121,34.0446167,29444,8821530,2019,2019-03-22T00:00:00.000Z,1942,2019-02-16T00:00:00.000Z,700,40275,295,6,5,7,1942,0,0,0,B,0,2A91,S UNION AV,W PICO BL,0,,Y,A,-,N,,0,0,,,0,,,,Y,4,0,1,7,A,-,12,21453,A,N,D,C,A,A,H,-,A,A,0,,,,,Y,,A,8,0,0,1,0,0,0,0,0,0,- ,- ,0,0,900,2,LOS ANGELES,LOS ANGELES,CA,-118.2769121,34.0446167,"UNION AVE & PICO BLVD, LOS ANGELES, CA",UNION AVE,PICO BLVD,110588,
-118.1931821,34.02432632,29445,8821565,2019,2019-03-25T00:00:00.000Z,1942,2019-02-05T00:00:00.000Z,745,34332,479,2,5,7,1942,0,0,0,D,0,4A97,CALZONA ST,WHITTIER BL,0,,Y,C,-,N,,0,0,,,0,,,,N,4,0,2,2,A,-,9,21802,A,F,D,C,A,B,H,-,A,A,0,,,,,Y,,-,99,0,0,2,0,0,0,0,0,0,- ,- ,0,0,900,2,LOS ANGELES,LOS ANGELES,CA,-118.1931821,34.02432632,"CALZONA ST & WHITTIER BLVD, LOS ANGELES, CA",CALZONA ST,WHITTIER BLVD,138486,
-118.24848,34.05986023,29446,8821575,2019,2019-03-22T00:00:00.000Z,1942,2019-02-20T00:00:00.000Z,815,27295,122,3,5,7,1942,0,0,0,A,0,1A1,WEST TEMPLE AV,FIGUEROA ST,10,W,N,A,-,N,,0,0,,,0,,,,N,4,0,1,2,A,-,8,22107,,N,H,G,A,A,H,-,A,A,0,,Y,,,Y,,A,7,0,0,1,0,0,0,1,0,0,- ,- ,0,0,900,2,LOS ANGELES,LOS ANGELES,CA,-118.24848,34.05986023,"TEMPLE ST & FIGUEROA ST, LOS ANGELES, CA",TEMPLE ST,FIGUEROA ST,123179,
-118.2616621,34.0582962,29447,8821582,2019,2019-03-25T00:00:00.000Z,1942,2019-02-21T00:00:00.000Z,730,,249,4,5,7,1942,0,0,0,B,0,2A69,W 3RD ST,LUCAS AV,0,,Y,A,-,N,,0,0,,,0,,,,Y,4,0,2,2,A,-,9,21801,A,N,A,C,A,A,H,-,A,D,0,,,,,Y,,A,1,0,0,2,0,0,0,0,0,0,- ,- ,0,0,900,2,LOS ANGELES,LOS ANGELES,CA,-118.2616621,34.0582962,"3RD ST & LUCAS AVE, LOS ANGELES, CA",3RD ST,LUCAS AVE,128108,
-118.2768417,34.05034638,29448,8821590,2019,2019-03-25T00:00:00.000Z,1942,2019-02-28T00:00:00.000Z,730,37505,275,4,5,7,1942,0,0,0,B,0,2A75,OLYMPIC BL,BURLINGTON AV,96,W,N,A,-,N,,0,0,,,0,,,,Y,3,0,2,2,A,-,3,22350,,N,C,C,A,A,H,-,A,A,0,,,,,Y,Y,A,7,0,1,1,0,0,0,0,0,0,- ,- ,0,0,900,2,LOS ANGELES,LOS ANGELES,CA,-118.2768417,34.05034637,"OLYMPIC BLVD & BURLINGTON AVE, LOS ANGELES, CA",OLYMPIC BLVD,BURLINGTON AVE,142158,
-118.2497181,34.06662369,29449,8821598,2019,2019-03-25T00:00:00.000Z,1942,2019-02-25T00:00:00.000Z,745,38050,219,1,5,7,1942,0,0,0,B,0,2A39,W SUNSET BL,WHITE KNOLL DR,50,E,N,A,-,N,,0,0,,,0,,,,N,4,0,1,2,A,-,3,22350,,N,C,G,A,A,H,-,A,D,0,,Y,,,Y,,L,4,0,0,1,0,0,0,1,0,0,- ,- ,0,0,900,2,LOS ANGELES,LOS ANGELES,CA,-118.2497181,34.06662369,"SUNSET BLVD & WHITE KNOLL DR, LOS ANGELES, CA",SUNSET BLVD,WHITE KNOLL DR,135611,
-118.2167621,34.02690506,29450,8821634,2019,2019-03-21T00:00:00.000Z,1942,2019-02-13T00:00:00.000Z,755,37505,489,3,5,7,1942,0,0,0,D,0,4A97,E 8TH ST,S MOTT ST,0,,Y,A,-,N,,0,0,,,0,,,,N,0,0,0,2,A,-,9,21802,A,M,D,C,A,A,H,-,A,B,0,,,,,Y,,-,99,0,0,0,0,0,0,0,0,0,- ,- ,0,0,900,2,LOS ANGELES,LOS ANGELES,CA,-118.2167621,34.02690506,"8TH ST & MOTT ST, LOS ANGELES, CA",8TH ST,MOTT ST,106930,
-118.253985,34.05020905,29451,8821655,2019,2019-03-22T00:00:00.000Z,1942,2019-02-21T00:00:00.000Z,640,38982,152,4,5,7,1942,0,0,0,A,0,1A41,W 5TH ST,GRAND,20,N,N,B,-,N,,0,0,,,0,,,,N,0,0,0,1,A,-,8,22107,,M,E,I,A,A,H,-,A,D,0,,,,,Y,,-,99,0,0,0,0,0,0,0,0,0,- ,- ,0,0,900,2,LOS ANGELES,LOS ANGELES,CA,-118.253985,34.05020905,"5TH ST & GRAND AVE (DOWNTOWN), LOS ANGELES, CA",5TH ST,GRAND AVE (DOWNTOWN),142208,
-118.2786021,34.07025528,29452,8821666,2019,2019-05-01T00:00:00.000Z,1942,2019-02-07T00:00:00.000Z,830,43530,233,4,5,7,1942,0,0,0,,0,2A91,BEVERLY BL,LA FAYETTE PARK PL,0,,Y,A,-,N,,0,0,,,0,,,,Y,4,0,1,3,A,-,8,22107,,N,A,C,A,A,-,-,A,D,0,,,,,Y,Y,-,- ,0,0,1,0,0,0,0,0,0,- ,- ,0,0,900,2,LOS ANGELES,LOS ANGELES,CA,-118.2786021,34.07025528,"BEVERLY BLVD & LA FAYETTE PARK PL, LOS ANGELES, CA",BEVERLY BLVD,LA FAYETTE PARK PL,143012,
-118.2475721,34.0460434,29453,8821667,2019,2019-03-22T00:00:00.000Z,1942,2019-02-25T00:00:00.000Z,645,42932,155,1,5,7,1942,0,0,0,A,0,1A35,LOS ANGELES ST,5TH ST,0,,Y,A,-,N,,0,0,,,0,,,,Y,0,0,0,3,A,-,12,21453,A,N,D,C,A,A,H,-,A,A,0,,,,,Y,,A,1,0,0,0,0,0,0,0,0,0,- ,- ,0,0,900,2,LOS ANGELES,LOS ANGELES,CA,-118.2475721,34.0460434,"LOS ANGELES ST & 5TH ST, LOS ANGELES, CA",LOS ANGELES ST,5TH ST,99976,
-118.2905738,33.96002579,29454,8822816,2019,2019-03-27T00:00:00.000Z,1942,2019-02-28T00:00:00.000Z,800,39526,1265,4,5,7,1942,0,0,0,L,0,12A31,MANCHESTER AV,MENLO AV,40,W,N,A,-,N,,0,0,,,0,,,,N,4,0,3,2,A,-,9,21804,A,N,C,C,A,A,H,-,A,D,0,,,,,Y,,A,1,0,0,3,0,0,0,0,0,0,- ,- ,0,0,900,2,LOS ANGELES,LOS ANGELES,CA,-118.2905738,33.96002579,"MANCHESTER AVE & MENLO AVE, LOS ANGELES, CA",MANCHESTER AVE,MENLO AVE,138131,
-118.3133692,33.95269394,29455,8822824,2019,2019-03-28T00:00:00.000Z,1942,2019-02-28T00:00:00.000Z,815,41849,1283,4,5,7,1942,0,0,0,L,0,12A51,92ND ST,GRAMERCY PL,10,E,N,A,-,N,,0,0,,,0,,,,Y,4,0,3,3,A,-,3,22350,,N,C,C,A,A,H,-,A,-,0,,,,,Y,,A,7,0,0,3,0,0,0,0,0,0,- ,- ,0,0,900,2,LOS ANGELES,LOS ANGELES,CA,-118.3133692,33.95269394,"92ND ST & GRAMERCY PL, LOS ANGELES, CA",92ND ST,GRAMERCY PL,96038,
-118.2252421,34.03452301,29456,8823459,2019,2019-03-27T00:00:00.000Z,1942,2019-02-14T00:00:00.000Z,640,39428,471,4,5,7,1942,0,0,0,D,0,4A15,MYERS ST,7TH ST,3,N,N,C,-,N,,0,0,,,0,,,,N,4,0,1,2,A,-,10,21950,A,F,G,B,B,B,H,-,A,D,0,Y,,,,Y,,-,99,0,0,1,0,1,0,0,0,0,- ,- ,0,0,900,2,LOS ANGELES,LOS ANGELES,CA,-118.2252421,34.03452301,"MYERS ST & 7TH ST, LOS ANGELES, CA",MYERS ST,7TH ST,121180,
-118.2380977,34.04552841,29457,8823515,2019,2019-03-19T00:00:00.000Z,1942,2019-02-22T00:00:00.000Z,710,42876,139,5,5,7,1942,0,0,0,A,0,1A29,3RD ST,ALAMEDA ST,8,S,N,A,-,N,,0,0,,,0,,,,N,2,0,1,2,A,-,10,21950,A,N,G,-,B,A,H,-,A,D,0,Y,,,,Y,,A,1,1,0,0,0,1,0,0,0,0,- ,- ,0,0,900,2,LOS ANGELES,LOS ANGELES,CA,-118.2380977,34.04552841,"3RD ST & ALAMEDA ST, LOS ANGELES, CA",3RD ST,ALAMEDA ST,96463,