X,Y,OBJECTID,case_id,accident_year,proc_date,juris,collision_date,collision_time,officer_id,reporting_district,day_of_week,chp_shift,population,cnty_city_loc,special_cond,beat_type,chp_beat_type,city_division_lapd,chp_beat_class,beat_number,primary_rd,secondary_rd,distance,direction,intersection,weather_1,weather_2,state_hwy_ind,caltrans_county,caltrans_district,state_route,route_suffix,postmile_prefix,postmile,location_type,ramp_intersection,side_of_hwy,tow_away,collision_severity,number_killed,number_injured,party_count,primary_coll_factor,pcf_code_of_viol,pcf_viol_category,pcf_violation,pcf_viol_subsection,hit_and_run,type_of_collision,mviw,ped_action,road_surface,road_cond_1,road_cond_2,lighting,control_device,chp_road_type,pedestrian_accident,bicycle_accident,motorcycle_accident,truck_accident,not_private_property,alcohol_involved,stwd_vehtype_at_fault,chp_vehtype_at_fault,count_severe_inj,count_visible_inj,count_complaint_pain,count_ped_killed,count_ped_injured,count_bicyclist_killed,count_bicyclist_injured,count_mc_killed,count_mc_injured,primary_ramp,secondary_ramp,latitude,longitude,timecat,month_,city,county,state,point_x,point_y,match_addr,m_primaryrd,m_secondrd,int_id,Flag
-118.2645521,34.03471375,29458,8823519,2019,2019-03-19T00:00:00.000Z,1942,2019-02-19T00:00:00.000Z,730,38050,192,2,5,7,1942,0,0,0,A,0,1A61,S HILL ST,W VENICE BL,0,,Y,A,-,N,,0,0,,,0,,,,Y,3,0,1,2,A,-,12,21453,A,F,D,C,A,A,H,-,A,D,0,,,,,Y,,A,8,0,1,0,0,0,0,0,0,0,- ,- ,0,0,900,2,LOS ANGELES,LOS ANGELES,CA,-118.2645521,34.03471375,"HILL ST & VENICE BLVD, LOS ANGELES, CA",HILL ST,VENICE BLVD,131571,
-118.2652621,34.00542069,29459,8823532,2019,2019-03-19T00:00:00.000Z,1942,2019-02-23T00:00:00.000Z,835,31713,1353,6,5,7,1942,0,0,0,M,0,13A43,AVALON BL,43RD ST,100,S,N,A,-,N,,0,0,,,0,,,,N,4,0,1,2,A,-,3,22350,,N,C,C,A,A,H,-,A,D,0,,,,,Y,,A,7,0,0,1,0,0,0,0,0,0,- ,- ,0,0,900,2,LOS ANGELES,LOS ANGELES,CA,-118.2652621,34.00542068,"AVALON BLVD & 43RD ST, LOS ANGELES, CA",AVALON BLVD,43RD ST,106860,
-118.2320188,34.05664063,29460,8823538,2019,2019-03-19T00:00:00.000Z,1942,2019-02-08T00:00:00.000Z,630,41554,119,5,5,7,1942,0,0,0,A,0,31FB30,CESAR CHAVEZ,VIGNES,60,W,N,A,-,N,,0,0,,,0,,,,N,0,0,0,2,A,-,8,22107,,M,B,C,A,A,H,-,C,A,0,,,,,Y,,-,99,0,0,0,0,0,0,0,0,0,- ,- ,0,0,900,2,LOS ANGELES,LOS ANGELES,CA,-118.2320188,34.05664063,"CESAR E CHAVEZ AVE & VIGNES ST, LOS ANGELES, CA",CESAR E CHAVEZ AVE,VIGNES ST,110602,
-118.2441621,34.03204346,29461,8823540,2019,2019-03-19T00:00:00.000Z,1942,2019-02-06T00:00:00.000Z,750,32973,1303,3,5,7,1942,0,0,0,M,0,13A13,E OLYMPIC BL,S CENTRAL AV,0,,Y,A,-,N,,0,0,,,0,,,,N,3,0,1,2,A,-,9,21801,A,N,D,G,A,A,H,-,A,A,0,,Y,,,Y,,A,7,0,1,0,0,0,0,1,0,0,- ,- ,0,0,900,2,LOS ANGELES,LOS ANGELES,CA,-118.2441621,34.03204346,"OLYMPIC BLVD & CENTRAL AVE, LOS ANGELES, CA",OLYMPIC BLVD,CENTRAL AVE,121131,
-118.2420121,34.00390625,29462,8823541,2019,2019-03-19T00:00:00.000Z,1942,2019-02-22T00:00:00.000Z,840,37540,1367,5,5,7,1942,0,0,0,M,0,13A75,STAUNTON AV,E VERNON AV,0,,Y,A,-,N,,0,0,,,0,,,,N,0,0,0,2,A,-,12,22450,A,M,D,C,A,A,H,-,A,A,0,,,,,Y,,-,99,0,0,0,0,0,0,0,0,0,- ,- ,0,0,900,2,LOS ANGELES,LOS ANGELES,CA,-118.2420121,34.00390625,"STAUNTON AVE & VERNON AVE, LOS ANGELES, CA",STAUNTON AVE,VERNON AVE,106879,
-118.2397532,34.05465698,29463,8823546,2019,2019-03-19T00:00:00.000Z,1942,2019-02-06T00:00:00.000Z,735,41348,111,3,5,7,1942,0,0,0,A,0,1A35,LOS ANGELES ST,ALISO ST,50,S,N,A,-,N,,0,0,,,0,,,,N,0,0,0,2,A,-,4,21703,,N,C,C,A,A,H,-,A,A,0,,,,,Y,,A,1,0,0,0,0,0,0,0,0,0,- ,- ,0,0,900,2,LOS ANGELES,LOS ANGELES,CA,-118.2397532,34.05465698,"LOS ANGELES ST & ALISO ST, LOS ANGELES, CA",LOS ANGELES ST,ALISO ST,128132,
-118.2659012,34.0344162,29464,8823566,2019,2019-03-19T00:00:00.000Z,1942,2019-02-22T00:00:00.000Z,615,34332,192,5,5,7,1942,0,0,0,A,0,1A61,17TH ST,OLIVE ST,30,S,N,A,-,N,,0,0,,,0,,,,N,0,0,0,2,A,-,21,22106,,F,C,C,A,A,H,-,A,A,0,,,,,Y,,-,99,0,0,0,0,0,0,0,0,0,- ,- ,0,0,900,2,LOS ANGELES,LOS ANGELES,CA,-118.2659012,34.0344162,"17TH ST & OLIVE ST, LOS ANGELES, CA",17TH ST,OLIVE ST,124578,
-118.2200722,34.01735306,29465,8823576,2019,2019-03-19T00:00:00.000Z,1942,2019-02-07T00:00:00.000Z,620,47505,497,4,5,7,1942,0,0,0,D,0,4A97,S SOTO ST,EAST WASHINGTON BL,0,,Y,A,-,N,,0,0,,,0,,,,Y,4,0,1,2,D,-,0,0,,N,D,C,A,A,H,-,A,B,0,,,,,Y,,-,- ,0,0,1,0,0,0,0,0,0,- ,- ,0,0,900,2,LOS ANGELES,LOS ANGELES,CA,-118.2200722,34.01735306,"SOTO ST & WASHINGTON BLVD, LOS ANGELES, CA",SOTO ST,WASHINGTON BLVD,131484,
-118.5879215,34.24998093,29466,8823689,2019,2019-03-15T00:00:00.000Z,1942,2019-02-19T00:00:00.000Z,750,41514,1762,2,5,7,1942,0,0,0,Q,0,17A81,LASSEN ST,DE SOTO AV,200,E,N,A,-,N,,0,0,,,0,,,,N,0,0,0,2,A,-,8,22107,,M,B,E,A,A,H,-,A,D,0,,,,,Y,,-,99,0,0,0,0,0,0,0,0,0,- ,- ,0,0,900,2,LOS ANGELES,LOS ANGELES,CA,-118.5879215,34.24998093,"LASSEN ST & DE SOTO AVE, LOS ANGELES, CA",LASSEN ST,DE SOTO AVE,102233,
-118.2673221,33.96016312,29467,8824179,2019,2019-04-02T00:00:00.000Z,1942,2019-02-28T00:00:00.000Z,700,35046,1269,4,5,7,1942,0,0,0,L,0,125A45,MANCHESTER AV,TOWNE AV,0,,Y,A,-,N,,0,0,,,0,,,,N,4,0,1,2,A,-,9,21801,A,N,D,C,A,A,H,-,A,D,0,,,,,Y,,D,22,0,0,1,0,0,0,0,0,0,- ,- ,0,0,900,2,LOS ANGELES,LOS ANGELES,CA,-118.2673221,33.96016312,"MANCHESTER AVE & TOWNE AVE, LOS ANGELES, CA",MANCHESTER AVE,TOWNE AVE,138178,
-118.272915,33.9393158,29468,8824328,2019,2019-03-22T00:00:00.000Z,1942,2019-02-27T00:00:00.000Z,755,43611,1832,3,5,7,1942,0,0,0,R,0,18A34,107TH,MAIN ST,300,E,Y,A,-,N,,0,0,,,0,,,,N,0,0,0,2,A,-,6,21750,,M,B,C,A,A,H,-,A,D,0,,,,,Y,,-,99,0,0,0,0,0,0,0,0,0,- ,- ,0,0,900,2,LOS ANGELES,LOS ANGELES,CA,-118.272915,33.9393158,"107TH ST & MAIN ST, LOS ANGELES, CA",107TH ST,MAIN ST,103178,
-118.3046215,34.01083374,29469,8824331,2019,2019-03-21T00:00:00.000Z,1942,2019-02-21T00:00:00.000Z,810,43133,395,4,5,7,1942,0,0,0,C,0,3X95,KING BL,DENKER AV,15,W,N,A,-,N,,0,0,,,0,,,,N,4,0,1,2,A,-,8,22107,,N,H,G,A,A,H,-,A,D,0,,Y,,,Y,,-,- ,0,0,1,0,0,0,1,0,0,- ,- ,0,0,900,2,LOS ANGELES,LOS ANGELES,CA,-118.3046215,34.01083374,"MARTIN LUTHER KING JR BLVD & DENKER AVE, LOS ANGELES, CA",MARTIN LUTHER KING JR BLVD,DENKER AVE,106204,
-118.3247121,33.99500656,29470,8824347,2019,2019-03-21T00:00:00.000Z,1942,2019-02-27T00:00:00.000Z,750,39745,1211,3,5,7,1942,0,0,0,L,0,12A31,W 52ND ST,7TH AV,0,,Y,A,-,N,,0,0,,,0,,,,Y,3,0,2,2,A,-,9,21802,A,N,D,C,A,A,H,-,A,A,0,,,,,Y,,A,1,0,1,1,0,0,0,0,0,0,- ,- ,0,0,900,2,LOS ANGELES,LOS ANGELES,CA,-118.3247121,33.99500656,"52ND ST & 7TH AVE, LOS ANGELES, CA",52ND ST,7TH AVE,110308,
-118.3555321,33.98167419,29472,8824355,2019,2019-03-21T00:00:00.000Z,1942,2019-02-28T00:00:00.000Z,640,33599,1231,4,5,7,1942,0,0,0,L,0,12A31,64TH ST,OVERHILL DR,0,,N,B,-,N,,0,0,,,0,,,,N,3,0,1,1,A,-,3,22350,,N,H,I,A,B,H,-,A,D,0,,Y,,,Y,,L,4,0,1,0,0,0,0,1,0,0,- ,- ,0,0,900,2,LOS ANGELES,LOS ANGELES,CA,-118.3555321,33.98167419,"64TH ST & OVERHILL DR, LOS ANGELES, CA",64TH ST,OVERHILL DR,113556,
-118.2903328,34.06154251,29473,8824388,2019,2019-03-22T00:00:00.000Z,1942,2019-02-27T00:00:00.000Z,850,38240,2029,3,5,7,1942,0,0,0,,0,20A53,SHATTO PL,WILSHIRE BL,100,S,N,A,-,N,,0,0,,,0,,,,N,4,0,1,2,A,-,9,21804,A,F,D,C,A,A,H,-,A,D,0,,,,,Y,,-,99,0,0,1,0,0,0,0,0,0,- ,- ,0,0,900,2,LOS ANGELES,LOS ANGELES,CA,-118.2903328,34.06154251,"SHATTO PL & WILSHIRE BLVD, LOS ANGELES, CA",SHATTO PL,WILSHIRE BLVD,116407,
-118.3721629,34.02681732,29474,8824619,2019,2019-03-27T00:00:00.000Z,1942,2019-02-28T00:00:00.000Z,730,39397,311,4,5,7,1942,0,0,0,C,0,3A1,LA CIENEGA BL,JEFFERSON BL,100,N,N,C,-,N,,0,0,,,0,,,,N,0,0,0,2,A,-,7,21658,A,N,C,C,A,B,H,-,A,A,0,,,,,Y,,A,1,0,0,0,0,0,0,0,0,0,- ,- ,0,0,900,2,LOS ANGELES,LOS ANGELES,CA,-118.3721629,34.02681732,"LA CIENEGA BLVD & JEFFERSON BLVD, LOS ANGELES, CA",LA CIENEGA BLVD,JEFFERSON BLVD,148969,
-118.3090018,33.97277069,29475,8824629,2019,2019-03-26T00:00:00.000Z,1942,2019-02-27T00:00:00.000Z,810,35197,1253,3,5,7,1942,0,0,0,L,0,12A53,WESTERN AV,74TH ST,10,N,N,A,-,N,,0,0,,,0,,,,N,0,0,0,2,A,-,4,21703,,M,C,C,A,A,H,-,A,-,0,,,,,Y,,-,99,0,0,0,0,0,0,0,0,0,- ,- ,0,0,900,2,LOS ANGELES,LOS ANGELES,CA,-118.3090018,33.97277069,"WESTERN AVE & 74TH ST, LOS ANGELES, CA",WESTERN AVE,74TH ST,106590,
-118.3556327,34.02178955,29476,8824674,2019,2019-03-27T00:00:00.000Z,1942,2019-02-25T00:00:00.000Z,825,31674,361,1,5,7,1942,0,0,0,C,0,25MX1,LA BREA AV,RODEO AV,100,N,N,A,-,N,,0,0,,,0,,,,N,4,0,1,2,A,-,4,21703,,N,C,C,A,A,H,-,A,D,0,,,,,Y,,A,7,0,0,1,0,0,0,0,0,0,- ,- ,0,0,900,2,LOS ANGELES,LOS ANGELES,CA,-118.3556327,34.02178955,"LA BREA AVE & RODEO RD, LOS ANGELES, CA",LA BREA AVE,RODEO RD,137054,
-118.2959421,34.00905609,29477,8824677,2019,2019-03-27T00:00:00.000Z,1942,2019-02-26T00:00:00.000Z,730,43227,397,2,5,7,1942,0,0,0,C,0,3A55,BUDLONG AV,41ST ST,0,,Y,A,-,N,,0,0,,,0,,,,N,4,0,2,2,A,-,12,22450,A,N,D,C,A,A,H,-,A,D,0,,,,,Y,,A,7,0,0,2,0,0,0,0,0,0,- ,- ,0,0,900,2,LOS ANGELES,LOS ANGELES,CA,-118.2959421,34.00905609,"BUDLONG AVE & 41ST ST, LOS ANGELES, CA",BUDLONG AVE,41ST ST,106681,
-118.3762521,34.0267067,29478,8824681,2019,2019-04-17T00:00:00.000Z,1942,2019-02-28T00:00:00.000Z,805,42387,395,4,5,7,1942,0,0,0,,0,3X95,JEFFERSON BL,NATIONAL BL,0,,Y,A,-,N,,0,0,,,0,,,,N,3,0,1,2,A,-,12,21453,A,N,D,C,A,A,H,-,A,A,0,,,,,Y,,-,- ,0,1,0,0,0,0,0,0,0,- ,- ,0,0,900,2,LOS ANGELES,LOS ANGELES,CA,-118.3762521,34.0267067,"JEFFERSON BLVD & NATIONAL BLVD, LOS ANGELES, CA",JEFFERSON BLVD,NATIONAL BLVD,109417,
-118.3377463,34.10453415,29479,8824841,2019,2019-04-02T00:00:00.000Z,1942,2019-02-21T00:00:00.000Z,730,443069,999,4,5,7,1942,0,0,0,I,0,92T3,HIGHLAND AV,FRANKLIN AV,250,N,N,A,-,N,,0,0,,,0,,,,N,0,0,0,2,A,-,8,22107,,M,B,C,A,A,H,-,A,D,0,,,,,Y,,I,11,0,0,0,0,0,0,0,0,0,- ,- ,34.1059,118.3379,900,2,LOS ANGELES,LOS ANGELES,CA,-118.3377463,34.10453415,"HIGHLAND AVE & FRANKLIN AVE, LOS ANGELES, CA",HIGHLAND AVE,FRANKLIN AVE,100803,
-118.2559694,34.01682282,29480,8824861,2019,2019-04-02T00:00:00.000Z,1942,2019-02-10T00:00:00.000Z,720,39508,1325,7,5,7,1942,0,0,0,M,0,13A27,E 28TH ST,CENTRAL AV,65,W,N,B,-,N,,0,0,,,0,,,,N,0,0,0,2,A,-,9,21802,A,M,E,I,A,B,H,-,A,A,0,,,,,Y,,-,99,0,0,0,0,0,0,0,0,0,- ,- ,0,0,900,2,LOS ANGELES,LOS ANGELES,CA,-118.2559694,34.01682281,"28TH ST & CENTRAL AVE, LOS ANGELES, CA",28TH ST,CENTRAL AVE,134812,
-118.1887522,34.12015533,29481,8825148,2019,2019-04-18T00:00:00.000Z,1942,2019-02-26T00:00:00.000Z,730,39395,127,2,5,7,1942,0,0,0,L,0,11A25,MERIDIAN ST,ALDAMA ST,0,,Y,A,-,N,,0,0,,,0,,,,N,3,0,1,2,A,-,10,21950,A,N,G,B,B,A,H,-,A,A,0,Y,,,,Y,,D,22,0,1,0,0,1,0,0,0,0,- ,- ,0,0,900,2,LOS ANGELES,LOS ANGELES,CA,-118.1887522,34.12015533,"MERIDIAN ST & ALDAMA ST, LOS ANGELES, CA",MERIDIAN ST,ALDAMA ST,100182,
-118.2563421,34.03562546,29482,8825644,2019,2019-03-27T00:00:00.000Z,1942,2019-02-18T00:00:00.000Z,824,38357,185,1,5,7,1942,0,0,0,A,0,1A85,E 12TH ST,MAPLE AV,0,,Y,A,-,N,,0,0,,,0,,,,Y,4,0,3,2,A,-,12,21453,A,N,D,C,A,A,H,-,A,D,0,,,,,Y,,A,1,0,0,3,0,0,0,0,0,0,- ,- ,0,0,900,2,LOS ANGELES,LOS ANGELES,CA,-118.2563421,34.03562546,"12TH ST & MAPLE AVE, LOS ANGELES, CA",12TH ST,MAPLE AVE,149179,
-118.5693401,34.18553162,29483,8826794,2019,2019-04-24T00:00:00.000Z,1942,2019-02-27T00:00:00.000Z,715,39085,2158,3,5,7,1942,0,0,0,,0,21A97,VICTORY BL,WINNETKA AV,500,E,N,A,-,N,,0,0,,,0,,,,Y,3,0,2,2,A,-,9,21801,A,N,D,C,A,A,H,-,A,D,0,,,,,Y,,A,1,0,1,1,0,0,0,0,0,0,- ,- ,0,0,900,2,LOS ANGELES,LOS ANGELES,CA,-118.5693401,34.18553162,"VICTORY BLVD & WINNETKA AVE, LOS ANGELES, CA",VICTORY BLVD,WINNETKA AVE,111599,
-118.6188064,34.16741943,29484,8827083,2019,2019-04-02T00:00:00.000Z,1942,2019-02-27T00:00:00.000Z,755,39217,2175,3,5,7,1942,0,0,0,,0,21A73,SALE AV,VENTURA BL,0,,Y,A,-,N,,0,0,,,0,,,,Y,4,0,2,3,A,-,12,21453,A,N,D,C,A,A,H,-,A,A,0,,,,,Y,,A,7,0,0,2,0,0,0,0,0,0,- ,- ,0,0,900,2,LOS ANGELES,LOS ANGELES,CA,-118.6188064,34.16741943,"SALE AVE & VENTURA BLVD, LOS ANGELES, CA",SALE AVE,VENTURA BLVD,101106,
-118.3328087,34.03673554,29485,8827527,2019,2019-04-08T00:00:00.000Z,1942,2019-02-14T00:00:00.000Z,819,43021,788,4,5,7,1942,0,0,0,G,0,7A69,CRENSHAW,23RD ST,12,S,N,C,-,N,,0,0,,,0,,,,N,4,0,3,3,A,-,9,21802,A,N,C,C,A,B,H,-,A,D,0,,,,,Y,,A,1,0,0,3,0,0,0,0,0,0,- ,- ,0,0,900,2,LOS ANGELES,LOS ANGELES,CA,-118.3328087,34.03673553,"CRENSHAW BLVD & 23RD ST, LOS ANGELES, CA",CRENSHAW BLVD,23RD ST,138539,
-118.2721213,33.98243332,29486,8828940,2019,2019-04-26T00:00:00.000Z,1942,2019-02-05T00:00:00.000Z,600,43615,1383,2,5,7,1942,0,0,0,M,0,13A63,GAGE AV,WALL ST,100,W,N,A,-,N,,0,0,,,0,,,,N,0,0,0,2,A,-,3,22350,,M,B,E,A,B,H,-,A,D,0,,,,,Y,,-,99,0,0,0,0,0,0,0,0,0,- ,- ,0,0,900,2,LOS ANGELES,LOS ANGELES,CA,-118.2721213,33.98243332,"GAGE AVE & WALL ST, LOS ANGELES, CA",GAGE AVE,WALL ST,138118,
-118.4251426,33.96551895,29487,8829658,2019,2019-04-17T00:00:00.000Z,1942,2019-02-27T00:00:00.000Z,725,36664,1473,3,5,7,1942,0,0,0,N,0,14A73,LINCOLN BL,LOYOLA MARYMOUNT DR,75,N,N,A,-,N,,0,0,,,0,,,,N,0,0,0,2,A,-,3,22350,,N,C,C,A,A,H,-,A,A,0,,,,,Y,,A,1,0,0,0,0,0,0,0,0,0,- ,- ,0,0,900,2,LOS ANGELES,LOS ANGELES,CA,-118.4251426,33.96551895,"LINCOLN BLVD & LOYOLA MARYMOUNT UNIVERSITY DR, LOS ANGELES, CA",LINCOLN BLVD,LOYOLA MARYMOUNT UNIVERSITY DR,137532,
-118.2298845,34.03456497,29488,8829659,2019,2019-04-16T00:00:00.000Z,1942,2019-02-06T00:00:00.000Z,635,36238,1309,3,5,7,1942,0,0,0,M,0,13A9,7TH ST,SANTA FE AV,48,E,N,B,-,N,,0,0,,,0,,,,N,0,0,0,2,A,-,5,21460,A,M,B,C,A,A,H,-,A,D,0,,,,Y,Y,,-,,0,0,0,0,0,0,0,0,0,- ,- ,0,0,900,2,LOS ANGELES,LOS ANGELES,CA,-118.2298845,34.03456497,"7TH ST & SANTA FE AVE, LOS ANGELES, CA",7TH ST,SANTA FE AVE,96528,
-118.2219326,34.08347702,29489,8829667,2019,2019-04-16T00:00:00.000Z,1942,2019-02-12T00:00:00.000Z,735,34332,1177,2,5,7,1942,0,0,0,K,0,11A89,AVENUE 26,FIGUEROA ST,200,E,N,A,-,N,,0,0,,,0,,,,N,0,0,0,2,A,-,3,22350,,M,C,C,A,A,H,-,A,A,0,,,,,Y,,-,99,0,0,0,0,0,0,0,0,0,- ,- ,0,0,900,2,LOS ANGELES,LOS ANGELES,CA,-118.2219326,34.08347702,"AVE 26 & FIGUEROA ST, LOS ANGELES, CA",AVE 26,FIGUEROA ST,121948,
-118.2720621,34.03436661,29490,8829670,2019,2019-04-16T00:00:00.000Z,1942,2019-02-01T00:00:00.000Z,740,38502,1311,5,5,7,1942,0,0,0,M,0,13A13,WEST WASHINGTON BL,S FIGUEROA ST,0,,Y,A,-,N,,0,0,,,0,,,,N,4,0,2,4,A,-,9,21801,A,N,A,C,A,A,H,-,A,D,0,,,,,Y,,A,1,0,0,2,0,0,0,0,0,0,- ,- ,0,0,900,2,LOS ANGELES,LOS ANGELES,CA,-118.2720621,34.03436661,"WASHINGTON BLVD & FIGUEROA ST, LOS ANGELES, CA",WASHINGTON BLVD,FIGUEROA ST,124653,
-118.269811,34.08136749,29491,8829736,2019,2019-04-12T00:00:00.000Z,1942,2019-02-20T00:00:00.000Z,845,38050,1181,3,5,7,1942,0,0,0,K,0,11A71,N BENTON WY,ELSINORE ST,50,N,N,A,-,N,,0,0,,,0,,,,N,0,0,0,2,A,-,6,21750,A,N,B,E,A,A,H,-,A,D,0,,,,,Y,,A,1,0,0,0,0,0,0,0,0,0,- ,- ,0,0,900,2,LOS ANGELES,LOS ANGELES,CA,-118.269811,34.08136749,"BENTON WAY & ELSINORE ST, LOS ANGELES, CA",BENTON WAY,ELSINORE ST,132404,
-118.4470621,34.04679871,29492,8830133,2019,2019-04-05T00:00:00.000Z,1942,2019-02-01T00:00:00.000Z,820,30455,853,5,5,7,1942,0,0,0,,0,8A53,SANTA MONICA BL,BELIOT AV,60,E,N,A,-,N,,0,0,,,0,,,,N,0,0,0,2,A,-,7,21658,A,N,B,C,A,A,H,-,A,D,0,,,,,Y,,A,1,0,0,0,0,0,0,0,0,0,- ,- ,0,0,900,2,LOS ANGELES,LOS ANGELES,CA,-118.4470621,34.04679871,"SANTA MONICA BLVD & BELOIT AVE, LOS ANGELES, CA",SANTA MONICA BLVD,BELOIT AVE,128379,
-118.37715,34.05088425,29493,8830137,2019,2019-04-05T00:00:00.000Z,1942,2019-02-22T00:00:00.000Z,820,36664,859,5,5,7,1942,0,0,0,,0,8A59,CASHIO ST,LA CIENEGA BL,298,W,N,A,-,N,,0,0,,,0,,,,N,0,0,0,3,A,-,21,22106,,N,B,C,A,A,H,-,A,D,0,,,,Y,Y,,F,27,0,0,0,0,0,0,0,0,0,- ,- ,0,0,900,2,LOS ANGELES,LOS ANGELES,CA,-118.37715,34.05088425,"CASHIO ST & LA CIENEGA BLVD, LOS ANGELES, CA",CASHIO ST,LA CIENEGA BLVD,124495,
-118.5197434,34.02839279,29494,8830141,2019,2019-04-09T00:00:00.000Z,1942,2019-02-04T00:00:00.000Z,645,39655,872,1,5,7,1942,0,0,0,H,0,8A1,RT 1,CHAUTAUQUA BL,81,N,N,B,C,Y,,0,0,,,0,,,,Y,3,0,2,5,A,-,5,21651,B,N,D,C,A,B,H,-,B,A,0,,,,Y,Y,,F,26,0,1,1,0,0,0,0,0,0,- ,- ,0,0,900,2,LOS ANGELES,LOS ANGELES,CA,-118.5197434,34.02839279,"SR 1 & CHAUTAUQUA BLVD, LOS ANGELES, CA",SR 1,CHAUTAUQUA BLVD,119920,
-118.401848,34.28084946,29495,8830194,2019,2019-03-29T00:00:00.000Z,1942,2019-02-28T00:00:00.000Z,755,33700,1602,4,5,7,1942,0,0,0,P,0,16A11,VAN NUYS BL,FOOTHILL BL,2,E,N,C,-,N,,0,0,,,0,,,,Y,4,0,1,1,A,-,3,22350,,N,E,I,A,B,H,-,A,A,0,,,,,Y,,A,1,0,0,1,0,0,0,0,0,0,- ,- ,0,0,900,2,LOS ANGELES,LOS ANGELES,CA,-118.401848,34.28084946,"VAN NUYS BLVD & FOOTHILL BLVD, LOS ANGELES, CA",VAN NUYS BLVD,FOOTHILL BLVD,126567,
-118.2432821,34.03356552,29496,8830324,2019,2019-03-27T00:00:00.000Z,1942,2019-02-09T00:00:00.000Z,600,37540,1307,6,5,7,1942,0,0,0,M,0,13A9,E 8TH ST,S CENTRAL AVE,0,,Y,C,-,N,,0,0,,,0,,,,N,3,0,1,2,A,-,10,21950,A,N,G,C,B,B,H,-,A,A,0,Y,,,,Y,,A,7,0,1,0,0,1,0,0,0,0,- ,- ,0,0,900,2,LOS ANGELES,LOS ANGELES,CA,-118.2432821,34.03356552,"8TH ST & CENTRAL AVE, LOS ANGELES, CA",8TH ST,CENTRAL AVE,102237,
-118.2954322,34.06176376,29497,8830345,2019,2019-03-28T00:00:00.000Z,1942,2019-02-07T00:00:00.000Z,640,38282,2036,4,5,7,1942,0,0,0,,0,20A45,WILSHIRE BL,CATALINA AV,0,,Y,A,-,N,,0,0,,,0,,,,N,4,0,1,2,A,-,12,21453,A,F,D,C,A,A,H,-,A,A,0,,,,,Y,,-,99,0,0,1,0,0,0,0,0,0,- ,- ,0,0,900,2,LOS ANGELES,LOS ANGELES,CA,-118.2954322,34.06176376,"WILSHIRE BLVD & CATALINA ST, LOS ANGELES, CA",WILSHIRE BLVD,CATALINA ST,105951,
-118.2402908,34.09259033,29498,8830367,2019,2019-03-28T00:00:00.000Z,1942,2019-02-14T00:00:00.000Z,740,35435,1176,4,5,7,1942,0,0,0,K,0,11A95,RIVERSIDE DR,CABOT ST,50,W,N,B,C,N,,0,0,,,0,,,,Y,4,0,2,2,A,-,3,22350,,N,C,C,A,B,H,-,A,D,0,,,,,Y,,A,1,0,0,2,0,0,0,0,0,0,- ,- ,0,0,900,2,LOS ANGELES,LOS ANGELES,CA,-118.2402908,34.09259033,"RIVERSIDE DR & CABOT ST, LOS ANGELES, CA",RIVERSIDE DR,CABOT ST,128863,
-118.3535721,34.05738449,29499,8830386,2019,2019-04-19T00:00:00.000Z,1942,2019-02-14T00:00:00.000Z,600,42860,745,4,5,7,1942,0,0,0,G,0,7A69,OLYMPIC BL,HAUSER BL,0,,Y,C,-,N,,0,0,,,0,,,,N,4,0,1,2,A,-,3,22350,,F,C,C,A,-,H,-,A,A,0,,,,,Y,Y,-,99,0,0,1,0,0,0,0,0,0,- ,- ,0,0,900,2,LOS ANGELES,LOS ANGELES,CA,-118.3535721,34.05738449,"OLYMPIC BLVD & HAUSER BLVD, LOS ANGELES, CA",OLYMPIC BLVD,HAUSER BLVD,103411,
-118.2487307,34.03810883,29500,8830391,2019,2019-03-28T00:00:00.000Z,1942,2019-02-05T00:00:00.000Z,845,32973,1307,2,5,7,1942,0,0,0,M,0,13A9,E 8TH ST,SAN PEDRO ST,180,E,N,B,C,N,,0,0,,,0,,,,N,3,0,1,2,A,-,17,21200,,N,A,G,A,B,H,-,A,D,0,,Y,,,Y,Y,L,4,0,1,0,0,0,0,1,0,0,- ,- ,0,0,900,2,LOS ANGELES,LOS ANGELES,CA,-118.2487307,34.03810883,"8TH ST & SAN PEDRO ST, LOS ANGELES, CA",8TH ST,SAN PEDRO ST,142205,
-118.2389539,34.02990723,29501,8830425,2019,2019-03-27T00:00:00.000Z,1942,2019-02-09T00:00:00.000Z,705,38050,1307,6,5,7,1942,0,0,0,M,0,13A9,S ALAMEDA ST,8TH ST,50,S,N,C,-,N,,0,0,,,0,,,,Y,0,0,0,1,A,-,3,22350,,N,E,I,A,B,H,-,A,D,0,,,,,Y,,A,7,0,0,0,0,0,0,0,0,0,- ,- ,0,0,900,2,LOS ANGELES,LOS ANGELES,CA,-118.2389539,34.02990723,"ALAMEDA ST & 8TH ST, LOS ANGELES, CA",ALAMEDA ST,8TH ST,142230,