X,Y,OBJECTID,case_id,accident_year,proc_date,juris,collision_date,collision_time,officer_id,reporting_district,day_of_week,chp_shift,population,cnty_city_loc,special_cond,beat_type,chp_beat_type,city_division_lapd,chp_beat_class,beat_number,primary_rd,secondary_rd,distance,direction,intersection,weather_1,weather_2,state_hwy_ind,caltrans_county,caltrans_district,state_route,route_suffix,postmile_prefix,postmile,location_type,ramp_intersection,side_of_hwy,tow_away,collision_severity,number_killed,number_injured,party_count,primary_coll_factor,pcf_code_of_viol,pcf_viol_category,pcf_violation,pcf_viol_subsection,hit_and_run,type_of_collision,mviw,ped_action,road_surface,road_cond_1,road_cond_2,lighting,control_device,chp_road_type,pedestrian_accident,bicycle_accident,motorcycle_accident,truck_accident,not_private_property,alcohol_involved,stwd_vehtype_at_fault,chp_vehtype_at_fault,count_severe_inj,count_visible_inj,count_complaint_pain,count_ped_killed,count_ped_injured,count_bicyclist_killed,count_bicyclist_injured,count_mc_killed,count_mc_injured,primary_ramp,secondary_ramp,latitude,longitude,timecat,month_,city,county,state,point_x,point_y,match_addr,m_primaryrd,m_secondrd,int_id,Flag
-118.387544,34.05011749,29502,8830434,2019,2019-03-29T00:00:00.000Z,1942,2019-02-12T00:00:00.000Z,730,22177,858,2,5,7,1942,0,0,0,H,0,8A95,S CREST DR,PICKFORD ST,254,S,N,A,-,N,,0,0,,,0,,,,N,0,0,0,2,A,-,5,21650,,M,B,E,A,A,H,-,C,D,0,,,,,Y,,-,99,0,0,0,0,0,0,0,0,0,- ,- ,0,0,900,2,LOS ANGELES,LOS ANGELES,CA,-118.387544,34.05011749,"CREST DR & PICKFORD ST, LOS ANGELES, CA",CREST DR,PICKFORD ST,106917,
-118.2646455,34.07991409,29503,8830504,2019,2019-03-27T00:00:00.000Z,1942,2019-02-19T00:00:00.000Z,730,42932,1181,2,5,7,1942,0,0,0,K,0,11A71,RESERVOIR ST,MOHAWK ST,30,E,N,A,-,N,,0,0,,,0,,,,N,0,0,0,2,A,-,8,22107,,M,D,C,A,A,H,-,B,D,0,,,,,Y,,-,99,0,0,0,0,0,0,0,0,0,- ,- ,0,0,900,2,LOS ANGELES,LOS ANGELES,CA,-118.2646455,34.07991409,"RESERVOIR ST & MOHAWK ST, LOS ANGELES, CA",RESERVOIR ST,MOHAWK ST,104339,
-118.3020022,34.05588532,29504,8830520,2019,2019-03-27T00:00:00.000Z,1942,2019-02-06T00:00:00.000Z,745,41139,2044,3,5,7,1942,0,0,0,,0,20A33,ARDMORE AV,JAMES M WOOD BL,0,,Y,A,-,N,,0,0,,,0,,,,N,0,0,0,2,A,-,9,21802,A,M,D,C,A,A,H,-,A,A,0,,,,,Y,,-,99,0,0,0,0,0,0,0,0,0,- ,- ,0,0,900,2,LOS ANGELES,LOS ANGELES,CA,-118.3020022,34.05588531,"ARDMORE AVE & JAMES M WOOD BLVD, LOS ANGELES, CA",ARDMORE AVE,JAMES M WOOD BLVD,117498,
-118.2917097,34.07886887,29505,8831424,2019,2019-04-10T00:00:00.000Z,1942,2019-02-28T00:00:00.000Z,835,40193,221,4,5,7,1942,0,0,0,B,0,2A17,N VERMONT AV,ROSEWOOD AV,60,S,N,B,C,N,,0,0,,,0,,,,N,4,0,1,3,A,-,21,22106,,N,C,C,A,B,H,-,A,D,0,,,,,Y,,A,1,0,0,1,0,0,0,0,0,0,- ,- ,0,0,900,2,LOS ANGELES,LOS ANGELES,CA,-118.2917097,34.07886887,"VERMONT AVE & ROSEWOOD AVE, LOS ANGELES, CA",VERMONT AVE,ROSEWOOD AVE,98961,
-118.3078321,34.10809326,29506,8831697,2019,2019-04-15T00:00:00.000Z,1942,2019-02-26T00:00:00.000Z,810,38805,1153,2,5,7,1942,0,0,0,K,0,11A1,LOS FELIZ BL,FERN DELL DR,0,,Y,A,-,N,,0,0,,,0,,,,N,4,0,1,3,A,-,9,21801,A,N,A,C,A,A,-,-,A,A,0,,,,,Y,,A,8,0,0,1,0,0,0,0,0,0,- ,- ,0,0,900,2,LOS ANGELES,LOS ANGELES,CA,-118.3078321,34.10809326,"LOS FELIZ BLVD & FERN DELL DR, LOS ANGELES, CA",LOS FELIZ BLVD,FERN DELL DR,135865,
-118.2224322,34.0838356,29507,8831701,2019,2019-04-15T00:00:00.000Z,1942,2019-02-23T00:00:00.000Z,825,39917,1177,6,5,7,1942,0,0,0,K,0,11A95,FIGUEROA,W AVENUE 26,0,,Y,A,-,N,,0,0,,,0,,,,N,4,0,2,2,A,-,12,21455,,N,-,C,A,A,A,-,A,D,0,,,,,Y,,A,1,0,0,2,0,0,0,0,0,0,- ,- ,0,0,900,2,LOS ANGELES,LOS ANGELES,CA,-118.2224322,34.0838356,"FIGUEROA ST & AVE 26, LOS ANGELES, CA",FIGUEROA ST,AVE 26,121948,
-118.2827122,34.04723358,29508,8832587,2019,2019-04-12T00:00:00.000Z,1942,2019-02-14T00:00:00.000Z,615,40474,291,4,5,7,1942,0,0,0,B,0,2A45,ALVARADO ST,PICO BL,0,,Y,C,-,N,,0,0,,,0,,,,N,4,0,1,2,A,-,10,21950,A,N,G,B,B,B,H,-,B,A,0,Y,,,,Y,,D,22,0,0,1,0,1,0,0,0,0,- ,- ,0,0,900,2,LOS ANGELES,LOS ANGELES,CA,-118.2827122,34.04723358,"ALVARADO ST & PICO BLVD, LOS ANGELES, CA",ALVARADO ST,PICO BLVD,117554,
-118.2434844,34.04395294,29509,8833085,2019,2019-04-10T00:00:00.000Z,1942,2019-02-25T00:00:00.000Z,730,39733,147,1,5,7,1942,0,0,0,A,0,1A61,5TH ST,SAN PEDRO ST,160,E,N,A,-,N,,0,0,,,0,,,,N,4,0,1,2,A,-,11,21954,A,N,G,B,D,A,H,-,A,D,0,Y,,,,Y,,N,60,0,0,1,0,1,0,0,0,0,- ,- ,0,0,900,2,LOS ANGELES,LOS ANGELES,CA,-118.2434844,34.04395294,"5TH ST & SAN PEDRO ST, LOS ANGELES, CA",5TH ST,SAN PEDRO ST,135007,
-118.2073706,34.03064346,29510,8833769,2019,2019-04-10T00:00:00.000Z,1942,2019-02-26T00:00:00.000Z,730,42932,478,2,5,7,1942,0,0,0,D,0,4A97,EUCLID AV,WHITTIER BL,8,N,N,A,-,N,,0,0,,,0,,,,N,3,0,1,2,A,-,10,21950,A,N,G,B,B,A,H,-,A,A,0,Y,,,,Y,,A,1,0,1,0,0,1,0,0,0,0,- ,- ,0,0,900,2,LOS ANGELES,LOS ANGELES,CA,-118.2073706,34.03064346,"EUCLID AVE & WHITTIER BLVD, LOS ANGELES, CA",EUCLID AVE,WHITTIER BLVD,110565,
-118.2767246,34.06944656,29511,8833842,2019,2019-04-09T00:00:00.000Z,1942,2019-02-14T00:00:00.000Z,845,43534,233,4,5,7,1942,0,0,0,B,0,2A47,BEVERLY BL,RAMAPRT BL,30,E,N,C,-,N,,0,0,,,0,,,,N,0,0,0,2,A,-,12,21453,,M,B,C,A,B,H,-,A,A,0,,,,,Y,,-,- ,0,0,0,0,0,0,0,0,0,- ,- ,0,0,900,2,LOS ANGELES,LOS ANGELES,CA,-118.2767246,34.06944656,"BEVERLY BLVD & RAMPART BLVD, LOS ANGELES, CA",BEVERLY BLVD,RAMPART BLVD,97316,
-118.3659221,34.08373642,29512,8834277,2019,2019-04-12T00:00:00.000Z,1942,2019-02-12T00:00:00.000Z,840,31573,701,2,5,7,1942,0,0,0,G,0,7A1,CRESCENT HEIGHTS BL,MELROSE AV,0,,Y,A,-,N,,0,0,,,0,,,,Y,4,0,2,3,A,-,12,21453,A,N,-,C,A,-,H,-,A,A,0,,,,,Y,,A,1,0,0,2,0,0,0,0,0,0,- ,- ,0,0,900,2,LOS ANGELES,LOS ANGELES,CA,-118.3659221,34.08373642,"CRESCENT HEIGHTS BLVD & MELROSE AVE, LOS ANGELES, CA",CRESCENT HEIGHTS BLVD,MELROSE AVE,146062,
-118.3514721,34.06489563,29513,8834285,2019,2019-04-12T00:00:00.000Z,1942,2019-02-16T00:00:00.000Z,820,37061,734,6,5,7,1942,0,0,0,G,0,7A33,6TH ST,HAUSER BL,0,,Y,A,-,N,,0,0,,,0,,,,Y,4,0,1,2,A,-,9,21801,A,N,D,C,A,A,H,-,A,D,0,,,,,Y,,A,1,0,0,1,0,0,0,0,0,0,- ,- ,0,0,900,2,LOS ANGELES,LOS ANGELES,CA,-118.3514721,34.06489563,"6TH ST & HAUSER BLVD, LOS ANGELES, CA",6TH ST,HAUSER BLVD,132029,
-118.2917647,34.09567642,29514,8834893,2019,2019-04-26T00:00:00.000Z,1942,2019-02-26T00:00:00.000Z,700,42667,11S1,2,5,7,1942,0,0,0,K,0,6L90,VERMONT AV,FOUNTAIN AV,45,N,N,A,-,N,,0,0,,,0,,,,N,0,0,0,2,A,-,0,20015,A,M,C,E,A,A,H,-,A,D,0,,,,,Y,,-,99,0,0,0,0,0,0,0,0,0,- ,- ,0,0,900,2,LOS ANGELES,LOS ANGELES,CA,-118.2917647,34.09567642,"VERMONT AVE & FOUNTAIN AVE, LOS ANGELES, CA",VERMONT AVE,FOUNTAIN AVE,121712,
-118.2751222,34.0477066,29515,8834914,2019,2019-04-30T00:00:00.000Z,1942,2019-02-19T00:00:00.000Z,605,43553,279,2,5,7,1942,0,0,0,,0,2A75,UNION AV,11TH ST,0,,Y,A,-,N,,0,0,,,0,,,,N,4,0,1,2,A,-,12,21453,A,N,D,C,A,A,H,-,A,A,0,,,,,Y,,-,- ,0,0,1,0,0,0,0,0,0,- ,- ,0,0,900,2,LOS ANGELES,LOS ANGELES,CA,-118.2751222,34.0477066,"UNION AVE & 11TH ST, LOS ANGELES, CA",UNION AVE,11TH ST,121149,
-118.2992722,34.08122635,29516,8834917,2019,2019-04-26T00:00:00.000Z,1942,2019-02-22T00:00:00.000Z,810,42696,211,5,5,7,1942,0,0,0,B,0,2A45,CLINTON ST,N MARIPOSA AV,0,,N,A,-,N,,0,0,,,0,,,,N,0,0,0,2,A,-,8,22107,,M,B,C,A,A,H,-,A,D,0,,,,,Y,,-,- ,0,0,0,0,0,0,0,0,0,- ,- ,0,0,900,2,LOS ANGELES,LOS ANGELES,CA,-118.2992722,34.08122635,"CLINTON ST & MARIPOSA AVE, LOS ANGELES, CA",CLINTON ST,MARIPOSA AVE,149835,
-118.4176022,34.03243637,29517,8835203,2019,2019-04-10T00:00:00.000Z,1942,2019-02-24T00:00:00.000Z,857,38721,885,7,5,7,1942,0,0,0,H,0,8A95,OVERLAND BL,NATIONAL BL,0,,Y,A,-,N,,0,0,,,0,,,,N,4,0,1,2,A,-,17,21461,A,N,D,C,A,A,H,-,A,A,0,,,,,Y,,A,7,0,0,1,0,0,0,0,0,0,- ,- ,0,0,900,2,LOS ANGELES,LOS ANGELES,CA,-118.4176022,34.03243637,"OVERLAND AVE & NATIONAL BLVD, LOS ANGELES, CA",OVERLAND AVE,NATIONAL BLVD,118360,
-118.3157361,34.08083344,29518,8835295,2019,2019-04-16T00:00:00.000Z,1942,2019-02-24T00:00:00.000Z,815,68688,2001,7,5,7,1942,0,0,0,,0,20A1,VAN NESS AV,CLINTON ST,300,S,N,A,-,N,,0,0,,,0,,,,N,0,0,0,2,A,-,21,22106,,N,H,C,A,A,D,-,A,D,0,,,,Y,Y,,F,26,0,0,0,0,0,0,0,0,0,- ,- ,0,0,900,2,LOS ANGELES,LOS ANGELES,CA,-118.3157361,34.08083344,"VAN NESS AVE & CLINTON ST, LOS ANGELES, CA",VAN NESS AVE,CLINTON ST,100583,
-118.5542817,34.0682869,29519,8835348,2019,2019-04-16T00:00:00.000Z,1942,2019-02-12T00:00:00.000Z,800,38282,801,2,5,7,1942,0,0,0,H,0,8A1,CUMBRE ALTA CT,MONTE HERMOSO DR,700,W,N,A,-,N,,0,0,,,0,,,,N,0,0,0,2,A,-,21,22106,,N,B,E,A,A,H,-,A,D,0,,,,Y,Y,,F,21,0,0,0,0,0,0,0,0,0,- ,- ,0,0,900,2,LOS ANGELES,LOS ANGELES,CA,-118.5542817,34.0682869,"CUMBRE ALTA CT & MONTE HERMOSO DR, LOS ANGELES, CA",CUMBRE ALTA CT,MONTE HERMOSO DR,105758,
-118.1973476,34.07861328,29520,8835362,2019,2019-04-09T00:00:00.000Z,1942,2019-02-18T00:00:00.000Z,700,42932,417,1,5,7,1942,0,0,0,D,0,4A15,COMMODORE ST,FOREST PARK DR,40,S,N,A,-,N,,0,0,,,0,,,,N,0,0,0,2,A,-,3,22350,,M,B,E,A,A,E,-,A,D,0,,,,,Y,,-,99,0,0,0,0,0,0,0,0,0,- ,- ,0,0,900,2,LOS ANGELES,LOS ANGELES,CA,-118.1973476,34.07861328,"COMMODORE ST & FOREST PARK DR, LOS ANGELES, CA",COMMODORE ST,FOREST PARK DR,146355,
-118.3173146,34.06576157,29521,8836007,2019,2019-04-09T00:00:00.000Z,1942,2019-02-20T00:00:00.000Z,830,42570,2021,3,5,7,1942,0,0,0,,0,6A49,S NORTON AV,5TH ST,159,N,N,A,B,N,,0,0,,,0,,,,Y,4,0,1,3,A,-,9,21804,A,N,D,C,A,A,H,-,A,D,0,,,,,Y,,A,1,0,0,1,0,0,0,0,0,0,- ,- ,0,0,900,2,LOS ANGELES,LOS ANGELES,CA,-118.3173146,34.06576157,"NORTON AVE & 5TH ST, LOS ANGELES, CA",NORTON AVE,5TH ST,100682,
-118.4722723,34.08035278,29522,8836010,2019,2019-04-09T00:00:00.000Z,1942,2019-02-13T00:00:00.000Z,709,38721,805,3,5,7,1942,0,0,0,H,0,8A29,SEPULVEDA BL,MORAGA DR,1250,N,N,B,-,N,,0,0,,,0,,,,N,0,0,0,1,A,-,3,22350,,N,E,I,A,A,H,-,A,A,0,,,,,Y,,A,7,0,0,0,0,0,0,0,0,0,- ,- ,0,0,900,2,LOS ANGELES,LOS ANGELES,CA,-118.4722723,34.08035278,"SEPULVEDA BLVD & MORAGA DR, LOS ANGELES, CA",SEPULVEDA BLVD,MORAGA DR,102194,
-118.2987414,34.0596695,29523,8836011,2019,2019-04-09T00:00:00.000Z,1942,2019-02-20T00:00:00.000Z,754,41671,2035,3,5,7,1942,0,0,0,,0,20A45,MARIPOSA AV,7TH ST,28,S,N,B,-,N,,0,0,,,0,,,,N,0,0,0,2,A,-,1,23152,A,N,B,E,A,A,H,-,A,D,0,,,,,Y,Y,A,1,0,0,0,0,0,0,0,0,0,- ,- ,0,0,900,2,LOS ANGELES,LOS ANGELES,CA,-118.2987414,34.05966949,"MARIPOSA AVE & 7TH ST, LOS ANGELES, CA",MARIPOSA AVE,7TH ST,131545,
-118.4446173,34.05962753,29524,8836019,2019,2019-04-09T00:00:00.000Z,1942,2019-02-15T00:00:00.000Z,835,27475,817,5,5,7,1942,0,0,0,H,0,8TL35,LINDBROOK DR,WESTWOOD BL,24,E,N,B,-,N,,0,0,,,0,,,,N,0,0,0,1,C,-,18,0,,N,H,J,A,A,A,-,A,D,0,,,,,Y,,-,- ,0,0,0,0,0,0,0,0,0,- ,- ,0,0,900,2,LOS ANGELES,LOS ANGELES,CA,-118.4446173,34.05962753,"LINDBROOK DR & WESTWOOD BLVD, LOS ANGELES, CA",LINDBROOK DR,WESTWOOD BLVD,114726,
-118.3370733,34.06891632,29525,8836106,2019,2019-04-11T00:00:00.000Z,1942,2019-02-22T00:00:00.000Z,750,34959,727,5,5,7,1942,0,0,0,G,0,7A17,3RD ST,MCCADDEN PL,30,E,N,A,-,N,,0,0,,,0,,,,N,4,0,1,2,A,-,4,21703,,N,C,C,A,A,H,-,A,D,0,,,,,Y,,-,99,0,0,1,0,0,0,0,0,0,- ,- ,0,0,900,2,LOS ANGELES,LOS ANGELES,CA,-118.3370733,34.06891632,"3RD ST & MCCADDEN PL, LOS ANGELES, CA",3RD ST,MCCADDEN PL,125313,
-118.4651122,34.07179642,29526,8836109,2019,2019-04-12T00:00:00.000Z,1942,2019-02-05T00:00:00.000Z,840,37881,815,2,5,7,1942,0,0,0,H,0,8A29,SEPULVEDA BL,BRONWOOD AV,0,,Y,B,C,N,,0,0,,,0,,,,Y,4,0,3,4,A,-,3,22350,,N,C,C,A,B,H,-,A,D,0,,,,,Y,,A,1,0,0,3,0,0,0,0,0,0,- ,- ,0,0,900,2,LOS ANGELES,LOS ANGELES,CA,-118.4651122,34.07179642,"SEPULVEDA BLVD & BRONWOOD AVE, LOS ANGELES, CA",SEPULVEDA BLVD,BRONWOOD AVE,107334,
-118.2916621,34.06333923,29527,8836111,2019,2019-04-11T00:00:00.000Z,1942,2019-02-26T00:00:00.000Z,750,27475,2029,2,5,7,1942,0,0,0,,0,,VERMONT AV,6TH ST,100,S,N,A,-,N,,0,0,,,0,,,,N,4,0,2,2,A,-,3,22350,,N,C,C,A,A,H,-,A,D,0,,,,,Y,Y,A,1,0,0,2,0,0,0,0,0,0,- ,- ,0,0,900,2,LOS ANGELES,LOS ANGELES,CA,-118.2916621,34.06333923,"VERMONT AVE & 6TH ST, LOS ANGELES, CA",VERMONT AVE,6TH ST,104248,
-118.2954321,34.061409,29528,8836115,2019,2019-04-11T00:00:00.000Z,1942,2019-02-26T00:00:00.000Z,756,41671,2036,2,5,7,1942,0,0,0,,0,20A45,CATALINA ST,WILSHIRE BL,130,S,N,A,-,N,,0,0,,,0,,,,N,4,0,2,2,A,-,3,22350,,N,C,C,A,A,H,-,A,D,0,,,,,Y,,A,7,0,0,2,0,0,0,0,0,0,- ,- ,0,0,900,2,LOS ANGELES,LOS ANGELES,CA,-118.2954321,34.061409,"CATALINA ST & WILSHIRE BLVD, LOS ANGELES, CA",CATALINA ST,WILSHIRE BLVD,105951,
-118.3863721,34.05525589,29529,8836117,2019,2019-04-15T00:00:00.000Z,1942,2019-02-14T00:00:00.000Z,730,43637,895,4,5,7,1942,0,0,0,H,0,8A95,PICO BL,LIVONIA AV,0,,Y,C,-,N,,0,0,,,0,,,,N,4,0,1,2,A,-,7,21658,,N,B,C,A,B,H,-,B,A,0,,,,,Y,,A,1,0,0,1,0,0,0,0,0,0,- ,- ,0,0,900,2,LOS ANGELES,LOS ANGELES,CA,-118.3863721,34.05525589,"PICO BLVD & LIVONIA AVE, LOS ANGELES, CA",PICO BLVD,LIVONIA AVE,113961,
-118.3474421,34.07614517,29530,8836145,2019,2019-04-15T00:00:00.000Z,1942,2019-02-08T00:00:00.000Z,645,38282,726,5,5,7,1942,0,0,0,G,0,7A17,BEVERLY BL,ALTA VISTA BL,0,,Y,A,-,N,,0,0,,,0,,,,Y,4,0,1,2,A,-,9,21801,A,N,D,C,A,A,H,-,A,A,0,,,,,Y,,A,8,0,0,1,0,0,0,0,0,0,- ,- ,0,0,900,2,LOS ANGELES,LOS ANGELES,CA,-118.3474421,34.07614517,"BEVERLY BLVD & ALTA VISTA BLVD, LOS ANGELES, CA",BEVERLY BLVD,ALTA VISTA BLVD,142612,
-118.3090521,34.04935837,29531,8836154,2019,2019-04-10T00:00:00.000Z,1942,2019-02-20T00:00:00.000Z,650,40209,2063,3,5,7,1942,0,0,0,,0,20A53,WESTERN AV,COUNTRY CLUB DR,14,S,N,A,-,N,,0,0,,,0,,,,N,3,0,2,2,A,-,5,21650,,N,-,C,A,A,D,-,A,D,0,,,Y,,Y,,C,2,0,1,1,0,0,0,0,0,1,- ,- ,0,0,900,2,LOS ANGELES,LOS ANGELES,CA,-118.3090521,34.04935837,"WESTERN AVE & COUNTRY CLUB DR, LOS ANGELES, CA",WESTERN AVE,COUNTRY CLUB DR,142117,
-118.3132321,34.05443573,29532,8836158,2019,2019-04-10T00:00:00.000Z,1942,2019-02-21T00:00:00.000Z,855,43455,2062,4,5,7,1942,0,0,0,,0,20A1,SAN MARINO,GRAMERCY PL,0,,Y,A,-,N,,0,0,,,0,,,,N,4,0,1,2,A,-,9,21802,A,N,D,C,A,A,H,-,A,D,0,,,,,Y,,A,1,0,0,1,0,0,0,0,0,0,- ,- ,0,0,900,2,LOS ANGELES,LOS ANGELES,CA,-118.3132321,34.05443573,"SAN MARINO ST & GRAMERCY PL, LOS ANGELES, CA",SAN MARINO ST,GRAMERCY PL,117516,
-118.3888721,34.05526352,29533,8837517,2019,2019-05-14T00:00:00.000Z,1942,2019-02-12T00:00:00.000Z,715,42373,857,2,5,7,1942,0,0,0,H,0,8A95,PICO BL,WETHERLY DR,0,,Y,A,-,N,,0,0,,,0,,,,Y,4,0,1,3,A,-,9,21801,A,N,B,C,A,A,H,-,A,A,0,,,,,Y,,A,1,0,0,1,0,0,0,0,0,0,- ,- ,0,0,900,2,LOS ANGELES,LOS ANGELES,CA,-118.3888721,34.05526352,"PICO BLVD & WETHERLY DR, LOS ANGELES, CA",PICO BLVD,WETHERLY DR,134866,
-118.4396671,33.96775055,29534,8837958,2019,2019-04-18T00:00:00.000Z,1942,2019-02-15T00:00:00.000Z,820,41683,1472,5,5,7,1942,0,0,0,N,0,14A72,CULVER BL,JEFFERSON BL,240,W,N,B,-,N,,0,0,,,0,,,,Y,4,0,2,3,A,-,3,22350,,N,C,C,A,A,H,-,A,D,0,,,,,Y,,A,1,0,0,2,0,0,0,0,0,0,- ,- ,0,0,900,2,LOS ANGELES,LOS ANGELES,CA,-118.4396671,33.96775055,"CULVER BLVD & JEFFERSON BLVD, LOS ANGELES, CA",CULVER BLVD,JEFFERSON BLVD,149443,
-118.4623322,34.04098511,29535,8838088,2019,2019-04-18T00:00:00.000Z,1942,2019-02-08T00:00:00.000Z,835,43637,851,5,5,7,1942,0,0,0,H,0,8A59-W,SANTA MONICA BL,OHIO AV,0,,Y,A,-,N,,0,0,,,0,,,,Y,4,0,2,2,A,-,9,21801,A,N,D,C,A,A,H,-,A,D,0,,,,,Y,,A,7,0,0,2,0,0,0,0,0,0,- ,- ,0,0,900,2,LOS ANGELES,LOS ANGELES,CA,-118.4623322,34.04098511,"SANTA MONICA BLVD & OHIO AVE, LOS ANGELES, CA",SANTA MONICA BLVD,OHIO AVE,107365,
-118.4194321,33.95983505,29536,8838750,2019,2019-04-11T00:00:00.000Z,1942,2019-02-18T00:00:00.000Z,645,38688,1483,1,5,7,1942,0,0,0,N,0,14A73,W MANCHESTER AV,LINCOLN BL,0,,Y,A,-,N,,0,0,,,0,,,,Y,4,0,2,3,A,-,12,21453,A,N,D,C,A,A,H,-,A,A,0,,,,,Y,,A,1,0,0,2,0,0,0,0,0,0,- ,- ,0,0,900,2,LOS ANGELES,LOS ANGELES,CA,-118.4194321,33.95983505,"MANCHESTER AVE & LINCOLN BLVD, LOS ANGELES, CA",MANCHESTER AVE,LINCOLN BLVD,112640,
-118.3930629,33.97486496,29537,8838754,2019,2019-04-11T00:00:00.000Z,1942,2019-02-15T00:00:00.000Z,850,34959,1467,5,5,7,1942,0,0,0,N,0,14A67,HOWARD HUGHES PKWY,SEPULVEDA BL,325,E,N,B,-,N,,0,0,,,0,,,,Y,4,0,1,1,A,-,8,22107,,N,E,I,A,A,H,-,A,D,0,,,,,Y,,A,1,0,0,1,0,0,0,0,0,0,- ,- ,0,0,900,2,LOS ANGELES,LOS ANGELES,CA,-118.3930629,33.97486496,"HOWARD HUGHES PKY & SEPULVEDA BLVD, LOS ANGELES, CA",HOWARD HUGHES PKY,SEPULVEDA BLVD,105580,
-118.3860321,33.94733429,29538,8838758,2019,2019-04-11T00:00:00.000Z,1942,2019-02-28T00:00:00.000Z,700,42901,1488,4,5,7,1942,0,0,0,N,0,14A67,AIRPORT BL,98TH ST,0,,Y,B,-,N,,0,0,,,0,,,,Y,4,0,1,3,A,-,9,21801,A,N,D,C,A,A,H,-,A,A,0,,,,,Y,,A,1,0,0,1,0,0,0,0,0,0,- ,- ,0,0,900,2,LOS ANGELES,LOS ANGELES,CA,-118.3860321,33.94733429,"AIRPORT BLVD & 98TH ST, LOS ANGELES, CA",AIRPORT BLVD,98TH ST,141625,
-118.2040821,34.04515457,29539,8839211,2019,2019-04-19T00:00:00.000Z,1942,2019-02-26T00:00:00.000Z,830,42698,RD045,2,5,7,1942,0,0,0,,0,4A53,CESAR CHAVEZ,MOTT,0,,Y,A,-,N,,0,0,,,0,,,,N,4,0,3,2,A,-,9,21801,A,N,A,C,A,-,H,-,A,A,0,,,,,Y,,A,1,0,0,3,0,0,0,0,0,0,- ,- ,0,0,900,2,LOS ANGELES,LOS ANGELES,CA,-118.2040821,34.04515457,"CESAR E CHAVEZ AVE & MOTT ST, LOS ANGELES, CA",CESAR E CHAVEZ AVE,MOTT ST,114244,
-118.2739521,33.99138641,29540,8839231,2019,2019-04-18T00:00:00.000Z,1942,2019-02-03T00:00:00.000Z,820,43409,1372,7,5,7,1942,0,0,0,M,0,13A85,MAIN ST,56TH ST,50,S,N,B,-,N,,0,0,,,0,,,,N,0,0,0,2,A,-,7,21658,A,M,C,E,A,B,H,-,A,A,0,,,,,Y,,-,99,0,0,0,0,0,0,0,0,0,- ,- ,0,0,900,2,LOS ANGELES,LOS ANGELES,CA,-118.2739521,33.99138641,"MAIN ST & 56TH ST, LOS ANGELES, CA",MAIN ST,56TH ST,106599,
-118.2116022,34.06757355,29541,8839281,2019,2019-04-17T00:00:00.000Z,1942,2019-02-20T00:00:00.000Z,800,42698,422,3,5,7,1942,0,0,0,D,0,4A15,GRIFFIN AV,DARWIN,0,,Y,A,-,N,,0,0,,,0,,,,Y,0,0,0,2,A,-,3,22350,A,M,C,C,A,A,H,-,A,D,0,,,,,Y,,A,1,0,0,0,0,0,0,0,0,0,- ,- ,0,0,900,2,LOS ANGELES,LOS ANGELES,CA,-118.2116022,34.06757355,"GRIFFIN AVE & DARWIN AVE, LOS ANGELES, CA",GRIFFIN AVE,DARWIN AVE,100661,
-118.2200656,34.01715088,29543,8839289,2019,2019-04-17T00:00:00.000Z,1942,2019-02-15T00:00:00.000Z,655,36038,497,5,5,7,1942,0,0,0,D,0,453,SOTO ST,WASHINGTON BL,75,S,N,A,-,N,,0,0,,,0,,,,N,0,0,0,2,A,-,9,21804,A,M,D,C,A,A,H,-,A,D,0,,,,,Y,,-,99,0,0,0,0,0,0,0,0,0,- ,- ,0,0,900,2,LOS ANGELES,LOS ANGELES,CA,-118.2200656,34.01715088,"SOTO ST & WASHINGTON BLVD, LOS ANGELES, CA",SOTO ST,WASHINGTON BLVD,131484,
-118.2237922,34.07611466,29544,8839302,2019,2019-04-17T00:00:00.000Z,1942,2019-02-25T00:00:00.000Z,715,42975,411,1,5,7,1942,0,0,0,D,0,4A3,HUMBOLDT ST,N AVENUE 19,0,,Y,A,-,N,,0,0,,,0,,,,N,3,0,3,2,A,-,12,22450,,N,D,C,A,A,-,-,A,D,0,,,,,Y,,A,1,0,1,2,0,0,0,0,0,0,- ,- ,0,0,900,2,LOS ANGELES,LOS ANGELES,CA,-118.2237922,34.07611465,"HUMBOLDT ST & AVE 19, LOS ANGELES, CA",HUMBOLDT ST,AVE 19,111285,
-118.2655822,34.05988312,29545,8839329,2019,2019-04-16T00:00:00.000Z,1942,2019-02-20T00:00:00.000Z,800,42915,1902,3,5,7,1942,0,0,0,,0,248,3RD ST,LOMA DR,0,,Y,A,-,N,,0,0,,,0,,,,N,4,0,1,2,A,-,9,21802,A,M,A,C,A,A,H,-,A,A,0,,,,,Y,,-,99,0,0,1,0,0,0,0,0,0,- ,- ,0,0,900,2,LOS ANGELES,LOS ANGELES,CA,-118.2655822,34.05988312,"3RD ST & LOMA DR, LOS ANGELES, CA",3RD ST,LOMA DR,117543,
-118.3797401,34.07234573,29546,8839447,2019,2019-04-18T00:00:00.000Z,1942,2019-02-21T00:00:00.000Z,645,34959,721,4,5,7,1942,0,0,0,G,0,7A21,BURTON WY,SHERBOURNE DR,54,W,N,B,-,N,,0,0,,,0,,,,Y,4,0,1,2,A,-,4,21703,,N,C,C,A,A,H,-,A,D,0,,,,,Y,,A,1,0,0,1,0,0,0,0,0,0,- ,- ,0,0,900,2,LOS ANGELES,LOS ANGELES,CA,-118.3797401,34.07234573,"BURTON WAY & SHERBOURNE DR, LOS ANGELES, CA",BURTON WAY,SHERBOURNE DR,123303,