X,Y,OBJECTID,case_id,accident_year,proc_date,juris,collision_date,collision_time,officer_id,reporting_district,day_of_week,chp_shift,population,cnty_city_loc,special_cond,beat_type,chp_beat_type,city_division_lapd,chp_beat_class,beat_number,primary_rd,secondary_rd,distance,direction,intersection,weather_1,weather_2,state_hwy_ind,caltrans_county,caltrans_district,state_route,route_suffix,postmile_prefix,postmile,location_type,ramp_intersection,side_of_hwy,tow_away,collision_severity,number_killed,number_injured,party_count,primary_coll_factor,pcf_code_of_viol,pcf_viol_category,pcf_violation,pcf_viol_subsection,hit_and_run,type_of_collision,mviw,ped_action,road_surface,road_cond_1,road_cond_2,lighting,control_device,chp_road_type,pedestrian_accident,bicycle_accident,motorcycle_accident,truck_accident,not_private_property,alcohol_involved,stwd_vehtype_at_fault,chp_vehtype_at_fault,count_severe_inj,count_visible_inj,count_complaint_pain,count_ped_killed,count_ped_injured,count_bicyclist_killed,count_bicyclist_injured,count_mc_killed,count_mc_injured,primary_ramp,secondary_ramp,latitude,longitude,timecat,month_,city,county,state,point_x,point_y,match_addr,m_primaryrd,m_secondrd,int_id,Flag
-118.3766222,34.07603455,29547,8839483,2019,2019-04-18T00:00:00.000Z,1942,2019-02-14T00:00:00.000Z,650,39655,721,4,5,7,1942,0,0,0,G,0,7A21,N LA CIENEGA BL,BEVERLY BL,0,,Y,B,C,N,,0,0,,,0,,,,Y,4,0,2,2,A,-,9,21801,A,N,A,C,A,B,H,-,B,A,0,,,,,Y,,A,1,0,0,2,0,0,0,0,0,0,- ,- ,0,0,900,2,LOS ANGELES,LOS ANGELES,CA,-118.3766222,34.07603455,"LA CIENEGA BLVD & BEVERLY BLVD, LOS ANGELES, CA",LA CIENEGA BLVD,BEVERLY BLVD,110912,
-118.3029321,34.07117462,29548,8839325,2019,2019-04-16T00:00:00.000Z,1942,2019-02-21T00:00:00.000Z,830,34833,214,4,5,7,1942,0,0,0,B,0,20A45,2ND,KINGSLEY,0,,Y,B,-,N,,0,0,,,0,,,,N,0,0,0,2,A,-,21,22106,,M,C,E,A,A,H,-,A,A,0,,,,,Y,Y,-,99,0,0,0,0,0,0,0,0,0,- ,- ,0,0,900,2,LOS ANGELES,LOS ANGELES,CA,-118.3029321,34.07117462,"2ND ST & KINGSLEY DR,, CA",2ND ST,KINGSLEY DR,100659,
-118.2597913,34.06295013,29550,8841477,2019,2019-04-17T00:00:00.000Z,1942,2019-02-13T00:00:00.000Z,750,39807,238,3,5,7,1942,0,0,0,B,0,2A5W2,GLENDALE BL,ROCKWOOD ST,5,S,N,B,-,N,,0,0,,,0,,,,N,4,0,1,2,A,-,3,22350,,N,C,C,A,A,H,-,A,-,0,,,,,Y,,A,1,0,0,1,0,0,0,0,0,0,- ,- ,0,0,900,2,LOS ANGELES,LOS ANGELES,CA,-118.2597913,34.06295013,"GLENDALE BLVD & ROCKWOOD ST, LOS ANGELES, CA",GLENDALE BLVD,ROCKWOOD ST,114619,
-118.2915602,34.01065826,29551,8841622,2019,2019-04-16T00:00:00.000Z,1942,2019-02-19T00:00:00.000Z,740,38503,397,2,5,7,1942,0,0,0,C,0,3A99,VERMONT AV,MARTIN LUTHER KING JR BL,75,S,N,B,-,N,,0,0,,,0,,,,N,0,0,0,2,A,-,21,22106,,M,C,C,A,A,H,-,A,D,0,,,,,Y,,-,99,0,0,0,0,0,0,0,0,0,- ,- ,0,0,900,2,LOS ANGELES,LOS ANGELES,CA,-118.2915602,34.01065826,"VERMONT AVE & MARTIN LUTHER KING JR BLVD, LOS ANGELES, CA",VERMONT AVE,MARTIN LUTHER KING JR BLVD,148827,
-118.2894464,33.88526917,29552,8841630,2019,2019-04-16T00:00:00.000Z,1942,2019-02-23T00:00:00.000Z,615,37146,1881,6,5,7,1942,0,0,0,R,0,25TL43,W ALONDRA BL,MENLO AV,50,W,N,A,-,N,,0,0,,,0,,,,N,0,0,0,3,A,-,3,22350,,M,C,C,A,A,H,-,A,D,0,,,,,Y,,A,1,0,0,0,0,0,0,0,0,0,- ,- ,0,0,900,2,LOS ANGELES,LOS ANGELES,CA,-118.2894464,33.88526917,"ALONDRA BLVD & MENLO AVE, LOS ANGELES, CA",ALONDRA BLVD,MENLO AVE,127854,
-118.293418,33.76379013,29553,8841666,2019,2019-04-16T00:00:00.000Z,1942,2019-02-14T00:00:00.000Z,710,31755,521,4,5,7,1942,0,0,0,E,0,25T51,GAFFEY ST,WESTMONT DR,35,S,N,C,-,N,,0,0,,,0,,,,N,0,0,0,2,A,-,7,21658,A,M,B,C,A,B,F,-,A,A,0,,,,,Y,Y,-,99,0,0,0,0,0,0,0,0,0,- ,- ,0,0,900,2,LOS ANGELES,LOS ANGELES,CA,-118.293418,33.76379013,"GAFFEY ST & WESTMONT DR, LOS ANGELES, CA",GAFFEY ST,WESTMONT DR,125455,
-118.3004722,34.08556366,29554,8841767,2019,2019-04-23T00:00:00.000Z,1942,2019-02-23T00:00:00.000Z,715,40415,679,6,5,7,1942,0,0,0,F,0,6A79,NORMANDIE AV,MONROE ST,0,,Y,A,-,N,,0,0,,,0,,,,,3,0,2,2,A,-,9,21802,A,N,D,C,A,A,H,-,A,A,0,,,,,Y,,A,1,0,1,1,0,0,0,0,0,0,- ,- ,0,0,900,2,LOS ANGELES,LOS ANGELES,CA,-118.3004722,34.08556366,"NORMANDIE AVE & MONROE ST, LOS ANGELES, CA",NORMANDIE AVE,MONROE ST,114737,
-118.3223321,34.09801483,29555,8841771,2019,2019-04-23T00:00:00.000Z,1942,2019-02-25T00:00:00.000Z,650,39655,666,1,5,7,1942,0,0,0,F,0,6A67,N SUNSET BL,W GOWER ST,0,,Y,A,-,N,,0,0,,,0,,,,Y,4,0,1,2,A,-,9,21801,A,N,D,C,A,A,H,-,A,A,0,,,,Y,Y,,A,1,0,0,1,0,0,0,0,0,0,- ,- ,0,0,900,2,LOS ANGELES,LOS ANGELES,CA,-118.3223321,34.09801483,"SUNSET BLVD & GOWER ST, LOS ANGELES, CA",SUNSET BLVD,GOWER ST,142995,
-118.2585969,34.01380539,29556,8841791,2019,2019-04-24T00:00:00.000Z,1942,2019-02-24T00:00:00.000Z,830,43585,1325,7,5,7,1942,0,0,0,M,0,13A27,33RD ST,WADSWORTH AV,120,E,N,A,-,N,,0,0,,,0,,,,Y,0,0,0,4,A,-,1,23152,A,N,B,C,A,A,H,-,A,D,0,,,,Y,Y,Y,A,1,0,0,0,0,0,0,0,0,0,- ,- ,0,0,900,2,LOS ANGELES,LOS ANGELES,CA,-118.2585969,34.01380539,"33RD ST & WADSWORTH AVE, LOS ANGELES, CA",33RD ST,WADSWORTH AVE,103347,
-118.3386934,34.10165024,29557,8841806,2019,2019-04-24T00:00:00.000Z,1942,2019-02-05T00:00:00.000Z,615,41139,645,2,5,7,1942,0,0,0,F,0,6A45,N HIGHLAND DR,HOLLYWOOD BL,35,N,N,B,C,N,,0,0,,,0,,,,N,0,0,0,2,A,-,3,22350,,N,C,C,A,B,H,-,A,A,0,,,,,Y,,D,73,0,0,0,0,0,0,0,0,0,- ,- ,0,0,900,2,LOS ANGELES,LOS ANGELES,CA,-118.3386934,34.10165024,"HIGHLAND AVE & HOLLYWOOD BLVD, LOS ANGELES, CA",HIGHLAND AVE,HOLLYWOOD BLVD,132445,
-118.3014142,34.09081268,29558,8841810,2019,2019-06-10T00:00:00.000Z,1942,2019-02-25T00:00:00.000Z,808,41671,679,1,5,7,1942,0,0,0,F,0,6A79,SANTA MONICA BL,ARDMORE AV,145,E,N,A,-,N,,0,0,,,0,,,,N,4,0,2,2,A,-,7,21658,A,N,B,C,A,A,H,-,A,D,0,,,,,Y,,-,- ,0,0,2,0,0,0,0,0,0,- ,- ,0,0,900,2,LOS ANGELES,LOS ANGELES,CA,-118.3014142,34.09081268,"SANTA MONICA BLVD & ARDMORE AVE, LOS ANGELES, CA",SANTA MONICA BLVD,ARDMORE AVE,118148,
-118.3266521,34.08834457,29559,8841822,2019,2019-04-25T00:00:00.000Z,1942,2019-02-14T00:00:00.000Z,655,41683,656,4,5,7,1942,0,0,0,F,0,6A77,VINE ST,BARTON AV,120,N,N,B,C,N,,0,0,,,0,,,,Y,3,0,3,2,A,-,8,22102,,N,D,C,A,B,H,-,A,D,0,,,,,Y,,D,22,0,1,2,0,0,0,0,0,0,- ,- ,0,0,900,2,LOS ANGELES,LOS ANGELES,CA,-118.3266521,34.08834457,"VINE ST & BARTON AVE, LOS ANGELES, CA",VINE ST,BARTON AVE,125227,
-118.3380955,34.10856247,29560,8841826,2019,2019-04-24T00:00:00.000Z,1942,2019-02-19T00:00:00.000Z,847,41671,625,2,5,7,1942,0,0,0,F,0,6A31,CAMROSE DR,WOODLAND WY,27,W,N,A,-,N,,0,0,,,0,,,,N,0,0,0,2,A,-,3,22350,,N,B,C,A,A,H,-,A,D,0,,,,,Y,,A,7,0,0,0,0,0,0,0,0,0,- ,- ,0,0,900,2,LOS ANGELES,LOS ANGELES,CA,-118.3380955,34.10856247,"CAMROSE DR & WOODLAND WAY, LOS ANGELES, CA",CAMROSE DR,WOODLAND WAY,139390,
-118.4293921,34.02363586,29561,8841925,2019,2019-04-25T00:00:00.000Z,1942,2019-02-21T00:00:00.000Z,740,41241,1426,4,5,7,1942,0,0,0,N,0,14A25,SAWTELLE BL,STANWOOD DR,0,,Y,A,-,N,,0,0,,,0,,,,Y,3,0,1,2,A,-,12,21453,A,N,D,C,A,A,H,-,A,A,0,,,,,Y,,D,22,0,1,0,0,0,0,0,0,0,- ,- ,0,0,900,2,LOS ANGELES,LOS ANGELES,CA,-118.4293921,34.02363586,"SAWTELLE BLVD & STANWOOD DR, LOS ANGELES, CA",SAWTELLE BLVD,STANWOOD DR,121551,
-118.4085622,34.00065613,29562,8842529,2019,2019-04-19T00:00:00.000Z,1942,2019-02-28T00:00:00.000Z,800,38688,1459,4,5,7,1942,0,0,0,N,0,14A49,BRADDOCK DR,SAWTELLE BL,0,,Y,B,-,N,,0,0,,,0,,,,Y,4,0,2,2,A,-,12,21453,A,N,D,C,A,A,H,-,A,A,0,,,,,Y,,A,7,0,0,2,0,0,0,0,0,0,- ,- ,0,0,900,2,LOS ANGELES,LOS ANGELES,CA,-118.4085622,34.00065613,"BRADDOCK DR & SAWTELLE BLVD, LOS ANGELES, CA",BRADDOCK DR,SAWTELLE BLVD,100454,
-118.3173558,34.09804916,29563,8842733,2019,2019-04-24T00:00:00.000Z,1942,2019-02-08T00:00:00.000Z,820,35945,667,5,5,7,1942,0,0,0,,0,6A67,W SUNSET BL,BRONSON AV,190,E,N,A,-,N,,0,0,,,0,,,,Y,3,0,3,2,A,-,8,21460,5,N,A,C,A,A,H,-,A,A,0,,,,,Y,,A,1,0,1,2,0,0,0,0,0,0,- ,- ,0,0,900,2,LOS ANGELES,LOS ANGELES,CA,-118.3173558,34.09804916,"SUNSET BLVD & BRONSON AVE, LOS ANGELES, CA",SUNSET BLVD,BRONSON AVE,125452,
-118.3158021,34.09805298,29564,8842737,2019,2019-04-24T00:00:00.000Z,1942,2019-02-10T00:00:00.000Z,845,35945,668,7,5,7,1942,0,0,0,,0,6A79,SUNSET BL,VAN NESS AV,0,,Y,B,-,N,,0,0,,,0,,,,Y,3,0,3,2,A,-,12,21453,A,N,D,C,A,A,H,-,A,A,0,,,,,Y,,A,7,0,1,2,0,0,0,0,0,0,- ,- ,0,0,900,2,LOS ANGELES,LOS ANGELES,CA,-118.3158021,34.09805298,"SUNSET BLVD & VAN NESS AVE, LOS ANGELES, CA",SUNSET BLVD,VAN NESS AVE,125513,
-118.3559421,34.06241608,29565,8845100,2019,2019-05-01T00:00:00.000Z,1942,2019-02-22T00:00:00.000Z,850,37914,743,5,5,7,1942,0,0,0,,0,7A17,WILSHIRE BL,STANLEY AV,0,,Y,A,-,N,,0,0,,,0,,,,Y,4,0,1,2,A,-,9,21801,A,N,D,C,A,A,H,-,A,A,0,,,,,Y,,A,1,0,0,1,0,0,0,0,0,0,- ,- ,0,0,900,2,LOS ANGELES,LOS ANGELES,CA,-118.3559421,34.06241608,"WILSHIRE BLVD & STANLEY AVE, LOS ANGELES, CA",WILSHIRE BLVD,STANLEY AVE,137293,
-118.2521221,33.99188995,29566,8847783,2019,2019-04-23T00:00:00.000Z,1942,2019-02-28T00:00:00.000Z,710,43374,1375,4,5,7,1942,0,0,0,M,0,13A75,HOOPER AV,56TH ST,60,S,N,B,-,N,,0,0,,,0,,,,N,3,0,1,2,A,-,0,21084,A,N,D,C,A,B,H,-,A,D,0,,,,,Y,,A,1,0,1,0,0,0,0,0,0,0,- ,- ,0,0,900,2,LOS ANGELES,LOS ANGELES,CA,-118.2521221,33.99188995,"HOOPER AVE & 56TH ST, LOS ANGELES, CA",HOOPER AVE,56TH ST,103103,
-118.3248569,34.05487824,29567,8847821,2019,2019-04-23T00:00:00.000Z,1942,2019-02-19T00:00:00.000Z,635,41671,749,2,5,7,1942,0,0,0,G,0,7A47,OLYMPIC BL,VICTORIA AV,164,W,N,A,-,N,,0,0,,,0,,,,Y,4,0,1,2,A,-,7,21658,A,N,B,C,A,A,H,-,A,D,0,,,,,Y,,A,1,0,0,1,0,0,0,0,0,0,- ,- ,0,0,900,2,LOS ANGELES,LOS ANGELES,CA,-118.3248569,34.05487823,"OLYMPIC BLVD & VICTORIA AVE, LOS ANGELES, CA",OLYMPIC BLVD,VICTORIA AVE,107001,
-118.2729622,34.03296661,29568,8847823,2019,2019-05-02T00:00:00.000Z,1942,2019-02-15T00:00:00.000Z,835,34997,1311,5,5,7,1942,0,0,0,M,0,13A27,FIGUEROA ST,20TH ST,0,,Y,B,-,N,,0,0,,,0,,,,Y,3,0,5,4,A,-,9,21801,A,N,D,C,A,A,-,-,A,A,0,,,,,Y,,A,1,0,1,4,0,0,0,0,0,0,- ,- ,0,0,900,2,LOS ANGELES,LOS ANGELES,CA,-118.2729622,34.03296661,"FIGUEROA ST & 20TH ST, LOS ANGELES, CA",FIGUEROA ST,20TH ST,110527,
-118.3426021,34.04624558,29569,8847829,2019,2019-04-22T00:00:00.000Z,1942,2019-02-19T00:00:00.000Z,755,31000,775,2,5,7,1942,0,0,0,G,0,7A85,SAINT CHARLES PL,VENICE BL,0,,Y,A,-,N,,0,0,,,0,,,,Y,3,0,2,2,A,-,9,21802,A,N,D,C,A,A,H,-,A,A,0,,,,,Y,,A,1,0,1,1,0,0,0,0,0,0,- ,- ,0,0,900,2,LOS ANGELES,LOS ANGELES,CA,-118.3426021,34.04624557,"ST CHARLES PL & VENICE BLVD, LOS ANGELES, CA",ST CHARLES PL,VENICE BLVD,112805,
-118.2612346,34.02577591,29570,8847939,2019,2019-04-23T00:00:00.000Z,1942,2019-02-13T00:00:00.000Z,846,43484,1322,3,5,7,1942,0,0,0,M,0,13A13,E 22ND ST,TRINITY ST,30,E,N,B,C,N,,0,0,,,0,,,,N,0,0,0,2,A,-,21,22106,,M,A,C,A,B,H,-,A,D,0,,,,,Y,,-,99,0,0,0,0,0,0,0,0,0,- ,- ,0,0,900,2,LOS ANGELES,LOS ANGELES,CA,-118.2612346,34.02577591,"22ND ST & TRINITY ST, LOS ANGELES, CA",22ND ST,TRINITY ST,106882,
-118.3238311,34.09801483,29571,8849738,2019,2019-04-26T00:00:00.000Z,1942,2019-02-15T00:00:00.000Z,735,40209,666,5,5,7,1942,0,0,0,F,0,6A67,SUNSET BL,EL CENTRO AV,27,W,N,B,-,N,,0,0,,,0,,,,N,0,0,0,2,A,-,7,21658,A,M,B,C,A,A,H,-,A,A,0,,,,,Y,,-,99,0,0,0,0,0,0,0,0,0,- ,- ,0,0,900,2,LOS ANGELES,LOS ANGELES,CA,-118.3238311,34.09801483,"SUNSET BLVD & EL CENTRO AVE, LOS ANGELES, CA",SUNSET BLVD,EL CENTRO AVE,111384,
-118.3472421,34.12847519,29572,8849742,2019,2019-04-26T00:00:00.000Z,1942,2019-02-13T00:00:00.000Z,730,39127,615,3,5,7,1942,0,0,0,F,0,6A15,E CAHUENGA BL W,BARHAM BL,0,,Y,B,-,N,,0,0,,,0,,,,N,0,0,0,2,A,-,12,21453,A,M,D,C,A,A,H,-,A,A,0,,,,,Y,,-,99,0,0,0,0,0,0,0,0,0,- ,- ,0,0,900,2,LOS ANGELES,LOS ANGELES,CA,-118.3472421,34.12847519,"CAHUENGA BLVD W & BARHAM BLVD, LOS ANGELES, CA",CAHUENGA BLVD W,BARHAM BLVD,116071,
-118.3357452,34.09258652,29573,8849751,2019,2019-04-26T00:00:00.000Z,1942,2019-02-10T00:00:00.000Z,830,32921,663,7,5,7,1942,0,0,0,F,0,6A63,LEXINGTON AV,LAS PALMAS,175,E,N,C,-,N,,0,0,,,0,,,,N,0,0,0,3,A,-,8,22107,,M,B,E,A,B,H,-,A,D,0,,,,,Y,,-,99,0,0,0,0,0,0,0,0,0,- ,- ,0,0,900,2,LOS ANGELES,LOS ANGELES,CA,-118.3357452,34.09258652,"LEXINGTON AVE & LAS PALMAS AVE, LOS ANGELES, CA",LEXINGTON AVE,LAS PALMAS AVE,128658,
-118.3236671,34.07728958,29574,8849941,2019,2019-05-01T00:00:00.000Z,1942,2019-02-26T00:00:00.000Z,700,43681,719,2,5,7,1942,0,0,0,G,0,20A33,LARCHMONT BL,BEVERLY BL,395,N,N,A,-,N,,0,0,,,0,,,,Y,4,0,1,2,A,-,8,22100,A,N,B,C,A,A,H,-,A,D,0,,,Y,,Y,,A,1,0,0,1,0,0,0,0,0,1,- ,- ,0,0,900,2,LOS ANGELES,LOS ANGELES,CA,-118.3236671,34.07728958,"LARCHMONT BLVD & BEVERLY BLVD, LOS ANGELES, CA",LARCHMONT BLVD,BEVERLY BLVD,125293,
-118.2739421,33.98332596,29575,8853547,2019,2019-05-15T00:00:00.000Z,1942,2019-02-26T00:00:00.000Z,730,39506,1383,2,5,7,1942,0,0,0,M,0,,MAIN ST,62ND ST,0,,Y,A,-,N,,0,0,,,0,,,,Y,4,0,2,2,A,-,12,22450,,N,D,C,A,A,H,-,A,D,0,,,,,Y,,A,1,0,0,2,0,0,0,0,0,0,- ,- ,0,0,900,2,LOS ANGELES,LOS ANGELES,CA,-118.2739421,33.98332596,"MAIN ST & 62ND ST, LOS ANGELES, CA",MAIN ST,62ND ST,131159,
-118.2196669,34.02614975,29576,8863272,2019,2019-05-31T00:00:00.000Z,1942,2019-02-15T00:00:00.000Z,659,40418,489,5,5,7,1942,0,0,0,D,0,4A97,SOTO ST,SHORT ST,50,S,N,A,-,N,,0,0,,,0,,,,Y,4,0,1,2,A,-,9,21801,A,N,D,C,A,A,H,-,A,D,0,,,,,Y,,A,1,0,0,1,0,0,0,0,0,0,- ,- ,0,0,900,2,LOS ANGELES,LOS ANGELES,CA,-118.2196669,34.02614975,"SOTO ST & SHORT ST, LOS ANGELES, CA",SOTO ST,SHORT ST,121020,
-118.2882386,34.01101685,29577,8866857,2019,2019-05-25T00:00:00.000Z,1942,2019-02-22T00:00:00.000Z,750,43442,378,5,5,7,1942,0,0,0,C,0,3A19W2,W MARTIN LUTHER KING JR BL,HOOVER ST,300,W,N,A,-,N,,0,0,,,0,,,,Y,4,0,1,2,A,-,9,21801,A,N,D,D,A,A,H,-,A,-,0,,,,,Y,,A,1,0,0,1,0,0,0,0,0,0,- ,- ,0,0,900,2,LOS ANGELES,LOS ANGELES,CA,-118.2882386,34.01101685,"MARTIN LUTHER KING JR BLVD & HOOVER ST, LOS ANGELES, CA",MARTIN LUTHER KING JR BLVD,HOOVER ST,106889,
-118.2826421,33.94545364,29578,8866861,2019,2019-05-25T00:00:00.000Z,1942,2019-02-26T00:00:00.000Z,650,42925,1821,2,5,7,1942,0,0,0,R,0,18A17,FIGUEROA ST,CENTURY BL,30,S,N,A,-,N,,0,0,,,0,,,,N,0,0,0,2,A,-,9,21804,A,M,D,C,A,A,H,-,A,D,0,,,,,Y,,-,99,0,0,0,0,0,0,0,0,0,- ,- ,0,0,900,2,LOS ANGELES,LOS ANGELES,CA,-118.2826421,33.94545364,"FIGUEROA ST & CENTURY BLVD, LOS ANGELES, CA",FIGUEROA ST,CENTURY BLVD,138221,
-118.4190317,34.26317978,29579,8866863,2019,2019-05-25T00:00:00.000Z,1942,2019-02-07T00:00:00.000Z,645,40398,1643,4,5,7,1942,0,0,0,P,0,16A23,SAN FERNANDO RD,PIERCE ST,32,N,N,A,-,N,,0,0,,,0,,,,N,4,0,1,2,A,-,7,21658,A,N,C,C,A,A,H,-,A,A,0,,,,,Y,,A,8,0,0,1,0,0,0,0,0,0,- ,- ,0,0,900,2,LOS ANGELES,LOS ANGELES,CA,-118.4190317,34.26317978,"SAN FERNANDO RD & PIERCE ST, LOS ANGELES, CA",SAN FERNANDO RD,PIERCE ST,123041,
-118.3334821,34.07615662,29581,8648655,2019,2019-02-28T00:00:00.000Z,1942,2019-02-13T00:00:00.000Z,1045,36847,729,3,5,7,1942,0,0,0,G,0,7A17,BEVERLY BL,HUDSON AV,0,,Y,B,-,N,,0,0,,,0,,,,Y,1,1,0,2,A,-,9,21801,A,N,D,C,A,B,H,-,A,D,0,,,,,Y,,A,8,0,0,0,0,0,0,0,0,0,- ,- ,0,0,1200,2,LOS ANGELES,LOS ANGELES,CA,-118.3334821,34.07615662,"BEVERLY BLVD & HUDSON AVE, LOS ANGELES, CA",BEVERLY BLVD,HUDSON AVE,111213,
-118.3382922,34.26386643,29582,8784337,2019,2019-03-19T00:00:00.000Z,1942,2019-02-02T00:00:00.000Z,900,33340,1636,6,5,7,1942,0,0,0,P,0,16A35,WENTWORTH ST,RADWIN AV,0,,N,C,-,N,,0,0,,,0,,,,Y,0,0,0,1,A,-,8,22107,,M,E,I,A,B,H,-,A,D,0,,,,,Y,,D,22,0,0,0,0,0,0,0,0,0,- ,- ,0,0,1200,2,LOS ANGELES,LOS ANGELES,CA,-118.3382922,34.26386642,"WENTWORTH ST & RADWIN AVE, LOS ANGELES, CA",WENTWORTH ST,RADWIN AVE,108831,
-118.5884522,34.19377518,29583,8784341,2019,2019-02-21T00:00:00.000Z,1942,2019-02-02T00:00:00.000Z,1050,30452,2157,6,5,7,1942,0,0,0,,0,21A57,VANOWEN ST,DE SOTO AV,0,,Y,C,-,N,,0,0,,,0,,,,N,2,0,1,2,A,-,11,21456,B,N,G,B,B,B,H,-,A,A,0,Y,,,,Y,,N,60,1,0,0,0,1,0,0,0,0,- ,- ,0,0,1200,2,LOS ANGELES,LOS ANGELES,CA,-118.5884522,34.19377518,"VANOWEN ST & DE SOTO AVE, LOS ANGELES, CA",VANOWEN ST,DE SOTO AVE,98072,
-118.5798122,34.23910523,29584,8792964,2019,2019-02-26T00:00:00.000Z,1942,2019-02-11T00:00:00.000Z,943,27260,1771,1,5,7,1942,0,0,0,Q,0,17A81,MASON AV,PRAIRIE ST,0,,Y,A,-,N,,0,0,,,0,,,,N,0,0,0,2,A,-,8,22107,,M,-,-,A,A,H,-,A,D,0,,,,,Y,,-,99,0,0,0,0,0,0,0,0,0,- ,- ,0,0,1200,2,LOS ANGELES,LOS ANGELES,CA,-118.5798122,34.23910522,"MASON AVE & PRAIRIE ST, LOS ANGELES, CA",MASON AVE,PRAIRIE ST,98784,
-118.3078121,34.01085663,29585,8793076,2019,2019-02-28T00:00:00.000Z,1942,2019-02-08T00:00:00.000Z,1020,37411,376,5,5,7,1942,0,0,0,C,0,3A57,MLK KING JR BL,HOBART,0,,Y,A,-,N,,0,0,,,0,,,,Y,4,0,3,2,A,-,9,21801,A,N,D,C,A,A,H,-,A,A,0,,,,,Y,,A,1,0,0,3,0,0,0,0,0,0,- ,- ,0,0,1200,2,LOS ANGELES,LOS ANGELES,CA,-118.3078121,34.01085663,"MARTIN LUTHER KING JR BLVD & HOBART BLVD, LOS ANGELES, CA",MARTIN LUTHER KING JR BLVD,HOBART BLVD,109744,
-118.2915021,33.99035645,29586,8793110,2019,2019-02-27T00:00:00.000Z,1942,2019-02-05T00:00:00.000Z,1110,43521,1215,2,5,7,1942,0,0,0,L,0,12A3,VERMONT AV,57TH ST,50,S,N,B,C,N,,0,0,,,0,,,,Y,4,0,2,2,A,-,8,22107,,N,B,C,A,B,H,-,A,D,0,,,,,Y,,A,1,0,0,2,0,0,0,0,0,0,- ,- ,0,0,1200,2,LOS ANGELES,LOS ANGELES,CA,-118.2915021,33.99035645,"VERMONT AVE & 57TH ST, LOS ANGELES, CA",VERMONT AVE,57TH ST,99613,
-118.2644739,33.96193314,29587,8793140,2019,2019-02-21T00:00:00.000Z,1942,2019-02-11T00:00:00.000Z,1105,37724,1269,1,5,7,1942,0,0,0,L,0,12A69,E 84TH PL,AVALON BL,200,E,N,A,-,N,,0,0,,,0,,,,N,0,0,0,2,A,-,21,22106,,M,C,C,A,A,H,-,A,D,0,,,,,Y,,-,99,0,0,0,0,0,0,0,0,0,- ,- ,0,0,1200,2,LOS ANGELES,LOS ANGELES,CA,-118.2644739,33.96193314,"84TH PL & AVALON BLVD, LOS ANGELES, CA",84TH PL,AVALON BLVD,134726,
-118.2826628,33.96006775,29589,8793247,2019,2019-02-25T00:00:00.000Z,1942,2019-02-08T00:00:00.000Z,1100,39397,1801,5,5,7,1942,0,0,0,R,0,18A1,W MANCHESTER AV,FIGUEROA ST,15,E,N,A,-,N,,0,0,,,0,,,,N,0,0,0,2,A,-,4,21703,,M,C,C,A,A,H,-,A,A,0,,,,,Y,,-,99,0,0,0,0,0,0,0,0,0,- ,- ,0,0,1200,2,LOS ANGELES,LOS ANGELES,CA,-118.2826628,33.96006775,"MANCHESTER AVE & FIGUEROA ST, LOS ANGELES, CA",MANCHESTER AVE,FIGUEROA ST,106686,
-118.3405521,34.0255661,29590,8793253,2019,2019-02-25T00:00:00.000Z,1942,2019-02-07T00:00:00.000Z,1055,41262,,4,5,7,1942,0,0,0,,0,3A31,JEFFERSON,BUCKINGHAM,0,,Y,A,-,N,,0,0,,,0,,,,N,0,0,0,2,A,-,17,21658,B,N,A,C,A,A,H,-,A,A,0,,,,,Y,,-,- ,0,0,0,0,0,0,0,0,0,- ,- ,0,0,1200,2,LOS ANGELES,LOS ANGELES,CA,-118.3405521,34.0255661,"JEFFERSON BLVD & BUCKINGHAM RD, LOS ANGELES, CA",JEFFERSON BLVD,BUCKINGHAM RD,106821,
-118.4462122,34.30489349,29591,8793521,2019,2019-02-26T00:00:00.000Z,1942,2019-02-04T00:00:00.000Z,930,39058,1915,1,5,7,1942,0,0,0,,0,19A1,GLENOAKS BL,ASTORIA ST,0,,Y,C,-,N,,0,0,,,0,,,,Y,4,0,1,2,A,-,12,21453,A,N,D,C,A,B,H,-,A,A,0,,,,,Y,,A,7,0,0,1,0,0,0,0,0,0,- ,- ,0,0,1200,2,LOS ANGELES,LOS ANGELES,CA,-118.4462122,34.30489349,"GLENOAKS BLVD & ASTORIA ST, LOS ANGELES, CA",GLENOAKS BLVD,ASTORIA ST,143827,
-118.2944622,34.01816559,29592,8793541,2019,2019-02-26T00:00:00.000Z,1942,2019-02-07T00:00:00.000Z,900,36215,357,4,5,7,1942,0,0,0,,0,XL97,CATALINA ST,EXPOSITION BL,0,,Y,A,-,N,,0,0,,,0,,,,N,3,0,1,2,A,-,9,21804,A,N,D,G,A,A,H,-,A,A,0,,Y,,,Y,,L,4,0,1,0,0,0,0,1,0,0,- ,- ,0,0,1200,2,LOS ANGELES,LOS ANGELES,CA,-118.2944622,34.01816559,"CATALINA ST & EXPOSITION BLVD, LOS ANGELES, CA",CATALINA ST,EXPOSITION BLVD,96113,