X,Y,OBJECTID,case_id,accident_year,proc_date,juris,collision_date,collision_time,officer_id,reporting_district,day_of_week,chp_shift,population,cnty_city_loc,special_cond,beat_type,chp_beat_type,city_division_lapd,chp_beat_class,beat_number,primary_rd,secondary_rd,distance,direction,intersection,weather_1,weather_2,state_hwy_ind,caltrans_county,caltrans_district,state_route,route_suffix,postmile_prefix,postmile,location_type,ramp_intersection,side_of_hwy,tow_away,collision_severity,number_killed,number_injured,party_count,primary_coll_factor,pcf_code_of_viol,pcf_viol_category,pcf_violation,pcf_viol_subsection,hit_and_run,type_of_collision,mviw,ped_action,road_surface,road_cond_1,road_cond_2,lighting,control_device,chp_road_type,pedestrian_accident,bicycle_accident,motorcycle_accident,truck_accident,not_private_property,alcohol_involved,stwd_vehtype_at_fault,chp_vehtype_at_fault,count_severe_inj,count_visible_inj,count_complaint_pain,count_ped_killed,count_ped_injured,count_bicyclist_killed,count_bicyclist_injured,count_mc_killed,count_mc_injured,primary_ramp,secondary_ramp,latitude,longitude,timecat,month_,city,county,state,point_x,point_y,match_addr,m_primaryrd,m_secondrd,int_id,Flag
-118.4002206,34.25039291,29637,8804736,2019,2019-03-12T00:00:00.000Z,1942,2019-02-17T00:00:00.000Z,1040,38687,1664,7,5,7,1942,0,0,0,P,0,16A77,BRANFORD ST,SAN FERNANDO RD,1200,E,N,A,-,N,,0,0,,,0,,,,N,3,0,1,2,A,-,9,21801,A,N,D,C,A,A,H,-,A,D,0,,,,,Y,,D,22,0,1,0,0,0,0,0,0,0,- ,- ,0,0,1200,2,LOS ANGELES,LOS ANGELES,CA,-118.4002206,34.25039291,"BRANFORD ST & SAN FERNANDO RD, LOS ANGELES, CA",BRANFORD ST,SAN FERNANDO RD,115952,
-118.5426022,34.19901276,29638,8804768,2019,2019-03-12T00:00:00.000Z,1942,2019-02-15T00:00:00.000Z,1050,34561,1024,5,5,7,1942,0,0,0,J,0,10A21,GEYSER AV,GAULT ST,95,S,N,B,-,N,,0,0,,,0,,,,Y,4,0,1,2,A,-,21,22106,,N,D,C,A,A,H,-,A,D,0,,,,,Y,,A,1,0,0,1,0,0,0,0,0,0,- ,- ,0,0,1200,2,LOS ANGELES,LOS ANGELES,CA,-118.5426022,34.19901276,"GEYSER AVE & GAULT ST, LOS ANGELES, CA",GEYSER AVE,GAULT ST,105432,
-118.2902063,33.91641617,29639,8804773,2019,2019-03-08T00:00:00.000Z,1942,2019-02-17T00:00:00.000Z,1110,27259,1851,7,5,7,1942,0,0,0,R,0,18A97,EL SEGUNDO BL,VERMONT AV,400,E,N,B,-,N,,0,0,,,0,,,,N,0,0,0,2,A,-,17,22517,,M,B,E,A,B,E,-,A,A,0,,,,,Y,,A,1,0,0,0,0,0,0,0,0,0,- ,- ,0,0,1200,2,LOS ANGELES,LOS ANGELES,CA,-118.2902063,33.91641617,"EL SEGUNDO BLVD & VERMONT AVE, LOS ANGELES, CA",EL SEGUNDO BLVD,VERMONT AVE,109670,
-118.2616706,33.79109955,29640,8804777,2019,2019-03-08T00:00:00.000Z,1942,2019-02-11T00:00:00.000Z,935,40748,518,1,5,7,1942,0,0,0,,0,05A15,BROAD AV,PACIFIC COAST HWY,60,S,N,A,-,N,,0,0,,,0,,,,N,0,0,0,2,A,-,3,22350,A,M,C,C,A,A,H,-,A,D,0,,,,,Y,,-,99,0,0,0,0,0,0,0,0,0,- ,- ,0,0,1200,2,LOS ANGELES,LOS ANGELES,CA,-118.2616706,33.79109955,"BROAD AVE & PACIFIC COAST HWY, LOS ANGELES, CA",BROAD AVE,PACIFIC COAST HWY,116147,
-118.6058422,34.15689468,29641,8804791,2019,2019-03-18T00:00:00.000Z,1942,2019-02-04T00:00:00.000Z,1030,34482,2185,1,5,7,1942,0,0,0,,0,21A73,TOPANGA CANYON BL,DUMETZ RD,0,,Y,C,-,N,,0,0,,,0,,,,Y,4,0,1,2,A,-,9,21801,A,N,D,C,A,B,H,-,A,A,0,,,,,Y,,A,1,0,0,1,0,0,0,0,0,0,- ,- ,0,0,1200,2,LOS ANGELES,LOS ANGELES,CA,-118.6058422,34.15689468,"TOPANGA CANYON BLVD & DUMETZ RD, LOS ANGELES, CA",TOPANGA CANYON BLVD,DUMETZ RD,108279,
-118.5666522,34.20113373,29642,8804799,2019,2019-04-04T00:00:00.000Z,1942,2019-02-03T00:00:00.000Z,945,42904,2149,7,5,7,1942,0,0,0,,0,21A1,SHERMAN WY,OAKDALE AV,0,,Y,B,C,N,,0,0,,,0,,,,N,4,0,1,2,A,-,10,21950,A,N,G,B,B,B,H,-,A,A,0,Y,,,,Y,,A,1,0,0,1,0,1,0,0,0,0,- ,- ,0,0,1200,2,LOS ANGELES,LOS ANGELES,CA,-118.5666522,34.20113373,"SHERMAN WAY & OAKDALE AVE, LOS ANGELES, CA",SHERMAN WAY,OAKDALE AVE,112003,
-118.4367072,34.31237793,29643,8804937,2019,2019-03-05T00:00:00.000Z,1942,2019-02-11T00:00:00.000Z,1155,43542,1905,1,5,7,1942,0,0,0,,0,19A4,FOOTHILL BL,ASTORIA ST,250,S,N,A,-,N,,0,0,,,0,,,,N,4,0,1,2,-,-,- ,0,,N,G,B,F,A,H,-,A,D,0,Y,,,,Y,,-,- ,0,0,1,0,1,0,0,0,0,- ,- ,0,0,1200,2,LOS ANGELES,LOS ANGELES,CA,-118.4367072,34.31237793,"FOOTHILL BLVD & ASTORIA ST, LOS ANGELES, CA",FOOTHILL BLVD,ASTORIA ST,122767,
-118.2915995,34.04101181,29644,8804953,2019,2019-03-01T00:00:00.000Z,1942,2019-02-15T00:00:00.000Z,1155,38262,2088,5,5,7,1942,0,0,0,,0,20A97,VERMONT AV,WASHINGTON BL,367,N,N,B,-,N,,0,0,,,0,,,,N,4,0,1,2,A,-,3,22350,,N,C,C,A,A,H,-,A,D,0,,,,,Y,,D,22,0,0,1,0,0,0,0,0,0,- ,- ,0,0,1200,2,LOS ANGELES,LOS ANGELES,CA,-118.2915995,34.04101181,"VERMONT AVE & WASHINGTON BLVD, LOS ANGELES, CA",VERMONT AVE,WASHINGTON BLVD,134976,
-118.3235921,34.00183487,29646,8806113,2019,2019-04-05T00:00:00.000Z,1942,2019-02-04T00:00:00.000Z,1145,42786,392,1,5,7,1942,0,0,0,C,0,3A73,6TH AV,46TH ST,0,,Y,A,-,N,,0,0,,,0,,,,N,0,0,0,2,A,-,12,22450,A,M,D,C,A,A,H,-,A,D,0,,,,,Y,,-,99,0,0,0,0,0,0,0,0,0,- ,- ,0,0,1200,2,LOS ANGELES,LOS ANGELES,CA,-118.3235921,34.00183487,"6TH AVE & 46TH ST, LOS ANGELES, CA",6TH AVE,46TH ST,96228,
-118.3187536,33.97464371,29647,8806123,2019,2019-02-22T00:00:00.000Z,1942,2019-02-11T00:00:00.000Z,1130,41854,1252,1,5,7,1942,0,0,0,L,0,3X72,ARLINGTON AV,FLORENCE AV,25,N,N,A,-,N,,0,0,,,0,,,,N,0,0,0,2,B,-,22,0,,M,C,E,A,A,H,-,A,D,0,,,,,Y,,-,99,0,0,0,0,0,0,0,0,0,- ,- ,0,0,1200,2,LOS ANGELES,LOS ANGELES,CA,-118.3187536,33.97464371,"ARLINGTON AVE & FLORENCE AVE, LOS ANGELES, CA",ARLINGTON AVE,FLORENCE AVE,127633,
-118.2915022,33.98220444,29648,8806571,2019,2019-02-28T00:00:00.000Z,1942,2019-02-09T00:00:00.000Z,1000,27758,1245,6,5,7,1942,0,0,0,L,0,12A65,GAGE AV,VERMONT AV,0,,Y,C,-,N,,0,0,,,0,,,,,0,0,0,2,A,-,8,22107,,M,B,C,A,B,H,-,A,A,0,,,,,Y,,-,99,0,0,0,0,0,0,0,0,0,- ,- ,0,0,1200,2,LOS ANGELES,LOS ANGELES,CA,-118.2915022,33.98220444,"GAGE AVE & VERMONT AVE, LOS ANGELES, CA",GAGE AVE,VERMONT AVE,119901,
-118.2954021,34.06358337,29649,8806573,2019,2019-02-28T00:00:00.000Z,1942,2019-02-14T00:00:00.000Z,1115,38262,2027,4,5,7,1942,0,0,0,,0,20A45,6TH ST,CATALINA ST,0,,Y,C,-,N,,0,0,,,0,,,,Y,4,0,3,2,A,-,9,21800,A,N,D,C,A,B,H,-,A,B,0,,,,,Y,,-,- ,0,0,3,0,0,0,0,0,0,- ,- ,0,0,1200,2,LOS ANGELES,LOS ANGELES,CA,-118.2954021,34.06358337,"6TH ST & CATALINA ST, LOS ANGELES, CA",6TH ST,CATALINA ST,111303,
-118.2803221,33.94553375,29650,8806606,2019,2019-02-28T00:00:00.000Z,1942,2019-02-13T00:00:00.000Z,1100,40013,1822,3,5,7,1942,0,0,0,R,0,25TL21,CENTURY BL,GRAND AV,0,,Y,C,-,N,,0,0,,,0,,,,N,0,0,0,2,A,-,8,22107,,N,B,C,A,B,H,-,A,A,0,,,,,Y,,A,1,0,0,0,0,0,0,0,0,0,- ,- ,0,0,1200,2,LOS ANGELES,LOS ANGELES,CA,-118.2803221,33.94553375,"CENTURY BLVD & GRAND AVE, LOS ANGELES, CA",CENTURY BLVD,GRAND AVE,113681,
-118.2900841,34.05680084,29651,8806632,2019,2019-02-28T00:00:00.000Z,1942,2019-02-10T00:00:00.000Z,1046,34959,2049,7,5,7,1942,0,0,0,,0,20A69,FRANCIS AV,WESTMORELAND AV,298,W,N,C,-,N,,0,0,,,0,,,,N,0,0,0,2,A,-,8,22107,,M,B,C,A,B,H,-,A,D,0,,,,,Y,,-,99,0,0,0,0,0,0,0,0,0,- ,- ,0,0,1200,2,LOS ANGELES,LOS ANGELES,CA,-118.2900841,34.05680084,"FRANCIS AVE & WESTMORELAND AVE, LOS ANGELES, CA",FRANCIS AVE,WESTMORELAND AVE,113947,
-118.2999992,34.05262375,29652,8806636,2019,2019-02-28T00:00:00.000Z,1942,2019-02-07T00:00:00.000Z,1030,43562,2055,4,5,7,1942,0,0,0,,0,20A53,OLYMPIC BL,NORMANDIE AV,10,E,N,A,-,N,,0,0,,,0,,,,N,0,0,0,2,A,-,7,21658,A,M,B,C,A,A,H,-,A,A,0,,,,,Y,Y,-,99,0,0,0,0,0,0,0,0,0,- ,- ,0,0,1200,2,LOS ANGELES,LOS ANGELES,CA,-118.2999992,34.05262375,"OLYMPIC BLVD & NORMANDIE AVE, LOS ANGELES, CA",OLYMPIC BLVD,NORMANDIE AVE,110456,
-118.2570196,34.03857422,29653,8806642,2019,2019-03-06T00:00:00.000Z,1942,2019-02-04T00:00:00.000Z,913,38357,185,1,5,7,1942,0,0,0,A,0,1A85,LOS ANGELES ST,11TH ST,66,N,N,C,-,N,,0,0,,,0,,,,N,0,0,0,2,A,-,8,22107,,N,B,C,A,B,H,-,A,D,0,,,,,Y,,A,7,0,0,0,0,0,0,0,0,0,- ,- ,0,0,1200,2,LOS ANGELES,LOS ANGELES,CA,-118.2570196,34.03857422,"LOS ANGELES ST & 11TH ST, LOS ANGELES, CA",LOS ANGELES ST,11TH ST,110524,
-118.2914147,34.05077362,29654,8806991,2019,2019-03-01T00:00:00.000Z,1942,2019-02-07T00:00:00.000Z,1100,38282,2069,4,5,7,1942,0,0,0,,0,20A69,11TH ST,VERMONT AV,66,E,N,A,-,N,,0,0,,,0,,,,N,0,0,0,2,A,-,21,22106,,N,C,C,A,A,H,-,A,A,0,,,,,Y,,A,1,0,0,0,0,0,0,0,0,0,- ,- ,0,0,1200,2,LOS ANGELES,LOS ANGELES,CA,-118.2914147,34.05077362,"11TH ST & VERMONT AVE, LOS ANGELES, CA",11TH ST,VERMONT AVE,110490,
-118.4255022,34.00187302,29655,8806995,2019,2019-03-01T00:00:00.000Z,1942,2019-02-08T00:00:00.000Z,1005,42380,1456,5,5,7,1942,0,0,0,N,0,14A45,WASHINGTON BL,INGLEWOOD BL,0,,N,A,-,N,,0,0,,,0,,,,Y,0,0,0,2,A,-,0,21073,,M,-,C,A,A,-,-,A,-,0,,,,,Y,,A,1,0,0,0,0,0,0,0,0,0,- ,- ,0,0,1200,2,LOS ANGELES,LOS ANGELES,CA,-118.4255022,34.00187302,"WASHINGTON PL & INGLEWOOD BLVD, LOS ANGELES, CA",WASHINGTON PL,INGLEWOOD BLVD,118100,
-118.2871022,33.97464371,29656,8807060,2019,2019-03-15T00:00:00.000Z,1942,2019-02-19T00:00:00.000Z,905,41812,1256,2,5,7,1942,0,0,0,L,0,12A3,FLORENCE AV,HOOVER ST,0,,Y,A,-,N,,0,0,,,0,,,,Y,3,0,1,3,A,-,12,21453,,F,D,C,A,A,H,-,A,A,0,,,,,Y,,-,99,0,1,0,0,0,0,0,0,0,- ,- ,0,0,1200,2,LOS ANGELES,LOS ANGELES,CA,-118.2871022,33.97464371,"FLORENCE AVE & HOOVER ST, LOS ANGELES, CA",FLORENCE AVE,HOOVER ST,99515,
-118.3380327,34.09797669,29657,8807210,2019,2019-03-12T00:00:00.000Z,1942,2019-02-25T00:00:00.000Z,1055,41671,646,1,5,7,1942,0,0,0,F,0,6A63,SUNSET BL,MCCADDEN PL,15,E,N,A,-,N,,0,0,,,0,,,,N,0,0,0,2,A,-,3,22350,,N,C,C,A,A,H,-,A,D,0,,,,,Y,,A,1,0,0,0,0,0,0,0,0,0,- ,- ,0,0,1200,2,LOS ANGELES,LOS ANGELES,CA,-118.3380327,34.09797668,"SUNSET BLVD & MCCADDEN PL, LOS ANGELES, CA",SUNSET BLVD,MCCADDEN PL,104379,
-118.4189722,34.29703522,29658,8807225,2019,2019-03-14T00:00:00.000Z,1942,2019-02-07T00:00:00.000Z,1135,38947,1918,4,5,7,1942,0,0,0,,0,19A7,NORTH BRAND BL,FOOTHILL BL,0,,Y,A,-,N,,0,0,,,0,,,,Y,0,0,0,2,A,-,13,22515,A,M,B,E,A,A,H,-,A,D,0,,,,,Y,Y,A,1,0,0,0,0,0,0,0,0,0,- ,- ,0,0,1200,2,LOS ANGELES,LOS ANGELES,CA,-118.4189722,34.29703522,"BRAND BLVD & FOOTHILL BLVD, LOS ANGELES, CA",BRAND BLVD,FOOTHILL BLVD,133236,
-118.2444017,34.04831314,29659,8807577,2019,2019-03-14T00:00:00.000Z,1942,2019-02-01T00:00:00.000Z,1130,41326,135,5,5,7,1942,0,0,0,A,0,1A35,3RD ST,E LOS ANGELES ST,125,E,N,A,-,N,,0,0,,,0,,,,N,0,0,0,2,A,-,7,21658,A,N,B,C,A,A,H,-,A,D,0,,,,,Y,,I,11,0,0,0,0,0,0,0,0,0,- ,- ,0,0,1200,2,LOS ANGELES,LOS ANGELES,CA,-118.2444017,34.04831314,"3RD ST & LOS ANGELES ST, LOS ANGELES, CA",3RD ST,LOS ANGELES ST,128137,
-118.4225314,34.16566467,29660,8807715,2019,2019-03-11T00:00:00.000Z,1942,2019-02-19T00:00:00.000Z,1155,33340,969,2,5,7,1942,0,0,0,I,0,9A37,FULTON AV,MAGNOLIA BL,292,N,N,A,-,N,,0,0,,,0,,,,N,3,0,2,2,A,-,4,21703,,N,C,C,A,A,H,-,A,A,0,,,,,Y,,D,22,0,1,1,0,0,0,0,0,0,- ,- ,0,0,1200,2,LOS ANGELES,LOS ANGELES,CA,-118.4225314,34.16566467,"FULTON AVE & MAGNOLIA BLVD, LOS ANGELES, CA",FULTON AVE,MAGNOLIA BLVD,132652,
-118.5011822,34.20123673,29661,8807722,2019,2019-03-11T00:00:00.000Z,1942,2019-02-09T00:00:00.000Z,1054,42460,1028,6,5,7,1942,0,0,0,J,0,10A17,SHERMAN WY,BALBOA BL,0,,Y,C,-,N,,0,0,,,0,,,,N,4,0,2,2,A,-,12,21453,A,N,D,C,A,B,H,-,A,A,0,,,,Y,Y,,A,1,0,0,2,0,0,0,0,0,0,- ,- ,0,0,1200,2,LOS ANGELES,LOS ANGELES,CA,-118.5011822,34.20123672,"SHERMAN WAY & BALBOA BLVD, LOS ANGELES, CA",SHERMAN WAY,BALBOA BLVD,129940,
-118.5534922,34.17266464,29662,8807734,2019,2019-04-02T00:00:00.000Z,1942,2019-02-01T00:00:00.000Z,1003,27260,1061,5,5,7,1942,0,0,0,J,0,10A83,VENTURA BL,TAMPA AV,0,,Y,A,-,N,,0,0,,,0,,,,N,4,0,1,2,A,-,7,21658,A,N,D,C,A,A,D,-,A,A,0,,,,,Y,,-,- ,0,0,1,0,0,0,0,0,0,- ,- ,0,0,1200,2,LOS ANGELES,LOS ANGELES,CA,-118.5534922,34.17266464,"VENTURA BLVD & TAMPA AVE, LOS ANGELES, CA",VENTURA BLVD,TAMPA AVE,135997,
-118.5623222,34.22032547,29663,8807746,2019,2019-04-25T00:00:00.000Z,1942,2019-02-22T00:00:00.000Z,930,39058,2129,5,5,7,1942,0,0,0,,0,21A29,CORBIN AV,ROSCOE BL,0,,Y,A,-,N,,0,0,,,0,,,,Y,4,0,3,3,A,-,9,21800,A,N,D,C,A,A,H,-,A,B,0,,,,Y,Y,,F,76,0,0,3,0,0,0,0,0,0,- ,- ,0,0,1200,2,LOS ANGELES,LOS ANGELES,CA,-118.5623222,34.22032547,"CORBIN AVE & ROSCOE BLVD, LOS ANGELES, CA",CORBIN AVE,ROSCOE BLVD,136411,
-118.4399592,34.18665314,29664,8809364,2019,2019-03-26T00:00:00.000Z,1942,2019-02-05T00:00:00.000Z,930,42634,LOSAN,2,5,7,1942,0,0,0,,0,9,VICTORY BL,HAZELTINE AV,10,E,N,B,C,N,,0,0,,,0,,,,Y,3,0,4,2,A,-,9,21801,,N,A,C,A,B,H,-,A,A,0,,,,,Y,,A,1,0,2,2,0,0,0,0,0,0,- ,- ,0,0,1200,2,LOS ANGELES,LOS ANGELES,CA,-118.4399592,34.18665314,"VICTORY BLVD & HAZELTINE AVE, LOS ANGELES, CA",VICTORY BLVD,HAZELTINE AVE,125670,
-118.2464724,34.05422974,29665,8809453,2019,2019-03-27T00:00:00.000Z,1942,2019-02-22T00:00:00.000Z,1135,42646,132,5,5,7,1942,0,0,0,A,0,1Z45,1ST ST,HILL ST,50,E,N,A,-,N,,0,0,,,0,,,,N,0,0,0,2,A,-,3,22350,,N,C,C,A,A,H,-,A,A,0,,,,,Y,,A,7,0,0,0,0,0,0,0,0,0,- ,- ,0,0,1200,2,LOS ANGELES,LOS ANGELES,CA,-118.2464724,34.05422974,"1ST ST & HILL ST, LOS ANGELES, CA",1ST ST,HILL ST,121162,
-118.4661322,34.18101883,29666,8809512,2019,2019-03-27T00:00:00.000Z,1942,2019-02-28T00:00:00.000Z,1130,39085,941,4,5,7,1942,0,0,0,I,0,9A41,SEPULVEDA BL,OXNARD ST,600,N,N,A,-,N,,0,0,,,0,,,,N,0,0,0,2,A,-,4,21703,,M,C,C,A,A,H,-,A,D,0,,,,,Y,,-,99,0,0,0,0,0,0,0,0,0,- ,- ,0,0,1200,2,LOS ANGELES,LOS ANGELES,CA,-118.4661322,34.18101883,"SEPULVEDA BLVD & OXNARD ST, LOS ANGELES, CA",SEPULVEDA BLVD,OXNARD ST,108365,
-118.2564621,33.98930359,29667,8810048,2019,2019-03-12T00:00:00.000Z,1942,2019-02-09T00:00:00.000Z,1050,38050,1385,6,5,7,1942,0,0,0,M,0,13A85,CENTRAL AV,E SLAUSON AV,0,,Y,B,-,N,,0,0,,,0,,,,N,0,0,0,2,A,-,3,22350,,M,C,C,A,A,H,-,A,D,0,,,,,Y,,-,99,0,0,0,0,0,0,0,0,0,- ,- ,0,0,1200,2,LOS ANGELES,LOS ANGELES,CA,-118.2564621,33.98930359,"CENTRAL AVE & SLAUSON AVE, LOS ANGELES, CA",CENTRAL AVE,SLAUSON AVE,110111,
-118.2783715,33.99239349,29668,8810072,2019,2019-03-12T00:00:00.000Z,1942,2019-02-15T00:00:00.000Z,1000,36238,1371,5,5,7,1942,0,0,0,M,0,13A85,W 55TH ST,BROADWAY,15,W,N,B,-,N,,0,0,,,0,,,,N,0,0,0,2,A,-,21,22106,,M,C,C,A,A,H,-,A,D,0,,,,,Y,,-,99,0,0,0,0,0,0,0,0,0,- ,- ,0,0,1200,2,LOS ANGELES,LOS ANGELES,CA,-118.2783715,33.99239349,"55TH ST & BROADWAY, LOS ANGELES, CA",55TH ST,BROADWAY,120734,
-118.4530922,34.18664551,29669,8810243,2019,2019-03-06T00:00:00.000Z,1942,2019-02-07T00:00:00.000Z,1023,33340,932,4,5,7,1942,0,0,0,I,0,9A23,VICTORY BL,CEDROS AV,0,,Y,A,-,N,,0,0,,,0,,,,N,4,0,1,3,A,-,9,21801,A,N,D,C,A,A,H,-,A,A,0,,,,,Y,,A,1,0,0,1,0,0,0,0,0,0,- ,- ,0,0,1200,2,LOS ANGELES,LOS ANGELES,CA,-118.4530922,34.18664551,"VICTORY BLVD & CEDROS AVE, LOS ANGELES, CA",VICTORY BLVD,CEDROS AVE,132840,
-118.4356222,34.16487503,29670,8810263,2019,2019-03-06T00:00:00.000Z,1942,2019-02-09T00:00:00.000Z,900,30452,957,6,5,7,1942,0,0,0,I,0,9A63,MAGNOLIA BL,RANCHITO AV,0,,Y,B,-,N,,0,0,,,0,,,,Y,4,0,2,2,A,-,8,22107,,N,D,C,A,B,H,-,A,A,0,,,,,Y,,A,1,0,0,2,0,0,0,0,0,0,- ,- ,0,0,1200,2,LOS ANGELES,LOS ANGELES,CA,-118.4356222,34.16487503,"MAGNOLIA BLVD & RANCHITO AVE, LOS ANGELES, CA",MAGNOLIA BLVD,RANCHITO AVE,104505,
-118.4138022,34.16839218,29671,8810291,2019,2019-03-06T00:00:00.000Z,1942,2019-02-09T00:00:00.000Z,1135,41316,969,6,5,7,1942,0,0,0,I,0,9A37,COLDWATER CANYON AV,CHANDLER BL,100,S,N,A,-,N,,0,0,,,0,,,,Y,4,0,2,3,A,-,3,22350,,N,C,C,A,A,H,-,A,A,0,,,,,Y,,A,1,0,0,2,0,0,0,0,0,0,- ,- ,0,0,1200,2,LOS ANGELES,LOS ANGELES,CA,-118.4138022,34.16839218,"COLDWATER CANYON AVE & CHANDLER BLVD, LOS ANGELES, CA",COLDWATER CANYON AVE,CHANDLER BLVD,108031,
-118.5535822,34.22066879,29672,8810300,2019,2019-03-06T00:00:00.000Z,1942,2019-02-13T00:00:00.000Z,1115,40141,1793,3,5,7,1942,0,0,0,Q,0,17A67,TAMPA AV,ROSCOE BL,75,N,N,A,B,N,,0,0,,,0,,,,Y,4,0,2,2,A,-,4,21703,,N,C,C,A,A,H,-,A,C,0,,,,,Y,,A,7,0,0,2,0,0,0,0,0,0,- ,- ,0,0,1200,2,LOS ANGELES,LOS ANGELES,CA,-118.5535822,34.22066879,"TAMPA AVE & ROSCOE BLVD, LOS ANGELES, CA",TAMPA AVE,ROSCOE BLVD,122498,
-118.439976,34.16997528,29673,8810302,2019,2019-03-06T00:00:00.000Z,1942,2019-02-06T00:00:00.000Z,940,31324,943,3,5,7,1942,0,0,0,I,0,9A41,HAZELTINE AV,ALBERS ST,120,S,N,A,-,N,,0,0,,,0,,,,N,4,0,1,2,A,-,4,21703,,N,C,C,A,A,H,-,A,A,0,,,,,Y,,A,1,0,0,1,0,0,0,0,0,0,- ,- ,0,0,1200,2,LOS ANGELES,LOS ANGELES,CA,-118.439976,34.16997528,"HAZELTINE AVE & ALBERS ST, LOS ANGELES, CA",HAZELTINE AVE,ALBERS ST,118524,
-118.5200222,34.2358551,29674,8810304,2019,2019-03-06T00:00:00.000Z,1942,2019-02-15T00:00:00.000Z,1050,40029,LOS A,5,5,7,1942,0,0,0,,0,17A67,NORDHOFF ST,WHITE OAK AV,0,,Y,C,-,N,,0,0,,,0,,,,N,4,0,1,2,A,-,12,21453,A,N,D,C,A,B,H,-,A,D,0,,,,,Y,,A,1,0,0,1,0,0,0,0,0,0,- ,- ,0,0,1200,2,LOS ANGELES,LOS ANGELES,CA,-118.5200222,34.2358551,"NORDHOFF ST & WHITE OAK AVE, LOS ANGELES, CA",NORDHOFF ST,WHITE OAK AVE,143462,
-118.4487322,34.18665314,29675,8810306,2019,2019-03-06T00:00:00.000Z,1942,2019-02-08T00:00:00.000Z,1145,33886,933,5,5,7,1942,0,0,0,I,0,9A41,VICTORY BL,VAN NUYS BL,0,,Y,A,-,N,,0,0,,,0,,,,Y,4,0,1,3,A,-,12,21453,A,N,D,C,A,A,H,-,A,A,0,,,,,Y,,A,1,0,0,1,0,0,0,0,0,0,- ,- ,0,0,1200,2,LOS ANGELES,LOS ANGELES,CA,-118.4487322,34.18665314,"VICTORY BLVD & VAN NUYS BLVD, LOS ANGELES, CA",VICTORY BLVD,VAN NUYS BLVD,118854,
-118.4487405,34.19486237,29676,8810309,2019,2019-03-18T00:00:00.000Z,1942,2019-02-19T00:00:00.000Z,1100,38687,923,2,5,7,1942,0,0,0,I,0,19TL75,VAN NUYS BL,HARTLAND ST,100,S,N,A,-,N,,0,0,,,0,,,,N,3,0,1,1,A,-,8,22107,,N,E,I,A,A,H,-,A,D,0,,,,,Y,,A,1,0,1,0,0,0,0,0,0,0,- ,- ,0,0,1200,2,LOS ANGELES,LOS ANGELES,CA,-118.4487405,34.19486237,"VAN NUYS BLVD & HARTLAND ST, LOS ANGELES, CA",VAN NUYS BLVD,HARTLAND ST,115550,
-118.5448422,34.22058487,29677,8810353,2019,2019-03-07T00:00:00.000Z,1942,2019-02-07T00:00:00.000Z,900,27792,1003,4,5,7,1942,0,0,0,J,0,10A3,ROSCOE BL,WILBUR AV,0,,Y,B,-,N,,0,0,,,0,,,,Y,3,0,2,2,A,-,9,21801,A,N,B,C,A,A,H,-,A,A,0,,,,,Y,,A,7,0,2,0,0,0,0,0,0,0,- ,- ,0,0,1200,2,LOS ANGELES,LOS ANGELES,CA,-118.5448422,34.22058487,"ROSCOE BLVD & WILBUR AVE, LOS ANGELES, CA",ROSCOE BLVD,WILBUR AVE,101721,
-118.4850046,34.24316788,29678,8810358,2019,2019-03-06T00:00:00.000Z,1942,2019-02-04T00:00:00.000Z,1050,42460,1777,1,5,7,1942,0,0,0,Q,0,17A95,WOODLEY AV,PLUMMER ST,100,N,N,C,-,N,,0,0,,,0,,,,Y,4,0,2,2,A,-,7,21658,A,N,B,C,A,B,H,-,A,A,0,,,,,Y,,A,1,0,0,2,0,0,0,0,0,0,- ,- ,0,0,1200,2,LOS ANGELES,LOS ANGELES,CA,-118.4850046,34.24316788,"WOODLEY AVE & PLUMMER ST, LOS ANGELES, CA",WOODLEY AVE,PLUMMER ST,150675,
-118.4839262,34.18662643,29679,8810375,2019,2019-04-11T00:00:00.000Z,1942,2019-02-25T00:00:00.000Z,1120,37080,1049,1,5,7,1942,0,0,0,J,0,10A17,VICTORY BL,WOODLEY AV,80,W,N,B,-,N,,0,0,,,0,,,,N,0,0,0,2,A,-,4,21703,,M,C,C,A,A,H,-,A,D,0,,,,,Y,,-,99,0,0,0,0,0,0,0,0,0,- ,- ,0,0,1200,2,LOS ANGELES,LOS ANGELES,CA,-118.4839262,34.18662643,"VICTORY BLVD & WOODLEY AVE, LOS ANGELES, CA",VICTORY BLVD,WOODLEY AVE,122454,
-118.4583795,34.18663406,29680,8810379,2019,2019-03-15T00:00:00.000Z,1942,2019-02-23T00:00:00.000Z,1135,42051,932,6,5,7,1942,0,0,0,I,0,9A23,VICTORY BL,KESTER AV,275,W,N,A,-,N,,0,0,,,0,,,,N,0,0,0,2,A,-,4,21703,,M,C,C,A,A,H,-,A,D,0,,,,,Y,,-,99,0,0,0,0,0,0,0,0,0,- ,- ,0,0,1200,2,LOS ANGELES,LOS ANGELES,CA,-118.4583795,34.18663406,"VICTORY BLVD & KESTER AVE, LOS ANGELES, CA",VICTORY BLVD,KESTER AVE,146982,