X,Y,OBJECTID,case_id,accident_year,proc_date,juris,collision_date,collision_time,officer_id,reporting_district,day_of_week,chp_shift,population,cnty_city_loc,special_cond,beat_type,chp_beat_type,city_division_lapd,chp_beat_class,beat_number,primary_rd,secondary_rd,distance,direction,intersection,weather_1,weather_2,state_hwy_ind,caltrans_county,caltrans_district,state_route,route_suffix,postmile_prefix,postmile,location_type,ramp_intersection,side_of_hwy,tow_away,collision_severity,number_killed,number_injured,party_count,primary_coll_factor,pcf_code_of_viol,pcf_viol_category,pcf_violation,pcf_viol_subsection,hit_and_run,type_of_collision,mviw,ped_action,road_surface,road_cond_1,road_cond_2,lighting,control_device,chp_road_type,pedestrian_accident,bicycle_accident,motorcycle_accident,truck_accident,not_private_property,alcohol_involved,stwd_vehtype_at_fault,chp_vehtype_at_fault,count_severe_inj,count_visible_inj,count_complaint_pain,count_ped_killed,count_ped_injured,count_bicyclist_killed,count_bicyclist_injured,count_mc_killed,count_mc_injured,primary_ramp,secondary_ramp,latitude,longitude,timecat,month_,city,county,state,point_x,point_y,match_addr,m_primaryrd,m_secondrd,int_id,Flag
-118.4247416,34.21603012,29681,8810387,2019,2019-03-15T00:00:00.000Z,1942,2019-02-01T00:00:00.000Z,1005,39085,1999,5,5,7,1942,0,0,0,,0,19A93,VARNA AV,STRATHERN ST,53,N,N,A,-,N,,0,0,,,0,,,,Y,0,0,0,1,A,-,3,22350,,N,E,I,A,-,H,-,A,D,0,,,,,Y,,A,1,0,0,0,0,0,0,0,0,0,- ,- ,0,0,1200,2,LOS ANGELES,LOS ANGELES,CA,-118.4247416,34.21603012,"VARNA AVE & STRATHERN ST, LOS ANGELES, CA",VARNA AVE,STRATHERN ST,111473,
-118.5011822,34.20123673,29682,8810394,2019,2019-03-06T00:00:00.000Z,1942,2019-02-09T00:00:00.000Z,1010,42460,1028,6,5,7,1942,0,0,0,J,0,10A17,SHERMAN WY,BALBOA BL,0,,Y,C,-,N,,0,0,,,0,,,,N,3,0,2,2,A,-,12,21453,A,N,D,C,A,B,H,-,A,A,0,,,,,Y,,A,8,0,1,1,0,0,0,0,0,0,- ,- ,0,0,1200,2,LOS ANGELES,LOS ANGELES,CA,-118.5011822,34.20123672,"SHERMAN WAY & BALBOA BLVD, LOS ANGELES, CA",SHERMAN WAY,BALBOA BLVD,129940,
-118.4924022,34.19389343,29683,8810398,2019,2019-03-19T00:00:00.000Z,1942,2019-02-09T00:00:00.000Z,1045,41263,1028,6,5,7,1942,0,0,0,J,0,10A67,VANOWEN ST,HAYVENHURST AV,0,,Y,B,C,N,,0,0,,,0,,,,Y,4,0,2,2,A,-,4,21703,,N,C,C,A,B,H,-,A,A,0,,,,,Y,,A,8,0,0,2,0,0,0,0,0,0,- ,- ,0,0,1200,2,LOS ANGELES,LOS ANGELES,CA,-118.4924022,34.19389343,"VANOWEN ST & HAYVENHURST AVE, LOS ANGELES, CA",VANOWEN ST,HAYVENHURST AVE,101350,
-118.3837921,34.07357407,29684,8810522,2019,2019-03-08T00:00:00.000Z,1942,2019-02-02T00:00:00.000Z,900,38282,721,6,5,7,1942,0,0,0,G,0,7A21,S ROBERTSON BL,3RD ST W,0,,Y,C,-,N,,0,0,,,0,,,,Y,4,0,1,2,A,-,12,21453,A,N,D,C,A,B,H,-,A,A,0,,,,,Y,,A,1,0,0,1,0,0,0,0,0,0,- ,- ,0,0,1200,2,LOS ANGELES,LOS ANGELES,CA,-118.3837921,34.07357407,"ROBERTSON BLVD & 3RD ST, LOS ANGELES, CA",ROBERTSON BLVD,3RD ST,128562,
-118.3266627,34.09796906,29685,8810661,2019,2019-03-11T00:00:00.000Z,1942,2019-02-06T00:00:00.000Z,1010,30455,647,3,5,7,1942,0,0,0,F,0,6A67,VINE ST,SUNSET BL,10,S,N,A,-,N,,0,0,,,0,,,,N,0,0,0,2,A,-,3,22350,,M,C,C,A,A,H,-,A,D,0,,,,,Y,,-,99,0,0,0,0,0,0,0,0,0,- ,- ,0,0,1200,2,LOS ANGELES,LOS ANGELES,CA,-118.3266627,34.09796906,"VINE ST & SUNSET BLVD, LOS ANGELES, CA",VINE ST,SUNSET BLVD,111439,
-118.3725239,34.02034378,29686,8810860,2019,2019-03-15T00:00:00.000Z,1942,2019-02-21T00:00:00.000Z,900,40404,341,4,5,7,1942,0,0,0,C,0,25T23,LA CIENEGA BL,RODEO RD,500,S,N,A,-,N,,0,0,,,0,,,,Y,4,0,1,2,A,-,1,23152,A,N,C,C,A,A,H,-,A,D,0,,,,,Y,Y,D,22,0,0,1,0,0,0,0,0,0,- ,- ,0,0,1200,2,LOS ANGELES,LOS ANGELES,CA,-118.3725239,34.02034378,"LA CIENEGA BLVD & RODEO RD, LOS ANGELES, CA",LA CIENEGA BLVD,RODEO RD,109352,
-118.2825872,34.00558472,29687,8810868,2019,2019-03-20T00:00:00.000Z,1942,2019-02-26T00:00:00.000Z,1140,41933,399,2,5,7,1942,0,0,0,C,0,25ELZ,43RD ST,FIGUEROA ST,44,E,N,A,-,N,,0,0,,,0,,,,N,4,0,1,2,A,-,21,22106,,N,H,C,A,A,H,-,A,D,0,,,,Y,Y,,F,26,0,0,1,0,0,0,0,0,0,- ,- ,0,0,1200,2,LOS ANGELES,LOS ANGELES,CA,-118.2825872,34.00558472,"43RD ST & FIGUEROA ST, LOS ANGELES, CA",43RD ST,FIGUEROA ST,103391,
-118.3703422,34.20843506,29688,8811183,2019,2019-03-21T00:00:00.000Z,1942,2019-02-04T00:00:00.000Z,1025,39217,1506,1,5,7,1942,0,0,0,O,0,15A3,VINELAND AV,SATICOY ST,0,,Y,C,-,N,,0,0,,,0,,,,Y,4,0,2,2,A,-,12,21453,A,N,D,C,A,B,H,-,A,A,0,,,,Y,Y,,F,26,0,0,2,0,0,0,0,0,0,- ,- ,0,0,1200,2,LOS ANGELES,LOS ANGELES,CA,-118.3703422,34.20843506,"VINELAND AVE & SATICOY ST, LOS ANGELES, CA",VINELAND AVE,SATICOY ST,132677,
-118.3309715,33.97445679,29689,8811207,2019,2019-03-13T00:00:00.000Z,1942,2019-02-26T00:00:00.000Z,1115,41729,1251,2,5,7,1942,0,0,0,L,0,1115,CRENSHAW BL,FLORENCE AV,25,S,N,A,-,N,,0,0,,,0,,,,N,0,0,0,2,A,-,8,22107,,M,B,C,A,-,H,-,A,D,0,,,,,Y,,-,99,0,0,0,0,0,0,0,0,0,- ,- ,0,0,1200,2,LOS ANGELES,LOS ANGELES,CA,-118.3309715,33.97445679,"CRENSHAW BLVD & FLORENCE AVE, LOS ANGELES, CA",CRENSHAW BLVD,FLORENCE AVE,124110,
-118.3961871,33.93129349,29690,8811357,2019,2019-03-12T00:00:00.000Z,1942,2019-02-19T00:00:00.000Z,1050,41977,1494,2,5,7,1942,0,0,0,N,0,LAX,S SEPULVEDA BL,N IMPERIAL HWY,100,N,N,A,-,N,,0,0,,,0,,,,N,0,0,0,2,A,-,8,22107,,M,B,C,A,A,H,-,A,A,0,,,,,Y,,-,99,0,0,0,0,0,0,0,0,0,- ,- ,0,0,1200,2,LOS ANGELES,LOS ANGELES,CA,-118.3961871,33.93129349,"SEPULVEDA BLVD & IMPERIAL HWY, LOS ANGELES, CA",SEPULVEDA BLVD,IMPERIAL HWY,102048,
-118.5232329,34.23914337,29691,8811509,2019,2019-04-08T00:00:00.000Z,1942,2019-02-04T00:00:00.000Z,1020,33886,1774,1,5,7,1942,0,0,0,Q,0,17A67,ZELZAH AV,PRAIRIE ST,65,N,N,B,-,N,,0,0,,,0,,,,N,4,0,2,2,A,-,21,22106,,N,C,C,A,B,G,-,A,D,0,,,,,Y,,A,1,0,0,2,0,0,0,0,0,0,- ,- ,0,0,1200,2,LOS ANGELES,LOS ANGELES,CA,-118.5232329,34.23914337,"ZELZAH AVE & PRAIRIE ST, LOS ANGELES, CA",ZELZAH AVE,PRAIRIE ST,101609,
-118.6018622,34.2396698,29692,8811688,2019,2019-03-29T00:00:00.000Z,1942,2019-02-22T00:00:00.000Z,1150,42051,1761,5,5,7,1942,0,0,0,Q,0,17A23,OWENSMOUTH AV,PRAIRIE ST,220,N,N,A,-,N,,0,0,,,0,,,,Y,0,0,0,2,A,-,4,21703,,M,C,C,A,A,H,-,A,D,0,,,,,Y,,-,99,0,0,0,0,0,0,0,0,0,- ,- ,0,0,1200,2,LOS ANGELES,LOS ANGELES,CA,-118.6018622,34.2396698,"OWENSMOUTH AVE & PRAIRIE ST, LOS ANGELES, CA",OWENSMOUTH AVE,PRAIRIE ST,147929,
-118.5798022,34.22006607,29693,8812046,2019,2019-03-01T00:00:00.000Z,1942,2019-02-04T00:00:00.000Z,1125,38017,2118,1,5,7,1942,0,0,0,,0,21A29,MASON AV,ROSCOE BL,0,,Y,C,-,N,,0,0,,,0,,,,N,4,0,1,2,A,-,12,21453,A,F,D,C,A,B,H,-,A,A,0,,,,,Y,,-,99,0,0,1,0,0,0,0,0,0,- ,- ,0,0,1200,2,LOS ANGELES,LOS ANGELES,CA,-118.5798022,34.22006607,"MASON AVE & ROSCOE BLVD, LOS ANGELES, CA",MASON AVE,ROSCOE BLVD,122511,
-118.4099321,33.98794556,29694,8812361,2019,2019-03-04T00:00:00.000Z,1942,2019-02-15T00:00:00.000Z,918,32921,1465,5,5,7,1942,0,0,0,N,0,14A49,INGLEWOOD BL,BRAY ST,0,,Y,A,-,N,,0,0,,,0,,,,Y,2,0,2,2,A,-,9,21802,A,N,D,G,A,A,H,-,A,A,0,,Y,,,Y,,L,4,1,0,1,0,0,0,1,0,0,- ,- ,0,0,1200,2,LOS ANGELES,LOS ANGELES,CA,-118.4099321,33.98794556,"INGLEWOOD BLVD & BRAY ST, LOS ANGELES, CA",INGLEWOOD BLVD,BRAY ST,135258,
-118.2915521,34.02248764,29695,8812375,2019,2019-03-01T00:00:00.000Z,1942,2019-02-18T00:00:00.000Z,944,R6544,357,1,5,7,1942,0,0,0,C,0,3A57,VERMONT AV,36TH PL,150,N,N,A,-,N,,0,0,,,0,,,,N,4,0,1,2,A,-,9,21804,A,N,D,G,A,A,H,-,A,D,0,,Y,,,Y,,A,1,0,0,1,0,0,0,1,0,0,- ,- ,0,0,1200,2,LOS ANGELES,LOS ANGELES,CA,-118.2915521,34.02248764,"VERMONT AVE & 36TH PL, LOS ANGELES, CA",VERMONT AVE,36TH PL,124369,
-118.2564621,33.95292664,29697,8813001,2019,2019-03-14T00:00:00.000Z,1942,2019-02-25T00:00:00.000Z,945,31674,1821,1,5,7,1942,0,0,0,R,0,25MX1,CENTRAL AV,CLOVIS AV,0,,Y,A,-,N,,0,0,,,0,,,,N,0,0,0,2,A,-,8,22101,D,M,D,C,A,A,H,-,A,A,0,,,,,Y,,-,99,0,0,0,0,0,0,0,0,0,- ,- ,0,0,1200,2,LOS ANGELES,LOS ANGELES,CA,-118.2564621,33.95292664,"CENTRAL AVE & CLOVIS AVE, LOS ANGELES, CA",CENTRAL AVE,CLOVIS AVE,148821,
-118.2565321,33.95326614,29698,8813042,2019,2019-04-03T00:00:00.000Z,1942,2019-02-03T00:00:00.000Z,1130,38503,1824,7,5,7,1942,0,0,0,R,0,25TL23,CENTRAL AV,92ND ST,0,,Y,C,-,N,,0,0,,,0,,,,N,3,0,1,2,A,-,- ,0,,N,D,G,A,B,H,-,A,A,0,,Y,,,Y,,-,- ,0,1,0,0,0,0,1,0,0,- ,- ,0,0,1200,2,LOS ANGELES,LOS ANGELES,CA,-118.2565321,33.95326614,"CENTRAL AVE & 92ND ST, LOS ANGELES, CA",CENTRAL AVE,92ND ST,148821,
-118.4698821,34.00223541,29699,8813365,2019,2019-04-08T00:00:00.000Z,1942,2019-02-01T00:00:00.000Z,1040,38722,1415,5,5,7,1942,0,0,0,N,0,7A85,LINCOLN BL,COMMONWEALTH AV,0,,Y,A,B,N,,0,0,,,0,,,,N,4,0,1,3,A,-,3,22350,,N,C,C,A,A,H,-,A,B,0,,,,,Y,,A,1,0,0,1,0,0,0,0,0,0,- ,- ,0,0,1200,2,LOS ANGELES,LOS ANGELES,CA,-118.4698821,34.00223541,"LINCOLN BLVD & COMMONWEALTH AVE, LOS ANGELES, CA",LINCOLN BLVD,COMMONWEALTH AVE,142506,
-118.3731621,33.97610474,29700,8813389,2019,2019-04-03T00:00:00.000Z,1942,2019-02-08T00:00:00.000Z,1130,42479,1469,5,5,7,1942,0,0,0,N,0,14A67,KNOWLTON,LA TIJERA,0,,Y,A,-,N,,0,0,,,0,,,,N,4,0,1,2,A,-,12,21453,,N,D,D,A,A,H,-,A,A,0,,,,,Y,,A,1,0,0,1,0,0,0,0,0,0,- ,- ,0,0,1200,2,LOS ANGELES,LOS ANGELES,CA,-118.3731621,33.97610474,"KNOWLTON ST & LA TIJERA BLVD, LOS ANGELES, CA",KNOWLTON ST,LA TIJERA BLVD,134519,
-118.4286355,34.02729797,29701,8813393,2019,2019-03-20T00:00:00.000Z,1942,2019-02-03T00:00:00.000Z,1150,42656,1427,7,5,7,1942,0,0,0,N,0,14A27,S SEPULVEDA BL,NATIONAL BL,20,E,N,C,-,N,,0,0,,,0,,,,Y,3,0,4,3,A,-,8,22100,A,N,D,C,A,B,H,-,A,A,0,,,,,Y,,A,1,0,2,2,0,0,0,0,0,0,- ,- ,0,0,1200,2,LOS ANGELES,LOS ANGELES,CA,-118.4286355,34.02729797,"SEPULVEDA BLVD & NATIONAL BLVD, LOS ANGELES, CA",SEPULVEDA BLVD,NATIONAL BLVD,107526,
-118.2479273,33.93782806,29702,8813403,2019,2019-03-07T00:00:00.000Z,1942,2019-02-21T00:00:00.000Z,1100,37146,1836,4,5,7,1942,0,0,0,R,0,25TL43,E 108TH ST,COMPTON AV,500,W,N,A,-,N,,0,0,,,0,,,,N,4,0,2,4,A,-,5,21650,,N,D,C,A,A,H,-,A,D,0,,,,,Y,,A,7,0,0,2,0,0,0,0,0,0,- ,- ,0,0,1200,2,LOS ANGELES,LOS ANGELES,CA,-118.2479273,33.93782806,"108TH ST & COMPTON AVE, LOS ANGELES, CA",108TH ST,COMPTON AVE,110153,
-118.4372821,33.98552322,29703,8813405,2019,2019-03-20T00:00:00.000Z,1942,2019-02-09T00:00:00.000Z,1005,39655,1454,6,5,7,1942,0,0,0,N,0,14A45,GLENCOE AV,MINDANAO WY,0,,Y,A,-,N,,0,0,,,0,,,,Y,4,0,1,2,A,-,12,21453,A,N,D,C,A,A,H,-,A,A,0,,,,,Y,,A,1,0,0,1,0,0,0,0,0,0,- ,- ,0,0,1200,2,LOS ANGELES,LOS ANGELES,CA,-118.4372821,33.98552322,"GLENCOE AVE & MINDANAO WAY, LOS ANGELES, CA",GLENCOE AVE,MINDANAO WAY,107147,
-118.3496795,34.040802,29704,8813425,2019,2019-03-20T00:00:00.000Z,1942,2019-02-23T00:00:00.000Z,1130,41179,784,6,5,7,1942,0,0,0,G,0,7A73,S ORANGE DR,WASHINGTON BL,3,N,N,A,-,N,,0,0,,,0,,,,N,2,0,1,2,A,-,10,21950,A,N,G,B,B,A,H,-,A,A,0,Y,,,,Y,,A,7,1,0,0,0,1,0,0,0,0,- ,- ,0,0,1200,2,LOS ANGELES,LOS ANGELES,CA,-118.3496795,34.040802,"ORANGE DR & WASHINGTON BLVD, LOS ANGELES, CA",ORANGE DR,WASHINGTON BLVD,142058,
-118.2900251,34.00613022,29705,8813427,2019,2019-03-07T00:00:00.000Z,1942,2019-02-20T00:00:00.000Z,905,41297,396,3,5,7,1942,0,0,0,C,0,3XL65,MENLO AV,42ND PL,100,S,N,A,-,N,,0,0,,,0,,,,N,4,0,1,2,A,-,3,22350,,F,A,J,A,A,H,-,A,D,0,,,,,Y,,-,99,0,0,1,0,0,0,0,0,0,- ,- ,0,0,1200,2,LOS ANGELES,LOS ANGELES,CA,-118.2900251,34.00613022,"MENLO AVE & 42ND PL, LOS ANGELES, CA",MENLO AVE,42ND PL,148834,
-118.4281121,34.00519562,29706,8813567,2019,2019-03-20T00:00:00.000Z,1942,2019-02-16T00:00:00.000Z,930,36664,1446,6,5,7,1942,0,0,0,N,0,14A49,PACIFIC AV,INGLEWOOD BL,0,,Y,A,-,N,,0,0,,,0,,,,Y,0,0,0,2,A,-,9,21802,A,M,D,C,A,A,H,-,A,A,0,,,,,Y,,A,1,0,0,0,0,0,0,0,0,0,- ,- ,0,0,1200,2,LOS ANGELES,LOS ANGELES,CA,-118.4281121,34.00519562,"PACIFIC AVE & INGLEWOOD BLVD, LOS ANGELES, CA",PACIFIC AVE,INGLEWOOD BLVD,96893,
-118.5500826,34.16518021,29707,8814056,2019,2019-03-29T00:00:00.000Z,1942,2019-02-13T00:00:00.000Z,1125,38613,1063,3,5,7,1942,0,0,0,J,0,10A83,VANALDEN AV,SPRAGUE ST,5,S,N,A,-,N,,0,0,,,0,,,,Y,0,0,0,1,A,-,3,22350,,N,E,I,A,B,-,-,A,A,0,,,,,Y,,A,1,0,0,0,0,0,0,0,0,0,- ,- ,0,0,1200,2,LOS ANGELES,LOS ANGELES,CA,-118.5500826,34.16518021,"VANALDEN AVE & SPRAGUE ST, LOS ANGELES, CA",VANALDEN AVE,SPRAGUE ST,150765,
-118.2444596,34.02399063,29708,8814064,2019,2019-03-27T00:00:00.000Z,1942,2019-02-14T00:00:00.000Z,1130,38982,1317,4,5,7,1942,0,0,0,M,0,13A9,E 16TH ST,HOOPER AV,74,E,N,C,-,N,,0,0,,,0,,,,N,0,0,0,2,A,-,3,22350,,M,B,C,A,B,H,-,A,D,0,,,,,Y,,A,1,0,0,0,0,0,0,0,0,0,- ,- ,0,0,1200,2,LOS ANGELES,LOS ANGELES,CA,-118.2444596,34.02399063,"16TH ST & HOOPER AVE, LOS ANGELES, CA",16TH ST,HOOPER AVE,138469,
-118.5709622,34.17096329,29709,8814091,2019,2019-03-29T00:00:00.000Z,1942,2019-02-13T00:00:00.000Z,1100,38613,2189,3,5,7,1942,0,0,0,,0,21A97,WINNETKA AV,VENTURA BL,0,,Y,A,-,N,,0,0,,,0,,,,N,0,0,0,2,A,-,0,23103,,M,B,C,A,B,H,-,A,A,0,,,,,Y,,A,1,0,0,0,0,0,0,0,0,0,- ,- ,0,0,1200,2,LOS ANGELES,LOS ANGELES,CA,-118.5709622,34.17096329,"WINNETKA AVE & VENTURA BLVD, LOS ANGELES, CA",WINNETKA AVE,VENTURA BLVD,111615,
-118.3405828,34.03331375,29710,8814313,2019,2019-03-15T00:00:00.000Z,1942,2019-02-19T00:00:00.000Z,1010,42819,305,2,5,7,1942,0,0,0,,0,3A15,WEST BL,BUCKINGHAM PL,30,W,N,A,-,N,,0,0,,,0,,,,Y,4,0,1,2,A,-,3,22350,,N,B,C,A,A,H,-,A,D,0,,,,,Y,,I,20,0,0,1,0,0,0,0,0,0,- ,- ,0,0,1200,2,LOS ANGELES,LOS ANGELES,CA,-118.3405828,34.03331375,"WEST BLVD & BUCKINGHAM PL, LOS ANGELES, CA",WEST BLVD,BUCKINGHAM PL,102695,
-118.3089312,34.02600098,29711,8814317,2019,2019-03-15T00:00:00.000Z,1942,2019-02-10T00:00:00.000Z,915,39397,355,7,5,7,1942,0,0,0,C,0,3A55,S WESTERN AV,JEFFERSON BL,155,N,N,B,-,N,,0,0,,,0,,,,N,0,0,0,2,A,-,3,22350,,N,B,E,A,A,H,-,A,D,0,,,,,Y,,D,22,0,0,0,0,0,0,0,0,0,- ,- ,0,0,1200,2,LOS ANGELES,LOS ANGELES,CA,-118.3089312,34.02600098,"WESTERN AVE & JEFFERSON BLVD, LOS ANGELES, CA",WESTERN AVE,JEFFERSON BLVD,106709,
-118.2865803,34.03275299,29712,8814821,2019,2019-03-06T00:00:00.000Z,1942,2019-02-22T00:00:00.000Z,920,42387,327,5,5,7,1942,0,0,0,,0,3A1,ADAMS BL,MAGNOLIA AV,30,W,N,A,-,N,,0,0,,,0,,,,N,4,0,1,2,A,-,3,22350,,N,C,C,A,A,H,-,A,D,0,,,,,Y,,A,1,0,0,1,0,0,0,0,0,0,- ,- ,0,0,1200,2,LOS ANGELES,LOS ANGELES,CA,-118.2865803,34.03275299,"ADAMS BLVD & MAGNOLIA AVE, LOS ANGELES, CA",ADAMS BLVD,MAGNOLIA AVE,145802,
-118.3460621,34.02554321,29713,8814850,2019,2019-03-06T00:00:00.000Z,1942,2019-02-24T00:00:00.000Z,1140,43271,332,7,5,7,1942,0,0,0,C,0,3X72,FARMDALE AV,JEFFERSON BL,0,,Y,A,-,N,,0,0,,,0,,,,N,0,0,0,2,A,-,5,21651,B,M,D,C,A,A,H,-,A,D,0,,,,,Y,,-,99,0,0,0,0,0,0,0,0,0,- ,- ,0,0,1200,2,LOS ANGELES,LOS ANGELES,CA,-118.3460621,34.02554321,"FARMDALE AVE & JEFFERSON BLVD, LOS ANGELES, CA",FARMDALE AVE,JEFFERSON BLVD,113822,
-118.5536022,34.23096466,29714,8815281,2019,2019-04-12T00:00:00.000Z,1942,2019-02-07T00:00:00.000Z,950,42324,1782,4,5,7,1942,0,0,0,Q,0,17A81,TAMPA AV,BUSINESS CENTER DR,0,,Y,A,-,N,,0,0,,,0,,,,Y,4,0,1,2,A,-,9,21801,A,N,D,C,A,A,H,-,A,D,0,,,,,Y,,A,1,0,0,1,0,0,0,0,0,0,- ,- ,0,0,1200,2,LOS ANGELES,LOS ANGELES,CA,-118.5536022,34.23096466,"TAMPA AVE & BUSINESS CENTER DR, LOS ANGELES, CA",TAMPA AVE,BUSINESS CENTER DR,109288,
-118.562127,34.27344513,29715,8815286,2019,2019-03-21T00:00:00.000Z,1942,2019-02-10T00:00:00.000Z,1050,43193,1781,7,5,7,1942,0,0,0,Q,0,17A67,CORBIN AV,RINALDI ST,500,S,N,B,C,N,,0,0,,,0,,,,Y,3,0,2,2,A,-,9,21804,A,N,A,C,A,B,H,-,A,D,0,,,,,Y,,A,1,0,1,1,0,0,0,0,0,0,- ,- ,0,0,1200,2,LOS ANGELES,LOS ANGELES,CA,-118.562127,34.27344513,"CORBIN AVE & RINALDI ST, LOS ANGELES, CA",CORBIN AVE,RINALDI ST,136824,
-118.3484105,34.03853989,29716,8815292,2019,2019-03-21T00:00:00.000Z,1942,2019-02-07T00:00:00.000Z,1020,39624,784,4,5,7,1942,0,0,0,G,0,7A73,S LA BREA AV,21ST ST,26,N,N,A,-,N,,0,0,,,0,,,,Y,4,0,1,2,A,-,7,21658,A,F,B,C,A,A,H,-,A,A,0,,,,,Y,,-,99,0,0,1,0,0,0,0,0,0,- ,- ,0,0,1200,2,LOS ANGELES,LOS ANGELES,CA,-118.3484105,34.03853989,"LA BREA AVE & 21ST ST, LOS ANGELES, CA",LA BREA AVE,21ST ST,96394,
-118.3271931,34.08148193,29717,8815296,2019,2019-03-21T00:00:00.000Z,1942,2019-02-09T00:00:00.000Z,1114,34959,719,6,5,7,1942,0,0,0,G,0,7A17,ROSSMORE AV,CLINTON ST,60,S,N,C,-,N,,0,0,,,0,,,,N,4,0,2,2,A,-,3,22350,,F,C,C,A,B,H,-,A,D,0,,,,,Y,,-,99,0,0,2,0,0,0,0,0,0,- ,- ,0,0,1200,2,LOS ANGELES,LOS ANGELES,CA,-118.3271931,34.08148193,"ROSSMORE AVE & CLINTON ST, LOS ANGELES, CA",ROSSMORE AVE,CLINTON ST,118225,
-118.4761022,34.26099396,29718,8815343,2019,2019-03-21T00:00:00.000Z,1942,2019-02-14T00:00:00.000Z,1045,40398,1749,4,5,7,1942,0,0,0,Q,0,17A49,HASKELL AV,SAN JOSE ST,0,,Y,C,-,N,,0,0,,,0,,,,N,4,0,1,2,A,-,9,21802,A,N,D,C,A,B,H,-,A,A,0,,,,,Y,,A,7,0,0,1,0,0,0,0,0,0,- ,- ,0,0,1200,2,LOS ANGELES,LOS ANGELES,CA,-118.4761022,34.26099396,"HASKELL AVE & SAN JOSE ST, LOS ANGELES, CA",HASKELL AVE,SAN JOSE ST,132863,
-118.4138221,34.19395447,29719,8815737,2019,2019-03-12T00:00:00.000Z,1942,2019-02-08T00:00:00.000Z,1137,41462,1522,5,5,7,1942,0,0,0,O,0,15A67,COLD WATER CANYON AV,VANOWEN ST,0,,Y,A,-,N,,0,0,,,0,,,,Y,3,0,2,3,A,-,12,21453,A,N,D,C,A,A,H,-,A,A,0,,,,,Y,,-,- ,0,1,1,0,0,0,0,0,0,- ,- ,0,0,1200,2,LOS ANGELES,LOS ANGELES,CA,-118.4138221,34.19395447,"COLDWATER CANYON AVE & VANOWEN ST, LOS ANGELES, CA",COLDWATER CANYON AVE,VANOWEN ST,125808,
-118.4270067,34.1654892,29720,8815881,2019,2019-03-20T00:00:00.000Z,1942,2019-02-27T00:00:00.000Z,1045,32268,966,3,5,7,1942,0,0,0,I,0,9A63,SUNNYSLOPE AV,MCCORMICK ST,107,S,N,B,-,N,,0,0,,,0,,,,Y,3,0,2,3,A,-,8,22107,,N,B,C,A,A,H,-,A,D,0,,,,,Y,,A,1,0,1,1,0,0,0,0,0,0,- ,- ,0,0,1200,2,LOS ANGELES,LOS ANGELES,CA,-118.4270067,34.1654892,"SUNNYSLOPE AVE & MCCORMICK ST, LOS ANGELES, CA",SUNNYSLOPE AVE,MCCORMICK ST,118546,
-118.5623522,34.24274445,29721,8815923,2019,2019-03-15T00:00:00.000Z,1942,2019-02-22T00:00:00.000Z,1035,32085,1764,5,5,7,1942,0,0,0,Q,0,17X7,CORBIN AV,PLUMMER ST,0,,Y,A,-,N,,0,0,,,0,,,,N,0,0,0,2,A,-,8,22107,,M,D,C,A,A,H,-,A,A,0,,,,,Y,,-,99,0,0,0,0,0,0,0,0,0,- ,- ,0,0,1200,2,LOS ANGELES,LOS ANGELES,CA,-118.5623522,34.24274445,"CORBIN AVE & PLUMMER ST, LOS ANGELES, CA",CORBIN AVE,PLUMMER ST,102203,
-118.3703021,34.15764618,29722,8815950,2019,2019-04-08T00:00:00.000Z,1942,2019-02-21T00:00:00.000Z,1015,38326,1555,4,5,7,1942,0,0,0,O,0,15A67,LANKERSHIM BL,CAMARILLO ST,0,,Y,A,-,N,,0,0,,,0,,,,Y,3,0,4,3,A,-,9,21801,A,N,D,C,A,A,H,-,A,A,0,,,,,Y,,A,1,0,2,2,0,0,0,0,0,0,- ,- ,0,0,1200,2,LOS ANGELES,LOS ANGELES,CA,-118.3703021,34.15764618,"LANKERSHIM BLVD & CAMARILLO ST, LOS ANGELES, CA",LANKERSHIM BLVD,CAMARILLO ST,102321,
-118.4197782,34.20768356,29723,8815998,2019,2019-03-15T00:00:00.000Z,1942,2019-02-20T00:00:00.000Z,1030,31688,,3,5,7,1942,0,0,0,,0,,SATICOY ST,ETHEL AV,500,W,N,B,-,N,,0,0,,,0,,,,Y,4,0,4,2,A,-,8,22102,,N,D,C,A,A,H,-,A,D,0,,,,,Y,,A,1,0,0,4,0,0,0,0,0,0,- ,- ,0,0,1200,2,LOS ANGELES,LOS ANGELES,CA,-118.4197782,34.20768356,"SATICOY ST & ETHEL AVE, LOS ANGELES, CA",SATICOY ST,ETHEL AVE,97499,
-118.4084122,34.2760849,29724,8816008,2019,2019-03-20T00:00:00.000Z,1942,2019-02-21T00:00:00.000Z,907,27260,1602,4,5,7,1942,0,0,0,P,0,16A23,VAN NUYS BL,BORDEN AV,0,,Y,A,-,N,,0,0,,,0,,,,Y,4,0,1,2,A,-,4,21703,,N,C,C,A,A,H,-,A,A,0,,,Y,,Y,,A,1,0,0,1,0,0,0,0,0,1,- ,- ,0,0,1200,2,LOS ANGELES,LOS ANGELES,CA,-118.4084122,34.2760849,"VAN NUYS BLVD & BORDEN AVE, LOS ANGELES, CA",VAN NUYS BLVD,BORDEN AVE,109041,
-118.3532613,34.21419907,29725,8816040,2019,2019-03-20T00:00:00.000Z,1942,2019-02-16T00:00:00.000Z,1135,38947,1698,6,5,7,1942,0,0,0,P,0,16A81,DE GARMO AV,ARMINTA ST,90,N,N,A,-,N,,0,0,,,0,,,,N,2,0,1,2,A,-,11,21954,A,N,G,B,D,A,H,-,A,D,0,Y,,,,Y,,N,60,1,0,0,0,1,0,0,0,0,- ,- ,0,0,1200,2,LOS ANGELES,LOS ANGELES,CA,-118.3532613,34.21419907,"DE GARMO AVE & ARMINTA ST, LOS ANGELES, CA",DE GARMO AVE,ARMINTA ST,150298,