X,Y,OBJECTID,case_id,accident_year,proc_date,juris,collision_date,collision_time,officer_id,reporting_district,day_of_week,chp_shift,population,cnty_city_loc,special_cond,beat_type,chp_beat_type,city_division_lapd,chp_beat_class,beat_number,primary_rd,secondary_rd,distance,direction,intersection,weather_1,weather_2,state_hwy_ind,caltrans_county,caltrans_district,state_route,route_suffix,postmile_prefix,postmile,location_type,ramp_intersection,side_of_hwy,tow_away,collision_severity,number_killed,number_injured,party_count,primary_coll_factor,pcf_code_of_viol,pcf_viol_category,pcf_violation,pcf_viol_subsection,hit_and_run,type_of_collision,mviw,ped_action,road_surface,road_cond_1,road_cond_2,lighting,control_device,chp_road_type,pedestrian_accident,bicycle_accident,motorcycle_accident,truck_accident,not_private_property,alcohol_involved,stwd_vehtype_at_fault,chp_vehtype_at_fault,count_severe_inj,count_visible_inj,count_complaint_pain,count_ped_killed,count_ped_injured,count_bicyclist_killed,count_bicyclist_injured,count_mc_killed,count_mc_injured,primary_ramp,secondary_ramp,latitude,longitude,timecat,month_,city,county,state,point_x,point_y,match_addr,m_primaryrd,m_secondrd,int_id,Flag
-118.5811274,34.1676178,29726,8816041,2019,2019-03-22T00:00:00.000Z,1942,2019-02-15T00:00:00.000Z,1130,38017,2189,5,5,7,1942,0,0,0,,0,21A97,VENTURA BL,KELVIN AV,1500,E,N,C,-,N,,0,0,,,0,,,,Y,4,0,1,2,A,-,8,22107,,N,C,E,A,B,H,-,A,D,0,,,,,Y,,A,1,0,0,1,0,0,0,0,0,0,- ,- ,0,0,1200,2,LOS ANGELES,LOS ANGELES,CA,-118.5811274,34.1676178,"VENTURA BLVD & KELVIN AVE, LOS ANGELES, CA",VENTURA BLVD,KELVIN AVE,150260,
-118.5098162,34.20122528,29727,8816047,2019,2019-03-20T00:00:00.000Z,1942,2019-02-22T00:00:00.000Z,925,39085,1017,5,5,7,1942,0,0,0,J,0,10A17,SHERMAN WY,LOUISE AV,20,E,N,A,-,N,,0,0,,,0,,,,N,4,0,1,2,A,-,10,21950,A,N,G,B,B,A,H,-,A,A,0,Y,,,,Y,,A,7,0,0,1,0,1,0,0,0,0,- ,- ,0,0,1200,2,LOS ANGELES,LOS ANGELES,CA,-118.5098162,34.20122528,"SHERMAN WAY & LOUISE AVE, LOS ANGELES, CA",SHERMAN WAY,LOUISE AVE,101800,
-118.6059422,34.19374466,29728,8816053,2019,2019-03-22T00:00:00.000Z,1942,2019-02-22T00:00:00.000Z,1040,40574,2145,5,5,7,1942,0,0,0,,0,21A43,TOPANGA CANYON BL,VANOWEN ST,0,,Y,A,-,N,,0,0,,,0,,,,Y,3,0,1,2,A,-,4,21703,,N,C,C,A,A,H,-,A,A,0,,,Y,,Y,,C,2,0,1,0,0,0,0,0,0,1,- ,- ,0,0,1200,2,LOS ANGELES,LOS ANGELES,CA,-118.6059422,34.19374466,"TOPANGA CANYON BLVD & VANOWEN ST, LOS ANGELES, CA",TOPANGA CANYON BLVD,VANOWEN ST,130529,
-118.5272922,34.17225647,29729,8816059,2019,2019-03-20T00:00:00.000Z,1942,2019-02-10T00:00:00.000Z,1000,40141,1045,7,5,7,1942,0,0,0,J,0,10A83,LINDLEY AV,BURBANK BL,0,,Y,B,C,N,,0,0,,,0,,,,Y,4,0,2,2,A,-,12,21453,A,N,D,C,A,B,H,-,A,A,0,,,,,Y,,A,1,0,0,2,0,0,0,0,0,0,- ,- ,0,0,1200,2,LOS ANGELES,LOS ANGELES,CA,-118.5272922,34.17225647,"LINDLEY AVE & BURBANK BLVD, LOS ANGELES, CA",LINDLEY AVE,BURBANK BLVD,147225,
-118.5749322,34.16948319,29730,8816066,2019,2019-03-26T00:00:00.000Z,1942,2019-02-04T00:00:00.000Z,925,40141,2189,1,5,7,1942,0,0,0,,0,21A97,VENTURA BL,DEL MORENO DR,0,,Y,B,C,N,,0,0,,,0,,,,Y,4,0,2,2,A,-,12,21453,A,N,D,C,A,B,H,-,A,A,0,,,,,Y,,A,7,0,0,2,0,0,0,0,0,0,- ,- ,0,0,1200,2,LOS ANGELES,LOS ANGELES,CA,-118.5749322,34.16948318,"VENTURA BLVD & DEL MORENO DR, LOS ANGELES, CA",VENTURA BLVD,DEL MORENO DR,111537,
-118.5974622,34.17722321,29731,8816078,2019,2019-03-26T00:00:00.000Z,1942,2019-02-20T00:00:00.000Z,950,40937,2177,3,5,7,1942,0,0,0,,0,21A97,CANOGA AV,CALIFA ST,0,,Y,B,-,N,,0,0,,,0,,,,Y,4,0,1,2,A,-,9,21801,A,N,D,C,A,A,H,-,A,A,0,,,,,Y,,A,1,0,0,1,0,0,0,0,0,0,- ,- ,0,0,1200,2,LOS ANGELES,LOS ANGELES,CA,-118.5974622,34.17722321,"CANOGA AVE & CALIFA ST, LOS ANGELES, CA",CANOGA AVE,CALIFA ST,112633,
-118.5941371,34.20465851,29732,8816089,2019,2019-03-12T00:00:00.000Z,1942,2019-02-21T00:00:00.000Z,1115,41316,2136,4,5,7,1942,0,0,0,,0,21A5,VALERIO ST,MILWOOD AV,50,E,N,A,-,N,,0,0,,,0,,,,Y,0,0,0,2,A,-,9,21804,A,M,C,C,A,A,H,-,A,D,0,,,,,Y,,A,1,0,0,0,0,0,0,0,0,0,- ,- ,0,0,1200,2,LOS ANGELES,LOS ANGELES,CA,-118.5941371,34.20465851,"VALERIO ST & MILWOOD AVE, LOS ANGELES, CA",VALERIO ST,MILWOOD AVE,108590,
-118.4814727,34.19384003,29733,8816110,2019,2019-03-11T00:00:00.000Z,1942,2019-02-19T00:00:00.000Z,930,40398,1039,2,5,7,1942,0,0,0,J,0,10A39,GAVIOTA AV,VANOWEN ST,23,S,N,A,-,N,,0,0,,,0,,,,N,0,0,0,1,A,-,3,22350,,N,E,I,A,A,H,-,A,D,0,,,,,Y,,A,1,0,0,0,0,0,0,0,0,0,- ,- ,0,0,1200,2,LOS ANGELES,LOS ANGELES,CA,-118.4814727,34.19384003,"GAVIOTA AVE & VANOWEN ST, LOS ANGELES, CA",GAVIOTA AVE,VANOWEN ST,148023,
-118.5962722,34.15752411,29734,8816111,2019,2019-03-18T00:00:00.000Z,1942,2019-02-07T00:00:00.000Z,930,33700,2196,4,5,7,1942,0,0,0,,0,21A97,CANOGA AV,DUMETZ RD,0,,Y,A,-,N,,0,0,,,0,,,,N,4,0,1,2,A,-,9,21802,A,N,D,C,A,A,H,-,A,A,0,,,,,Y,,A,1,0,0,1,0,0,0,0,0,0,- ,- ,0,0,1200,2,LOS ANGELES,LOS ANGELES,CA,-118.5962722,34.15752411,"CANOGA AVE & DUMETZ RD, LOS ANGELES, CA",CANOGA AVE,DUMETZ RD,143098,
-118.4783918,34.30347061,29735,8816113,2019,2019-03-11T00:00:00.000Z,1942,2019-02-16T00:00:00.000Z,1050,43542,1921,6,5,7,1942,0,0,0,,0,19A66,ENCINITAS AV,ROXFORD ST,200,S,N,A,-,N,,0,0,,,0,,,,N,0,0,0,2,A,-,9,21804,A,M,D,C,A,A,H,-,A,D,0,,,,,Y,,-,99,0,0,0,0,0,0,0,0,0,- ,- ,0,0,1200,2,LOS ANGELES,LOS ANGELES,CA,-118.4783918,34.30347061,"ENCINITAS AVE & ROXFORD ST, LOS ANGELES, CA",ENCINITAS AVE,ROXFORD ST,131085,
-118.436823,34.25535584,29736,8816120,2019,2019-03-20T00:00:00.000Z,1942,2019-02-07T00:00:00.000Z,950,43563,1959,4,5,7,1942,0,0,0,,0,19A79,VAN NUYS BL,BARTEE,100,E,N,A,-,N,,0,0,,,0,,,,Y,3,0,1,3,A,-,7,21658,A,N,F,E,A,A,H,-,A,D,0,,,,,Y,,A,1,0,1,0,0,0,0,0,0,0,- ,- ,0,0,1200,2,LOS ANGELES,LOS ANGELES,CA,-118.436823,34.25535583,"VAN NUYS BLVD & BARTEE AVE, LOS ANGELES, CA",VAN NUYS BLVD,BARTEE AVE,119516,
-118.6234222,34.2009964,29737,8816135,2019,2019-03-18T00:00:00.000Z,1942,2019-02-11T00:00:00.000Z,1045,38326,2133,1,5,7,1942,0,0,0,,0,21A1,FALLBROOK AV,SHERMAN WY,0,,Y,A,-,N,,0,0,,,0,,,,N,4,0,1,2,A,-,9,21801,A,N,D,C,A,A,H,-,A,A,0,,,,,Y,,A,7,0,0,1,0,0,0,0,0,0,- ,- ,0,0,1200,2,LOS ANGELES,LOS ANGELES,CA,-118.6234222,34.2009964,"FALLBROOK AVE & SHERMAN WAY, LOS ANGELES, CA",FALLBROOK AVE,SHERMAN WAY,119013,
-118.4226822,34.24982452,29738,8816138,2019,2019-03-11T00:00:00.000Z,1942,2019-02-04T00:00:00.000Z,1110,35867,1651,1,5,7,1942,0,0,0,P,0,16A59,LAUREL CANYON BL,KAGEL CANYON BL,0,,Y,B,C,N,,0,0,,,0,,,,Y,0,0,0,2,A,-,9,21801,A,N,D,C,A,B,F,-,A,A,0,,,,,Y,,A,1,0,0,0,0,0,0,0,0,0,- ,- ,0,0,1200,2,LOS ANGELES,LOS ANGELES,CA,-118.4226822,34.24982452,"LAUREL CANYON BLVD & KAGEL CANYON ST, LOS ANGELES, CA",LAUREL CANYON BLVD,KAGEL CANYON ST,109010,
-118.5653315,34.20833969,29739,8816151,2019,2019-03-18T00:00:00.000Z,1942,2019-02-09T00:00:00.000Z,1020,30452,2139,6,5,7,1942,0,0,0,,0,21A29,SATICOY ST,OAKDALE AV,400,E,N,B,-,N,,0,0,,,0,,,,Y,4,0,3,2,A,-,4,21703,,N,C,C,A,B,H,-,A,D,0,,,,,Y,,A,1,0,0,3,0,0,0,0,0,0,- ,- ,0,0,1200,2,LOS ANGELES,LOS ANGELES,CA,-118.5653315,34.20833969,"SATICOY ST & OAKDALE AVE, LOS ANGELES, CA",SATICOY ST,OAKDALE AVE,108477,
-118.4502622,34.24267578,29740,8816152,2019,2019-03-20T00:00:00.000Z,1942,2019-02-21T00:00:00.000Z,900,30452,1966,4,5,7,1942,0,0,0,,0,19A75,VAN NUYS BL,PLUMMER ST,0,,Y,B,-,N,,0,0,,,0,,,,Y,4,0,4,3,A,-,9,21801,A,N,D,C,A,A,H,-,A,A,0,,,,,Y,,A,1,0,0,4,0,0,0,0,0,0,- ,- ,0,0,1200,2,LOS ANGELES,LOS ANGELES,CA,-118.4502622,34.24267578,"VAN NUYS BLVD & PLUMMER ST, LOS ANGELES, CA",VAN NUYS BLVD,PLUMMER ST,105059,
-118.5883122,34.16637421,29741,8816155,2019,2019-03-18T00:00:00.000Z,1942,2019-02-13T00:00:00.000Z,1000,40634,2187,3,5,7,1942,0,0,0,,0,21A97,DE SOTO AV,VENTURA BL,0,,Y,C,-,N,,0,0,,,0,,,,Y,4,0,1,2,A,-,12,21453,A,N,D,C,A,B,H,-,A,A,0,,,,,Y,,A,1,0,0,1,0,0,0,0,0,0,- ,- ,0,0,1200,2,LOS ANGELES,LOS ANGELES,CA,-118.5883122,34.16637421,"DE SOTO AVE & VENTURA BLVD, LOS ANGELES, CA",DE SOTO AVE,VENTURA BLVD,122205,
-118.5929447,34.20466614,29742,8816158,2019,2019-03-11T00:00:00.000Z,1942,2019-02-21T00:00:00.000Z,1120,41316,2137,4,5,7,1942,0,0,0,,0,21A5,VALERIO ST,VARIEL AV,25,W,N,A,-,N,,0,0,,,0,,,,Y,0,0,0,3,A,-,8,22107,,M,C,C,A,A,H,-,A,D,0,,,,,Y,,A,1,0,0,0,0,0,0,0,0,0,- ,- ,0,0,1200,2,LOS ANGELES,LOS ANGELES,CA,-118.5929447,34.20466614,"VALERIO ST & VARIEL AVE, LOS ANGELES, CA",VALERIO ST,VARIEL AVE,150662,
-118.6060222,34.22458649,29743,8816159,2019,2019-03-18T00:00:00.000Z,1942,2019-02-13T00:00:00.000Z,1005,31931,2103,3,5,7,1942,0,0,0,,0,21A1,TOPANGA CANYON BL,CHASE ST,125,N,N,C,-,N,,0,0,,,0,,,,Y,4,0,1,2,A,-,7,21658,A,N,B,C,A,B,H,-,A,D,0,,,,,Y,,A,7,0,0,1,0,0,0,0,0,0,- ,- ,0,0,1200,2,LOS ANGELES,LOS ANGELES,CA,-118.6060222,34.22458649,"TOPANGA CANYON BLVD & CHASE ST, LOS ANGELES, CA",TOPANGA CANYON BLVD,CHASE ST,119629,
-118.2338779,33.94059372,29744,8816179,2019,2019-03-07T00:00:00.000Z,1942,2019-02-22T00:00:00.000Z,1130,43683,1838,5,5,7,1942,0,0,0,R,0,18A49,105TH ST,CROESUS,20,W,N,A,-,N,,0,0,,,0,,,,N,0,0,0,2,A,-,21,22106,,M,C,C,A,A,H,-,A,D,0,,,,,Y,,-,99,0,0,0,0,0,0,0,0,0,- ,- ,0,0,1200,2,LOS ANGELES,LOS ANGELES,CA,-118.2338779,33.94059372,"105TH ST & CROESUS AVE, LOS ANGELES, CA",105TH ST,CROESUS AVE,148966,
-118.2815122,34.06568527,29745,8816232,2019,2019-03-20T00:00:00.000Z,1942,2019-02-15T00:00:00.000Z,1125,38729,215,5,5,7,1942,0,0,0,B,0,2A5,LA FAYETTE PARK PL,3RD ST,565,S,N,A,-,N,,0,0,,,0,,,,N,0,0,0,2,A,-,9,21804,A,M,D,C,A,A,H,-,A,D,0,,,,,Y,,-,99,0,0,0,0,0,0,0,0,0,- ,- ,0,0,1200,2,LOS ANGELES,LOS ANGELES,CA,-118.2815122,34.06568527,"LA FAYETTE PARK PL & 3RD ST, LOS ANGELES, CA",LA FAYETTE PARK PL,3RD ST,97028,
-118.5186022,34.20120621,29747,8817091,2019,2019-03-14T00:00:00.000Z,1942,2019-02-22T00:00:00.000Z,1055,39552,1027,5,5,7,1942,0,0,0,J,0,10A17,SHERMAN WY,WHITE OAK,0,,Y,A,-,N,,0,0,,,0,,,,Y,4,0,1,2,A,-,9,21801,A,N,D,C,A,A,H,-,A,A,0,,,,,Y,,D,22,0,0,1,0,0,0,0,0,0,- ,- ,0,0,1200,2,LOS ANGELES,LOS ANGELES,CA,-118.5186022,34.20120621,"SHERMAN WAY & WHITE OAK AVE, LOS ANGELES, CA",SHERMAN WAY,WHITE OAK AVE,126670,
-118.4936022,34.25745392,29748,8817287,2019,2019-03-14T00:00:00.000Z,1942,2019-02-26T00:00:00.000Z,919,27260,1757,2,5,7,1942,0,0,0,Q,0,17A49,DEVONSHIRE ST,HAYVENHURST AV,0,,Y,A,-,N,,0,0,,,0,,,,Y,4,0,2,2,A,-,12,21453,A,N,-,C,A,-,H,-,A,A,0,,,,,Y,,A,1,0,0,2,0,0,0,0,0,0,- ,- ,0,0,1200,2,LOS ANGELES,LOS ANGELES,CA,-118.4936022,34.25745392,"DEVONSHIRE ST & HAYVENHURST AVE, LOS ANGELES, CA",DEVONSHIRE ST,HAYVENHURST AVE,129459,
-118.5955752,34.2572403,29749,8817291,2019,2019-04-05T00:00:00.000Z,1942,2019-02-25T00:00:00.000Z,1130,31931,1722,1,5,7,1942,0,0,0,Q,0,17A23,DEVONSHIRE ST,ETON AV,125,W,N,A,-,N,,0,0,,,0,,,,Y,4,0,2,2,A,-,9,21804,A,N,D,C,A,A,H,-,A,D,0,,,,,Y,,A,1,0,0,2,0,0,0,0,0,0,- ,- ,0,0,1200,2,LOS ANGELES,LOS ANGELES,CA,-118.5955752,34.2572403,"DEVONSHIRE ST & ETON AVE, LOS ANGELES, CA",DEVONSHIRE ST,ETON AVE,105769,
-118.4994122,34.15884399,29750,8817295,2019,2019-03-14T00:00:00.000Z,1942,2019-02-25T00:00:00.000Z,920,33340,1088,1,5,7,1942,0,0,0,J,0,10A99,PARK ENCINO LN,VENTURA BL,5,N,N,A,-,N,,0,0,,,0,,,,Y,4,0,1,2,A,-,7,21658,A,N,D,C,A,A,H,-,A,D,0,,,,,Y,,A,1,0,0,1,0,0,0,0,0,0,- ,- ,0,0,1200,2,LOS ANGELES,LOS ANGELES,CA,-118.4994122,34.15884399,"PARK ENCINO LN & VENTURA BLVD, LOS ANGELES, CA",PARK ENCINO LN,VENTURA BLVD,147842,
-118.5273222,34.18660355,29752,8817344,2019,2019-03-14T00:00:00.000Z,1942,2019-02-25T00:00:00.000Z,1125,40398,1035,1,5,7,1942,0,0,0,J,0,10A21,VICTORY BL,LINDLEY AV,0,,Y,A,-,N,,0,0,,,0,,,,N,4,0,2,2,A,-,9,21801,A,N,D,C,A,A,H,-,A,A,0,,,,,Y,,A,1,0,0,2,0,0,0,0,0,0,- ,- ,0,0,1200,2,LOS ANGELES,LOS ANGELES,CA,-118.5273222,34.18660355,"VICTORY BLVD & LINDLEY AVE, LOS ANGELES, CA",VICTORY BLVD,LINDLEY AVE,101465,
-118.5522532,34.17262268,29753,8817360,2019,2019-03-14T00:00:00.000Z,1942,2019-02-26T00:00:00.000Z,1105,31931,1061,2,5,7,1942,0,0,0,J,0,10A83,VENTURA BL,SYLVIA AV,30,E,N,B,-,N,,0,0,,,0,,,,Y,4,0,2,2,A,-,7,21658,A,N,B,C,A,A,H,-,A,A,0,,,,,Y,,A,1,0,0,2,0,0,0,0,0,0,- ,- ,0,0,1200,2,LOS ANGELES,LOS ANGELES,CA,-118.5522532,34.17262268,"VENTURA BLVD & SYLVIA AVE, LOS ANGELES, CA",VENTURA BLVD,SYLVIA AVE,111535,
-118.6234222,34.2009964,29754,8817374,2019,2019-03-14T00:00:00.000Z,1942,2019-02-23T00:00:00.000Z,1145,35731,2133,6,5,7,1942,0,0,0,,0,21FB2,FALLBROOK AV,SHERMAN WAY,0,,Y,A,-,N,,0,0,,,0,,,,N,0,0,0,2,A,-,7,21658,A,M,B,C,A,A,H,-,A,A,0,,,,,Y,,-,99,0,0,0,0,0,0,0,0,0,- ,- ,0,0,1200,2,LOS ANGELES,LOS ANGELES,CA,-118.6234222,34.2009964,"FALLBROOK AVE & SHERMAN WAY, LOS ANGELES, CA",FALLBROOK AVE,SHERMAN WAY,119013,
-118.4487791,34.20426559,29755,8818123,2019,2019-04-04T00:00:00.000Z,1942,2019-02-05T00:00:00.000Z,1145,37686,906,2,5,7,1942,0,0,0,I,0,9A5,VAN NUYS BL,VALERIO ST,200,S,N,A,-,N,,0,0,,,0,,,,N,0,0,0,2,A,-,7,21658,A,M,B,C,A,A,H,-,A,D,0,,,,,Y,,-,99,0,0,0,0,0,0,0,0,0,- ,- ,0,0,1200,2,LOS ANGELES,LOS ANGELES,CA,-118.4487791,34.20426559,"VAN NUYS BLVD & VALERIO ST, LOS ANGELES, CA",VAN NUYS BLVD,VALERIO ST,98053,
-118.3767622,34.16490555,29756,8818173,2019,2019-03-21T00:00:00.000Z,1942,2019-02-02T00:00:00.000Z,935,30452,1548,6,5,7,1942,0,0,0,O,0,15A39,MAGNOLIA BL,BAKMAN AV,200,E,N,C,-,N,,0,0,,,0,,,,N,0,0,0,2,A,-,4,21703,,M,C,C,A,B,H,-,A,D,0,,,,,Y,,-,99,0,0,0,0,0,0,0,0,0,- ,- ,0,0,1200,2,LOS ANGELES,LOS ANGELES,CA,-118.3767622,34.16490555,"MAGNOLIA BLVD & BAKMAN AVE, LOS ANGELES, CA",MAGNOLIA BLVD,BAKMAN AVE,115207,
-118.3877922,34.19536209,29757,8818177,2019,2019-03-21T00:00:00.000Z,1942,2019-02-02T00:00:00.000Z,1005,40398,1515,6,5,7,1942,0,0,0,O,0,15A3,LANKERSHIM BL,VANOWEN ST,520,N,N,C,-,N,,0,0,,,0,,,,N,0,0,0,3,A,-,8,22107,,M,C,C,A,B,H,-,A,D,0,,,,,Y,,-,99,0,0,0,0,0,0,0,0,0,- ,- ,0,0,1200,2,LOS ANGELES,LOS ANGELES,CA,-118.3877922,34.19536209,"LANKERSHIM BLVD & VANOWEN ST, LOS ANGELES, CA",LANKERSHIM BLVD,VANOWEN ST,104722,
-118.5466022,34.17247391,29758,8818189,2019,2019-03-20T00:00:00.000Z,1942,2019-02-03T00:00:00.000Z,1105,39545,1063,7,5,7,1942,0,0,0,J,0,10X98,VENTURA BL,TOPEKA DR,0,,Y,B,-,N,,0,0,,,0,,,,N,0,0,0,2,A,-,9,21802,,M,D,C,A,A,H,-,A,D,0,,,,,Y,,-,99,0,0,0,0,0,0,0,0,0,- ,- ,0,0,1200,2,LOS ANGELES,LOS ANGELES,CA,-118.5466022,34.17247391,"VENTURA BLVD & TOPEKA DR, LOS ANGELES, CA",VENTURA BLVD,TOPEKA DR,112081,
-118.500852,34.20123673,29759,8818229,2019,2019-05-14T00:00:00.000Z,1942,2019-02-02T00:00:00.000Z,1000,34216,1008,6,5,7,1942,0,0,0,J,0,10A17,SHERMAN WY,BALBOA BL,100,E,N,C,-,N,,0,0,,,0,,,,N,0,0,0,2,A,-,4,21703,,M,C,C,A,B,H,-,A,D,0,,,,,Y,Y,-,99,0,0,0,0,0,0,0,0,0,- ,- ,0,0,1200,2,LOS ANGELES,LOS ANGELES,CA,-118.500852,34.20123672,"SHERMAN WAY & BALBOA BLVD, LOS ANGELES, CA",SHERMAN WAY,BALBOA BLVD,129940,
-118.496327,34.15815353,29760,8818337,2019,2019-04-09T00:00:00.000Z,1942,2019-02-13T00:00:00.000Z,915,33340,1088,3,5,7,1942,0,0,0,J,0,10A99,VENTURA BL,PETIT AV,86,W,N,C,-,N,,0,0,,,0,,,,N,0,0,0,2,A,-,7,21658,A,M,B,C,A,B,H,-,A,D,0,,,,,Y,,-,- ,0,0,0,0,0,0,0,0,0,- ,- ,0,0,1200,2,LOS ANGELES,LOS ANGELES,CA,-118.496327,34.15815353,"VENTURA BLVD & PETIT AVE, LOS ANGELES, CA",VENTURA BLVD,PETIT AVE,115150,
-118.4485049,34.20481491,29761,8818345,2019,2019-03-22T00:00:00.000Z,1942,2019-02-26T00:00:00.000Z,950,33340,906,2,5,7,1942,0,0,0,I,0,9A5,VALERIO ST,VAN NUYS BL,84,E,N,A,-,N,,0,0,,,0,,,,N,0,0,0,2,A,-,3,22350,,M,C,C,A,A,H,-,A,A,0,,,,,Y,,-,99,0,0,0,0,0,0,0,0,0,- ,- ,0,0,1200,2,LOS ANGELES,LOS ANGELES,CA,-118.4485049,34.20481491,"VALERIO ST & VAN NUYS BLVD, LOS ANGELES, CA",VALERIO ST,VAN NUYS BLVD,98053,
-118.4661884,34.17497635,29762,8818381,2019,2019-03-22T00:00:00.000Z,1942,2019-02-08T00:00:00.000Z,945,39603,941,5,5,7,1942,0,0,0,I,0,9A89,SEPULVEDA BL,HATTERAS ST,276,S,N,A,-,N,,0,0,,,0,,,,N,0,0,0,2,D,-,0,0,,M,B,C,A,A,H,-,A,D,0,,,,,Y,Y,-,- ,0,0,0,0,0,0,0,0,0,- ,- ,0,0,1200,2,LOS ANGELES,LOS ANGELES,CA,-118.4661884,34.17497635,"SEPULVEDA BLVD & HATTERAS ST, LOS ANGELES, CA",SEPULVEDA BLVD,HATTERAS ST,101271,
-118.4472522,34.04675674,29763,8819314,2019,2019-03-20T00:00:00.000Z,1942,2019-02-13T00:00:00.000Z,930,38282,853,3,5,7,1942,0,0,0,H,0,8A53,SANTA MONICA BL,BELOIT AV,0,,Y,C,-,N,,0,0,,,0,,,,Y,4,0,1,2,A,-,8,22100,A,N,D,C,A,B,H,-,A,A,0,,,,,Y,,J,48,0,0,1,0,0,0,0,0,0,- ,- ,0,0,1200,2,LOS ANGELES,LOS ANGELES,CA,-118.4472522,34.04675674,"SANTA MONICA BLVD & BELOIT AVE, LOS ANGELES, CA",SANTA MONICA BLVD,BELOIT AVE,128379,
-118.6060611,34.25065231,29764,8819450,2019,2019-03-21T00:00:00.000Z,1942,2019-02-09T00:00:00.000Z,1020,26347,1751,6,5,7,1942,0,0,0,Q,0,17A23,TOPANGA CANYON BL,LASSEN ST,250,N,N,B,-,Y,LA,7,27,-,-,18.18,H,-,S,Y,4,0,1,2,A,-,4,21703,,N,C,C,A,A,H,-,A,D,0,,,,,Y,,A,1,0,0,1,0,0,0,0,0,0,- ,- ,0,0,1200,2,LOS ANGELES,LOS ANGELES,CA,-118.6060611,34.25065231,"TOPANGA CANYON BLVD & LASSEN ST, LOS ANGELES, CA",TOPANGA CANYON BLVD,LASSEN ST,109154,
-118.2916874,34.00366592,29765,8820067,2019,2019-04-15T00:00:00.000Z,1942,2019-02-26T00:00:00.000Z,1130,31755,397,2,5,7,1942,0,0,0,C,0,25MQ13,VERNON AV,VERMONT AV,35,W,N,A,-,N,,0,0,,,0,,,,N,4,0,1,2,A,-,4,21703,,N,C,C,A,A,H,-,A,D,0,,,,,Y,,A,7,0,0,1,0,0,0,0,0,0,- ,- ,0,0,1200,2,LOS ANGELES,LOS ANGELES,CA,-118.2916874,34.00366592,"VERNON AVE & VERMONT AVE, LOS ANGELES, CA",VERNON AVE,VERMONT AVE,106854,
-118.3002122,33.98988342,29766,8820443,2019,2019-03-21T00:00:00.000Z,1942,2019-02-27T00:00:00.000Z,1055,37146,1215,3,5,7,1942,0,0,0,L,0,25TL41,NORMANDIE AV,58TH ST,0,,Y,A,-,N,,0,0,,,0,,,,N,4,0,2,2,A,-,9,21801,A,N,D,C,A,A,H,-,A,D,0,,,,,Y,,A,7,0,0,2,0,0,0,0,0,0,- ,- ,0,0,1200,2,LOS ANGELES,LOS ANGELES,CA,-118.3002122,33.98988342,"NORMANDIE AVE & 58TH ST, LOS ANGELES, CA",NORMANDIE AVE,58TH ST,117064,
-118.3089621,33.99311829,29767,8820459,2019,2019-03-21T00:00:00.000Z,1942,2019-02-28T00:00:00.000Z,1128,37146,1203,4,5,7,1942,0,0,0,L,0,25T21,WESTERN AV,54TH ST,50,S,N,A,-,N,,0,0,,,0,,,,N,4,0,1,6,A,-,3,22350,,F,C,C,A,A,H,-,A,D,0,,,,,Y,,-,99,0,0,1,0,0,0,0,0,0,- ,- ,0,0,1200,2,LOS ANGELES,LOS ANGELES,CA,-118.3089621,33.99311829,"WESTERN AVE & 54TH ST, LOS ANGELES, CA",WESTERN AVE,54TH ST,145214,
-118.2588921,34.03251648,29768,8820994,2019,2019-03-21T00:00:00.000Z,1942,2019-02-08T00:00:00.000Z,1000,39565,195,5,5,7,1942,0,0,0,A,0,1A85,15TH ST,MAPLE ST,0,,Y,A,-,N,,0,0,,,0,,,,N,4,0,2,2,A,-,12,22450,A,N,D,C,A,A,H,-,A,A,0,,,,,Y,,A,1,0,0,2,0,0,0,0,0,0,- ,- ,0,0,1200,2,LOS ANGELES,LOS ANGELES,CA,-118.2588921,34.03251648,"15TH ST & MAPLE AVE, LOS ANGELES, CA",15TH ST,MAPLE AVE,110528,
-118.2256206,34.12369156,29770,8821215,2019,2019-04-02T00:00:00.000Z,1942,2019-02-15T00:00:00.000Z,910,40289,1112,5,5,7,1942,0,0,0,K,0,11A17,YORK BL,W AVENUE 42,152,E,N,A,-,N,,0,0,,,0,,,,Y,4,0,1,2,A,-,5,21460,A,N,B,C,A,A,H,-,A,D,0,,,,,Y,,A,7,0,0,1,0,0,0,0,0,0,- ,- ,0,0,1200,2,LOS ANGELES,LOS ANGELES,CA,-118.2256206,34.12369156,"YORK BLVD & AVE 42, LOS ANGELES, CA",YORK BLVD,AVE 42,121548,
-118.1980721,34.06232452,29771,8821222,2019,2019-04-15T00:00:00.000Z,1942,2019-02-26T00:00:00.000Z,1000,34332,448,2,5,7,1942,0,0,0,D,0,4A59,N SOTO ST,ALCAZAR ST,0,,Y,A,-,N,,0,0,,,0,,,,Y,3,0,1,2,A,-,8,22107,,N,D,C,A,A,H,-,A,A,0,,,Y,Y,Y,,G,25,0,1,0,0,0,0,0,0,1,- ,- ,0,0,1200,2,LOS ANGELES,LOS ANGELES,CA,-118.1980721,34.06232452,"SOTO ST & ALCAZAR ST, LOS ANGELES, CA",SOTO ST,ALCAZAR ST,111383,