X,Y,OBJECTID,case_id,accident_year,proc_date,juris,collision_date,collision_time,officer_id,reporting_district,day_of_week,chp_shift,population,cnty_city_loc,special_cond,beat_type,chp_beat_type,city_division_lapd,chp_beat_class,beat_number,primary_rd,secondary_rd,distance,direction,intersection,weather_1,weather_2,state_hwy_ind,caltrans_county,caltrans_district,state_route,route_suffix,postmile_prefix,postmile,location_type,ramp_intersection,side_of_hwy,tow_away,collision_severity,number_killed,number_injured,party_count,primary_coll_factor,pcf_code_of_viol,pcf_viol_category,pcf_violation,pcf_viol_subsection,hit_and_run,type_of_collision,mviw,ped_action,road_surface,road_cond_1,road_cond_2,lighting,control_device,chp_road_type,pedestrian_accident,bicycle_accident,motorcycle_accident,truck_accident,not_private_property,alcohol_involved,stwd_vehtype_at_fault,chp_vehtype_at_fault,count_severe_inj,count_visible_inj,count_complaint_pain,count_ped_killed,count_ped_injured,count_bicyclist_killed,count_bicyclist_injured,count_mc_killed,count_mc_injured,primary_ramp,secondary_ramp,latitude,longitude,timecat,month_,city,county,state,point_x,point_y,match_addr,m_primaryrd,m_secondrd,int_id,Flag
-118.2777844,34.04010773,29772,8821227,2019,2019-04-04T00:00:00.000Z,1942,2019-02-21T00:00:00.000Z,930,34332,299,4,5,7,1942,0,0,0,,0,2A91,TOBERMAN ST,17TH ST,158,N,N,B,-,N,,0,0,,,0,,,,N,0,0,0,2,A,-,21,22106,,N,B,E,A,A,H,-,A,B,0,,,,Y,Y,,D,22,0,0,0,0,0,0,0,0,0,- ,- ,0,0,1200,2,LOS ANGELES,LOS ANGELES,CA,-118.2777844,34.04010773,"TOBERMAN ST & 17TH ST, LOS ANGELES, CA",TOBERMAN ST,17TH ST,135012,
-118.2118522,34.02075195,29773,8821234,2019,2019-04-24T00:00:00.000Z,1942,2019-02-09T00:00:00.000Z,1000,40421,497,6,5,7,1942,0,0,0,D,0,4A97,OLYMPIC,DACOTAH ST,150,E,N,B,-,N,,0,0,,,0,,,,N,3,0,1,5,A,-,3,22350,,N,C,E,A,A,H,-,A,D,0,,,,Y,Y,,F,21,0,1,0,0,0,0,0,0,0,- ,- ,0,0,1200,2,LOS ANGELES,LOS ANGELES,CA,-118.2118522,34.02075195,"OLYMPIC BLVD & DACOTAH ST, LOS ANGELES, CA",OLYMPIC BLVD,DACOTAH ST,110411,
-118.233102,34.05827713,29774,8821247,2019,2019-04-04T00:00:00.000Z,1942,2019-02-15T00:00:00.000Z,1035,40275,119,5,5,7,1942,0,0,0,A,0,1A1,AVILA ST,BAUCHET ST,150,S,N,B,-,N,,0,0,,,0,,,,N,0,0,0,2,A,-,21,22106,,N,C,C,A,A,H,-,A,D,0,,,,Y,Y,,F,26,0,0,0,0,0,0,0,0,0,- ,- ,0,0,1200,2,LOS ANGELES,LOS ANGELES,CA,-118.233102,34.05827713,"AVILA ST & BAUCHET ST, LOS ANGELES, CA",AVILA ST,BAUCHET ST,107110,
-118.2484269,34.04682922,29775,8821258,2019,2019-04-04T00:00:00.000Z,1942,2019-02-27T00:00:00.000Z,1045,31324,154,3,5,7,1942,0,0,0,A,0,1A35,S MAIN ST,5TH ST,62,N,N,A,-,N,,0,0,,,0,,,,N,0,0,0,2,A,-,21,22106,,M,B,C,A,A,H,-,A,A,0,,,,,Y,,-,99,0,0,0,0,0,0,0,0,0,- ,- ,0,0,1200,2,LOS ANGELES,LOS ANGELES,CA,-118.2484269,34.04682922,"MAIN ST & 5TH ST, LOS ANGELES, CA",MAIN ST,5TH ST,128172,
-118.3616022,34.17193985,29776,8821265,2019,2019-03-26T00:00:00.000Z,1942,2019-02-22T00:00:00.000Z,1130,36733,1549,5,5,7,1942,0,0,0,O,0,15A39,N CAHUENGA BL,BURBANK BL,100,S,N,A,-,N,,0,0,,,0,,,,N,0,0,0,2,A,-,7,21658,A,M,B,E,A,A,H,-,A,D,0,,,,,Y,,-,99,0,0,0,0,0,0,0,0,0,- ,- ,0,0,1200,2,LOS ANGELES,LOS ANGELES,CA,-118.3616022,34.17193985,"CAHUENGA BLVD & BURBANK BLVD, LOS ANGELES, CA",CAHUENGA BLVD,BURBANK BLVD,136154,
-118.3986697,34.1903038,29777,8821445,2019,2019-03-21T00:00:00.000Z,1942,2019-02-21T00:00:00.000Z,933,43577,1524,4,5,7,1942,0,0,0,O,0,PATROL,KITTRIDGE,BELLINGHAM,25,E,N,A,-,N,,0,0,,,0,,,,N,0,0,0,2,A,-,21,22106,,M,H,C,A,A,H,-,A,D,0,,,,,Y,,-,99,0,0,0,0,0,0,0,0,0,- ,- ,0,0,1200,2,LOS ANGELES,LOS ANGELES,CA,-118.3986697,34.1903038,"KITTRIDGE ST & BELLINGHAM AVE, LOS ANGELES, CA",KITTRIDGE ST,BELLINGHAM AVE,111576,
-118.2923733,33.73435593,29778,8821450,2019,2019-03-22T00:00:00.000Z,1942,2019-02-27T00:00:00.000Z,1020,41921,563,3,5,7,1942,0,0,0,E,0,5A85,GAFFEY ST,11TH ST,40,N,N,A,-,N,,0,0,,,0,,,,N,4,0,1,2,A,-,4,21703,,F,C,C,A,A,H,-,A,A,0,,,,,Y,,-,99,0,0,1,0,0,0,0,0,0,- ,- ,0,0,1200,2,LOS ANGELES,LOS ANGELES,CA,-118.2923733,33.73435593,"GAFFEY ST & 11TH ST, LOS ANGELES, CA",GAFFEY ST,11TH ST,114880,
-118.5272522,34.16203308,29779,8821457,2019,2019-05-29T00:00:00.000Z,1942,2019-02-24T00:00:00.000Z,1135,41158,1075,7,5,7,1942,0,0,0,J,0,10A99,LINDLEY AV,TARZANA ST,25,N,N,A,-,N,,0,0,,,0,,,,Y,0,0,0,2,A,-,3,22350,,M,C,E,A,A,H,-,A,D,0,,,,,Y,,A,7,0,0,0,0,0,0,0,0,0,- ,- ,0,0,1200,2,LOS ANGELES,LOS ANGELES,CA,-118.5272522,34.16203308,"LINDLEY AVE & TARZANA ST, LOS ANGELES, CA",LINDLEY AVE,TARZANA ST,119158,
-118.2230665,34.04744339,29780,8821557,2019,2019-03-25T00:00:00.000Z,1942,2019-02-08T00:00:00.000Z,915,40289,461,5,5,7,1942,0,0,0,D,0,4A71,1ST ST,N GLESS ST,53,W,N,A,-,N,,0,0,,,0,,,,N,4,0,1,2,A,-,8,22107,,N,B,G,A,A,H,-,A,D,0,,Y,,,Y,,A,1,0,0,1,0,0,0,1,0,0,- ,- ,0,0,1200,2,LOS ANGELES,LOS ANGELES,CA,-118.2230665,34.04744339,"1ST ST & GLESS ST, LOS ANGELES, CA",1ST ST,GLESS ST,138639,
-118.2634021,34.05235672,29781,8821562,2019,2019-03-25T00:00:00.000Z,1942,2019-02-05T00:00:00.000Z,1020,38357,249,2,5,7,1942,0,0,0,B,0,2A69,WILSHIRE BL,BIXEL ST,0,,Y,B,-,N,,0,0,,,0,,,,Y,4,0,1,2,A,-,9,21801,A,N,D,C,A,B,H,-,A,D,0,,,,,Y,,A,1,0,0,1,0,0,0,0,0,0,- ,- ,0,0,1200,2,LOS ANGELES,LOS ANGELES,CA,-118.2634021,34.05235672,"WILSHIRE BLVD & BIXEL ST, LOS ANGELES, CA",WILSHIRE BLVD,BIXEL ST,121164,
-118.2349721,34.04349518,29782,8821563,2019,2019-03-22T00:00:00.000Z,1942,2019-02-20T00:00:00.000Z,1030,32996,159,3,5,7,1942,0,0,0,A,0,1A29,EAST 4TH ST,E 4TH PL,0,,Y,B,-,N,,0,0,,,0,,,,Y,4,0,1,3,A,-,9,21801,A,N,D,C,A,A,H,-,A,D,0,,,,,Y,,A,1,0,0,1,0,0,0,0,0,0,- ,- ,0,0,1200,2,LOS ANGELES,LOS ANGELES,CA,-118.2349721,34.04349518,"4TH ST & 4TH PL, LOS ANGELES, CA",4TH ST,4TH PL,116211,
-118.3045722,34.00371552,29783,8822820,2019,2019-03-27T00:00:00.000Z,1942,2019-02-25T00:00:00.000Z,1045,42758,1203,1,5,7,1942,0,0,0,L,0,3X97,VERNON AV,DENKER AV,0,,Y,A,-,N,,0,0,,,0,,,,Y,2,0,2,2,A,-,12,21453,,N,D,C,A,A,H,-,A,A,0,,,,,Y,,A,1,1,1,0,0,0,0,0,0,0,- ,- ,0,0,1200,2,LOS ANGELES,LOS ANGELES,CA,-118.3045722,34.00371552,"VERNON AVE & DENKER AVE, LOS ANGELES, CA",VERNON AVE,DENKER AVE,120916,
-118.2433434,34.03346634,29784,8823054,2019,2019-04-04T00:00:00.000Z,1942,2019-02-01T00:00:00.000Z,1040,38982,1307,5,5,7,1942,0,0,0,M,0,13A9,CENTRAL AV,8TH,40,S,N,A,-,N,,0,0,,,0,,,,N,0,0,0,2,A,-,21,22106,,N,C,C,A,A,H,-,A,D,0,,,,,Y,,I,11,0,0,0,0,0,0,0,0,0,- ,- ,0,0,1200,2,LOS ANGELES,LOS ANGELES,CA,-118.2433434,34.03346634,"CENTRAL AVE & 8TH ST, LOS ANGELES, CA",CENTRAL AVE,8TH ST,102237,
-118.2496779,34.09929657,29785,8823074,2019,2019-04-24T00:00:00.000Z,1942,2019-02-22T00:00:00.000Z,1020,37505,1145,5,5,7,1942,0,0,0,K,0,24TL24,RIVERSIDE DR,ALLESANDRO ST,168,E,N,A,-,N,,0,0,,,0,,,,Y,4,0,2,4,A,-,3,22350,,N,B,C,A,A,H,-,A,A,0,,,,,Y,,D,22,0,0,2,0,0,0,0,0,0,- ,- ,0,0,1200,2,LOS ANGELES,LOS ANGELES,CA,-118.2496779,34.09929657,"RIVERSIDE DR & ALLESANDRO ST, LOS ANGELES, CA",RIVERSIDE DR,ALLESANDRO ST,148185,
-118.2743014,33.99332428,29786,8823090,2019,2019-04-24T00:00:00.000Z,1942,2019-02-10T00:00:00.000Z,1150,37540,1371,7,5,7,1942,0,0,0,M,0,13A85,E 54TH ST,MAIN ST,100,W,N,C,-,N,,0,0,,,0,,,,N,4,0,3,2,A,-,3,22350,,N,C,C,A,B,H,-,A,D,0,,,,,Y,,D,22,0,0,3,0,0,0,0,0,0,- ,- ,0,0,1200,2,LOS ANGELES,LOS ANGELES,CA,-118.2743014,33.99332428,"54TH ST & MAIN ST, LOS ANGELES, CA",54TH ST,MAIN ST,106597,
-118.1928321,34.02111435,29787,8823475,2019,2019-03-19T00:00:00.000Z,1942,2019-02-11T00:00:00.000Z,1040,40008,479,1,5,7,1942,0,0,0,D,0,4A97,PRADO ST,EAST 7TH ST,0,,Y,A,-,N,,0,0,,,0,,,,N,4,0,1,2,A,-,9,21802,A,N,C,C,A,A,H,-,A,B,0,,,,,Y,,A,1,0,0,1,0,0,0,0,0,0,- ,- ,0,0,1200,2,LOS ANGELES,LOS ANGELES,CA,-118.1928321,34.02111435,"PRADO ST & 7TH ST, LOS ANGELES, CA",PRADO ST,7TH ST,110410,
-118.2717523,34.03484726,29788,8823503,2019,2019-03-19T00:00:00.000Z,1942,2019-02-26T00:00:00.000Z,900,37437,192,2,5,7,1942,0,0,0,A,0,31MQ43,FIGUEROA ST,WASHINGTON BL,200,N,N,A,-,N,,0,0,,,0,,,,N,4,0,1,2,A,-,7,21658,A,N,B,C,A,A,H,-,A,D,0,,,,,Y,,A,1,0,0,1,0,0,0,0,0,0,- ,- ,0,0,1200,2,LOS ANGELES,LOS ANGELES,CA,-118.2717523,34.03484726,"FIGUEROA ST & WASHINGTON BLVD, LOS ANGELES, CA",FIGUEROA ST,WASHINGTON BLVD,124653,
-118.2497533,34.06672669,29789,8823511,2019,2019-03-19T00:00:00.000Z,1942,2019-02-19T00:00:00.000Z,918,42932,101,2,5,7,1942,0,0,0,A,0,1A1,SUNSET BL,WHITE KNOLL DR,10,E,N,A,-,N,,0,0,,,0,,,,N,4,0,1,3,A,-,9,21801,A,N,D,C,A,A,H,-,A,D,0,,,,,Y,,A,1,0,0,1,0,0,0,0,0,0,- ,- ,0,0,1200,2,LOS ANGELES,LOS ANGELES,CA,-118.2497533,34.06672668,"SUNSET BLVD & WHITE KNOLL DR, LOS ANGELES, CA",SUNSET BLVD,WHITE KNOLL DR,135611,
-118.2195246,34.033741,29790,8823569,2019,2019-03-18T00:00:00.000Z,1942,2019-02-12T00:00:00.000Z,900,40008,462,2,5,7,1942,0,0,0,D,0,4A71,S BOYLE AVE,EAST 7TH ST,125,N,N,A,-,N,,0,0,,,0,,,,N,0,0,0,2,A,-,7,21658,A,M,B,C,A,A,H,-,A,A,0,,,,,Y,,-,99,0,0,0,0,0,0,0,0,0,- ,- ,0,0,1200,2,LOS ANGELES,LOS ANGELES,CA,-118.2195246,34.033741,"BOYLE AVE & 7TH ST, LOS ANGELES, CA",BOYLE AVE,7TH ST,110566,
-118.258825,34.02596664,29791,8823570,2019,2019-03-19T00:00:00.000Z,1942,2019-02-18T00:00:00.000Z,940,40008,1323,1,5,7,1942,0,0,0,M,0,13A13,E 21ST ST,SAN PEDRO,80,W,N,A,-,N,,0,0,,,0,,,,Y,0,0,0,4,A,-,5,21650,,M,B,E,A,A,H,-,A,D,0,,,,,Y,,A,7,0,0,0,0,0,0,0,0,0,- ,- ,0,0,1200,2,LOS ANGELES,LOS ANGELES,CA,-118.258825,34.02596664,"21ST ST & SAN PEDRO ST, LOS ANGELES, CA",21ST ST,SAN PEDRO ST,138474,
-118.5215994,34.28511429,29792,8823681,2019,2019-03-15T00:00:00.000Z,1942,2019-02-15T00:00:00.000Z,950,34561,1715,5,5,7,1942,0,0,0,Q,0,17A35,LERDO AV,MAYERLING ST,565,S,N,B,-,N,,0,0,,,0,,,,N,0,0,0,2,A,-,5,21650,,M,B,C,A,A,H,-,A,D,0,,,,,Y,,-,99,0,0,0,0,0,0,0,0,0,- ,- ,0,0,1200,2,LOS ANGELES,LOS ANGELES,CA,-118.5215994,34.28511429,"LERDO AVE & MAYERLING ST, LOS ANGELES, CA",LERDO AVE,MAYERLING ST,105231,
-118.4502522,34.245224,29793,8823802,2019,2019-04-15T00:00:00.000Z,1942,2019-02-23T00:00:00.000Z,1110,41090,LAPD,6,5,7,1942,0,0,0,,0,MISSIO,VAN NUYS BL,VESPER AV,0,,Y,A,-,N,,0,0,,,0,,,,Y,4,0,1,2,A,-,- ,0,,N,-,C,A,A,H,-,A,-,0,,,,,Y,,-,,0,0,1,0,0,0,0,0,0,- ,- ,0,0,1200,2,LOS ANGELES,LOS ANGELES,CA,-118.4502522,34.245224,"VAN NUYS BLVD & VESPER AVE, LOS ANGELES, CA",VAN NUYS BLVD,VESPER AVE,101484,
-118.614713,34.16868973,29794,8823814,2019,2019-03-21T00:00:00.000Z,1942,2019-02-27T00:00:00.000Z,920,39217,2175,3,5,7,1942,0,0,0,,0,21A73,VENTURA BL,SHOUP AV,60,W,N,A,-,N,,0,0,,,0,,,,Y,4,0,1,2,A,-,7,21658,A,N,B,C,A,A,H,-,A,D,0,,,,,Y,,A,7,0,0,1,0,0,0,0,0,0,- ,- ,0,0,1200,2,LOS ANGELES,LOS ANGELES,CA,-118.614713,34.16868973,"VENTURA BLVD & SHOUP AVE, LOS ANGELES, CA",VENTURA BLVD,SHOUP AVE,136236,
-118.3169326,34.10470581,29795,8824372,2019,2019-03-22T00:00:00.000Z,1942,2019-02-28T00:00:00.000Z,1145,38262,638,4,5,7,1942,0,0,0,F,0,6A49,CANYON DR,FRANKLIN AV,200,S,N,A,-,N,,0,0,,,0,,,,N,0,0,0,2,A,-,8,22107,,M,B,E,A,A,H,-,A,D,0,,,,,Y,,-,99,0,0,0,0,0,0,0,0,0,- ,- ,0,0,1200,2,LOS ANGELES,LOS ANGELES,CA,-118.3169326,34.10470581,"CANYON DR & FRANKLIN AVE, LOS ANGELES, CA",CANYON DR,FRANKLIN AVE,104301,
-118.3358855,34.11440277,29796,8824383,2019,2019-03-21T00:00:00.000Z,1942,2019-02-24T00:00:00.000Z,1120,42901,625,7,5,7,1942,0,0,0,F,0,6A31,CAHUENGA BL,PILGRIMAGE BRIDGE,70,S,N,A,-,N,,0,0,,,0,,,,Y,3,0,1,2,A,-,5,21651,A,N,B,C,A,A,H,-,A,D,0,,,,,Y,,A,1,0,1,0,0,0,0,0,0,0,- ,- ,0,0,1200,2,LOS ANGELES,LOS ANGELES,CA,-118.3358855,34.11440277,"CAHUENGA BLVD & PILGRIMAGE BRIDGE RD, LOS ANGELES, CA",CAHUENGA BLVD,PILGRIMAGE BRIDGE RD,127256,
-118.263495,33.79320908,29797,8824577,2019,2019-03-26T00:00:00.000Z,1942,2019-02-28T00:00:00.000Z,1030,31669,515,4,5,7,1942,0,0,0,E,0,25TL43,AVALON BL,SANDISON ST,35,S,N,B,C,N,,0,0,,,0,,,,N,0,0,0,2,A,-,3,22350,,M,B,E,A,B,H,-,A,A,0,,,,,Y,,-,99,0,0,0,0,0,0,0,0,0,- ,- ,0,0,1200,2,LOS ANGELES,LOS ANGELES,CA,-118.263495,33.79320908,"AVALON BLVD & SANDISON ST, LOS ANGELES, CA",AVALON BLVD,SANDISON ST,99674,
-118.2671121,34.0273056,29798,8825465,2019,2019-04-08T00:00:00.000Z,1942,2019-02-05T00:00:00.000Z,1125,34332,1321,2,5,7,1942,0,0,0,M,0,13A13,S MAIN ST,E 23RD ST,0,,Y,B,-,N,,0,0,,,0,,,,N,0,0,0,3,A,-,7,21658,A,M,D,C,A,A,H,-,A,A,0,,,,,Y,,-,99,0,0,0,0,0,0,0,0,0,- ,- ,0,0,1200,2,LOS ANGELES,LOS ANGELES,CA,-118.2671121,34.0273056,"MAIN ST & 23RD ST, LOS ANGELES, CA",MAIN ST,23RD ST,96585,
-118.2887321,34.09567642,29800,8825505,2019,2019-04-08T00:00:00.000Z,1942,2019-02-28T00:00:00.000Z,1150,31713,11621,4,5,7,1942,0,0,0,K,0,11A51,FOUNTAIN AV,LYMAN PL,0,,Y,A,-,N,,0,0,,,0,,,,N,0,0,0,2,A,-,3,22350,,M,C,C,A,A,H,-,A,D,0,,,,,Y,,-,99,0,0,0,0,0,0,0,0,0,- ,- ,0,0,1200,2,LOS ANGELES,LOS ANGELES,CA,-118.2887321,34.09567642,"FOUNTAIN AVE & LYMAN PL, LOS ANGELES, CA",FOUNTAIN AVE,LYMAN PL,114873,
-118.2565142,34.10606384,29801,8825524,2019,2019-03-28T00:00:00.000Z,1942,2019-02-28T00:00:00.000Z,1140,31152,1145,4,5,7,1942,0,0,0,K,0,11A71,FLETCHER DR,RIVERSIDE DR,30,N,N,A,-,N,,0,0,,,0,,,,Y,0,0,0,2,A,-,3,22350,,N,C,C,A,A,H,-,A,D,0,,,,,Y,,A,1,0,0,0,0,0,0,0,0,0,- ,- ,0,0,1200,2,LOS ANGELES,LOS ANGELES,CA,-118.2565142,34.10606384,"FLETCHER DR & RIVERSIDE DR, LOS ANGELES, CA",FLETCHER DR,RIVERSIDE DR,142594,
-118.2695621,33.9851532,29802,8825636,2019,2019-03-27T00:00:00.000Z,1942,2019-02-26T00:00:00.000Z,1030,31152,1383,2,5,7,1942,0,0,0,M,0,13A93,60TH ST,SAN PEDRO ST,0,,Y,A,-,N,,0,0,,,0,,,,Y,4,0,2,2,A,-,12,22450,A,N,D,C,A,A,H,-,A,A,0,,,,,Y,,A,1,0,0,2,0,0,0,0,0,0,- ,- ,0,0,1200,2,LOS ANGELES,LOS ANGELES,CA,-118.2695621,33.9851532,"60TH ST & SAN PEDRO ST, LOS ANGELES, CA",60TH ST,SAN PEDRO ST,117096,
-118.2717753,34.11904526,29803,8826509,2019,2019-04-02T00:00:00.000Z,1942,2019-02-12T00:00:00.000Z,1110,36238,1122,2,5,7,1942,0,0,0,K,0,11A1,LOS FELIZ BL,RIVERSIDE DR,715,E,N,A,-,Y,,0,0,,,0,,,,N,3,0,1,2,A,-,5,21650,1,N,H,G,A,A,H,-,A,D,0,,Y,,,Y,,L,4,0,1,0,0,0,0,1,0,0,- ,- ,0,0,1200,2,LOS ANGELES,LOS ANGELES,CA,-118.2717753,34.11904526,"LOS FELIZ BLVD & RIVERSIDE DR, LOS ANGELES, CA",LOS FELIZ BLVD,RIVERSIDE DR,105676,
-118.1881142,34.13670349,29804,8826878,2019,2019-03-27T00:00:00.000Z,1942,2019-02-04T00:00:00.000Z,1150,37847,1119,1,5,7,1942,0,0,0,K,0,11A25,FIGUEROA ST,LA LOMA,7,N,N,B,C,N,,0,0,,,0,,,,N,4,0,1,2,D,-,0,0,,N,C,C,A,B,-,-,A,A,0,,,,,Y,,-,- ,0,0,1,0,0,0,0,0,0,- ,- ,0,0,1200,2,LOS ANGELES,LOS ANGELES,CA,-118.1881142,34.13670349,"FIGUEROA ST & LA LOMA RD, LOS ANGELES, CA",FIGUEROA ST,LA LOMA RD,131747,
-118.5883122,34.16637421,29805,8827075,2019,2019-04-02T00:00:00.000Z,1942,2019-02-23T00:00:00.000Z,1120,40937,2187,6,5,7,1942,0,0,0,,0,21A97,VENTURA BL,DE SOTO AV,0,,Y,A,-,N,,0,0,,,0,,,,Y,3,0,3,2,A,-,9,21801,A,N,D,C,A,A,H,-,A,A,0,,,,,Y,,A,7,0,2,1,0,0,0,0,0,0,- ,- ,0,0,1200,2,LOS ANGELES,LOS ANGELES,CA,-118.5883122,34.16637421,"VENTURA BLVD & DE SOTO AVE, LOS ANGELES, CA",VENTURA BLVD,DE SOTO AVE,122205,
-118.3373721,34.03983307,29806,8827540,2019,2019-04-08T00:00:00.000Z,1942,2019-02-15T00:00:00.000Z,930,39449,785,5,5,7,1942,0,0,0,G,0,7X27,WEST BL,WASHINGTON BL,0,,Y,-,-,N,,0,0,,,0,,,,N,4,0,1,2,A,-,9,21801,A,N,D,C,A,A,H,-,A,A,0,,,,,Y,,A,7,0,0,1,0,0,0,0,0,0,- ,- ,0,0,1200,2,LOS ANGELES,LOS ANGELES,CA,-118.3373721,34.03983307,"WEST BLVD & WASHINGTON BLVD, LOS ANGELES, CA",WEST BLVD,WASHINGTON BLVD,121122,
-118.2588326,34.04864121,29807,8828501,2019,2019-04-05T00:00:00.000Z,1942,2019-02-18T00:00:00.000Z,1030,42580,162,1,5,7,1942,0,0,0,A,0,141,FLOWER ST,7TH ST,25,S,N,A,-,N,,0,0,,,0,,,,N,4,0,2,2,A,-,7,21658,A,N,B,C,A,A,H,-,A,D,0,,,,,Y,,A,1,0,0,2,0,0,0,0,0,0,- ,- ,0,0,1200,2,LOS ANGELES,LOS ANGELES,CA,-118.2588326,34.0486412,"FLOWER ST & 7TH ST, LOS ANGELES, CA",FLOWER ST,7TH ST,124599,
-118.2237922,34.07611466,29808,8829484,2019,2019-04-25T00:00:00.000Z,1942,2019-02-28T00:00:00.000Z,936,31152,411,4,5,7,1942,0,0,0,D,0,4A3,HUMBOLDT ST,AVE 19,0,,Y,A,-,N,,0,0,,,0,,,,Y,3,0,1,2,A,-,9,21802,A,N,D,C,A,A,D,-,A,A,0,,,,Y,Y,,F,26,0,1,0,0,0,0,0,0,0,- ,- ,0,0,1200,2,LOS ANGELES,LOS ANGELES,CA,-118.2237922,34.07611465,"HUMBOLDT ST & AVE 19, LOS ANGELES, CA",HUMBOLDT ST,AVE 19,111285,
-118.2597896,34.06292343,29809,8829500,2019,2019-04-09T00:00:00.000Z,1942,2019-02-16T00:00:00.000Z,1025,40289,238,6,5,7,1942,0,0,0,B,0,2A39,GLENDALE BL,ROCKWOOD ST,15,S,N,A,-,N,,0,0,,,0,,,,N,3,0,2,7,A,-,8,22107,,N,B,C,A,A,H,-,A,D,0,,,,,Y,,A,7,0,1,1,0,0,0,0,0,0,- ,- ,0,0,1200,2,LOS ANGELES,LOS ANGELES,CA,-118.2597896,34.06292343,"GLENDALE BLVD & ROCKWOOD ST, LOS ANGELES, CA",GLENDALE BLVD,ROCKWOOD ST,114619,
-118.3709562,34.18667984,29810,8829640,2019,2019-04-17T00:00:00.000Z,1942,2019-02-28T00:00:00.000Z,905,30452,1527,4,5,7,1942,0,0,0,O,0,15A27,VICTORY BL,VINELAND AV,180,W,N,B,-,N,,0,0,,,0,,,,N,3,0,1,2,A,-,11,21954,A,N,G,B,D,A,H,-,A,D,0,Y,,,,Y,,N,60,0,1,0,0,1,0,0,0,0,- ,- ,0,0,1200,2,LOS ANGELES,LOS ANGELES,CA,-118.3709562,34.18667984,"VICTORY BLVD & VINELAND AVE, LOS ANGELES, CA",VICTORY BLVD,VINELAND AVE,150317,
-118.2505121,34.0244751,29811,8829644,2019,2019-04-17T00:00:00.000Z,1942,2019-02-27T00:00:00.000Z,915,38357,1313,3,5,7,1942,0,0,0,M,0,13A13,EAST WASHINGTON BL,S CENTRAL AV,0,,Y,A,-,N,,0,0,,,0,,,,Y,0,0,0,2,A,-,12,21453,A,N,D,C,A,A,H,-,A,D,0,,,,,Y,,J,48,0,0,0,0,0,0,0,0,0,- ,- ,0,0,1200,2,LOS ANGELES,LOS ANGELES,CA,-118.2505121,34.0244751,"WASHINGTON BLVD & CENTRAL AVE, LOS ANGELES, CA",WASHINGTON BLVD,CENTRAL AVE,102147,
-118.3614421,34.07609558,29812,8829650,2019,2019-04-16T00:00:00.000Z,1942,2019-02-27T00:00:00.000Z,905,36664,713,3,5,7,1942,0,0,0,G,0,7A1,BEVERLY BL,N FAIRFAX AV,0,,Y,A,-,N,,0,0,,,0,,,,N,0,0,0,2,A,-,9,21806,A,N,D,C,A,A,H,-,A,A,0,,,,,Y,,A,1,0,0,0,0,0,0,0,0,0,- ,- ,0,0,1200,2,LOS ANGELES,LOS ANGELES,CA,-118.3614421,34.07609558,"BEVERLY BLVD & FAIRFAX AVE, LOS ANGELES, CA",BEVERLY BLVD,FAIRFAX AVE,139090,
-118.275259,33.98423004,29813,8829655,2019,2019-04-16T00:00:00.000Z,1942,2019-02-06T00:00:00.000Z,1130,38729,1383,3,5,7,1942,0,0,0,M,0,13A93,61ST ST,MAIN ST,400,W,N,A,-,N,,0,0,,,0,,,,N,0,0,0,2,A,-,6,21750,,M,B,C,A,A,H,-,A,D,0,,,,Y,Y,,-,,0,0,0,0,0,0,0,0,0,- ,- ,0,0,1200,2,LOS ANGELES,LOS ANGELES,CA,-118.275259,33.98423004,"61ST ST & MAIN ST, LOS ANGELES, CA",61ST ST,MAIN ST,113600,
-118.2393357,34.02362442,29814,8829662,2019,2019-04-16T00:00:00.000Z,1942,2019-02-04T00:00:00.000Z,945,38357,1317,1,5,7,1942,0,0,0,M,0,13A9,S ALAMEDA ST,15TH,33,N,N,B,C,N,,0,0,,,0,,,,N,0,0,0,2,A,-,3,22350,,N,C,C,A,B,H,-,A,D,0,,,,,Y,,D,22,0,0,0,0,0,0,0,0,0,- ,- ,0,0,1200,2,LOS ANGELES,LOS ANGELES,CA,-118.2393357,34.02362442,"ALAMEDA ST & 15TH ST, LOS ANGELES, CA",ALAMEDA ST,15TH ST,117421,
-118.239573,34.01979828,29815,8830328,2019,2019-03-27T00:00:00.000Z,1942,2019-02-10T00:00:00.000Z,1110,40289,1309,7,5,7,1942,0,0,0,M,0,13A9,ALAMEDA,EAST WASHINGTON BL,65,S,N,C,-,N,,0,0,,,0,,,,N,4,0,3,3,A,-,3,22350,,N,C,C,A,B,H,-,A,D,0,,,,,Y,,A,7,0,0,3,0,0,0,0,0,0,- ,- ,0,0,1200,2,LOS ANGELES,LOS ANGELES,CA,-118.239573,34.01979828,"ALAMEDA ST & WASHINGTON BLVD, LOS ANGELES, CA",ALAMEDA ST,WASHINGTON BLVD,131691,