X,Y,OBJECTID,case_id,accident_year,proc_date,juris,collision_date,collision_time,officer_id,reporting_district,day_of_week,chp_shift,population,cnty_city_loc,special_cond,beat_type,chp_beat_type,city_division_lapd,chp_beat_class,beat_number,primary_rd,secondary_rd,distance,direction,intersection,weather_1,weather_2,state_hwy_ind,caltrans_county,caltrans_district,state_route,route_suffix,postmile_prefix,postmile,location_type,ramp_intersection,side_of_hwy,tow_away,collision_severity,number_killed,number_injured,party_count,primary_coll_factor,pcf_code_of_viol,pcf_viol_category,pcf_violation,pcf_viol_subsection,hit_and_run,type_of_collision,mviw,ped_action,road_surface,road_cond_1,road_cond_2,lighting,control_device,chp_road_type,pedestrian_accident,bicycle_accident,motorcycle_accident,truck_accident,not_private_property,alcohol_involved,stwd_vehtype_at_fault,chp_vehtype_at_fault,count_severe_inj,count_visible_inj,count_complaint_pain,count_ped_killed,count_ped_injured,count_bicyclist_killed,count_bicyclist_injured,count_mc_killed,count_mc_injured,primary_ramp,secondary_ramp,latitude,longitude,timecat,month_,city,county,state,point_x,point_y,match_addr,m_primaryrd,m_secondrd,int_id,Flag
-118.2224322,34.0838356,29816,8830338,2019,2019-03-27T00:00:00.000Z,1942,2019-02-10T00:00:00.000Z,915,42932,1189,7,5,7,1942,0,0,0,K,0,11A89,W AVE 26,NORTH FIGUEROA ST,0,,Y,A,-,N,,0,0,,,0,,,,N,4,0,1,2,A,-,12,21453,A,N,D,C,A,A,H,-,A,A,0,,,,,Y,,A,8,0,0,1,0,0,0,0,0,0,- ,- ,0,0,1200,2,LOS ANGELES,LOS ANGELES,CA,-118.2224322,34.0838356,"AVE 26 & FIGUEROA ST, LOS ANGELES, CA",AVE 26,FIGUEROA ST,121948,
-118.2442479,34.0318985,29817,8830348,2019,2019-03-28T00:00:00.000Z,1942,2019-02-02T00:00:00.000Z,940,40275,1303,6,5,7,1942,0,0,0,M,0,13A13,S CENTRAL AV,OLYMPIC BL,60,S,N,C,-,N,,0,0,,,0,,,,N,3,0,1,2,A,-,11,21954,A,N,G,B,D,B,H,-,A,D,0,Y,,,,Y,,N,60,0,1,0,0,1,0,0,0,0,- ,- ,0,0,1200,2,LOS ANGELES,LOS ANGELES,CA,-118.2442479,34.0318985,"CENTRAL AVE & OLYMPIC BLVD, LOS ANGELES, CA",CENTRAL AVE,OLYMPIC BLVD,121131,
-118.2461926,34.02915192,29818,8830356,2019,2019-03-27T00:00:00.000Z,1942,2019-02-14T00:00:00.000Z,1142,38982,1317,4,5,7,1942,0,0,0,M,0,13A9,S CENTRAL AV,PICO BL,80,S,N,C,-,N,,0,0,,,0,,,,N,3,0,1,3,A,-,8,22107,,M,B,C,A,B,H,-,A,D,0,,,,,Y,,A,1,0,1,0,0,0,0,0,0,0,- ,- ,0,0,1200,2,LOS ANGELES,LOS ANGELES,CA,-118.2461926,34.02915192,"CENTRAL AVE & PICO BLVD, LOS ANGELES, CA",CENTRAL AVE,PICO BLVD,138670,
-118.2458322,34.11489487,29819,8830359,2019,2019-03-28T00:00:00.000Z,1942,2019-02-07T00:00:00.000Z,1015,41803,1133,4,5,7,1942,0,0,0,K,0,1133,SAN FERNANDO RD,FLETCHER DR,0,,Y,A,-,N,,0,0,,,0,,,,N,4,0,2,3,A,-,3,22350,,N,A,C,A,A,H,-,A,A,0,,,,,Y,,A,1,0,0,2,0,0,0,0,0,0,- ,- ,0,0,1200,2,LOS ANGELES,LOS ANGELES,CA,-118.2458322,34.11489487,"SAN FERNANDO RD & FLETCHER DR, LOS ANGELES, CA",SAN FERNANDO RD,FLETCHER DR,103703,
-118.2448012,34.02740479,29820,8830462,2019,2019-03-28T00:00:00.000Z,1942,2019-02-04T00:00:00.000Z,1110,38050,1317,1,5,7,1942,0,0,0,M,0,13A9,E 14TH ST,NAOMI AV,50,E,N,C,-,N,,0,0,,,0,,,,N,0,0,0,2,A,-,21,22106,,M,B,C,A,B,H,-,A,D,0,,,,,Y,,A,7,0,0,0,0,0,0,0,0,0,- ,- ,0,0,1200,2,LOS ANGELES,LOS ANGELES,CA,-118.2448013,34.02740479,"14TH ST & NAOMI AVE, LOS ANGELES, CA",14TH ST,NAOMI AVE,138700,
-118.2053794,34.10943222,29821,8830473,2019,2019-03-27T00:00:00.000Z,1942,2019-02-12T00:00:00.000Z,1045,38050,1137,2,5,7,1942,0,0,0,K,0,11A37,N AVENUE 50,GRANADA ST,25,W,N,A,-,N,,0,0,,,0,,,,N,0,0,0,2,A,-,3,22350,,M,C,C,A,A,H,-,A,D,0,,,,,Y,,-,99,0,0,0,0,0,0,0,0,0,- ,- ,0,0,1200,2,LOS ANGELES,LOS ANGELES,CA,-118.2053794,34.10943222,"AVE 50 & GRANADA ST, LOS ANGELES, CA",AVE 50,GRANADA ST,145966,
-118.2466756,34.08206177,29822,8830496,2019,2019-03-27T00:00:00.000Z,1942,2019-02-20T00:00:00.000Z,1010,42645,1185,3,5,7,1942,0,0,0,K,0,3623,STADIUM WY,ACADEMY RD,600,N,N,A,-,N,,0,0,,,0,,,,N,0,0,0,2,A,-,4,21703,,M,C,C,A,A,H,-,A,D,0,,,,,Y,,-,99,0,0,0,0,0,0,0,0,0,- ,- ,0,0,1200,2,LOS ANGELES,LOS ANGELES,CA,-118.2466756,34.08206177,"STADIUM WAY & ACADEMY RD, LOS ANGELES, CA",STADIUM WAY,ACADEMY RD,149821,
-118.2194373,34.0280838,29823,8830499,2019,2019-03-28T00:00:00.000Z,1942,2019-02-06T00:00:00.000Z,915,36238,491,3,5,7,1942,0,0,0,D,0,4A97,S SOTO ST,8TH ST,3,N,N,B,-,N,,0,0,,,0,,,,N,0,0,0,1,A,-,8,22107,,N,E,I,A,A,H,-,A,D,0,,,,,Y,,-,99,0,0,0,0,0,0,0,0,0,- ,- ,0,0,1200,2,LOS ANGELES,LOS ANGELES,CA,-118.2194373,34.0280838,"SOTO ST & 8TH ST, LOS ANGELES, CA",SOTO ST,8TH ST,149298,
-118.2391,34.02747726,29824,8830547,2019,2019-03-28T00:00:00.000Z,1942,2019-02-28T00:00:00.000Z,1040,1152,1309,4,5,7,1942,0,0,0,M,0,13A9,ALAMEDA ST,OLYMPIC BL,50,S,N,A,-,N,,0,0,,,0,,,,N,0,0,0,2,A,-,8,22107,,M,B,C,A,A,H,-,A,D,0,,,,,Y,,-,99,0,0,0,0,0,0,0,0,0,- ,- ,0,0,1200,2,LOS ANGELES,LOS ANGELES,CA,-118.2391,34.02747726,"ALAMEDA ST & OLYMPIC BLVD, LOS ANGELES, CA",ALAMEDA ST,OLYMPIC BLVD,138644,
-118.3116121,34.06761551,29825,8830556,2019,2019-03-27T00:00:00.000Z,1942,2019-02-22T00:00:00.000Z,950,43602,2022,5,5,7,1942,0,0,0,,0,20A1,SAINT ANDREWS PL,4TH ST,175,N,N,A,-,N,,0,0,,,0,,,,N,0,0,0,2,A,-,3,22350,,M,C,C,A,A,H,-,A,D,0,,,,,Y,,-,99,0,0,0,0,0,0,0,0,0,- ,- ,0,0,1200,2,LOS ANGELES,LOS ANGELES,CA,-118.3116121,34.06761551,"ST ANDREWS PL & 4TH ST, LOS ANGELES, CA",ST ANDREWS PL,4TH ST,121894,
-118.5447922,34.19021606,29826,8830962,2019,2019-03-28T00:00:00.000Z,1942,2019-02-27T00:00:00.000Z,1135,42916,1023,3,5,7,1942,0,0,0,J,0,10X44,WILBUR AV,KITTRIDGE ST,0,,Y,A,-,N,,0,0,,,0,,,,Y,4,0,2,2,A,-,9,21801,A,N,D,C,A,A,H,-,A,D,0,,,,,Y,,A,1,0,0,2,0,0,0,0,0,0,- ,- ,0,0,1200,2,LOS ANGELES,LOS ANGELES,CA,-118.5447922,34.19021606,"WILBUR AVE & KITTRIDGE ST, LOS ANGELES, CA",WILBUR AVE,KITTRIDGE ST,112116,
-118.5026265,34.22769928,29827,8830966,2019,2019-03-28T00:00:00.000Z,1942,2019-02-28T00:00:00.000Z,1030,36678,1788,4,5,7,1942,0,0,0,Q,0,,BALBOA BL,PARTHENIA ST,290,S,N,B,-,N,,0,0,,,0,,,,Y,4,0,2,2,A,-,9,21801,A,N,D,C,A,A,H,-,A,D,0,,,,,Y,,A,1,0,0,2,0,0,0,0,0,0,- ,- ,0,0,1200,2,LOS ANGELES,LOS ANGELES,CA,-118.5026266,34.22769928,"BALBOA BLVD & PARTHENIA ST, LOS ANGELES, CA",BALBOA BLVD,PARTHENIA ST,122462,
-118.3704621,34.15450668,29828,8830978,2019,2019-03-28T00:00:00.000Z,1942,2019-02-28T00:00:00.000Z,900,40398,1555,4,5,7,1942,0,0,0,O,0,15A67,VINELAND AV,HORTENSE ST,0,,Y,A,-,N,,0,0,,,0,,,,N,4,0,1,3,A,-,9,21801,A,N,D,C,A,A,H,-,A,D,0,,,Y,,Y,,A,1,0,0,1,0,0,0,0,0,1,- ,- ,0,0,1200,2,LOS ANGELES,LOS ANGELES,CA,-118.3704621,34.15450668,"VINELAND AVE & HORTENSE ST, LOS ANGELES, CA",VINELAND AVE,HORTENSE ST,109384,
-118.3615321,34.15764618,29829,8830982,2019,2019-03-28T00:00:00.000Z,1942,2019-02-28T00:00:00.000Z,1105,30452,1557,4,5,7,1942,0,0,0,O,0,15A67,E CAHUENGA BL,CAMARILLO ST,0,,Y,B,-,N,,0,0,,,0,,,,Y,4,0,4,5,A,-,12,21453,A,N,D,C,A,A,H,-,A,A,0,,,,,Y,,A,7,0,0,4,0,0,0,0,0,0,- ,- ,0,0,1200,2,LOS ANGELES,LOS ANGELES,CA,-118.3615321,34.15764618,"CAHUENGA BLVD & CAMARILLO ST, LOS ANGELES, CA",CAHUENGA BLVD,CAMARILLO ST,118589,
-118.3965487,34.19032288,29830,8830986,2019,2019-03-28T00:00:00.000Z,1942,2019-02-28T00:00:00.000Z,1150,41125,1503,4,5,7,1942,0,0,0,O,0,15A3,KITTRIDGE ST,LAUREL CANYON BL,5,W,N,A,-,N,,0,0,,,0,,,,N,4,0,1,2,A,-,10,21950,A,N,G,-,B,A,H,-,A,A,0,Y,,,,Y,,A,7,0,0,1,0,1,0,0,0,0,- ,- ,0,0,1200,2,LOS ANGELES,LOS ANGELES,CA,-118.3965487,34.19032288,"KITTRIDGE ST & LAUREL CANYON BLVD, LOS ANGELES, CA",KITTRIDGE ST,LAUREL CANYON BLVD,118603,
-118.5969545,34.1677475,29831,8831186,2019,2019-03-28T00:00:00.000Z,1942,2019-02-28T00:00:00.000Z,935,40574,2187,4,5,7,1942,0,0,0,,0,21A97,VENTURA BL,CANOGA AV,155,E,N,C,-,N,,0,0,,,0,,,,Y,0,0,0,1,A,-,3,22350,,N,A,-,A,B,H,-,A,A,0,,,,,Y,,A,7,0,0,0,0,0,0,0,0,0,- ,- ,0,0,1200,2,LOS ANGELES,LOS ANGELES,CA,-118.5969545,34.1677475,"VENTURA BLVD & CANOGA AVE, LOS ANGELES, CA",VENTURA BLVD,CANOGA AVE,143219,
-118.4225378,34.18056488,29832,8831474,2019,2019-04-02T00:00:00.000Z,1942,2019-02-28T00:00:00.000Z,1015,30452,,4,5,7,1942,0,0,0,,0,,FULTON AV,OXNARD ST,430,N,N,B,-,N,,0,0,,,0,,,,Y,4,0,2,2,A,-,21,22106,,N,D,C,A,A,H,-,A,D,0,,,,,Y,,A,1,0,0,2,0,0,0,0,0,0,- ,- ,0,0,1200,2,LOS ANGELES,LOS ANGELES,CA,-118.4225378,34.18056488,"FULTON AVE & OXNARD ST, LOS ANGELES, CA",FULTON AVE,OXNARD ST,114930,
-118.4514522,34.13727951,29833,8831482,2019,2019-04-15T00:00:00.000Z,1942,2019-02-28T00:00:00.000Z,1035,43677,991,4,5,7,1942,0,0,0,I,0,9A63,BEVERLY GLEN DR,DEERVALE DR,200,S,N,B,-,N,,0,0,,,0,,,,Y,4,0,1,2,A,-,4,21703,,N,C,D,A,B,H,-,A,D,0,,,,,Y,,A,1,0,0,1,0,0,0,0,0,0,- ,- ,0,0,1200,2,LOS ANGELES,LOS ANGELES,CA,-118.4514522,34.13727951,"BEVERLY GLEN BLVD & DEERVALE DR, LOS ANGELES, CA",BEVERLY GLEN BLVD,DEERVALE DR,137067,
-118.4399722,34.16857529,29834,8831518,2019,2019-04-18T00:00:00.000Z,1942,2019-02-19T00:00:00.000Z,1115,40141,955,2,5,7,1942,0,0,0,I,0,9A63,CHANDLER BL,HAZELTINE AV,0,,N,A,-,N,,0,0,,,0,,,,Y,4,0,2,3,A,-,12,21453,A,N,D,C,A,A,H,-,A,A,0,,,,,Y,,A,1,0,0,2,0,0,0,0,0,0,- ,- ,0,0,1200,2,LOS ANGELES,LOS ANGELES,CA,-118.4399722,34.16857529,"CHANDLER BLVD & HAZELTINE AVE, LOS ANGELES, CA",CHANDLER BLVD,HAZELTINE AVE,114975,
-118.2515025,34.06335068,29835,8832583,2019,2019-04-24T00:00:00.000Z,1942,2019-02-08T00:00:00.000Z,1030,43318,238,5,5,7,1942,0,0,0,B,0,2A17,TEMPLE ST,BEAUDRY,80,W,N,A,-,N,,0,0,,,0,,,,N,0,0,0,2,A,-,0,21685,A,N,B,C,A,A,D,-,A,A,0,,,,,Y,,A,1,0,0,0,0,0,0,0,0,0,- ,- ,0,0,1200,2,LOS ANGELES,LOS ANGELES,CA,-118.2515025,34.06335068,"TEMPLE ST & BEAUDRY AVE, LOS ANGELES, CA",TEMPLE ST,BEAUDRY AVE,97035,
-118.2480829,34.05677414,29836,8833653,2019,2019-04-15T00:00:00.000Z,1942,2019-02-21T00:00:00.000Z,915,40237,122,4,5,7,1942,0,0,0,A,0,1X45,GRAND AV,1ST ST,449,N,N,A,-,N,,0,0,,,0,,,,N,0,0,0,2,A,-,8,22107,,N,B,C,A,A,H,-,A,A,0,,,,,Y,,I,20,0,0,0,0,0,0,0,0,0,- ,- ,0,0,1200,2,LOS ANGELES,LOS ANGELES,CA,-118.2480829,34.05677414,"GRAND AVE (DOWNTOWN) & 1ST ST, LOS ANGELES, CA",GRAND AVE (DOWNTOWN),1ST ST,145716,
-118.2840511,34.06033707,29837,8833882,2019,2019-04-15T00:00:00.000Z,1942,2019-02-08T00:00:00.000Z,1145,40932,251,5,5,7,1942,0,0,0,B,0,2A45,S LAFAYETTE PARK PL,S HOOVER ST,50,N,N,A,-,N,,0,0,,,0,,,,N,0,0,0,2,A,-,21,22106,,N,C,C,A,A,H,-,A,D,0,,,,,Y,Y,-,99,0,0,0,0,0,0,0,0,0,- ,- ,0,0,1200,2,LOS ANGELES,LOS ANGELES,CA,-118.2840511,34.06033707,"LA FAYETTE PARK PL & HOOVER ST, LOS ANGELES, CA",LA FAYETTE PARK PL,HOOVER ST,145709,
-118.2582215,34.06036377,29838,8833890,2019,2019-04-09T00:00:00.000Z,1942,2019-02-12T00:00:00.000Z,1035,39807,2,2,5,7,1942,0,0,0,B,0,2A5W2,2ND ST,EDGEWARE RD,10,E,N,A,-,N,,0,0,,,0,,,,N,0,0,0,2,A,-,3,22350,,M,C,C,A,A,H,-,A,-,0,,,,,Y,,-,- ,0,0,0,0,0,0,0,0,0,- ,- ,0,0,1200,2,LOS ANGELES,LOS ANGELES,CA,-118.2582215,34.06036377,"2ND ST & EDGEWARE RD, LOS ANGELES, CA",2ND ST,EDGEWARE RD,114041,
-118.3435321,34.05401993,29839,8834289,2019,2019-04-12T00:00:00.000Z,1942,2019-02-18T00:00:00.000Z,1030,42901,747,1,5,7,1942,0,0,0,G,0,7A47,LA BREA AV,EDGEWOOD PL,116,S,N,A,-,N,,0,0,,,0,,,,N,3,0,2,2,A,-,3,22350,,N,C,C,A,A,H,-,A,D,0,,,,,Y,,A,7,0,2,0,0,0,0,0,0,0,- ,- ,0,0,1200,2,LOS ANGELES,LOS ANGELES,CA,-118.3435321,34.05401993,"LA BREA AVE & EDGEWOOD PL, LOS ANGELES, CA",LA BREA AVE,EDGEWOOD PL,103420,
-118.3386121,34.06889343,29840,8834293,2019,2019-05-03T00:00:00.000Z,1942,2019-02-22T00:00:00.000Z,1050,42901,738,5,5,7,1942,0,0,0,G,0,7A17,3RD ST,HIGHLAND AV,0,,Y,A,-,N,,0,0,,,0,,,,N,4,0,2,2,A,-,9,21801,A,N,A,C,A,A,H,-,A,A,0,,,,,Y,,A,1,0,0,2,0,0,0,0,0,0,- ,- ,0,0,1200,2,LOS ANGELES,LOS ANGELES,CA,-118.3386121,34.06889343,"3RD ST & HIGHLAND AVE, LOS ANGELES, CA",3RD ST,HIGHLAND AVE,109325,
-118.2574015,34.07677841,29841,8834918,2019,2019-04-16T00:00:00.000Z,1942,2019-02-26T00:00:00.000Z,1050,35435,218,2,5,7,1942,0,0,0,B,0,11A95,SUNSET BL,ECHO PARK AV,10,W,N,A,-,N,,0,0,,,0,,,,N,3,0,1,2,A,-,7,21658,A,F,B,G,A,A,H,-,A,D,0,,Y,,,Y,,-,99,0,1,0,0,0,0,1,0,0,- ,- ,0,0,1200,2,LOS ANGELES,LOS ANGELES,CA,-118.2574015,34.07677841,"SUNSET BLVD & ECHO PARK AVE, LOS ANGELES, CA",SUNSET BLVD,ECHO PARK AVE,100783,
-118.4699622,34.05266571,29842,8835231,2019,2019-04-10T00:00:00.000Z,1942,2019-02-11T00:00:00.000Z,915,36705,831,1,5,7,1942,0,0,0,H,0,34M7,W SAN VICENTE BL,MONTANA AV,0,,Y,A,-,N,,0,0,,,0,,,,N,4,0,1,2,A,-,4,21703,,N,C,C,A,A,H,-,A,A,0,,,,,Y,,A,1,0,0,1,0,0,0,0,0,0,- ,- ,0,0,1200,2,LOS ANGELES,LOS ANGELES,CA,-118.4699622,34.05266571,"SAN VICENTE BLVD & MONTANA AVE, LOS ANGELES, CA",SAN VICENTE BLVD,MONTANA AVE,137245,
-118.3573069,34.05745697,29844,8835328,2019,2019-04-16T00:00:00.000Z,1942,2019-02-12T00:00:00.000Z,1115,38282,743,2,5,7,1942,0,0,0,G,0,7A33,OLYMPIC BL,CURSON AV,50,W,N,A,-,N,,0,0,,,0,,,,N,0,0,0,2,A,-,21,22106,,N,B,C,A,A,H,-,A,A,0,,,,,Y,,A,1,0,0,0,0,0,0,0,0,0,- ,- ,0,0,1200,2,LOS ANGELES,LOS ANGELES,CA,-118.3573069,34.05745697,"OLYMPIC BLVD & CURSON AVE, LOS ANGELES, CA",OLYMPIC BLVD,CURSON AVE,99853,
-118.4365765,34.03624725,29845,8835340,2019,2019-04-16T00:00:00.000Z,1942,2019-02-08T00:00:00.000Z,1130,39655,884,5,5,7,1942,0,0,0,H,0,8A35,W PICO BL,COTNER AV,37,E,N,A,-,N,,0,0,,,0,,,,N,0,0,0,2,A,-,8,22107,,N,B,C,A,-,H,-,A,A,0,,,,Y,Y,,G,26,0,0,0,0,0,0,0,0,0,- ,- ,0,0,1200,2,LOS ANGELES,LOS ANGELES,CA,-118.4365765,34.03624725,"PICO BLVD & COTNER AVE, LOS ANGELES, CA",PICO BLVD,COTNER AVE,135706,
-118.433085,34.08406448,29846,8835344,2019,2019-04-16T00:00:00.000Z,1942,2019-02-13T00:00:00.000Z,952,38721,806,3,5,7,1942,0,0,0,H,0,8A29,N FARING RD,MAPLETON DR,75,E,N,B,C,N,,0,0,,,0,,,,N,0,0,0,2,A,-,21,22106,,N,C,C,A,B,H,-,A,A,0,,,,Y,Y,,A,1,0,0,0,0,0,0,0,0,0,- ,- ,0,0,1200,2,LOS ANGELES,LOS ANGELES,CA,-118.433085,34.08406448,"FARING RD & MAPLETON DR, LOS ANGELES, CA",FARING RD,MAPLETON DR,128439,
-118.3931921,34.05525589,29847,8835352,2019,2019-04-16T00:00:00.000Z,1942,2019-02-08T00:00:00.000Z,1046,38721,857,5,5,7,1942,0,0,0,H,0,8A95,PICO BL,GLENVILLE DR,0,,Y,A,-,N,,0,0,,,0,,,,N,0,0,0,2,A,-,9,21804,A,N,B,C,A,A,H,-,A,A,0,,,,,Y,,A,1,0,0,0,0,0,0,0,0,0,- ,- ,0,0,1200,2,LOS ANGELES,LOS ANGELES,CA,-118.3931921,34.05525589,"PICO BLVD & GLENVILLE DR, LOS ANGELES, CA",PICO BLVD,GLENVILLE DR,118203,
-118.4701185,34.0427208,29848,8836014,2019,2019-04-09T00:00:00.000Z,1942,2019-02-05T00:00:00.000Z,900,43024,831,2,5,7,1942,0,0,0,H,0,8A13,MCCLELLAN DR,WILSHIRE BL,200,N,N,C,-,N,,0,0,,,0,,,,N,0,0,0,2,A,-,17,22517,,N,D,C,A,B,H,-,A,D,0,,,,,Y,,A,1,0,0,0,0,0,0,0,0,0,- ,- ,0,0,1200,2,LOS ANGELES,LOS ANGELES,CA,-118.4701185,34.04272079,"MCCLELLAN DR & WILSHIRE BLVD, LOS ANGELES, CA",MCCLELLAN DR,WILSHIRE BLVD,103832,
-118.4490923,34.06352615,29849,8836015,2019,2019-04-09T00:00:00.000Z,1942,2019-02-16T00:00:00.000Z,1120,42901,838,6,5,7,1942,0,0,0,H,0,8A29,LEVERING AV,LE CONTE AV,54,S,N,A,-,N,,0,0,,,0,,,,N,0,0,0,1,A,-,21,22106,,N,E,I,A,A,D,-,A,D,0,,,,,Y,,M,44,0,0,0,0,0,0,0,0,0,- ,- ,0,0,1200,2,LOS ANGELES,LOS ANGELES,CA,-118.4490923,34.06352615,"LEVERING AVE & LE CONTE AVE, LOS ANGELES, CA",LEVERING AVE,LE CONTE AVE,114289,
-118.2987403,34.05988693,29850,8836070,2019,2019-04-09T00:00:00.000Z,1942,2019-02-19T00:00:00.000Z,1000,39655,2035,2,5,7,1942,0,0,0,,0,20A45,S MARIPOSA AV,7TH ST,52,N,N,A,-,N,,0,0,,,0,,,,N,0,0,0,2,A,-,8,22107,,N,B,E,A,A,H,-,A,D,0,,,,,Y,,A,1,0,0,0,0,0,0,0,0,0,- ,- ,0,0,1200,2,LOS ANGELES,LOS ANGELES,CA,-118.2987403,34.05988693,"MARIPOSA AVE & 7TH ST, LOS ANGELES, CA",MARIPOSA AVE,7TH ST,131545,
-118.4826429,34.11590576,29851,8836081,2019,2019-04-15T00:00:00.000Z,1942,2019-02-05T00:00:00.000Z,1030,27475,805,2,5,7,1942,0,0,0,H,0,8TL35,N SEPULVEDA BL,MOUNTAINGATE DR,150,N,N,B,-,N,,0,0,,,0,,,,N,4,0,2,2,A,-,3,22350,,N,C,C,A,B,H,-,A,A,0,,,,,Y,,A,1,0,0,2,0,0,0,0,0,0,- ,- ,0,0,1200,2,LOS ANGELES,LOS ANGELES,CA,-118.4826429,34.11590576,"SEPULVEDA BLVD & MOUNTAINGATE DR, LOS ANGELES, CA",SEPULVEDA BLVD,MOUNTAINGATE DR,105902,
-118.2870806,34.06495667,29852,8836083,2019,2019-04-25T00:00:00.000Z,1942,2019-02-20T00:00:00.000Z,929,43681,2029,3,5,7,1942,0,0,0,,0,20A33,VIRGIL AV,5TH ST,80,S,N,B,-,N,,0,0,,,0,,,,Y,3,0,2,2,A,-,8,22107,,N,B,C,A,A,H,-,A,D,0,,,,,Y,,A,1,0,1,1,0,0,0,0,0,0,- ,- ,0,0,1200,2,LOS ANGELES,LOS ANGELES,CA,-118.2870806,34.06495667,"VIRGIL AVE & 5TH ST, LOS ANGELES, CA",VIRGIL AVE,5TH ST,104317,
-118.4632465,34.04059601,29853,8836121,2019,2019-04-15T00:00:00.000Z,1942,2019-02-11T00:00:00.000Z,955,37770,841,1,5,7,1942,0,0,0,H,0,8A53,SANTA MONICA BL,BUNDY DR,30,E,N,A,-,N,,0,0,,,0,,,,Y,4,0,1,2,A,-,3,22350,,N,C,C,A,A,H,-,A,A,0,,,,,Y,,A,1,0,0,1,0,0,0,0,0,0,- ,- ,0,0,1200,2,LOS ANGELES,LOS ANGELES,CA,-118.4632465,34.04059601,"SANTA MONICA BLVD & BUNDY DR, LOS ANGELES, CA",SANTA MONICA BLVD,BUNDY DR,146013,
-118.5566018,34.07413483,29854,8836127,2019,2019-04-11T00:00:00.000Z,1942,2019-02-26T00:00:00.000Z,1125,38721,801,2,5,7,1942,0,0,0,H,0,8A1,PALISADES DR,EL BOSQUE CT,9,W,N,A,B,N,,0,0,,,0,,,,N,4,0,1,2,A,-,9,21802,A,N,B,C,A,A,H,-,A,A,0,,,,,Y,,A,7,0,0,1,0,0,0,0,0,0,- ,- ,0,0,1200,2,LOS ANGELES,LOS ANGELES,CA,-118.5566018,34.07413483,"PALISADES DR & EL BOSQUE CT, LOS ANGELES, CA",PALISADES DR,EL BOSQUE CT,151405,
-118.4439813,34.05884552,29855,8836147,2019,2019-04-11T00:00:00.000Z,1942,2019-02-19T00:00:00.000Z,1150,38721,833,2,5,7,1942,0,0,0,H,0,8A29,WESTWOOD BL,WILSHIRE BL,47,N,N,A,-,N,,0,0,,,0,,,,Y,4,0,3,3,A,-,7,21658,A,N,-,C,A,-,H,-,A,A,0,,,,,Y,,A,1,0,0,3,0,0,0,0,0,0,- ,- ,0,0,1200,2,LOS ANGELES,LOS ANGELES,CA,-118.4439813,34.05884552,"WESTWOOD BLVD & WILSHIRE BLVD, LOS ANGELES, CA",WESTWOOD BLVD,WILSHIRE BLVD,97219,
-118.3030922,34.05767441,29856,8836150,2019,2019-04-10T00:00:00.000Z,1942,2019-02-21T00:00:00.000Z,900,34959,2044,4,5,7,1942,0,0,0,,0,20A33,8TH ST,KINGSLEY DR,0,,Y,A,-,N,,0,0,,,0,,,,Y,4,0,2,2,A,-,9,21801,A,N,D,C,A,A,H,-,A,D,0,,,,,Y,,A,1,0,0,2,0,0,0,0,0,0,- ,- ,0,0,1200,2,LOS ANGELES,LOS ANGELES,CA,-118.3030922,34.05767441,"8TH ST & KINGSLEY DR, LOS ANGELES, CA",8TH ST,KINGSLEY DR,113989,
-118.2078021,34.07373428,29857,8836152,2019,2019-04-11T00:00:00.000Z,1942,2019-02-19T00:00:00.000Z,1005,39938,422,2,5,7,1942,0,0,0,D,0,4A15,BROADWAY,EASTLAKE AV,0,,N,A,-,N,,0,0,,,0,,,,Y,4,0,1,3,A,-,5,21650,,N,B,C,A,A,H,-,A,A,0,,,,,Y,Y,A,1,0,0,1,0,0,0,0,0,0,- ,- ,0,0,1200,2,LOS ANGELES,LOS ANGELES,CA,-118.2078022,34.07373428,"N BROADWAY & EASTLAKE AVE, LOS ANGELES, CA",N BROADWAY,EASTLAKE AVE,111237,
-118.3561765,34.07078171,29858,8836153,2019,2019-04-15T00:00:00.000Z,1942,2019-02-04T00:00:00.000Z,1155,41376,734,1,5,7,1942,0,0,0,G,0,7A33,W 3RD ST,E THE GROVE DR,60,E,N,C,-,N,,0,0,,,0,,,,N,4,0,2,2,A,-,4,21703,,N,C,C,A,B,H,-,A,D,0,,,,,Y,,A,7,0,0,2,0,0,0,0,0,0,- ,- ,0,0,1200,2,LOS ANGELES,LOS ANGELES,CA,-118.3561765,34.07078171,"3RD ST & THE GROVE DR, LOS ANGELES, CA",3RD ST,THE GROVE DR,140899,
-118.2350618,34.03474426,29859,8836160,2019,2019-04-11T00:00:00.000Z,1942,2019-02-22T00:00:00.000Z,1000,37059,159,5,5,7,1942,0,0,0,A,0,1A29,7TH ST,DECATUR ST,6,W,N,A,-,N,,0,0,,,0,,,,N,4,0,1,2,A,-,10,21950,A,N,G,B,B,A,H,-,A,D,0,Y,,,,Y,,A,1,0,0,1,0,1,0,0,0,0,- ,- ,0,0,1200,2,LOS ANGELES,LOS ANGELES,CA,-118.2350618,34.03474426,"7TH ST & DECATUR ST, LOS ANGELES, CA",7TH ST,DECATUR ST,121226,
-118.3091421,34.08350372,29861,8837046,2019,2019-04-19T00:00:00.000Z,1942,2019-02-27T00:00:00.000Z,930,37677,2002,3,5,7,1942,0,0,0,,0,20A1,MELROSE AV,WESTERN AV,0,,Y,A,-,N,,0,0,,,0,,,,N,4,0,2,3,A,-,9,21801,A,N,A,C,A,A,H,-,A,A,0,,,,,Y,,A,1,0,0,2,0,0,0,0,0,0,- ,- ,0,0,1200,2,LOS ANGELES,LOS ANGELES,CA,-118.3091421,34.08350372,"MELROSE AVE & WESTERN AVE, LOS ANGELES, CA",MELROSE AVE,WESTERN AVE,104128,