X,Y,OBJECTID,case_id,accident_year,proc_date,juris,collision_date,collision_time,officer_id,reporting_district,day_of_week,chp_shift,population,cnty_city_loc,special_cond,beat_type,chp_beat_type,city_division_lapd,chp_beat_class,beat_number,primary_rd,secondary_rd,distance,direction,intersection,weather_1,weather_2,state_hwy_ind,caltrans_county,caltrans_district,state_route,route_suffix,postmile_prefix,postmile,location_type,ramp_intersection,side_of_hwy,tow_away,collision_severity,number_killed,number_injured,party_count,primary_coll_factor,pcf_code_of_viol,pcf_viol_category,pcf_violation,pcf_viol_subsection,hit_and_run,type_of_collision,mviw,ped_action,road_surface,road_cond_1,road_cond_2,lighting,control_device,chp_road_type,pedestrian_accident,bicycle_accident,motorcycle_accident,truck_accident,not_private_property,alcohol_involved,stwd_vehtype_at_fault,chp_vehtype_at_fault,count_severe_inj,count_visible_inj,count_complaint_pain,count_ped_killed,count_ped_injured,count_bicyclist_killed,count_bicyclist_injured,count_mc_killed,count_mc_injured,primary_ramp,secondary_ramp,latitude,longitude,timecat,month_,city,county,state,point_x,point_y,match_addr,m_primaryrd,m_secondrd,int_id,Flag
-118.2570505,34.05608368,29862,8837798,2019,2019-04-29T00:00:00.000Z,1942,2019-02-20T00:00:00.000Z,900,43033,237,3,5,7,1942,0,0,0,B,0,2A47,BEAUDRY,3RD ST,200,S,N,A,-,N,,0,0,,,0,,,,N,0,0,0,2,A,-,17,22517,,M,B,C,A,A,H,-,A,D,0,,,,,Y,,-,99,0,0,0,0,0,0,0,0,0,- ,- ,0,0,1200,2,LOS ANGELES,LOS ANGELES,CA,-118.2570505,34.05608368,"BEAUDRY AVE & 3RD ST, LOS ANGELES, CA",BEAUDRY AVE,3RD ST,145714,
-118.3429404,34.08342362,29863,8837884,2019,2019-04-23T00:00:00.000Z,1942,2019-02-27T00:00:00.000Z,1140,41179,706,3,5,7,1942,0,0,0,G,0,7A17,MELROSE AV,SYCAMORE AV,48,W,N,A,-,N,,0,0,,,0,,,,N,0,0,0,2,A,-,3,22350,,N,B,E,A,A,H,-,A,D,0,,,,Y,Y,,D,22,0,0,0,0,0,0,0,0,0,- ,- ,0,0,1200,2,LOS ANGELES,LOS ANGELES,CA,-118.3429404,34.08342361,"MELROSE AVE & SYCAMORE AVE, LOS ANGELES, CA",MELROSE AVE,SYCAMORE AVE,142538,
-118.361159,34.0802002,29864,8837888,2019,2019-04-23T00:00:00.000Z,1942,2019-02-28T00:00:00.000Z,1125,41179,713,4,5,7,1942,0,0,0,G,0,7A1,ROSEWOOD AV,FAIRFAX AV,95,E,N,A,-,N,,0,0,,,0,,,,N,0,0,0,2,A,-,3,22350,,N,B,E,A,A,H,-,A,D,0,,,,Y,Y,,F,77,0,0,0,0,0,0,0,0,0,- ,- ,0,0,1200,2,LOS ANGELES,LOS ANGELES,CA,-118.361159,34.0802002,"ROSEWOOD AVE & FAIRFAX AVE, LOS ANGELES, CA",ROSEWOOD AVE,FAIRFAX AVE,117974,
-118.3884838,33.96310806,29865,8837927,2019,2019-04-22T00:00:00.000Z,1942,2019-02-11T00:00:00.000Z,1105,42901,1477,1,5,7,1942,0,0,0,N,0,14A67,83RD ST,FLIGHT AV,55,E,N,A,-,N,,0,0,,,0,,,,N,0,0,0,2,A,-,21,22106,,N,H,C,A,A,H,-,A,D,0,,,,Y,Y,,F,77,0,0,0,0,0,0,0,0,0,- ,- ,0,0,1200,2,LOS ANGELES,LOS ANGELES,CA,-118.3884838,33.96310806,"83RD ST & FLIGHT AVE, LOS ANGELES, CA",83RD ST,FLIGHT AVE,117874,
-118.2603073,34.04895401,29866,8837959,2019,2019-04-26T00:00:00.000Z,1942,2019-02-14T00:00:00.000Z,945,40706,162,4,5,7,1942,0,0,0,A,0,2A5,FIGUEROA ST,7TH ST,200,S,N,C,-,N,,0,0,,,0,,,,N,0,0,0,2,A,-,8,22107,,N,B,C,A,B,H,-,A,D,0,,,,Y,Y,,F,26,0,0,0,0,0,0,0,0,0,- ,- ,0,0,1200,2,LOS ANGELES,LOS ANGELES,CA,-118.2603073,34.04895401,"FIGUEROA ST & 7TH ST, LOS ANGELES, CA",FIGUEROA ST,7TH ST,96486,
-118.4287621,33.98122406,29867,8838164,2019,2019-04-10T00:00:00.000Z,1942,2019-02-21T00:00:00.000Z,1105,34959,1454,4,5,7,1942,0,0,0,N,0,14A45,CULVER BL,MARINA FWY,0,,Y,A,-,Y,,0,0,,,0,,,,Y,4,0,1,2,A,-,12,21453,A,N,D,C,A,A,H,-,A,A,0,,,,,Y,,A,7,0,0,1,0,0,0,0,0,0,- ,- ,0,0,1200,2,LOS ANGELES,LOS ANGELES,CA,-118.4287621,33.98122406,"CULVER BLVD & MARINA FWY, LOS ANGELES, CA",CULVER BLVD,MARINA FWY,162885,
-118.3514966,34.10163879,29869,8838762,2019,2019-04-11T00:00:00.000Z,1942,2019-02-17T00:00:00.000Z,1030,41139,643,7,5,7,1942,0,0,0,,0,6A45,HOLLYWOOD BL,N VISTA ST,120,E,N,B,-,N,,0,0,,,0,,,,Y,4,0,2,2,A,-,4,21703,,N,C,C,A,A,H,-,A,D,0,,,,,Y,,A,1,0,0,2,0,0,0,0,0,0,- ,- ,0,0,1200,2,LOS ANGELES,LOS ANGELES,CA,-118.3514965,34.10163879,"HOLLYWOOD BLVD & VISTA ST, LOS ANGELES, CA",HOLLYWOOD BLVD,VISTA ST,118282,
-118.2557821,34.01673508,29870,8839255,2019,2019-05-22T00:00:00.000Z,1942,2019-02-20T00:00:00.000Z,936,41847,1325,3,5,7,1942,0,0,0,M,0,,CENTRAL AV,28TH ST,0,,Y,A,-,N,,0,0,,,0,,,,,4,0,1,2,A,-,9,21802,A,N,B,C,A,A,H,-,A,A,0,,,,,Y,,-,- ,0,0,1,0,0,0,0,0,0,- ,- ,0,0,1200,2,LOS ANGELES,LOS ANGELES,CA,-118.2557821,34.01673508,"CENTRAL AVE & 28TH ST, LOS ANGELES, CA",CENTRAL AVE,28TH ST,134812,
-118.3041722,34.04720306,29871,8839334,2019,2019-05-03T00:00:00.000Z,1942,2019-02-28T00:00:00.000Z,1130,42845,OLYMP,4,5,7,1942,0,0,0,,0,2074,PICO BL,HARVARD BL,0,,Y,A,-,N,,0,0,,,0,,,,Y,4,0,1,2,A,-,12,21453,A,N,D,C,A,A,H,-,A,A,0,,,,,Y,,-,- ,0,0,1,0,0,0,0,0,0,- ,- ,0,0,1200,2,LOS ANGELES,LOS ANGELES,CA,-118.3041722,34.04720306,"PICO BLVD & HARVARD BLVD, LOS ANGELES, CA",PICO BLVD,HARVARD BLVD,107003,
-118.2521221,33.99205399,29872,8839338,2019,2019-04-17T00:00:00.000Z,1942,2019-02-23T00:00:00.000Z,900,43015,1375,6,5,7,1942,0,0,0,M,0,13A93,HOOPER AV,56TH ST,0,,Y,A,-,N,,0,0,,,0,,,,Y,4,0,2,2,A,-,12,22450,,N,D,C,A,A,H,-,A,A,0,,,,,Y,,A,1,0,0,2,0,0,0,0,0,0,- ,- ,0,0,1200,2,LOS ANGELES,LOS ANGELES,CA,-118.2521221,33.99205399,"HOOPER AVE & 56TH ST, LOS ANGELES, CA",HOOPER AVE,56TH ST,103103,
-118.2564921,34.00108337,29873,8839349,2019,2019-04-16T00:00:00.000Z,1942,2019-02-24T00:00:00.000Z,1030,43015,1364,7,5,7,1942,0,0,0,M,0,13XL3,CENTRAL AV,47TH ST,0,,Y,A,-,N,,0,0,,,0,,,,N,0,0,0,3,A,-,3,22350,,M,C,C,A,A,H,-,A,D,0,,,,,Y,,-,99,0,0,0,0,0,0,0,0,0,- ,- ,0,0,1200,2,LOS ANGELES,LOS ANGELES,CA,-118.2564921,34.00108337,"CENTRAL AVE & 47TH ST, LOS ANGELES, CA",CENTRAL AVE,47TH ST,120968,
-118.3614321,34.06294632,29874,8839451,2019,2019-04-18T00:00:00.000Z,1942,2019-02-25T00:00:00.000Z,1115,31465,743,1,5,7,1942,0,0,0,G,0,7A33,WILSHIRE BL,FAIRFAX AV,0,,Y,A,-,N,,0,0,,,0,,,,Y,4,0,1,2,A,-,12,21453,A,N,D,C,A,A,H,-,A,A,0,,,,,Y,,A,1,0,0,1,0,0,0,0,0,0,- ,- ,0,0,1200,2,LOS ANGELES,LOS ANGELES,CA,-118.3614321,34.06294632,"WILSHIRE BLVD & FAIRFAX AVE, LOS ANGELES, CA",WILSHIRE BLVD,FAIRFAX AVE,130218,
-118.3806121,34.07234573,29875,8839479,2019,2019-04-18T00:00:00.000Z,1942,2019-02-26T00:00:00.000Z,950,39127,721,2,5,7,1942,0,0,0,G,0,7A21,BURTON WY,S WILLAMAN DR,0,,Y,A,-,N,,0,0,,,0,,,,Y,3,0,3,3,A,-,9,21801,A,N,D,C,A,A,H,-,A,A,0,,,,,Y,,A,1,0,2,1,0,0,0,0,0,0,- ,- ,0,0,1200,2,LOS ANGELES,LOS ANGELES,CA,-118.3806121,34.07234573,"BURTON WAY & WILLAMAN DR, LOS ANGELES, CA",BURTON WAY,WILLAMAN DR,109323,
-118.448803,33.98999786,29876,8839503,2019,2019-04-18T00:00:00.000Z,1942,2019-02-28T00:00:00.000Z,930,42901,1444,4,5,7,1942,0,0,0,N,0,14A45,WASHINGTON BL,STANFORD AV,95,E,N,B,-,N,,0,0,,,0,,,,Y,3,0,2,2,A,-,3,22350,,N,C,C,A,A,H,-,A,D,0,,,,,Y,,A,7,0,1,1,0,0,0,0,0,0,- ,- ,0,0,1200,2,LOS ANGELES,LOS ANGELES,CA,-118.448803,33.98999786,"WASHINGTON BLVD & STANFORD AVE, LOS ANGELES, CA",WASHINGTON BLVD,STANFORD AVE,135285,
-118.3293921,34.00440598,29877,8841544,2019,2019-04-16T00:00:00.000Z,1942,2019-02-13T00:00:00.000Z,1010,39745,393,3,5,7,1942,0,0,0,C,0,3A73,11TH AV,W GARTHWAITE AV,0,,Y,C,-,N,,0,0,,,0,,,,Y,4,0,1,2,A,-,9,21802,A,F,D,C,A,B,H,-,A,A,0,,,,,Y,,-,99,0,0,1,0,0,0,0,0,0,- ,- ,0,0,1200,2,LOS ANGELES,LOS ANGELES,CA,-118.3293921,34.00440598,"11TH AVE & GARTHWAITE AVE, LOS ANGELES, CA",11TH AVE,GARTHWAITE AVE,127909,
-118.2740009,33.94918442,29878,8841626,2019,2019-04-16T00:00:00.000Z,1942,2019-02-27T00:00:00.000Z,1120,41729,1822,3,5,7,1942,0,0,0,R,0,25T23,COLDEN AV,MAIN ST,30,W,N,A,-,N,,0,0,,,0,,,,Y,0,0,0,4,A,-,3,22350,,M,A,E,A,A,H,-,A,D,0,,,,,Y,,A,1,0,0,0,0,0,0,0,0,0,- ,- ,0,0,1200,2,LOS ANGELES,LOS ANGELES,CA,-118.2740009,33.94918442,"COLDEN AVE & MAIN ST, LOS ANGELES, CA",COLDEN AVE,MAIN ST,117109,
-118.3381633,34.10424805,29879,8841838,2019,2019-04-23T00:00:00.000Z,1942,2019-02-18T00:00:00.000Z,1130,34959,625,1,5,7,1942,0,0,0,F,0,6A31,HIGHLAND AV,FRANKLIN AV,85,N,N,A,-,Y,,0,0,,,0,,,,N,4,0,1,2,A,-,7,21658,A,N,B,C,A,A,H,-,A,D,0,,,,,Y,,A,1,0,0,1,0,0,0,0,0,0,- ,- ,0,0,1200,2,LOS ANGELES,LOS ANGELES,CA,-118.3381633,34.10424805,"HIGHLAND AVE & FRANKLIN AVE, LOS ANGELES, CA",HIGHLAND AVE,FRANKLIN AVE,100803,
-118.4184121,33.98902512,29880,8841929,2019,2019-04-23T00:00:00.000Z,1942,2019-02-13T00:00:00.000Z,1025,40929,1457,3,5,7,1942,0,0,0,N,0,14A13,CENTINELA AV,MARSHALL ST,0,,Y,C,-,N,,0,0,,,0,,,,N,4,0,1,2,A,-,9,21802,A,N,D,C,A,B,H,-,A,D,0,,,,,Y,,D,22,0,0,1,0,0,0,0,0,0,- ,- ,0,0,1200,2,LOS ANGELES,LOS ANGELES,CA,-118.4184121,33.98902512,"CENTINELA AVE & MARSHALL ST, LOS ANGELES, CA",CENTINELA AVE,MARSHALL ST,110672,
-118.3962917,33.94084168,29881,8842533,2019,2019-04-19T00:00:00.000Z,1942,2019-02-28T00:00:00.000Z,1100,38688,1487,4,5,7,1942,0,0,0,N,0,14A67,SEPULVEDA BL,CENTURY BL,1700,S,N,B,-,N,,0,0,,,0,,,,N,4,0,2,2,A,-,7,21658,A,N,B,C,A,A,H,-,A,D,0,,,,,Y,,A,7,0,0,2,0,0,0,0,0,0,- ,- ,0,0,1200,2,LOS ANGELES,LOS ANGELES,CA,-118.3962917,33.94084167,"SEPULVEDA BLVD & CENTURY BLVD, LOS ANGELES, CA",SEPULVEDA BLVD,CENTURY BLVD,133610,
-118.4042554,33.93148422,29882,8842729,2019,2019-05-14T00:00:00.000Z,1942,2019-02-06T00:00:00.000Z,1100,3566,1494,3,5,7,1942,0,0,0,N,0,5M22,IMPERIAL HWY,CALIFORNIA,80,W,N,A,-,N,,0,0,,,0,,,,N,4,0,1,2,A,-,4,21703,,N,C,C,A,A,H,-,A,A,0,,,,,Y,,A,1,0,0,1,0,0,0,0,0,0,- ,- ,0,0,1200,2,LOS ANGELES,LOS ANGELES,CA,-118.4042554,33.93148422,"IMPERIAL HWY & CALIFORNIA ST, LOS ANGELES, CA",IMPERIAL HWY,CALIFORNIA ST,924,
-118.3766221,34.07656479,29883,8845137,2019,2019-05-10T00:00:00.000Z,1942,2019-02-20T00:00:00.000Z,910,37061,711,3,5,7,1942,0,0,0,G,0,7A85,LA CIENEGA BL,BEVERLY,0,,Y,A,-,N,,0,0,,,0,,,,Y,4,0,2,2,A,-,7,21658,A,N,B,C,A,A,H,-,A,D,0,,,,,Y,,-,- ,0,0,2,0,0,0,0,0,0,- ,CN,0,0,1200,2,LOS ANGELES,LOS ANGELES,CA,-118.3766221,34.07656479,"LA CIENEGA BLVD & BEVERLY PL, LOS ANGELES, CA",LA CIENEGA BLVD,BEVERLY PL,114469,
-118.3380311,34.09660721,29884,8846112,2019,2019-05-02T00:00:00.000Z,1942,2019-02-15T00:00:00.000Z,1020,43636,666,5,5,7,1942,0,0,0,F,0,6A63,MCCADDEN PL,LELAND WY,10,S,N,A,-,N,,0,0,,,0,,,,N,0,0,0,2,A,-,3,22350,,M,A,E,A,A,H,-,A,D,0,,,,,Y,,-,99,0,0,0,0,0,0,0,0,0,- ,- ,0,0,1200,2,LOS ANGELES,LOS ANGELES,CA,-118.3380311,34.09660721,"MCCADDEN PL & LELAND WAY, LOS ANGELES, CA",MCCADDEN PL,LELAND WAY,146580,
-118.2699622,34.0163765,29885,8847767,2019,2019-04-23T00:00:00.000Z,1942,2019-02-12T00:00:00.000Z,930,42260,1342,2,5,7,1942,0,0,0,M,0,13A75,MAPLE AV,35TH ST,0,,Y,A,-,N,,0,0,,,0,,,,N,4,0,2,2,A,-,12,22450,A,N,D,C,A,A,H,-,A,A,0,,,,,Y,,A,1,0,0,2,0,0,0,0,0,0,- ,- ,0,0,1200,2,LOS ANGELES,LOS ANGELES,CA,-118.2699622,34.0163765,"MAPLE AVE & 35TH ST, LOS ANGELES, CA",MAPLE AVE,35TH ST,106855,
-118.4494403,34.13203812,29886,8847782,2019,2019-04-22T00:00:00.000Z,1942,2019-02-13T00:00:00.000Z,1040,39127,807,3,5,7,1942,0,0,0,H,0,8A29,MULHOLLAND DR,NICADA DR,300,W,N,C,-,N,,0,0,,,0,,,,Y,3,0,1,2,A,-,3,22350,,N,D,C,A,B,H,-,A,D,0,,,,,Y,,A,1,0,1,0,0,0,0,0,0,0,- ,- ,0,0,1200,2,LOS ANGELES,LOS ANGELES,CA,-118.4494403,34.13203812,"MULHOLLAND DR & NICADA DR, LOS ANGELES, CA",MULHOLLAND DR,NICADA DR,112017,
-118.3288921,34.09433365,29887,8847794,2019,2019-04-22T00:00:00.000Z,1942,2019-02-07T00:00:00.000Z,1130,42208,666,4,5,7,1942,0,0,0,F,0,6A31,FOUNTAIN AV,CAHUENGA BL,0,,Y,A,-,N,,0,0,,,0,,,,N,4,0,1,2,A,-,12,21453,A,N,D,C,A,A,H,-,A,A,0,,,,,Y,,-,- ,0,0,1,0,0,0,0,0,0,- ,- ,0,0,1200,2,LOS ANGELES,LOS ANGELES,CA,-118.3288921,34.09433365,"FOUNTAIN AVE & CAHUENGA BLVD, LOS ANGELES, CA",FOUNTAIN AVE,CAHUENGA BLVD,125317,
-118.3379832,34.10434341,29889,8847818,2019,2019-04-22T00:00:00.000Z,1942,2019-02-10T00:00:00.000Z,940,38688,625,7,5,7,1942,0,0,0,F,0,6A31,N HIGHLAND AV,FRANKLIN AV,150,N,N,B,-,N,,0,0,,,0,,,,N,3,0,3,3,A,-,3,22350,,N,C,C,A,A,H,-,A,A,0,,,,,Y,,A,1,0,1,2,0,0,0,0,0,0,- ,- ,0,0,1200,2,LOS ANGELES,LOS ANGELES,CA,-118.3379832,34.10434341,"HIGHLAND AVE & FRANKLIN AVE, LOS ANGELES, CA",HIGHLAND AVE,FRANKLIN AVE,100803,
-118.3336769,34.09798431,29890,8847838,2019,2019-04-22T00:00:00.000Z,1942,2019-02-10T00:00:00.000Z,1120,42901,646,7,5,7,1942,0,0,0,F,0,6A63,W SUNSET BL,CASSIL PL,38,E,N,C,-,N,,0,0,,,0,,,,N,3,0,1,3,A,-,4,21703,,N,C,C,A,B,H,-,A,D,0,,,,,Y,,A,7,0,1,0,0,0,0,0,0,0,- ,- ,0,0,1200,2,LOS ANGELES,LOS ANGELES,CA,-118.3336769,34.09798431,"SUNSET BLVD & CASSIL PL, LOS ANGELES, CA",SUNSET BLVD,CASSIL PL,111385,
-118.4703037,33.98597336,29891,8849734,2019,2019-04-26T00:00:00.000Z,1942,2019-02-27T00:00:00.000Z,905,42243,1431,3,5,7,1942,0,0,0,N,0,14A13,STRONGS DR,MILDRED AV,300,S,N,A,-,N,,0,0,,,0,,,,N,0,0,0,2,A,-,21,22106,,M,H,E,A,A,H,-,A,D,0,,,,,Y,,-,99,0,0,0,0,0,0,0,0,0,- ,- ,0,0,1200,2,LOS ANGELES,LOS ANGELES,CA,-118.4703037,33.98597336,"STRONGS DR & MILDRED AVE, LOS ANGELES, CA",STRONGS DR,MILDRED AVE,103658,
-118.4608169,34.00163269,29892,8849754,2019,2019-04-26T00:00:00.000Z,1942,2019-02-27T00:00:00.000Z,900,40929,1415,3,5,7,1942,0,0,0,N,0,14A25,LAKE ST,APPLEBY ST,76,W,N,A,-,N,,0,0,,,0,,,,N,0,0,0,2,A,-,3,22350,,M,C,E,A,A,H,-,A,D,0,,,,,Y,,-,99,0,0,0,0,0,0,0,0,0,- ,- ,0,0,1200,2,LOS ANGELES,LOS ANGELES,CA,-118.4608169,34.00163269,"LAKE ST & APPLEBY ST, LOS ANGELES, CA",LAKE ST,APPLEBY ST,135372,
-118.3390819,34.01316452,29893,8648652,2019,2019-02-28T00:00:00.000Z,1942,2019-02-09T00:00:00.000Z,1430,41973,363,6,5,7,1942,0,0,0,C,0,3A63,MARTIN LUTHER KING BL,E KP WY,235,E,N,A,-,N,,0,0,,,0,,,,Y,1,1,3,2,A,-,5,21651,A,N,A,C,A,A,H,-,A,D,0,,,,,Y,,A,1,0,1,2,0,0,0,0,0,0,- ,- ,0,0,1500,2,LOS ANGELES,LOS ANGELES,CA,-118.3390819,34.01316452,"MARTIN LUTHER KING JR BLVD & KP WAY, LOS ANGELES, CA",MARTIN LUTHER KING JR BLVD,KP WAY,3140,
-118.5011422,34.18626404,29894,8648688,2019,2019-03-13T00:00:00.000Z,1942,2019-02-18T00:00:00.000Z,1445,35481,1037,1,5,7,1942,0,0,0,J,0,10A17,BALBOA BL,VICTORY BL,124,S,N,A,-,N,,0,0,,,0,,,,Y,1,1,0,2,A,-,3,22350,,N,G,B,F,A,H,-,A,A,0,Y,,,,Y,,D,22,0,0,0,1,0,0,0,0,0,- ,- ,0,0,1500,2,LOS ANGELES,LOS ANGELES,CA,-118.5011422,34.18626404,"BALBOA BLVD & VICTORY BLVD, LOS ANGELES, CA",BALBOA BLVD,VICTORY BLVD,140210,
-118.3223925,34.25971603,29895,8648704,2019,2019-03-13T00:00:00.000Z,1942,2019-02-19T00:00:00.000Z,1305,38399,1636,2,5,7,1942,0,0,0,P,0,16A35,FOOTHILL BL,NEWHOME AV,12,E,N,A,-,N,,0,0,,,0,,,,Y,1,1,0,1,A,-,3,22350,,N,E,I,A,A,B,-,A,A,0,,,Y,,Y,,C,2,0,0,0,0,0,0,0,1,0,- ,- ,0,0,1500,2,LOS ANGELES,LOS ANGELES,CA,-118.3223925,34.25971603,"FOOTHILL BLVD & NEWHOME AVE, LOS ANGELES, CA",FOOTHILL BLVD,NEWHOME AVE,140451,
-118.2918021,33.96379089,29896,8792084,2019,2019-02-21T00:00:00.000Z,1942,2019-02-01T00:00:00.000Z,1410,39497,1265,5,5,7,1942,0,0,0,L,0,12X32,VERMONT AV,83RD ST,50,N,N,A,-,N,,0,0,,,0,,,,Y,3,0,2,2,A,-,21,22106,,N,B,C,A,A,H,-,A,D,0,,,,,Y,,D,22,0,1,1,0,0,0,0,0,0,- ,- ,0,0,1500,2,LOS ANGELES,LOS ANGELES,CA,-118.2918021,33.96379089,"VERMONT AVE & 83RD ST, LOS ANGELES, CA",VERMONT AVE,83RD ST,123324,
-118.4440022,34.22483444,29897,8792922,2019,2019-02-25T00:00:00.000Z,1942,2019-02-02T00:00:00.000Z,1220,39281,1987,6,5,7,1942,0,0,0,,0,19A75,WAKEFIELD AV,CHASE ST,0,,Y,C,-,N,,0,0,,,0,,,,Y,3,0,1,2,A,-,9,21802,A,N,D,C,A,B,H,-,A,A,0,,,,,Y,,D,22,0,1,0,0,0,0,0,0,0,- ,- ,0,0,1500,2,LOS ANGELES,LOS ANGELES,CA,-118.4440022,34.22483444,"WAKEFIELD AVE & CHASE ST, LOS ANGELES, CA",WAKEFIELD AVE,CHASE ST,97448,
-118.2658302,33.94831467,29898,8792981,2019,2019-03-21T00:00:00.000Z,1942,2019-02-07T00:00:00.000Z,1415,43529,1823,4,5,7,1942,0,0,0,R,0,18A1,97TH ST,AVALON,200,W,N,A,-,N,,0,0,,,0,,,,N,0,0,0,2,A,-,- ,0,,N,B,C,A,A,H,-,A,D,0,,,,,Y,,A,7,0,0,0,0,0,0,0,0,0,- ,- ,0,0,1500,2,LOS ANGELES,LOS ANGELES,CA,-118.2658302,33.94831467,"97TH ST & AVALON BLVD, LOS ANGELES, CA",97TH ST,AVALON BLVD,138135,
-118.2915722,34.00548554,29900,8793080,2019,2019-02-28T00:00:00.000Z,1942,2019-02-06T00:00:00.000Z,1430,40656,396,3,5,7,1942,0,0,0,C,0,12A15,VERMONT AV,43RD ST,0,,Y,A,-,N,,0,0,,,0,,,,Y,3,0,1,2,A,-,9,21801,A,N,D,C,A,A,H,-,A,A,0,,,,,Y,,A,1,0,1,0,0,0,0,0,0,0,- ,- ,0,0,1500,2,LOS ANGELES,LOS ANGELES,CA,-118.2915722,34.00548553,"VERMONT AVE & 43RD ST, LOS ANGELES, CA",VERMONT AVE,43RD ST,124402,
-118.2741921,33.77933502,29901,8793111,2019,2019-02-27T00:00:00.000Z,1942,2019-02-05T00:00:00.000Z,1425,33244,514,2,5,7,1942,0,0,0,E,0,25TL42,ANAHEIM ST,WILMINGTON BL,0,,Y,A,-,N,,0,0,,,0,,,,N,4,0,1,2,A,-,12,21453,A,N,D,C,A,A,H,-,A,A,0,,,,,Y,,A,1,0,0,1,0,0,0,0,0,0,- ,- ,0,0,1500,2,LOS ANGELES,LOS ANGELES,CA,-118.2741921,33.77933502,"ANAHEIM ST & WILMINGTON BLVD, LOS ANGELES, CA",ANAHEIM ST,WILMINGTON BLVD,131331,
-118.3090321,33.94335938,29902,8793136,2019,2019-02-21T00:00:00.000Z,1942,2019-02-10T00:00:00.000Z,1200,37724,1283,7,5,7,1942,0,0,0,L,0,12A73,S WESTERN AV,103RD ST,60,N,N,B,-,N,,0,0,,,0,,,,Y,0,0,0,4,A,-,7,21658,A,M,B,C,A,B,H,-,A,A,0,,,,,Y,,-,99,0,0,0,0,0,0,0,0,0,- ,- ,0,0,1500,2,LOS ANGELES,LOS ANGELES,CA,-118.3090321,33.94335938,"WESTERN AVE & 103RD ST, LOS ANGELES, CA",WESTERN AVE,103RD ST,138128,
-118.3090022,33.97779465,29903,8793157,2019,2019-02-22T00:00:00.000Z,1942,2019-02-04T00:00:00.000Z,1400,32262,1243,1,5,7,1942,0,0,0,L,0,12A93,WESTERN AV,68TH ST,0,,Y,A,-,N,,0,0,,,0,,,,N,4,0,2,3,A,-,9,21801,A,N,D,C,A,A,H,-,A,D,0,,,,,Y,,A,7,0,0,2,0,0,0,0,0,0,- ,- ,0,0,1500,2,LOS ANGELES,LOS ANGELES,CA,-118.3090022,33.97779465,"WESTERN AVE & 68TH ST, LOS ANGELES, CA",WESTERN AVE,68TH ST,113534,
-118.3023822,34.00008392,29904,8793165,2019,2019-03-20T00:00:00.000Z,1942,2019-02-03T00:00:00.000Z,1350,42546,1204,7,5,7,1942,0,0,0,L,0,12A,48TH ST,HALLDALE AV,0,,Y,B,C,N,,0,0,,,0,,,,Y,4,0,1,2,A,-,9,21801,A,N,D,D,A,B,H,-,A,D,0,,,,,Y,,A,1,0,0,1,0,0,0,0,0,0,- ,- ,0,0,1500,2,LOS ANGELES,LOS ANGELES,CA,-118.3023822,34.00008392,"48TH ST & HALLDALE AVE, LOS ANGELES, CA",48TH ST,HALLDALE AVE,113803,
-118.2739221,33.96788406,29905,8793173,2019,2019-02-22T00:00:00.000Z,1942,2019-02-03T00:00:00.000Z,1425,42962,1258,7,5,7,1942,0,0,0,L,0,12A57,MAIN ST,79TH ST,0,,Y,B,-,N,,0,0,,,0,,,,N,4,0,1,2,A,-,12,21453,A,N,D,C,A,A,H,-,A,A,0,,,,,Y,,-,99,0,0,1,0,0,0,0,0,0,- ,- ,0,0,1500,2,LOS ANGELES,LOS ANGELES,CA,-118.2739221,33.96788406,"MAIN ST & 79TH ST, LOS ANGELES, CA",MAIN ST,79TH ST,96099,
-118.2840492,34.0037384,29906,8793278,2019,2019-02-26T00:00:00.000Z,1942,2019-02-03T00:00:00.000Z,1400,43615,1209,7,5,7,1942,0,0,0,L,0,13A27,VERNON,FIGUEROA ST,400,W,-,C,-,N,,0,0,,,0,,,,N,4,0,1,2,A,-,7,21658,A,F,B,C,A,B,H,-,A,D,0,,,,,Y,,-,99,0,0,1,0,0,0,0,0,0,- ,- ,0,0,1500,2,LOS ANGELES,LOS ANGELES,CA,-118.2840492,34.0037384,"VERNON AVE & FIGUEROA ST, LOS ANGELES, CA",VERNON AVE,FIGUEROA ST,103353,
-118.5623522,34.24629593,29907,8793528,2019,2019-02-25T00:00:00.000Z,1942,2019-02-09T00:00:00.000Z,1300,33458,1764,6,5,7,1942,0,0,0,Q,0,17A81,CORBIN AV,SUPERIOR ST,25,S,N,B,-,N,,0,0,,,0,,,,N,0,0,0,2,A,-,5,21460,A,M,B,C,A,A,H,-,A,D,0,,,,,Y,,-,99,0,0,0,0,0,0,0,0,0,- ,- ,0,0,1500,2,LOS ANGELES,LOS ANGELES,CA,-118.5623522,34.24629593,"CORBIN AVE & SUPERIOR ST, LOS ANGELES, CA",CORBIN AVE,SUPERIOR ST,105784,