X,Y,OBJECTID,case_id,accident_year,proc_date,juris,collision_date,collision_time,officer_id,reporting_district,day_of_week,chp_shift,population,cnty_city_loc,special_cond,beat_type,chp_beat_type,city_division_lapd,chp_beat_class,beat_number,primary_rd,secondary_rd,distance,direction,intersection,weather_1,weather_2,state_hwy_ind,caltrans_county,caltrans_district,state_route,route_suffix,postmile_prefix,postmile,location_type,ramp_intersection,side_of_hwy,tow_away,collision_severity,number_killed,number_injured,party_count,primary_coll_factor,pcf_code_of_viol,pcf_viol_category,pcf_violation,pcf_viol_subsection,hit_and_run,type_of_collision,mviw,ped_action,road_surface,road_cond_1,road_cond_2,lighting,control_device,chp_road_type,pedestrian_accident,bicycle_accident,motorcycle_accident,truck_accident,not_private_property,alcohol_involved,stwd_vehtype_at_fault,chp_vehtype_at_fault,count_severe_inj,count_visible_inj,count_complaint_pain,count_ped_killed,count_ped_injured,count_bicyclist_killed,count_bicyclist_injured,count_mc_killed,count_mc_injured,primary_ramp,secondary_ramp,latitude,longitude,timecat,month_,city,county,state,point_x,point_y,match_addr,m_primaryrd,m_secondrd,int_id,Flag
-118.3236707,34.25972366,29954,8802768,2019,2019-02-20T00:00:00.000Z,1942,2019-02-02T00:00:00.000Z,1217,40165,1636,6,5,7,1942,0,0,0,P,0,16A35,SUNLAND BL,NEWHOME AV,375,W,N,C,-,N,,0,0,,,0,,,,Y,3,0,2,2,A,-,1,23152,A,N,B,C,A,B,H,-,A,A,0,,,,,Y,Y,A,7,0,1,1,0,0,0,0,0,0,- ,- ,0,0,1500,2,LOS ANGELES,LOS ANGELES,CA,-118.3236707,34.25972366,"SUNLAND BLVD & NEWHOME AVE, LOS ANGELES, CA",SUNLAND BLVD,NEWHOME AVE,140451,
-118.3093021,33.75009537,29955,8803311,2019,2019-03-12T00:00:00.000Z,1942,2019-02-02T00:00:00.000Z,1230,43256,541,6,5,7,1942,0,0,0,E,0,5A59,WESTERN AV,CRESTWOOD CT,0,,Y,A,-,N,,0,0,,,0,,,,Y,4,0,2,2,A,-,9,21801,A,N,A,C,A,B,H,-,A,A,0,,,,,Y,,A,1,0,0,2,0,0,0,0,0,0,- ,- ,0,0,1500,2,LOS ANGELES,LOS ANGELES,CA,-118.3093021,33.75009537,"WESTERN AVE & CRESTWOOD ST, LOS ANGELES, CA",WESTERN AVE,CRESTWOOD ST,154177,
-118.4836922,34.21569443,29956,8803535,2019,2019-04-26T00:00:00.000Z,1942,2019-02-07T00:00:00.000Z,1330,41514,1008,4,5,7,1942,0,0,0,J,0,10A39,WOODLEY AV,STRATHERN ST,0,,Y,A,-,N,,0,0,,,0,,,,Y,2,0,4,3,A,-,9,21801,A,N,D,C,A,A,H,-,A,A,0,,,,Y,Y,,A,1,1,0,3,0,0,0,0,0,0,- ,- ,0,0,1500,2,LOS ANGELES,LOS ANGELES,CA,-118.4836922,34.21569443,"WOODLEY AVE & STRATHERN ST, LOS ANGELES, CA",WOODLEY AVE,STRATHERN ST,126091,
-118.2995921,33.86198425,29957,8804285,2019,2019-03-07T00:00:00.000Z,1942,2019-02-15T00:00:00.000Z,1440,41173,501,5,5,7,1942,0,0,0,E,0,5A1,W 186TH ST,NORMANDIE AV,0,,Y,C,-,N,,0,0,,,0,,,,N,0,0,0,2,D,-,0,0,,M,B,C,A,B,H,-,A,A,0,,,,,Y,,-,- ,0,0,0,0,0,0,0,0,0,- ,- ,0,0,1500,2,LOS ANGELES,LOS ANGELES,CA,-118.2995921,33.86198425,"186TH ST & NORMANDIE AVE, LOS ANGELES, CA",186TH ST,NORMANDIE AVE,127786,
-118.2643121,34.03655624,29958,8804470,2019,2019-03-18T00:00:00.000Z,1942,2019-02-06T00:00:00.000Z,1345,34426,192,3,5,7,1942,0,0,0,A,0,1A61,S OLIVE ST,W 14TH ST,0,,Y,A,-,N,,0,0,,,0,,,,Y,0,0,0,3,A,-,8,22100,B,M,C,E,A,A,H,-,A,D,0,,,,Y,Y,,-,99,0,0,0,0,0,0,0,0,0,- ,- ,0,0,1500,2,LOS ANGELES,LOS ANGELES,CA,-118.2643122,34.03655624,"OLIVE ST & 14TH ST, LOS ANGELES, CA",OLIVE ST,14TH ST,110520,
-118.2425922,34.05678558,29959,8804478,2019,2019-03-20T00:00:00.000Z,1942,2019-02-06T00:00:00.000Z,1425,37952,112,3,5,7,1942,0,0,0,A,0,1A1,N BROADWAY,ALISO ST,0,,Y,A,-,N,,0,0,,,0,,,,Y,4,0,1,2,A,-,12,21453,A,N,D,C,A,A,H,-,A,A,0,,,,,Y,,A,1,0,0,1,0,0,0,0,0,0,- ,- ,0,0,1500,2,LOS ANGELES,LOS ANGELES,CA,-118.2425922,34.05678558,"N BROADWAY & ALISO ST, LOS ANGELES, CA",N BROADWAY,ALISO ST,114088,
-118.2475721,34.0460434,29960,8804484,2019,2019-03-06T00:00:00.000Z,1942,2019-02-06T00:00:00.000Z,1240,32973,155,3,5,7,1942,0,0,0,A,0,1A35,E 5TH ST,S LOS ANGELES ST,0,,Y,A,-,N,,0,0,,,0,,,,N,4,0,1,2,A,-,10,21950,A,N,G,C,B,A,H,-,A,A,0,Y,,,,Y,,A,7,0,0,1,0,1,0,0,0,0,- ,- ,0,0,1500,2,LOS ANGELES,LOS ANGELES,CA,-118.2475721,34.0460434,"5TH ST & LOS ANGELES ST, LOS ANGELES, CA",5TH ST,LOS ANGELES ST,99976,
-118.2484521,34.05984497,29961,8804488,2019,2019-03-06T00:00:00.000Z,1942,2019-02-11T00:00:00.000Z,1215,39508,122,1,5,7,1942,0,0,0,A,0,1A1,NORTH FIGUEROA ST,TEMPLE ST,0,S,N,A,-,N,,0,0,,,0,,,,N,4,0,1,2,A,-,7,21658,A,N,B,C,A,A,H,-,A,A,0,,,,,Y,,A,1,0,0,1,0,0,0,0,0,0,- ,- ,0,0,1500,2,LOS ANGELES,LOS ANGELES,CA,-118.2484521,34.05984497,"FIGUEROA ST & TEMPLE ST, LOS ANGELES, CA",FIGUEROA ST,TEMPLE ST,123179,
-118.2703905,34.0375557,29962,8804496,2019,2019-03-06T00:00:00.000Z,1942,2019-02-09T00:00:00.000Z,1255,37540,191,6,5,7,1942,0,0,0,A,0,1A61,W VENICE BL,FIGUEROA ST,100,W,N,A,-,N,,0,0,,,0,,,,N,4,0,1,2,A,-,7,21658,A,N,B,G,A,A,H,-,A,D,0,,Y,,,Y,,-,- ,0,0,1,0,0,0,1,0,0,- ,- ,0,0,1500,2,LOS ANGELES,LOS ANGELES,CA,-118.2703905,34.03755569,"VENICE BLVD & FIGUEROA ST, LOS ANGELES, CA",VENICE BLVD,FIGUEROA ST,124652,
-118.2651921,33.94102478,29963,8804525,2019,2019-03-05T00:00:00.000Z,1942,2019-02-19T00:00:00.000Z,1420,42925,1834,2,5,7,1942,0,0,0,R,0,18A41,AVALON BL,105TH ST,0,,Y,A,-,N,,0,0,,,0,,,,N,4,0,1,2,A,-,9,21801,A,N,D,C,A,A,H,-,A,D,0,,,,,Y,,A,1,0,0,1,0,0,0,0,0,0,- ,- ,0,0,1500,2,LOS ANGELES,LOS ANGELES,CA,-118.2651921,33.94102478,"AVALON BLVD & 105TH ST, LOS ANGELES, CA",AVALON BLVD,105TH ST,110151,
-118.2673521,34.05622482,29964,8804532,2019,2019-03-06T00:00:00.000Z,1942,2019-02-07T00:00:00.000Z,1405,40164,257,4,5,7,1942,0,0,0,B,0,24T57,W 6TH ST,VALENCIA ST,0,,Y,A,-,N,,0,0,,,0,,,,Y,3,0,2,2,A,-,1,23152,A,N,A,C,A,A,H,-,A,A,0,,,,,Y,Y,A,1,0,1,1,0,0,0,0,0,0,- ,- ,0,0,1500,2,LOS ANGELES,LOS ANGELES,CA,-118.2673521,34.05622482,"6TH ST & VALENCIA ST, LOS ANGELES, CA",6TH ST,VALENCIA ST,110540,
-118.3329463,33.97451401,29965,8804535,2019,2019-03-06T00:00:00.000Z,1942,2019-02-22T00:00:00.000Z,1210,42458,1251,5,5,7,1942,0,0,0,L,0,12X32,FLORENCE AV,VICTORIA AV,20,E,N,A,-,N,,0,0,,,0,,,,N,3,0,1,2,A,-,3,22350,,N,B,E,A,A,H,-,A,D,0,,,,,Y,,A,1,0,1,0,0,0,0,0,0,0,- ,- ,0,0,1500,2,LOS ANGELES,LOS ANGELES,CA,-118.3329463,33.97451401,"FLORENCE AVE & VICTORIA AVE, LOS ANGELES, CA",FLORENCE AVE,VICTORIA AVE,110093,
-118.2869621,33.95507431,29966,8804537,2019,2019-03-05T00:00:00.000Z,1942,2019-02-20T00:00:00.000Z,1435,41933,1801,3,5,7,1942,0,0,0,R,0,25T22,W 90TH ST,HOOVER ST,0,,Y,A,-,N,,0,0,,,0,,,,Y,4,0,1,2,A,-,9,21802,A,N,D,C,A,A,H,-,A,A,0,,,,,Y,,A,1,0,0,1,0,0,0,0,0,0,- ,- ,0,0,1500,2,LOS ANGELES,LOS ANGELES,CA,-118.2869621,33.95507431,"90TH ST & HOOVER ST, LOS ANGELES, CA",90TH ST,HOOVER ST,134728,
-118.2693657,33.94921494,29967,8804541,2019,2019-03-05T00:00:00.000Z,1942,2019-02-20T00:00:00.000Z,1300,41933,1823,3,5,7,1942,0,0,0,R,0,25TL22,E COLDEN AV,SAN PEDRO ST,57,E,N,A,-,N,,0,0,,,0,,,,N,4,0,1,2,A,-,21,22106,,F,H,C,A,A,H,-,A,D,0,,,,,Y,,A,7,0,0,1,0,0,0,0,0,0,- ,- ,0,0,1500,2,LOS ANGELES,LOS ANGELES,CA,-118.2693657,33.94921494,"COLDEN AVE & SAN PEDRO ST, LOS ANGELES, CA",COLDEN AVE,SAN PEDRO ST,130726,
-118.2701902,33.93828583,29968,8804544,2019,2019-03-06T00:00:00.000Z,1942,2019-02-24T00:00:00.000Z,1445,43529,1832,7,5,7,1942,0,0,0,R,0,18A41,108TH ST,SAN PEDRO,200,W,N,A,-,N,,0,0,,,0,,,,N,4,0,1,2,A,-,4,21703,,N,C,C,A,A,H,-,A,D,0,,,,,Y,,A,1,0,0,1,0,0,0,0,0,0,- ,- ,0,0,1500,2,LOS ANGELES,LOS ANGELES,CA,-118.2701902,33.93828583,"108TH ST & SAN PEDRO ST, LOS ANGELES, CA",108TH ST,SAN PEDRO ST,145315,
-118.3077008,33.97455597,29969,8804631,2019,2019-03-06T00:00:00.000Z,1942,2019-02-21T00:00:00.000Z,1400,41933,1253,4,5,7,1942,0,0,0,L,0,25EL22,W FLORENCE AV,HOBART BL,49,E,N,A,-,N,,0,0,,,0,,,,N,4,0,1,2,A,-,3,22350,,N,C,C,A,A,H,-,A,D,0,,,,,Y,,-,99,0,0,1,0,0,0,0,0,0,- ,- ,0,0,1500,2,LOS ANGELES,LOS ANGELES,CA,-118.3077008,33.97455597,"FLORENCE AVE & HOBART BLVD, LOS ANGELES, CA",FLORENCE AVE,HOBART BLVD,96055,
-118.3046122,33.98326492,29970,8804635,2019,2019-03-20T00:00:00.000Z,1942,2019-02-05T00:00:00.000Z,1437,36062,1253,2,5,7,1942,0,0,0,L,0,12H21,DENKER AV,62ND ST,5,N,N,A,-,N,,0,0,,,0,,,,Y,4,0,1,2,A,-,0,23752,A,N,D,C,A,A,H,-,A,A,0,,,,,Y,,A,7,0,0,1,0,0,0,0,0,0,- ,- ,0,0,1500,2,LOS ANGELES,LOS ANGELES,CA,-118.3046122,33.98326492,"DENKER AVE & 62ND ST, LOS ANGELES, CA",DENKER AVE,62ND ST,103054,
-118.4663222,34.27223587,29971,8804739,2019,2019-04-04T00:00:00.000Z,1942,2019-02-23T00:00:00.000Z,1415,37304,1958,6,5,7,1942,0,0,0,,0,19A79,STANWOOD AV,SAN FERNANDO MISSION BL,0,,Y,A,-,N,,0,0,,,0,,,,Y,3,0,4,2,A,-,9,21802,A,N,D,C,A,A,H,-,A,A,0,,,,,Y,,D,22,0,3,1,0,0,0,0,0,0,- ,- ,0,0,1500,2,LOS ANGELES,LOS ANGELES,CA,-118.4663222,34.27223587,"STRANWOOD AVE & SAN FERNANDO MISSION BLVD, LOS ANGELES, CA",STRANWOOD AVE,SAN FERNANDO MISSION BLVD,115334,
-118.3989522,34.26186371,29972,8804744,2019,2019-03-12T00:00:00.000Z,1942,2019-02-12T00:00:00.000Z,1450,40165,1654,2,5,7,1942,0,0,0,P,0,16A23,GLENOAKS BL,OSBORNE PL,0,,Y,A,-,N,,0,0,,,0,,,,N,4,0,3,2,A,-,9,21801,A,N,D,C,A,A,H,-,A,D,0,,,,,Y,,A,1,0,0,3,0,0,0,0,0,0,- ,- ,0,0,1500,2,LOS ANGELES,LOS ANGELES,CA,-118.3989522,34.26186371,"GLENOAKS BLVD & OSBORNE PL, LOS ANGELES, CA",GLENOAKS BLVD,OSBORNE PL,119507,
-118.4669571,34.30380631,29973,8804751,2019,2019-03-07T00:00:00.000Z,1942,2019-02-13T00:00:00.000Z,1215,40937,1921,3,5,7,1942,0,0,0,,0,19A1,BLEDSOE ST,SAN FERNANDO RD,360,W,N,B,-,N,,0,0,,,0,,,,N,4,0,1,2,A,-,21,22106,,N,H,C,A,B,H,-,A,D,0,,,,,Y,,D,22,0,0,1,0,0,0,0,0,0,- ,- ,0,0,1500,2,LOS ANGELES,LOS ANGELES,CA,-118.4669571,34.3038063,"BLEDSOE ST & SAN FERNANDO RD, LOS ANGELES, CA",BLEDSOE ST,SAN FERNANDO RD,119559,
-118.5884522,34.19377518,29974,8804779,2019,2019-03-12T00:00:00.000Z,1942,2019-02-11T00:00:00.000Z,1400,43665,2157,1,5,7,1942,0,0,0,,0,21A57,DE SOTO AV,VANOWEN ST,0,,Y,A,-,N,,0,0,,,0,,,,Y,4,0,2,2,A,-,12,21453,A,N,D,C,A,A,H,-,A,A,0,,,,,Y,,A,7,0,0,2,0,0,0,0,0,0,- ,- ,0,0,1500,2,LOS ANGELES,LOS ANGELES,CA,-118.5884522,34.19377518,"DE SOTO AVE & VANOWEN ST, LOS ANGELES, CA",DE SOTO AVE,VANOWEN ST,98072,
-118.6015722,34.1989212,29975,8804780,2019,2019-03-12T00:00:00.000Z,1942,2019-02-18T00:00:00.000Z,1440,37353,2146,1,5,7,1942,0,0,0,,0,21A57,OWENSMOUTH AV,GAULT ST,100,S,N,A,-,N,,0,0,,,0,,,,N,4,0,1,2,A,-,9,21804,A,N,D,C,A,A,H,-,A,D,0,,,,,Y,,D,22,0,0,1,0,0,0,0,0,0,- ,- ,0,0,1500,2,LOS ANGELES,LOS ANGELES,CA,-118.6015722,34.1989212,"OWENSMOUTH AVE & GAULT ST, LOS ANGELES, CA",OWENSMOUTH AVE,GAULT ST,143602,
-118.4879873,34.25743485,29976,8804783,2019,2019-04-05T00:00:00.000Z,1942,2019-02-02T00:00:00.000Z,1350,37550,1758,6,5,7,1942,0,0,0,Q,0,35M61,DEVONSHIRE ST,WOODLEY AV,943,W,N,C,-,N,,0,0,,,0,,,,Y,4,0,2,2,A,-,1,23152,F,N,A,C,A,B,H,-,A,D,0,,,,,Y,,A,1,0,0,2,0,0,0,0,0,0,- ,- ,0,0,1500,2,LOS ANGELES,LOS ANGELES,CA,-118.4879873,34.25743484,"DEVONSHIRE ST & WOODLEY AVE, LOS ANGELES, CA",DEVONSHIRE ST,WOODLEY AVE,101846,
-118.3124222,34.26901245,29977,8804792,2019,2019-03-14T00:00:00.000Z,1942,2019-02-23T00:00:00.000Z,1320,30830,1656,6,5,7,1942,0,0,0,P,0,16A35,ODELL AV,WENTWORTH ST,750,N,N,A,-,N,,0,0,,,0,,,,Y,0,0,0,2,A,-,21,22106,,M,H,E,A,A,H,-,A,D,0,,,,,Y,,D,22,0,0,0,0,0,0,0,0,0,- ,- ,0,0,1500,2,LOS ANGELES,LOS ANGELES,CA,-118.3124222,34.26901245,"ODELL AVE & WENTWORTH ST, LOS ANGELES, CA",ODELL AVE,WENTWORTH ST,101757,
-118.4620173,34.22143555,29978,8804800,2019,2019-03-08T00:00:00.000Z,1942,2019-02-14T00:00:00.000Z,1350,41316,1993,4,5,7,1942,0,0,0,,0,19A93,ROSCOE BL,NOBLE AV,50,W,N,C,-,N,,0,0,,,0,,,,Y,3,0,4,4,A,-,3,22350,,N,C,C,A,B,H,-,A,A,0,,,,,Y,,A,1,0,1,3,0,0,0,0,0,0,- ,- ,0,0,1500,2,LOS ANGELES,LOS ANGELES,CA,-118.4620173,34.22143555,"ROSCOE BLVD & NOBLE AVE, LOS ANGELES, CA",ROSCOE BLVD,NOBLE AVE,108513,
-118.5884622,34.18837357,29979,8804994,2019,2019-06-24T00:00:00.000Z,1942,2019-02-04T00:00:00.000Z,1435,42367,2156,1,5,7,1942,0,0,0,,0,21A57,VICTORY BL,DE SOTO AV,0,,Y,A,-,N,,0,0,,,0,,,,Y,0,0,0,3,A,-,3,22350,,M,C,C,A,A,H,-,A,A,0,,,,,Y,,A,1,0,0,0,0,0,0,0,0,0,- ,- ,0,0,1500,2,LOS ANGELES,LOS ANGELES,CA,-118.5884622,34.18837357,"VICTORY BLVD & DE SOTO AVE, LOS ANGELES, CA",VICTORY BLVD,DE SOTO AVE,97513,
-118.4502922,34.23480606,29980,8805183,2019,2019-02-28T00:00:00.000Z,1942,2019-02-05T00:00:00.000Z,1400,39410,1974,2,5,7,1942,0,0,0,,0,19A85,VAN NUYS BL,NORDHOFF ST,215,S,N,A,-,N,,0,0,,,0,,,,N,3,0,1,2,A,-,5,21650,1,F,D,G,A,A,H,-,A,A,0,,Y,,,Y,,L,4,0,1,0,0,0,0,1,0,0,- ,- ,0,0,1500,2,LOS ANGELES,LOS ANGELES,CA,-118.4502922,34.23480606,"VAN NUYS BLVD & NORDHOFF ST, LOS ANGELES, CA",VAN NUYS BLVD,NORDHOFF ST,105003,
-118.2783321,33.97498703,29981,8805848,2019,2019-02-20T00:00:00.000Z,1942,2019-02-03T00:00:00.000Z,1400,41973,1256,7,5,7,1942,0,0,0,L,0,12A57,S BROADWAY,N FLORENCE AV,118,N,N,C,-,N,,0,0,,,0,,,,Y,4,0,1,2,A,-,8,22107,,N,D,C,A,B,H,-,A,A,0,,,,,Y,Y,A,1,0,0,1,0,0,0,0,0,0,- ,- ,0,0,1500,2,LOS ANGELES,LOS ANGELES,CA,-118.2783321,33.97498703,"BROADWAY & FLORENCE AVE, LOS ANGELES, CA",BROADWAY,FLORENCE AVE,110084,
-118.3177102,33.98429489,29983,8805896,2019,2019-02-20T00:00:00.000Z,1942,2019-02-03T00:00:00.000Z,1200,37724,1233,7,5,7,1942,0,0,0,L,0,12A45,S VAN NESS AV,HYDE PARK BL,40,S,N,C,-,N,,0,0,,,0,,,,N,4,0,1,2,A,-,3,22350,,F,C,C,A,B,H,-,A,A,0,,,,,Y,,-,99,0,0,1,0,0,0,0,0,0,- ,- ,0,0,1500,2,LOS ANGELES,LOS ANGELES,CA,-118.3177102,33.98429489,"VAN NESS AVE & HYDE PARK BLVD, LOS ANGELES, CA",VAN NESS AVE,HYDE PARK BLVD,103042,
-118.3418315,34.0148201,29984,8806097,2019,2019-02-25T00:00:00.000Z,1942,2019-02-08T00:00:00.000Z,1340,37724,363,5,5,7,1942,0,0,0,C,0,3A63,MARTIN LUTHER KING JR BL,BUCKINGHAM RD,15,W,N,A,-,N,,0,0,,,0,,,,N,0,0,0,2,A,-,3,22350,,M,C,C,A,A,H,-,A,A,0,,,,,Y,,-,99,0,0,0,0,0,0,0,0,0,- ,- ,0,0,1500,2,LOS ANGELES,LOS ANGELES,CA,-118.3418315,34.0148201,"MARTIN LUTHER KING JR BLVD & BUCKINGHAM RD, LOS ANGELES, CA",MARTIN LUTHER KING JR BLVD,BUCKINGHAM RD,116360,
-118.3089711,33.98315048,29985,8806127,2019,2019-02-22T00:00:00.000Z,1942,2019-02-11T00:00:00.000Z,1215,38503,1232,1,5,7,1942,0,0,0,L,0,25T41,WESTERN AV,62ND ST,35,S,N,A,-,N,,0,0,,,0,,,,N,0,0,0,2,A,-,3,22350,,M,C,C,A,A,H,-,A,D,0,,,,,Y,,-,99,0,0,0,0,0,0,0,0,0,- ,- ,0,0,1500,2,LOS ANGELES,LOS ANGELES,CA,-118.3089711,33.98315048,"WESTERN AVE & 62ND ST, LOS ANGELES, CA",WESTERN AVE,62ND ST,96010,
-118.3016321,34.06899643,29987,8806565,2019,2019-02-28T00:00:00.000Z,1942,2019-02-13T00:00:00.000Z,1345,39655,2023,3,5,7,1942,0,0,0,,0,20A13,S ARDMORE AV,W 3RD ST,0,,Y,B,C,N,,0,0,,,0,,,,Y,3,0,2,2,A,-,9,21802,A,N,D,C,A,B,H,-,A,A,0,,,,,Y,,A,7,0,1,1,0,0,0,0,0,0,- ,- ,0,0,1500,2,LOS ANGELES,LOS ANGELES,CA,-118.3016321,34.06899643,"ARDMORE AVE & 3RD ST, LOS ANGELES, CA",ARDMORE AVE,3RD ST,132304,
-118.2917428,33.97462463,29989,8806689,2019,2019-03-06T00:00:00.000Z,1942,2019-02-13T00:00:00.000Z,1235,42293,1256,3,5,7,1942,0,0,0,L,0,12A57,FLORENCE AV,VERMONT AV,15,E,N,A,-,N,,0,0,,,0,,,,N,0,0,0,2,A,-,7,21658,A,M,B,C,A,A,H,-,A,A,0,,,,,Y,,-,99,0,0,0,0,0,0,0,0,0,- ,- ,0,0,1500,2,LOS ANGELES,LOS ANGELES,CA,-118.2917428,33.97462463,"FLORENCE AVE & VERMONT AVE, LOS ANGELES, CA",FLORENCE AVE,VERMONT AVE,116314,
-118.2608721,33.79553604,29990,8806900,2019,2019-03-04T00:00:00.000Z,1942,2019-02-03T00:00:00.000Z,1430,39708,518,7,5,7,1942,0,0,0,E,0,5A15,Q ST,LAKEME AV,0,E,N,B,-,N,,0,0,,,0,,,,N,0,0,0,3,A,-,3,22350,,M,D,E,A,B,H,-,A,D,0,,,,,Y,Y,-,99,0,0,0,0,0,0,0,0,0,- ,- ,0,0,1500,2,LOS ANGELES,LOS ANGELES,CA,-118.2608721,33.79553604,"Q ST & LAKME AVE, LOS ANGELES, CA",Q ST,LAKME AVE,120836,
-118.2695521,33.95193481,29991,8806985,2019,2019-03-05T00:00:00.000Z,1942,2019-02-14T00:00:00.000Z,1330,41766,1823,4,5,7,1942,0,0,0,R,0,18X36W,SAN PEDRO ST,93RD ST,0,,Y,B,-,N,,0,0,,,0,,,,N,0,0,0,2,A,-,3,22350,A,M,C,C,A,A,H,-,A,A,0,,,,,Y,Y,-,99,0,0,0,0,0,0,0,0,0,- ,- ,0,0,1500,2,LOS ANGELES,LOS ANGELES,CA,-118.2695521,33.95193481,"SAN PEDRO ST & 93RD ST, LOS ANGELES, CA",SAN PEDRO ST,93RD ST,110175,
-118.4763922,34.22832489,29992,8807017,2019,2019-03-05T00:00:00.000Z,1942,2019-02-06T00:00:00.000Z,1230,39249,1799,3,5,7,1942,0,0,0,Q,0,17X93,HASKELL AV,PARTHENIA,0,,Y,A,-,N,,0,0,,,0,,,,N,0,0,0,2,A,-,4,21703,,M,C,C,A,A,H,-,A,D,0,,,,,Y,,-,99,0,0,0,0,0,0,0,0,0,- ,- ,0,0,1500,2,LOS ANGELES,LOS ANGELES,CA,-118.4763922,34.22832489,"HASKELL AVE & PARTHENIA ST, LOS ANGELES, CA",HASKELL AVE,PARTHENIA ST,126098,
-118.2272921,34.06952667,29993,8807044,2019,2019-03-05T00:00:00.000Z,1942,2019-02-08T00:00:00.000Z,1245,40275,118,5,5,7,1942,0,0,0,A,0,1A1,NORTH SPRING ST,WILHARDT ST,0,,Y,A,-,N,,0,0,,,0,,,,N,3,0,1,2,A,-,9,21804,A,N,D,G,A,A,H,-,A,D,0,,Y,,,Y,,A,1,0,1,0,0,0,0,1,0,0,- ,- ,0,0,1500,2,LOS ANGELES,LOS ANGELES,CA,-118.2272921,34.06952667,"N SPRING ST & WILHARDT ST, LOS ANGELES, CA",N SPRING ST,WILHARDT ST,105957,
-118.3378451,33.98895645,29994,8807068,2019,2019-03-04T00:00:00.000Z,1942,2019-02-18T00:00:00.000Z,1330,41972,1211,1,5,7,1942,0,0,0,L,0,12X48,SLAUSON AV,DEANE AV,10,W,N,A,-,N,,0,0,,,0,,,,N,4,0,1,2,A,-,9,21804,A,F,D,C,A,A,H,-,A,D,0,,,,,Y,,-,99,0,0,1,0,0,0,0,0,0,- ,- ,0,0,1500,2,LOS ANGELES,LOS ANGELES,CA,-118.3378451,33.98895645,"SLAUSON AVE & DEANE AVE, LOS ANGELES, CA",SLAUSON AVE,DEANE AVE,127263,
-118.3002022,34.00369644,29995,8807076,2019,2019-03-15T00:00:00.000Z,1942,2019-02-12T00:00:00.000Z,1325,42434,1204,2,5,7,1942,0,0,0,L,0,12X32,NORMANDIE AV,VERNON AV,0,,Y,A,-,N,,0,0,,,0,,,,N,4,0,1,2,A,-,12,21453,A,F,B,D,A,A,H,-,A,A,0,,,,,Y,,-,99,0,0,1,0,0,0,0,0,0,- ,- ,0,0,1500,2,LOS ANGELES,LOS ANGELES,CA,-118.3002022,34.00369644,"NORMANDIE AVE & VERNON AVE, LOS ANGELES, CA",NORMANDIE AVE,VERNON AVE,117361,
-118.2453121,33.78089523,29996,8807103,2019,2019-03-05T00:00:00.000Z,1942,2019-02-02T00:00:00.000Z,1315,35023,529,6,5,7,1942,0,0,0,E,0,5A26,ALAMEDA ST,ANAHEIM ST,0,,Y,C,-,N,,0,0,,,0,,,,Y,4,0,2,2,A,-,12,21453,A,N,D,C,A,B,H,-,A,A,0,,,,,Y,,A,1,0,0,2,0,0,0,0,0,0,- ,- ,0,0,1500,2,LOS ANGELES,LOS ANGELES,CA,-118.2453121,33.78089523,"ALAMEDA ST & ANAHEIM ST, LOS ANGELES, CA",ALAMEDA ST,ANAHEIM ST,133891,
-118.4282062,33.94130325,29997,8807214,2019,2019-03-11T00:00:00.000Z,1942,2019-02-12T00:00:00.000Z,1210,40235,1492,2,5,7,1942,0,0,0,N,0,14A73,WORLD WAY WEST,PERSHING DR,1900,E,N,A,-,N,,0,0,,,0,,,,Y,0,0,0,1,C,-,18,0,,N,H,J,A,A,H,-,A,D,0,,,,,Y,,-,- ,0,0,0,0,0,0,0,0,0,- ,- ,0,0,1500,2,LOS ANGELES,LOS ANGELES,CA,-118.4282062,33.94130325,"WORLD WAY W & PERSHING DR, LOS ANGELES, CA",WORLD WAY W,PERSHING DR,130144,
-118.3417756,34.05250549,29998,8807218,2019,2019-03-11T00:00:00.000Z,1942,2019-02-08T00:00:00.000Z,1240,42656,765,5,5,7,1942,0,0,0,G,0,7A47,S HIGHLAND AV,DOCKWEILER ST,375,N,N,A,-,N,,0,0,,,0,,,,N,0,0,0,2,A,-,6,21751,,N,B,C,A,A,H,-,A,D,0,,,,Y,Y,,A,1,0,0,0,0,0,0,0,0,0,- ,- ,0,0,1500,2,LOS ANGELES,LOS ANGELES,CA,-118.3417756,34.05250549,"HIGHLAND AVE & DOCKWEILER ST, LOS ANGELES, CA",HIGHLAND AVE,DOCKWEILER ST,134915,
-118.3842088,34.2462616,29999,8807221,2019,2019-03-11T00:00:00.000Z,1942,2019-02-11T00:00:00.000Z,1230,42939,1664,1,5,7,1942,0,0,0,P,0,16A77,SHELDON ST,GLENOAKS BL,100,W,N,A,-,N,,0,0,,,0,,,,N,0,0,0,2,A,-,3,22350,,N,B,C,A,A,H,-,A,A,0,,,,,Y,,D,22,0,0,0,0,0,0,0,0,0,- ,- ,0,0,1500,2,LOS ANGELES,LOS ANGELES,CA,-118.3842088,34.2462616,"SHELDON ST & GLENOAKS BLVD, LOS ANGELES, CA",SHELDON ST,GLENOAKS BLVD,136797,