X,Y,OBJECTID,case_id,accident_year,proc_date,juris,collision_date,collision_time,officer_id,reporting_district,day_of_week,chp_shift,population,cnty_city_loc,special_cond,beat_type,chp_beat_type,city_division_lapd,chp_beat_class,beat_number,primary_rd,secondary_rd,distance,direction,intersection,weather_1,weather_2,state_hwy_ind,caltrans_county,caltrans_district,state_route,route_suffix,postmile_prefix,postmile,location_type,ramp_intersection,side_of_hwy,tow_away,collision_severity,number_killed,number_injured,party_count,primary_coll_factor,pcf_code_of_viol,pcf_viol_category,pcf_violation,pcf_viol_subsection,hit_and_run,type_of_collision,mviw,ped_action,road_surface,road_cond_1,road_cond_2,lighting,control_device,chp_road_type,pedestrian_accident,bicycle_accident,motorcycle_accident,truck_accident,not_private_property,alcohol_involved,stwd_vehtype_at_fault,chp_vehtype_at_fault,count_severe_inj,count_visible_inj,count_complaint_pain,count_ped_killed,count_ped_injured,count_bicyclist_killed,count_bicyclist_injured,count_mc_killed,count_mc_injured,primary_ramp,secondary_ramp,latitude,longitude,timecat,month_,city,county,state,point_x,point_y,match_addr,m_primaryrd,m_secondrd,int_id,Flag
-118.5447622,34.1802063,30000,8807229,2019,2019-03-12T00:00:00.000Z,1942,2019-02-06T00:00:00.000Z,1330,40099,1041,3,5,7,1942,0,0,0,J,0,10A83,OXNARD ST,WILBUR AV,0,,Y,A,-,N,,0,0,,,0,,,,N,3,0,3,2,A,-,9,21453,C,N,D,C,A,A,H,-,A,A,0,,,,,Y,,A,1,0,1,2,0,0,0,0,0,0,- ,- ,0,0,1500,2,LOS ANGELES,LOS ANGELES,CA,-118.5447622,34.1802063,"OXNARD ST & WILBUR AVE, LOS ANGELES, CA",OXNARD ST,WILBUR AVE,150789,
-118.2801305,33.96786499,32089,8797834,2019,2019-02-11T00:00:00.000Z,1942,2019-01-12T00:00:00.000Z,1940,42282,1266,6,5,7,1942,0,0,0,L,0,12A67,79TH ST,GRAND AV,40,E,N,A,-,N,,0,0,,,0,,,,N,2,0,1,2,A,-,11,21954,A,F,G,B,D,B,H,-,C,D,0,Y,,,,Y,,N,60,1,0,0,0,1,0,0,0,0,- ,- ,0,0,2100,1,LOS ANGELES,LOS ANGELES,CA,-118.2801305,33.96786499,"79TH ST & GRAND AVE, LOS ANGELES, CA",79TH ST,GRAND AVE,113648,
-118.2396822,34.01642609,32090,8810045,2019,2019-04-05T00:00:00.000Z,1942,2019-01-20T00:00:00.000Z,1900,43310,1309,7,5,7,1942,0,0,0,M,0,13X94,ALAMEDA,22ND ST,0,,Y,A,-,N,,0,0,,,0,,,,Y,4,0,2,2,A,-,8,22107,,N,A,C,A,A,H,-,C,D,0,,,,,Y,Y,A,1,0,0,2,0,0,0,0,0,0,- ,- ,0,0,2100,1,LOS ANGELES,LOS ANGELES,CA,-118.2396822,34.01642609,"ALAMEDA ST & 22ND ST, LOS ANGELES, CA",ALAMEDA ST,22ND ST,131686,
-118.2990712,34.08824158,32189,8779368,2019,2019-02-21T00:00:00.000Z,1942,2019-01-08T00:00:00.000Z,1635,40164,201,2,5,7,1942,0,0,0,B,0,24TL54,N MARIPOSA AV,ROMAINE ST,100,S,N,B,-,N,,0,0,,,0,,,,N,0,0,0,2,B,-,22,0,,M,A,E,A,A,H,-,A,D,0,,,,,Y,,-,- ,0,0,0,0,0,0,0,0,0,- ,- ,0,0,1800,1,LOS ANGELES,LOS ANGELES,CA,-118.2990712,34.08824158,"MARIPOSA AVE & ROMAINE ST, LOS ANGELES, CA",MARIPOSA AVE,ROMAINE ST,104253,
-118.2690022,34.04681397,32190,8779380,2019,2019-02-12T00:00:00.000Z,1942,2019-01-16T00:00:00.000Z,1525,42155,279,3,5,7,1942,0,0,0,B,0,1C20W4,OLYMPIC BL,SUNBURY ST,0,,Y,C,-,N,,0,0,,,0,,,,N,4,0,2,2,A,-,3,22350,,N,C,C,A,B,H,-,A,D,0,,,Y,,Y,,C,6,0,0,2,0,0,0,0,0,0,- ,- ,0,0,1800,1,LOS ANGELES,LOS ANGELES,CA,-118.2690022,34.04681396,"OLYMPIC BLVD & SUNBURY ST, LOS ANGELES, CA",OLYMPIC BLVD,SUNBURY ST,124601,
-118.2492421,34.06520462,32191,8779412,2019,2019-02-12T00:00:00.000Z,1942,2019-01-04T00:00:00.000Z,1700,34426,219,5,5,7,1942,0,0,0,B,0,2A39,BEAUDRY AV,SUNSET BL,0,,Y,A,-,N,,0,0,,,0,,,,Y,4,0,2,2,A,-,9,21801,A,N,A,C,A,A,H,-,A,A,0,,,,,Y,,A,1,0,0,2,0,0,0,0,0,0,- ,- ,0,0,1800,1,LOS ANGELES,LOS ANGELES,CA,-118.2492421,34.06520462,"BEAUDRY AVE & SUNSET BLVD, LOS ANGELES, CA",BEAUDRY AVE,SUNSET BLVD,107591,
-118.2513784,34.04394531,32192,8779420,2019,2019-02-12T00:00:00.000Z,1942,2019-01-17T00:00:00.000Z,1700,37059,174,4,5,7,1942,0,0,0,A,0,1A1,MAIN ST,7TH ST,6,N,N,A,-,N,,0,0,,,0,,,,N,4,0,2,2,A,-,8,22100,B,N,D,C,A,B,H,-,C,D,0,,,,,Y,,A,1,0,0,2,0,0,0,0,0,0,- ,- ,0,0,1800,1,LOS ANGELES,LOS ANGELES,CA,-118.2513784,34.04394531,"MAIN ST & 7TH ST, LOS ANGELES, CA",MAIN ST,7TH ST,100052,
-118.2871121,33.97073364,32193,8780869,2019,2019-02-25T00:00:00.000Z,1942,2019-01-22T00:00:00.000Z,1640,41933,1256,2,5,7,1942,0,0,0,L,0,25T22,W 76TH ST,S HOOVER ST,0,,Y,A,-,N,,0,0,,,0,,,,Y,4,0,3,2,A,-,12,21453,A,N,D,C,A,A,H,-,A,A,0,,,,,Y,,J,48,0,0,3,0,0,0,0,0,0,- ,- ,0,0,1800,1,LOS ANGELES,LOS ANGELES,CA,-118.2871121,33.97073364,"76TH ST & HOOVER ST, LOS ANGELES, CA",76TH ST,HOOVER ST,120620,
-118.3273075,34.07797623,32281,8810400,2019,2019-03-07T00:00:00.000Z,1942,2019-01-23T00:00:00.000Z,1130,38282,719,3,5,7,1942,0,0,0,G,0,7A17,ROSSMORE AV,ROSEWOOD AV,350,S,N,A,-,N,,0,0,,,0,,,,N,3,0,2,2,A,-,9,21801,A,N,D,C,A,A,H,-,A,D,0,,,,,Y,,A,1,0,1,1,0,0,0,0,0,0,- ,- ,0,0,1200,1,LOS ANGELES,LOS ANGELES,CA,-118.3273075,34.07797623,"ROSSMORE AVE & ROSEWOOD AVE, LOS ANGELES, CA",ROSSMORE AVE,ROSEWOOD AVE,149838,
-118.2999922,34.04721451,32282,8810507,2019,2019-03-12T00:00:00.000Z,1942,2019-01-14T00:00:00.000Z,915,37364,2074,1,5,7,1942,0,0,0,,0,A53,NORMANDIE,PICO BL,0,,Y,B,C,N,,0,0,,,0,,,,N,0,0,0,2,A,-,9,21801,A,M,B,C,A,B,H,-,A,A,0,,,,,Y,,-,99,0,0,0,0,0,0,0,0,0,- ,- ,0,0,1200,1,LOS ANGELES,LOS ANGELES,CA,-118.2999922,34.04721451,"NORMANDIE AVE & PICO BLVD, LOS ANGELES, CA",NORMANDIE AVE,PICO BLVD,110458,
-118.4310543,34.16858673,32283,8813970,2019,2019-03-11T00:00:00.000Z,1942,2019-01-24T00:00:00.000Z,1050,41316,946,4,5,7,1942,0,0,0,I,0,9A37,CHANDLER BL,WOODMAN AV,63,E,N,A,-,N,,0,0,,,0,,,,Y,4,0,1,2,A,-,21,22106,,N,C,C,A,A,H,-,A,A,0,,,,Y,Y,,F,27,0,0,1,0,0,0,0,0,0,- ,- ,0,0,1200,1,LOS ANGELES,LOS ANGELES,CA,-118.4310543,34.16858673,"CHANDLER BLVD & WOODMAN AVE, LOS ANGELES, CA",CHANDLER BLVD,WOODMAN AVE,118542,
-118.5361286,34.24924469,32284,8813978,2019,2019-03-07T00:00:00.000Z,1942,2019-01-21T00:00:00.000Z,1125,35481,1755,1,5,7,1942,0,0,0,Q,0,17A35,LABRADOR ST,RESEDA BL,8,W,N,A,-,N,,0,0,,,0,,,,N,0,0,0,2,A,-,6,21750,A,N,B,C,A,A,H,-,A,D,0,,,,Y,Y,,A,1,0,0,0,0,0,0,0,0,0,- ,- ,0,0,1200,1,LOS ANGELES,LOS ANGELES,CA,-118.5361286,34.24924469,"LABRADOR ST & RESEDA BLVD, LOS ANGELES, CA",LABRADOR ST,RESEDA BLVD,111896,
-118.273965,33.97925186,32335,8796871,2019,2019-02-13T00:00:00.000Z,1942,2019-01-13T00:00:00.000Z,1310,34426,1394,7,5,7,1942,0,0,0,M,0,13A93,MAIN ST,66TH ST,150,S,N,A,-,N,,0,0,,,0,,,,N,0,0,0,2,A,-,3,22350,,M,B,-,A,A,H,-,A,D,0,,,,,Y,,-,99,0,0,0,0,0,0,0,0,0,- ,- ,0,0,1500,1,LOS ANGELES,LOS ANGELES,CA,-118.273965,33.97925186,"MAIN ST & 66TH ST, LOS ANGELES, CA",MAIN ST,66TH ST,134572,
-118.4873322,34.22658539,32452,8806367,2019,2019-03-05T00:00:00.000Z,1942,2019-01-23T00:00:00.000Z,1710,43519,1797,3,5,7,1942,0,0,0,Q,0,17A48,NAPA ST,VALJEAN,0,,Y,A,-,N,,0,0,,,0,,,,,4,0,2,2,A,-,9,21802,A,N,A,C,A,A,H,-,B,D,0,,,,,Y,,A,1,0,0,2,0,0,0,0,0,0,- ,- ,0,0,1800,1,LOS ANGELES,LOS ANGELES,CA,-118.4873322,34.22658539,"NAPA ST & VALJEAN AVE, LOS ANGELES, CA",NAPA ST,VALJEAN AVE,150540,
-118.536054,34.19600296,32453,8806376,2019,2019-03-04T00:00:00.000Z,1942,2019-01-30T00:00:00.000Z,1605,39410,1024,3,5,7,1942,0,0,0,J,0,10A21,RESEDA BL,BASSETT AV,120,N,N,A,-,N,,0,0,,,0,,,,Y,3,0,3,2,A,-,9,21804,A,N,D,C,A,A,H,-,A,A,0,,,,,Y,,A,1,0,2,1,0,0,0,0,0,0,- ,- ,0,0,1800,1,LOS ANGELES,LOS ANGELES,CA,-118.536054,34.19600296,"RESEDA BLVD & BASSETT ST, LOS ANGELES, CA",RESEDA BLVD,BASSETT ST,133336,
-118.4698822,34.14822388,32454,8806400,2019,2019-03-05T00:00:00.000Z,1942,2019-01-20T00:00:00.000Z,1520,41514,1099,7,5,7,1942,0,0,0,J,0,10A99,N SEPULVEDA BL,FIUME WK,0,,Y,A,-,N,,0,0,,,0,,,,Y,3,0,3,2,A,-,12,21453,A,N,D,C,A,A,H,-,A,A,0,,,,,Y,,A,7,0,1,2,0,0,0,0,0,0,- ,- ,0,0,1800,1,LOS ANGELES,LOS ANGELES,CA,-118.4698822,34.14822388,"SEPULVEDA BLVD & FIUME WALK, LOS ANGELES, CA",SEPULVEDA BLVD,FIUME WALK,103012,
-118.3613577,34.14059448,32455,8806433,2019,2019-03-04T00:00:00.000Z,1942,2019-01-24T00:00:00.000Z,1655,41316,1587,4,5,7,1942,0,0,0,O,0,15A67,LANKERSHIM BL,MAIN ST,0,,Y,A,-,N,,0,0,,,0,,,,Y,3,0,1,2,A,-,9,21801,A,N,D,C,A,A,H,-,C,A,0,,,Y,,Y,,D,22,0,1,0,0,0,0,0,0,1,- ,- ,0,0,1800,1,LOS ANGELES,LOS ANGELES,CA,-118.3613577,34.14059448,"LANKERSHIM BLVD & MAIN ST, LOS ANGELES, CA",LANKERSHIM BLVD,MAIN ST,153144,
-118.396523,34.16490173,32456,8806445,2019,2019-03-01T00:00:00.000Z,1942,2019-01-23T00:00:00.000Z,1510,39746,1544,3,5,7,1942,0,0,0,O,0,15A43,LAUREL CANYON,MAGNOLIA BL,13,N,N,A,-,N,,0,0,,,0,,,,N,0,0,0,1,A,-,8,22100,A,N,E,I,A,A,H,-,A,A,0,,,,Y,Y,,F,27,0,0,0,0,0,0,0,0,0,- ,- ,0,0,1800,1,LOS ANGELES,LOS ANGELES,CA,-118.396523,34.16490173,"LAUREL CANYON BLVD & MAGNOLIA BLVD, LOS ANGELES, CA",LAUREL CANYON BLVD,MAGNOLIA BLVD,122242,
-118.2403138,34.05533218,32457,8806463,2019,2019-03-07T00:00:00.000Z,1942,2019-01-18T00:00:00.000Z,1610,40099,112,5,5,7,1942,0,0,0,A,0,1A1,ALISO ST,MAIN ST,56,E,N,A,-,N,,0,0,,,0,,,,Y,4,0,1,2,A,-,7,21658,A,N,D,C,A,A,H,-,A,D,0,,,,,Y,,I,11,0,0,1,0,0,0,0,0,0,- ,- ,0,0,1800,1,LOS ANGELES,LOS ANGELES,CA,-118.2403138,34.05533218,"ALISO ST & N MAIN ST, LOS ANGELES, CA",ALISO ST,N MAIN ST,121161,
-118.5754322,34.22013474,32458,8806469,2019,2019-03-04T00:00:00.000Z,1942,2019-01-18T00:00:00.000Z,1730,38613,2118,5,5,7,1942,0,0,0,,0,21A29,ROSCOE BL,OSO AV,0,,Y,A,-,N,,0,0,,,0,,,,Y,4,0,3,2,A,-,9,21801,A,N,D,C,A,A,H,-,B,A,0,,,,,Y,,D,22,0,0,3,0,0,0,0,0,0,- ,- ,0,0,1800,1,LOS ANGELES,LOS ANGELES,CA,-118.5754322,34.22013474,"ROSCOE BLVD & OSO AVE, LOS ANGELES, CA",ROSCOE BLVD,OSO AVE,132931,
-118.260095,34.04724121,32459,8806471,2019,2019-03-01T00:00:00.000Z,1942,2019-01-31T00:00:00.000Z,1655,37705,162,4,5,7,1942,0,0,0,A,0,1A61,W 8TH ST,FLOWER ST,10,E,N,A,-,N,,0,0,,,0,,,,N,0,0,0,2,A,-,0,20015,A,M,B,C,A,A,H,-,B,D,0,,,,,Y,,-,- ,0,0,0,0,0,0,0,0,0,- ,- ,0,0,1800,1,LOS ANGELES,LOS ANGELES,CA,-118.260095,34.04724121,"8TH ST & FLOWER ST, LOS ANGELES, CA",8TH ST,FLOWER ST,99977,
-118.5360522,34.19384384,32460,8806647,2019,2019-03-06T00:00:00.000Z,1942,2019-01-18T00:00:00.000Z,1550,41514,1035,5,5,7,1942,0,0,0,J,0,10A21,VANOWEN ST,RESEDA BL,0,,Y,A,-,N,,0,0,,,0,,,,N,4,0,1,2,A,-,10,21950,A,N,G,B,B,A,H,-,A,A,0,Y,,,,Y,,D,22,0,0,1,0,1,0,0,0,0,- ,- ,0,0,1800,1,LOS ANGELES,LOS ANGELES,CA,-118.5360522,34.19384384,"VANOWEN ST & RESEDA BLVD, LOS ANGELES, CA",VANOWEN ST,RESEDA BLVD,98331,
-118.2773046,34.02614594,32492,8798793,2019,2019-02-20T00:00:00.000Z,1942,2019-01-10T00:00:00.000Z,2050,42594,329,4,5,7,1942,0,0,0,C,0,3A58,FIGUEROA ST,28TH ST,30,N,N,A,-,N,,0,0,,,0,,,,N,0,0,0,2,A,-,3,22350,,M,B,C,A,A,H,-,C,D,0,,,,,Y,,-,99,0,0,0,0,0,0,0,0,0,- ,- ,0,0,2100,1,LOS ANGELES,LOS ANGELES,CA,-118.2773046,34.02614594,"FIGUEROA ST & 28TH ST, LOS ANGELES, CA",FIGUEROA ST,28TH ST,107135,
-118.2038721,34.05299377,32493,8846725,2019,2019-05-16T00:00:00.000Z,1942,2019-01-20T00:00:00.000Z,1800,43301,457,7,5,7,1942,0,0,0,,0,4A58,WABASH AV,SOTO ST,0,,Y,A,-,Y,,0,0,,,0,,,,Y,4,0,3,2,A,-,9,21801,A,N,D,C,A,A,H,-,C,A,0,,,,,Y,Y,-,- ,0,0,3,0,0,0,0,0,0,- ,- ,0,0,2100,1,LOS ANGELES,LOS ANGELES,CA,-118.2038721,34.05299377,"WABASH AVE & SOTO ST, LOS ANGELES, CA",WABASH AVE,SOTO ST,124673,
-118.3787957,33.95996475,32720,8812425,2019,2019-02-28T00:00:00.000Z,1942,2019-02-15T00:00:00.000Z,2135,41856,1488,5,5,7,1942,0,0,0,N,0,14A67,MANCHESTER AV,OSAGE AV,5,E,N,B,-,N,,0,0,,,0,,,,Y,0,0,0,2,A,-,12,22450,A,M,B,C,A,B,G,-,C,D,0,,,,,Y,Y,A,1,0,0,0,0,0,0,0,0,0,- ,- ,0,0,2400,2,LOS ANGELES,LOS ANGELES,CA,-118.3787957,33.95996475,"MANCHESTER AVE & OSAGE AVE, LOS ANGELES, CA",MANCHESTER AVE,OSAGE AVE,148658,
-118.3000022,34.05085373,32721,8812429,2019,2019-03-06T00:00:00.000Z,1942,2019-02-04T00:00:00.000Z,2230,37575,2015,1,5,7,1942,0,0,0,,0,,NORMANDIE AV,1TH ST,0,,Y,C,-,N,,0,0,,,0,,,,N,0,0,0,2,A,-,5,21650,,M,B,C,A,B,H,-,C,A,0,,,,,Y,,A,7,0,0,0,0,0,0,0,0,0,- ,- ,0,0,2400,2,LOS ANGELES,LOS ANGELES,CA,-118.3000022,34.05085373,"NORMANDIE AVE & 11TH ST, LOS ANGELES, CA",NORMANDIE AVE,11TH ST,99923,
-118.4288322,34.22162628,31001,8816103,2019,2019-03-18T00:00:00.000Z,1942,2019-02-20T00:00:00.000Z,2040,37613,1987,3,5,7,1942,0,0,0,,0,19A75,VENTURA CANYON AV,ROSCOE BL,7,S,N,C,-,N,,0,0,,,0,,,,N,3,0,1,3,A,-,10,21950,A,N,G,B,B,B,H,-,C,A,0,Y,,,,Y,,A,1,0,1,0,0,1,0,0,0,0,- ,- ,0,0,2100,2,LOS ANGELES,LOS ANGELES,CA,-118.4288322,34.22162628,"VENTURA CANYON AVE & ROSCOE BLVD, LOS ANGELES, CA",VENTURA CANYON AVE,ROSCOE BLVD,122378,
-118.4537273,34.22147369,31002,8816119,2019,2019-03-18T00:00:00.000Z,1942,2019-02-18T00:00:00.000Z,2000,43376,1994,1,5,7,1942,0,0,0,,0,19A93,ROSCOE BL,CEDROS AV,50,W,N,A,-,N,,0,0,,,0,,,,Y,4,0,6,2,A,-,9,21802,A,N,D,C,A,A,H,-,C,D,0,,,,,Y,,A,7,0,0,6,0,0,0,0,0,0,- ,- ,0,0,2100,2,LOS ANGELES,LOS ANGELES,CA,-118.4537273,34.22147369,"ROSCOE BLVD & CEDROS AVE, LOS ANGELES, CA",ROSCOE BLVD,CEDROS AVE,101424,
-118.4553022,34.23098373,31003,8816129,2019,2019-03-11T00:00:00.000Z,1942,2019-02-18T00:00:00.000Z,1824,40375,1984,1,5,7,1942,0,0,0,,0,19A79,WILLIS AV,RAYEN ST,300,S,N,A,-,N,,0,0,,,0,,,,N,0,0,0,2,A,-,3,22350,,M,C,C,A,A,H,-,C,D,0,,,,,Y,,-,99,0,0,0,0,0,0,0,0,0,- ,- ,0,0,2100,2,LOS ANGELES,LOS ANGELES,CA,-118.4553022,34.23098373,"WILLIS AVE & RAYEN ST, LOS ANGELES, CA",WILLIS AVE,RAYEN ST,112035,
-118.3469499,34.24961853,31004,8816130,2019,2019-03-11T00:00:00.000Z,1942,2019-02-02T00:00:00.000Z,1920,40876,1667,6,5,7,1942,0,0,0,P,0,16A77,SUNLAND BL,SHADOW ISLAND DR,82,S,N,B,C,N,,0,0,,,0,,,,Y,0,0,0,1,A,-,3,22350,,N,E,I,A,D,H,-,C,D,0,,,,,Y,,A,7,0,0,0,0,0,0,0,0,0,- ,- ,0,0,2100,2,LOS ANGELES,LOS ANGELES,CA,-118.3469499,34.24961853,"SUNLAND BLVD & SHADOW ISLAND DR, LOS ANGELES, CA",SUNLAND BLVD,SHADOW ISLAND DR,101767,
-118.5754022,34.20832443,31005,8816143,2019,2019-03-18T00:00:00.000Z,1942,2019-02-08T00:00:00.000Z,1800,41713,2138,5,5,7,1942,0,0,0,,0,10X18,SATICOY ST,OSO ST,0,,Y,A,-,N,,0,0,,,0,,,,Y,4,0,3,2,A,-,12,21453,A,N,-,C,A,A,H,-,C,A,0,,,,,Y,,A,1,0,0,3,0,0,0,0,0,0,- ,- ,0,0,2100,2,LOS ANGELES,LOS ANGELES,CA,-118.5754022,34.20832443,"SATICOY ST & OSO AVE, LOS ANGELES, CA",SATICOY ST,OSO AVE,101519,
-118.4237153,34.31760407,31006,8816172,2019,2019-03-20T00:00:00.000Z,1942,2019-02-09T00:00:00.000Z,2055,32372,1908,6,5,7,1942,0,0,0,,0,19A7,HERRON ST,ELDRIDGE AV,100,E,N,A,-,N,,0,0,,,0,,,,N,0,0,0,2,A,-,3,22350,,N,B,E,A,A,H,-,C,D,0,,,,,Y,,A,1,0,0,0,0,0,0,0,0,0,- ,- ,0,0,2100,2,LOS ANGELES,LOS ANGELES,CA,-118.4237153,34.31760406,"HERRON ST & ELDRIDGE AVE, LOS ANGELES, CA",HERRON ST,ELDRIDGE AVE,137017,
-118.2390221,33.93719482,31007,8816175,2019,2019-03-07T00:00:00.000Z,1942,2019-02-22T00:00:00.000Z,2010,36346,1849,5,5,7,1942,0,0,0,R,0,A49,WILMINGTON AV,109TH ST,40,N,N,A,-,N,,0,0,,,0,,,,N,0,0,0,2,A,-,3,22350,,M,B,E,A,A,H,-,C,D,0,,,,,Y,,-,99,0,0,0,0,0,0,0,0,0,- ,- ,0,0,2100,2,LOS ANGELES,LOS ANGELES,CA,-118.2390221,33.93719482,"WILMINGTON AVE & 109TH ST, LOS ANGELES, CA",WILMINGTON AVE,109TH ST,99662,
-118.4478022,34.32092667,31009,8816212,2019,2019-03-20T00:00:00.000Z,1942,2019-02-10T00:00:00.000Z,1810,35391,1913,7,5,7,1942,0,0,0,,0,19TL76,FOOTHILL BL,BLEDSOE ST,0,,Y,A,-,N,,0,0,,,0,,,,N,0,0,0,2,D,-,0,0,,M,B,C,A,-,H,-,C,D,0,,,,,Y,,-,- ,0,0,0,0,0,0,0,0,0,- ,- ,0,0,2100,2,LOS ANGELES,LOS ANGELES,CA,-118.4478022,34.32092667,"FOOTHILL BLVD & BLEDSOE ST, LOS ANGELES, CA",FOOTHILL BLVD,BLEDSOE ST,140617,
-118.2890222,34.003685,31010,8816213,2019,2019-03-08T00:00:00.000Z,1942,2019-02-18T00:00:00.000Z,2000,39678,396,1,5,7,1942,0,0,0,,0,3A99,VERNON AV,ORCHARD AV,0,,Y,A,-,N,,0,0,,,0,,,,Y,0,0,0,2,A,-,3,22350,,F,B,E,A,A,H,-,C,D,0,,,,,Y,Y,A,1,0,0,0,0,0,0,0,0,0,- ,- ,0,0,2100,2,LOS ANGELES,LOS ANGELES,CA,-118.2890222,34.003685,"VERNON AVE & ORCHARD AVE, LOS ANGELES, CA",VERNON AVE,ORCHARD AVE,134842,
-118.2823489,33.9309845,31011,8816233,2019,2019-03-08T00:00:00.000Z,1942,2019-02-20T00:00:00.000Z,1940,42181,1862,3,5,7,1942,0,0,0,R,0,18A41,IMPERIAL HWY,FIGUEROA,80,E,N,A,-,N,,0,0,,,0,,,,N,0,0,0,2,A,-,4,21703,,N,C,C,A,A,H,-,C,A,0,,,,,Y,,A,7,0,0,0,0,0,0,0,0,0,- ,- ,0,0,2100,2,LOS ANGELES,LOS ANGELES,CA,-118.2823489,33.9309845,"IMPERIAL HWY & FIGUEROA ST, LOS ANGELES, CA",IMPERIAL HWY,FIGUEROA ST,141889,
-118.3191698,34.06168366,31012,8816792,2019,2019-03-14T00:00:00.000Z,1942,2019-02-11T00:00:00.000Z,2035,40010,749,1,5,7,1942,0,0,0,G,0,7A47,CRENSHAW BL,WILSHIRE BL,20,S,N,A,-,N,,0,0,,,0,,,,N,0,0,0,2,A,-,8,22100,A,M,B,C,A,A,H,-,C,A,0,,,,,Y,,-,99,0,0,0,0,0,0,0,0,0,- ,- ,0,0,2100,2,LOS ANGELES,LOS ANGELES,CA,-118.3191698,34.06168365,"CRENSHAW BLVD & WILSHIRE BLVD, LOS ANGELES, CA",CRENSHAW BLVD,WILSHIRE BLVD,130222,
-118.3790628,34.20311356,31013,8817043,2019,2019-03-15T00:00:00.000Z,1942,2019-02-14T00:00:00.000Z,1800,41158,1505,4,5,7,1942,0,0,0,O,0,15A3,TUJUNGA AV,WYANDOTTE ST,40,N,N,A,-,N,,0,0,,,0,,,,Y,4,0,1,5,A,-,6,21755,A,N,B,C,A,B,H,-,A,D,0,,,,,Y,,A,1,0,0,1,0,0,0,0,0,0,- ,- ,0,0,2100,2,LOS ANGELES,LOS ANGELES,CA,-118.3790628,34.20311356,"TUJUNGA AVE & WYANDOTTE ST, LOS ANGELES, CA",TUJUNGA AVE,WYANDOTTE ST,139751,
-118.3888232,34.18667221,31014,8817059,2019,2019-03-19T00:00:00.000Z,1942,2019-02-07T00:00:00.000Z,1800,32361,15A25,4,5,7,1942,0,0,0,O,0,15A33,VICTORY BL,SIMPSON AV,30,E,N,A,-,N,,0,0,,,0,,,,N,4,0,1,2,A,-,7,21658,,N,B,C,A,A,H,-,B,D,0,,,,Y,Y,,A,1,0,0,1,0,0,0,0,0,0,- ,- ,0,0,2100,2,LOS ANGELES,LOS ANGELES,CA,-118.3888232,34.18667221,"VICTORY BLVD & SIMPSON AVE, LOS ANGELES, CA",VICTORY BLVD,SIMPSON AVE,136123,
-118.3834222,34.18852615,31015,8817292,2019,2019-04-08T00:00:00.000Z,1942,2019-02-08T00:00:00.000Z,1805,43544,1526,5,5,7,1942,0,0,0,O,0,15A68,BECK AV,HAMLIN ST,0,,Y,A,-,N,,0,0,,,0,,,,,4,0,1,2,A,-,9,21802,A,N,D,C,A,A,H,-,B,D,0,,,,,Y,,A,1,0,0,1,0,0,0,0,0,0,- ,- ,0,0,2100,2,LOS ANGELES,LOS ANGELES,CA,-118.3834222,34.18852615,"BECK AVE & HAMLIN ST, LOS ANGELES, CA",BECK AVE,HAMLIN ST,146806,
-118.4837021,34.20126343,31016,8817299,2019,2019-03-14T00:00:00.000Z,1942,2019-02-24T00:00:00.000Z,1940,43584,1018,7,5,7,1942,0,0,0,J,0,10A39,SHERMAN WAY,WOODLEY AV,3,W,N,A,-,N,,0,0,,,0,,,,N,4,0,1,2,A,-,3,22350,,N,C,C,A,A,H,-,C,A,0,,,,,Y,,A,1,0,0,1,0,0,0,0,0,0,- ,- ,0,0,2100,2,LOS ANGELES,LOS ANGELES,CA,-118.4837021,34.20126343,"SHERMAN WAY & WOODLEY AVE, LOS ANGELES, CA",SHERMAN WAY,WOODLEY AVE,101496,
-118.4856477,34.19388962,31017,8817352,2019,2019-03-14T00:00:00.000Z,1942,2019-02-26T00:00:00.000Z,1910,36336,1008,2,5,7,1942,0,0,0,J,0,10A39,VANOWEN ST,VALJEAN AV,65,E,N,A,-,N,,0,0,,,0,,,,N,4,0,1,2,A,-,17,21663,,N,H,G,A,A,H,-,C,D,0,,Y,,,Y,,A,1,0,0,1,0,0,0,1,0,0,- ,- ,0,0,2100,2,LOS ANGELES,LOS ANGELES,CA,-118.4856477,34.19388962,"VANOWEN ST & VALJEAN AVE, LOS ANGELES, CA",VANOWEN ST,VALJEAN AVE,125984,
-118.6033474,34.18284226,31018,8817386,2019,2019-03-14T00:00:00.000Z,1942,2019-02-22T00:00:00.000Z,1905,40972,2156,5,5,7,1942,0,0,0,,0,21A57,ERWIN ST,TOPANGA CANYON BL,780,E,N,A,-,N,,0,0,,,0,,,,N,0,0,0,2,A,-,9,21804,A,M,D,C,A,A,H,-,C,A,0,,,,,Y,,-,99,0,0,0,0,0,0,0,0,0,- ,- ,0,0,2100,2,LOS ANGELES,LOS ANGELES,CA,-118.6033474,34.18284225,"ERWIN ST & TOPANGA CANYON BLVD, LOS ANGELES, CA",ERWIN ST,TOPANGA CANYON BLVD,130531,
-118.3704822,34.16187668,31019,8818161,2019,2019-03-20T00:00:00.000Z,1942,2019-02-03T00:00:00.000Z,1930,41316,1557,7,5,7,1942,0,0,0,O,0,15A67,VINELAND AV,HESBY AVE,50,S,N,C,-,N,,0,0,,,0,,,,N,0,0,0,2,A,-,6,21755,A,M,B,C,A,B,H,-,C,D,0,,,,,Y,,-,99,0,0,0,0,0,0,0,0,0,- ,- ,0,0,2100,2,LOS ANGELES,LOS ANGELES,CA,-118.3704822,34.16187668,"VINELAND AVE & HESBY ST, LOS ANGELES, CA",VINELAND AVE,HESBY ST,119909,