X,Y,OBJECTID,case_id,accident_year,proc_date,juris,collision_date,collision_time,officer_id,reporting_district,day_of_week,chp_shift,population,cnty_city_loc,special_cond,beat_type,chp_beat_type,city_division_lapd,chp_beat_class,beat_number,primary_rd,secondary_rd,distance,direction,intersection,weather_1,weather_2,state_hwy_ind,caltrans_county,caltrans_district,state_route,route_suffix,postmile_prefix,postmile,location_type,ramp_intersection,side_of_hwy,tow_away,collision_severity,number_killed,number_injured,party_count,primary_coll_factor,pcf_code_of_viol,pcf_viol_category,pcf_violation,pcf_viol_subsection,hit_and_run,type_of_collision,mviw,ped_action,road_surface,road_cond_1,road_cond_2,lighting,control_device,chp_road_type,pedestrian_accident,bicycle_accident,motorcycle_accident,truck_accident,not_private_property,alcohol_involved,stwd_vehtype_at_fault,chp_vehtype_at_fault,count_severe_inj,count_visible_inj,count_complaint_pain,count_ped_killed,count_ped_injured,count_bicyclist_killed,count_bicyclist_injured,count_mc_killed,count_mc_injured,primary_ramp,secondary_ramp,latitude,longitude,timecat,month_,city,county,state,point_x,point_y,match_addr,m_primaryrd,m_secondrd,int_id,Flag
-118.5535722,34.21765518,31020,8818209,2019,2019-03-20T00:00:00.000Z,1942,2019-02-04T00:00:00.000Z,1830,37940,1001,1,5,7,1942,0,0,0,J,0,10X44,TAMPA AV,LANARK ST,80,N,N,C,-,N,,0,0,,,0,,,,Y,0,0,0,2,A,-,9,21801,A,M,D,C,A,B,H,-,C,A,0,,,,,Y,,-,99,0,0,0,0,0,0,0,0,0,- ,- ,0,0,2100,2,LOS ANGELES,LOS ANGELES,CA,-118.5535722,34.21765518,"TAMPA AVE & LANARK ST, LOS ANGELES, CA",TAMPA AVE,LANARK ST,133058,
-118.3943221,34.1549263,31021,8818212,2019,2019-04-19T00:00:00.000Z,1942,2019-02-27T00:00:00.000Z,1930,42195,1553,3,5,7,1942,0,0,0,O,0,15A28,BEN AV,HORTENSE ST,0,,Y,C,-,N,,0,0,,,0,,,,Y,0,0,0,2,A,-,5,21650,,M,A,C,A,B,H,-,B,D,0,,,,,Y,,-,99,0,0,0,0,0,0,0,0,0,- ,- ,0,0,2100,2,LOS ANGELES,LOS ANGELES,CA,-118.3943221,34.1549263,"BEN AVE & HORTENSE ST, LOS ANGELES, CA",BEN AVE,HORTENSE ST,108931,
-118.4859222,34.20835495,31022,8818237,2019,2019-03-20T00:00:00.000Z,1942,2019-02-02T00:00:00.000Z,1845,42561,1018,6,5,7,1942,0,0,0,J,0,10X88,SATICOY ST,VALJEAN AV,0,,Y,C,-,N,,0,0,,,0,,,,N,0,0,0,2,A,-,3,22350,,M,D,C,A,B,H,-,C,D,0,,,,,Y,,A,1,0,0,0,0,0,0,0,0,0,- ,- ,0,0,2100,2,LOS ANGELES,LOS ANGELES,CA,-118.4859222,34.20835495,"SATICOY ST & VALJEAN AVE, LOS ANGELES, CA",SATICOY ST,VALJEAN AVE,133062,
-118.5535522,34.20115662,31023,8818309,2019,2019-03-21T00:00:00.000Z,1942,2019-02-27T00:00:00.000Z,1835,42561,1023,3,5,7,1942,0,0,0,J,0,1-0X88,SHERMAN WY,TAMPA AV,0,,Y,A,-,N,,0,0,,,0,,,,N,4,0,1,2,A,-,8,22107,,F,C,G,A,A,H,-,C,A,0,,Y,,,Y,,-,99,0,0,1,0,0,0,1,0,0,- ,- ,0,0,2100,2,LOS ANGELES,LOS ANGELES,CA,-118.5535522,34.20115662,"SHERMAN WAY & TAMPA AVE, LOS ANGELES, CA",SHERMAN WAY,TAMPA AVE,108508,
-118.3341777,34.04853821,31024,8818330,2019,2019-03-25T00:00:00.000Z,1942,2019-02-28T00:00:00.000Z,1935,41957,758,4,5,7,1942,0,0,0,G,0,7A47,PICO BL,WEST BL,115,W,N,A,-,N,,0,0,,,0,,,,N,0,0,0,2,A,-,3,22350,,M,C,C,A,A,H,-,C,B,0,,,,,Y,,-,99,0,0,0,0,0,0,0,0,0,- ,- ,0,0,2100,2,LOS ANGELES,LOS ANGELES,CA,-118.3341777,34.04853821,"PICO BLVD & WEST BLVD, LOS ANGELES, CA",PICO BLVD,WEST BLVD,110509,
-118.4640222,34.18664551,31025,8818369,2019,2019-03-22T00:00:00.000Z,1942,2019-02-08T00:00:00.000Z,1930,43556,932,5,5,7,1942,0,0,0,I,0,9A23,VICTORY BL,COLUMBUS ST,0,,Y,A,-,N,,0,0,,,0,,,,N,0,0,0,2,A,-,7,21658,A,M,B,C,A,A,H,-,C,D,0,,,,,Y,,-,99,0,0,0,0,0,0,0,0,0,- ,- ,0,0,2100,2,LOS ANGELES,LOS ANGELES,CA,-118.4640222,34.18664551,"VICTORY BLVD & COLUMBUS AVE, LOS ANGELES, CA",VICTORY BLVD,COLUMBUS AVE,143430,
-118.4301962,34.30754852,31026,8819271,2019,2019-03-06T00:00:00.000Z,1942,2019-02-19T00:00:00.000Z,2010,42251,1918,2,5,7,1942,0,0,0,,0,19A7,HUBBARD ST,FOOTHILL BL,52,E,N,B,-,N,,0,0,,,0,,,,N,4,0,2,3,A,-,8,22107,,N,B,C,A,A,H,-,C,D,0,,,,,Y,,A,1,0,0,2,0,0,0,0,0,0,- ,- ,0,0,2100,2,LOS ANGELES,LOS ANGELES,CA,-118.4301962,34.30754852,"HUBBARD ST & FOOTHILL BLVD, LOS ANGELES, CA",HUBBARD ST,FOOTHILL BLVD,143783,
-118.4921952,34.22128296,31027,8819273,2019,2019-03-08T00:00:00.000Z,1942,2019-02-19T00:00:00.000Z,1815,42564,1009,2,5,7,1942,0,0,0,J,0,10X18,ROSCOE BL,HAYVENHURST AV,10,W,N,A,-,N,,0,0,,,0,,,,N,4,0,1,2,A,-,10,21950,A,N,G,B,B,A,H,-,C,A,0,Y,,,,Y,,A,1,0,0,1,0,1,0,0,0,0,- ,- ,0,0,2100,2,LOS ANGELES,LOS ANGELES,CA,-118.4921952,34.22128296,"ROSCOE BLVD & HAYVENHURST AVE, LOS ANGELES, CA",ROSCOE BLVD,HAYVENHURST AVE,105106,
-118.2742764,34.05717087,31028,8819290,2019,2019-03-22T00:00:00.000Z,1942,2019-02-20T00:00:00.000Z,2010,40730,256,3,5,7,1942,0,0,0,B,0,2A47,WILSHIRE BL,WESTLAKE AV,152,E,N,C,-,N,,0,0,,,0,,,,N,0,0,0,2,A,-,9,21804,A,N,D,C,A,B,H,-,C,D,0,,,,,Y,,J,48,0,0,0,0,0,0,0,0,0,- ,- ,0,0,2100,2,LOS ANGELES,LOS ANGELES,CA,-118.2742764,34.05717087,"WILSHIRE BLVD & WESTLAKE AVE, LOS ANGELES, CA",WILSHIRE BLVD,WESTLAKE AVE,131581,
-118.2917857,34.09774399,31029,8819298,2019,2019-03-20T00:00:00.000Z,1942,2019-02-07T00:00:00.000Z,1900,41629,1162,4,5,7,1942,0,0,0,K,0,11A51,VERMONT AV,SUNSET BL,150,S,N,A,-,N,,0,0,,,0,,,,N,4,0,1,2,A,-,4,21703,,N,C,C,A,A,H,-,C,D,0,,,,,Y,,J,48,0,0,1,0,0,0,0,0,0,- ,- ,0,0,2100,2,LOS ANGELES,LOS ANGELES,CA,-118.2917857,34.09774399,"VERMONT AVE & SUNSET BLVD, LOS ANGELES, CA",VERMONT AVE,SUNSET BLVD,125451,
-118.2633534,33.79129028,31030,8819324,2019,2019-05-22T00:00:00.000Z,1942,2019-02-21T00:00:00.000Z,1830,42822,515,4,5,7,1942,0,0,0,E,0,5A18,AVALON BL,PACIFIC COAST HWY,50,N,N,A,-,Y,LA,7,1,-,-,10.532,I,6,N,N,4,0,1,2,A,-,4,21703,,N,C,C,A,A,H,-,C,A,0,,,,,Y,,A,1,0,0,1,0,0,0,0,0,0,- ,- ,0,0,2100,2,LOS ANGELES,LOS ANGELES,CA,-118.2633534,33.79129028,"AVALON BLVD & PACIFIC COAST HWY, LOS ANGELES, CA",AVALON BLVD,PACIFIC COAST HWY,117210,
-118.2646521,33.79111099,31031,8819526,2019,2019-05-22T00:00:00.000Z,1942,2019-02-26T00:00:00.000Z,1805,41766,516,2,5,7,1942,0,0,0,E,0,18A36W,MARINE AV,PCH,10,N,N,B,-,Y,LA,7,1,-,-,10.607,I,5,N,N,3,0,1,2,A,-,14,21201,D,N,D,G,A,A,H,-,D,-,0,,Y,,,Y,,L,4,0,1,0,0,0,0,1,0,0,- ,- ,0,0,2100,2,LOS ANGELES,LOS ANGELES,CA,-118.2646521,33.79111099,"MARINE AVE & PACIFIC COAST HWY, LOS ANGELES, CA",MARINE AVE,PACIFIC COAST HWY,99689,
-118.4721222,34.22136307,31032,8819735,2019,2019-03-18T00:00:00.000Z,1942,2019-02-28T00:00:00.000Z,1925,42251,1991,4,5,7,1942,0,0,0,,0,19A93,ORION AV,ROSCOE BL,0,,Y,B,-,N,,0,0,,,0,,,,N,4,0,2,3,A,-,11,21954,A,F,G,B,D,A,H,-,C,A,0,Y,,,,Y,,N,60,0,0,2,0,2,0,0,0,0,- ,- ,0,0,2100,2,LOS ANGELES,LOS ANGELES,CA,-118.4721222,34.22136307,"ORION AVE & ROSCOE BLVD, LOS ANGELES, CA",ORION AVE,ROSCOE BLVD,147157,
-118.3089722,33.9891243,31033,8820075,2019,2019-04-02T00:00:00.000Z,1942,2019-02-22T00:00:00.000Z,1955,43173,1213,5,5,7,1942,0,0,0,L,0,12A3,SLAUSON AV,WESTERN AV,0,,Y,A,-,N,,0,0,,,0,,,,Y,4,0,1,3,A,-,12,21453,A,N,B,C,A,A,H,-,C,A,0,,,,,Y,,A,1,0,0,1,0,0,0,0,0,0,- ,- ,0,0,2100,2,LOS ANGELES,LOS ANGELES,CA,-118.3089722,33.9891243,"SLAUSON AVE & WESTERN AVE, LOS ANGELES, CA",SLAUSON AVE,WESTERN AVE,134534,
-118.2826921,33.9753418,31034,8820451,2019,2019-03-21T00:00:00.000Z,1942,2019-02-26T00:00:00.000Z,2000,43364,1255,2,5,7,1942,0,0,0,L,0,1283,FIGUEROA ST,FLORENCE AV,250,N,N,A,-,N,,0,0,,,0,,,,Y,3,0,2,2,A,-,5,21650,,N,A,C,A,A,H,-,C,A,0,,,,,Y,,A,1,0,1,1,0,0,0,0,0,0,- ,- ,0,0,2100,2,LOS ANGELES,LOS ANGELES,CA,-118.2826921,33.9753418,"FIGUEROA ST & FLORENCE AVE, LOS ANGELES, CA",FIGUEROA ST,FLORENCE AVE,113583,
-118.3264621,33.98902512,31035,8820455,2019,2019-03-21T00:00:00.000Z,1942,2019-02-26T00:00:00.000Z,1930,41820,1232,2,5,7,1942,0,0,0,L,0,12A51,SLAUSON,8TH AV,0,,Y,A,-,N,,0,0,,,0,,,,N,3,0,1,2,A,-,10,21950,A,N,G,B,B,A,H,-,C,A,0,Y,,,,Y,,A,1,0,1,0,0,1,0,0,0,0,- ,- ,0,0,2100,2,LOS ANGELES,LOS ANGELES,CA,-118.3264621,33.98902512,"SLAUSON AVE & 8TH AVE, LOS ANGELES, CA",SLAUSON AVE,8TH AVE,117075,
-118.3089391,33.99415588,31036,8820467,2019,2019-03-21T00:00:00.000Z,1942,2019-02-28T00:00:00.000Z,1820,42231,1213,4,5,7,1942,0,0,0,L,0,12X18,W 53RD ST,S WESTERN AV,7,E,N,A,-,N,,0,0,,,0,,,,N,4,0,1,2,A,-,5,21650,1,N,D,G,A,A,H,-,C,D,0,,Y,,,Y,,L,4,0,0,1,0,0,0,1,0,0,- ,- ,0,0,2100,2,LOS ANGELES,LOS ANGELES,CA,-118.3089391,33.99415588,"53RD ST & WESTERN AVE, LOS ANGELES, CA",53RD ST,WESTERN AVE,131388,
-118.2639721,34.04497528,31038,8820990,2019,2019-03-21T00:00:00.000Z,1942,2019-02-12T00:00:00.000Z,1915,41629,171,2,5,7,1942,0,0,0,A,0,1A61,S FIGUEROA ST,W OLYMPIC BL,0,,Y,A,-,N,,0,0,,,0,,,,N,4,0,1,2,A,-,4,21703,,F,C,C,A,A,H,-,C,D,0,,,,,Y,,-,99,0,0,1,0,0,0,0,0,0,- ,- ,0,0,2100,2,LOS ANGELES,LOS ANGELES,CA,-118.2639721,34.04497528,"FIGUEROA ST & OLYMPIC BLVD, LOS ANGELES, CA",FIGUEROA ST,OLYMPIC BLVD,145724,
-118.173122,34.07298279,31039,8821259,2019,2019-04-26T00:00:00.000Z,1942,2019-02-07T00:00:00.000Z,1855,37142,438,4,5,7,1942,0,0,0,,0,4A72,ALHAMBRA AV,LOMBARDY BL,300,W,N,A,-,N,,0,0,,,0,,,,,4,0,1,3,A,-,4,21703,,N,C,C,A,A,H,-,C,D,0,,,,,Y,,D,22,0,0,1,0,0,0,0,0,0,- ,- ,0,0,2100,2,LOS ANGELES,LOS ANGELES,CA,-118.173122,34.07298279,"ALHAMBRA AVE & LOMBARDY BLVD, LOS ANGELES, CA",ALHAMBRA AVE,LOMBARDY BLVD,121683,
-118.3713422,34.23449326,31040,8821261,2019,2019-03-28T00:00:00.000Z,1942,2019-02-22T00:00:00.000Z,1930,4358,1675,5,5,7,1942,0,0,0,P,0,16A77,GLENOAKS BL,TUXFORD ST,0,,Y,A,-,N,,0,0,,,0,,,,N,0,0,0,2,A,-,3,22350,,M,C,C,A,A,H,-,C,A,0,,,,,Y,,-,99,0,0,0,0,0,0,0,0,0,- ,- ,0,0,2100,2,LOS ANGELES,LOS ANGELES,CA,-118.3713422,34.23449326,"GLENOAKS BLVD & TUXFORD ST, LOS ANGELES, CA",GLENOAKS BLVD,TUXFORD ST,108850,
-118.2319566,34.05662155,31041,8821266,2019,2019-04-15T00:00:00.000Z,1942,2019-02-28T00:00:00.000Z,1800,34426,119,4,5,7,1942,0,0,0,A,0,1A1,CESAR CHAVEZ AV,VIGNES ST,40,W,N,A,-,N,,0,0,,,0,,,,N,3,0,1,2,A,-,11,21954,A,N,G,B,D,A,H,-,C,D,0,Y,,,,Y,,I,20,0,1,0,0,1,0,0,0,0,- ,- ,0,0,2100,2,LOS ANGELES,LOS ANGELES,CA,-118.2319566,34.05662155,"CESAR E CHAVEZ AVE & VIGNES ST, LOS ANGELES, CA",CESAR E CHAVEZ AVE,VIGNES ST,110602,
-118.3517465,34.13144302,31042,8821400,2019,2019-03-21T00:00:00.000Z,1942,2019-02-15T00:00:00.000Z,1900,43094,1599,5,5,7,1942,0,0,0,O,0,6A31,CAHUENGA BL,IONE DR,100,S,N,C,-,N,,0,0,,,0,,,,N,0,0,0,2,A,-,4,21703,,M,-,C,A,B,H,-,C,A,0,,,,,Y,,-,- ,0,0,0,0,0,0,0,0,0,- ,- ,0,0,2100,2,LOS ANGELES,LOS ANGELES,CA,-118.3517465,34.13144302,"CAHUENGA BLVD W & IONE DR, LOS ANGELES, CA",CAHUENGA BLVD W,IONE DR,104515,
-118.421991,34.20118332,31043,8821408,2019,2019-03-21T00:00:00.000Z,1942,2019-02-14T00:00:00.000Z,1805,36336,1521,4,5,7,1942,0,0,0,O,0,15A21,SHERMAN WY,FULTON AV,170,E,N,A,-,N,,0,0,,,0,,,,N,0,0,0,2,A,-,8,22107,,M,C,E,A,A,H,-,C,D,0,,,,,Y,,-,99,0,0,0,0,0,0,0,0,0,- ,- ,0,0,2100,2,LOS ANGELES,LOS ANGELES,CA,-118.421991,34.20118332,"SHERMAN WAY & FULTON AVE, LOS ANGELES, CA",SHERMAN WAY,FULTON AVE,132559,
-118.342708,34.00875473,31046,8821454,2019,2019-03-22T00:00:00.000Z,1942,2019-02-27T00:00:00.000Z,1955,43139,391,3,5,7,1942,0,0,0,C,0,3A31,SANTO TOMAS DR,MARLTON AV,30,W,N,C,-,N,,0,0,,,0,,,,Y,4,0,1,3,A,-,5,21650,,F,B,C,A,B,H,-,C,D,0,,,,,Y,,-,99,0,0,1,0,0,0,0,0,0,- ,- ,0,0,2100,2,LOS ANGELES,LOS ANGELES,CA,-118.342708,34.00875473,"SANTO TOMAS DR & MARLTON AVE, LOS ANGELES, CA",SANTO TOMAS DR,MARLTON AVE,131178,
-118.3574096,34.24703217,31047,8821465,2019,2019-03-21T00:00:00.000Z,1942,2019-02-21T00:00:00.000Z,2015,39410,1655,4,5,7,1942,0,0,0,P,0,,SUNLAND BL,WHEATLAND AV,25,E,N,A,-,N,,0,0,,,0,,,,N,0,0,0,2,A,-,9,21804,A,M,B,C,A,A,H,-,C,A,0,,,,,Y,,-,99,0,0,0,0,0,0,0,0,0,- ,- ,0,0,2100,2,LOS ANGELES,LOS ANGELES,CA,-118.3574096,34.24703217,"SUNLAND BLVD & WHEATLAND AVE, LOS ANGELES, CA",SUNLAND BLVD,WHEATLAND AVE,108820,
-118.2761666,34.24638748,31048,8821469,2019,2019-03-21T00:00:00.000Z,1942,2019-02-26T00:00:00.000Z,1830,40065,1638,2,5,7,1942,0,0,0,P,0,16A59,TUJUNGA CANYON BL,FOOTHILL BL,40,S,N,A,-,N,,0,0,,,0,,,,N,0,0,0,2,A,-,21,22106,,N,C,C,A,A,H,-,C,A,0,,,,,Y,,-,99,0,0,0,0,0,0,0,0,0,- ,- ,0,0,2100,2,LOS ANGELES,LOS ANGELES,CA,-118.2761666,34.24638748,"TUJUNGA CANYON BLVD & FOOTHILL BLVD, LOS ANGELES, CA",TUJUNGA CANYON BLVD,FOOTHILL BLVD,115287,
-118.3693721,34.21931458,31049,8821499,2019,2019-03-27T00:00:00.000Z,1942,2019-02-23T00:00:00.000Z,1800,38183,1687,6,5,7,1942,0,0,0,P,0,16A81,CANTARA ST,SAN FERNANDO RD,0,,Y,A,-,N,,0,0,,,0,,,,N,0,0,0,2,A,-,3,22350,,M,B,C,A,A,H,-,C,A,0,,,,,Y,,-,99,0,0,0,0,0,0,0,0,0,- ,- ,0,0,2100,2,LOS ANGELES,LOS ANGELES,CA,-118.3693721,34.21931458,"CANTARA ST & SAN FERNANDO RD, LOS ANGELES, CA",CANTARA ST,SAN FERNANDO RD,108231,
-118.3664246,34.22927475,31050,8821501,2019,2019-03-21T00:00:00.000Z,1942,2019-02-11T00:00:00.000Z,1820,38996,1675,1,5,7,1942,0,0,0,P,0,16A77,SUNLAND BL,GLENOAKS BL,250,S,N,A,-,N,,0,0,,,0,,,,N,0,0,0,2,A,-,7,21658,A,M,B,C,A,A,H,-,B,D,0,,,,,Y,,-,99,0,0,0,0,0,0,0,0,0,- ,- ,0,0,2100,2,LOS ANGELES,LOS ANGELES,CA,-118.3664246,34.22927475,"SUNLAND BLVD & GLENOAKS BLVD, LOS ANGELES, CA",SUNLAND BLVD,GLENOAKS BLVD,115811,
-118.3157161,34.25969315,31051,8821507,2019,2019-03-27T00:00:00.000Z,1942,2019-02-01T00:00:00.000Z,1830,40763,1656,5,5,7,1942,0,0,0,P,0,16A89,FOOTHILL BL,ORO VISTA AV,20,E,N,B,-,N,,0,0,,,0,,,,N,4,0,1,2,A,-,4,21703,,M,C,C,A,A,H,-,C,D,0,,,,,Y,,-,99,0,0,1,0,0,0,0,0,0,- ,- ,0,0,2100,2,LOS ANGELES,LOS ANGELES,CA,-118.3157161,34.25969315,"FOOTHILL BLVD & ORO VISTA AVE, LOS ANGELES, CA",FOOTHILL BLVD,ORO VISTA AVE,112360,
-118.1955021,34.01883316,31052,8821522,2019,2019-04-15T00:00:00.000Z,1942,2019-02-14T00:00:00.000Z,1850,43344,499,4,5,7,1942,0,0,0,D,0,4A6,OLYMPIC BL,LOS PALOS ST,0,,Y,A,-,N,,0,0,,,0,,,,Y,4,0,1,2,A,-,3,22350,,N,A,C,A,A,H,-,D,B,0,,,,,Y,,-,- ,0,0,1,0,0,0,0,0,0,- ,- ,0,0,2100,2,LOS ANGELES,LOS ANGELES,CA,-118.1955021,34.01883316,"OLYMPIC BLVD & LOS PALOS ST, LOS ANGELES, CA",OLYMPIC BLVD,LOS PALOS ST,113908,
-118.2149697,34.08885193,31053,8821531,2019,2019-03-22T00:00:00.000Z,1942,2019-02-18T00:00:00.000Z,1915,42926,1189,1,5,7,1942,0,0,0,K,0,11A89,NORTH FIGUEROA ST,AMABEL ST,238,N,N,A,-,N,,0,0,,,0,,,,Y,4,0,1,2,A,-,1,23152,A,N,F,E,A,A,H,-,C,D,0,,,,,Y,Y,A,1,0,0,1,0,0,0,0,0,0,- ,- ,0,0,2100,2,LOS ANGELES,LOS ANGELES,CA,-118.2149697,34.08885193,"FIGUEROA ST & AMABEL ST, LOS ANGELES, CA",FIGUEROA ST,AMABEL ST,100593,
-118.2868221,34.07982636,31054,8821534,2019,2019-03-22T00:00:00.000Z,1942,2019-02-13T00:00:00.000Z,1950,41629,212,3,5,7,1942,0,0,0,B,0,2A5,N VIRGIL AV,MIDDLEBURY ST,0,,Y,B,C,N,,0,0,,,0,,,,N,3,0,1,2,A,-,11,21954,A,F,G,B,D,B,H,-,C,D,0,Y,,,,Y,Y,N,60,0,1,0,0,1,0,0,0,0,- ,- ,0,0,2100,2,LOS ANGELES,LOS ANGELES,CA,-118.2868221,34.07982635,"VIRGIL AVE & MIDDLEBURY ST, LOS ANGELES, CA",VIRGIL AVE,MIDDLEBURY ST,114799,
-118.1757886,34.11573792,31055,8821535,2019,2019-03-22T00:00:00.000Z,1942,2019-02-01T00:00:00.000Z,1955,42521,1129,5,5,7,1942,0,0,0,K,0,11A48,SAN PASCUAL AV,CRESCENT ST,13,N,N,A,-,N,,0,0,,,0,,,,N,2,0,1,2,A,-,10,21950,A,N,G,B,C,A,H,-,C,D,0,Y,,,,Y,,A,1,1,0,0,0,1,0,0,0,0,- ,- ,0,0,2100,2,LOS ANGELES,LOS ANGELES,CA,-118.1757886,34.11573792,"SAN PASCUAL AVE & CRESCENT ST, LOS ANGELES, CA",SAN PASCUAL AVE,CRESCENT ST,128525,
-118.2425122,34.04729462,31056,8821546,2019,2019-04-16T00:00:00.000Z,1942,2019-02-15T00:00:00.000Z,1815,34426,138,5,5,7,1942,0,0,0,A,0,1A29,SAN PEDRO ST,3RD ST,0,,Y,C,-,N,,0,0,,,0,,,,N,4,0,2,4,A,-,12,21453,A,N,A,-,A,B,H,-,C,A,0,,,,,Y,,-,- ,0,0,2,0,0,0,0,0,0,- ,- ,0,0,2100,2,LOS ANGELES,LOS ANGELES,CA,-118.2425122,34.04729462,"SAN PEDRO ST & 3RD ST, LOS ANGELES, CA",SAN PEDRO ST,3RD ST,131603,
-118.2756227,34.05835342,31057,8821554,2019,2019-03-25T00:00:00.000Z,1942,2019-02-13T00:00:00.000Z,2040,39938,246,3,5,7,1942,0,0,0,B,0,2A47,ALVARADO ST,WILSHIRE BL,170,N,N,C,-,N,,0,0,,,0,,,,N,3,0,2,2,A,-,11,21954,A,N,G,B,D,B,H,-,C,A,0,Y,,,,Y,,N,60,0,1,1,0,1,0,0,0,0,- ,- ,0,0,2100,2,LOS ANGELES,LOS ANGELES,CA,-118.2756227,34.05835342,"ALVARADO ST & WILSHIRE BLVD, LOS ANGELES, CA",ALVARADO ST,WILSHIRE BLVD,131579,
-118.2754221,34.04972458,31058,8821566,2019,2019-03-25T00:00:00.000Z,1942,2019-02-15T00:00:00.000Z,2050,37639,275,5,5,7,1942,0,0,0,B,0,2A45,OLYMPIC BL,BEACON AV,0,,Y,A,-,N,,0,0,,,0,,,,N,4,0,1,2,A,-,11,21954,A,N,G,B,D,B,H,-,C,D,0,Y,,,,Y,,N,60,0,0,1,0,1,0,0,0,0,- ,- ,0,0,2100,2,LOS ANGELES,LOS ANGELES,CA,-118.2754221,34.04972458,"OLYMPIC BLVD & BEACON AVE, LOS ANGELES, CA",OLYMPIC BLVD,BEACON AVE,110545,
-118.2083921,34.05702591,31059,8821573,2019,2019-04-09T00:00:00.000Z,1942,2019-02-04T00:00:00.000Z,1945,35291,445,1,5,7,1942,0,0,0,D,0,4A15,MARENGO ST,BRITTANIA ST,0,,Y,C,-,N,,0,0,,,0,,,,N,4,0,1,2,A,-,0,20015,A,N,G,B,B,B,H,-,C,A,0,Y,,,,Y,,-,- ,0,0,1,0,1,0,0,0,0,- ,- ,0,0,2100,2,LOS ANGELES,LOS ANGELES,CA,-118.2083921,34.05702591,"MARENGO ST & BRITTANIA ST, LOS ANGELES, CA",MARENGO ST,BRITTANIA ST,128182,
-118.2751075,34.04773712,31060,8821574,2019,2019-03-25T00:00:00.000Z,1942,2019-02-08T00:00:00.000Z,2010,42876,279,5,5,7,1942,0,0,0,B,0,2A91,UNION AV,11TH ST,12,N,N,A,-,N,,0,0,,,0,,,,N,4,0,2,2,A,-,4,21703,,N,C,C,A,A,H,-,C,D,0,,,,,Y,,-,99,0,0,2,0,0,0,0,0,0,- ,- ,0,0,2100,2,LOS ANGELES,LOS ANGELES,CA,-118.2751075,34.04773712,"UNION AVE & 11TH ST, LOS ANGELES, CA",UNION AVE,11TH ST,121149,
-118.2393362,34.05825424,31061,8821579,2019,2019-03-22T00:00:00.000Z,1942,2019-02-23T00:00:00.000Z,1945,33452,111,6,5,7,1942,0,0,0,A,0,1A1,W CESAR E CHAVEZ AV,NORTH SPRING ST,60,E,N,A,-,N,,0,0,,,0,,,,N,3,0,1,2,A,-,11,21954,A,N,G,B,C,A,H,-,C,D,0,Y,,,,Y,,N,60,0,1,0,0,1,0,0,0,0,- ,- ,0,0,2100,2,LOS ANGELES,LOS ANGELES,CA,-118.2393362,34.05825424,"CESAR E CHAVEZ AVE & N SPRING ST, LOS ANGELES, CA",CESAR E CHAVEZ AVE,N SPRING ST,110537,
-118.2227721,34.07679367,31062,8821589,2019,2019-03-25T00:00:00.000Z,1942,2019-02-03T00:00:00.000Z,2040,39826,411,7,5,7,1942,0,0,0,D,0,24T31,SAN FERNANDO RD,HUMBOLDT ST,0,,Y,B,-,N,,0,0,,,0,,,,Y,4,0,3,2,A,-,3,22350,,N,C,C,A,B,H,-,C,A,0,,,,,Y,,A,1,0,0,3,0,0,0,0,0,0,- ,- ,0,0,2100,2,LOS ANGELES,LOS ANGELES,CA,-118.2227721,34.07679367,"SAN FERNANDO RD & HUMBOLDT ST, LOS ANGELES, CA",SAN FERNANDO RD,HUMBOLDT ST,132312,
-118.2643321,34.03888321,31063,8821591,2019,2019-03-22T00:00:00.000Z,1942,2019-02-21T00:00:00.000Z,1855,42926,192,4,5,7,1942,0,0,0,A,0,1A61,W PICO BL,S GRAND AV,0,,Y,A,-,N,,0,0,,,0,,,,N,4,0,1,2,A,-,12,21453,A,F,D,C,A,A,H,-,C,A,0,,,,,Y,,A,1,0,0,1,0,0,0,0,0,0,- ,- ,0,0,2100,2,LOS ANGELES,LOS ANGELES,CA,-118.2643321,34.03888321,"PICO BLVD & GRAND AVE, LOS ANGELES, CA",PICO BLVD,GRAND AVE,142173,
-118.2735622,34.06807327,31064,8821594,2019,2019-03-25T00:00:00.000Z,1942,2019-02-25T00:00:00.000Z,1915,42926,235,1,5,7,1942,0,0,0,B,0,2A17,BEVERLY BL,S PARK VIEW ST,0,,Y,A,-,N,,0,0,,,0,,,,Y,4,0,1,3,A,-,3,22350,,N,C,C,A,A,G,-,E,A,0,,,,,Y,,A,7,0,0,1,0,0,0,0,0,0,- ,- ,0,0,2100,2,LOS ANGELES,LOS ANGELES,CA,-118.2735622,34.06807327,"BEVERLY BLVD & PARK VIEW ST, LOS ANGELES, CA",BEVERLY BLVD,PARK VIEW ST,118154,
-118.2034421,34.03686523,31065,8821595,2019,2019-03-22T00:00:00.000Z,1942,2019-02-05T00:00:00.000Z,2000,33902,465,2,5,7,1942,0,0,0,D,0,4A59,EAST 4TH ST,EUCLID AV,0,,Y,B,-,N,,0,0,,,0,,,,N,2,0,1,2,A,-,11,21456,B,N,G,B,B,A,H,-,C,A,0,Y,,,,Y,,N,60,1,0,0,0,1,0,0,0,0,- ,- ,0,0,2100,2,LOS ANGELES,LOS ANGELES,CA,-118.2034421,34.03686523,"4TH ST & EUCLID AVE, LOS ANGELES, CA",4TH ST,EUCLID AVE,110582,