X,Y,OBJECTID,case_id,accident_year,proc_date,juris,collision_date,collision_time,officer_id,reporting_district,day_of_week,chp_shift,population,cnty_city_loc,special_cond,beat_type,chp_beat_type,city_division_lapd,chp_beat_class,beat_number,primary_rd,secondary_rd,distance,direction,intersection,weather_1,weather_2,state_hwy_ind,caltrans_county,caltrans_district,state_route,route_suffix,postmile_prefix,postmile,location_type,ramp_intersection,side_of_hwy,tow_away,collision_severity,number_killed,number_injured,party_count,primary_coll_factor,pcf_code_of_viol,pcf_viol_category,pcf_violation,pcf_viol_subsection,hit_and_run,type_of_collision,mviw,ped_action,road_surface,road_cond_1,road_cond_2,lighting,control_device,chp_road_type,pedestrian_accident,bicycle_accident,motorcycle_accident,truck_accident,not_private_property,alcohol_involved,stwd_vehtype_at_fault,chp_vehtype_at_fault,count_severe_inj,count_visible_inj,count_complaint_pain,count_ped_killed,count_ped_injured,count_bicyclist_killed,count_bicyclist_injured,count_mc_killed,count_mc_injured,primary_ramp,secondary_ramp,latitude,longitude,timecat,month_,city,county,state,point_x,point_y,match_addr,m_primaryrd,m_secondrd,int_id,Flag
-118.2917846,34.07903671,31066,8821662,2019,2019-03-21T00:00:00.000Z,1942,2019-02-02T00:00:00.000Z,2025,40325,221,6,5,7,1942,0,0,0,B,0,2A1,ROSEWOOD AV,VERMONT AV,22,W,N,C,-,N,,0,0,,,0,,,,N,0,0,0,2,A,-,8,22107,,M,B,C,A,B,H,-,C,A,0,,,,,Y,,-,99,0,0,0,0,0,0,0,0,0,- ,- ,0,0,2100,2,LOS ANGELES,LOS ANGELES,CA,-118.2917846,34.07903671,"ROSEWOOD AVE & VERMONT AVE, LOS ANGELES, CA",ROSEWOOD AVE,VERMONT AVE,98961,
-118.2393222,34.06033325,31067,8821671,2019,2019-03-22T00:00:00.000Z,1942,2019-02-18T00:00:00.000Z,1815,39889,111,1,5,7,1942,0,0,0,A,0,1A1,ORD ST,N BROADWAY,0,,Y,A,-,N,,0,0,,,0,,,,N,0,0,0,2,A,-,12,21453,A,M,D,C,A,A,H,-,C,A,0,,,,,Y,,A,7,0,0,0,0,0,0,0,0,0,- ,- ,0,0,2100,2,LOS ANGELES,LOS ANGELES,CA,-118.2393222,34.06033325,"ORD ST & N BROADWAY, LOS ANGELES, CA",ORD ST,N BROADWAY,110533,
-118.2444789,34.05298615,31068,8821675,2019,2019-03-22T00:00:00.000Z,1942,2019-02-18T00:00:00.000Z,1820,39889,123,1,5,7,1942,0,0,0,A,0,1A1,SPRING ST,1ST ST,10,N,N,A,-,N,,0,0,,,0,,,,Y,0,0,0,2,A,-,21,22106,,M,C,C,A,A,H,-,C,A,0,,,,,Y,,A,7,0,0,0,0,0,0,0,0,0,- ,- ,0,0,2100,2,LOS ANGELES,LOS ANGELES,CA,-118.2444789,34.05298615,"SPRING ST & 1ST ST, LOS ANGELES, CA",SPRING ST,1ST ST,149218,
-118.2918506,34.07903671,31069,8821679,2019,2019-03-22T00:00:00.000Z,1942,2019-02-02T00:00:00.000Z,2055,40325,221,6,5,7,1942,0,0,0,B,0,2A1,ROSEWOOD AV,VERMONT AV,42,W,N,C,-,N,,0,0,,,0,,,,N,0,0,0,2,A,-,8,22107,,M,B,C,A,B,H,-,C,A,0,,,,,Y,,-,99,0,0,0,0,0,0,0,0,0,- ,- ,0,0,2100,2,LOS ANGELES,LOS ANGELES,CA,-118.2918506,34.07903671,"ROSEWOOD AVE & VERMONT AVE, LOS ANGELES, CA",ROSEWOOD AVE,VERMONT AVE,98961,
-118.2917921,33.97462463,31070,8822828,2019,2019-03-28T00:00:00.000Z,1942,2019-02-25T00:00:00.000Z,2030,42007,1245,1,5,7,1942,0,0,0,L,0,12A73,FLORENCE AV,VERMONT AV,0,,Y,A,-,N,,0,0,,,0,,,,N,3,0,4,3,A,-,9,21804,A,N,-,C,A,A,H,-,C,A,0,,,Y,,Y,,C,2,0,2,2,0,0,0,0,0,1,- ,- ,0,0,2100,2,LOS ANGELES,LOS ANGELES,CA,-118.2917921,33.97462463,"FLORENCE AVE & VERMONT AVE, LOS ANGELES, CA",FLORENCE AVE,VERMONT AVE,116314,
-118.2711398,34.02829361,31071,8823046,2019,2019-04-24T00:00:00.000Z,1942,2019-02-05T00:00:00.000Z,2020,38233,1321,2,5,7,1942,0,0,0,M,0,13A13,S GRAND AV,W 24TH ST,5,S,N,A,-,N,,0,0,,,0,,,,N,4,0,1,2,A,-,10,21950,A,N,G,B,B,A,H,-,C,A,0,Y,,,,Y,,D,22,0,0,1,0,1,0,0,0,0,- ,- ,0,0,2100,2,LOS ANGELES,LOS ANGELES,CA,-118.2711398,34.02829361,"GRAND AVE (DOWNTOWN) & 24TH ST, LOS ANGELES, CA",GRAND AVE (DOWNTOWN),24TH ST,107134,
-118.2100421,34.0179863,31072,8823105,2019,2019-04-29T00:00:00.000Z,1942,2019-02-14T00:00:00.000Z,1800,37908,497,4,5,7,1942,0,0,0,D,0,4A97,PICO BL,GRANDE VISTA AV,0,,Y,B,-,N,,0,0,,,0,,,,N,4,0,1,2,A,-,8,22100,A,N,B,C,A,A,H,-,C,A,0,,,,Y,Y,,-,- ,0,0,1,0,0,0,0,0,0,- ,- ,0,0,2100,2,LOS ANGELES,LOS ANGELES,CA,-118.2100421,34.0179863,"PICO BLVD & GRANDE VISTA AVE, LOS ANGELES, CA",PICO BLVD,GRANDE VISTA AVE,131478,
-118.2189112,34.13998032,31073,8823118,2019,2019-04-24T00:00:00.000Z,1942,2019-02-04T00:00:00.000Z,1830,33950,1105,1,5,7,1942,0,0,0,K,0,11A17,COLORADO BL,ELLENWOOD DR,25,E,N,C,-,N,,0,0,,,0,,,,Y,4,0,2,2,A,-,3,22350,,N,C,C,A,B,H,-,C,A,0,,,,,Y,,A,1,0,0,2,0,0,0,0,0,0,- ,- ,0,0,2100,2,LOS ANGELES,LOS ANGELES,CA,-118.2189112,34.13998032,"COLORADO BLVD & ELLENWOOD DR, LOS ANGELES, CA",COLORADO BLVD,ELLENWOOD DR,132086,
-118.3176751,33.98909378,31074,8823303,2019,2019-03-28T00:00:00.000Z,1942,2019-02-25T00:00:00.000Z,1820,42007,233,1,5,7,1942,0,0,0,,0,12A45,SLAUSON AV,VAN NESS AV,10,W,N,A,-,N,,0,0,,,0,,,,N,4,0,1,2,A,-,4,21703,,F,C,C,A,A,H,-,C,A,0,,,,,Y,,-,99,0,0,1,0,0,0,0,0,0,- ,- ,0,0,2100,2,LOS ANGELES,LOS ANGELES,CA,-118.3176751,33.98909378,"SLAUSON AVE & VAN NESS AVE, LOS ANGELES, CA",SLAUSON AVE,VAN NESS AVE,109422,
-118.2561021,34.05158615,31075,8823443,2019,2019-03-19T00:00:00.000Z,1942,2019-02-20T00:00:00.000Z,2055,39939,152,3,5,7,1942,0,0,0,A,0,1XL6,5TH ST,FLOWER ST,0,,Y,C,-,N,,0,0,,,0,,,,N,4,0,1,2,A,-,10,21950,A,F,G,B,B,B,H,-,C,A,0,Y,,,,Y,,-,99,0,0,1,0,1,0,0,0,0,- ,- ,0,0,2100,2,LOS ANGELES,LOS ANGELES,CA,-118.2561021,34.05158615,"5TH ST & FLOWER ST, LOS ANGELES, CA",5TH ST,FLOWER ST,100055,
-118.2212893,34.01737976,31076,8823525,2019,2019-03-18T00:00:00.000Z,1942,2019-02-20T00:00:00.000Z,1840,33130,491,3,5,7,1942,0,0,0,D,0,4A97,WASHINGTON BL,PERRINO PL,69,W,N,A,-,N,,0,0,,,0,,,,N,0,0,0,2,A,-,4,21703,,M,C,C,A,A,H,-,B,D,0,,,,,Y,,-,99,0,0,0,0,0,0,0,0,0,- ,- ,0,0,2100,2,LOS ANGELES,LOS ANGELES,CA,-118.2212893,34.01737976,"WASHINGTON BLVD & PERRINO PL, LOS ANGELES, CA",WASHINGTON BLVD,PERRINO PL,102686,
-118.2011121,34.10849381,31077,8823526,2019,2019-03-19T00:00:00.000Z,1942,2019-02-24T00:00:00.000Z,2030,38233,1137,7,5,7,1942,0,0,0,K,0,11A37,N AVENUE 52,MONTE VISTA ST,0,,Y,A,-,N,,0,0,,,0,,,,N,0,0,0,2,A,-,12,22450,A,M,D,C,A,-,H,-,C,A,0,,,,,Y,,-,99,0,0,0,0,0,0,0,0,0,- ,- ,0,0,2100,2,LOS ANGELES,LOS ANGELES,CA,-118.2011121,34.1084938,"AVE 52 & MONTE VISTA ST, LOS ANGELES, CA",AVE 52,MONTE VISTA ST,110806,
-118.2480221,34.05093384,31078,8823530,2019,2019-03-19T00:00:00.000Z,1942,2019-02-20T00:00:00.000Z,1830,43704,133,3,5,7,1942,0,0,0,A,0,1A12,3RD ST,BROADWAY,0,,Y,B,-,N,,0,0,,,0,,,,N,0,0,0,2,A,-,4,21703,,M,C,C,A,B,H,-,C,A,0,,,,,Y,,-,99,0,0,0,0,0,0,0,0,0,- ,- ,0,0,2100,2,LOS ANGELES,LOS ANGELES,CA,-118.2480222,34.05093384,"3RD ST & BROADWAY, LOS ANGELES, CA",3RD ST,BROADWAY,99997,
-118.256268,34.07550049,31079,8823533,2019,2019-03-19T00:00:00.000Z,1942,2019-02-14T00:00:00.000Z,2010,30083,218,4,5,7,1942,0,0,0,B,0,2A39,LAGUNA AV,LAVETA TER TER,8,W,N,B,-,N,,0,0,,,0,,,,N,0,0,0,2,A,-,8,22107,,M,B,C,A,B,H,-,C,D,0,,,,,Y,,-,99,0,0,0,0,0,0,0,0,0,- ,- ,0,0,2100,2,LOS ANGELES,LOS ANGELES,CA,-118.256268,34.07550049,"LAGUNA AVE & LAVETA TER, LOS ANGELES, CA",LAGUNA AVE,LAVETA TER,149739,
-118.248378,34.04885101,31080,8823548,2019,2019-03-19T00:00:00.000Z,1942,2019-02-25T00:00:00.000Z,1920,33130,135,1,5,7,1942,0,0,0,A,0,1A35,4TH ST,SPRING ST,10,W,N,A,-,N,,0,0,,,0,,,,N,3,0,1,2,A,-,9,21804,A,N,D,G,A,A,H,-,C,D,0,,Y,,,Y,,A,1,0,1,0,0,0,0,1,0,0,- ,- ,0,0,2100,2,LOS ANGELES,LOS ANGELES,CA,-118.248378,34.04885101,"4TH ST & SPRING ST, LOS ANGELES, CA",4TH ST,SPRING ST,131641,
-118.2782323,34.04110336,31081,8823590,2019,2019-03-19T00:00:00.000Z,1942,2019-02-15T00:00:00.000Z,1820,30083,299,5,5,7,1942,0,0,0,B,0,2A91,W VENICE BL,TOBERMAN ST,100,W,N,C,-,N,,0,0,,,0,,,,N,0,0,0,2,A,-,8,22107,,M,B,E,A,B,H,-,A,D,0,,,,,Y,,-,99,0,0,0,0,0,0,0,0,0,- ,- ,0,0,2100,2,LOS ANGELES,LOS ANGELES,CA,-118.2782323,34.04110336,"VENICE BLVD & TOBERMAN ST, LOS ANGELES, CA",VENICE BLVD,TOBERMAN ST,128127,
-118.5020868,34.23575974,31082,8823686,2019,2019-03-15T00:00:00.000Z,1942,2019-02-20T00:00:00.000Z,1805,41316,1788,3,5,7,1942,0,0,0,Q,0,17A95,NORDHOFF ST,BALBOA BL,150,E,N,B,-,N,,0,0,,,0,,,,N,0,0,0,2,A,-,9,21804,A,M,D,C,A,B,H,-,C,D,0,,,,,Y,,A,1,0,0,0,0,0,0,0,0,0,- ,- ,0,0,2100,2,LOS ANGELES,LOS ANGELES,CA,-118.5020868,34.23575974,"NORDHOFF ST & BALBOA BLVD, LOS ANGELES, CA",NORDHOFF ST,BALBOA BLVD,105180,
-118.4674722,34.27212524,31083,8823826,2019,2019-03-21T00:00:00.000Z,1942,2019-02-26T00:00:00.000Z,1820,33294,1934,2,5,7,1942,0,0,0,,0,19A43,N SEPULVEDA BL,SAN FERNANDO MISSION BL,0,,Y,A,-,N,,0,0,,,0,,,,N,2,0,1,2,A,-,10,21950,A,N,G,B,B,A,H,-,C,A,0,Y,,,,Y,,A,1,1,0,0,0,1,0,0,0,0,- ,- ,0,0,2100,2,LOS ANGELES,LOS ANGELES,CA,-118.4674722,34.27212524,"SEPULVEDA BLVD & SAN FERNANDO MISSION BLVD, LOS ANGELES, CA",SEPULVEDA BLVD,SAN FERNANDO MISSION BLVD,129409,
-118.3618871,34.13963318,31084,8824059,2019,2019-03-20T00:00:00.000Z,1942,2019-02-20T00:00:00.000Z,1855,36230,1586,3,5,7,1942,0,0,0,O,0,15A67,LANKERSHIM BL,UNIVERSAL HOLLYWOOD DR,245,N,N,A,-,N,,0,0,,,0,,,,Y,4,0,4,3,A,-,8,22100,A,N,D,C,A,A,H,-,C,D,0,,,,,Y,,A,1,0,0,4,0,0,0,0,0,0,- ,- ,0,0,2100,2,LOS ANGELES,LOS ANGELES,CA,-118.3618871,34.13963318,"LANKERSHIM BLVD & UNIVERSAL HOLLYWOOD DR, LOS ANGELES, CA",LANKERSHIM BLVD,UNIVERSAL HOLLYWOOD DR,153137,
-118.3556421,34.02151489,31085,8824199,2019,2019-04-04T00:00:00.000Z,1942,2019-02-26T00:00:00.000Z,1815,42094,361,2,5,7,1942,0,0,0,C,0,3A74,RODEO RD,LA BREA AV,0,,Y,A,-,N,,0,0,,,0,,,,N,4,0,1,2,A,-,12,21453,A,F,D,C,A,A,H,-,C,A,0,,,,,Y,,-,99,0,0,1,0,0,0,0,0,0,- ,- ,0,0,2100,2,LOS ANGELES,LOS ANGELES,CA,-118.3556421,34.02151489,"RODEO RD & LA BREA AVE, LOS ANGELES, CA",RODEO RD,LA BREA AVE,137054,
-118.2826821,33.98418427,31086,8824339,2019,2019-03-21T00:00:00.000Z,1942,2019-02-28T00:00:00.000Z,2000,42118,1239,4,5,7,1942,0,0,0,L,0,12A49,S FIGUEROA ST,W 61ST ST,0,,Y,A,-,N,,0,0,,,0,,,,N,4,0,2,2,A,-,3,22350,,F,C,C,A,A,H,-,C,A,0,,,,,Y,,-,99,0,0,2,0,0,0,0,0,0,- ,- ,0,0,2100,2,LOS ANGELES,LOS ANGELES,CA,-118.2826821,33.98418427,"FIGUEROA ST & 61ST ST, LOS ANGELES, CA",FIGUEROA ST,61ST ST,134570,
-118.2958821,34.0166893,31087,8824344,2019,2019-03-22T00:00:00.000Z,1942,2019-02-21T00:00:00.000Z,2000,43617,379,4,5,7,1942,0,0,0,C,0,3A73,BUDLONG AV,ROLLING CURTIS PL,100,N,N,C,-,N,,0,0,,,0,,,,N,0,0,0,2,A,-,21,22106,,N,H,E,A,B,H,-,C,D,0,,,,,Y,,A,1,0,0,0,0,0,0,0,0,0,- ,- ,0,0,2100,2,LOS ANGELES,LOS ANGELES,CA,-118.2958821,34.0166893,"BUDLONG AVE & ROLLAND CURTIS PL, LOS ANGELES, CA",BUDLONG AVE,ROLLAND CURTIS PL,124377,
-118.2923621,33.74222946,31088,8824373,2019,2019-03-26T00:00:00.000Z,1942,2019-02-27T00:00:00.000Z,2020,41072,557,3,5,7,1942,0,0,0,E,0,5A55,GAFFEY ST,2ND ST,60,S,N,A,-,N,,0,0,,,0,,,,Y,4,0,2,2,A,-,3,22350,,N,C,C,A,A,H,-,C,A,0,,,,,Y,,A,1,0,0,2,0,0,0,0,0,0,- ,- ,0,0,2100,2,LOS ANGELES,LOS ANGELES,CA,-118.2923621,33.74222946,"GAFFEY ST & 2ND ST, LOS ANGELES, CA",GAFFEY ST,2ND ST,107559,
-118.3035486,34.10175324,31089,8824379,2019,2019-03-21T00:00:00.000Z,1942,2019-02-28T00:00:00.000Z,1955,39022,649,4,5,7,1942,0,0,0,F,0,6A49,HOLLYWOOD BL,KINGSLEY DR,5,W,N,A,-,N,,0,0,,,0,,,,N,4,0,1,2,A,-,10,21950,A,N,G,B,B,A,H,-,C,A,0,Y,,,,Y,,A,1,0,0,1,0,1,0,0,0,0,- ,- ,0,0,2100,2,LOS ANGELES,LOS ANGELES,CA,-118.3035486,34.10175323,"HOLLYWOOD BLVD & KINGSLEY DR, LOS ANGELES, CA",HOLLYWOOD BLVD,KINGSLEY DR,130574,
-118.2891221,34.05977631,31090,8824380,2019,2019-03-22T00:00:00.000Z,1942,2019-02-26T00:00:00.000Z,2040,43713,2038,2,5,7,1942,0,0,0,,0,20A34,7TH ST,WESTMORELAND AV,0,,Y,A,-,N,,0,0,,,0,,,,N,0,0,0,2,A,-,8,22102,,M,D,C,A,A,H,-,C,D,0,,,,,Y,,-,99,0,0,0,0,0,0,0,0,0,- ,- ,0,0,2100,2,LOS ANGELES,LOS ANGELES,CA,-118.2891221,34.05977631,"7TH ST & WESTMORELAND AVE, LOS ANGELES, CA",7TH ST,WESTMORELAND AVE,134922,
-118.3046221,34.08353424,31091,8824384,2019,2019-03-22T00:00:00.000Z,1942,2019-02-11T00:00:00.000Z,1900,42328,2005,1,5,7,1942,0,0,0,,0,,HARVARD BL,MELROSE AV,0,,Y,A,-,N,,0,0,,,0,,,,N,0,0,0,2,A,-,3,22350,,M,C,C,A,A,H,-,C,D,0,,,,,Y,,-,99,0,0,0,0,0,0,0,0,0,- ,- ,0,0,2100,2,LOS ANGELES,LOS ANGELES,CA,-118.3046221,34.08353424,"HARVARD BLVD & MELROSE AVE, LOS ANGELES, CA",HARVARD BLVD,MELROSE AVE,97075,
-118.2787422,34.02139664,31092,8824669,2019,2019-04-17T00:00:00.000Z,1942,2019-02-26T00:00:00.000Z,2040,42265,329,2,5,7,1942,0,0,0,C,0,3A99W3,FLOWER ST,JEFFERSON BL,0,,Y,A,-,N,,0,0,,,0,,,,N,3,0,1,2,A,-,12,21453,A,N,D,G,A,A,H,-,B,A,0,,Y,,,Y,,-,- ,0,1,0,0,0,0,1,0,0,- ,- ,0,0,2100,2,LOS ANGELES,LOS ANGELES,CA,-118.2787422,34.02139664,"FLOWER ST & JEFFERSON BLVD, LOS ANGELES, CA",FLOWER ST,JEFFERSON BLVD,103380,
-118.2783322,33.99330521,31093,8824849,2019,2019-04-02T00:00:00.000Z,1942,2019-02-28T00:00:00.000Z,2040,42926,1371,4,5,7,1942,0,0,0,M,0,13A85,S BROADWAY,W 54TH ST,0,,Y,B,-,N,,0,0,,,0,,,,N,4,0,1,2,A,-,11,21456,B,N,G,B,B,A,H,-,C,A,0,Y,,,,Y,Y,N,60,0,0,1,0,1,0,0,0,0,- ,- ,0,0,2100,2,LOS ANGELES,LOS ANGELES,CA,-118.2783322,33.99330521,"BROADWAY & 54TH ST, LOS ANGELES, CA",BROADWAY,54TH ST,96042,
-118.2209721,34.12413406,31094,8825431,2019,2019-03-27T00:00:00.000Z,1942,2019-02-25T00:00:00.000Z,1845,39889,1136,1,5,7,1942,0,0,0,K,0,11A17,EAGLE ROCK BL,YORK BL,0,,Y,A,-,N,,0,0,,,0,,,,Y,4,0,3,2,A,-,9,21801,A,N,A,C,A,A,H,-,C,A,0,,,,,Y,,A,1,0,0,3,0,0,0,0,0,0,- ,- ,0,0,2100,2,LOS ANGELES,LOS ANGELES,CA,-118.2209721,34.12413406,"EAGLE ROCK BLVD & YORK BLVD, LOS ANGELES, CA",EAGLE ROCK BLVD,YORK BLVD,144321,
-118.2592494,34.09986115,31095,8825513,2019,2019-04-08T00:00:00.000Z,1942,2019-02-23T00:00:00.000Z,1805,34426,1144,6,5,7,1942,0,0,0,K,0,11A71,GLENDALE BL,BRIER AV,100,S,N,A,-,N,,0,0,,,0,,,,N,0,0,0,2,A,-,3,22350,,M,D,C,A,A,H,-,C,D,0,,,,,Y,,A,7,0,0,0,0,0,0,0,0,0,- ,- ,0,0,2100,2,LOS ANGELES,LOS ANGELES,CA,-118.2592494,34.09986115,"GLENDALE BLVD & BRIER AVE, LOS ANGELES, CA",GLENDALE BLVD,BRIER AVE,132063,
-118.2149907,34.12303162,31096,8825597,2019,2019-04-02T00:00:00.000Z,1942,2019-02-16T00:00:00.000Z,2015,30083,1125,6,5,7,1942,0,0,0,K,0,11A25,YORK BL,HAZELWOOD AV,15,W,N,A,-,N,,0,0,,,0,,,,N,4,0,1,2,A,-,17,22517,,N,H,E,A,A,H,-,C,D,0,,Y,,,Y,,A,1,0,0,1,0,0,0,1,0,0,- ,- ,0,0,2100,2,LOS ANGELES,LOS ANGELES,CA,-118.2149907,34.12303162,"YORK BLVD & HAZELWOOD AVE, LOS ANGELES, CA",YORK BLVD,HAZELWOOD AVE,149376,
-118.2212141,34.08478546,31097,8825604,2019,2019-03-27T00:00:00.000Z,1942,2019-02-26T00:00:00.000Z,1800,40275,1177,2,5,7,1942,0,0,0,K,0,11A89,FIGUEROA ST,AVENUE 28,5,W,N,A,-,N,,0,0,,,0,,,,N,4,0,1,2,A,-,9,21804,A,N,D,G,A,A,H,-,C,D,0,,Y,,,Y,,L,4,0,0,1,0,0,0,1,0,0,- ,- ,0,0,2100,2,LOS ANGELES,LOS ANGELES,CA,-118.2212141,34.08478546,"FIGUEROA ST & AVE 28, LOS ANGELES, CA",FIGUEROA ST,AVE 28,107826,
-118.2629365,34.01905441,31098,8825640,2019,2019-03-27T00:00:00.000Z,1942,2019-02-27T00:00:00.000Z,2000,39062,1333,3,5,7,1942,0,0,0,M,0,13A43,S SAN PEDRO ST,E 29TH ST,62,N,N,B,-,N,,0,0,,,0,,,,N,3,0,1,2,A,-,11,21954,A,N,G,B,E,A,H,-,C,A,0,Y,,,,Y,,N,60,0,1,0,0,1,0,0,0,0,- ,- ,0,0,2100,2,LOS ANGELES,LOS ANGELES,CA,-118.2629365,34.01905441,"SAN PEDRO ST & 29TH ST, LOS ANGELES, CA",SAN PEDRO ST,29TH ST,117363,
-118.2869621,33.94550324,31099,8826070,2019,2019-03-22T00:00:00.000Z,1942,2019-02-18T00:00:00.000Z,1950,42007,RD182,1,5,7,1942,0,0,0,,0,12A73,HOOVER,CENTURY BL,0,,Y,A,-,N,,0,0,,,0,,,,Y,3,0,2,2,A,-,9,21800,D,N,B,C,A,A,H,-,D,B,0,,,,,Y,,A,1,0,1,1,0,0,0,0,0,0,- ,- ,0,0,2100,2,LOS ANGELES,LOS ANGELES,CA,-118.2869621,33.94550323,"HOOVER ST & CENTURY BLVD, LOS ANGELES, CA",HOOVER ST,CENTURY BLVD,134790,
-118.3386821,34.07618332,31100,8826548,2019,2019-04-08T00:00:00.000Z,1942,2019-02-24T00:00:00.000Z,1855,39409,729,7,5,7,1942,0,0,0,,0,7Z5,BEVERLY BL,HIGHLAND AV,0,,Y,A,-,N,,0,0,,,0,,,,Y,4,0,1,2,A,-,8,22107,,N,A,C,A,A,H,-,C,-,0,,,,,Y,,A,1,0,0,1,0,0,0,0,0,0,- ,- ,0,0,2100,2,LOS ANGELES,LOS ANGELES,CA,-118.3386821,34.07618332,"BEVERLY BLVD & HIGHLAND AVE, LOS ANGELES, CA",BEVERLY BLVD,HIGHLAND AVE,102250,
-118.1844021,34.11551666,31101,8826870,2019,2019-03-27T00:00:00.000Z,1942,2019-02-11T00:00:00.000Z,1835,36700,1128,1,5,7,1942,0,0,0,K,0,11A25,YORK BL,FIGUEROA ST,0,,Y,A,-,N,,0,0,,,0,,,,N,4,0,2,2,A,-,4,21703,,F,C,C,A,A,H,-,C,A,0,,,,,Y,,-,99,0,0,2,0,0,0,0,0,0,- ,- ,0,0,2100,2,LOS ANGELES,LOS ANGELES,CA,-118.1844021,34.11551666,"YORK BLVD & FIGUEROA ST, LOS ANGELES, CA",YORK BLVD,FIGUEROA ST,100340,
-118.5441918,34.23184586,31102,8827024,2019,2019-04-04T00:00:00.000Z,1942,2019-02-28T00:00:00.000Z,1820,33696,1785,4,5,7,1942,0,0,0,Q,0,17X54,RAYEN ST,WILBUR AV,200,E,N,A,-,N,,0,0,,,0,,,,Y,4,0,1,2,A,-,3,22350,,N,B,E,A,A,H,-,C,A,0,,,,,Y,,A,1,0,0,1,0,0,0,0,0,0,- ,- ,0,0,2100,2,LOS ANGELES,LOS ANGELES,CA,-118.5441918,34.23184586,"RAYEN ST & WILBUR AVE, LOS ANGELES, CA",RAYEN ST,WILBUR AVE,118843,
-118.5536022,34.23547363,31103,8827032,2019,2019-04-04T00:00:00.000Z,1942,2019-02-24T00:00:00.000Z,2030,43460,LAPD,7,5,7,1942,0,0,0,,0,17X66,TAMPA,NORDHOFF,0,,Y,A,G,N,,0,0,,,0,,,,N,4,0,1,2,A,-,8,22107,,N,A,C,A,A,H,-,B,A,0,,,Y,,Y,,A,7,0,0,1,0,0,0,0,0,1,- ,- ,0,0,2100,2,LOS ANGELES,LOS ANGELES,CA,-118.5536022,34.23547363,"TAMPA AVE & NORDHOFF ST, LOS ANGELES, CA",TAMPA AVE,NORDHOFF ST,130321,
-118.5027,34.2989769,31104,8827036,2019,2019-04-04T00:00:00.000Z,1942,2019-02-28T00:00:00.000Z,1830,33823,1708,4,5,7,1942,0,0,0,Q,0,17A99,BALBOA BL,COLVEN ST,5,N,N,A,-,N,,0,0,,,0,,,,N,4,0,3,2,A,-,9,21801,A,N,D,C,A,A,H,-,C,A,0,,,,,Y,,-,- ,0,0,3,0,0,0,0,0,0,- ,- ,0,0,2100,2,LOS ANGELES,LOS ANGELES,CA,-118.5027,34.2989769,"BALBOA BLVD & COLVEN RD, LOS ANGELES, CA",BALBOA BLVD,COLVEN RD,140410,
-118.5975022,34.19376373,31105,8827059,2019,2019-05-06T00:00:00.000Z,1942,2019-02-22T00:00:00.000Z,2040,40297,2156,5,5,7,1942,0,0,0,,0,21XL39,CANOGA,VANOWEN,0,,Y,A,-,N,,0,0,,,0,,,,Y,4,0,2,2,A,-,9,21801,A,N,D,C,A,A,H,-,C,A,0,,,,,Y,,-,,0,0,2,0,0,0,0,0,0,- ,- ,0,0,2100,2,LOS ANGELES,LOS ANGELES,CA,-118.5975022,34.19376373,"CANOGA AVE & VANOWEN ST, LOS ANGELES, CA",CANOGA AVE,VANOWEN ST,129670,
-118.6234622,34.20825577,31106,8827063,2019,2019-05-06T00:00:00.000Z,1942,2019-02-21T00:00:00.000Z,1830,40217,2133,4,5,7,1942,0,0,0,,0,21A56,SATICOY,FALLBROOK,0,,Y,A,-,N,,0,0,,,0,,,,Y,4,0,1,2,A,-,9,21801,A,N,D,C,A,A,-,-,C,A,0,,,,,Y,,-,,0,0,1,0,0,0,0,0,0,- ,- ,0,0,2100,2,LOS ANGELES,LOS ANGELES,CA,-118.6234622,34.20825577,"SATICOY ST & FALLBROOK AVE, LOS ANGELES, CA",SATICOY ST,FALLBROOK AVE,111977,
-118.45957,34.05052948,31107,8827798,2019,2019-04-12T00:00:00.000Z,1942,2019-02-18T00:00:00.000Z,1830,43633,842,1,5,7,1942,0,0,0,H,0,8A53,WILSHIRE BL,FEDERAL AV,150,W,N,A,-,N,,0,0,,,0,,,,,4,0,1,2,A,-,3,22350,,N,C,C,A,A,H,-,C,A,0,,,,,Y,,A,1,0,0,1,0,0,0,0,0,0,- ,- ,0,0,2100,2,LOS ANGELES,LOS ANGELES,CA,-118.45957,34.05052948,"WILSHIRE BLVD & FEDERAL AVE, LOS ANGELES, CA",WILSHIRE BLVD,FEDERAL AVE,142493,
-118.2545297,34.05514526,31109,8828485,2019,2019-04-05T00:00:00.000Z,1942,2019-02-06T00:00:00.000Z,1900,40044,142,3,5,7,1942,0,0,0,A,0,DESK,3RD ST,FIGUEROA,20,W,N,A,-,N,,0,0,,,0,,,,N,0,0,0,2,A,-,0,20015,,M,B,C,A,A,H,-,A,D,0,,,,,Y,,-,99,0,0,0,0,0,0,0,0,0,- ,- ,0,0,2100,2,LOS ANGELES,LOS ANGELES,CA,-118.2545297,34.05514526,"3RD ST & FIGUEROA ST, LOS ANGELES, CA",3RD ST,FIGUEROA ST,121138,