X,Y,OBJECTID,case_id,accident_year,proc_date,juris,collision_date,collision_time,officer_id,reporting_district,day_of_week,chp_shift,population,cnty_city_loc,special_cond,beat_type,chp_beat_type,city_division_lapd,chp_beat_class,beat_number,primary_rd,secondary_rd,distance,direction,intersection,weather_1,weather_2,state_hwy_ind,caltrans_county,caltrans_district,state_route,route_suffix,postmile_prefix,postmile,location_type,ramp_intersection,side_of_hwy,tow_away,collision_severity,number_killed,number_injured,party_count,primary_coll_factor,pcf_code_of_viol,pcf_viol_category,pcf_violation,pcf_viol_subsection,hit_and_run,type_of_collision,mviw,ped_action,road_surface,road_cond_1,road_cond_2,lighting,control_device,chp_road_type,pedestrian_accident,bicycle_accident,motorcycle_accident,truck_accident,not_private_property,alcohol_involved,stwd_vehtype_at_fault,chp_vehtype_at_fault,count_severe_inj,count_visible_inj,count_complaint_pain,count_ped_killed,count_ped_injured,count_bicyclist_killed,count_bicyclist_injured,count_mc_killed,count_mc_injured,primary_ramp,secondary_ramp,latitude,longitude,timecat,month_,city,county,state,point_x,point_y,match_addr,m_primaryrd,m_secondrd,int_id,Flag
-118.2508161,34.038414,31110,8828505,2019,2019-04-05T00:00:00.000Z,1942,2019-02-14T00:00:00.000Z,1805,PEREZ,176,4,5,7,1942,0,0,0,A,0,DESK,SAN JULIAN,9TH ST,168,N,N,B,-,N,,0,0,,,0,,,,N,0,0,0,2,A,-,0,20015,,M,C,C,A,B,H,-,B,D,0,,,,,Y,,-,99,0,0,0,0,0,0,0,0,0,- ,- ,0,0,2100,2,LOS ANGELES,LOS ANGELES,CA,-118.2508161,34.038414,"SAN JULIAN ST & 9TH ST, LOS ANGELES, CA",SAN JULIAN ST,9TH ST,131566,
-118.2668049,34.04588318,31111,8828513,2019,2019-04-05T00:00:00.000Z,1942,2019-02-25T00:00:00.000Z,1955,43115,171,1,5,7,1942,0,0,0,A,0,1A61,GEORGIA ST,OLYMPIC BL,20,N,N,A,-,N,,0,0,,,0,,,,N,0,0,0,2,A,-,7,21658,A,M,B,C,A,A,H,-,C,D,0,,,,,Y,,-,99,0,0,0,0,0,0,0,0,0,- ,- ,0,0,2100,2,LOS ANGELES,LOS ANGELES,CA,-118.2668049,34.04588318,"GEORGIA ST & OLYMPIC BLVD, LOS ANGELES, CA",GEORGIA ST,OLYMPIC BLVD,121154,
-118.336221,34.11159897,31112,8828517,2019,2019-04-05T00:00:00.000Z,1942,2019-02-13T00:00:00.000Z,2015,41210,645,3,5,7,1942,0,0,0,F,0,14T47,HIGHLAND AV,PAT MOORE WY,100,N,N,C,-,N,,0,0,,,0,,,,N,0,0,0,2,A,-,3,22350,,M,C,C,A,B,H,-,C,A,0,,,,,Y,,-,99,0,0,0,0,0,0,0,0,0,- ,- ,0,0,2100,2,LOS ANGELES,LOS ANGELES,CA,-118.336221,34.11159897,"HIGHLAND AVE & PAT MOORE WAY, LOS ANGELES, CA",HIGHLAND AVE,PAT MOORE WAY,116133,
-118.2630322,34.01890564,31113,8828928,2019,2019-04-12T00:00:00.000Z,1942,2019-02-13T00:00:00.000Z,1840,43408,1333,3,5,7,1942,0,0,0,M,0,13X28,SAN PEDRO ST,29TH ST,0,,Y,B,C,N,,0,0,,,0,,,,N,0,0,0,2,A,-,9,21801,A,M,D,C,A,B,H,-,C,D,0,,,,,Y,,-,99,0,0,0,0,0,0,0,0,0,- ,- ,0,0,2100,2,LOS ANGELES,LOS ANGELES,CA,-118.2630322,34.01890564,"SAN PEDRO ST & 29TH ST, LOS ANGELES, CA",SAN PEDRO ST,29TH ST,117363,
-118.4052222,34.14314652,31114,8829430,2019,2019-04-04T00:00:00.000Z,1942,2019-02-16T00:00:00.000Z,1840,43657,1591,6,5,7,1942,0,0,0,O,0,15A85,VENTURA,WHITSETT,0,,Y,A,-,N,,0,0,,,0,,,,N,4,0,1,2,A,-,9,21801,A,N,A,C,A,A,H,-,B,A,0,,,Y,,Y,,A,7,0,0,1,0,0,0,0,0,1,- ,- ,0,0,2100,2,LOS ANGELES,LOS ANGELES,CA,-118.4052222,34.14314651,"VENTURA CT & WHITSETT AVE, LOS ANGELES, CA",VENTURA CT,WHITSETT AVE,108961,
-118.19464,34.02021027,31115,8829492,2019,2019-04-05T00:00:00.000Z,1942,2019-02-24T00:00:00.000Z,1900,40164,499,7,5,7,1942,0,0,0,D,0,4A97,LOS PALOS ST,BESWICK ST,31,S,N,B,-,N,,0,0,,,0,,,,N,0,0,0,3,A,-,8,22107,,N,B,E,A,A,H,-,C,D,0,,,,Y,Y,,F,75,0,0,0,0,0,0,0,0,0,- ,- ,0,0,2100,2,LOS ANGELES,LOS ANGELES,CA,-118.19464,34.02021027,"LOS PALOS ST & BESWICK ST, LOS ANGELES, CA",LOS PALOS ST,BESWICK ST,131477,
-118.2781227,34.07393646,31116,8829508,2019,2019-04-09T00:00:00.000Z,1942,2019-02-21T00:00:00.000Z,1845,42809,,4,5,7,1942,0,0,0,,0,2A76,W TEMPLE ST,OCCIDENTAL BL,200,W,N,A,-,N,,0,0,,,0,,,,Y,4,0,1,2,A,-,3,22350,,N,C,E,A,A,H,-,C,D,0,,,,,Y,,A,1,0,0,1,0,0,0,0,0,0,- ,- ,0,0,2100,2,LOS ANGELES,LOS ANGELES,CA,-118.2781227,34.07393646,"TEMPLE ST & OCCIDENTAL BLVD, LOS ANGELES, CA",TEMPLE ST,OCCIDENTAL BLVD,146236,
-118.2561863,34.01574326,31117,8829674,2019,2019-04-16T00:00:00.000Z,1942,2019-02-06T00:00:00.000Z,1915,34426,1333,3,5,7,1942,0,0,0,M,0,13A43,CENTRAL AV,29TH ST,18,N,N,A,-,N,,0,0,,,0,,,,N,0,0,0,2,A,-,8,22100,A,M,D,C,A,A,H,-,C,D,0,,,,,Y,,-,99,0,0,0,0,0,0,0,0,0,- ,- ,0,0,2100,2,LOS ANGELES,LOS ANGELES,CA,-118.2561863,34.01574326,"CENTRAL AVE & 29TH ST, LOS ANGELES, CA",CENTRAL AVE,29TH ST,99793,
-118.256376,34.01577377,31118,8829679,2019,2019-04-17T00:00:00.000Z,1942,2019-02-27T00:00:00.000Z,1840,38233,1333,3,5,7,1942,0,0,0,M,0,13A43,29TH ST,CENTRAL AV,60,W,N,B,-,N,,0,0,,,0,,,,N,4,0,2,2,A,-,4,21703,,N,C,C,A,A,G,-,C,D,0,,,,,Y,,A,1,0,0,2,0,0,0,0,0,0,- ,- ,0,0,2100,2,LOS ANGELES,LOS ANGELES,CA,-118.256376,34.01577377,"29TH ST & CENTRAL AVE, LOS ANGELES, CA",29TH ST,CENTRAL AVE,99793,
-118.2646085,34.03101349,31119,8829906,2019,2019-04-18T00:00:00.000Z,1942,2019-02-22T00:00:00.000Z,1920,43115,185,5,5,7,1942,0,0,0,A,0,1A85W3,WASHINGTON BL,MAIN ST,25,S,N,A,-,N,,0,0,,,0,,,,Y,3,0,1,2,A,-,12,21453,A,N,A,C,A,A,H,-,C,D,0,,,,,Y,,A,1,0,1,0,0,0,0,0,0,0,- ,- ,0,0,2100,2,LOS ANGELES,LOS ANGELES,CA,-118.2646085,34.03101349,"WASHINGTON BLVD & MAIN ST, LOS ANGELES, CA",WASHINGTON BLVD,MAIN ST,119752,
-118.5972919,34.21979523,31120,8830013,2019,2019-03-28T00:00:00.000Z,1942,2019-02-21T00:00:00.000Z,1900,41435,2107,4,5,7,1942,0,0,0,,0,21631,ROSCOE BL,CANOGA AV,85,E,N,A,-,N,,0,0,,,0,,,,Y,0,0,0,2,A,-,1,23152,A,N,C,C,A,A,H,-,C,A,0,,,,,Y,Y,-,,0,0,0,0,0,0,0,0,0,- ,- ,0,0,2100,2,LOS ANGELES,LOS ANGELES,CA,-118.5972919,34.21979523,"ROSCOE BLVD & CANOGA AVE, LOS ANGELES, CA",ROSCOE BLVD,CANOGA AVE,140130,
-118.2318922,34.10592651,31121,8830037,2019,2019-03-28T00:00:00.000Z,1942,2019-02-18T00:00:00.000Z,2050,42977,1134,1,5,7,1942,0,0,0,K,0,11A89,CAZADOR ST,AVE 33,0,,-,A,-,N,,0,0,,,0,,,,N,0,0,0,1,A,-,3,22350,,M,E,I,A,A,H,-,D,D,0,,,,,Y,,-,- ,0,0,0,0,0,0,0,0,0,- ,- ,0,0,2100,2,LOS ANGELES,LOS ANGELES,CA,-118.2318922,34.10592651,"CAZADOR ST & AVE 33, LOS ANGELES, CA",CAZADOR ST,AVE 33,114300,
-118.2950424,34.25256348,31123,8830238,2019,2019-03-29T00:00:00.000Z,1942,2019-02-25T00:00:00.000Z,1840,37304,1668,1,5,7,1942,0,0,0,P,0,16A59,FOOTHILL BL,VALMONT ST,137,N,N,B,-,N,,0,0,,,0,,,,Y,4,0,3,2,A,-,8,22102,,N,B,C,A,A,H,-,C,D,0,,,,,Y,,A,1,0,0,3,0,0,0,0,0,0,- ,- ,0,0,2100,2,LOS ANGELES,LOS ANGELES,CA,-118.2950424,34.25256348,"FOOTHILL BLVD & VALMONT ST, LOS ANGELES, CA",FOOTHILL BLVD,VALMONT ST,108668,
-118.1950544,34.05710602,31124,8830323,2019,2019-03-28T00:00:00.000Z,1942,2019-02-27T00:00:00.000Z,1830,33641,448,3,5,7,1942,0,0,0,D,0,4H24,LANCASTER AV,VANEGAS LN,1,W,N,A,-,N,,0,0,,,0,,,,N,3,0,1,2,A,-,11,21956,A,F,G,B,D,A,H,-,C,D,0,Y,,,,Y,,N,60,0,1,0,0,1,0,0,0,0,- ,- ,0,0,2100,2,LOS ANGELES,LOS ANGELES,CA,-118.1950544,34.05710602,"LANCASTER AVE & VANEGAS LN, LOS ANGELES, CA",LANCASTER AVE,VANEGAS LN,166638,
-118.2073259,34.09597015,31125,8830327,2019,2019-03-28T00:00:00.000Z,1942,2019-02-10T00:00:00.000Z,1842,42268,LAPD,7,5,7,1942,0,0,0,,0,11XL26,FIGUEROA ST,AVE 45,20,N,N,A,-,N,,0,0,,,0,,,,N,4,0,1,2,A,-,7,21658,A,N,B,C,A,A,H,-,C,A,0,,,,,Y,,A,1,0,0,1,0,0,0,0,0,0,- ,- ,0,0,2100,2,LOS ANGELES,LOS ANGELES,CA,-118.2073259,34.09597015,"FIGUEROA ST & AVE 45, LOS ANGELES, CA",FIGUEROA ST,AVE 45,96775,
-118.2107821,34.04213333,31126,8830331,2019,2019-04-17T00:00:00.000Z,1942,2019-02-24T00:00:00.000Z,1850,37644,467,7,5,7,1942,0,0,0,D,0,4A58,SOTO ST,2ND ST,0,,Y,A,-,N,,0,0,,,0,,,,Y,4,0,1,2,A,-,1,23152,A,F,C,C,A,A,-,-,C,D,0,,,,,Y,Y,-,99,0,0,1,0,0,0,0,0,0,- ,- ,0,0,2100,2,LOS ANGELES,LOS ANGELES,CA,-118.2107821,34.04213333,"SOTO ST & 2ND ST, LOS ANGELES, CA",SOTO ST,2ND ST,121187,
-118.2390922,34.02761459,31127,8830332,2019,2019-03-27T00:00:00.000Z,1942,2019-02-05T00:00:00.000Z,1845,36814,1317,2,5,7,1942,0,0,0,M,0,13A9,S ALAMEDA ST,E OLYMPIC BL,0,,Y,A,-,N,,0,0,,,0,,,,Y,4,0,1,2,A,-,9,21801,A,N,A,C,A,A,H,-,C,A,0,,,,,Y,,A,1,0,0,1,0,0,0,0,0,0,- ,- ,0,0,2100,2,LOS ANGELES,LOS ANGELES,CA,-118.2390922,34.02761459,"ALAMEDA ST & OLYMPIC BLVD, LOS ANGELES, CA",ALAMEDA ST,OLYMPIC BLVD,138644,
-118.1825521,34.09106445,31128,8830333,2019,2019-03-28T00:00:00.000Z,1942,2019-02-07T00:00:00.000Z,1850,42839,406,4,5,7,1942,0,0,0,D,0,4A6,COLLIS,VIA MIA,0,,Y,A,-,N,,0,0,,,0,,,,N,4,0,1,2,A,-,9,21801,A,N,B,C,A,A,H,-,C,D,0,,,,,Y,,A,1,0,0,1,0,0,0,0,0,0,- ,- ,0,0,2100,2,LOS ANGELES,LOS ANGELES,CA,-118.1825521,34.09106445,"COLLIS AVE & VIA MIA, LOS ANGELES, CA",COLLIS AVE,VIA MIA,114636,
-118.2044755,34.05202866,31129,8830337,2019,2019-04-19T00:00:00.000Z,1942,2019-02-03T00:00:00.000Z,1930,43091,423,7,5,7,1942,0,0,0,D,0,4A53,SOTO ST,FAIRMONT ST,15,W,N,B,C,N,,0,0,,,0,,,,N,3,0,1,2,B,-,22,0,,F,B,G,A,B,H,-,C,D,0,,Y,,,Y,,-,99,0,1,0,0,0,0,1,0,0,- ,- ,0,0,2100,2,LOS ANGELES,LOS ANGELES,CA,-118.2044755,34.05202866,"SOTO ST & FAIRMOUNT ST, LOS ANGELES, CA",SOTO ST,FAIRMOUNT ST,128185,
-118.2433421,34.00808334,31130,8830340,2019,2019-03-27T00:00:00.000Z,1942,2019-02-05T00:00:00.000Z,1935,39062,1347,2,5,7,1942,0,0,0,M,0,13A27,LONG BEACH AV,E 41ST ST,0,,Y,A,-,N,,0,0,,,0,,,,Y,4,0,1,2,A,-,12,21453,A,N,D,C,A,A,H,-,C,A,0,,,,,Y,,-,- ,0,0,1,0,0,0,0,0,0,- ,- ,0,0,2100,2,LOS ANGELES,LOS ANGELES,CA,-118.2433421,34.00808334,"LONG BEACH AVE & 41ST ST, LOS ANGELES, CA",LONG BEACH AVE,41ST ST,145534,
-118.2257121,34.08138657,31131,8830342,2019,2019-04-19T00:00:00.000Z,1942,2019-02-08T00:00:00.000Z,1930,41629,1189,5,5,7,1942,0,0,0,K,0,11A89,NORTH FIGUEROA ST,SAN FERNANDO RD,0,,Y,A,-,N,,0,0,,,0,,,,N,4,0,1,2,A,-,8,22107,,N,C,C,A,A,H,-,C,D,0,,,,,Y,Y,-,- ,0,0,1,0,0,0,0,0,0,- ,- ,0,0,2100,2,LOS ANGELES,LOS ANGELES,CA,-118.2257121,34.08138657,"FIGUEROA ST & SAN FERNANDO RD, LOS ANGELES, CA",FIGUEROA ST,SAN FERNANDO RD,111331,
-118.2943622,34.04421616,31132,8830349,2019,2019-03-28T00:00:00.000Z,1942,2019-02-28T00:00:00.000Z,1820,38114,2076,4,5,7,1942,0,0,0,,0,20A16,CATALINA ST,VENICE BL,0,,Y,A,-,N,,0,0,,,0,,,,Y,4,0,1,4,A,-,9,21802,A,F,D,C,A,A,H,-,C,D,0,,,,,Y,,-,99,0,0,1,0,0,0,0,0,0,- ,- ,0,0,2100,2,LOS ANGELES,LOS ANGELES,CA,-118.2943622,34.04421616,"CATALINA ST & VENICE BLVD, LOS ANGELES, CA",CATALINA ST,VENICE BLVD,103528,
-118.2794149,33.98238373,31133,8830352,2019,2019-03-28T00:00:00.000Z,1942,2019-02-03T00:00:00.000Z,2000,39938,1391,7,5,7,1942,0,0,0,M,0,13A93,GAGE AV,GRAND AV,230,E,N,A,-,N,,0,0,,,0,,,,N,4,0,1,2,A,-,3,22350,,N,C,C,A,B,H,-,C,A,0,,,,,Y,,A,1,0,0,1,0,0,0,0,0,0,- ,- ,0,0,2100,2,LOS ANGELES,LOS ANGELES,CA,-118.2794149,33.98238373,"GAGE AVE & GRAND AVE, LOS ANGELES, CA",GAGE AVE,GRAND AVE,103090,
-118.2634132,34.0225029,31134,8830364,2019,2019-03-27T00:00:00.000Z,1942,2019-02-18T00:00:00.000Z,1910,35230,1322,1,5,7,1942,0,0,0,M,0,13A13,E ADAMS BL,TRINITY ST,45,W,N,A,-,N,,0,0,,,0,,,,N,4,0,1,2,A,-,3,22350,,F,C,C,A,A,H,-,C,D,0,,,,,Y,,-,99,0,0,1,0,0,0,0,0,0,- ,- ,0,0,2100,2,LOS ANGELES,LOS ANGELES,CA,-118.2634132,34.0225029,"ADAMS BLVD & TRINITY ST, LOS ANGELES, CA",ADAMS BLVD,TRINITY ST,149021,
-118.2021541,34.10504913,31135,8830383,2019,2019-03-28T00:00:00.000Z,1942,2019-02-01T00:00:00.000Z,1950,42762,1149,5,5,7,1942,0,0,0,K,0,11A37,FIGUEROA ST,AVENUE 50,30,N,N,B,C,N,,0,0,,,0,,,,N,4,0,1,2,A,-,9,21804,,N,B,C,A,B,H,-,B,D,0,,,,,Y,,A,1,0,0,1,0,0,0,0,0,0,- ,- ,0,0,2100,2,LOS ANGELES,LOS ANGELES,CA,-118.2021541,34.10504913,"FIGUEROA ST & AVE 50, LOS ANGELES, CA",FIGUEROA ST,AVE 50,142426,
-118.2271604,34.12429047,31136,8830384,2019,2019-03-27T00:00:00.000Z,1942,2019-02-23T00:00:00.000Z,1855,42268,1142,6,5,7,1942,0,0,0,K,0,11A42,YORK BL,DELEVAN DR,318,E,N,A,-,N,,0,0,,,0,,,,Y,3,0,1,2,A,-,8,22107,,N,D,C,A,A,H,-,D,D,0,,,,,Y,,A,1,0,1,0,0,0,0,0,0,0,- ,- ,0,0,2100,2,LOS ANGELES,LOS ANGELES,CA,-118.2271604,34.12429047,"YORK BLVD & DELEVAN DR, LOS ANGELES, CA",YORK BLVD,DELEVAN DR,131900,
-118.2783621,34.00379562,31137,8830387,2019,2019-03-28T00:00:00.000Z,1942,2019-02-11T00:00:00.000Z,1945,40325,1361,1,5,7,1942,0,0,0,M,0,13A61,BROADWAY,VERNON AV,0,,Y,A,-,N,,0,0,,,0,,,,N,4,0,1,2,A,-,9,21801,A,N,D,C,A,A,H,-,C,A,0,,,,,Y,Y,A,1,0,0,1,0,0,0,0,0,0,- ,- ,0,0,2100,2,LOS ANGELES,LOS ANGELES,CA,-118.2783621,34.00379562,"BROADWAY & VERNON AVE, LOS ANGELES, CA",BROADWAY,VERNON AVE,134809,
-118.3660521,34.05335617,31138,8830394,2019,2019-03-28T00:00:00.000Z,1942,2019-02-21T00:00:00.000Z,1800,43396,753,4,5,7,1942,0,0,0,G,0,7A53,FAIRFAX AV,PACKARD ST,0,,Y,A,-,N,,0,0,,,0,,,,N,2,0,1,2,A,-,9,21802,A,F,D,C,A,A,H,-,B,A,0,,,Y,,Y,,-,99,1,0,0,0,0,0,0,0,1,- ,- ,0,0,2100,2,LOS ANGELES,LOS ANGELES,CA,-118.3660521,34.05335617,"FAIRFAX AVE & PACKARD ST, LOS ANGELES, CA",FAIRFAX AVE,PACKARD ST,110399,
-118.1893721,34.11807632,31139,8830399,2019,2019-03-28T00:00:00.000Z,1942,2019-02-06T00:00:00.000Z,1850,42268,1125,3,5,7,1942,0,0,0,K,0,1126,YORK BL,ALDAMA ST,0,,Y,A,-,N,,0,0,,,0,,,,Y,4,0,1,3,A,-,12,21455,,N,C,C,A,A,H,-,C,A,0,,,,,Y,,A,1,0,0,1,0,0,0,0,0,0,- ,- ,0,0,2100,2,LOS ANGELES,LOS ANGELES,CA,-118.1893721,34.11807632,"YORK BLVD & ALDAMA ST, LOS ANGELES, CA",YORK BLVD,ALDAMA ST,103748,
-118.2479738,34.0231247,31140,8830409,2019,2019-03-27T00:00:00.000Z,1942,2019-02-16T00:00:00.000Z,2015,39062,1317,6,5,7,1942,0,0,0,M,0,13A9,S NAOMI AV,WASHINGTON BL,25,N,N,A,-,N,,0,0,,,0,,,,N,0,0,0,1,A,-,8,22107,,M,E,I,A,A,H,-,C,D,0,,,,,Y,,-,99,0,0,0,0,0,0,0,0,0,- ,- ,0,0,2100,2,LOS ANGELES,LOS ANGELES,CA,-118.2479738,34.02312469,"NAOMI AVE & WASHINGTON BLVD, LOS ANGELES, CA",NAOMI AVE,WASHINGTON BLVD,112703,
-118.4537421,34.03238678,31141,8830414,2019,2019-03-29T00:00:00.000Z,1942,2019-02-20T00:00:00.000Z,1945,42810,881,3,5,7,1942,0,0,0,H,0,8A53,BUNDY DR,OLYMPIC BL,0,,Y,A,-,N,,0,0,,,0,,,,N,0,0,0,2,A,-,8,22107,,M,C,C,A,A,H,-,C,A,0,,,,,Y,,-,99,0,0,0,0,0,0,0,0,0,- ,- ,0,0,2100,2,LOS ANGELES,LOS ANGELES,CA,-118.4537421,34.03238678,"BUNDY DR & OLYMPIC BLVD, LOS ANGELES, CA",BUNDY DR,OLYMPIC BLVD,135334,
-118.2564922,34.00393677,31142,8830433,2019,2019-03-27T00:00:00.000Z,1942,2019-02-16T00:00:00.000Z,1825,43369,1353,6,5,7,1942,0,0,0,M,0,13X45,VERNON AV,CENTRAL AV,0,,Y,A,-,N,,0,0,,,0,,,,N,0,0,0,2,A,-,9,21801,A,M,A,D,A,A,H,-,C,A,0,,,,,Y,,A,1,0,0,0,0,0,0,0,0,0,- ,- ,0,0,2100,2,LOS ANGELES,LOS ANGELES,CA,-118.2564922,34.00393677,"VERNON AVE & CENTRAL AVE, LOS ANGELES, CA",VERNON AVE,CENTRAL AVE,96306,
-118.2208227,34.08507919,31143,8830469,2019,2019-03-27T00:00:00.000Z,1942,2019-02-14T00:00:00.000Z,2035,39395,1177,4,5,7,1942,0,0,0,K,0,11S89,NORTH FIGUEROA ST,AVENUE 28,155,N,N,A,-,N,,0,0,,,0,,,,N,0,0,0,2,A,-,8,22102,,N,D,C,A,A,H,-,C,D,0,,,,,Y,,A,7,0,0,0,0,0,0,0,0,0,- ,- ,0,0,2100,2,LOS ANGELES,LOS ANGELES,CA,-118.2208227,34.08507919,"FIGUEROA ST & AVE 28, LOS ANGELES, CA",FIGUEROA ST,AVE 28,107826,
-118.3091879,34.08938599,31144,8830474,2019,2019-03-28T00:00:00.000Z,1942,2019-02-03T00:00:00.000Z,1800,41619,657,7,5,7,1942,0,0,0,F,0,6A36,WESTERN AV,SIERRA VISTA AV,55,S,N,B,-,N,,0,0,,,0,,,,N,0,0,0,2,A,-,7,21658,A,M,B,C,A,B,H,-,C,D,0,,,,,Y,,-,99,0,0,0,0,0,0,0,0,0,- ,- ,0,0,2100,2,LOS ANGELES,LOS ANGELES,CA,-118.3091879,34.08938599,"WESTERN AVE & SIERRA VISTA AVE, LOS ANGELES, CA",WESTERN AVE,SIERRA VISTA AVE,111130,
-118.2079763,34.04687119,31145,8830483,2019,2019-03-28T00:00:00.000Z,1942,2019-02-13T00:00:00.000Z,1940,43638,464,3,5,7,1942,0,0,0,D,0,4A71,CESAR CHAVEZ AV,SOTO,60,W,N,C,-,N,,0,0,,,0,,,,N,0,0,0,2,A,-,8,22107,,M,B,C,A,B,H,-,C,A,0,,,,,Y,,-,- ,0,0,0,0,0,0,0,0,0,- ,- ,0,0,2100,2,LOS ANGELES,LOS ANGELES,CA,-118.2079763,34.04687119,"CESAR E CHAVEZ AVE & SOTO ST, LOS ANGELES, CA",CESAR E CHAVEZ AVE,SOTO ST,103577,
-118.2397731,34.01429367,31146,8830491,2019,2019-03-28T00:00:00.000Z,1942,2019-02-26T00:00:00.000Z,2045,35291,1347,2,5,7,1942,0,0,0,M,0,13A27,S ALAMEDA ST,24TH ST,190,S,N,B,-,N,,0,0,,,0,,,,N,0,0,0,2,A,-,7,21658,A,M,B,C,A,A,H,-,C,D,0,,,,,Y,,-,99,0,0,0,0,0,0,0,0,0,- ,- ,0,0,2100,2,LOS ANGELES,LOS ANGELES,CA,-118.2397731,34.01429367,"ALAMEDA ST & 24TH ST, LOS ANGELES, CA",ALAMEDA ST,24TH ST,119692,
-118.2742303,33.95014191,31147,8830900,2019,2019-03-28T00:00:00.000Z,1942,2019-02-26T00:00:00.000Z,1935,42780,1822,2,5,7,1942,0,0,0,R,0,18E15W,95TH ST,MAIN ST,100,W,N,A,-,N,,0,0,,,0,,,,Y,0,0,0,2,A,-,0,21352,F,N,B,E,A,A,H,-,D,D,0,,,,,Y,,A,1,0,0,0,0,0,0,0,0,0,- ,- ,0,0,2100,2,LOS ANGELES,LOS ANGELES,CA,-118.2742303,33.95014191,"95TH ST & MAIN ST, LOS ANGELES, CA",95TH ST,MAIN ST,117187,
-118.322497,34.09801483,31148,8831400,2019,2019-04-15T00:00:00.000Z,1942,2019-02-10T00:00:00.000Z,2000,40299,0667+,7,5,7,1942,0,0,0,F,0,6A31,SUNSET BL,GOWER,50,W,N,A,-,N,,0,0,,,0,,,,N,4,0,1,2,A,-,4,21703,,N,C,C,A,A,H,-,C,D,0,,,,,Y,Y,A,1,0,0,1,0,0,0,0,0,0,- ,- ,0,0,2100,2,LOS ANGELES,LOS ANGELES,CA,-118.322497,34.09801483,"SUNSET BLVD & GOWER ST, LOS ANGELES, CA",SUNSET BLVD,GOWER ST,142995,
-118.4052438,34.15777969,31149,8831478,2019,2019-04-02T00:00:00.000Z,1942,2019-02-15T00:00:00.000Z,2020,40353,1551,5,5,7,1942,0,0,0,O,0,15A43,WHITSETT AV,RIVERSIDE DR,57,N,N,A,-,N,,0,0,,,0,,,,Y,4,0,4,4,A,-,3,22350,,N,C,C,A,-,H,-,C,D,0,,,,,Y,,A,1,0,0,4,0,0,0,0,0,0,- ,- ,0,0,2100,2,LOS ANGELES,LOS ANGELES,CA,-118.4052438,34.15777969,"WHITSETT AVE & RIVERSIDE DR, LOS ANGELES, CA",WHITSETT AVE,RIVERSIDE DR,151053,
-118.3511284,34.07947922,31150,8831708,2019,2019-04-15T00:00:00.000Z,1942,2019-02-12T00:00:00.000Z,2015,40690,714,2,5,7,1942,0,0,0,G,0,7A1,N MARTEL AV,ROSEWOOD AV,275,S,N,A,-,N,,0,0,,,0,,,,Y,4,0,1,2,A,-,5,21650,,N,A,C,A,A,H,-,C,D,0,,,,,Y,,A,7,0,0,1,0,0,0,0,0,0,- ,- ,0,0,2100,2,LOS ANGELES,LOS ANGELES,CA,-118.3511284,34.07947922,"MARTEL AVE & ROSEWOOD AVE, LOS ANGELES, CA",MARTEL AVE,ROSEWOOD AVE,138989,
-118.2090639,34.06602478,31151,8831731,2019,2019-05-14T00:00:00.000Z,1942,2019-02-25T00:00:00.000Z,1800,43402,423,1,5,7,1942,0,0,0,D,0,4A72,NORTH MAIN ST,HANCOCK,40,W,N,A,-,N,,0,0,,,0,,,,N,4,0,2,3,A,-,4,21703,,N,A,C,A,A,H,-,B,A,0,,,,,Y,,A,1,0,0,2,0,0,0,0,0,0,- ,- ,0,0,2100,2,LOS ANGELES,LOS ANGELES,CA,-118.2090639,34.06602478,"N MAIN ST & HANCOCK ST, LOS ANGELES, CA",N MAIN ST,HANCOCK ST,135718,
-118.3146086,34.08848953,31152,8831898,2019,2019-05-01T00:00:00.000Z,1942,2019-02-23T00:00:00.000Z,1840,40953,657,6,5,7,1942,0,0,0,F,0,6A1,RIDGEWOOD PL,LEMON GROVE AV,500,N,N,A,-,N,,0,0,,,0,,,,N,4,0,1,2,A,-,3,22350,A,F,C,C,A,A,H,-,C,D,0,,,Y,,Y,,-,99,0,0,1,0,0,0,0,0,1,- ,- ,0,0,2100,2,LOS ANGELES,LOS ANGELES,CA,-118.3146086,34.08848953,"RIDGEWOOD PL & LEMON GROVE AVE, LOS ANGELES, CA",RIDGEWOOD PL,LEMON GROVE AVE,107625,
-118.2952598,34.0835762,31153,8832571,2019,2019-04-12T00:00:00.000Z,1942,2019-02-02T00:00:00.000Z,2010,43645,211,6,5,7,1942,0,0,0,B,0,2A47,MELROSE AV,N HELIOTROPE DR,25,E,N,C,-,N,,0,0,,,0,,,,N,4,0,1,2,A,-,11,21954,A,N,G,B,D,B,H,-,C,A,0,Y,,,,Y,,N,60,0,0,1,0,1,0,0,0,0,- ,- ,0,0,2100,2,LOS ANGELES,LOS ANGELES,CA,-118.2952598,34.0835762,"MELROSE AVE & HELIOTROPE DR, LOS ANGELES, CA",MELROSE AVE,HELIOTROPE DR,118205,
-118.2689481,34.06126022,31154,8832579,2019,2019-04-19T00:00:00.000Z,1942,2019-02-05T00:00:00.000Z,1830,42809,246,2,5,7,1942,0,0,0,B,0,2A68,BURLINGTON AV,N 3RD ST,10,S,N,A,-,N,,0,0,,,0,,,,N,4,0,1,2,A,-,3,22350,,N,B,C,A,A,H,-,C,A,0,,,,,Y,,A,1,0,0,1,0,0,0,0,0,0,- ,- ,0,0,2100,2,LOS ANGELES,LOS ANGELES,CA,-118.2689481,34.06126022,"BURLINGTON AVE & 3RD ST, LOS ANGELES, CA",BURLINGTON AVE,3RD ST,138608,