X,Y,OBJECTID,case_id,accident_year,proc_date,juris,collision_date,collision_time,officer_id,reporting_district,day_of_week,chp_shift,population,cnty_city_loc,special_cond,beat_type,chp_beat_type,city_division_lapd,chp_beat_class,beat_number,primary_rd,secondary_rd,distance,direction,intersection,weather_1,weather_2,state_hwy_ind,caltrans_county,caltrans_district,state_route,route_suffix,postmile_prefix,postmile,location_type,ramp_intersection,side_of_hwy,tow_away,collision_severity,number_killed,number_injured,party_count,primary_coll_factor,pcf_code_of_viol,pcf_viol_category,pcf_violation,pcf_viol_subsection,hit_and_run,type_of_collision,mviw,ped_action,road_surface,road_cond_1,road_cond_2,lighting,control_device,chp_road_type,pedestrian_accident,bicycle_accident,motorcycle_accident,truck_accident,not_private_property,alcohol_involved,stwd_vehtype_at_fault,chp_vehtype_at_fault,count_severe_inj,count_visible_inj,count_complaint_pain,count_ped_killed,count_ped_injured,count_bicyclist_killed,count_bicyclist_injured,count_mc_killed,count_mc_injured,primary_ramp,secondary_ramp,latitude,longitude,timecat,month_,city,county,state,point_x,point_y,match_addr,m_primaryrd,m_secondrd,int_id,Flag
-118.2653967,34.07445908,31155,8832599,2019,2019-04-12T00:00:00.000Z,1942,2019-02-28T00:00:00.000Z,1800,43388,216,4,5,7,1942,0,0,0,B,0,2A68,ALVARADO ST,KENT ST,10,N,N,A,-,N,,0,0,,,0,,,,Y,4,0,1,2,A,-,1,23152,A,N,C,C,A,A,H,-,C,A,0,,,,,Y,Y,D,22,0,0,1,0,0,0,0,0,0,- ,- ,0,0,2100,2,LOS ANGELES,LOS ANGELES,CA,-118.2653967,34.07445908,"ALVARADO ST & KENT ST, LOS ANGELES, CA",ALVARADO ST,KENT ST,111080,
-118.2652105,33.9893074,31156,8833633,2019,2019-04-15T00:00:00.000Z,1942,2019-02-14T00:00:00.000Z,1915,39041,1372,4,5,7,1942,0,0,0,M,0,13X62,AVALON BL,SLAUSON AV,30,N,N,B,-,N,,0,0,,,0,,,,Y,0,0,0,2,A,-,5,21460,A,M,A,C,A,A,H,-,C,A,0,,,,,Y,,-,99,0,0,0,0,0,0,0,0,0,- ,- ,0,0,2100,2,LOS ANGELES,LOS ANGELES,CA,-118.2652105,33.9893074,"AVALON BLVD & SLAUSON AVE, LOS ANGELES, CA",AVALON BLVD,SLAUSON AVE,99569,
-118.2048521,34.02157593,31157,8833777,2019,2019-04-10T00:00:00.000Z,1942,2019-02-17T00:00:00.000Z,1905,42846,488,7,5,7,1942,0,0,0,D,0,4A72W5,LORENA ST,8TH ST,0,,Y,A,-,N,,0,0,,,0,,,,Y,3,0,4,2,A,-,9,21804,A,N,A,C,A,A,H,-,C,A,0,,,,,Y,,A,1,0,2,2,0,0,0,0,0,0,- ,- ,0,0,2100,2,LOS ANGELES,LOS ANGELES,CA,-118.2048521,34.02157593,"LORENA ST & 8TH ST, LOS ANGELES, CA",LORENA ST,8TH ST,134877,
-118.4172621,34.01297379,31158,8834157,2019,2019-04-15T00:00:00.000Z,1942,2019-02-15T00:00:00.000Z,1850,41856,1437,5,5,7,1942,0,0,0,N,0,14A27,VENICE BL,SEPULVEDA BL,0,,Y,B,-,N,,0,0,,,0,,,,N,3,0,1,2,A,-,11,21456,B,N,G,B,B,B,H,-,C,A,0,Y,,,,Y,,N,60,0,1,0,0,1,0,0,0,0,- ,- ,0,0,2100,2,LOS ANGELES,LOS ANGELES,CA,-118.4172621,34.01297379,"VENICE BLVD & SEPULVEDA BLVD, LOS ANGELES, CA",VENICE BLVD,SEPULVEDA BLVD,109106,
-118.3796345,34.07535553,31159,8834265,2019,2019-04-12T00:00:00.000Z,1942,2019-02-19T00:00:00.000Z,1855,39022,721,2,5,7,1942,0,0,0,G,0,7A21,GRACIE ALLEN DR,SHERBOURNE DR,25,W,N,A,-,N,,0,0,,,0,,,,N,4,0,2,2,A,-,4,21703,,N,C,C,A,A,H,-,C,A,0,,,,,Y,,A,7,0,0,2,0,0,0,0,0,0,- ,- ,0,0,2100,2,LOS ANGELES,LOS ANGELES,CA,-118.3796345,34.07535553,"GRACIE ALLEN DR & SHERBOURNE DR, LOS ANGELES, CA",GRACIE ALLEN DR,SHERBOURNE DR,1984,
-118.2732042,34.05970001,31160,8834921,2019,2019-04-26T00:00:00.000Z,1942,2019-02-22T00:00:00.000Z,1830,35474,246,5,5,7,1942,0,0,0,B,0,2L40,WESTLAKE AV,6TH ST,295,N,N,-,-,N,,0,0,,,0,,,,N,0,0,0,2,A,-,3,22350,,M,B,E,A,-,-,-,-,D,0,,,,,Y,,-,- ,0,0,0,0,0,0,0,0,0,- ,- ,0,0,2100,2,LOS ANGELES,LOS ANGELES,CA,-118.2732042,34.05970001,"WESTLAKE AVE & 6TH ST, LOS ANGELES, CA",WESTLAKE AVE,6TH ST,138615,
-118.4531966,34.08260346,31161,8835211,2019,2019-04-10T00:00:00.000Z,1942,2019-02-24T00:00:00.000Z,2015,39022,806,7,5,7,1942,0,0,0,H,0,8A29,STRADELLA RD,SARBONNE RD,400,W,N,A,-,N,,0,0,,,0,,,,Y,3,0,2,2,A,-,5,21650,,N,A,C,A,A,H,-,C,D,0,,,,,Y,,A,1,0,2,0,0,0,0,0,0,0,- ,- ,0,0,2100,2,LOS ANGELES,LOS ANGELES,CA,-118.4531966,34.08260345,"STRADELLA RD & SARBONNE RD, LOS ANGELES, CA",STRADELLA RD,SARBONNE RD,112827,
-118.4387022,34.0351944,31162,8835223,2019,2019-04-09T00:00:00.000Z,1942,2019-02-22T00:00:00.000Z,2000,42610,884,5,5,7,1942,0,0,0,H,0,8EL1,PICO BL,SAWTELLE BL,0,,Y,A,-,N,,0,0,,,0,,,,N,4,0,1,2,A,-,8,22107,,N,D,C,A,A,H,-,C,A,0,,,,,Y,,A,1,0,0,1,0,0,0,0,0,0,- ,- ,0,0,2100,2,LOS ANGELES,LOS ANGELES,CA,-118.4387022,34.0351944,"PICO BLVD & SAWTELLE BLVD, LOS ANGELES, CA",PICO BLVD,SAWTELLE BLVD,139299,
-118.4090624,34.05158234,31163,8835227,2019,2019-04-10T00:00:00.000Z,1942,2019-02-22T00:00:00.000Z,1800,43204,848,5,5,7,1942,0,0,0,H,0,8A98,AVENUE OF THE STARS,PICO BL,200,N,N,A,-,N,,0,0,,,0,,,,Y,4,0,1,2,A,-,4,21703,,N,C,C,A,A,H,-,C,D,0,,,,,Y,,A,1,0,0,1,0,0,0,0,0,0,- ,- ,0,0,2100,2,LOS ANGELES,LOS ANGELES,CA,-118.4090624,34.05158234,"AVE OF THE STARS & PICO BLVD, LOS ANGELES, CA",AVE OF THE STARS,PICO BLVD,98694,
-118.4474621,34.04533386,31164,8835235,2019,2019-04-09T00:00:00.000Z,1942,2019-02-28T00:00:00.000Z,1810,42423,853,4,5,7,1942,0,0,0,H,0,8A14,IOWA AV,SAWTELLE BL,0,,Y,A,-,N,,0,0,,,0,,,,Y,3,0,2,2,A,-,0,23450,,N,D,C,A,A,H,-,C,A,0,,,,,Y,,A,7,0,1,1,0,0,0,0,0,0,- ,- ,0,0,2100,2,LOS ANGELES,LOS ANGELES,CA,-118.4474621,34.04533386,"IOWA AVE & SAWTELLE BLVD, LOS ANGELES, CA",IOWA AVE,SAWTELLE BLVD,110822,
-118.3779739,34.03512955,31165,8835251,2019,2019-04-09T00:00:00.000Z,1942,2019-02-26T00:00:00.000Z,2006,43583,782,2,5,7,1942,0,0,0,G,0,7A69,LA CIENEGA,VENICE BL,13,N,N,A,-,N,,0,0,,,0,,,,N,4,0,1,2,A,-,21,22106,,N,C,C,A,B,H,-,C,A,0,,,,,Y,,A,1,0,0,1,0,0,0,0,0,0,- ,- ,0,0,2100,2,LOS ANGELES,LOS ANGELES,CA,-118.3779739,34.03512955,"LA CIENEGA BLVD & VENICE BLVD, LOS ANGELES, CA",LA CIENEGA BLVD,VENICE BLVD,145623,
-118.4198067,34.05077362,31166,8835266,2019,2019-04-09T00:00:00.000Z,1942,2019-02-28T00:00:00.000Z,1850,39516,847,4,5,7,1942,0,0,0,H,0,8A95,OLYMPIC BL,BENECIA AV,60,W,N,A,-,N,,0,0,,,0,,,,Y,4,0,1,2,A,-,4,21703,,N,C,C,A,A,H,-,C,A,0,,,,,Y,,A,1,0,0,1,0,0,0,0,0,0,- ,- ,0,0,2100,2,LOS ANGELES,LOS ANGELES,CA,-118.4198067,34.05077362,"OLYMPIC BLVD & BENECIA AVE, LOS ANGELES, CA",OLYMPIC BLVD,BENECIA AVE,114754,
-118.2396521,34.05476379,31167,8835382,2019,2019-04-08T00:00:00.000Z,1942,2019-02-05T00:00:00.000Z,1940,42657,112,2,5,7,1942,0,0,0,A,0,1A12,ALISO ST,LOS ANGELES ST,0,,Y,A,-,N,,0,0,,,0,,,,N,0,0,0,2,A,-,8,22107,,M,B,C,A,A,H,-,C,A,0,,,,,Y,,-,99,0,0,0,0,0,0,0,0,0,- ,- ,0,0,2100,2,LOS ANGELES,LOS ANGELES,CA,-118.2396521,34.05476379,"ALISO ST & LOS ANGELES ST, LOS ANGELES, CA",ALISO ST,LOS ANGELES ST,128132,
-118.390923,34.03128433,31168,8835473,2019,2019-04-09T00:00:00.000Z,1942,2019-02-19T00:00:00.000Z,1810,41210,898,2,5,7,1942,0,0,0,,0,14T47,ROBERTSON BL,NATIONAL BL,20,N,N,A,-,N,,0,0,,,0,,,,N,0,0,0,2,A,-,3,22350,,M,B,C,A,A,H,-,C,A,0,,,,,Y,,-,99,0,0,0,0,0,0,0,0,0,- ,- ,0,0,2100,2,LOS ANGELES,LOS ANGELES,CA,-118.390923,34.03128433,"ROBERTSON BLVD & NATIONAL BLVD, LOS ANGELES, CA",ROBERTSON BLVD,NATIONAL BLVD,128049,
-118.340479,34.07617569,31169,8836026,2019,2019-04-09T00:00:00.000Z,1942,2019-02-04T00:00:00.000Z,2000,42656,727,1,5,7,1942,0,0,0,G,0,7A17,BEVERLY BL,MANSFIELD AV,95,E,N,B,-,N,,0,0,,,0,,,,N,0,0,0,1,A,-,0,20015,A,N,H,I,A,B,A,-,C,D,0,,,,,Y,,-,- ,0,0,0,0,0,0,0,0,0,- ,- ,0,0,2100,2,LOS ANGELES,LOS ANGELES,CA,-118.340479,34.07617569,"BEVERLY BLVD & MANSFIELD AVE, LOS ANGELES, CA",BEVERLY BLVD,MANSFIELD AVE,149638,
-118.4477935,34.03432846,31170,8836105,2019,2019-04-25T00:00:00.000Z,1942,2019-02-09T00:00:00.000Z,1835,39081,881,6,5,7,1942,0,0,0,H,0,8A53,OLYMPIC BL,BARRINGTON AV,40,E,N,A,-,N,,0,0,,,0,,,,N,4,0,1,3,A,-,3,22350,A,N,C,C,A,A,H,-,C,A,0,,,,,Y,,A,1,0,0,1,0,0,0,0,0,0,- ,- ,0,0,2100,2,LOS ANGELES,LOS ANGELES,CA,-118.4477935,34.03432846,"OLYMPIC BLVD & BARRINGTON AVE, LOS ANGELES, CA",OLYMPIC BLVD,BARRINGTON AVE,103852,
-118.3998722,34.03138351,31171,8836119,2019,2019-04-11T00:00:00.000Z,1942,2019-02-15T00:00:00.000Z,1920,39516,895,5,5,7,1942,0,0,0,H,0,8A95,NATIONAL BL,CASTLE HEIGHTS AV,0,,Y,A,-,N,,0,0,,,0,,,,N,4,0,1,2,A,-,10,21950,A,N,G,B,B,B,H,-,C,A,0,Y,,,,Y,,A,7,0,0,1,0,1,0,0,0,0,- ,- ,0,0,2100,2,LOS ANGELES,LOS ANGELES,CA,-118.3998722,34.03138351,"NATIONAL BLVD & CASTLE HEIGHTS AVE, LOS ANGELES, CA",NATIONAL BLVD,CASTLE HEIGHTS AVE,97190,
-118.4378122,34.19392395,31172,8836120,2019,2019-04-11T00:00:00.000Z,1942,2019-02-13T00:00:00.000Z,1930,42963,916,3,5,7,1942,0,0,0,I,0,9X84,COSTELLO AV,VANOWEN ST,0,,Y,C,-,N,,0,0,,,0,,,,N,4,0,1,2,A,-,8,22100,B,F,D,C,A,B,H,-,C,A,0,,,,,Y,,-,99,0,0,1,0,0,0,0,0,0,- ,- ,0,0,2100,2,LOS ANGELES,LOS ANGELES,CA,-118.4378122,34.19392395,"COSTELLO AVE & VANOWEN ST, LOS ANGELES, CA",COSTELLO AVE,VANOWEN ST,118771,
-118.4226021,34.03892517,31173,8836123,2019,2019-04-11T00:00:00.000Z,1942,2019-02-15T00:00:00.000Z,1830,37700,884,5,5,7,1942,0,0,0,H,0,8A35,OVERLAND AV,ESTHER AV,0,,Y,A,-,N,,0,0,,,0,,,,Y,4,0,4,2,A,-,9,21802,A,N,D,C,A,A,H,-,C,A,0,,,,,Y,,A,1,0,0,4,0,0,0,0,0,0,- ,- ,0,0,2100,2,LOS ANGELES,LOS ANGELES,CA,-118.4226021,34.03892517,"OVERLAND AVE & ESTHER AVE, LOS ANGELES, CA",OVERLAND AVE,ESTHER AVE,97142,
-118.2191837,34.03498077,31174,8836132,2019,2019-04-12T00:00:00.000Z,1942,2019-02-16T00:00:00.000Z,1810,41862,473,6,5,7,1942,0,0,0,D,0,4A78,BOYLE AV,WHITTIER ST,300,S,N,B,-,N,,0,0,,,0,,,,Y,3,0,1,2,A,-,8,22107,,N,D,C,A,A,H,-,C,D,0,,,,,Y,,A,1,0,1,0,0,0,0,0,0,0,- ,- ,0,0,2100,2,LOS ANGELES,LOS ANGELES,CA,-118.2191837,34.03498077,"BOYLE AVE & WHITTIER BLVD, LOS ANGELES, CA",BOYLE AVE,WHITTIER BLVD,135051,
-118.199929,34.05930328,31175,8836144,2019,2019-04-11T00:00:00.000Z,1942,2019-02-23T00:00:00.000Z,1830,34458,448,6,5,7,1942,0,0,0,D,0,4A59,SOTO ST,LANCASTER ST,45,N,N,A,-,N,,0,0,,,0,,,,N,4,0,2,3,A,-,4,21703,,F,C,C,A,A,H,-,C,A,0,,,,,Y,,-,99,0,0,2,0,0,0,0,0,0,- ,- ,0,0,2100,2,LOS ANGELES,LOS ANGELES,CA,-118.199929,34.05930328,"SOTO ST & LANCASTER AVE, LOS ANGELES, CA",SOTO ST,LANCASTER AVE,124669,
-118.3091021,34.05967331,31176,8836146,2019,2019-04-10T00:00:00.000Z,1942,2019-02-21T00:00:00.000Z,1955,37511,2031,4,5,7,1942,0,0,0,,0,20A53,S WESTERN AV,7TH ST,10,W,N,A,-,N,,0,0,,,0,,,,Y,3,0,1,1,A,-,3,22350,,N,E,I,A,A,H,-,C,D,0,,,,,Y,,A,1,0,1,0,0,0,0,0,0,0,- ,- ,0,0,2100,2,LOS ANGELES,LOS ANGELES,CA,-118.3091021,34.05967331,"WESTERN AVE & 7TH ST, LOS ANGELES, CA",WESTERN AVE,7TH ST,99956,
-118.4215321,34.04979324,31177,8836924,2019,2019-04-17T00:00:00.000Z,1942,2019-02-23T00:00:00.000Z,1810,40941,847,6,5,7,1942,0,0,0,H,0,8XL9,OLYMPIC BL,LINNINGTON AV,0,,Y,A,-,N,,0,0,,,0,,,,N,4,0,5,2,A,-,9,21801,A,N,D,C,A,A,H,-,C,D,0,,,,,Y,,A,1,0,0,5,0,0,0,0,0,0,- ,- ,0,0,2100,2,LOS ANGELES,LOS ANGELES,CA,-118.4215321,34.04979324,"OLYMPIC BLVD & LINNINGTON AVE, LOS ANGELES, CA",OLYMPIC BLVD,LINNINGTON AVE,118340,
-118.4312622,34.18666458,31178,8837013,2019,2019-05-01T00:00:00.000Z,1942,2019-02-25T00:00:00.000Z,1944,38135,937,1,5,7,1942,0,0,0,I,0,9X66,WOODMAN AV,VICTORY BL,0,,Y,A,-,N,,0,0,,,0,,,,N,4,0,2,2,A,-,9,21801,A,N,D,C,A,A,H,-,C,A,0,,,,,Y,,A,1,0,0,2,0,0,0,0,0,0,- ,- ,0,0,2100,2,LOS ANGELES,LOS ANGELES,CA,-118.4312622,34.18666458,"WOODMAN AVE & VICTORY BLVD, LOS ANGELES, CA",WOODMAN AVE,VICTORY BLVD,104537,
-118.3684852,34.06370544,31179,8837030,2019,2019-05-01T00:00:00.000Z,1942,2019-02-08T00:00:00.000Z,1930,43558,732,5,5,7,1942,0,0,0,G,0,7A76,WILSHIRE BL,LA JOLLA AV,50,W,N,A,-,N,,0,0,,,0,,,,N,3,0,1,3,A,-,4,21703,,F,C,C,A,A,H,-,C,A,0,,,,,Y,,-,99,0,1,0,0,0,0,0,0,0,- ,- ,0,0,2100,2,LOS ANGELES,LOS ANGELES,CA,-118.3684852,34.06370544,"WILSHIRE BLVD & LA JOLLA AVE, LOS ANGELES, CA",WILSHIRE BLVD,LA JOLLA AVE,128535,
-118.4119616,33.99010468,31180,8837054,2019,2019-04-19T00:00:00.000Z,1942,2019-02-13T00:00:00.000Z,1950,42287,1457,3,5,7,1942,0,0,0,N,0,14X16,INGLEWOOD BL,CULVER DR,5,S,N,C,-,N,,0,0,,,0,,,,N,3,0,1,2,A,-,3,22350,,N,A,G,A,B,H,-,C,D,0,,Y,,,Y,,A,1,0,1,0,0,0,0,1,0,0,- ,- ,0,0,2100,2,LOS ANGELES,LOS ANGELES,CA,-118.4119616,33.99010468,"INGLEWOOD BLVD & CULVER DR, LOS ANGELES, CA",INGLEWOOD BLVD,CULVER DR,142277,
-118.3386021,34.08345413,31181,8837172,2019,2019-05-17T00:00:00.000Z,1942,2019-02-23T00:00:00.000Z,1920,43669,706,6,5,7,1942,0,0,0,G,0,6A48,MELROSE AV,HIGHLAND AV,0,,Y,A,-,N,,0,0,,,0,,,,Y,2,0,2,2,A,-,9,21801,A,N,A,C,A,A,H,-,C,A,0,,,Y,,Y,,A,1,1,1,0,0,0,0,0,0,1,- ,- ,0,0,2100,2,LOS ANGELES,LOS ANGELES,CA,-118.3386021,34.08345413,"MELROSE AVE & HIGHLAND AVE, LOS ANGELES, CA",MELROSE AVE,HIGHLAND AVE,111253,
-118.4436686,33.98602295,31182,8837367,2019,2019-05-20T00:00:00.000Z,1942,2019-02-14T00:00:00.000Z,1810,42548,1444,4,5,7,1942,0,0,0,N,0,14A58,LINCOLN BL,MAXELLA AV,150,N,N,A,-,N,,0,0,,,0,,,,N,4,0,1,2,A,-,3,22350,,N,C,C,A,A,H,-,C,A,0,,,,,Y,,A,1,0,0,1,0,0,0,0,0,0,- ,- ,0,0,2100,2,LOS ANGELES,LOS ANGELES,CA,-118.4436686,33.98602295,"LINCOLN BLVD & MAXELLA AVE, LOS ANGELES, CA",LINCOLN BLVD,MAXELLA AVE,107286,
-118.3697958,34.10892105,31183,8837383,2019,2019-05-20T00:00:00.000Z,1942,2019-02-13T00:00:00.000Z,1900,34197,622,3,5,7,1942,0,0,0,,0,6A22,LAUREL CANYON,KIRKWOOD,40,N,N,B,C,N,,0,0,,,0,,,,N,4,0,1,2,A,-,4,21703,,N,C,C,A,B,H,-,C,D,0,,,,,Y,,A,1,0,0,1,0,0,0,0,0,0,- ,- ,0,0,2100,2,LOS ANGELES,LOS ANGELES,CA,-118.3697958,34.10892105,"LAUREL CANYON BLVD & KIRKWOOD DR, LOS ANGELES, CA",LAUREL CANYON BLVD,KIRKWOOD DR,121830,
-118.3021022,34.05260468,31184,8838148,2019,2019-04-18T00:00:00.000Z,1942,2019-02-20T00:00:00.000Z,1825,39409,2054,3,5,7,1942,0,0,0,,0,7A64,OLYMPIC BL,ARDMORE AV,0,,Y,C,-,N,,0,0,,,0,,,,N,4,0,1,2,D,-,0,0,,N,G,B,D,B,H,-,B,D,0,Y,,,,Y,Y,-,- ,0,0,1,0,1,0,0,0,0,- ,- ,0,0,2100,2,LOS ANGELES,LOS ANGELES,CA,-118.3021022,34.05260468,"OLYMPIC BLVD & ARDMORE AVE, LOS ANGELES, CA",OLYMPIC BLVD,ARDMORE AVE,134964,
-118.3028822,34.06355667,31185,8838627,2019,2019-04-10T00:00:00.000Z,1942,2019-02-28T00:00:00.000Z,2025,43562,2024,4,5,7,1942,0,0,0,,0,20A33,KINGSLEY DR,6TH ST,0,,Y,A,-,N,,0,0,,,0,,,,N,4,0,1,2,A,-,8,22107,,N,G,B,B,A,H,-,C,A,0,Y,,,,Y,,N,60,0,0,1,0,1,0,0,0,0,- ,- ,0,0,2100,2,LOS ANGELES,LOS ANGELES,CA,-118.3028822,34.06355667,"KINGSLEY DR & 6TH ST, LOS ANGELES, CA",KINGSLEY DR,6TH ST,107783,
-118.2916922,34.07276535,31186,8838639,2019,2019-04-10T00:00:00.000Z,1942,2019-02-26T00:00:00.000Z,2036,43671,2019,2,5,7,1942,0,0,0,,0,20A39,VERMONT AV,1ST ST,0,,Y,A,-,N,,0,0,,,0,,,,N,3,0,1,2,A,-,11,21950,B,N,G,B,B,A,H,-,C,A,0,Y,,,,Y,,N,60,0,1,0,0,1,0,0,0,0,- ,- ,0,0,2100,2,LOS ANGELES,LOS ANGELES,CA,-118.2916922,34.07276535,"VERMONT AVE & 1ST ST, LOS ANGELES, CA",VERMONT AVE,1ST ST,146353,
-118.3093121,34.10536575,31187,8838770,2019,2019-04-18T00:00:00.000Z,1942,2019-02-14T00:00:00.000Z,1945,42273,629,4,5,7,1942,0,0,0,,0,6A15,WESTERN AV,FRANKLIN AV,0,,Y,A,-,N,,0,0,,,0,,,,Y,4,0,1,2,A,-,9,21801,A,N,A,C,A,A,H,-,C,A,0,,,,,Y,,A,1,0,0,1,0,0,0,0,0,0,- ,- ,0,0,2100,2,LOS ANGELES,LOS ANGELES,CA,-118.3093121,34.10536575,"WESTERN AVE & FRANKLIN AVE, LOS ANGELES, CA",WESTERN AVE,FRANKLIN AVE,150059,
-118.3092821,34.10173416,31188,8838774,2019,2019-04-11T00:00:00.000Z,1942,2019-02-15T00:00:00.000Z,2045,42273,648,5,5,7,1942,0,0,0,,0,6A49,HOLLYWOOD BL,WESTERN AV,0,,Y,B,C,N,,0,0,,,0,,,,Y,4,0,1,2,A,-,9,21801,A,N,A,C,A,B,H,-,C,A,0,,,,,Y,,A,1,0,0,1,0,0,0,0,0,0,- ,- ,0,0,2100,2,LOS ANGELES,LOS ANGELES,CA,-118.3092821,34.10173416,"HOLLYWOOD BLVD & WESTERN AVE, LOS ANGELES, CA",HOLLYWOOD BLVD,WESTERN AVE,100751,
-118.3252846,34.10162354,31189,8838786,2019,2019-04-11T00:00:00.000Z,1942,2019-02-18T00:00:00.000Z,1815,39022,637,1,5,7,1942,0,0,0,,0,6A49,HOLLYWOOD BL,ARGYLE AV,25,W,N,A,-,N,,0,0,,,0,,,,N,4,0,1,2,A,-,4,21703,,N,C,C,A,A,H,-,C,D,0,,,,,Y,,A,1,0,0,1,0,0,0,0,0,0,- ,- ,0,0,2100,2,LOS ANGELES,LOS ANGELES,CA,-118.3252846,34.10162354,"HOLLYWOOD BLVD & ARGYLE AVE, LOS ANGELES, CA",HOLLYWOOD BLVD,ARGYLE AVE,111363,
-118.2617122,34.04369354,31190,8838794,2019,2019-04-11T00:00:00.000Z,1942,2019-02-16T00:00:00.000Z,1915,42798,182,6,5,7,1942,0,0,0,A,0,1X23,OLYMPIC,HOPE ST,0,,Y,A,-,N,,0,0,,,0,,,,,4,0,2,2,A,-,12,21453,A,N,D,C,A,A,H,-,C,A,0,,,,,Y,,A,1,0,0,2,0,0,0,0,0,0,- ,- ,0,0,2100,2,LOS ANGELES,LOS ANGELES,CA,-118.2617122,34.04369354,"OLYMPIC BLVD & HOPE ST, LOS ANGELES, CA",OLYMPIC BLVD,HOPE ST,100005,
-118.2594396,34.01682663,31191,8839227,2019,2019-04-18T00:00:00.000Z,1942,2019-02-01T00:00:00.000Z,2035,36828,1333,5,5,7,1942,0,0,0,M,0,13A9,GRIFFITH AV,31ST ST,300,N,N,A,-,N,,0,0,,,0,,,,N,0,0,0,4,A,-,5,21651,A,M,B,E,A,B,H,-,C,D,0,,,,,Y,,-,99,0,0,0,0,0,0,0,0,0,- ,- ,0,0,2100,2,LOS ANGELES,LOS ANGELES,CA,-118.2594396,34.01682663,"GRIFFITH AVE & 31ST ST, LOS ANGELES, CA",GRIFFITH AVE,31ST ST,110360,
-118.1970421,34.03401566,31193,8839285,2019,2019-04-16T00:00:00.000Z,1942,2019-02-01T00:00:00.000Z,1900,37014,,5,5,7,1942,0,0,0,,0,469,S LORENA ST,4TH ST,0,,Y,A,-,N,,0,0,,,0,,,,Y,0,0,0,2,A,-,8,22102,,N,D,C,A,B,H,-,C,A,0,,,,,Y,,A,1,0,0,0,0,0,0,0,0,0,- ,- ,34.0341,118.1968,2100,2,LOS ANGELES,LOS ANGELES,CA,-118.1970421,34.03401566,"LORENA ST & 4TH ST, LOS ANGELES, CA",LORENA ST,4TH ST,142187,
-118.1757721,34.06472397,31194,8839293,2019,2019-04-17T00:00:00.000Z,1942,2019-02-17T00:00:00.000Z,2030,43285,439,7,5,7,1942,0,0,0,D,0,4A71W3,SELDNER AV,FARQUHAR ST,0,,Y,A,-,N,,0,0,,,0,,,,N,0,0,0,2,A,-,3,22350,,M,B,E,A,A,E,-,C,D,0,,,,,Y,,-,99,0,0,0,0,0,0,0,0,0,- ,- ,0,0,2100,2,LOS ANGELES,LOS ANGELES,CA,-118.1757721,34.06472397,"SELDNER AVE & FARQUHAR ST, LOS ANGELES, CA",SELDNER AVE,FARQUHAR ST,119820,
-118.2254421,34.04216385,31195,8839294,2019,2019-04-30T00:00:00.000Z,1942,2019-02-24T00:00:00.000Z,1930,43054,471,7,5,7,1942,0,0,0,,0,4A59,4TH ST,ANDERSON,0,,Y,A,-,N,,0,0,,,0,,,,Y,3,0,2,2,A,-,9,21453,B,N,A,C,A,A,H,-,C,A,0,,,,,Y,,A,1,0,1,1,0,0,0,0,0,0,- ,- ,0,0,2100,2,LOS ANGELES,LOS ANGELES,CA,-118.2254421,34.04216385,"4TH ST & ANDERSON ST, LOS ANGELES, CA",4TH ST,ANDERSON ST,116212,
-118.2739521,33.98605347,31196,8839306,2019,2019-05-01T00:00:00.000Z,1942,2019-02-01T00:00:00.000Z,2057,43582,1383,5,5,7,1942,0,0,0,M,0,13A93,MAIN,59TH PL,0,,Y,B,C,N,,0,0,,,0,,,,N,2,0,1,2,A,-,- ,0,,F,C,G,A,B,H,-,C,A,0,,Y,,,Y,,-,99,1,0,0,0,0,0,1,0,0,- ,- ,0,0,2100,2,LOS ANGELES,LOS ANGELES,CA,-118.2739521,33.98605347,"MAIN ST & 59TH PL, LOS ANGELES, CA",MAIN ST,59TH PL,117139,
-118.2652221,33.99246597,31197,8839330,2019,2019-04-17T00:00:00.000Z,1942,2019-02-20T00:00:00.000Z,1819,42724,1373,3,5,7,1942,0,0,0,M,0,13X94,AVALON,55TH ST,0,,Y,C,-,N,,0,0,,,0,,,,N,4,0,2,2,A,-,9,21801,A,N,A,C,A,B,H,-,B,A,0,,,,,Y,,A,1,0,0,2,0,0,0,0,0,0,- ,- ,0,0,2100,2,LOS ANGELES,LOS ANGELES,CA,-118.2652221,33.99246597,"AVALON BLVD & 55TH ST, LOS ANGELES, CA",AVALON BLVD,55TH ST,99566,
-118.2767449,34.056427,31198,8839333,2019,2019-04-16T00:00:00.000Z,1942,2019-02-22T00:00:00.000Z,1800,34592,265,5,5,7,1942,0,0,0,B,0,20L90,7TH ST,ALVARADO ST,30,E,N,A,-,N,,0,0,,,0,,,,N,0,0,0,2,A,-,0,20015,A,M,C,C,A,A,H,-,B,A,0,,,,,Y,,-,- ,0,0,0,0,0,0,0,0,0,- ,- ,0,0,2100,2,LOS ANGELES,LOS ANGELES,CA,-118.2767449,34.056427,"7TH ST & ALVARADO ST, LOS ANGELES, CA",7TH ST,ALVARADO ST,121135,