X,Y,OBJECTID,case_id,accident_year,proc_date,juris,collision_date,collision_time,officer_id,reporting_district,day_of_week,chp_shift,population,cnty_city_loc,special_cond,beat_type,chp_beat_type,city_division_lapd,chp_beat_class,beat_number,primary_rd,secondary_rd,distance,direction,intersection,weather_1,weather_2,state_hwy_ind,caltrans_county,caltrans_district,state_route,route_suffix,postmile_prefix,postmile,location_type,ramp_intersection,side_of_hwy,tow_away,collision_severity,number_killed,number_injured,party_count,primary_coll_factor,pcf_code_of_viol,pcf_viol_category,pcf_violation,pcf_viol_subsection,hit_and_run,type_of_collision,mviw,ped_action,road_surface,road_cond_1,road_cond_2,lighting,control_device,chp_road_type,pedestrian_accident,bicycle_accident,motorcycle_accident,truck_accident,not_private_property,alcohol_involved,stwd_vehtype_at_fault,chp_vehtype_at_fault,count_severe_inj,count_visible_inj,count_complaint_pain,count_ped_killed,count_ped_injured,count_bicyclist_killed,count_bicyclist_injured,count_mc_killed,count_mc_injured,primary_ramp,secondary_ramp,latitude,longitude,timecat,month_,city,county,state,point_x,point_y,match_addr,m_primaryrd,m_secondrd,int_id,Flag
-118.285597,34.03817368,31199,8839350,2019,2019-04-17T00:00:00.000Z,1942,2019-02-27T00:00:00.000Z,1855,40010,2099,3,5,7,1942,0,0,0,,0,20A97,W 20TH ST,ARAPAHOE ST,217,W,N,C,-,N,,0,0,,,0,,,,Y,3,0,2,3,A,-,21,22106,,F,C,C,A,B,H,-,C,A,0,,,,,Y,,-,99,0,1,1,0,0,0,0,0,0,- ,- ,0,0,2100,2,LOS ANGELES,LOS ANGELES,CA,-118.285597,34.03817368,"20TH ST & ARAPAHOE ST, LOS ANGELES, CA",20TH ST,ARAPAHOE ST,140722,
-118.2842322,34.04727554,31200,8839358,2019,2019-05-01T00:00:00.000Z,1942,2019-02-24T00:00:00.000Z,2010,43562,2069,7,5,7,1942,0,0,0,,0,20A33,W PICO BL,N HOOVER ST,0,,Y,A,-,N,,0,0,,,0,,,,N,4,0,1,2,A,-,8,22107,,N,A,C,A,A,H,-,C,A,0,,,,,Y,Y,-,- ,0,0,1,0,0,0,0,0,0,- ,- ,0,0,2100,2,LOS ANGELES,LOS ANGELES,CA,-118.2842322,34.04727554,"PICO BLVD & HOOVER ST, LOS ANGELES, CA",PICO BLVD,HOOVER ST,114027,
-118.3191265,34.10166931,31201,8839459,2019,2019-04-18T00:00:00.000Z,1942,2019-02-18T00:00:00.000Z,1815,42610,637,1,5,7,1942,0,0,0,F,0,8A35,HOLLYWOOD BL,BRONSON AV,338,W,N,A,-,N,,0,0,,,0,,,,N,4,0,1,2,A,-,11,21954,A,N,G,B,E,A,H,-,C,D,0,Y,,,,Y,,N,60,0,0,1,0,1,0,0,0,0,- ,- ,0,0,2100,2,LOS ANGELES,LOS ANGELES,CA,-118.3191265,34.10166931,"HOLLYWOOD BLVD & BRONSON AVE, LOS ANGELES, CA",HOLLYWOOD BLVD,BRONSON AVE,104325,
-118.3498621,34.08354569,31202,8839491,2019,2019-04-18T00:00:00.000Z,1942,2019-02-16T00:00:00.000Z,1920,36504,702,6,5,7,1942,0,0,0,G,0,7A1,MELROSE AV,N FULLER AV,0,,Y,A,-,N,,0,0,,,0,,,,Y,4,0,1,2,A,-,9,21801,A,N,D,C,A,A,H,-,C,A,0,,,,,Y,,A,1,0,0,1,0,0,0,0,0,0,- ,- ,0,0,2100,2,LOS ANGELES,LOS ANGELES,CA,-118.3498621,34.08354568,"MELROSE AVE & FULLER AVE, LOS ANGELES, CA",MELROSE AVE,FULLER AVE,142515,
-118.299381,34.09082413,31203,8841441,2019,2019-04-17T00:00:00.000Z,1942,2019-02-24T00:00:00.000Z,1930,42809,201,7,5,7,1942,0,0,0,B,0,2A76,SANTA MONICA BL,ALEXANDRIA AV,300,W,N,A,-,N,,0,0,,,0,,,,Y,4,0,1,2,A,-,3,22350,,N,D,C,A,A,H,-,C,D,0,,,,,Y,,A,1,0,0,1,0,0,0,0,0,0,- ,- ,0,0,2100,2,LOS ANGELES,LOS ANGELES,CA,-118.299381,34.09082413,"SANTA MONICA BLVD & ALEXANDRIA AVE, LOS ANGELES, CA",SANTA MONICA BLVD,ALEXANDRIA AVE,97014,
-118.2685221,34.00495529,31204,8841782,2019,2019-05-03T00:00:00.000Z,1942,2019-02-01T00:00:00.000Z,2035,42557,1352,5,5,7,1942,0,0,0,M,0,13A63,CROCKER ST,E 43RD PL,70,N,N,B,-,N,,0,0,,,0,,,,N,0,0,0,2,A,-,7,21658,A,M,B,E,A,A,G,-,C,D,0,,,,,Y,,-,99,0,0,0,0,0,0,0,0,0,- ,- ,0,0,2100,2,LOS ANGELES,LOS ANGELES,CA,-118.2685221,34.00495529,"CROCKER ST & 43RD PL, LOS ANGELES, CA",CROCKER ST,43RD PL,103364,
-118.4282877,34.00645828,31205,8842509,2019,2019-04-19T00:00:00.000Z,1942,2019-02-19T00:00:00.000Z,1840,42287,1446,2,5,7,1942,0,0,0,N,0,14X16,VENICE BL,MARCASEL AV,35,E,N,A,-,N,,0,0,,,0,,,,Y,4,0,1,2,A,-,4,21703,,N,C,C,A,A,H,-,C,A,0,,,,,Y,,A,1,0,0,1,0,0,0,0,0,0,- ,- ,0,0,2100,2,LOS ANGELES,LOS ANGELES,CA,-118.4282877,34.00645828,"VENICE BLVD & MARCASEL AVE, LOS ANGELES, CA",VENICE BLVD,MARCASEL AVE,107456,
-118.4588457,33.98793793,31206,8842513,2019,2019-04-19T00:00:00.000Z,1942,2019-02-13T00:00:00.000Z,1900,35330,1444,3,5,7,1942,0,0,0,N,0,14A66,ABBOTT KINNEY BL,MARR ST,35,S,N,C,-,N,,0,0,,,0,,,,Y,3,0,1,2,A,-,9,21801,,N,B,C,A,B,H,-,C,A,0,,,,,Y,,A,7,0,1,0,0,0,0,0,0,0,- ,- ,0,0,2100,2,LOS ANGELES,LOS ANGELES,CA,-118.4588457,33.98793793,"ABBOT KINNEY BLVD & MARR ST, LOS ANGELES, CA",ABBOT KINNEY BLVD,MARR ST,145847,
-118.4359621,34.00678635,31207,8842557,2019,2019-04-26T00:00:00.000Z,1942,2019-02-22T00:00:00.000Z,1838,43432,1435,5,5,7,1942,0,0,0,N,0,14A58,CENTINELA AV,VICTORIA AV,0,,Y,A,-,N,,0,0,,,0,,,,N,4,0,1,2,A,-,8,22107,,N,A,C,A,A,H,-,B,D,0,,,Y,,Y,,C,3,0,0,1,0,0,0,0,0,1,- ,- ,0,0,2100,2,LOS ANGELES,LOS ANGELES,CA,-118.4359621,34.00678635,"CENTINELA AVE & VICTORIA AVE, LOS ANGELES, CA",CENTINELA AVE,VICTORIA AVE,121595,
-118.614372,34.2009964,31208,8843266,2019,2019-05-10T00:00:00.000Z,1942,2019-02-02T00:00:00.000Z,1840,43438,2134,6,5,7,1942,0,0,0,,0,,SHERMAN WY,SHOUP AV,100,E,N,B,C,N,,0,0,,,0,,,,,4,0,1,2,A,-,9,21804,,N,C,C,A,B,H,-,C,A,0,,,,,Y,,A,1,0,0,1,0,0,0,0,0,0,- ,- ,0,0,2100,2,LOS ANGELES,LOS ANGELES,CA,-118.614372,34.2009964,"SHERMAN WAY & SHOUP AVE, LOS ANGELES, CA",SHERMAN WAY,SHOUP AVE,97849,
-118.3593978,34.06270218,31209,8845108,2019,2019-05-01T00:00:00.000Z,1942,2019-02-26T00:00:00.000Z,1850,39409,743,2,5,7,1942,0,0,0,G,0,7A64,WILSHIRE BL,OGDEN DR,17,W,N,A,-,N,,0,0,,,0,,,,Y,3,0,1,4,A,-,12,21453,A,N,D,C,A,A,H,-,C,A,0,,,,,Y,,A,1,0,1,0,0,0,0,0,0,0,- ,- ,0,0,2100,2,LOS ANGELES,LOS ANGELES,CA,-118.3593978,34.06270218,"WILSHIRE BLVD & OGDEN DR, LOS ANGELES, CA",WILSHIRE BLVD,OGDEN DR,102294,
-118.3586521,34.04394531,31210,8845112,2019,2019-05-01T00:00:00.000Z,1942,2019-02-24T00:00:00.000Z,1830,43383,762,7,5,7,1942,0,0,0,,0,7A64,VENICE BL,HAUSER BL,0,,Y,A,-,N,,0,0,,,0,,,,N,4,0,4,2,A,-,9,21801,A,N,D,C,A,A,H,-,C,A,0,,,,,Y,,A,1,0,0,4,0,0,0,0,0,0,- ,- ,0,0,2100,2,LOS ANGELES,LOS ANGELES,CA,-118.3586521,34.04394531,"VENICE BLVD & HAUSER BLVD, LOS ANGELES, CA",VENICE BLVD,HAUSER BLVD,142047,
-118.3386121,34.06889343,31211,8845116,2019,2019-05-01T00:00:00.000Z,1942,2019-02-23T00:00:00.000Z,2005,42654,738,6,5,7,1942,0,0,0,G,0,7A33W3,3RD ST,HIGHLAND AV,0,,Y,A,-,N,,0,0,,,0,,,,Y,4,0,1,2,A,-,8,22107,,N,D,C,A,A,H,-,C,A,0,,,,,Y,,A,1,0,0,1,0,0,0,0,0,0,- ,- ,0,0,2100,2,LOS ANGELES,LOS ANGELES,CA,-118.3386121,34.06889343,"3RD ST & HIGHLAND AVE, LOS ANGELES, CA",3RD ST,HIGHLAND AVE,109325,
-118.3386521,34.09615326,31212,8846128,2019,2019-05-02T00:00:00.000Z,1942,2019-02-28T00:00:00.000Z,1942,RUIZ,645,4,5,7,1942,0,0,0,F,0,622,DELONGPRE AV,HIGHLAND AV,0,W,N,F,-,N,,0,0,,,0,,,,N,0,0,0,2,A,-,3,22350,,N,C,E,A,A,H,-,A,D,0,,,,,Y,Y,-,99,0,0,0,0,0,0,0,0,0,- ,- ,0,0,2100,2,LOS ANGELES,LOS ANGELES,CA,-118.3386521,34.09615326,"DE LONGPRE AVE & HIGHLAND AVE, LOS ANGELES, CA",DE LONGPRE AVE,HIGHLAND AVE,100824,
-118.5186322,34.22098541,31213,8846583,2019,2019-05-09T00:00:00.000Z,1942,2019-02-28T00:00:00.000Z,1900,42149,1005,4,5,7,1942,0,0,0,J,0,10X44,WHITE OAK AV,ROSCOE BL,0,,Y,A,-,N,,0,0,,,0,,,,Y,3,0,2,2,A,-,9,21801,A,N,D,C,A,A,H,-,B,A,0,,,,,Y,,-,- ,0,2,0,0,0,0,0,0,0,- ,- ,0,0,2100,2,LOS ANGELES,LOS ANGELES,CA,-118.5186322,34.22098541,"WHITE OAK AVE & ROSCOE BLVD, LOS ANGELES, CA",WHITE OAK AVE,ROSCOE BLVD,133359,
-118.2565421,34.01408005,31214,8847697,2019,2019-04-22T00:00:00.000Z,1942,2019-02-23T00:00:00.000Z,1900,39346,1333,6,5,7,1942,0,0,0,M,0,13X71,CENTRAL AV,33RD ST,100,N,N,A,-,N,,0,0,,,0,,,,N,4,0,1,2,A,-,11,21955,,N,G,B,D,A,H,-,C,D,0,Y,,,,Y,,N,60,0,0,1,0,1,0,0,0,0,- ,- ,0,0,2100,2,LOS ANGELES,LOS ANGELES,CA,-118.2565421,34.01408005,"CENTRAL AVE & 33RD ST, LOS ANGELES, CA",CENTRAL AVE,33RD ST,127939,
-118.3929548,33.94734192,31215,8847749,2019,2019-04-23T00:00:00.000Z,1942,2019-02-26T00:00:00.000Z,2040,43031,1496,2,5,7,1942,0,0,0,N,0,14A49,98TH ST,VICKSBURG AV,300,E,N,A,-,N,,0,0,,,0,,,,N,0,0,0,1,A,-,3,22350,,N,A,J,A,B,H,-,C,D,0,,,,,Y,,A,1,0,0,0,0,0,0,0,0,0,- ,- ,0,0,2100,2,LOS ANGELES,LOS ANGELES,CA,-118.3929548,33.94734192,"98TH ST & VICKSBURG AVE, LOS ANGELES, CA",98TH ST,VICKSBURG AVE,134466,
-118.3277421,34.09800339,31216,8847786,2019,2019-04-22T00:00:00.000Z,1942,2019-02-07T00:00:00.000Z,1845,42310,646,4,5,7,1942,0,0,0,,0,6FB21,SUNSET BL,MORNINGSIDE CT,0,,Y,A,-,N,,0,0,,,0,,,,N,4,0,2,2,A,-,9,21801,A,N,D,C,A,A,H,-,C,D,0,,,,,Y,,A,1,0,0,2,0,0,0,0,0,0,- ,- ,0,0,2100,2,LOS ANGELES,LOS ANGELES,CA,-118.3277421,34.09800339,"SUNSET BLVD & MORNINGSIDE CT, LOS ANGELES, CA",SUNSET BLVD,MORNINGSIDE CT,955,
-118.2638421,34.02154541,31217,8847791,2019,2019-04-22T00:00:00.000Z,1942,2019-02-27T00:00:00.000Z,1940,42224,NEWT,3,5,7,1942,0,0,0,,0,13X76,E 27TH ST,TRINITY ST,0,,Y,A,-,N,,0,0,,,0,,,,N,4,0,1,2,A,-,11,21954,A,F,G,B,E,A,H,-,C,D,0,Y,,,,Y,Y,-,99,0,0,1,0,1,0,0,0,0,- ,- ,0,0,2100,2,LOS ANGELES,LOS ANGELES,CA,-118.2638421,34.02154541,"27TH ST & TRINITY ST, LOS ANGELES, CA",27TH ST,TRINITY ST,117388,
-118.303664,34.10175324,31218,8847802,2019,2019-04-22T00:00:00.000Z,1942,2019-02-28T00:00:00.000Z,2000,45201,649,4,5,7,1942,0,0,0,F,0,6A63W3,HOLLYWOOD BL,KINGSLEY,40,W,N,A,-,N,,0,0,,,0,,,,N,4,0,1,2,A,-,4,21703,,N,C,C,A,A,-,-,C,D,0,,,,,Y,,A,7,0,0,1,0,0,0,0,0,0,- ,- ,0,0,2100,2,LOS ANGELES,LOS ANGELES,CA,-118.303664,34.10175323,"HOLLYWOOD BLVD & KINGSLEY DR, LOS ANGELES, CA",HOLLYWOOD BLVD,KINGSLEY DR,130574,
-118.2695721,33.97475815,31219,8847807,2019,2019-05-02T00:00:00.000Z,1942,2019-02-25T00:00:00.000Z,1800,38052,1395,1,5,7,1942,0,0,0,M,0,13X45,SAN PEDRO ST,FLORENCE AV,20,N,N,A,-,N,,0,0,,,0,,,,N,4,0,1,2,A,-,21,22106,,F,G,B,E,A,H,-,B,D,0,Y,,,,Y,,-,99,0,0,1,0,1,0,0,0,0,- ,- ,0,0,2100,2,LOS ANGELES,LOS ANGELES,CA,-118.2695721,33.97475815,"SAN PEDRO ST & FLORENCE AVE, LOS ANGELES, CA",SAN PEDRO ST,FLORENCE AVE,117103,
-118.2432122,34.02066422,31220,8847815,2019,2019-04-22T00:00:00.000Z,1942,2019-02-15T00:00:00.000Z,1900,37280,1309,5,5,7,1942,0,0,0,M,0,13X28,WASHINGTON BL,LONG BEACH AV,0,,Y,B,-,N,,0,0,,,0,,,,Y,4,0,1,2,A,-,8,22107,,N,D,C,A,B,H,-,C,A,0,,,,,Y,,A,7,0,0,1,0,0,0,0,0,0,- ,- ,0,0,2100,2,LOS ANGELES,LOS ANGELES,CA,-118.2432122,34.02066422,"WASHINGTON BLVD & LONG BEACH AVE, LOS ANGELES, CA",WASHINGTON BLVD,LONG BEACH AVE,116152,
-118.2739522,33.98241425,31221,8847819,2019,2019-04-22T00:00:00.000Z,1942,2019-02-03T00:00:00.000Z,1950,42515,1383,7,5,7,1942,0,0,0,M,0,13A93,MAIN ST,GAGE AV,0,,Y,A,-,N,,0,0,,,0,,,,Y,4,0,1,2,A,-,9,21801,A,N,D,C,A,B,H,-,C,A,0,,,,,Y,,A,1,0,0,1,0,0,0,0,0,0,- ,- ,0,0,2100,2,LOS ANGELES,LOS ANGELES,CA,-118.2739522,33.98241425,"MAIN ST & GAGE AVE, LOS ANGELES, CA",MAIN ST,GAGE AVE,148760,
-118.3380821,34.09797669,31222,8847822,2019,2019-04-22T00:00:00.000Z,1942,2019-02-14T00:00:00.000Z,1900,42451,645,4,5,7,1942,0,0,0,F,0,6A45,SUNSET BL,MCCADDEN PL,0,,Y,A,-,N,,0,0,,,0,,,,N,4,0,1,2,A,-,9,21801,A,N,D,C,A,A,H,-,C,D,0,,,,,Y,,A,7,0,0,1,0,0,0,0,0,0,- ,- ,0,0,2100,2,LOS ANGELES,LOS ANGELES,CA,-118.3380821,34.09797668,"SUNSET BLVD & MCCADDEN PL, LOS ANGELES, CA",SUNSET BLVD,MCCADDEN PL,104379,
-118.3267594,34.1052208,31223,8847826,2019,2019-04-22T00:00:00.000Z,1942,2019-02-21T00:00:00.000Z,1900,37770,636,4,5,7,1942,0,0,0,F,0,6A15,VINE ST,FRANKLIN AV,20,S,N,A,-,N,,0,0,,,0,,,,Y,4,0,1,4,A,-,5,21650,,N,D,C,A,A,H,-,C,A,0,,,,,Y,,A,7,0,0,1,0,0,0,0,0,0,- ,- ,0,0,2100,2,LOS ANGELES,LOS ANGELES,CA,-118.3267594,34.10522079,"VINE ST & FRANKLIN AVE, LOS ANGELES, CA",VINE ST,FRANKLIN AVE,100802,
-118.2783221,33.98238373,31224,8847835,2019,2019-05-02T00:00:00.000Z,1942,2019-02-06T00:00:00.000Z,1830,42224,NEWTO,3,5,7,1942,0,0,0,,0,13X94,GAGE AV,BROADWAY BL,0,,Y,A,-,N,,0,0,,,0,,,,Y,4,0,4,2,A,-,12,21453,A,N,D,C,A,A,H,-,C,A,0,,,,,Y,,A,1,0,0,4,0,0,0,0,0,0,- ,- ,0,0,2100,2,LOS ANGELES,LOS ANGELES,CA,-118.2783221,33.98238373,"GAGE AVE & BROADWAY, LOS ANGELES, CA",GAGE AVE,BROADWAY,106643,
-118.3483227,34.09799194,31225,8847931,2019,2019-04-23T00:00:00.000Z,1942,2019-02-14T00:00:00.000Z,2055,42451,644,4,5,7,1942,0,0,0,F,0,6A45,SUNSET BL,POINSETTIA PL,15,E,N,A,-,N,,0,0,,,0,,,,N,0,0,0,2,A,-,8,22100,A,N,D,C,A,A,H,-,C,D,0,,,,,Y,,A,1,0,0,0,0,0,0,0,0,0,- ,- ,0,0,2100,2,LOS ANGELES,LOS ANGELES,CA,-118.3483227,34.09799194,"SUNSET BLVD & POINSETTIA PL, LOS ANGELES, CA",SUNSET BLVD,POINSETTIA PL,114553,
-118.2644842,34.02087402,31226,8847967,2019,2019-04-23T00:00:00.000Z,1942,2019-02-02T00:00:00.000Z,1955,42557,1333,6,5,7,1942,0,0,0,M,0,13A63,28TH ST,TRINITY ST,50,W,N,B,-,N,,0,0,,,0,,,,N,0,0,0,2,D,-,0,0,,M,C,E,A,B,-,-,C,D,0,,,,,Y,Y,-,- ,0,0,0,0,0,0,0,0,0,- ,- ,0,0,2100,2,LOS ANGELES,LOS ANGELES,CA,-118.2644842,34.02087402,"28TH ST & TRINITY ST, LOS ANGELES, CA",28TH ST,TRINITY ST,110376,
-118.3091005,34.05940247,31227,8849597,2019,2019-05-03T00:00:00.000Z,1942,2019-02-05T00:00:00.000Z,1910,38090,2033,2,5,7,1942,0,0,0,,0,20A33,WESTERN AV,7TH ST,100,S,N,A,-,N,,0,0,,,0,,,,N,4,0,1,2,A,-,3,22350,,F,C,C,A,A,H,-,C,A,0,,,,,Y,,-,99,0,0,1,0,0,0,0,0,0,- ,- ,0,0,2100,2,LOS ANGELES,LOS ANGELES,CA,-118.3091005,34.05940247,"WESTERN AVE & 7TH ST, LOS ANGELES, CA",WESTERN AVE,7TH ST,99956,
-118.33617,34.1113205,31228,8849755,2019,2019-04-26T00:00:00.000Z,1942,2019-02-08T00:00:00.000Z,1945,41957,625,5,5,7,1942,0,0,0,F,0,6A31,PAT MOORE WY,HIGHLAND AV,10,E,N,A,-,N,,0,0,,,0,,,,N,0,0,0,2,A,-,7,21658,A,M,B,C,A,A,H,-,C,A,0,,,,,Y,,-,99,0,0,0,0,0,0,0,0,0,- ,- ,0,0,2100,2,LOS ANGELES,LOS ANGELES,CA,-118.33617,34.1113205,"PAT MOORE WAY & HIGHLAND AVE, LOS ANGELES, CA",PAT MOORE WAY,HIGHLAND AVE,116133,
-118.2652422,33.99975586,31230,8856597,2019,2019-06-05T00:00:00.000Z,1942,2019-02-08T00:00:00.000Z,1900,43430,1363,5,5,7,1942,0,0,0,M,0,3,48TH ST,AVALON,0,,Y,A,-,N,,0,0,,,0,,,,Y,0,0,0,2,D,-,0,0,,M,C,E,A,A,H,-,C,D,0,,,,,Y,,-,- ,0,0,0,0,0,0,0,0,0,- ,- ,0,0,2100,2,LOS ANGELES,LOS ANGELES,CA,-118.2652422,33.99975586,"48TH ST & AVALON BLVD, LOS ANGELES, CA",48TH ST,AVALON BLVD,120252,
-118.2915222,33.91641617,31233,8863260,2019,2019-05-31T00:00:00.000Z,1942,2019-02-22T00:00:00.000Z,1830,41766,1851,5,5,7,1942,0,0,0,R,0,18U4,EL SEGUNDO BL,VERMONT AV,0,,Y,B,-,N,,0,0,,,0,,,,Y,4,0,2,3,A,-,9,21801,A,N,A,C,A,A,H,-,B,A,0,,,,,Y,,A,1,0,0,2,0,0,0,0,0,0,- ,- ,0,0,2100,2,LOS ANGELES,LOS ANGELES,CA,-118.2915222,33.91641617,"EL SEGUNDO BLVD & VERMONT AVE, LOS ANGELES, CA",EL SEGUNDO BLVD,VERMONT AVE,109670,
-118.4487697,34.21285629,31234,8866849,2019,2019-05-25T00:00:00.000Z,1942,2019-02-17T00:00:00.000Z,1900,32372,1995,7,5,7,1942,0,0,0,,0,19A93,VAN NUYS BL,ARMINTA ST,200,S,N,A,-,N,,0,0,,,0,,,,N,4,0,3,2,A,-,3,22350,,N,C,C,A,A,H,-,C,D,0,,,,,Y,,A,1,0,0,3,0,0,0,0,0,0,- ,- ,0,0,2100,2,LOS ANGELES,LOS ANGELES,CA,-118.4487697,34.21285629,"VAN NUYS BLVD & ARMINTA ST, LOS ANGELES, CA",VAN NUYS BLVD,ARMINTA ST,102143,
-118.4413222,33.99987412,31235,8870996,2019,2019-06-12T00:00:00.000Z,1942,2019-02-28T00:00:00.000Z,2000,43502,1445,4,5,7,1942,0,0,0,N,0,A13,VENICE BL,BEETHOVEN ST,0,,Y,A,-,N,,0,0,,,0,,,,N,4,0,1,2,D,-,0,0,,F,G,B,B,A,H,-,C,A,0,Y,,,,Y,Y,-,- ,0,0,1,0,1,0,0,0,0,- ,- ,0,0,2100,2,LOS ANGELES,LOS ANGELES,CA,-118.4413222,33.99987411,"VENICE BLVD & BEETHOVEN ST, LOS ANGELES, CA",VENICE BLVD,BEETHOVEN ST,121677,
-118.3016321,34.06899643,31236,8648653,2019,2019-02-28T00:00:00.000Z,1942,2019-02-09T00:00:00.000Z,2250,41978,2023,6,5,7,1942,0,0,0,,0,20A13,W 3RD ST,S ARDMORE AV,0,,Y,B,-,N,,0,0,,,0,,,,Y,1,1,0,2,A,-,11,21954,A,N,G,B,D,A,H,-,C,A,0,Y,,,,Y,,N,60,0,0,0,1,0,0,0,0,0,- ,- ,0,0,2400,2,LOS ANGELES,LOS ANGELES,CA,-118.3016321,34.06899643,"3RD ST & ARDMORE AVE, LOS ANGELES, CA",3RD ST,ARDMORE AVE,132304,
-118.2782921,33.96505356,31237,8648654,2019,2019-02-28T00:00:00.000Z,1942,2019-02-11T00:00:00.000Z,2225,39299,1268,1,5,7,1942,0,0,0,L,0,12A67,S BROADWAY,W 82ND ST,0,,Y,A,-,N,,0,0,,,0,,,,Y,1,1,1,7,A,-,3,22350,,N,D,G,A,A,H,-,C,-,0,,Y,,,Y,,A,1,0,1,0,0,0,1,0,0,0,- ,- ,0,0,2400,2,LOS ANGELES,LOS ANGELES,CA,-118.2782921,33.96505356,"BROADWAY & 82ND ST, LOS ANGELES, CA",BROADWAY,82ND ST,99722,
-118.2701296,34.04502106,31238,8727355,2019,2019-04-22T00:00:00.000Z,1942,2019-02-21T00:00:00.000Z,2220,39062,181,4,5,7,1942,0,0,0,R,0,1A61,W LA LIVE WY,11TH ST,30,S,N,B,-,N,,0,0,,,0,,,,N,0,0,0,2,A,-,7,21658,A,M,B,C,A,A,H,-,C,A,0,,,,,Y,,-,- ,0,0,0,0,0,0,0,0,0,- ,- ,0,0,2400,2,LOS ANGELES,LOS ANGELES,CA,-118.2701296,34.04502106,"LA LIVE WAY & 11TH ST, LOS ANGELES, CA",LA LIVE WAY,11TH ST,102071,
-118.4836522,34.19331741,31239,8784345,2019,2019-02-28T00:00:00.000Z,1942,2019-02-03T00:00:00.000Z,2335,37613,1039,7,5,7,1942,0,0,0,J,0,10A39,WOODLEY AV,VANOWEN ST,210,S,N,C,-,N,,0,0,,,0,,,,Y,3,0,1,5,A,-,1,23152,A,N,C,E,A,B,H,-,C,-,0,,,,,Y,Y,A,1,0,1,0,0,0,0,0,0,0,- ,- ,0,0,2400,2,LOS ANGELES,LOS ANGELES,CA,-118.4836522,34.19331741,"WOODLEY AVE & VANOWEN ST, LOS ANGELES, CA",WOODLEY AVE,VANOWEN ST,150610,
-118.2825921,33.92530441,31240,8792154,2019,2019-03-20T00:00:00.000Z,1942,2019-02-08T00:00:00.000Z,2130,42282,1862,5,5,7,1942,0,0,0,R,0,18A63,FIGUEROA ST,119TH ST,138,N,N,A,-,N,,0,0,,,0,,,,Y,2,0,1,5,C,-,18,0,,N,A,E,A,A,H,-,C,A,0,,,,,Y,,-,- ,1,0,0,0,0,0,0,0,0,- ,- ,0,0,2400,2,LOS ANGELES,LOS ANGELES,CA,-118.2825921,33.92530441,"FIGUEROA ST & 119TH ST, LOS ANGELES, CA",FIGUEROA ST,119TH ST,103150,
-118.2915227,33.93007278,31241,8793122,2019,2019-02-21T00:00:00.000Z,1942,2019-02-03T00:00:00.000Z,2120,42011,1861,7,5,7,1942,0,0,0,R,0,18A97,S VERMONT AV,115TH ST,10,N,N,C,-,N,,0,0,,,0,,,,N,4,0,3,2,A,-,1,23152,A,N,D,C,A,B,H,-,C,D,0,,,,,Y,Y,A,1,0,0,3,0,0,0,0,0,0,- ,- ,0,0,2400,2,LOS ANGELES,LOS ANGELES,CA,-118.2915227,33.93007278,"VERMONT AVE & 115TH ST, LOS ANGELES, CA",VERMONT AVE,115TH ST,99744,
-118.2867353,33.98230743,31242,8793169,2019,2019-02-22T00:00:00.000Z,1942,2019-02-01T00:00:00.000Z,2150,42011,1249,5,5,7,1942,0,0,0,L,0,12A49,W GAGE AV,E HOOVER ST,100,E,N,C,-,N,,0,0,,,0,,,,N,4,0,2,2,A,-,3,22350,,N,C,E,A,B,H,-,C,D,0,,,,,Y,,A,1,0,0,2,0,0,0,0,0,0,- ,- ,0,0,2400,2,LOS ANGELES,LOS ANGELES,CA,-118.2867353,33.98230743,"GAGE AVE & HOOVER ST, LOS ANGELES, CA",GAGE AVE,HOOVER ST,96071,
-118.5360722,34.21031952,31243,8793185,2019,2019-02-22T00:00:00.000Z,1942,2019-02-02T00:00:00.000Z,2205,42251,1004,6,5,7,1942,0,0,0,J,0,10A3,RESEDA BL,KESWICK ST,45,N,N,B,-,N,,0,0,,,0,,,,Y,4,0,1,2,A,-,1,23152,A,N,C,C,A,B,H,-,C,D,0,,,,,Y,,A,7,0,0,1,0,0,0,0,0,0,- ,- ,0,0,2400,2,LOS ANGELES,LOS ANGELES,CA,-118.5360722,34.21031952,"RESEDA BLVD & KESWICK ST, LOS ANGELES, CA",RESEDA BLVD,KESWICK ST,105302,
-118.4194722,34.26661301,31244,8793193,2019,2019-02-22T00:00:00.000Z,1942,2019-02-04T00:00:00.000Z,2125,40844,1623,1,5,7,1942,0,0,0,P,0,16X4,RALSTON AV,HOYT ST,0,,Y,C,-,N,,0,0,,,0,,,,Y,4,0,1,2,A,-,12,22450,A,M,A,C,A,B,H,-,C,D,0,,,,,Y,,A,1,0,0,1,0,0,0,0,0,0,- ,- ,0,0,2400,2,LOS ANGELES,LOS ANGELES,CA,-118.4194722,34.26661301,"RALSTON AVE & HOYT ST, LOS ANGELES, CA",RALSTON AVE,HOYT ST,133393,
-118.3177624,33.97459793,31245,8793207,2019,2019-02-25T00:00:00.000Z,1942,2019-02-01T00:00:00.000Z,2105,38040,1243,5,5,7,1942,0,0,0,L,0,12A53,VAN NESS AV,FLORENCE AV,5,N,N,A,-,N,,0,0,,,0,,,,N,0,0,0,2,A,-,6,21755,A,M,B,C,A,A,H,-,C,A,0,,,,,Y,Y,-,- ,0,0,0,0,0,0,0,0,0,- ,- ,0,0,2400,2,LOS ANGELES,LOS ANGELES,CA,-118.3177624,33.97459793,"VAN NESS AVE & FLORENCE AVE, LOS ANGELES, CA",VAN NESS AVE,FLORENCE AVE,117092,