X,Y,OBJECTID,case_id,accident_year,proc_date,juris,collision_date,collision_time,officer_id,reporting_district,day_of_week,chp_shift,population,cnty_city_loc,special_cond,beat_type,chp_beat_type,city_division_lapd,chp_beat_class,beat_number,primary_rd,secondary_rd,distance,direction,intersection,weather_1,weather_2,state_hwy_ind,caltrans_county,caltrans_district,state_route,route_suffix,postmile_prefix,postmile,location_type,ramp_intersection,side_of_hwy,tow_away,collision_severity,number_killed,number_injured,party_count,primary_coll_factor,pcf_code_of_viol,pcf_viol_category,pcf_violation,pcf_viol_subsection,hit_and_run,type_of_collision,mviw,ped_action,road_surface,road_cond_1,road_cond_2,lighting,control_device,chp_road_type,pedestrian_accident,bicycle_accident,motorcycle_accident,truck_accident,not_private_property,alcohol_involved,stwd_vehtype_at_fault,chp_vehtype_at_fault,count_severe_inj,count_visible_inj,count_complaint_pain,count_ped_killed,count_ped_injured,count_bicyclist_killed,count_bicyclist_injured,count_mc_killed,count_mc_injured,primary_ramp,secondary_ramp,latitude,longitude,timecat,month_,city,county,state,point_x,point_y,match_addr,m_primaryrd,m_secondrd,int_id,Flag
-118.4040029,34.22819138,31246,8793239,2019,2019-02-25T00:00:00.000Z,1942,2019-02-07T00:00:00.000Z,2310,40876,1681,4,5,7,1942,0,0,0,P,0,16A81,CRANFORD AV,WICKS ST,455,N,N,A,-,N,,0,0,,,0,,,,Y,0,0,0,2,A,-,3,22350,,M,D,E,A,A,H,-,C,D,0,,,,,Y,,A,1,0,0,0,0,0,0,0,0,0,- ,- ,0,0,2400,2,LOS ANGELES,LOS ANGELES,CA,-118.4040029,34.22819138,"CRANFORD AVE & WICKS ST, LOS ANGELES, CA",CRANFORD AVE,WICKS ST,112255,
-118.3001626,34.00369263,31247,8793553,2019,2019-02-26T00:00:00.000Z,1942,2019-02-02T00:00:00.000Z,2240,43664,1204,6,5,7,1942,0,0,0,L,0,12A93,VERNON AV,NORMANDIE AV,12,E,N,A,-,N,,0,0,,,0,,,,N,4,0,1,2,D,-,0,0,,N,B,G,A,A,A,-,C,A,0,,Y,,,Y,,-,- ,0,0,1,0,0,0,1,0,0,- ,- ,0,0,2400,2,LOS ANGELES,LOS ANGELES,CA,-118.3001626,34.00369263,"VERNON AVE & NORMANDIE AVE, LOS ANGELES, CA",VERNON AVE,NORMANDIE AVE,117361,
-118.4356322,34.19029617,31248,8793563,2019,2019-02-22T00:00:00.000Z,1942,2019-02-05T00:00:00.000Z,2125,39566,926,2,5,7,1942,0,0,0,,0,9A63,KITTRIDGE ST,RANCHITO AV,0,,Y,B,-,N,,0,0,,,0,,,,N,0,0,0,2,A,-,12,22450,A,M,D,C,A,B,H,-,C,D,0,,,,,Y,,A,1,0,0,0,0,0,0,0,0,0,- ,- ,0,0,2400,2,LOS ANGELES,LOS ANGELES,CA,-118.4356322,34.19029617,"KITTRIDGE ST & RANCHITO AVE, LOS ANGELES, CA",KITTRIDGE ST,RANCHITO AVE,97491,
-118.4362422,34.25577545,31249,8793585,2019,2019-02-26T00:00:00.000Z,1942,2019-02-09T00:00:00.000Z,2250,43295,1959,6,5,7,1942,0,0,0,,0,19A79,VAN NUYS BL,VENA AV,0,,Y,A,-,N,,0,0,,,0,,,,Y,4,0,1,2,A,-,12,22450,A,F,D,C,A,A,H,-,C,A,0,,,,,Y,Y,A,1,0,0,1,0,0,0,0,0,0,- ,- ,0,0,2400,2,LOS ANGELES,LOS ANGELES,CA,-118.4362422,34.25577545,"VAN NUYS BLVD & VENA AVE, LOS ANGELES, CA",VAN NUYS BLVD,VENA AVE,112517,
-118.3176921,34.03265381,31250,8794005,2019,2019-03-13T00:00:00.000Z,1942,2019-02-13T00:00:00.000Z,2120,41844,314,3,5,7,1942,0,0,0,C,0,3A15,W ADAMS BL,ARLINGTON AV,0,,Y,C,-,N,,0,0,,,0,,,,Y,4,0,2,2,A,-,12,21453,A,N,D,C,A,B,H,-,E,B,0,,,,,Y,,-,- ,0,0,2,0,0,0,0,0,0,- ,- ,0,0,2400,2,LOS ANGELES,LOS ANGELES,CA,-118.3176921,34.03265381,"ADAMS BLVD & ARLINGTON AVE, LOS ANGELES, CA",ADAMS BLVD,ARLINGTON AVE,131530,
-118.2992421,33.83150482,31251,8794010,2019,2019-03-04T00:00:00.000Z,1942,2019-02-06T00:00:00.000Z,2145,43425,506,3,5,7,1942,0,0,0,E,0,5A11W3,NORMANDIE AV,CARSON ST,0,,Y,A,-,N,,0,0,,,0,,,,N,4,0,2,2,A,-,12,21453,A,N,B,C,A,A,H,-,B,A,0,,,,,Y,,A,1,0,0,2,0,0,0,0,0,0,- ,- ,0,0,2400,2,LOS ANGELES,LOS ANGELES,CA,-118.2992421,33.83150482,"NORMANDIE AVE & CARSON ST, LOS ANGELES, CA",NORMANDIE AVE,CARSON ST,98717,
-118.4713922,33.9866333,31252,8794014,2019,2019-03-04T00:00:00.000Z,1942,2019-02-03T00:00:00.000Z,2125,43264,HARBO,7,5,7,1942,0,0,0,,0,585,PACIFIC AV,18TH ST,0,,Y,A,-,N,,0,0,,,0,,,,N,4,0,1,2,A,-,9,21801,A,N,D,C,A,A,H,-,C,D,0,,,,,Y,,A,1,0,0,1,0,0,0,0,0,0,- ,- ,0,0,2400,2,LOS ANGELES,LOS ANGELES,CA,-118.4713922,33.9866333,"PACIFIC AVE & 18TH AVE, LOS ANGELES, CA",PACIFIC AVE,18TH AVE,117701,
-118.3549021,34.02549362,31253,8794022,2019,2019-03-15T00:00:00.000Z,1942,2019-02-16T00:00:00.000Z,2110,43106,331,6,5,7,1942,0,0,0,,0,3A31,JEFFERSON BL,LA BREA AV,0,,Y,A,-,N,,0,0,,,0,,,,Y,4,0,4,2,A,-,9,21801,A,N,D,C,A,A,H,-,C,A,0,,,,,Y,,A,1,0,0,4,0,0,0,0,0,0,- ,- ,0,0,2400,2,LOS ANGELES,LOS ANGELES,CA,-118.3549021,34.02549362,"JEFFERSON BLVD & LA BREA AVE, LOS ANGELES, CA",JEFFERSON BLVD,LA BREA AVE,145296,
-118.3351521,34.02579498,31254,8794026,2019,2019-03-04T00:00:00.000Z,1942,2019-02-16T00:00:00.000Z,2335,41541,334,6,5,7,1942,0,0,0,C,0,3A41,CRENSHAW BL,JEFFERSON BL,80,N,N,A,-,N,,0,0,,,0,,,,N,4,0,4,4,A,-,4,21703,,N,C,C,A,A,H,-,C,A,0,,,,,Y,,A,1,0,0,4,0,0,0,0,0,0,- ,- ,0,0,2400,2,LOS ANGELES,LOS ANGELES,CA,-118.3351521,34.02579498,"CRENSHAW BLVD & JEFFERSON BLVD, LOS ANGELES, CA",CRENSHAW BLVD,JEFFERSON BLVD,106837,
-118.2915757,34.03607559,31255,8794030,2019,2019-03-15T00:00:00.000Z,1942,2019-02-11T00:00:00.000Z,2230,42415,318,1,5,7,1942,0,0,0,,0,3A58,VERMONT AV,22ND ST,30,N,N,A,-,N,,0,0,,,0,,,,Y,4,0,1,2,A,-,4,21703,,F,C,C,A,A,H,-,C,A,0,,,,,Y,,A,1,0,0,1,0,0,0,0,0,0,- ,- ,0,0,2400,2,LOS ANGELES,LOS ANGELES,CA,-118.2915757,34.03607559,"VERMONT AVE & 22ND ST, LOS ANGELES, CA",VERMONT AVE,22ND ST,148394,
-118.3201351,34.09075546,31256,8794044,2019,2019-03-01T00:00:00.000Z,1942,2019-02-13T00:00:00.000Z,2330,42501,677,3,5,7,1942,0,0,0,F,0,6A49W3,SANTA MONICA BL,GORDON ST,10,W,N,C,-,N,,0,0,,,0,,,,N,4,0,1,2,A,-,9,21802,A,F,C,C,A,B,H,-,C,D,0,,,,,Y,,A,1,0,0,1,0,0,0,0,0,0,- ,- ,0,0,2400,2,LOS ANGELES,LOS ANGELES,CA,-118.3201351,34.09075546,"SANTA MONICA BLVD & GORDON ST, LOS ANGELES, CA",SANTA MONICA BLVD,GORDON ST,146399,
-118.3089856,33.97697449,31257,8794061,2019,2019-02-28T00:00:00.000Z,1942,2019-02-10T00:00:00.000Z,2250,37743,1243,7,5,7,1942,0,0,0,L,0,12X18,69TH ST,WESTERN AV,2,E,N,A,-,N,,0,0,,,0,,,,N,4,0,1,2,A,-,10,21950,A,F,G,B,B,A,H,-,C,A,0,Y,,,,Y,,-,99,0,0,1,0,1,0,0,0,0,- ,- ,0,0,2400,2,LOS ANGELES,LOS ANGELES,CA,-118.3089856,33.97697449,"69TH ST & WESTERN AVE, LOS ANGELES, CA",69TH ST,WESTERN AVE,103094,
-118.3089922,33.9745636,31258,8795843,2019,2019-03-21T00:00:00.000Z,1942,2019-02-12T00:00:00.000Z,2140,42272,1253,2,5,7,1942,0,0,0,L,0,12A53,W FLORENCE AV,S WESTERN AV,0,,Y,A,-,N,,0,0,,,0,,,,N,4,0,1,2,A,-,9,21801,A,F,D,C,A,A,H,-,C,A,0,,,,,Y,,-,- ,0,0,1,0,0,0,0,0,0,- ,- ,0,0,2400,2,LOS ANGELES,LOS ANGELES,CA,-118.3089922,33.9745636,"FLORENCE AVE & WESTERN AVE, LOS ANGELES, CA",FLORENCE AVE,WESTERN AVE,127689,
-118.3679421,34.05172348,31259,8796318,2019,2019-02-27T00:00:00.000Z,1942,2019-02-03T00:00:00.000Z,2300,41978,762,7,5,7,1942,0,0,0,G,0,7A53,PICO BL,HAYWORTH AV,0,,Y,B,-,N,,0,0,,,0,,,,N,0,0,0,2,A,-,21,22106,,N,H,E,A,B,A,B,D,D,0,,,,Y,Y,,J,48,0,0,0,0,0,0,0,0,0,- ,- ,0,0,2400,2,LOS ANGELES,LOS ANGELES,CA,-118.3679421,34.05172348,"PICO BLVD & HAYWORTH AVE, LOS ANGELES, CA",PICO BLVD,HAYWORTH AVE,145603,
-118.2879121,33.74212265,31260,8797241,2019,2019-02-21T00:00:00.000Z,1942,2019-02-01T00:00:00.000Z,2200,42069,564,5,5,7,1942,0,0,0,E,0,5A59,PACIFIC AV,2ND ST,95,S,N,C,-,N,,0,0,,,0,,,,Y,3,0,1,3,A,-,1,23152,A,M,C,E,A,B,H,-,C,D,0,,,,,Y,Y,A,7,0,1,0,0,0,0,0,0,0,- ,- ,0,0,2400,2,LOS ANGELES,LOS ANGELES,CA,-118.2879121,33.74212265,"PACIFIC AVE & 2ND ST, LOS ANGELES, CA",PACIFIC AVE,2ND ST,128636,
-118.265067,33.94375229,31261,8798594,2019,2019-02-15T00:00:00.000Z,1942,2019-02-03T00:00:00.000Z,2145,42928,1824,7,5,7,1942,0,0,0,R,0,18A34,103RD ST,AVALON BL,35,E,N,C,-,N,,0,0,,,0,,,,Y,0,0,0,3,A,-,3,22350,,N,A,E,A,B,H,-,C,D,0,,,,,Y,Y,A,1,0,0,0,0,0,0,0,0,0,- ,- ,0,0,2400,2,LOS ANGELES,LOS ANGELES,CA,-118.265067,33.94375229,"103RD ST & AVALON BLVD, LOS ANGELES, CA",103RD ST,AVALON BLVD,119769,
-118.32449,34.04759979,31262,8798913,2019,2019-02-21T00:00:00.000Z,1942,2019-02-02T00:00:00.000Z,2145,39409,767,6,5,7,1942,0,0,0,G,0,7X14,PICO BL,12TH AV,25,E,N,C,-,N,,0,0,,,0,,,,N,0,0,0,2,A,-,3,22350,,M,C,E,A,B,H,-,C,A,0,,,,,Y,,-,99,0,0,0,0,0,0,0,0,0,- ,- ,0,0,2400,2,LOS ANGELES,LOS ANGELES,CA,-118.32449,34.04759979,"PICO BLVD & 12TH AVE, LOS ANGELES, CA",PICO BLVD,12TH AVE,145687,
-118.5363198,34.21200562,31263,8798921,2019,2019-02-21T00:00:00.000Z,1942,2019-02-03T00:00:00.000Z,2350,42344,1003,7,5,7,1942,0,0,0,J,0,10A3,INGOMAR ST,RESEDA BL,75,W,N,B,C,N,,0,0,,,0,,,,Y,0,0,0,3,A,-,8,22107,,M,B,E,A,B,H,-,C,D,0,,,,,Y,,A,1,0,0,0,0,0,0,0,0,0,- ,- ,0,0,2400,2,LOS ANGELES,LOS ANGELES,CA,-118.5363198,34.21200562,"INGOMAR ST & RESEDA BLVD, LOS ANGELES, CA",INGOMAR ST,RESEDA BLVD,98264,
-118.3765921,34.08016586,31264,8798925,2019,2019-02-21T00:00:00.000Z,1942,2019-02-03T00:00:00.000Z,2100,42273,711,7,5,7,1942,0,0,0,G,0,7A1,LA CIENEGA BL,ROSEWOOD AV,0,,Y,C,-,N,,0,0,,,0,,,,N,0,0,0,2,A,-,9,21802,A,M,B,C,A,B,H,-,C,A,0,,,,,Y,,-,99,0,0,0,0,0,0,0,0,0,- ,- ,0,0,2400,2,LOS ANGELES,LOS ANGELES,CA,-118.3765921,34.08016586,"LA CIENEGA BLVD & ROSEWOOD AVE, LOS ANGELES, CA",LA CIENEGA BLVD,ROSEWOOD AVE,100417,
-118.2651557,33.97207642,31265,8799532,2019,2019-02-27T00:00:00.000Z,1942,2019-02-03T00:00:00.000Z,2303,42612,,7,5,7,1942,0,0,0,,0,12A51,75TH ST,AVALON BL,5,E,N,C,-,N,,0,0,,,0,,,,Y,0,0,0,2,A,-,3,22350,,M,D,C,A,B,H,-,C,A,0,,,,,Y,,A,1,0,0,0,0,0,0,0,0,0,- ,- ,0,0,2400,2,LOS ANGELES,LOS ANGELES,CA,-118.2651557,33.97207642,"75TH ST & AVALON BLVD, LOS ANGELES, CA",75TH ST,AVALON BLVD,134576,
-118.4679671,34.17212296,31266,8800203,2019,2019-02-19T00:00:00.000Z,1942,2019-02-03T00:00:00.000Z,2330,33504,952,7,5,7,1942,0,0,0,I,0,9A41,BURBANK BL,SEPULVEDA BL,535,W,N,B,C,N,,0,0,,,0,,,,Y,3,0,2,2,A,-,1,23152,A,N,D,C,A,B,H,-,C,A,0,,,,,Y,Y,A,1,0,1,1,0,0,0,0,0,0,- ,- ,0,0,2400,2,LOS ANGELES,LOS ANGELES,CA,-118.4679671,34.17212296,"BURBANK BLVD & SEPULVEDA BLVD, LOS ANGELES, CA",BURBANK BLVD,SEPULVEDA BLVD,115300,
-118.2564921,33.95568085,31267,8800889,2019,2019-02-22T00:00:00.000Z,1942,2019-02-02T00:00:00.000Z,2350,42665,1809,6,5,7,1942,0,0,0,R,0,18A3,CENTRAL AV,89TH ST,20,N,N,C,-,N,,0,0,,,0,,,,Y,4,0,4,2,A,-,1,23152,A,N,C,C,A,B,H,-,D,D,0,,,,,Y,Y,A,1,0,0,4,0,0,0,0,0,0,- ,- ,0,0,2400,2,LOS ANGELES,LOS ANGELES,CA,-118.2564921,33.95568085,"CENTRAL AVE & 89TH ST, LOS ANGELES, CA",CENTRAL AVE,89TH ST,120748,
-118.2541821,33.94563675,31268,8800918,2019,2019-02-27T00:00:00.000Z,1942,2019-02-04T00:00:00.000Z,2300,42946,,1,5,7,1942,0,0,0,,0,18A41,CENTURY BL,CENTRAL AV,0,,Y,-,-,N,,0,0,,,0,,,,N,4,0,1,2,A,-,10,21950,A,F,G,B,B,B,A,-,-,A,0,Y,,,,Y,,-,99,0,0,1,0,1,0,0,0,0,- ,- ,0,0,2400,2,LOS ANGELES,LOS ANGELES,CA,-118.2541821,33.94563675,"CENTURY BLVD & CENTRAL AVE, LOS ANGELES, CA",CENTURY BLVD,CENTRAL AVE,145343,
-118.2840609,34.02737427,31269,8800951,2019,2019-02-22T00:00:00.000Z,1942,2019-02-05T00:00:00.000Z,2355,41631,328,2,5,7,1942,0,0,0,C,0,3A19,30TH ST,HOOVER,30,W,N,A,-,N,,0,0,,,0,,,,N,4,0,1,2,A,-,3,22350,,N,B,E,A,A,H,-,C,A,0,,,,,Y,,A,1,0,0,1,0,0,0,0,0,0,- ,- ,0,0,2400,2,LOS ANGELES,LOS ANGELES,CA,-118.2840609,34.02737427,"30TH ST & HOOVER ST, LOS ANGELES, CA",30TH ST,HOOVER ST,96588,
-118.287606,33.9891243,31270,8801122,2019,2019-02-22T00:00:00.000Z,1942,2019-02-08T00:00:00.000Z,2215,41870,1239,5,5,7,1942,0,0,0,L,0,12A49,W SLAUSON AV,HOOVER ST,150,W,N,A,-,N,,0,0,,,0,,,,N,4,0,4,3,A,-,8,22102,,N,-,C,A,A,H,-,C,A,0,,,,,Y,,A,1,0,0,4,0,0,0,0,0,0,- ,- ,0,0,2400,2,LOS ANGELES,LOS ANGELES,CA,-118.287606,33.9891243,"SLAUSON AVE & HOOVER ST, LOS ANGELES, CA",SLAUSON AVE,HOOVER ST,110047,
-118.2827022,33.97270584,31271,8801130,2019,2019-02-22T00:00:00.000Z,1942,2019-02-09T00:00:00.000Z,2235,41747,1256,6,5,7,1942,0,0,0,L,0,12A57,S FIGUEROA ST,W 74TH ST,0,,Y,C,-,N,,0,0,,,0,,,,Y,4,0,2,2,A,-,9,21801,A,N,D,C,A,B,H,-,C,D,0,,,,,Y,,A,1,0,0,2,0,0,0,0,0,0,- ,- ,0,0,2400,2,LOS ANGELES,LOS ANGELES,CA,-118.2827022,33.97270584,"FIGUEROA ST & 74TH ST, LOS ANGELES, CA",FIGUEROA ST,74TH ST,141758,
-118.3002821,33.98114014,31272,8801150,2019,2019-02-22T00:00:00.000Z,1942,2019-02-07T00:00:00.000Z,2255,42282,1245,4,5,7,1942,0,0,0,L,0,12A45,NORMANDIE AV,64TH ST,100,S,N,A,-,N,,0,0,,,0,,,,Y,4,0,5,2,A,-,3,22350,,N,C,C,A,A,H,-,C,A,0,,,,,Y,,A,7,0,0,5,0,0,0,0,0,0,- ,- ,0,0,2400,2,LOS ANGELES,LOS ANGELES,CA,-118.3002821,33.98114014,"NORMANDIE AVE & 64TH ST, LOS ANGELES, CA",NORMANDIE AVE,64TH ST,113529,
-118.2401044,34.03907013,31273,8801890,2019,2019-03-18T00:00:00.000Z,1942,2019-02-07T00:00:00.000Z,2125,40325,158,4,5,7,1942,0,0,0,A,0,1A29,6TH ST,CENTRAL AV,30,W,N,A,-,N,,0,0,,,0,,,,Y,4,0,2,2,A,-,17,21657,,F,A,C,A,A,H,-,C,A,0,,,,,Y,,D,22,0,0,2,0,0,0,0,0,0,- ,- ,0,0,2400,2,LOS ANGELES,LOS ANGELES,CA,-118.2401044,34.03907013,"6TH ST & CENTRAL AVE, LOS ANGELES, CA",6TH ST,CENTRAL AVE,121211,
-118.3680822,34.15766525,31274,8801912,2019,2019-04-02T00:00:00.000Z,1942,2019-02-04T00:00:00.000Z,2130,43165,1557,1,5,7,1942,0,0,0,O,0,15A27,CAMARILLO ST,CLEON AV,0,,Y,C,-,N,,0,0,,,0,,,,Y,0,0,0,3,A,-,1,23152,A,N,B,E,A,B,H,-,C,D,0,,,,,Y,Y,A,71,0,0,0,0,0,0,0,0,0,- ,- ,0,0,2400,2,LOS ANGELES,LOS ANGELES,CA,-118.3680822,34.15766525,"CAMARILLO ST & CLEON AVE, LOS ANGELES, CA",CAMARILLO ST,CLEON AVE,115006,
-118.4288841,34.20942688,31275,8802193,2019,2019-03-19T00:00:00.000Z,1942,2019-02-09T00:00:00.000Z,2220,42251,1999,6,5,7,1942,0,0,0,,0,19A93,SATICOY ST,VENTURA CANYON AV,43,W,N,B,-,N,,0,0,,,0,,,,Y,0,0,0,6,A,-,1,23152,A,N,B,E,A,A,H,-,C,D,0,,,,,Y,Y,A,8,0,0,0,0,0,0,0,0,0,- ,- ,0,0,2400,2,LOS ANGELES,LOS ANGELES,CA,-118.4288841,34.20942688,"SATICOY ST & VENTURA CANYON AVE, LOS ANGELES, CA",SATICOY ST,VENTURA CANYON AVE,146643,
-118.4850022,34.24289322,31276,8802197,2019,2019-04-02T00:00:00.000Z,1942,2019-02-03T00:00:00.000Z,2150,43630,1777,7,5,7,1942,0,0,0,Q,0,17A75,WOODLEY AV,PLUMMER ST,8,E,N,C,-,N,,0,0,,,0,,,,Y,0,0,0,3,A,-,1,23152,B,N,C,E,A,B,H,-,C,D,0,,,,,Y,Y,A,7,0,0,0,0,0,0,0,0,0,- ,- ,0,0,2400,2,LOS ANGELES,LOS ANGELES,CA,-118.4850022,34.24289322,"WOODLEY AVE & PLUMMER ST, LOS ANGELES, CA",WOODLEY AVE,PLUMMER ST,150675,
-118.4487322,34.19392395,31277,8802510,2019,2019-03-11T00:00:00.000Z,1942,2019-02-13T00:00:00.000Z,2100,43556,923,3,5,7,1942,0,0,0,I,0,9A23W3,VAN NUYS BL,VANOWEN ST,0,,Y,C,-,N,,0,0,,,0,,,,N,4,0,1,2,A,-,9,21804,A,N,B,G,A,B,H,-,C,A,0,,Y,,,Y,,L,4,0,0,1,0,0,0,1,0,0,- ,- ,0,0,2400,2,LOS ANGELES,LOS ANGELES,CA,-118.4487322,34.19392395,"VAN NUYS BLVD & VANOWEN ST, LOS ANGELES, CA",VAN NUYS BLVD,VANOWEN ST,101349,
-118.2564821,33.97216797,31278,8802732,2019,2019-02-21T00:00:00.000Z,1942,2019-02-03T00:00:00.000Z,2220,42118,1259,7,5,7,1942,0,0,0,L,0,12A69,CENTRAL AV,75TH ST,50,S,N,C,-,N,,0,0,,,0,,,,N,2,0,1,2,A,-,11,21954,A,N,G,B,D,B,H,-,C,D,0,Y,,,,Y,,N,60,1,0,0,0,1,0,0,0,0,- ,- ,0,0,2400,2,LOS ANGELES,LOS ANGELES,CA,-118.2564821,33.97216797,"CENTRAL AVE & 75TH ST, LOS ANGELES, CA",CENTRAL AVE,75TH ST,106611,
-118.2784222,33.9510231,31279,8802738,2019,2019-02-21T00:00:00.000Z,1942,2019-02-04T00:00:00.000Z,2220,43537,1822,1,5,7,1942,0,0,0,R,0,18A63,BROADWAY,94TH ST,0,,Y,C,-,N,,0,0,,,0,,,,N,4,0,1,2,A,-,11,21954,A,N,G,B,D,B,H,-,C,D,0,Y,,,,Y,Y,N,60,0,0,1,0,1,0,0,0,0,- ,- ,0,0,2400,2,LOS ANGELES,LOS ANGELES,CA,-118.2784222,33.9510231,"BROADWAY & 94TH ST, LOS ANGELES, CA",BROADWAY,94TH ST,102189,
-118.2651721,33.95019531,31280,8802753,2019,2019-02-21T00:00:00.000Z,1942,2019-02-04T00:00:00.000Z,2130,41747,1823,1,5,7,1942,0,0,0,R,0,18A3,AVALON BL,E 95TH ST,0,,Y,C,-,N,,0,0,,,0,,,,Y,4,0,1,2,A,-,9,21801,A,N,D,C,A,A,H,-,C,A,0,,,,,Y,,A,8,0,0,1,0,0,0,0,0,0,- ,- ,0,0,2400,2,LOS ANGELES,LOS ANGELES,CA,-118.2651721,33.95019531,"AVALON BLVD & 95TH ST, LOS ANGELES, CA",AVALON BLVD,95TH ST,120753,
-118.2975021,33.79280472,31281,8803641,2019,2019-03-06T00:00:00.000Z,1942,2019-02-10T00:00:00.000Z,2225,42069,513,7,5,7,1942,0,0,0,E,0,25T23,NORMANDIE AV,255TH ST,0,,N,A,-,N,,0,0,,,0,,,,N,0,0,0,2,A,-,5,21650,,M,D,E,A,A,H,-,C,A,0,,,,,Y,,A,1,0,0,0,0,0,0,0,0,0,- ,- ,0,0,2400,2,LOS ANGELES,LOS ANGELES,CA,-118.2975021,33.79280472,"NORMANDIE AVE & 255TH ST, LOS ANGELES, CA",NORMANDIE AVE,255TH ST,124297,
-118.3265446,33.97509003,31282,8804472,2019,2019-03-07T00:00:00.000Z,1942,2019-02-21T00:00:00.000Z,2320,42118,1251,4,5,7,1942,0,0,0,L,0,12A51,8TH AV,FLORENCE AV,200,N,N,A,-,N,,0,0,,,0,,,,Y,0,0,0,3,A,-,3,22350,,M,B,C,A,A,H,-,C,D,0,,,,,Y,,-,99,0,0,0,0,0,0,0,0,0,- ,- ,0,0,2400,2,LOS ANGELES,LOS ANGELES,CA,-118.3265446,33.97509003,"8TH AVE & FLORENCE AVE, LOS ANGELES, CA",8TH AVE,FLORENCE AVE,117054,
-118.2915621,34.01086426,31283,8804493,2019,2019-03-05T00:00:00.000Z,1942,2019-02-02T00:00:00.000Z,2335,43263,318,6,5,7,1942,0,0,0,C,0,3A19,VERMONT AV,MARTIN LUTHER KING BL,0,,Y,C,-,N,,0,0,,,0,,,,N,4,0,2,2,A,-,0,21600,,F,A,D,A,B,H,-,C,A,0,,,,,Y,,-,99,0,0,2,0,0,0,0,0,0,- ,- ,0,0,2400,2,LOS ANGELES,LOS ANGELES,CA,-118.2915621,34.01086426,"VERMONT AVE & MARTIN LUTHER KING JR BLVD, LOS ANGELES, CA",VERMONT AVE,MARTIN LUTHER KING JR BLVD,148827,
-118.4287422,34.20942307,31284,8804767,2019,2019-03-18T00:00:00.000Z,1942,2019-02-14T00:00:00.000Z,2110,42309,1999,4,5,7,1942,0,0,0,,0,19A93,SATICOY ST,VENTURA CANYON AV,0,,Y,B,-,N,,0,0,,,0,,,,Y,0,0,0,2,A,-,12,21453,A,M,D,C,A,B,H,-,C,A,0,,,,,Y,,-,99,0,0,0,0,0,0,0,0,0,- ,- ,0,0,2400,2,LOS ANGELES,LOS ANGELES,CA,-118.4287422,34.20942307,"SATICOY ST & VENTURA CANYON AVE, LOS ANGELES, CA",SATICOY ST,VENTURA CANYON AVE,146643,
-118.6466422,34.21917343,31285,8804775,2019,2019-03-12T00:00:00.000Z,1942,2019-02-07T00:00:00.000Z,2130,43556,2111,4,5,7,1942,0,0,0,,0,21A5,VALLEY CIR,ROSCOE BL,0,,Y,A,-,N,,0,0,,,0,,,,Y,4,0,1,2,A,-,9,21453,C,N,A,C,A,A,H,-,C,A,0,,,,,Y,,A,1,0,0,1,0,0,0,0,0,0,- ,- ,0,0,2400,2,LOS ANGELES,LOS ANGELES,CA,-118.6466422,34.21917343,"VALLEY CIRCLE BLVD & ROSCOE BLVD, LOS ANGELES, CA",VALLEY CIRCLE BLVD,ROSCOE BLVD,102069,
-118.5885622,34.23572922,31286,8804998,2019,2019-02-22T00:00:00.000Z,1942,2019-02-07T00:00:00.000Z,2308,42344,1781,4,5,7,1942,0,0,0,Q,0,17A81,DE SOTO AV,NORDHOFF ST,100,N,N,A,-,N,,0,0,,,0,,,,N,0,0,0,2,A,-,8,22107,,M,B,E,A,A,H,-,C,D,0,,,,,Y,,A,7,0,0,0,0,0,0,0,0,0,- ,- ,0,0,2400,2,LOS ANGELES,LOS ANGELES,CA,-118.5885622,34.23572922,"DE SOTO AVE & NORDHOFF ST, LOS ANGELES, CA",DE SOTO AVE,NORDHOFF ST,102204,
-118.6049646,34.15690994,31287,8805038,2019,2019-02-22T00:00:00.000Z,1942,2019-02-02T00:00:00.000Z,2310,38183,2185,6,5,7,1942,0,0,0,,0,21A73,DUMETZ RD,TOPANGA CANYON BL,266,E,N,C,-,N,,0,0,,,0,,,,N,0,0,0,2,A,-,3,22350,,M,B,E,A,B,H,-,C,D,0,,,,,Y,,-,99,0,0,0,0,0,0,0,0,0,- ,- ,0,0,2400,2,LOS ANGELES,LOS ANGELES,CA,-118.6049646,34.15690994,"DUMETZ RD & TOPANGA CANYON BLVD, LOS ANGELES, CA",DUMETZ RD,TOPANGA CANYON BLVD,108279,
-118.3679149,34.16867065,31288,8805187,2019,2019-02-28T00:00:00.000Z,1942,2019-02-05T00:00:00.000Z,2215,39493,1549,2,5,7,1942,0,0,0,O,0,15A39,CHANDLER BL,SATSUMA AV,116,W,N,A,-,N,,0,0,,,0,,,,N,3,0,1,2,A,-,11,21956,A,F,G,B,E,A,H,-,C,D,0,Y,,,,Y,,N,60,0,1,0,0,1,0,0,0,0,- ,- ,0,0,2400,2,LOS ANGELES,LOS ANGELES,CA,-118.3679149,34.16867065,"CHANDLER BLVD & SATSUMA AVE, LOS ANGELES, CA",CHANDLER BLVD,SATSUMA AVE,105665,