X,Y,OBJECTID,case_id,accident_year,proc_date,juris,collision_date,collision_time,officer_id,reporting_district,day_of_week,chp_shift,population,cnty_city_loc,special_cond,beat_type,chp_beat_type,city_division_lapd,chp_beat_class,beat_number,primary_rd,secondary_rd,distance,direction,intersection,weather_1,weather_2,state_hwy_ind,caltrans_county,caltrans_district,state_route,route_suffix,postmile_prefix,postmile,location_type,ramp_intersection,side_of_hwy,tow_away,collision_severity,number_killed,number_injured,party_count,primary_coll_factor,pcf_code_of_viol,pcf_viol_category,pcf_violation,pcf_viol_subsection,hit_and_run,type_of_collision,mviw,ped_action,road_surface,road_cond_1,road_cond_2,lighting,control_device,chp_road_type,pedestrian_accident,bicycle_accident,motorcycle_accident,truck_accident,not_private_property,alcohol_involved,stwd_vehtype_at_fault,chp_vehtype_at_fault,count_severe_inj,count_visible_inj,count_complaint_pain,count_ped_killed,count_ped_injured,count_bicyclist_killed,count_bicyclist_injured,count_mc_killed,count_mc_injured,primary_ramp,secondary_ramp,latitude,longitude,timecat,month_,city,county,state,point_x,point_y,match_addr,m_primaryrd,m_secondrd,int_id,Flag
-118.5943022,34.20116806,31289,8805205,2019,2019-02-27T00:00:00.000Z,1942,2019-02-03T00:00:00.000Z,2105,37613,2146,7,5,7,1942,0,0,0,,0,21A57,MILWOOD AV,SHERMAN WY,48,N,N,C,-,N,,0,0,,,0,,,,N,0,0,0,2,A,-,8,22107,,M,B,C,A,B,H,-,C,D,0,,,,,Y,,-,99,0,0,0,0,0,0,0,0,0,- ,- ,0,0,2400,2,LOS ANGELES,LOS ANGELES,CA,-118.5943022,34.20116806,"MILWOOD AVE & SHERMAN WAY, LOS ANGELES, CA",MILWOOD AVE,SHERMAN WAY,147149,
-118.2827521,34.01112366,31291,8805844,2019,2019-02-20T00:00:00.000Z,1942,2019-02-01T00:00:00.000Z,2350,43106,259,5,5,7,1942,0,0,0,,0,3A57,FIGUEROA ST,MLK BL,0,,Y,C,-,N,,0,0,,,0,,,,Y,4,0,1,2,A,-,12,21453,A,N,D,C,A,B,H,-,C,A,0,,,,,Y,,A,7,0,0,1,0,0,0,0,0,0,- ,- ,0,0,2400,2,LOS ANGELES,LOS ANGELES,CA,-118.2827521,34.01112366,"FIGUEROA ST & MARTIN LUTHER KING JR BLVD, LOS ANGELES, CA",FIGUEROA ST,MARTIN LUTHER KING JR BLVD,148988,
-118.3156346,33.98335648,31292,8806119,2019,2019-02-22T00:00:00.000Z,1942,2019-02-03T00:00:00.000Z,2140,42612,1243,7,5,7,1942,0,0,0,L,0,12A51,62ND ST,CIMARRON ST,60,E,N,C,-,N,,0,0,,,0,,,,Y,0,0,0,2,A,-,21,22106,,M,A,E,A,B,H,-,C,D,0,,,,,Y,,A,1,0,0,0,0,0,0,0,0,0,- ,- ,0,0,2400,2,LOS ANGELES,LOS ANGELES,CA,-118.3156346,33.98335648,"62ND ST & CIMARRON ST, LOS ANGELES, CA",62ND ST,CIMARRON ST,106526,
-118.2717221,33.94558334,31293,8806133,2019,2019-02-25T00:00:00.000Z,1942,2019-02-02T00:00:00.000Z,2145,43294,1823,6,5,7,1942,0,0,0,R,0,18A63,CENTURY BL,WALL ST,0,,Y,C,-,N,,0,0,,,0,,,,Y,0,0,0,3,A,-,12,22450,A,M,D,C,A,B,H,-,C,A,0,,,,,Y,,-,99,0,0,0,0,0,0,0,0,0,- ,- ,0,0,2400,2,LOS ANGELES,LOS ANGELES,CA,-118.2717221,33.94558334,"CENTURY BLVD & WALL ST, LOS ANGELES, CA",CENTURY BLVD,WALL ST,113679,
-118.3508572,34.03262711,31294,8806566,2019,2019-03-04T00:00:00.000Z,1942,2019-02-07T00:00:00.000Z,2130,41129,312,4,5,7,1942,0,0,0,C,0,3A1,S LA BREA AV,ADAMS BL,45,N,N,A,-,N,,0,0,,,0,,,,N,0,0,0,2,A,-,8,22107,,M,B,C,A,A,H,-,C,A,0,,,,,Y,,-,99,0,0,0,0,0,0,0,0,0,- ,- ,0,0,2400,2,LOS ANGELES,LOS ANGELES,CA,-118.3508572,34.03262711,"LA BREA AVE & ADAMS BLVD, LOS ANGELES, CA",LA BREA AVE,ADAMS BLVD,96407,
-118.3090521,34.04908752,31295,8806581,2019,2019-02-28T00:00:00.000Z,1942,2019-02-07T00:00:00.000Z,2155,41856,2063,4,5,7,1942,0,0,0,,0,20A53,WESTERN AV,12TH ST,23,N,N,A,-,N,,0,0,,,0,,,,Y,3,0,1,2,A,-,9,21802,A,N,D,C,A,A,H,-,C,D,0,,,Y,,Y,,A,1,0,1,0,0,0,0,0,0,1,- ,- ,0,0,2400,2,LOS ANGELES,LOS ANGELES,CA,-118.3090521,34.04908752,"WESTERN AVE & 12TH ST, LOS ANGELES, CA",WESTERN AVE,12TH ST,117521,
-118.3113921,34.07624435,31296,8806585,2019,2019-02-28T00:00:00.000Z,1942,2019-02-09T00:00:00.000Z,2115,38815,2011,6,5,7,1942,0,0,0,,0,20A1,SAINT ANDREWS PL,BEVERLY PL,0,,Y,A,-,N,,0,0,,,0,,,,Y,4,0,1,2,A,-,9,21802,A,N,D,C,A,A,H,-,C,A,0,,,,,Y,,A,1,0,0,1,0,0,0,0,0,0,- ,- ,0,0,2400,2,LOS ANGELES,LOS ANGELES,CA,-118.3113921,34.07624435,"ST ANDREWS PL & BEVERLY BLVD, LOS ANGELES, CA",ST ANDREWS PL,BEVERLY BLVD,135664,
-118.3176605,34.02534103,31297,8806615,2019,2019-02-28T00:00:00.000Z,1942,2019-02-14T00:00:00.000Z,2150,43654,355,4,5,7,1942,0,0,0,C,0,3A55,ARLINGTON AV,JEFFERSON BL,75,S,N,A,-,N,,0,0,,,0,,,,Y,0,0,0,1,A,-,3,22350,,M,E,-,A,A,H,-,C,D,0,,,,,Y,,A,1,0,0,0,0,0,0,0,0,0,- ,- ,0,0,2400,2,LOS ANGELES,LOS ANGELES,CA,-118.3176605,34.02534103,"ARLINGTON AVE & JEFFERSON BLVD, LOS ANGELES, CA",ARLINGTON AVE,JEFFERSON BLVD,120802,
-118.2651898,33.93403626,31298,8806618,2019,2019-02-28T00:00:00.000Z,1942,2019-02-02T00:00:00.000Z,2100,43311,1844,6,5,7,1942,0,0,0,R,0,18A44,AVALON BL,111TH PL,40,N,N,C,-,N,,0,0,,,0,,,,Y,0,0,0,4,A,-,1,23152,A,N,D,C,A,B,H,-,C,A,0,,,,,Y,Y,A,1,0,0,0,0,0,0,0,0,0,- ,- ,0,0,2400,2,LOS ANGELES,LOS ANGELES,CA,-118.2651898,33.93403625,"AVALON BLVD & 111TH PL, LOS ANGELES, CA",AVALON BLVD,111TH PL,141792,
-118.2857221,33.73780823,31299,8806888,2019,2019-03-04T00:00:00.000Z,1942,2019-02-09T00:00:00.000Z,2200,39988,566,6,5,7,1942,0,0,0,E,0,5A59,MESA AV,7TH ST,10,S,N,A,-,N,,0,0,,,0,,,,N,0,0,0,2,A,-,8,22107,,N,D,E,A,A,H,-,C,A,0,,,,,Y,,A,1,0,0,0,0,0,0,0,0,0,- ,- ,0,0,2400,2,LOS ANGELES,LOS ANGELES,CA,-118.2857221,33.73780823,"MESA ST & 7TH ST, LOS ANGELES, CA",MESA ST,7TH ST,146066,
-118.2670294,33.79119873,31300,8806896,2019,2019-03-04T00:00:00.000Z,1942,2019-02-09T00:00:00.000Z,2200,42707,516,6,5,7,1942,0,0,0,E,0,5A1,ISLAND AV,PACIFIC COAST HWY,85,N,N,A,-,N,,0,0,,,0,,,,N,0,0,0,2,A,-,5,21650,,M,B,C,A,A,H,-,C,A,0,,,,,Y,,-,99,0,0,0,0,0,0,0,0,0,- ,- ,0,0,2400,2,LOS ANGELES,LOS ANGELES,CA,-118.2670294,33.79119873,"ISLAND AVE & PACIFIC COAST HWY, LOS ANGELES, CA",ISLAND AVE,PACIFIC COAST HWY,148863,
-118.242589,34.06019592,31301,8806951,2019,2019-03-04T00:00:00.000Z,1942,2019-02-02T00:00:00.000Z,2135,34426,111,6,5,7,1942,0,0,0,A,0,1A1,N HILL PL,CESAR E CHAVEZ AV,125,N,N,A,-,N,,0,0,,,0,,,,Y,0,0,0,3,A,-,9,21804,A,N,D,C,A,B,H,-,C,D,0,,,,,Y,Y,A,8,0,0,0,0,0,0,0,0,0,- ,- ,0,0,2400,2,LOS ANGELES,LOS ANGELES,CA,-118.242589,34.06019592,"HILL PL & CESAR E CHAVEZ AVE, LOS ANGELES, CA",HILL PL,CESAR E CHAVEZ AVE,128129,
-118.6177063,34.16152573,31302,8807042,2019,2019-03-05T00:00:00.000Z,1942,2019-02-16T00:00:00.000Z,2150,40876,2185,6,5,7,1942,0,0,0,,0,21A73,MACFARLANE LN,MACFARLANE DR,600,S,N,A,-,N,,0,0,,,0,,,,N,4,0,1,2,A,-,9,21804,A,F,C,C,A,A,H,-,D,D,0,,,,,Y,,-,99,0,0,1,0,0,0,0,0,0,- ,- ,0,0,2400,2,LOS ANGELES,LOS ANGELES,CA,-118.6177063,34.16152573,"MACFARLANE LN & MACFARLANE DR, LOS ANGELES, CA",MACFARLANE LN,MACFARLANE DR,152570,
-118.2552512,34.05799866,31303,8807052,2019,2019-03-18T00:00:00.000Z,1942,2019-02-09T00:00:00.000Z,2340,40730,237,6,5,7,1942,0,0,0,B,0,2A39,S BEAUDRY AV,2ND ST,52,N,N,A,-,N,,0,0,,,0,,,,Y,4,0,2,2,A,-,1,23152,A,N,A,C,A,A,H,-,C,A,0,,,,,Y,Y,A,1,0,0,2,0,0,0,0,0,0,- ,- ,0,0,2400,2,LOS ANGELES,LOS ANGELES,CA,-118.2552512,34.05799866,"BEAUDRY AVE & 2ND ST, LOS ANGELES, CA",BEAUDRY AVE,2ND ST,124661,
-118.3965222,34.18667603,31304,8807058,2019,2019-03-05T00:00:00.000Z,1942,2019-02-17T00:00:00.000Z,2310,38956,1524,7,5,7,1942,0,0,0,O,0,15A33,LAUREL CANYON BL,VICTORY BL,0,,Y,A,-,N,,0,0,,,0,,,,Y,2,0,1,2,A,-,9,21801,A,F,D,C,A,A,H,-,C,A,0,,,Y,,Y,,-,99,1,0,0,0,0,0,0,0,1,- ,- ,0,0,2400,2,LOS ANGELES,LOS ANGELES,CA,-118.3965222,34.18667603,"LAUREL CANYON BLVD & VICTORY BLVD, LOS ANGELES, CA",LAUREL CANYON BLVD,VICTORY BLVD,137158,
-118.2969624,34.07633972,31305,8807096,2019,2019-03-04T00:00:00.000Z,1942,2019-02-12T00:00:00.000Z,2245,33130,221,2,5,7,1942,0,0,0,B,0,2A1,N KENMORE AV,BEVERLY BL,13,N,N,A,-,N,,0,0,,,0,,,,N,4,0,1,2,A,-,10,21950,A,N,G,B,B,A,H,-,C,D,0,Y,,,,Y,,A,1,0,0,1,0,1,0,0,0,0,- ,- ,0,0,2400,2,LOS ANGELES,LOS ANGELES,CA,-118.2969624,34.07633972,"KENMORE AVE & BEVERLY BLVD, LOS ANGELES, CA",KENMORE AVE,BEVERLY BLVD,132332,
-118.5885622,34.23545456,31306,8807101,2019,2019-03-06T00:00:00.000Z,1942,2019-02-13T00:00:00.000Z,2140,36257,1781,3,5,7,1942,0,0,0,Q,0,17A81,NORDHOFF ST,DE SOTO AV,0,,Y,C,-,N,,0,0,,,0,,,,Y,4,0,2,2,A,-,12,21453,A,F,D,C,A,B,H,-,C,A,0,,,,,Y,,-,99,0,0,2,0,0,0,0,0,0,- ,- ,0,0,2400,2,LOS ANGELES,LOS ANGELES,CA,-118.5885622,34.23545456,"NORDHOFF ST & DE SOTO AVE, LOS ANGELES, CA",NORDHOFF ST,DE SOTO AVE,102204,
-118.430427,34.19394302,31307,8807105,2019,2019-03-06T00:00:00.000Z,1942,2019-02-20T00:00:00.000Z,2135,37353,919,3,5,7,1942,0,0,0,I,0,9A19,VANOWEN ST,WOODMAN AV,250,E,N,C,-,N,,0,0,,,0,,,,N,4,0,1,2,A,-,3,22350,,F,C,C,A,B,H,-,C,D,0,,,,,Y,,-,99,0,0,1,0,0,0,0,0,0,- ,- ,0,0,2400,2,LOS ANGELES,LOS ANGELES,CA,-118.430427,34.19394302,"VANOWEN ST & WOODMAN AVE, LOS ANGELES, CA",VANOWEN ST,WOODMAN AVE,146893,
-118.4405884,34.25918198,31308,8807683,2019,2019-03-19T00:00:00.000Z,1942,2019-02-07T00:00:00.000Z,2335,36257,1959,4,5,7,1942,0,0,0,,0,19A79,PATRICK AV,FILMORE ST,351,N,N,A,-,N,,0,0,,,0,,,,Y,0,0,0,2,A,-,13,22515,A,M,C,E,A,A,H,-,D,D,0,,,,,Y,,D,22,0,0,0,0,0,0,0,0,0,- ,- ,0,0,2400,2,LOS ANGELES,LOS ANGELES,CA,-118.4405884,34.25918198,"PATRICK AVE & FILMORE ST, LOS ANGELES, CA",PATRICK AVE,FILMORE ST,122799,
-118.4487579,34.20053864,31309,8807695,2019,2019-03-11T00:00:00.000Z,1942,2019-02-03T00:00:00.000Z,2110,40353,914,7,5,7,1942,0,0,0,I,0,9A23,VAN NUYS BL,SHERMAN WAY,236,S,N,C,-,N,,0,0,,,0,,,,N,3,0,2,3,A,-,9,21801,A,N,D,C,A,B,H,-,C,D,0,,,,,Y,,D,22,0,1,1,0,0,0,0,0,0,- ,- ,0,0,2400,2,LOS ANGELES,LOS ANGELES,CA,-118.4487579,34.20053864,"VAN NUYS BLVD & SHERMAN WAY, LOS ANGELES, CA",VAN NUYS BLVD,SHERMAN WAY,105050,
-118.4188776,34.2181778,31310,8807754,2019,2019-03-18T00:00:00.000Z,1942,2019-02-26T00:00:00.000Z,2345,40388,1501,2,5,7,1942,0,0,0,O,0,15A21,WILLARD ST,FULTON AV,24,E,N,A,-,N,,0,0,,,0,,,,Y,0,0,0,2,A,-,5,21650,,M,D,E,A,A,H,-,C,D,0,,,,,Y,,D,22,0,0,0,0,0,0,0,0,0,- ,- ,0,0,2400,2,LOS ANGELES,LOS ANGELES,CA,-118.4188776,34.2181778,"WILLARD ST & FULTON AVE, LOS ANGELES, CA",WILLARD ST,FULTON AVE,132596,
-118.2826121,33.9309845,31311,8807774,2019,2019-03-20T00:00:00.000Z,1942,2019-02-06T00:00:00.000Z,2310,42899,1862,3,5,7,1942,0,0,0,R,0,18A1,FIGUEROA ST,IMPERIAL,0,,Y,A,-,N,,0,0,,,0,,,,Y,4,0,3,3,A,-,12,21453,A,N,A,C,A,A,H,-,C,A,0,,,,,Y,,A,1,0,0,3,0,0,0,0,0,0,- ,- ,0,0,2400,2,LOS ANGELES,LOS ANGELES,CA,-118.2826121,33.9309845,"FIGUEROA ST & IMPERIAL HWY, LOS ANGELES, CA",FIGUEROA ST,IMPERIAL HWY,141889,
-118.5273022,34.18018341,31312,8807884,2019,2019-04-05T00:00:00.000Z,1942,2019-02-05T00:00:00.000Z,2255,39646,1045,2,5,7,1942,0,0,0,J,0,10X88,LINDLEY AV,OXNARD ST,0,,Y,A,-,N,,0,0,,,0,,,,Y,3,0,3,2,A,-,12,21453,A,N,A,D,A,A,H,-,C,A,0,,,,,Y,,A,1,0,3,0,0,0,0,0,0,0,- ,- ,0,0,2400,2,LOS ANGELES,LOS ANGELES,CA,-118.5273022,34.18018341,"LINDLEY AVE & OXNARD ST, LOS ANGELES, CA",LINDLEY AVE,OXNARD ST,150788,
-118.5455585,34.20116425,31313,8807892,2019,2019-03-12T00:00:00.000Z,1942,2019-02-02T00:00:00.000Z,2250,43584,1023,6,5,7,1942,0,0,0,J,0,1011,SHERMAN WAY WEST,WILBUR AV,220,W,N,B,C,N,,0,0,,,0,,,,Y,2,0,1,2,A,-,8,22103,,N,B,C,A,B,H,-,C,D,0,,,Y,,Y,,A,1,1,0,0,0,0,0,0,0,1,- ,- ,0,0,2400,2,LOS ANGELES,LOS ANGELES,CA,-118.5455585,34.20116425,"SHERMAN WAY & WILBUR AVE, LOS ANGELES, CA",SHERMAN WAY,WILBUR AVE,109135,
-118.2482822,34.09844589,31314,8808017,2019,2019-03-20T00:00:00.000Z,1942,2019-02-27T00:00:00.000Z,2125,39395,1145,3,5,7,1942,0,0,0,K,0,11A71,NEWELL ST,RIVERSIDE DR,0,,Y,C,-,N,,0,0,,,0,,,,Y,1,1,0,2,A,-,11,21456,B,N,G,B,B,B,H,-,C,A,0,Y,,,,Y,,-,- ,0,0,0,1,0,0,0,0,0,- ,- ,0,0,2400,2,LOS ANGELES,LOS ANGELES,CA,-118.2482822,34.09844589,"NEWELL ST & RIVERSIDE DR, LOS ANGELES, CA",NEWELL ST,RIVERSIDE DR,110996,
-118.3126188,33.95996475,31315,8808087,2019,2019-04-17T00:00:00.000Z,1942,2019-02-23T00:00:00.000Z,2105,42282,1263,6,5,7,1942,0,0,0,L,0,12A53,MANCHESTER AV,GRAMERCY PL,238,E,N,A,-,N,,0,0,,,0,,,,N,1,1,0,3,A,-,3,22350,,F,C,G,A,A,H,-,C,A,0,,Y,,Y,Y,,-,99,0,0,0,0,0,1,0,0,0,- ,- ,0,0,2400,2,LOS ANGELES,LOS ANGELES,CA,-118.3126188,33.95996475,"MANCHESTER AVE & GRAMERCY PL, LOS ANGELES, CA",MANCHESTER AVE,GRAMERCY PL,106616,
-118.2493821,34.04952622,31316,8809445,2019,2019-03-27T00:00:00.000Z,1942,2019-02-01T00:00:00.000Z,2220,43473,134,5,5,7,1942,0,0,0,A,0,1A12,BROADWAY ST,4TH ST,0,,Y,A,-,N,,0,0,,,0,,,,N,0,0,0,2,A,-,0,21703,A,N,C,C,A,B,H,-,C,A,0,,,,,Y,,I,20,0,0,0,0,0,0,0,0,0,- ,- ,0,0,2400,2,LOS ANGELES,LOS ANGELES,CA,-118.2493821,34.04952621,"BROADWAY & 4TH ST, LOS ANGELES, CA",BROADWAY,4TH ST,142160,
-118.2778612,33.98421478,31317,8810068,2019,2019-03-12T00:00:00.000Z,1942,2019-02-14T00:00:00.000Z,2353,34426,1383,4,5,7,1942,0,0,0,M,0,13A93,61ST ST,BROADWAY,140,E,N,C,-,N,,0,0,,,0,,,,N,0,0,0,2,A,-,21,22106,,M,B,E,A,B,H,-,C,D,0,,,,,Y,,-,99,0,0,0,0,0,0,0,0,0,- ,- ,0,0,2400,2,LOS ANGELES,LOS ANGELES,CA,-118.2778612,33.98421478,"61ST ST & BROADWAY, LOS ANGELES, CA",61ST ST,BROADWAY,141759,
-118.1646673,34.08576965,31318,8810076,2019,2019-03-12T00:00:00.000Z,1942,2019-02-05T00:00:00.000Z,2320,36814,429,2,5,7,1942,0,0,0,D,0,4A9,TEMPLETON ST,DORCHESTER AV,85,W,N,A,-,N,,0,0,,,0,,,,N,0,0,0,1,A,-,3,22350,,M,E,I,A,A,H,-,C,D,0,,,,,Y,,-,99,0,0,0,0,0,0,0,0,0,- ,- ,0,0,2400,2,LOS ANGELES,LOS ANGELES,CA,-118.1646673,34.08576965,"TEMPLETON ST & DORCHESTER AVE, LOS ANGELES, CA",TEMPLETON ST,DORCHESTER AVE,143035,
-118.4516636,34.22517395,31319,8810248,2019,2019-03-07T00:00:00.000Z,1942,2019-02-22T00:00:00.000Z,2250,40165,1985,5,5,7,1942,0,0,0,,0,19A85,TOBIAS ST,CHASE ST,160,N,N,A,-,N,,0,0,,,0,,,,N,4,0,2,2,A,-,4,21703,,F,C,C,A,A,H,-,C,D,0,,,,,Y,,-,99,0,0,2,0,0,0,0,0,0,- ,- ,0,0,2400,2,LOS ANGELES,LOS ANGELES,CA,-118.4516636,34.22517395,"TOBIAS AVE & CHASE ST, LOS ANGELES, CA",TOBIAS AVE,CHASE ST,133010,
-118.2898438,33.73422623,31320,8810257,2019,2019-03-19T00:00:00.000Z,1942,2019-02-15T00:00:00.000Z,2100,41203,563,5,5,7,1942,0,0,0,E,0,5XL3,11TH ST,GRAND AV,100,E,N,B,C,N,,0,0,,,0,,,,Y,4,0,2,7,A,-,3,22350,,F,C,C,A,B,H,-,C,D,0,,,,,Y,,A,1,0,0,2,0,0,0,0,0,0,- ,- ,0,0,2400,2,LOS ANGELES,LOS ANGELES,CA,-118.2898438,33.73422623,"11TH ST & GRAND AVE (SAN PEDRO), LOS ANGELES, CA",11TH ST,GRAND AVE (SAN PEDRO),135891,
-118.5641695,34.26011658,31321,8810276,2019,2019-03-07T00:00:00.000Z,1942,2019-02-16T00:00:00.000Z,2355,42344,1725,6,5,7,1942,0,0,0,Q,0,17A23,CORBIN AV,HIAWATHA ST,351,N,N,A,-,N,,0,0,,,0,,,,N,3,0,1,1,A,-,3,22350,,N,E,I,A,A,H,-,C,A,0,,,,,Y,,A,1,0,1,0,0,0,0,0,0,0,- ,- ,0,0,2400,2,LOS ANGELES,LOS ANGELES,CA,-118.5641695,34.26011658,"CORBIN AVE & HIAWATHA ST, LOS ANGELES, CA",CORBIN AVE,HIAWATHA ST,140792,
-118.4662022,34.17209625,31322,8810287,2019,2019-03-22T00:00:00.000Z,1942,2019-02-03T00:00:00.000Z,2200,40353,952,7,5,7,1942,0,0,0,I,0,9A41,SEPULVEDA BL,BURBANK BL,0,,Y,C,-,N,,0,0,,,0,,,,Y,4,0,5,2,A,-,12,21453,A,N,A,C,A,B,H,-,C,A,0,,,,,Y,,A,1,0,0,5,0,0,0,0,0,0,- ,- ,0,0,2400,2,LOS ANGELES,LOS ANGELES,CA,-118.4662022,34.17209625,"SEPULVEDA BLVD & BURBANK BLVD, LOS ANGELES, CA",SEPULVEDA BLVD,BURBANK BLVD,115300,
-118.4574822,34.2093544,31323,8810298,2019,2019-03-06T00:00:00.000Z,1942,2019-02-01T00:00:00.000Z,2200,42309,904,5,5,7,1942,0,0,0,I,0,9A5,KESTER AV,LULL ST,0,,Y,C,-,N,,0,0,,,0,,,,N,4,0,2,2,A,-,8,22102,,N,D,C,A,B,H,-,C,D,0,,,,,Y,,A,1,0,0,2,0,0,0,0,0,0,- ,- ,0,0,2400,2,LOS ANGELES,LOS ANGELES,CA,-118.4574822,34.2093544,"KESTER AVE & LULL ST, LOS ANGELES, CA",KESTER AVE,LULL ST,97953,
-118.5623322,34.25725555,31324,8810322,2019,2019-03-06T00:00:00.000Z,1942,2019-02-17T00:00:00.000Z,2100,43357,1725,7,5,7,1942,0,0,0,Q,0,LOS AN,DEVONSHIRE,CORBIN,0,,Y,A,-,N,,0,0,,,0,,,,Y,4,0,1,2,A,-,9,21801,A,N,-,C,A,A,H,-,C,-,0,,,,,Y,,A,1,0,0,1,0,0,0,0,0,0,- ,- ,0,0,2400,2,LOS ANGELES,LOS ANGELES,CA,-118.5623322,34.25725555,"DEVONSHIRE ST & CORBIN AVE, LOS ANGELES, CA",DEVONSHIRE ST,CORBIN AVE,126765,
-118.5535822,34.22046661,31325,8810385,2019,2019-03-07T00:00:00.000Z,1942,2019-02-23T00:00:00.000Z,2325,42029,1001,6,5,7,1942,0,0,0,J,0,10A3,TAMPA AV,ROSCOE BL,0,,Y,A,-,N,,0,0,,,0,,,,Y,3,0,5,2,A,-,12,21453,A,N,D,C,A,A,H,-,C,A,0,,,,,Y,,A,1,0,1,4,0,0,0,0,0,0,- ,- ,0,0,2400,2,LOS ANGELES,LOS ANGELES,CA,-118.5535822,34.22046661,"TAMPA AVE & ROSCOE BLVD, LOS ANGELES, CA",TAMPA AVE,ROSCOE BLVD,122498,
-118.3003821,34.06711197,31326,8810669,2019,2019-03-11T00:00:00.000Z,1942,2019-02-02T00:00:00.000Z,2130,43381,2025,6,5,7,1942,0,0,0,,0,20A39,NORMANDIE AV,4TH ST,30,S,N,B,C,N,,0,0,,,0,,,,N,0,0,0,2,A,-,8,22107,,M,B,C,A,B,H,-,C,A,0,,,,,Y,,-,99,0,0,0,0,0,0,0,0,0,- ,- ,0,0,2400,2,LOS ANGELES,LOS ANGELES,CA,-118.3003821,34.06711197,"NORMANDIE AVE & 4TH ST, LOS ANGELES, CA",NORMANDIE AVE,4TH ST,114708,
-118.3130587,34.04717636,31327,8810685,2019,2019-03-11T00:00:00.000Z,1942,2019-02-03T00:00:00.000Z,2355,43381,2071,7,5,7,1942,0,0,0,,0,20A39,PICO BL,GRAMERCY PL,2,W,N,B,C,N,,0,0,,,0,,,,Y,0,0,0,2,A,-,1,23152,A,M,C,C,A,B,H,-,C,D,0,,,,,Y,Y,-,99,0,0,0,0,0,0,0,0,0,- ,- ,0,0,2400,2,LOS ANGELES,LOS ANGELES,CA,-118.3130587,34.04717636,"PICO BLVD & GRAMERCY PL, LOS ANGELES, CA",PICO BLVD,GRAMERCY PL,145690,
-118.2842722,34.05773544,31328,8810779,2019,2019-03-13T00:00:00.000Z,1942,2019-02-22T00:00:00.000Z,2120,40938,2049,5,5,7,1942,0,0,0,,0,RAMP,HOOVER ST,8TH ST,0,,Y,A,-,N,,0,0,,,0,,,,Y,4,0,1,2,A,-,12,21453,A,F,B,C,A,A,H,-,C,A,0,,,,,Y,,-,99,0,0,1,0,0,0,0,0,0,- ,- ,0,0,2400,2,LOS ANGELES,LOS ANGELES,CA,-118.2842722,34.05773544,"HOOVER ST & 8TH ST, LOS ANGELES, CA",HOOVER ST,8TH ST,142146,
-118.3405121,34.09797669,31329,8810791,2019,2019-03-13T00:00:00.000Z,1942,2019-02-25T00:00:00.000Z,2245,42988,645,1,5,7,1942,0,0,0,F,0,7A1,SUNSET BL,MANSFIELD AV,0,,Y,A,-,N,,0,0,,,0,,,,N,4,0,1,2,A,-,5,21650,,F,C,C,A,A,H,-,C,A,0,,,,,Y,,-,99,0,0,1,0,0,0,0,0,0,- ,- ,0,0,2400,2,LOS ANGELES,LOS ANGELES,CA,-118.3405121,34.09797668,"SUNSET BLVD & MANSFIELD AVE, LOS ANGELES, CA",SUNSET BLVD,MANSFIELD AVE,104201,
-118.4466881,34.11194992,31330,8810969,2019,2019-03-13T00:00:00.000Z,1942,2019-02-22T00:00:00.000Z,2340,38090,807,5,5,7,1942,0,0,0,H,0,8A29,BEVERLY GLEN BL,BEVERLY GLEN PL,300,S,N,A,-,N,,0,0,,,0,,,,N,3,0,3,2,A,-,1,23152,A,N,C,C,A,A,H,-,C,D,0,,,,,Y,Y,A,1,0,1,2,0,0,0,0,0,0,- ,- ,0,0,2400,2,LOS ANGELES,LOS ANGELES,CA,-118.4466881,34.11194992,"BEVERLY GLEN BLVD & BEVERLY GLEN PL, LOS ANGELES, CA",BEVERLY GLEN BLVD,BEVERLY GLEN PL,102042,
-118.3496673,34.07614517,31331,8810981,2019,2019-03-13T00:00:00.000Z,1942,2019-02-21T00:00:00.000Z,2300,37888,714,4,5,7,1942,0,0,0,G,0,7ZSW3,BEVERLY BL,N FULLER AV,50,E,N,A,-,N,,0,0,,,0,,,,N,4,0,1,3,A,-,3,22350,,F,C,C,A,A,H,-,C,D,0,,,,,Y,,-,99,0,0,1,0,0,0,0,0,0,- ,- ,0,0,2400,2,LOS ANGELES,LOS ANGELES,CA,-118.3496674,34.07614517,"BEVERLY BLVD & FULLER AVE, LOS ANGELES, CA",BEVERLY BLVD,FULLER AVE,103914,
-118.2460423,33.78085709,31333,8811211,2019,2019-04-05T00:00:00.000Z,1942,2019-02-22T00:00:00.000Z,2101,39523,529,5,5,7,1942,0,0,0,E,0,5A24,ANAHEIM ST,MAHAR AV,3,E,N,A,-,N,,0,0,,,0,,,,Y,0,0,0,1,C,-,18,0,,N,H,J,A,A,-,-,C,D,0,,,,,Y,,-,- ,0,0,0,0,0,0,0,0,0,- ,- ,0,0,2400,2,LOS ANGELES,LOS ANGELES,CA,-118.2460423,33.78085709,"ANAHEIM ST & MAHAR AVE, LOS ANGELES, CA",ANAHEIM ST,MAHAR AVE,131291,