X,Y,OBJECTID,case_id,accident_year,proc_date,juris,collision_date,collision_time,officer_id,reporting_district,day_of_week,chp_shift,population,cnty_city_loc,special_cond,beat_type,chp_beat_type,city_division_lapd,chp_beat_class,beat_number,primary_rd,secondary_rd,distance,direction,intersection,weather_1,weather_2,state_hwy_ind,caltrans_county,caltrans_district,state_route,route_suffix,postmile_prefix,postmile,location_type,ramp_intersection,side_of_hwy,tow_away,collision_severity,number_killed,number_injured,party_count,primary_coll_factor,pcf_code_of_viol,pcf_viol_category,pcf_violation,pcf_viol_subsection,hit_and_run,type_of_collision,mviw,ped_action,road_surface,road_cond_1,road_cond_2,lighting,control_device,chp_road_type,pedestrian_accident,bicycle_accident,motorcycle_accident,truck_accident,not_private_property,alcohol_involved,stwd_vehtype_at_fault,chp_vehtype_at_fault,count_severe_inj,count_visible_inj,count_complaint_pain,count_ped_killed,count_ped_injured,count_bicyclist_killed,count_bicyclist_injured,count_mc_killed,count_mc_injured,primary_ramp,secondary_ramp,latitude,longitude,timecat,month_,city,county,state,point_x,point_y,match_addr,m_primaryrd,m_secondrd,int_id,Flag
-118.2460521,33.78085327,31334,8811215,2019,2019-03-13T00:00:00.000Z,1942,2019-02-22T00:00:00.000Z,2100,39523,529,5,5,7,1942,0,0,0,E,0,5A24,ANAHEIM ST,MAHAR AV,0,,Y,A,-,N,,0,0,,,0,,,,Y,0,0,0,1,C,-,18,0,,N,H,J,A,A,A,-,C,D,0,,,,,Y,,-,- ,0,0,0,0,0,0,0,0,0,- ,- ,0,0,2400,2,LOS ANGELES,LOS ANGELES,CA,-118.2460521,33.78085327,"ANAHEIM ST & MAHAR AVE, LOS ANGELES, CA",ANAHEIM ST,MAHAR AVE,131291,
-118.2732729,33.79643631,31335,8811219,2019,2019-03-13T00:00:00.000Z,1942,2019-02-22T00:00:00.000Z,2210,40181,515,5,5,7,1942,0,0,0,E,0,5A1,R ST,RONAN AV,15,E,Y,A,-,N,,0,0,,,0,,,,Y,0,0,0,1,A,-,3,22350,,N,E,I,A,A,H,-,C,D,0,,,,,Y,,A,1,0,0,0,0,0,0,0,0,0,- ,- ,0,0,2400,2,LOS ANGELES,LOS ANGELES,CA,-118.2732729,33.79643631,"R ST & RONAN AVE, LOS ANGELES, CA",R ST,RONAN AVE,99757,
-118.3537973,34.10164642,31336,8811329,2019,2019-03-12T00:00:00.000Z,1942,2019-02-22T00:00:00.000Z,2245,41978,622,5,5,7,1942,0,0,0,F,0,6A31,HOLLYWOOD BL,SIERRA BONITA AV,50,E,N,-,-,N,,0,0,,,0,,,,Y,0,0,0,2,A,-,7,21658,A,M,B,E,A,A,H,-,C,D,0,,,,,Y,,-,99,0,0,0,0,0,0,0,0,0,- ,- ,0,0,2400,2,LOS ANGELES,LOS ANGELES,CA,-118.3537973,34.10164642,"HOLLYWOOD BLVD & SIERRA BONITA AVE, LOS ANGELES, CA",HOLLYWOOD BLVD,SIERRA BONITA AVE,142801,
-118.3215321,34.11544037,31337,8811349,2019,2019-03-12T00:00:00.000Z,1942,2019-02-22T00:00:00.000Z,2130,42446,627,5,5,7,1942,0,0,0,F,0,6A63,BEACHWOOD DR,CHEREMOYA AV,60,S,N,A,-,N,,0,0,,,0,,,,N,0,0,0,5,A,-,8,22107,,M,B,E,A,A,H,-,C,D,0,,,,,Y,,-,99,0,0,0,0,0,0,0,0,0,- ,- ,0,0,2400,2,LOS ANGELES,LOS ANGELES,CA,-118.3215321,34.11544037,"BEACHWOOD DR & CHEREMOYA AVE, LOS ANGELES, CA",BEACHWOOD DR,CHEREMOYA AVE,146435,
-118.4094422,34.1866951,31338,8811478,2019,2019-03-20T00:00:00.000Z,1942,2019-02-18T00:00:00.000Z,2320,39795,1523,1,5,7,1942,0,0,0,O,0,15A43,VICTORY BL,BELLAIRE AV,0,,Y,A,-,N,,0,0,,,0,,,,Y,4,0,3,2,A,-,4,21703,,N,C,C,A,A,H,-,C,-,0,,,,,Y,,A,1,0,0,3,0,0,0,0,0,0,- ,- ,0,0,2400,2,LOS ANGELES,LOS ANGELES,CA,-118.4094422,34.1866951,"VICTORY BLVD & BELLAIRE AVE, LOS ANGELES, CA",VICTORY BLVD,BELLAIRE AVE,109209,
-118.3967302,34.19394302,31340,8811510,2019,2019-03-20T00:00:00.000Z,1942,2019-02-12T00:00:00.000Z,2220,40876,1503,2,5,7,1942,0,0,0,O,0,15A3,VANOWEN ST,LAUREL CANYON BL,60,W,N,A,-,N,,0,0,,,0,,,,N,4,0,1,3,A,-,3,22350,,N,B,C,A,A,H,-,C,A,0,,,,,Y,,A,1,0,0,1,0,0,0,0,0,0,- ,- ,0,0,2400,2,LOS ANGELES,LOS ANGELES,CA,-118.3967302,34.19394302,"VANOWEN ST & LAUREL CANYON BLVD, LOS ANGELES, CA",VANOWEN ST,LAUREL CANYON BLVD,101175,
-118.3486937,34.04338074,31341,8811576,2019,2019-03-14T00:00:00.000Z,1942,2019-02-21T00:00:00.000Z,2319,42826,774,4,5,7,1942,0,0,0,G,0,7A53,S ORANGE DR,PICKFORD ST,159,N,N,A,-,N,,0,0,,,0,,,,Y,0,0,0,3,A,-,3,22350,,M,D,E,A,A,H,-,C,D,0,,,,,Y,,-,99,0,0,0,0,0,0,0,0,0,- ,- ,0,0,2400,2,LOS ANGELES,LOS ANGELES,CA,-118.3486937,34.04338074,"ORANGE DR & PICKFORD ST, LOS ANGELES, CA",ORANGE DR,PICKFORD ST,96385,
-118.5361066,34.23823929,31343,8811670,2019,2019-03-21T00:00:00.000Z,1942,2019-02-28T00:00:00.000Z,2145,42309,1785,4,5,7,1942,0,0,0,Q,0,17A67,RESEDA BL,DEARBORN ST,340,N,N,B,-,N,,0,0,,,0,,,,N,4,0,6,4,A,-,3,22350,,F,C,C,A,A,H,-,C,D,0,,,,,Y,,-,99,0,0,6,0,0,0,0,0,0,- ,- ,0,0,2400,2,LOS ANGELES,LOS ANGELES,CA,-118.5361067,34.23823929,"RESEDA BLVD & DEARBORN ST, LOS ANGELES, CA",RESEDA BLVD,DEARBORN ST,126245,
-118.3700521,33.93454361,31344,8811966,2019,2019-04-24T00:00:00.000Z,1942,2019-02-09T00:00:00.000Z,2300,43471,1499,6,5,7,1942,0,0,0,N,0,14A67,S LA CIENEGA BL,111TH ST,0,,Y,A,-,N,,0,0,,,0,,,,Y,4,0,1,2,A,-,9,21801,A,N,A,C,A,A,H,-,C,A,0,,,,Y,Y,,F,26,0,0,1,0,0,0,0,0,0,- ,- ,0,0,2400,2,LOS ANGELES,LOS ANGELES,CA,-118.3700521,33.93454361,"LA CIENEGA BLVD & 111TH ST, LOS ANGELES, CA",LA CIENEGA BLVD,111TH ST,103025,
-118.2923721,33.73967362,31345,8811981,2019,2019-03-12T00:00:00.000Z,1942,2019-02-19T00:00:00.000Z,2235,43603,557,2,5,7,1942,0,0,0,E,0,5A58,GAFFEY ST,5TH ST,0,,Y,A,-,N,,0,0,,,0,,,,Y,4,0,1,2,A,-,12,21453,A,F,D,C,A,A,H,-,C,A,0,,,,,Y,,D,22,0,0,1,0,0,0,0,0,0,- ,- ,0,0,2400,2,LOS ANGELES,LOS ANGELES,CA,-118.2923721,33.73967361,"GAFFEY ST & 5TH ST, LOS ANGELES, CA",GAFFEY ST,5TH ST,100810,
-118.3004321,34.07629395,31346,8812325,2019,2019-03-04T00:00:00.000Z,1942,2019-02-15T00:00:00.000Z,2325,41353,2005,5,5,7,1942,0,0,0,,0,20A25,BEVERLY BL,NORMANDIE AV,0,,Y,A,-,N,,0,0,,,0,,,,Y,4,0,2,2,A,-,8,22107,,N,D,C,A,A,H,-,C,A,0,,,,,Y,,A,1,0,0,2,0,0,0,0,0,0,- ,- ,0,0,2400,2,LOS ANGELES,LOS ANGELES,CA,-118.3004321,34.07629395,"BEVERLY BLVD & NORMANDIE AVE, LOS ANGELES, CA",BEVERLY BLVD,NORMANDIE AVE,128743,
-118.3090722,34.04990387,31347,8812346,2019,2019-03-01T00:00:00.000Z,1942,2019-02-11T00:00:00.000Z,2225,38957,2063,1,5,7,1942,0,0,0,,0,20A33,HARRINGTON AV,WESTERN AV,0,,Y,A,-,N,,0,0,,,0,,,,N,4,0,1,2,A,-,10,21950,A,F,G,B,B,A,H,-,C,A,0,Y,,,,Y,,-,99,0,0,1,0,1,0,0,0,0,- ,- ,0,0,2400,2,LOS ANGELES,LOS ANGELES,CA,-118.3090722,34.04990387,"HARRINGTON AVE & WESTERN AVE, LOS ANGELES, CA",HARRINGTON AVE,WESTERN AVE,121111,
-118.3496821,34.04079437,31348,8812409,2019,2019-02-28T00:00:00.000Z,1942,2019-02-13T00:00:00.000Z,2230,40690,784,3,5,7,1942,0,0,0,G,0,7A73,WEST WASHINGTON BL,S ORANGE DR,0,,Y,C,-,N,,0,0,,,0,,,,N,0,0,0,2,A,-,5,21650,,M,B,C,A,B,H,-,C,D,0,,,,,Y,,-,99,0,0,0,0,0,0,0,0,0,- ,- ,0,0,2400,2,LOS ANGELES,LOS ANGELES,CA,-118.3496821,34.04079437,"WASHINGTON BLVD & ORANGE DR, LOS ANGELES, CA",WASHINGTON BLVD,ORANGE DR,142058,
-118.2651821,33.94320679,31349,8812416,2019,2019-03-05T00:00:00.000Z,1942,2019-02-17T00:00:00.000Z,2332,42728,1834,7,5,7,1942,0,0,0,R,0,18A41,SOUTH AVALON BL,103RD ST,200,S,N,A,-,N,,0,0,,,0,,,,Y,0,0,0,2,A,-,4,21703,,N,C,C,A,A,H,-,C,D,0,,,,,Y,Y,A,1,0,0,0,0,0,0,0,0,0,- ,- ,0,0,2400,2,LOS ANGELES,LOS ANGELES,CA,-118.2651821,33.94320679,"AVALON BLVD & 103RD ST, LOS ANGELES, CA",AVALON BLVD,103RD ST,119769,
-118.2657086,33.93928528,31350,8812420,2019,2019-03-05T00:00:00.000Z,1942,2019-02-17T00:00:00.000Z,2334,42728,1834,7,5,7,1942,0,0,0,R,0,18A41,107TH ST,AVALON,160,W,N,A,-,N,,0,0,,,0,,,,Y,0,0,0,2,A,-,1,23152,A,N,C,E,A,A,H,-,C,D,0,,,,,Y,Y,A,1,0,0,0,0,0,0,0,0,0,- ,- ,0,0,2400,2,LOS ANGELES,LOS ANGELES,CA,-118.2657086,33.93928528,"107TH ST & AVALON BLVD, LOS ANGELES, CA",107TH ST,AVALON BLVD,131197,
-118.4614311,34.04160309,31351,8812421,2019,2019-02-28T00:00:00.000Z,1942,2019-02-04T00:00:00.000Z,2156,41978,841,1,5,7,1942,0,0,0,H,0,8A53,S BROCTON AVE,SANTA MONICA BL,72,N,N,B,-,N,,0,0,,,0,,,,Y,0,0,0,2,A,-,3,22350,,N,B,C,A,B,H,-,C,D,0,,,,,Y,,A,1,0,0,0,0,0,0,0,0,0,- ,- ,0,0,2400,2,LOS ANGELES,LOS ANGELES,CA,-118.4614311,34.04160309,"BROCKTON AVE & SANTA MONICA BLVD, LOS ANGELES, CA",BROCKTON AVE,SANTA MONICA BLVD,142446,
-118.2774149,33.9455452,31352,8812424,2019,2019-03-05T00:00:00.000Z,1942,2019-02-17T00:00:00.000Z,2330,42728,1834,7,5,7,1942,0,0,0,R,0,18A41,CENTURY BL,BROADWAY,300,E,N,A,-,N,,0,0,,,0,,,,Y,3,0,1,2,A,-,9,21804,A,N,C,C,A,A,H,-,C,D,0,,,,,Y,Y,A,1,0,1,0,0,0,0,0,0,0,- ,- ,0,0,2400,2,LOS ANGELES,LOS ANGELES,CA,-118.2774149,33.9455452,"CENTURY BLVD & BROADWAY, LOS ANGELES, CA",CENTURY BLVD,BROADWAY,105733,
-118.2541248,34.04814148,31353,8813158,2019,2019-03-11T00:00:00.000Z,1942,2019-02-03T00:00:00.000Z,2155,40730,152,7,5,7,1942,0,0,0,A,0,1A41,S OLIVE ST,6TH ST,35,N,N,C,-,N,,0,0,,,0,,,,Y,4,0,2,2,A,-,1,23152,A,N,C,C,A,B,H,-,C,D,0,,,,,Y,Y,A,1,0,0,2,0,0,0,0,0,0,- ,- ,0,0,2400,2,LOS ANGELES,LOS ANGELES,CA,-118.2541248,34.04814148,"OLIVE ST & 6TH ST, LOS ANGELES, CA",OLIVE ST,6TH ST,124598,
-118.2842321,34.04720688,31354,8813190,2019,2019-03-11T00:00:00.000Z,1942,2019-02-20T00:00:00.000Z,2115,35291,291,3,5,7,1942,0,0,0,B,0,2A91,S HOOVER ST,PICO BL,25,S,N,C,-,N,,0,0,,,0,,,,N,4,0,4,2,A,-,3,22350,,N,C,C,A,B,F,-,C,D,0,,,,,Y,,A,1,0,0,4,0,0,0,0,0,0,- ,- ,0,0,2400,2,LOS ANGELES,LOS ANGELES,CA,-118.2842321,34.04720688,"HOOVER ST & PICO BLVD, LOS ANGELES, CA",HOOVER ST,PICO BLVD,114027,
-118.3971138,33.95280457,31355,8813397,2019,2019-03-20T00:00:00.000Z,1942,2019-02-10T00:00:00.000Z,2100,43452,1495,7,5,7,1942,0,0,0,N,0,14A49,LINCOLN BL,SEPULVEDA BL,300,N,N,A,-,N,,0,0,,,0,,,,N,4,0,2,2,A,-,4,21703,,N,C,C,A,A,H,-,C,D,0,,,,,Y,,A,1,0,0,2,0,0,0,0,0,0,- ,- ,0,0,2400,2,LOS ANGELES,LOS ANGELES,CA,-118.3971138,33.95280457,"LINCOLN BLVD & SEPULVEDA BLVD, LOS ANGELES, CA",LINCOLN BLVD,SEPULVEDA BLVD,133608,
-118.3014476,34.06355667,31356,8813421,2019,2019-03-20T00:00:00.000Z,1942,2019-02-20T00:00:00.000Z,2250,41856,2027,3,5,7,1942,0,0,0,,0,20A45,6TH ST,ARDMORE AV,56,E,N,A,-,N,,0,0,,,0,,,,Y,2,0,1,2,A,-,11,21954,A,N,G,B,D,B,H,-,C,A,0,Y,,,,Y,,N,60,1,0,0,0,1,0,0,0,0,- ,- ,0,0,2400,2,LOS ANGELES,LOS ANGELES,CA,-118.3014476,34.06355667,"6TH ST & ARDMORE AVE, LOS ANGELES, CA",6TH ST,ARDMORE AVE,104249,
-118.3179232,34.04544449,31357,8813433,2019,2019-03-20T00:00:00.000Z,1942,2019-02-22T00:00:00.000Z,2120,37770,769,5,5,7,1942,0,0,0,G,0,8T3,15TH ST,ARLINGTON AV,58,W,N,A,-,N,,0,0,,,0,,,,Y,4,0,1,2,A,-,1,23152,A,N,A,E,A,A,H,-,C,A,0,,,,,Y,Y,A,1,0,0,1,0,0,0,0,0,0,- ,- ,0,0,2400,2,LOS ANGELES,LOS ANGELES,CA,-118.3179232,34.04544449,"15TH ST & ARLINGTON AVE, LOS ANGELES, CA",15TH ST,ARLINGTON AVE,124559,
-118.4686466,34.07142258,31358,8813460,2019,2019-03-12T00:00:00.000Z,1942,2019-02-19T00:00:00.000Z,2225,39022,814,2,5,7,1942,0,0,0,H,0,8A13,SUNSET BL,CHURCH LN,490,W,N,A,-,N,,0,0,,,0,,,,N,2,0,1,1,A,-,3,22350,,N,E,I,A,A,H,-,C,D,0,,,Y,,Y,,C,2,1,0,0,0,0,0,0,0,1,- ,- ,0,0,2400,2,LOS ANGELES,LOS ANGELES,CA,-118.4686466,34.07142258,"SUNSET BLVD & CHURCH LN, LOS ANGELES, CA",SUNSET BLVD,CHURCH LN,96786,
-118.3075227,34.05765152,31359,8813522,2019,2019-03-15T00:00:00.000Z,1942,2019-02-16T00:00:00.000Z,2150,43671,2033,6,5,7,1942,0,0,0,,0,20A97,8TH ST,OXFORD AV,100,E,N,A,-,N,,0,0,,,0,,,,N,0,0,0,2,A,-,8,22107,,M,B,C,A,A,H,-,C,D,0,,,,,Y,,-,99,0,0,0,0,0,0,0,0,0,- ,- ,0,0,2400,2,LOS ANGELES,LOS ANGELES,CA,-118.3075227,34.05765152,"8TH ST & OXFORD AVE, LOS ANGELES, CA",8TH ST,OXFORD AVE,149155,
-118.4726118,33.99643707,31360,8813523,2019,2019-03-19T00:00:00.000Z,1942,2019-02-15T00:00:00.000Z,2230,41671,1413,5,5,7,1942,0,0,0,N,0,14A13,SUNSET AV,5TH AV,25,W,N,A,-,N,,0,0,,,0,,,,N,0,0,0,2,A,-,8,22107,,M,B,E,A,A,H,-,C,D,0,,,,,Y,,-,99,0,0,0,0,0,0,0,0,0,- ,- ,0,0,2400,2,LOS ANGELES,LOS ANGELES,CA,-118.4726118,33.99643707,"SUNSET AVE & 5TH AVE, LOS ANGELES, CA",SUNSET AVE,5TH AVE,128278,
-118.2856681,34.07349396,31361,8813530,2019,2019-03-15T00:00:00.000Z,1942,2019-02-20T00:00:00.000Z,2100,43671,2019,3,5,7,1942,0,0,0,,0,20A39,1ST ST,BEVERLY,20,W,N,B,-,N,,0,0,,,0,,,,N,0,0,0,2,A,-,3,22350,,M,C,C,A,B,H,-,C,D,0,,,,,Y,,-,99,0,0,0,0,0,0,0,0,0,- ,- ,0,0,2400,2,LOS ANGELES,LOS ANGELES,CA,-118.2856681,34.07349396,"1ST ST & BEVERLY BLVD, LOS ANGELES, CA",1ST ST,BEVERLY BLVD,118397,
-118.2891264,34.04767227,31362,8813538,2019,2019-03-15T00:00:00.000Z,1942,2019-02-13T00:00:00.000Z,2300,41110,2079,3,5,7,1942,0,0,0,,0,20A58,WESTMORELAND AV,PICO BL,150,N,N,C,-,N,,0,0,,,0,,,,N,0,0,0,2,A,-,3,22350,,M,B,C,A,B,H,-,C,D,0,,,,,Y,,-,99,0,0,0,0,0,0,0,0,0,- ,- ,0,0,2400,2,LOS ANGELES,LOS ANGELES,CA,-118.2891264,34.04767227,"WESTMORELAND AVE & PICO BLVD, LOS ANGELES, CA",WESTMORELAND AVE,PICO BLVD,117496,
-118.4696969,33.98285675,31363,8813571,2019,2019-03-20T00:00:00.000Z,1942,2019-02-18T00:00:00.000Z,2255,42422,1441,1,5,7,1942,0,0,0,N,0,14BL17,24TH AV,SPEEDWAY,2,E,N,A,-,N,,0,0,,,0,,,,N,0,0,0,1,A,-,17,21663,,M,E,I,A,A,H,-,C,D,0,,,,,Y,,-,99,0,0,0,0,0,0,0,0,0,- ,- ,0,0,2400,2,LOS ANGELES,LOS ANGELES,CA,-118.4696969,33.98285675,"24TH AVE & SPEEDWAY, LOS ANGELES, CA",24TH AVE,SPEEDWAY,137059,
-118.4581449,34.0476799,31364,8813574,2019,2019-03-15T00:00:00.000Z,1942,2019-02-04T00:00:00.000Z,2145,39586,842,1,5,7,1942,0,0,0,H,0,8A36,TEXAS AV,BARRY AV,30,W,N,C,-,N,,0,0,,,0,,,,N,0,0,0,4,A,-,3,22350,,M,A,E,A,B,H,-,C,A,0,,,,,Y,,-,99,0,0,0,0,0,0,0,0,0,- ,- ,0,0,2400,2,LOS ANGELES,LOS ANGELES,CA,-118.4581449,34.0476799,"TEXAS AVE & BARRY AVE, LOS ANGELES, CA",TEXAS AVE,BARRY AVE,121442,
-118.4336521,34.00373459,31365,8813575,2019,2019-03-20T00:00:00.000Z,1942,2019-02-18T00:00:00.000Z,2110,42287,1445,1,5,7,1942,0,0,0,N,0,14X16,CENTINELA AV,VENICE BL,0,,Y,A,-,N,,0,0,,,0,,,,Y,0,0,0,2,A,-,12,21453,A,M,D,C,A,A,H,-,C,A,0,,,,,Y,,-,99,0,0,0,0,0,0,0,0,0,- ,- ,0,0,2400,2,LOS ANGELES,LOS ANGELES,CA,-118.4336521,34.00373459,"CENTINELA AVE & VENICE BLVD, LOS ANGELES, CA",CENTINELA AVE,VENICE BLVD,114537,
-118.2228121,34.08620453,31366,8814300,2019,2019-03-18T00:00:00.000Z,1942,2019-02-08T00:00:00.000Z,2250,41629,1177,5,5,7,1942,0,0,0,K,0,11A89,JEFFRIES AV,AVENUE 28,0,,Y,A,-,N,,0,0,,,0,,,,Y,4,0,2,2,A,-,1,23152,,N,D,C,A,A,H,-,C,D,0,,,,,Y,Y,A,1,0,0,2,0,0,0,0,0,0,- ,- ,0,0,2400,2,LOS ANGELES,LOS ANGELES,CA,-118.2228121,34.08620453,"JEFFRIES AVE & AVE 28, LOS ANGELES, CA",JEFFRIES AVE,AVE 28,149953,
-118.187329,34.13837433,31367,8814308,2019,2019-03-18T00:00:00.000Z,1942,2019-02-02T00:00:00.000Z,2150,40730,1109,6,5,7,1942,0,0,0,K,0,11A17,NORTH FIGUEROA ST,COLORADO BL,90,N,N,C,-,N,,0,0,,,0,,,,N,0,0,0,2,A,-,7,21658,A,N,B,C,A,B,H,-,C,A,0,,,,,Y,,J,43,0,0,0,0,0,0,0,0,0,- ,- ,0,0,2400,2,LOS ANGELES,LOS ANGELES,CA,-118.187329,34.13837433,"FIGUEROA ST & COLORADO BLVD, LOS ANGELES, CA",FIGUEROA ST,COLORADO BLVD,142301,
-118.3002021,34.01084518,31368,8814858,2019,2019-04-05T00:00:00.000Z,1942,2019-02-21T00:00:00.000Z,2100,42650,376,4,5,7,1942,0,0,0,,0,3A73,MARTIN LUTHER KING BL,NORMANDIE AV,0,,Y,A,-,N,,0,0,,,0,,,,N,0,0,0,2,A,-,9,21801,,M,D,C,A,A,H,-,C,A,0,,,,,Y,,-,99,0,0,0,0,0,0,0,0,0,- ,- ,0,0,2400,2,LOS ANGELES,LOS ANGELES,CA,-118.3002021,34.01084518,"MARTIN LUTHER KING JR BLVD & NORMANDIE AVE, LOS ANGELES, CA",MARTIN LUTHER KING JR BLVD,NORMANDIE AVE,117162,
-118.6060522,34.24996567,31369,8815309,2019,2019-04-12T00:00:00.000Z,1942,2019-02-01T00:00:00.000Z,2225,43564,1751,5,5,7,1942,0,0,0,Q,0,17A23,TOPANGA CANYON BL,LASSEN ST,0,,Y,B,-,N,,0,0,,,0,,,,N,4,0,1,2,A,-,10,21950,A,N,G,B,B,B,H,-,C,A,0,Y,,,,Y,,A,1,0,0,1,0,1,0,0,0,0,- ,- ,0,0,2400,2,LOS ANGELES,LOS ANGELES,CA,-118.6060522,34.24996567,"TOPANGA CANYON BLVD & LASSEN ST, LOS ANGELES, CA",TOPANGA CANYON BLVD,LASSEN ST,109154,
-118.5562062,34.27203369,31370,8815310,2019,2019-03-21T00:00:00.000Z,1942,2019-02-16T00:00:00.000Z,2300,43653,1727,6,5,7,1942,0,0,0,Q,0,17A35,TAMPA AV,RINALDI,1000,S,N,A,-,N,,0,0,,,0,,,,Y,4,0,1,2,A,-,9,21801,A,N,A,C,A,A,H,-,C,A,0,,,,,Y,,A,1,0,0,1,0,0,0,0,0,0,- ,- ,0,0,2400,2,LOS ANGELES,LOS ANGELES,CA,-118.5562062,34.27203369,"TAMPA AVE & RINALDI ST, LOS ANGELES, CA",TAMPA AVE,RINALDI ST,147526,
-118.4225421,34.17938614,31371,8815314,2019,2019-04-12T00:00:00.000Z,1942,2019-02-14T00:00:00.000Z,2205,42296,938,4,5,7,1942,0,0,0,I,0,9A37,OXNARD ST,FULTON AV,0,,Y,A,-,N,,0,0,,,0,,,,Y,4,0,2,2,A,-,12,21453,A,N,A,C,A,A,H,-,C,A,0,,,,,Y,,-,- ,0,0,2,0,0,0,0,0,0,- ,- ,0,0,2400,2,LOS ANGELES,LOS ANGELES,CA,-118.4225421,34.17938614,"OXNARD ST & FULTON AVE, LOS ANGELES, CA",OXNARD ST,FULTON AVE,114930,
-118.4718923,34.24279785,31372,8815729,2019,2019-03-12T00:00:00.000Z,1942,2019-02-06T00:00:00.000Z,2210,39952,1961,3,5,7,1942,0,0,0,,0,15A,ORION AV,PLUMMER ST,2,S,N,A,-,N,,0,0,,,0,,,,,4,0,1,2,A,-,8,22107,,N,D,C,A,A,H,-,C,-,0,,,,,Y,Y,-,- ,0,0,1,0,0,0,0,0,0,- ,- ,0,0,2400,2,LOS ANGELES,LOS ANGELES,CA,-118.4718923,34.24279785,"ORION AVE & PLUMMER ST, LOS ANGELES, CA",ORION AVE,PLUMMER ST,133094,
-118.4487722,34.21522522,31373,8815975,2019,2019-03-15T00:00:00.000Z,1942,2019-02-23T00:00:00.000Z,2100,42383,LOS A,6,5,7,1942,0,0,0,,0,19X84,VAN NUYS BL,BLYTHE ST,0,,Y,A,-,N,,0,0,,,0,,,,N,0,0,0,2,A,-,5,21650,,M,B,C,A,A,H,-,C,A,0,,,,,Y,,-,99,0,0,0,0,0,0,0,0,0,- ,- ,0,0,2400,2,LOS ANGELES,LOS ANGELES,CA,-118.4487722,34.21522522,"VAN NUYS BLVD & BLYTHE ST, LOS ANGELES, CA",VAN NUYS BLVD,BLYTHE ST,123203,
-118.6233322,34.16708374,31374,8816001,2019,2019-03-22T00:00:00.000Z,1942,2019-02-09T00:00:00.000Z,2100,41304,21,6,5,7,1942,0,0,0,,0,21Z1,FALLBROOK AV,LEONORA ST,0,,Y,A,-,N,,0,0,,,0,,,,Y,4,0,1,2,A,-,9,21802,A,N,B,C,A,A,H,-,C,D,0,,,,,Y,,A,1,0,0,1,0,0,0,0,0,0,- ,- ,0,0,2400,2,LOS ANGELES,LOS ANGELES,CA,-118.6233322,34.16708374,"FALLBROOK AVE & LEONORA DR, LOS ANGELES, CA",FALLBROOK AVE,LEONORA DR,143287,
-118.3991633,34.26171112,31375,8816014,2019,2019-03-26T00:00:00.000Z,1942,2019-02-07T00:00:00.000Z,2105,38183,1654,4,5,7,1942,0,0,0,P,0,16A23,OSBORNE PL,GLENOAKS BL,85,W,N,A,-,N,,0,0,,,0,,,,N,3,0,1,2,A,-,11,21956,A,N,G,B,D,A,H,-,C,D,0,Y,,,,Y,,N,60,0,1,0,0,1,0,0,0,0,- ,- ,0,0,2400,2,LOS ANGELES,LOS ANGELES,CA,-118.3991633,34.26171112,"OSBORNE PL & GLENOAKS BLVD, LOS ANGELES, CA",OSBORNE PL,GLENOAKS BLVD,119507,
-118.5491622,34.19383621,31376,8816023,2019,2019-03-20T00:00:00.000Z,1942,2019-02-12T00:00:00.000Z,2117,43047,1023,2,5,7,1942,0,0,0,J,0,10A21-,VANOWEN ST,VANALDEN AV,0,,-,A,-,N,,0,0,,,0,,,,Y,4,0,1,2,A,-,9,21801,A,N,B,J,A,A,H,-,C,A,0,,,Y,,Y,,A,1,0,0,1,0,0,0,0,0,1,- ,- ,0,0,2400,2,LOS ANGELES,LOS ANGELES,CA,-118.5491622,34.19383621,"VANOWEN ST & VANALDEN AVE, LOS ANGELES, CA",VANOWEN ST,VANALDEN AVE,119600,
-118.5709922,34.1938057,31377,8816034,2019,2019-03-26T00:00:00.000Z,1942,2019-02-13T00:00:00.000Z,2330,37304,2148,3,5,7,1942,0,0,0,,0,21A29,VANOWEN ST,WINNETKA AV,0,,Y,C,-,N,,0,0,,,0,,,,Y,4,0,3,2,A,-,1,23152,A,N,B,C,A,B,H,-,C,A,0,,,,,Y,Y,A,1,0,0,3,0,0,0,0,0,0,- ,- ,0,0,2400,2,LOS ANGELES,LOS ANGELES,CA,-118.5709922,34.19380569,"VANOWEN ST & WINNETKA AVE, LOS ANGELES, CA",VANOWEN ST,WINNETKA AVE,122667,
-118.3937621,34.23928452,31378,8816036,2019,2019-03-20T00:00:00.000Z,1942,2019-02-07T00:00:00.000Z,2205,42818,1663,4,5,7,1942,0,0,0,P,0,16A77,SAN FERNANDO RD,SHELDON ST,0,,Y,A,-,N,,0,0,,,0,,,,N,4,0,1,2,A,-,8,22100,A,N,B,C,A,A,H,-,C,A,0,,,Y,,Y,,A,1,0,0,1,0,0,0,0,0,1,- ,- ,0,0,2400,2,LOS ANGELES,LOS ANGELES,CA,-118.3937621,34.23928452,"SAN FERNANDO RD & SHELDON ST, LOS ANGELES, CA",SAN FERNANDO RD,SHELDON ST,105198,
-118.3878122,34.18851471,31379,8816038,2019,2019-04-18T00:00:00.000Z,1942,2019-02-21T00:00:00.000Z,2116,40065,1526,4,5,7,1942,0,0,0,O,0,15A27,HAMLIN ST,LANKERSHIM BL,0,,Y,A,-,N,,0,0,,,0,,,,Y,3,0,2,2,A,-,1,23152,A,F,B,E,A,A,H,-,C,D,0,,,,,Y,Y,A,1,0,1,1,0,0,0,0,0,0,- ,- ,0,0,2400,2,LOS ANGELES,LOS ANGELES,CA,-118.3878122,34.18851471,"HAMLIN ST & LANKERSHIM BLVD, LOS ANGELES, CA",HAMLIN ST,LANKERSHIM BLVD,104686,