X,Y,OBJECTID,case_id,accident_year,proc_date,juris,collision_date,collision_time,officer_id,reporting_district,day_of_week,chp_shift,population,cnty_city_loc,special_cond,beat_type,chp_beat_type,city_division_lapd,chp_beat_class,beat_number,primary_rd,secondary_rd,distance,direction,intersection,weather_1,weather_2,state_hwy_ind,caltrans_county,caltrans_district,state_route,route_suffix,postmile_prefix,postmile,location_type,ramp_intersection,side_of_hwy,tow_away,collision_severity,number_killed,number_injured,party_count,primary_coll_factor,pcf_code_of_viol,pcf_viol_category,pcf_violation,pcf_viol_subsection,hit_and_run,type_of_collision,mviw,ped_action,road_surface,road_cond_1,road_cond_2,lighting,control_device,chp_road_type,pedestrian_accident,bicycle_accident,motorcycle_accident,truck_accident,not_private_property,alcohol_involved,stwd_vehtype_at_fault,chp_vehtype_at_fault,count_severe_inj,count_visible_inj,count_complaint_pain,count_ped_killed,count_ped_injured,count_bicyclist_killed,count_bicyclist_injured,count_mc_killed,count_mc_injured,primary_ramp,secondary_ramp,latitude,longitude,timecat,month_,city,county,state,point_x,point_y,match_addr,m_primaryrd,m_secondrd,int_id,Flag
-118.3855793,34.19025421,31380,8816042,2019,2019-03-26T00:00:00.000Z,1942,2019-02-21T00:00:00.000Z,2120,40972,1527,4,5,7,1942,0,0,0,O,0,15A27,IRVINE AV,KITTRIDGE ST,19,S,N,A,-,N,,0,0,,,0,,,,Y,3,0,1,1,A,-,1,23152,A,N,E,-,A,A,H,-,C,A,0,,,,,Y,Y,A,1,0,1,0,0,0,0,0,0,0,- ,- ,0,0,2400,2,LOS ANGELES,LOS ANGELES,CA,-118.3855793,34.19025421,"IRVINE AVE & KITTRIDGE ST, LOS ANGELES, CA",IRVINE AVE,KITTRIDGE ST,118681,
-118.3965322,34.18848419,31381,8816046,2019,2019-03-26T00:00:00.000Z,1942,2019-02-21T00:00:00.000Z,2115,39410,1524,4,5,7,1942,0,0,0,O,0,15A33,HAMLIN ST,LAUREL CANYON BL,0,,Y,A,-,N,,0,0,,,0,,,,Y,4,0,2,2,A,-,1,23152,A,N,D,C,A,A,H,-,C,A,0,,,,,Y,Y,A,7,0,0,2,0,0,0,0,0,0,- ,- ,0,0,2400,2,LOS ANGELES,LOS ANGELES,CA,-118.3965322,34.18848419,"HAMLIN ST & LAUREL CANYON BLVD, LOS ANGELES, CA",HAMLIN ST,LAUREL CANYON BLVD,118605,
-118.6145202,34.1864624,31382,8816058,2019,2019-03-26T00:00:00.000Z,1942,2019-02-21T00:00:00.000Z,2215,41274,2144,4,5,7,1942,0,0,0,,0,21A43,VICTORY BL,SHOUP AV,40,E,N,A,-,N,,0,0,,,0,,,,N,4,0,1,2,C,-,18,0,,N,C,C,A,A,H,-,C,A,0,,,,,Y,,-,- ,0,0,1,0,0,0,0,0,0,- ,- ,0,0,2400,2,LOS ANGELES,LOS ANGELES,CA,-118.6145202,34.1864624,"VICTORY BLVD & SHOUP AVE, LOS ANGELES, CA",VICTORY BLVD,SHOUP AVE,143319,
-118.362592,34.17222595,31383,8816062,2019,2019-03-26T00:00:00.000Z,1942,2019-02-22T00:00:00.000Z,2300,43568,1549,5,5,7,1942,0,0,0,O,0,,BURBANK BL,CAHUENGA BL,300,W,N,A,-,N,,0,0,,,0,,,,Y,4,0,1,2,A,-,1,23152,A,F,B,C,A,A,H,-,C,-,0,,,,,Y,Y,A,7,0,0,1,0,0,0,0,0,0,- ,- ,0,0,2400,2,LOS ANGELES,LOS ANGELES,CA,-118.362592,34.17222595,"BURBANK BLVD & CAHUENGA BLVD, LOS ANGELES, CA",BURBANK BLVD,CAHUENGA BLVD,136154,
-118.5557222,34.20472336,31384,8816071,2019,2019-03-20T00:00:00.000Z,1942,2019-02-08T00:00:00.000Z,2205,33504,1011,5,5,7,1942,0,0,0,J,0,10A3,VALERIO ST,CALVIN AV,0,,Y,B,-,N,,0,0,,,0,,,,Y,4,0,1,3,A,-,9,21802,A,N,D,C,A,A,H,-,C,A,0,,,,,Y,,A,1,0,0,1,0,0,0,0,0,0,- ,- ,0,0,2400,2,LOS ANGELES,LOS ANGELES,CA,-118.5557222,34.20472336,"VALERIO ST & CALVIN AVE, LOS ANGELES, CA",VALERIO ST,CALVIN AVE,140077,
-118.3070715,34.25975418,31385,8816075,2019,2019-03-20T00:00:00.000Z,1942,2019-02-03T00:00:00.000Z,2135,38996,1656,7,5,7,1942,0,0,0,P,0,16A35,WOODWARD AV,FOOTHILL BL,40,N,N,B,C,N,,0,0,,,0,,,,N,4,0,1,2,A,-,8,22107,,N,D,E,A,B,H,-,D,D,0,,,,,Y,,A,1,0,0,1,0,0,0,0,0,0,- ,- ,0,0,2400,2,LOS ANGELES,LOS ANGELES,CA,-118.3070715,34.25975418,"WOODWARD AVE & FOOTHILL BLVD, LOS ANGELES, CA",WOODWARD AVE,FOOTHILL BLVD,129882,
-118.371937,34.17172241,31387,8816097,2019,2019-03-12T00:00:00.000Z,1942,2019-02-19T00:00:00.000Z,2240,36599,1549,2,5,7,1942,0,0,0,O,0,15A39,CASE AV,BURBANK BL,180,S,N,A,-,N,,0,0,,,0,,,,N,0,0,0,2,A,-,1,23152,A,N,B,E,A,A,H,-,C,D,0,,,,,Y,Y,A,1,0,0,0,0,0,0,0,0,0,- ,- ,0,0,2400,2,LOS ANGELES,LOS ANGELES,CA,-118.371937,34.17172241,"CASE AVE & BURBANK BLVD, LOS ANGELES, CA",CASE AVE,BURBANK BLVD,125805,
-118.3878121,34.1903038,31388,8816101,2019,2019-03-14T00:00:00.000Z,1942,2019-02-21T00:00:00.000Z,2115,37353,1525,4,5,7,1942,0,0,0,O,0,15A33,KITTRIDGE ST,LANKERSHIM BL,0,,Y,A,-,N,,0,0,,,0,,,,Y,0,0,0,2,A,-,1,23152,,M,B,C,A,A,H,-,C,D,0,,,,,Y,Y,A,1,0,0,0,0,0,0,0,0,0,- ,- ,0,0,2400,2,LOS ANGELES,LOS ANGELES,CA,-118.3878121,34.1903038,"KITTRIDGE ST & LANKERSHIM BLVD, LOS ANGELES, CA",KITTRIDGE ST,LANKERSHIM BLVD,150370,
-118.4117022,34.27365494,31389,8816106,2019,2019-03-11T00:00:00.000Z,1942,2019-02-13T00:00:00.000Z,2130,43526,1612,3,5,7,1942,0,0,0,P,0,16A11,GLENOAK BL,VAN NUYS BL,0,S,N,C,-,N,,0,0,,,0,,,,N,0,0,0,2,A,-,8,22102,,N,B,C,A,B,H,-,C,D,0,,,,,Y,,A,1,0,0,0,0,0,0,0,0,0,- ,- ,0,0,2400,2,LOS ANGELES,LOS ANGELES,CA,-118.4117022,34.27365494,"GLENOAKS BLVD & VAN NUYS BLVD, LOS ANGELES, CA",GLENOAKS BLVD,VAN NUYS BLVD,109042,
-118.5905622,34.21885681,31390,8816117,2019,2019-03-11T00:00:00.000Z,1942,2019-02-18T00:00:00.000Z,2130,38183,2126,1,5,7,1942,0,0,0,,0,21A5,BURTON ST,CANTARA ST,216,N,N,A,-,N,,0,0,,,0,,,,N,0,0,0,2,A,-,21,22106,,M,C,E,A,A,H,-,C,D,0,,,,,Y,,-,99,0,0,0,0,0,0,0,0,0,- ,- ,0,0,2400,2,LOS ANGELES,LOS ANGELES,CA,-118.5905622,34.21885681,"BURTON ST & CANTARA ST, LOS ANGELES, CA",BURTON ST,CANTARA ST,108564,
-118.3659722,34.19160461,31391,8816149,2019,2019-03-11T00:00:00.000Z,1942,2019-02-25T00:00:00.000Z,2125,36336,1519,1,5,7,1942,0,0,0,O,0,15A27,RIVERTON AV,KITTRIDGE ST,470,N,N,A,-,N,,0,0,,,0,,,,N,0,0,0,2,A,-,1,23152,A,N,B,C,A,A,H,-,D,D,0,,,,,Y,Y,A,1,0,0,0,0,0,0,0,0,0,- ,- ,0,0,2400,2,LOS ANGELES,LOS ANGELES,CA,-118.3659722,34.19160461,"RIVERTON AVE & KITTRIDGE ST, LOS ANGELES, CA",RIVERTON AVE,KITTRIDGE ST,101116,
-118.4484293,34.27402878,31392,8816160,2019,2019-03-20T00:00:00.000Z,1942,2019-02-23T00:00:00.000Z,2350,38183,1944,6,5,7,1942,0,0,0,,0,19A43,CHATSWORTH DR,LAUREL CANYON BL,15,W,N,A,-,N,,0,0,,,0,,,,N,3,0,1,1,A,-,3,22350,,N,H,I,A,A,H,-,C,A,0,,,,,Y,Y,A,1,0,1,0,0,0,0,0,0,0,- ,- ,0,0,2400,2,LOS ANGELES,LOS ANGELES,CA,-118.4484293,34.27402878,"CHATSWORTH DR & LAUREL CANYON BLVD, LOS ANGELES, CA",CHATSWORTH DR,LAUREL CANYON BLVD,115333,
-118.4062922,34.21450424,31393,8816168,2019,2019-03-20T00:00:00.000Z,1942,2019-02-17T00:00:00.000Z,2230,42045,1693,7,5,7,1942,0,0,0,P,0,16A81,VANSCOY AV,BLYTHE ST,150,S,N,A,-,N,,0,0,,,0,,,,N,0,0,0,2,A,-,3,22350,,M,C,E,A,A,H,-,C,D,0,,,,,Y,,A,1,0,0,0,0,0,0,0,0,0,- ,- ,0,0,2400,2,LOS ANGELES,LOS ANGELES,CA,-118.4062922,34.21450424,"VANSCOY AVE & BLYTHE ST, LOS ANGELES, CA",VANSCOY AVE,BLYTHE ST,135935,
-118.4182128,34.31266403,31394,8816176,2019,2019-03-20T00:00:00.000Z,1942,2019-02-14T00:00:00.000Z,2130,33504,1908,4,5,7,1942,0,0,0,,0,19A7,ELDRIDGE AV,PASHA ST,375,S,N,B,-,N,,0,0,,,0,,,,N,0,0,0,1,C,-,18,0,,N,E,J,A,B,A,-,C,D,0,,,,,Y,,-,- ,0,0,0,0,0,0,0,0,0,- ,- ,0,0,2400,2,LOS ANGELES,LOS ANGELES,CA,-118.4182128,34.31266403,"ELDRIDGE AVE & PASHA ST, LOS ANGELES, CA",ELDRIDGE AVE,PASHA ST,151180,
-118.4580122,34.28411484,31395,8816188,2019,2019-03-20T00:00:00.000Z,1942,2019-02-17T00:00:00.000Z,2140,32372,1924,7,5,7,1942,0,0,0,,0,19A1,LAUREL CANYON BL,HUBBARD ST,0,,Y,A,-,N,,0,0,,,0,,,,N,0,0,0,2,A,-,12,21453,A,M,D,C,A,A,H,-,C,A,0,,,,,Y,,-,99,0,0,0,0,0,0,0,0,0,- ,- ,0,0,2400,2,LOS ANGELES,LOS ANGELES,CA,-118.4580122,34.28411484,"LAUREL CANYON BLVD & HUBBARD ST, LOS ANGELES, CA",LAUREL CANYON BLVD,HUBBARD ST,101345,
-118.2870959,34.0835762,31396,8816224,2019,2019-03-20T00:00:00.000Z,1942,2019-02-07T00:00:00.000Z,2105,33130,212,4,5,7,1942,0,0,0,B,0,2A5,MELROSE AV,VIRGIL ST W,77,W,N,A,-,N,,0,0,,,0,,,,Y,0,0,0,2,A,-,7,21658,A,M,B,C,A,A,H,-,C,D,0,,,,,Y,,A,1,0,0,0,0,0,0,0,0,0,- ,- ,0,0,2400,2,LOS ANGELES,LOS ANGELES,CA,-118.2870959,34.0835762,"MELROSE AVE & VIRGIL AVE, LOS ANGELES, CA",MELROSE AVE,VIRGIL AVE,150006,
-118.3402321,34.03609467,31397,8816784,2019,2019-03-14T00:00:00.000Z,1942,2019-02-11T00:00:00.000Z,2230,33757,785,1,5,7,1942,0,0,0,G,0,7A85,W 23RD ST,HILLCREST DR,0,,Y,A,-,N,,0,0,,,0,,,,N,0,0,0,2,A,-,9,21801,A,M,D,C,A,A,H,-,C,D,0,,,,,Y,,-,99,0,0,0,0,0,0,0,0,0,- ,- ,0,0,2400,2,LOS ANGELES,LOS ANGELES,CA,-118.3402321,34.03609467,"23RD ST & HILLCREST DR, LOS ANGELES, CA",23RD ST,HILLCREST DR,110485,
-118.3792498,34.15764237,31398,8817308,2019,2019-03-14T00:00:00.000Z,1942,2019-02-14T00:00:00.000Z,2100,40388,1555,4,5,7,1942,0,0,0,O,0,15A67,RIVERSIDE DR,TUJUNGA AV,60,W,N,A,-,N,,0,0,,,0,,,,N,4,0,1,2,A,-,11,21956,A,N,G,B,D,A,H,-,D,A,0,Y,,,,Y,,N,60,0,0,1,0,1,0,0,0,0,- ,- ,0,0,2400,2,LOS ANGELES,LOS ANGELES,CA,-118.3792498,34.15764236,"RIVERSIDE DR & TUJUNGA AVE, LOS ANGELES, CA",RIVERSIDE DR,TUJUNGA AVE,104524,
-118.5907622,34.2499733,31399,8817311,2019,2019-03-14T00:00:00.000Z,1942,2019-02-26T00:00:00.000Z,2100,41274,,2,5,7,1942,0,0,0,,0,,LASSEN ST,INDEPENDENCE AV,0,,Y,A,-,N,,0,0,,,0,,,,Y,4,0,1,2,A,-,8,22107,,N,D,C,A,A,H,-,C,D,0,,,Y,,Y,,C,2,0,0,1,0,0,0,0,0,0,- ,- ,0,0,2400,2,LOS ANGELES,LOS ANGELES,CA,-118.5907622,34.2499733,"LASSEN ST & INDEPENDENCE AVE, LOS ANGELES, CA",LASSEN ST,INDEPENDENCE AVE,98734,
-118.5531723,34.1726532,31400,8817316,2019,2019-03-14T00:00:00.000Z,1942,2019-02-27T00:00:00.000Z,2330,40388,1061,3,5,7,1942,0,0,0,J,0,10A83,VENTURA BL,TAMPA AV,97,E,N,C,-,N,,0,0,,,0,,,,N,4,0,1,1,A,-,3,22350,,N,E,I,A,B,H,-,C,A,0,,,,,Y,,A,7,0,0,1,0,0,0,0,0,0,- ,- ,0,0,2400,2,LOS ANGELES,LOS ANGELES,CA,-118.5531723,34.1726532,"VENTURA BLVD & TAMPA AVE, LOS ANGELES, CA",VENTURA BLVD,TAMPA AVE,135997,
-118.5492876,34.19383621,31401,8817348,2019,2019-03-14T00:00:00.000Z,1942,2019-02-27T00:00:00.000Z,2200,42818,1023,3,5,7,1942,0,0,0,J,0,10A21,VANOWEN ST,VANALDEN AV,38,W,N,C,-,N,,0,0,,,0,,,,N,3,0,1,2,A,-,3,22350,,N,C,C,A,B,H,-,C,A,0,,,,,Y,,A,1,0,1,0,0,0,0,0,0,0,- ,- ,0,0,2400,2,LOS ANGELES,LOS ANGELES,CA,-118.5492876,34.19383621,"VANOWEN ST & VANALDEN AVE, LOS ANGELES, CA",VANOWEN ST,VANALDEN AVE,119600,
-118.6407363,34.17185593,31402,8817378,2019,2019-03-14T00:00:00.000Z,1942,2019-02-22T00:00:00.000Z,2140,38183,2172,5,5,7,1942,0,0,0,,0,LOSANG,BURBANK BL,MANTON AV,23,E,N,A,-,N,,0,0,,,0,,,,N,0,0,0,1,A,-,8,22107,,M,E,I,A,A,H,-,C,A,0,,,,,Y,,-,99,0,0,0,0,0,0,0,0,0,- ,- ,0,0,2400,2,LOS ANGELES,LOS ANGELES,CA,-118.6407363,34.17185593,"BURBANK BLVD & MANTON AVE, LOS ANGELES, CA",BURBANK BLVD,MANTON AVE,111670,
-118.3632527,34.13716126,31403,8818165,2019,2019-03-20T00:00:00.000Z,1942,2019-02-01T00:00:00.000Z,2120,41788,1599,5,5,7,1942,0,0,0,O,0,15A38,CAHUENGA BL,LANKERSHIM BL,10,E,N,B,-,N,,0,0,,,0,,,,N,0,0,0,2,A,-,7,21658,A,M,B,C,A,B,H,-,C,D,0,,,,,Y,,-,99,0,0,0,0,0,0,0,0,0,- ,- ,0,0,2400,2,LOS ANGELES,LOS ANGELES,CA,-118.3632527,34.13716125,"CAHUENGA BLVD & LANKERSHIM BLVD, LOS ANGELES, CA",CAHUENGA BLVD,LANKERSHIM BLVD,129089,
-118.3805407,34.13943863,31404,8818193,2019,2019-03-20T00:00:00.000Z,1942,2019-02-01T00:00:00.000Z,2330,42309,1596,5,5,7,1942,0,0,0,O,0,15A85,RIDGEMOOR DR,VENTURA BL,50,S,N,C,-,N,,0,0,,,0,,,,N,0,0,0,2,A,-,21,22106,,M,C,E,A,B,H,-,C,D,0,,,,,Y,,-,99,0,0,0,0,0,0,0,0,0,- ,- ,0,0,2400,2,LOS ANGELES,LOS ANGELES,CA,-118.3805407,34.13943863,"RIDGEMOOR DR & VENTURA BLVD, LOS ANGELES, CA",RIDGEMOOR DR,VENTURA BLVD,97461,
-118.3290963,34.07893753,31405,8818338,2019,2019-03-25T00:00:00.000Z,1942,2019-02-28T00:00:00.000Z,2209,37770,719,4,5,7,1942,0,0,0,G,0,7A17,ROSEWOOD AV,CAHUENGA BL,111,E,N,A,-,N,,0,0,,,0,,,,Y,0,0,0,1,A,-,3,22350,,M,E,I,A,A,H,-,C,A,0,,,,,Y,,A,1,0,0,0,0,0,0,0,0,0,- ,- ,0,0,2400,2,LOS ANGELES,LOS ANGELES,CA,-118.3290963,34.07893753,"ROSEWOOD AVE & CAHUENGA BLVD, LOS ANGELES, CA",ROSEWOOD AVE,CAHUENGA BLVD,128724,
-118.4269626,34.05565262,31406,8818342,2019,2019-03-25T00:00:00.000Z,1942,2019-02-27T00:00:00.000Z,2320,37770,836,3,5,7,1942,0,0,0,H,0,8A35,THAYER AV,SANTA MONICA BL,60,N,N,C,-,N,,0,0,,,0,,,,N,0,0,0,1,A,-,3,22350,,M,E,I,A,B,H,-,C,A,0,,,,,Y,,-,99,0,0,0,0,0,0,0,0,0,- ,- ,0,0,2400,2,LOS ANGELES,LOS ANGELES,CA,-118.4269626,34.05565262,"THAYER AVE & SANTA MONICA BLVD, LOS ANGELES, CA",THAYER AVE,SANTA MONICA BLVD,128703,
-118.4705822,34.20122147,31407,8818373,2019,2019-03-22T00:00:00.000Z,1942,2019-02-06T00:00:00.000Z,2215,37575,911,3,5,7,1942,0,0,0,I,0,9A23,ORION AV,SHERMAN WY,20,S,N,A,-,N,,0,0,,,0,,,,N,0,0,0,2,A,-,21,22106,,M,C,C,A,A,H,-,C,A,0,,,,,Y,,-,99,0,0,0,0,0,0,0,0,0,- ,- ,0,0,2400,2,LOS ANGELES,LOS ANGELES,CA,-118.4705822,34.20122147,"ORION AVE & SHERMAN WAY, LOS ANGELES, CA",ORION AVE,SHERMAN WAY,123185,
-118.6059122,34.18694305,31408,8819265,2019,2019-03-21T00:00:00.000Z,1942,2019-02-21T00:00:00.000Z,2225,42818,2156,4,5,7,1942,0,0,0,,0,21A57,TOPANGA CANYON BL,VICTORY BL,0,,Y,A,-,Y,LA,7,27,-,-,13.551,I,5,N,Y,3,0,1,2,C,-,18,0,,N,B,C,A,A,H,-,C,A,0,,,,,Y,,-,- ,0,1,0,0,0,0,0,0,0,- ,- ,0,0,2400,2,LOS ANGELES,LOS ANGELES,CA,-118.6059122,34.18694305,"TOPANGA CANYON BLVD & VICTORY BLVD, LOS ANGELES, CA",TOPANGA CANYON BLVD,VICTORY BLVD,123514,
-118.6059217,34.1827507,31409,8819275,2019,2019-03-21T00:00:00.000Z,1942,2019-02-21T00:00:00.000Z,2230,41274,2156,4,5,7,1942,0,0,0,,0,21A57,TOPANGA CANYON BL,ERWIN ST,30,S,N,A,-,Y,LA,7,27,-,-,13.26,H,-,N,Y,4,0,2,2,C,-,18,0,,N,A,C,A,A,H,-,C,A,0,,,,,Y,,-,- ,0,0,2,0,0,0,0,0,0,- ,- ,0,0,2400,2,LOS ANGELES,LOS ANGELES,CA,-118.6059217,34.1827507,"TOPANGA CANYON BLVD & ERWIN ST, LOS ANGELES, CA",TOPANGA CANYON BLVD,ERWIN ST,130531,
-118.3177246,34.04018021,31410,8819588,2019,2019-03-11T00:00:00.000Z,1942,2019-02-11T00:00:00.000Z,2150,41957,789,1,5,7,1942,0,0,0,G,0,7A69,ARLINGTON AV,WASHINGTON BL,100,N,N,A,-,N,,0,0,,,0,,,,N,0,0,0,2,A,-,3,22350,,M,C,C,A,A,H,-,C,A,0,,,,,Y,,-,99,0,0,0,0,0,0,0,0,0,- ,- ,0,0,2400,2,LOS ANGELES,LOS ANGELES,CA,-118.3177246,34.04018021,"ARLINGTON AVE & WASHINGTON BLVD, LOS ANGELES, CA",ARLINGTON AVE,WASHINGTON BLVD,145612,
-118.4654115,34.23550415,31411,8819739,2019,2019-03-18T00:00:00.000Z,1942,2019-02-26T00:00:00.000Z,2245,40065,1971,2,5,7,1942,0,0,0,,0,19A61,NORDHOFF ST,NOBLE AV,1320,W,N,A,-,N,,0,0,,,0,,,,Y,4,0,1,4,A,-,8,22107,,F,B,C,A,A,H,-,C,D,0,,,,,Y,,-,99,0,0,1,0,0,0,0,0,0,- ,- ,0,0,2400,2,LOS ANGELES,LOS ANGELES,CA,-118.4654115,34.23550415,"NORDHOFF ST & NOBLE AVE, LOS ANGELES, CA",NORDHOFF ST,NOBLE AVE,150732,
-118.3790022,34.17047501,31412,8821404,2019,2019-03-21T00:00:00.000Z,1942,2019-02-15T00:00:00.000Z,2230,43427,1547,5,5,7,1942,0,0,0,O,0,15A21,ALGER ST,TOJUNGA AV,0,,Y,A,-,N,,0,0,,,0,,,,N,0,0,0,2,A,-,5,21752,,M,A,C,A,A,H,-,C,D,0,,,,,Y,,-,99,0,0,0,0,0,0,0,0,0,- ,- ,0,0,2400,2,LOS ANGELES,LOS ANGELES,CA,-118.3790022,34.17047501,"ALBERS ST & TUJUNGA AVE, LOS ANGELES, CA",ALBERS ST,TUJUNGA AVE,139829,
-118.3615822,34.17304993,31413,8821416,2019,2019-03-21T00:00:00.000Z,1942,2019-02-08T00:00:00.000Z,2310,36230,1539,5,5,7,1942,0,0,0,O,0,15A39,CAHUENGA BL,BURBANK BL,305,N,N,A,-,N,,0,0,,,0,,,,N,0,0,0,2,A,-,8,22102,,M,D,C,A,A,H,-,C,D,0,,,,,Y,Y,-,99,0,0,0,0,0,0,0,0,0,- ,- ,0,0,2400,2,LOS ANGELES,LOS ANGELES,CA,-118.3615822,34.17304993,"CAHUENGA BLVD & BURBANK BLVD, LOS ANGELES, CA",CAHUENGA BLVD,BURBANK BLVD,136154,
-118.3703337,34.19027329,31414,8821440,2019,2019-03-21T00:00:00.000Z,1942,2019-02-12T00:00:00.000Z,2130,42344,1527,2,5,7,1942,0,0,0,O,0,15A27,VINELAND AV,KITTRIDGE ST,12,S,N,A,-,N,,0,0,,,0,,,,N,0,0,0,1,A,-,8,22107,,M,E,I,A,A,H,-,C,D,0,,,,,Y,,-,99,0,0,0,0,0,0,0,0,0,- ,- ,0,0,2400,2,LOS ANGELES,LOS ANGELES,CA,-118.3703337,34.19027328,"VINELAND AVE & KITTRIDGE ST, LOS ANGELES, CA",VINELAND AVE,KITTRIDGE ST,115140,
-118.4150993,34.26685715,31415,8821461,2019,2019-03-21T00:00:00.000Z,1942,2019-02-22T00:00:00.000Z,2340,32372,1623,5,5,7,1942,0,0,0,P,0,16A23,CARL PL,LEHIGH AV,150,W,N,A,-,N,,0,0,,,0,,,,N,0,0,0,2,A,-,21,22106,,M,C,C,A,A,H,-,C,D,0,,,,,Y,,-,99,0,0,0,0,0,0,0,0,0,- ,- ,0,0,2400,2,LOS ANGELES,LOS ANGELES,CA,-118.4150993,34.26685715,"CARL PL & LEHIGH AVE, LOS ANGELES, CA",CARL PL,LEHIGH AVE,105730,
-118.4308259,34.27433395,31416,8821474,2019,2019-03-22T00:00:00.000Z,1942,2019-02-18T00:00:00.000Z,2100,42565,1622,1,5,7,1942,0,0,0,P,0,16A11,SAN FERNANDO RD,DESMOND ST,58,E,N,A,-,N,,0,0,,,0,,,,N,4,0,1,2,A,-,10,21950,A,F,G,B,B,A,H,-,C,A,0,Y,,,,Y,,-,99,0,0,1,0,1,0,0,0,0,- ,- ,0,0,2400,2,LOS ANGELES,LOS ANGELES,CA,-118.4308259,34.27433395,"SAN FERNANDO RD & DESMOND ST, LOS ANGELES, CA",SAN FERNANDO RD,DESMOND ST,115917,
-118.4133884,34.24105454,31417,8821478,2019,2019-03-22T00:00:00.000Z,1942,2019-02-15T00:00:00.000Z,2105,43382,1663,5,5,7,1942,0,0,0,P,0,16A37,LAUREL CANYON BL,BRANDFORD ST,77,N,N,C,-,N,,0,0,,,0,,,,N,4,0,1,2,A,-,11,21954,A,F,G,B,D,B,H,-,C,D,0,Y,,,,Y,Y,N,60,0,0,1,0,1,0,0,0,0,- ,- ,0,0,2400,2,LOS ANGELES,LOS ANGELES,CA,-118.4133884,34.24105453,"LAUREL CANYON BLVD & BRANFORD ST, LOS ANGELES, CA",LAUREL CANYON BLVD,BRANFORD ST,126258,
-118.4183142,34.20119476,31418,8821482,2019,2019-03-22T00:00:00.000Z,1942,2019-02-25T00:00:00.000Z,2300,38183,1511,1,5,7,1942,0,0,0,O,0,15A21,SHERMAN WY,ETHEL AV,40,W,N,A,-,N,,0,0,,,0,,,,Y,4,0,1,5,A,-,7,21658,A,F,B,E,A,A,H,-,C,D,0,,,,,Y,,-,99,0,0,1,0,0,0,0,0,0,- ,- ,0,0,2400,2,LOS ANGELES,LOS ANGELES,CA,-118.4183142,34.20119476,"SHERMAN WAY & ETHEL AVE, LOS ANGELES, CA",SHERMAN WAY,ETHEL AVE,150162,
-118.4106726,34.27870941,31419,8821497,2019,2019-03-21T00:00:00.000Z,1942,2019-02-03T00:00:00.000Z,2300,37353,1602,7,5,7,1942,0,0,0,P,0,16A11,JUDD ST,DRONFIELD AV,1200,W,N,C,-,N,,0,0,,,0,,,,N,0,0,0,2,A,-,8,22107,,M,C,C,A,B,H,-,C,D,0,,,,,Y,,-,99,0,0,0,0,0,0,0,0,0,- ,- ,0,0,2400,2,LOS ANGELES,LOS ANGELES,CA,-118.4106726,34.27870941,"JUDD ST & DRONFIELD AVE, LOS ANGELES, CA",JUDD ST,DRONFIELD AVE,101923,
-118.3026879,34.25772095,31420,8821503,2019,2019-03-27T00:00:00.000Z,1942,2019-02-17T00:00:00.000Z,2355,43485,1656,7,5,7,1942,0,0,0,P,0,16A23,MOUNT GLEASON AV,WYNGATE ST,100,N,N,A,-,N,,0,0,,,0,,,,N,0,0,0,3,A,-,3,22350,,M,B,E,A,A,H,-,C,D,0,,,,,Y,,-,99,0,0,0,0,0,0,0,0,0,- ,- ,0,0,2400,2,LOS ANGELES,LOS ANGELES,CA,-118.3026879,34.25772095,"MOUNT GLEASON AVE & WYNGATE ST, LOS ANGELES, CA",MOUNT GLEASON AVE,WYNGATE ST,126199,
-118.1780821,34.08519363,31421,8821561,2019,2019-03-25T00:00:00.000Z,1942,2019-02-01T00:00:00.000Z,2250,34257,427,5,5,7,1942,0,0,0,D,0,4A9,EASTERN AV,NAVARRO ST,0,,Y,C,-,N,,0,0,,,0,,,,Y,4,0,3,2,A,-,9,21804,A,N,D,C,A,B,H,-,C,D,0,,,,,Y,,A,8,0,0,3,0,0,0,0,0,0,- ,- ,0,0,2400,2,LOS ANGELES,LOS ANGELES,CA,-118.1780821,34.08519363,"EASTERN AVE & NAVARRO ST, LOS ANGELES, CA",EASTERN AVE,NAVARRO ST,111432,
-118.2391821,34.05526352,31422,8821647,2019,2019-03-22T00:00:00.000Z,1942,2019-02-21T00:00:00.000Z,2140,41629,111,4,5,7,1942,0,0,0,A,0,1A1,ARCADIA ST,N LOS ANGELES ST,0,,Y,A,-,N,,0,0,,,0,,,,N,0,0,0,2,A,-,8,22100,A,M,C,C,A,A,H,-,C,D,0,,,,,Y,,-,99,0,0,0,0,0,0,0,0,0,- ,- ,0,0,2400,2,LOS ANGELES,LOS ANGELES,CA,-118.2391821,34.05526352,"ARCADIA ST & LOS ANGELES ST, LOS ANGELES, CA",ARCADIA ST,LOS ANGELES ST,121137,