X,Y,OBJECTID,case_id,accident_year,proc_date,juris,collision_date,collision_time,officer_id,reporting_district,day_of_week,chp_shift,population,cnty_city_loc,special_cond,beat_type,chp_beat_type,city_division_lapd,chp_beat_class,beat_number,primary_rd,secondary_rd,distance,direction,intersection,weather_1,weather_2,state_hwy_ind,caltrans_county,caltrans_district,state_route,route_suffix,postmile_prefix,postmile,location_type,ramp_intersection,side_of_hwy,tow_away,collision_severity,number_killed,number_injured,party_count,primary_coll_factor,pcf_code_of_viol,pcf_viol_category,pcf_violation,pcf_viol_subsection,hit_and_run,type_of_collision,mviw,ped_action,road_surface,road_cond_1,road_cond_2,lighting,control_device,chp_road_type,pedestrian_accident,bicycle_accident,motorcycle_accident,truck_accident,not_private_property,alcohol_involved,stwd_vehtype_at_fault,chp_vehtype_at_fault,count_severe_inj,count_visible_inj,count_complaint_pain,count_ped_killed,count_ped_injured,count_bicyclist_killed,count_bicyclist_injured,count_mc_killed,count_mc_injured,primary_ramp,secondary_ramp,latitude,longitude,timecat,month_,city,county,state,point_x,point_y,match_addr,m_primaryrd,m_secondrd,int_id,Flag
-118.2782622,33.96008301,31423,8822860,2019,2019-03-27T00:00:00.000Z,1942,2019-02-24T00:00:00.000Z,2345,37743,1802,7,5,7,1942,0,0,0,R,0,12X18,MANCHESTER AV,BROADWAY,0,,Y,A,-,N,,0,0,,,0,,,,Y,3,0,4,2,A,-,9,21801,A,N,A,C,A,A,H,-,C,A,0,,,,,Y,,A,1,0,1,3,0,0,0,0,0,0,- ,- ,0,0,2400,2,LOS ANGELES,LOS ANGELES,CA,-118.2782622,33.96008301,"MANCHESTER AVE & BROADWAY, LOS ANGELES, CA",MANCHESTER AVE,BROADWAY,117804,
-118.2713299,34.02603149,31424,8823082,2019,2019-04-04T00:00:00.000Z,1942,2019-02-16T00:00:00.000Z,2210,42926,1331,6,5,7,1942,0,0,0,M,0,13A41,W ADAMS BL,HILL ST,165,W,N,A,-,N,,0,0,,,0,,,,N,0,0,0,2,A,-,3,22350,,M,B,E,A,A,H,-,C,-,0,,,,,Y,,D,22,0,0,0,0,0,0,0,0,0,- ,- ,0,0,2400,2,LOS ANGELES,LOS ANGELES,CA,-118.2713299,34.02603149,"ADAMS BLVD & HILL ST, LOS ANGELES, CA",ADAMS BLVD,HILL ST,127954,
-118.2783022,33.98916626,31425,8823094,2019,2019-04-24T00:00:00.000Z,1942,2019-02-07T00:00:00.000Z,2300,42876,1383,4,5,7,1942,0,0,0,M,0,13A93,SLAUSON AV,BROADWAY,0,,Y,A,-,N,,0,0,,,0,,,,Y,3,0,1,2,A,-,12,21453,A,N,D,C,A,A,H,-,C,A,0,,,,,Y,,D,22,0,1,0,0,0,0,0,0,0,- ,- ,0,0,2400,2,LOS ANGELES,LOS ANGELES,CA,-118.2783022,33.98916626,"SLAUSON AVE & BROADWAY, LOS ANGELES, CA",SLAUSON AVE,BROADWAY,103089,
-118.2635009,34.04547882,31427,8823447,2019,2019-03-27T00:00:00.000Z,1942,2019-02-28T00:00:00.000Z,2120,39876,171,4,5,7,1942,0,0,0,A,0,24T31,FIGUEROA ST,9TH ST,336,S,N,A,-,N,,0,0,,,0,,,,N,4,0,1,2,A,-,21,22106,,N,C,C,A,A,H,-,C,D,0,,,,,Y,,-,- ,0,0,1,0,0,0,0,0,0,- ,- ,0,0,2400,2,LOS ANGELES,LOS ANGELES,CA,-118.2635009,34.04547882,"FIGUEROA ST & 9TH ST, LOS ANGELES, CA",FIGUEROA ST,9TH ST,135054,
-118.2461399,34.04024124,31428,8823471,2019,2019-03-20T00:00:00.000Z,1942,2019-02-13T00:00:00.000Z,2135,33130,1307,3,5,7,1942,0,0,0,M,0,13A9,EAST 7TH ST,CROCKER ST,78,W,N,C,-,N,,0,0,,,0,,,,N,2,0,1,2,A,-,11,21955,,F,G,B,D,B,H,-,C,D,0,Y,,,,Y,,N,60,1,0,0,0,1,0,0,0,0,- ,- ,0,0,2400,2,LOS ANGELES,LOS ANGELES,CA,-118.2461399,34.04024124,"7TH ST & CROCKER ST, LOS ANGELES, CA",7TH ST,CROCKER ST,103537,
-118.2159756,34.07690048,31429,8823487,2019,2019-03-19T00:00:00.000Z,1942,2019-02-13T00:00:00.000Z,2115,35291,412,3,5,7,1942,0,0,0,D,0,4A3,E AVENUE 26,PASADENA AV,147,N,N,C,-,N,,0,0,,,0,,,,N,4,0,1,2,A,-,1,23152,A,N,D,C,A,B,H,-,C,D,0,,,,,Y,Y,A,1,0,0,1,0,0,0,0,0,0,- ,- ,0,0,2400,2,LOS ANGELES,LOS ANGELES,CA,-118.2159756,34.07690048,"AVE 26 & PASADENA AVE, LOS ANGELES, CA",AVE 26,PASADENA AVE,139338,
-118.2586694,34.04138565,31430,8823554,2019,2019-03-19T00:00:00.000Z,1942,2019-02-23T00:00:00.000Z,2330,39395,185,6,5,7,1942,0,0,0,A,0,1A85,S HILL ST,OLYMPIC BL,100,S,N,A,-,N,,0,0,,,0,,,,Y,0,0,0,2,A,-,7,21658,A,M,B,C,A,A,H,-,C,A,0,,,,,Y,,A,7,0,0,0,0,0,0,0,0,0,- ,- ,0,0,2400,2,LOS ANGELES,LOS ANGELES,CA,-118.2586694,34.04138565,"HILL ST & OLYMPIC BLVD, LOS ANGELES, CA",HILL ST,OLYMPIC BLVD,149214,
-118.2697681,34.05082703,31431,8823558,2019,2019-03-19T00:00:00.000Z,1942,2019-02-02T00:00:00.000Z,2215,43407,269,6,5,7,1942,0,0,0,B,0,2A75,COLUMBIA AV,8TH ST,100,N,N,B,-,N,,0,0,,,0,,,,N,0,0,0,2,A,-,21,22106,,M,C,C,A,B,H,-,C,A,0,,,,,Y,Y,-,99,0,0,0,0,0,0,0,0,0,- ,- ,0,0,2400,2,LOS ANGELES,LOS ANGELES,CA,-118.2697681,34.05082703,"COLUMBIA AVE & 8TH ST, LOS ANGELES, CA",COLUMBIA AVE,8TH ST,107048,
-118.2159236,34.03447723,31432,8823577,2019,2019-03-18T00:00:00.000Z,1942,2019-02-23T00:00:00.000Z,2330,38233,471,6,5,7,1942,0,0,0,D,0,4A71,WHITTIER BL,SOTO ST,75,W,N,A,-,N,,0,0,,,0,,,,N,0,0,0,4,A,-,1,23152,A,M,B,E,A,A,H,-,C,A,0,,,,,Y,Y,A,7,0,0,0,0,0,0,0,0,0,- ,- ,0,0,2400,2,LOS ANGELES,LOS ANGELES,CA,-118.2159236,34.03447723,"WHITTIER BLVD & SOTO ST, LOS ANGELES, CA",WHITTIER BLVD,SOTO ST,110577,
-118.2802621,33.97079468,31433,8824343,2019,2019-03-21T00:00:00.000Z,1942,2019-02-28T00:00:00.000Z,2235,43589,1942,4,5,7,1942,0,0,0,,0,1239,76TH ST,GRAND AV,0,,N,B,-,N,,0,0,,,0,,,,N,3,0,1,2,A,-,9,21801,A,F,D,G,A,A,H,-,C,D,0,,Y,,,Y,,-,99,0,1,0,0,0,0,1,0,0,- ,- ,0,0,2400,2,LOS ANGELES,LOS ANGELES,CA,-118.2802621,33.97079468,"76TH ST & GRAND AVE, LOS ANGELES, CA",76TH ST,GRAND AVE,127685,
-118.3028531,33.98834992,31434,8824360,2019,2019-03-22T00:00:00.000Z,1942,2019-02-28T00:00:00.000Z,2230,41221,1235,4,5,7,1942,0,0,0,L,0,12A15,58TH PL,HALLDALE AV,140,W,N,A,-,N,,0,0,,,0,,,,N,0,0,0,3,A,-,3,22350,,M,B,E,A,A,H,-,C,D,0,,,,,Y,,-,99,0,0,0,0,0,0,0,0,0,- ,- ,0,0,2400,2,LOS ANGELES,LOS ANGELES,CA,-118.3028531,33.98834991,"58TH PL & HALLDALE AVE, LOS ANGELES, CA",58TH PL,HALLDALE AVE,127669,
-118.331052,34.09798431,31435,8824395,2019,2019-03-21T00:00:00.000Z,1942,2019-02-03T00:00:00.000Z,2300,42330,666,7,5,7,1942,0,0,0,F,0,6A79,SUNSET BL,WILCOX AV,3,W,N,C,-,N,,0,0,,,0,,,,Y,4,0,3,2,A,-,3,22350,,F,C,C,A,B,H,-,C,A,0,,,,,Y,,-,99,0,0,3,0,0,0,0,0,0,- ,- ,0,0,2400,2,LOS ANGELES,LOS ANGELES,CA,-118.331052,34.09798431,"SUNSET BLVD & WILCOX AVE, LOS ANGELES, CA",SUNSET BLVD,WILCOX AVE,97341,
-118.6136035,34.19479752,31436,8824567,2019,2019-03-27T00:00:00.000Z,1942,2019-02-15T00:00:00.000Z,2100,42491,2145,5,5,7,1942,0,0,0,,0,21A73,NITA AV,HARTLAND ST,30,N,N,A,-,N,,0,0,,,0,,,,N,0,0,0,2,A,-,4,21703,,M,C,C,A,B,H,-,C,D,0,,,,,Y,,-,99,0,0,0,0,0,0,0,0,0,- ,- ,0,0,2400,2,LOS ANGELES,LOS ANGELES,CA,-118.6136035,34.19479752,"NITA AVE & HARTLAND ST, LOS ANGELES, CA",NITA AVE,HARTLAND ST,104905,
-118.4722873,34.22136688,31437,8824571,2019,2019-03-27T00:00:00.000Z,1942,2019-02-26T00:00:00.000Z,2330,38672,1991,2,5,7,1942,0,0,0,,0,19X84,ROSCOE BL,ORION AV,50,W,N,A,-,N,,0,0,,,0,,,,,0,0,0,2,A,-,8,22107,,M,B,C,A,A,H,-,C,A,0,,,,,Y,,-,99,0,0,0,0,0,0,0,0,0,- ,- ,0,0,2400,2,LOS ANGELES,LOS ANGELES,CA,-118.4722873,34.22136688,"ROSCOE BLVD & ORION AVE, LOS ANGELES, CA",ROSCOE BLVD,ORION AVE,147157,
-118.2813951,33.73574066,31438,8824589,2019,2019-03-26T00:00:00.000Z,1942,2019-02-27T00:00:00.000Z,2220,40075,566,3,5,7,1942,0,0,0,E,0,5A59,PALOS VERDES ST,9TH ST,100,S,N,B,C,N,,0,0,,,0,,,,N,0,0,0,2,A,-,21,22106,,M,H,E,A,B,H,-,C,D,0,,,,,Y,,-,99,0,0,0,0,0,0,0,0,0,- ,- ,0,0,2400,2,LOS ANGELES,LOS ANGELES,CA,-118.2813951,33.73574066,"PALOS VERDES ST & 9TH ST, LOS ANGELES, CA",PALOS VERDES ST,9TH ST,110898,
-118.302878,34.03088379,31439,8824623,2019,2019-03-27T00:00:00.000Z,1942,2019-02-28T00:00:00.000Z,2210,39151,326,4,5,7,1942,0,0,0,C,0,3A31,27TH ST,HALLDALE AV,20,W,N,A,-,N,,0,0,,,0,,,,N,0,0,0,2,A,-,3,22350,,M,C,E,A,A,H,-,C,D,0,,,,,Y,,A,1,0,0,0,0,0,0,0,0,0,- ,- ,0,0,2400,2,LOS ANGELES,LOS ANGELES,CA,-118.302878,34.03088379,"27TH ST & HALLDALE AVE, LOS ANGELES, CA",27TH ST,HALLDALE AVE,113977,
-118.2799522,34.01108551,31440,8824853,2019,2019-03-29T00:00:00.000Z,1942,2019-02-25T00:00:00.000Z,2305,35291,1351,1,5,7,1942,0,0,0,M,0,13A41,W MARTIN LUTHER KING BL,S HILL ST,0,,Y,A,-,N,,0,0,,,0,,,,Y,4,0,1,4,A,-,9,21801,A,N,D,C,A,A,H,-,C,A,0,,,,,Y,,A,1,0,0,1,0,0,0,0,0,0,- ,- ,0,0,2400,2,LOS ANGELES,LOS ANGELES,CA,-118.2799522,34.01108551,"MARTIN LUTHER KING JR BLVD & HILL ST, LOS ANGELES, CA",MARTIN LUTHER KING JR BLVD,HILL ST,102680,
-118.2683321,34.03269577,31441,8824869,2019,2019-04-15T00:00:00.000Z,1942,2019-02-13T00:00:00.000Z,2120,40325,1321,3,5,7,1942,0,0,0,M,0,13A13,GRAND AV,WASHINGTON BL,0,,Y,C,-,N,,0,0,,,0,,,,Y,4,0,1,2,A,-,12,21453,A,N,D,C,A,B,H,-,C,A,0,,,,Y,Y,,-,- ,0,0,1,0,0,0,0,0,0,- ,- ,0,0,2400,2,LOS ANGELES,LOS ANGELES,CA,-118.2683321,34.03269577,"GRAND AVE & WASHINGTON BLVD, LOS ANGELES, CA",GRAND AVE,WASHINGTON BLVD,102173,
-118.1838203,34.12023544,31442,8825493,2019,2019-04-08T00:00:00.000Z,1942,2019-02-24T00:00:00.000Z,2300,33452,1127,7,5,7,1942,0,0,0,K,0,11A25,NORTH FIGUEROA ST,MERIDIAN ST,35,N,N,A,-,N,,0,0,,,0,,,,Y,0,0,0,2,A,-,1,23152,A,N,C,C,A,A,H,-,C,B,0,,,,,Y,Y,A,1,0,0,0,0,0,0,0,0,0,- ,- ,0,0,2400,2,LOS ANGELES,LOS ANGELES,CA,-118.1838203,34.12023544,"FIGUEROA ST & MERIDIAN ST, LOS ANGELES, CA",FIGUEROA ST,MERIDIAN ST,135218,
-118.2454515,34.00391388,31443,8825583,2019,2019-03-27T00:00:00.000Z,1942,2019-02-15T00:00:00.000Z,2225,42876,1347,5,5,7,1942,0,0,0,M,0,13A27,VERNON AV,MORGAN AV,15,W,N,C,-,N,,0,0,,,0,,,,N,0,0,0,2,A,-,11,21956,A,N,G,B,E,B,H,-,C,D,0,Y,,,,Y,Y,N,60,0,0,0,0,0,0,0,0,0,- ,- ,0,0,2400,2,LOS ANGELES,LOS ANGELES,CA,-118.2454515,34.00391388,"VERNON AVE & MORGAN AVE, LOS ANGELES, CA",VERNON AVE,MORGAN AVE,103392,
-118.2749076,34.04371643,31444,8825628,2019,2019-03-27T00:00:00.000Z,1942,2019-02-10T00:00:00.000Z,2100,39062,299,7,5,7,1942,0,0,0,B,0,2A92,W PICO BL,VALENCIA ST,122,E,N,A,-,N,,0,0,,,0,,,,N,2,0,1,2,A,-,11,21954,A,F,G,C,D,A,H,-,C,D,0,Y,,,,Y,,N,60,1,0,0,0,1,0,0,0,0,- ,- ,0,0,2400,2,LOS ANGELES,LOS ANGELES,CA,-118.2749076,34.04371643,"PICO BLVD & VALENCIA ST, LOS ANGELES, CA",PICO BLVD,VALENCIA ST,121203,
-118.3223721,34.10522461,31445,8827522,2019,2019-04-08T00:00:00.000Z,1942,2019-02-23T00:00:00.000Z,2150,41978,638,6,5,7,1942,0,0,0,F,0,6A49,FRANKLIN AV,N GOWER ST,0,,Y,A,-,N,,0,0,,,0,,,,Y,2,0,2,2,A,-,12,21453,A,N,D,C,A,A,H,-,C,A,0,,,,,Y,,D,22,1,1,0,0,0,0,0,0,0,- ,- ,0,0,2400,2,LOS ANGELES,LOS ANGELES,CA,-118.3223721,34.10522461,"FRANKLIN AVE & GOWER ST, LOS ANGELES, CA",FRANKLIN AVE,GOWER ST,104364,
-118.3475221,34.04036331,31446,8827535,2019,2019-04-08T00:00:00.000Z,1942,2019-02-14T00:00:00.000Z,2140,42837,774,4,5,7,1942,0,0,0,G,0,7A85,WASHINGTON BL,LA BREA,0,,Y,A,-,N,,0,0,,,0,,,,Y,4,0,7,2,A,-,12,21453,A,N,D,C,A,A,H,-,C,A,0,,,,,Y,,A,1,0,0,7,0,0,0,0,0,0,- ,- ,0,0,2400,2,LOS ANGELES,LOS ANGELES,CA,-118.3475221,34.04036331,"WASHINGTON BLVD & LA BREA AVE, LOS ANGELES, CA",WASHINGTON BLVD,LA BREA AVE,103456,
-118.2378017,34.05473709,31447,8828489,2019,2019-04-05T00:00:00.000Z,1942,2019-02-15T00:00:00.000Z,2100,40689,111,5,5,7,1942,0,0,0,A,0,1A1,ALAMEDA ST,ARCADIA ST,90,N,N,A,-,N,,0,0,,,0,,,,N,0,0,0,2,A,-,3,22350,,M,C,C,A,A,H,-,C,A,0,,,,,Y,,-,99,0,0,0,0,0,0,0,0,0,- ,- ,0,0,2400,2,LOS ANGELES,LOS ANGELES,CA,-118.2378017,34.05473709,"ALAMEDA ST & ARCADIA ST, LOS ANGELES, CA",ALAMEDA ST,ARCADIA ST,135185,
-118.2650504,34.04522324,31448,8828509,2019,2019-04-05T00:00:00.000Z,1942,2019-02-22T00:00:00.000Z,2151,39876,171,5,5,7,1942,0,0,0,Q,0,24T32,OLYMPIC BL,FIGUEROA ST,340,W,N,A,-,N,,0,0,,,0,,,,N,0,0,0,2,A,-,8,22107,,M,B,E,A,A,H,-,C,D,0,,,,,Y,,-,99,0,0,0,0,0,0,0,0,0,- ,- ,0,0,2400,2,LOS ANGELES,LOS ANGELES,CA,-118.2650504,34.04522324,"OLYMPIC BLVD & FIGUEROA ST, LOS ANGELES, CA",OLYMPIC BLVD,FIGUEROA ST,145724,
-118.2916521,34.05767059,31449,8828924,2019,2019-04-12T00:00:00.000Z,1942,2019-02-27T00:00:00.000Z,2320,41957,2049,3,5,7,1942,0,0,0,,0,20A69,VERMONT AV,8TH ST,20,S,N,C,-,N,,0,0,,,0,,,,N,0,0,0,2,A,-,1,23152,A,M,D,C,A,B,H,-,C,A,0,,,,,Y,Y,A,1,0,0,0,0,0,0,0,0,0,- ,- ,0,0,2400,2,LOS ANGELES,LOS ANGELES,CA,-118.2916521,34.05767059,"VERMONT AVE & 8TH ST, LOS ANGELES, CA",VERMONT AVE,8TH ST,131516,
-118.2601422,34.0835762,31450,8829647,2019,2019-04-16T00:00:00.000Z,1942,2019-02-01T00:00:00.000Z,2120,36790,1111,5,5,7,1942,0,0,0,K,0,11,BERKELEY,GLENDALE BL,0,,Y,B,-,N,,0,0,,,0,,,,N,0,0,0,2,A,-,8,22107,,N,B,C,A,A,H,-,C,A,0,,,,,Y,,D,22,0,0,0,0,0,0,0,0,0,- ,- ,0,0,2400,2,LOS ANGELES,LOS ANGELES,CA,-118.2601422,34.0835762,"BERKELEY AVE & GLENDALE BLVD, LOS ANGELES, CA",BERKELEY AVE,GLENDALE BLVD,140875,
-118.2209268,34.12417603,31451,8830343,2019,2019-03-28T00:00:00.000Z,1942,2019-02-17T00:00:00.000Z,2120,42521,1136,7,5,7,1942,0,0,0,K,0,11A17,EAGLE ROCK BL,YORK BL,20,N,N,A,-,N,,0,0,,,0,,,,N,3,0,1,2,A,-,11,21955,,N,G,B,D,A,H,-,C,-,0,Y,,,,Y,,N,60,0,1,0,0,1,0,0,0,0,- ,- ,0,0,2400,2,LOS ANGELES,LOS ANGELES,CA,-118.2209268,34.12417603,"EAGLE ROCK BLVD & YORK BLVD, LOS ANGELES, CA",EAGLE ROCK BLVD,YORK BLVD,144321,
-118.2985729,34.09813309,31452,8830347,2019,2019-03-28T00:00:00.000Z,1942,2019-02-18T00:00:00.000Z,2230,43570,1151,1,5,7,1942,0,0,0,K,0,11A51,SUNSET BL,N ALEXANDRIA AV,70,W,N,A,-,N,,0,0,,,0,,,,Y,4,0,2,2,A,-,9,21801,A,N,D,C,A,A,H,-,C,D,0,,,,,Y,,A,1,0,0,2,0,0,0,0,0,0,- ,- ,0,0,2400,2,LOS ANGELES,LOS ANGELES,CA,-118.2985729,34.09813309,"SUNSET BLVD & ALEXANDRIA AVE, LOS ANGELES, CA",SUNSET BLVD,ALEXANDRIA AVE,97281,
-118.2009122,34.10569382,31453,8830350,2019,2019-03-28T00:00:00.000Z,1942,2019-02-14T00:00:00.000Z,2200,40730,1149,4,5,7,1942,0,0,0,K,0,11A37,N AVE 51,NORTH FIGUEROA ST,0,,Y,A,-,N,,0,0,,,0,,,,N,3,0,1,2,A,-,10,21950,,N,G,B,B,A,H,-,C,A,0,Y,,,,Y,,A,1,0,1,0,0,1,0,0,0,0,- ,- ,0,0,2400,2,LOS ANGELES,LOS ANGELES,CA,-118.2009122,34.10569382,"AVE 51 & FIGUEROA ST, LOS ANGELES, CA",AVE 51,FIGUEROA ST,110808,
-118.2852239,34.11230469,31454,8830351,2019,2019-03-28T00:00:00.000Z,1942,2019-02-25T00:00:00.000Z,2355,43334,1132,1,5,7,1942,0,0,0,K,0,11A42,LOS FELIZ BL,COMMONWEALTH,15,E,N,A,-,N,,0,0,,,0,,,,Y,4,0,1,2,A,-,8,22102,,N,A,C,A,A,H,-,C,D,0,,,,,Y,,A,7,0,0,1,0,0,0,0,0,0,- ,- ,0,0,2400,2,LOS ANGELES,LOS ANGELES,CA,-118.2852239,34.11230469,"LOS FELIZ BLVD & COMMONWEALTH AVE, LOS ANGELES, CA",LOS FELIZ BLVD,COMMONWEALTH AVE,135484,
-118.2600421,34.08553314,31455,8830362,2019,2019-04-15T00:00:00.000Z,1942,2019-02-18T00:00:00.000Z,2245,38233,1172,1,5,7,1942,0,0,0,K,0,11A71,GLENDALE BL,ALLESANDRO ST,0,,Y,A,-,N,,0,0,,,0,,,,Y,3,0,1,2,A,-,7,21658,A,F,B,C,A,A,H,-,C,A,0,,,Y,,Y,,-,- ,0,1,0,0,0,0,0,0,1,- ,- ,0,0,2400,2,LOS ANGELES,LOS ANGELES,CA,-118.2600421,34.08553314,"GLENDALE BLVD & ALLESANDRO ST, LOS ANGELES, CA",GLENDALE BLVD,ALLESANDRO ST,97296,
-118.1973422,34.10746384,31456,8830395,2019,2019-03-28T00:00:00.000Z,1942,2019-02-17T00:00:00.000Z,2130,43334,1149,7,5,7,1942,0,0,0,K,0,11A48,FIGUEROA ST,AVENUE 54,0,,Y,A,-,N,,0,0,,,0,,,,N,3,0,2,2,A,-,9,21801,A,F,B,C,A,A,H,-,C,A,0,,,Y,,Y,,-,99,0,1,1,0,0,0,0,0,2,- ,- ,0,0,2400,2,LOS ANGELES,LOS ANGELES,CA,-118.1973422,34.10746384,"FIGUEROA ST & AVE 54, LOS ANGELES, CA",FIGUEROA ST,AVE 54,135294,
-118.2395622,34.00797653,31457,8830413,2019,2019-03-27T00:00:00.000Z,1942,2019-02-27T00:00:00.000Z,2120,33130,0,3,5,7,1942,0,0,0,,0,,S ALAMEDA ST,E 41ST ST,0,,Y,C,-,N,,0,0,,,0,,,,Y,0,0,0,2,A,-,3,22350,,M,C,C,A,B,H,-,C,A,0,,,,Y,Y,,A,1,0,0,0,0,0,0,0,0,0,- ,- ,0,0,2400,2,LOS ANGELES,LOS ANGELES,CA,-118.2395622,34.00797653,"ALAMEDA ST & 41ST ST, LOS ANGELES, CA",ALAMEDA ST,41ST ST,113839,
-118.5509354,34.04354477,31458,8830438,2019,2019-03-29T00:00:00.000Z,1942,2019-02-17T00:00:00.000Z,2100,42198,822,7,5,7,1942,0,0,0,H,0,8A1,SUNSET BL,PALISADES DR,520,E,N,A,-,N,,0,0,,,0,,,,Y,0,0,0,2,A,-,8,22107,,M,B,C,A,A,H,-,C,A,0,,,,,Y,,-,99,0,0,0,0,0,0,0,0,0,- ,- ,0,0,2400,2,LOS ANGELES,LOS ANGELES,CA,-118.5509354,34.04354477,"SUNSET BLVD & PALISADES DR, LOS ANGELES, CA",SUNSET BLVD,PALISADES DR,123122,
-118.3750721,34.12365341,31460,8830442,2019,2019-03-28T00:00:00.000Z,1942,2019-02-05T00:00:00.000Z,2200,43500,622,2,5,7,1942,0,0,0,F,0,6A49,WOODROW,MULHOLLAND RD,0,,Y,A,-,N,,0,0,,,0,,,,N,0,0,0,2,A,-,7,21658,A,N,B,C,A,A,H,-,C,D,0,,,,,Y,Y,-,99,0,0,0,0,0,0,0,0,0,- ,- ,0,0,2400,2,LOS ANGELES,LOS ANGELES,CA,-118.3750721,34.12365341,"WOODROW WILSON DR & MULHOLLAND DR, LOS ANGELES, CA",WOODROW WILSON DR,MULHOLLAND DR,99045,
-118.2918861,34.07273483,31461,8830560,2019,2019-03-27T00:00:00.000Z,1942,2019-02-27T00:00:00.000Z,2250,41957,2019,3,5,7,1942,0,0,0,,0,20A39,1ST ST,VERMONT AV,60,W,N,C,-,N,,0,0,,,0,,,,N,0,0,0,2,A,-,3,22350,,M,C,C,A,B,H,-,C,B,0,,,,,Y,,-,99,0,0,0,0,0,0,0,0,0,- ,- ,0,0,2400,2,LOS ANGELES,LOS ANGELES,CA,-118.2918861,34.07273483,"1ST ST & VERMONT AVE, LOS ANGELES, CA",1ST ST,VERMONT AVE,146353,
-118.2798621,34.05169678,31462,8831404,2019,2019-04-09T00:00:00.000Z,1942,2019-02-28T00:00:00.000Z,2143,37636,275,4,5,7,1942,0,0,0,B,0,2A47,ALVARADO,OLYMPIC BL,0,,N,B,-,N,,0,0,,,0,,,,N,3,0,1,2,A,-,10,21950,A,N,G,B,B,A,H,-,C,A,0,Y,,,,Y,,A,1,0,1,0,0,1,0,0,0,0,- ,- ,0,0,2400,2,LOS ANGELES,LOS ANGELES,CA,-118.2798621,34.05169678,"ALVARADO ST & OLYMPIC BLVD, LOS ANGELES, CA",ALVARADO ST,OLYMPIC BLVD,145718,
-118.2788414,34.09088898,31463,8831436,2019,2019-04-09T00:00:00.000Z,1942,2019-02-13T00:00:00.000Z,2120,39876,204,3,5,7,1942,0,0,0,,0,24T31,LUCILLE AV,SUNSET BL,16,S,N,C,-,N,,0,0,,,0,,,,N,4,0,1,2,A,-,3,22350,,F,C,C,A,B,H,-,C,A,0,,,,,Y,,-,99,0,0,1,0,0,0,0,0,0,- ,- ,0,0,2400,2,LOS ANGELES,LOS ANGELES,CA,-118.2788414,34.09088898,"LUCILE AVE & SUNSET BLVD, LOS ANGELES, CA",LUCILE AVE,SUNSET BLVD,118346,
-118.2402217,34.0614624,31464,8833093,2019,2019-04-10T00:00:00.000Z,1942,2019-02-02T00:00:00.000Z,2115,40689,111,6,5,7,1942,0,0,0,A,0,1A1,HILL ST,ORD ST,280,N,N,A,-,N,,0,0,,,0,,,,N,2,0,1,2,A,-,11,21954,A,F,G,B,D,B,H,-,C,D,0,Y,,,,Y,,N,60,1,0,0,0,1,0,0,0,0,- ,- ,0,0,2400,2,LOS ANGELES,LOS ANGELES,CA,-118.2402217,34.0614624,"HILL ST & ORD ST, LOS ANGELES, CA",HILL ST,ORD ST,103548,
-118.2776646,34.07808304,31465,8833906,2019,2019-04-09T00:00:00.000Z,1942,2019-02-17T00:00:00.000Z,2140,39876,205,7,5,7,1942,0,0,0,B,0,24T31,VENDOME ST,BELLEVUE AV,118,N,N,A,-,N,,0,0,,,0,,,,N,0,0,0,3,A,-,3,22350,,M,B,E,A,A,-,-,C,D,0,,,,,Y,,-,99,0,0,0,0,0,0,0,0,0,- ,- ,0,0,2400,2,LOS ANGELES,LOS ANGELES,CA,-118.2776646,34.07808304,"VENDOME ST & BELLEVUE AVE, LOS ANGELES, CA",VENDOME ST,BELLEVUE AVE,139222,
-118.447085,34.03834534,31466,8834392,2019,2019-04-11T00:00:00.000Z,1942,2019-02-19T00:00:00.000Z,2204,37575,841,2,5,7,1942,0,0,0,H,0,14T47,COLBY AV,LA GRANGE AV,180,S,N,A,-,N,,0,0,,,0,,,,Y,0,0,0,3,A,-,3,22350,,M,B,C,A,A,H,-,C,D,0,,,,,Y,Y,A,1,0,0,0,0,0,0,0,0,0,- ,- ,0,0,2400,2,LOS ANGELES,LOS ANGELES,CA,-118.447085,34.03834534,"COLBY AVE & LA GRANGE AVE, LOS ANGELES, CA",COLBY AVE,LA GRANGE AVE,107341,
-118.2498822,34.06719589,31467,8834958,2019,2019-04-16T00:00:00.000Z,1942,2019-02-28T00:00:00.000Z,2235,38233,219,4,5,7,1942,0,0,0,B,0,2A39,EVERETT ST,W SUNSET BL,0,,Y,A,-,N,,0,0,,,0,,,,Y,4,0,2,3,A,-,1,23152,A,N,D,C,A,A,H,-,C,A,0,,,,,Y,Y,A,1,0,0,2,0,0,0,0,0,0,- ,- ,0,0,2400,2,LOS ANGELES,LOS ANGELES,CA,-118.2498822,34.06719589,"EVERETT ST & SUNSET BLVD, LOS ANGELES, CA",EVERETT ST,SUNSET BLVD,128707,
-118.2869021,34.05834961,31468,8836003,2019,2019-04-09T00:00:00.000Z,1942,2019-02-23T00:00:00.000Z,2255,42734,2039,6,5,7,1942,0,0,0,,0,20A39,MAGNOLIA AV,LEEWARD AV,130,S,N,A,-,N,,0,0,,,0,,,,N,0,0,0,3,A,-,1,23152,A,N,B,E,A,A,H,-,C,D,0,,,,,Y,Y,A,1,0,0,0,0,0,0,0,0,0,- ,- ,0,0,2400,2,LOS ANGELES,LOS ANGELES,CA,-118.2869021,34.05834961,"MAGNOLIA AVE & LEEWARD AVE, LOS ANGELES, CA",MAGNOLIA AVE,LEEWARD AVE,96554,