X,Y,OBJECTID,case_id,accident_year,proc_date,juris,collision_date,collision_time,officer_id,reporting_district,day_of_week,chp_shift,population,cnty_city_loc,special_cond,beat_type,chp_beat_type,city_division_lapd,chp_beat_class,beat_number,primary_rd,secondary_rd,distance,direction,intersection,weather_1,weather_2,state_hwy_ind,caltrans_county,caltrans_district,state_route,route_suffix,postmile_prefix,postmile,location_type,ramp_intersection,side_of_hwy,tow_away,collision_severity,number_killed,number_injured,party_count,primary_coll_factor,pcf_code_of_viol,pcf_viol_category,pcf_violation,pcf_viol_subsection,hit_and_run,type_of_collision,mviw,ped_action,road_surface,road_cond_1,road_cond_2,lighting,control_device,chp_road_type,pedestrian_accident,bicycle_accident,motorcycle_accident,truck_accident,not_private_property,alcohol_involved,stwd_vehtype_at_fault,chp_vehtype_at_fault,count_severe_inj,count_visible_inj,count_complaint_pain,count_ped_killed,count_ped_injured,count_bicyclist_killed,count_bicyclist_injured,count_mc_killed,count_mc_injured,primary_ramp,secondary_ramp,latitude,longitude,timecat,month_,city,county,state,point_x,point_y,match_addr,m_primaryrd,m_secondrd,int_id,Flag
-118.2954192,34.05811691,31469,8836078,2019,2019-04-09T00:00:00.000Z,1942,2019-02-22T00:00:00.000Z,2225,41210,2036,5,5,7,1942,0,0,0,,0,14T47,CATALINA ST,8TH ST,143,N,N,A,-,N,,0,0,,,0,,,,N,0,0,0,2,A,-,3,22350,,N,B,E,A,A,H,-,C,D,0,,,,,Y,,A,1,0,0,0,0,0,0,0,0,0,- ,- ,0,0,2400,2,LOS ANGELES,LOS ANGELES,CA,-118.2954192,34.05811691,"CATALINA ST & 8TH ST, LOS ANGELES, CA",CATALINA ST,8TH ST,96381,
-118.4638463,34.07403946,31470,8836089,2019,2019-04-15T00:00:00.000Z,1942,2019-02-10T00:00:00.000Z,2320,38090,815,7,5,7,1942,0,0,0,H,0,8A29,W SUNSET BL,THURSTON AV,165,E,N,A,-,N,,0,0,,,0,,,,Y,3,0,1,1,A,-,3,22350,,N,E,I,A,B,H,-,C,A,0,,,,,Y,,A,1,0,1,0,0,0,0,0,0,0,- ,- ,0,0,2400,2,LOS ANGELES,LOS ANGELES,CA,-118.4638463,34.07403946,"SUNSET BLVD & THURSTON AVE, LOS ANGELES, CA",SUNSET BLVD,THURSTON AVE,107333,
-118.2642172,34.03881073,31471,8836895,2019,2019-04-15T00:00:00.000Z,1942,2019-02-23T00:00:00.000Z,2238,39876,192,6,5,7,1942,0,0,0,A,0,24T32,PICO BL,GRAND AV,45,E,N,A,-,N,,0,0,,,0,,,,N,0,0,0,2,A,-,3,22350,,M,C,C,A,A,H,-,C,A,0,,,,,Y,,-,99,0,0,0,0,0,0,0,0,0,- ,- ,0,0,2400,2,LOS ANGELES,LOS ANGELES,CA,-118.2642172,34.03881073,"PICO BLVD & GRAND AVE, LOS ANGELES, CA",PICO BLVD,GRAND AVE,142173,
-118.3816044,33.9560585,31473,8837363,2019,2019-05-21T00:00:00.000Z,1942,2019-02-25T00:00:00.000Z,2140,43142,1442,1,5,7,1942,0,0,0,N,0,14A67,READING AV,INTERCEPTOR ST,300,N,N,A,-,N,,0,0,,,0,,,,N,4,0,1,2,A,-,3,22350,,N,C,C,A,A,H,-,C,D,0,,,,,Y,,A,1,0,0,1,0,0,0,0,0,0,- ,- ,0,0,2400,2,LOS ANGELES,LOS ANGELES,CA,-118.3816044,33.9560585,"READING AVE & INTERCEPTOR ST, LOS ANGELES, CA",READING AVE,INTERCEPTOR ST,95977,
-118.4411974,34.03807449,31474,8837513,2019,2019-05-14T00:00:00.000Z,1942,2019-02-15T00:00:00.000Z,2347,43371,882,5,5,7,1942,0,0,0,H,0,8A59,SAWTELLE BL,OLYMPIC BL,50,S,N,A,-,N,,0,0,,,0,,,,N,4,0,1,1,A,-,3,22350,,N,E,I,A,B,H,-,C,D,0,,,,,Y,,A,1,0,0,1,0,0,0,0,0,0,- ,- ,0,0,2400,2,LOS ANGELES,LOS ANGELES,CA,-118.4411974,34.03807449,"SAWTELLE BLVD & OLYMPIC BLVD, LOS ANGELES, CA",SAWTELLE BLVD,OLYMPIC BLVD,139396,
-118.3637022,34.07182312,31475,8838635,2019,2019-04-10T00:00:00.000Z,1942,2019-02-18T00:00:00.000Z,2115,39022,723,1,5,7,1942,0,0,0,G,0,7A21,W 3RD ST,S EDINBURGH AV,0,,Y,A,-,N,,0,0,,,0,,,,N,3,0,1,2,A,-,12,21453,A,N,H,G,A,A,H,-,C,A,0,,Y,,,Y,,L,4,0,1,0,0,0,0,1,0,0,- ,- ,0,0,2400,2,LOS ANGELES,LOS ANGELES,CA,-118.3637021,34.07182312,"3RD ST & EDINBURGH AVE, LOS ANGELES, CA",3RD ST,EDINBURGH AVE,118035,
-118.4116422,34.02470398,31476,8838742,2019,2019-04-11T00:00:00.000Z,1942,2019-02-22T00:00:00.000Z,2140,42451,1406,5,5,7,1942,0,0,0,N,0,14A27,PALMS BL,OVERLAND AV,0,,Y,A,-,N,,0,0,,,0,,,,N,3,0,2,2,A,-,9,21801,A,N,D,C,A,A,H,-,C,A,0,,,,,Y,,A,1,0,1,1,0,0,0,0,0,0,- ,- ,0,0,2400,2,LOS ANGELES,LOS ANGELES,CA,-118.4116422,34.02470398,"PALMS BLVD & OVERLAND AVE, LOS ANGELES, CA",PALMS BLVD,OVERLAND AVE,149713,
-118.2581821,34.04934311,31477,8838790,2019,2019-04-11T00:00:00.000Z,1942,2019-02-14T00:00:00.000Z,2300,43406,152,4,5,7,1942,0,0,0,O,0,1A61,FLOWER ST,WILSHIRE BL,0,,Y,A,-,N,,0,0,,,0,,,,N,4,0,1,2,D,-,0,0,,N,G,B,B,A,H,-,C,A,0,Y,,,,Y,,-,- ,0,0,1,0,1,0,0,0,0,- ,- ,0,0,2400,2,LOS ANGELES,LOS ANGELES,CA,-118.2581821,34.04934311,"FLOWER ST & WILSHIRE BLVD, LOS ANGELES, CA",FLOWER ST,WILSHIRE BLVD,135055,
-118.2381121,34.04715347,31478,8838798,2019,2019-04-15T00:00:00.000Z,1942,2019-02-14T00:00:00.000Z,2310,41841,139,4,5,7,1942,0,0,0,A,0,1FB25,ALAMEDA ST,2ND ST,0,,Y,A,-,N,,0,0,,,0,,,,N,4,0,2,2,A,-,8,22100,A,N,B,C,A,A,H,-,C,A,0,,,,,Y,,-,- ,0,0,2,0,0,0,0,0,0,- ,- ,0,0,2400,2,LOS ANGELES,LOS ANGELES,CA,-118.2381121,34.04715347,"ALAMEDA ST & 2ND ST, LOS ANGELES, CA",ALAMEDA ST,2ND ST,124659,
-118.2023566,34.1048851,31479,8839286,2019,2019-05-01T00:00:00.000Z,1942,2019-02-11T00:00:00.000Z,2100,38892,11,1,5,7,1942,0,0,0,K,0,,FIGUEROA RD,AVENUE 50,60,S,N,A,-,N,,0,0,,,0,,,,Y,4,0,1,3,A,-,8,22107,,F,B,C,A,A,H,-,C,A,0,,,,,Y,,-,99,0,0,1,0,0,0,0,0,0,- ,- ,0,0,2400,2,LOS ANGELES,LOS ANGELES,CA,-118.2023566,34.1048851,"FIGUEROA ST & AVE 50, LOS ANGELES, CA",FIGUEROA ST,AVE 50,142426,
-118.2130321,34.02524567,31480,8839290,2019,2019-04-30T00:00:00.000Z,1942,2019-02-22T00:00:00.000Z,2245,43346,487,5,5,7,1942,0,0,0,D,0,4A3,8TH ST,ROSALIND AV,0,,Y,A,-,N,,0,0,,,0,,,,N,3,0,1,3,A,-,3,22350,,N,A,E,A,A,H,-,C,A,0,,Y,,,Y,Y,A,1,0,1,0,0,0,0,1,0,0,- ,- ,0,0,2400,2,LOS ANGELES,LOS ANGELES,CA,-118.2130321,34.02524567,"8TH ST & ROSALIND AVE, LOS ANGELES, CA",8TH ST,ROSALIND AVE,121021,
-118.2200121,34.07469559,31481,8839298,2019,2019-04-30T00:00:00.000Z,1942,2019-02-22T00:00:00.000Z,2120,43431,411,5,5,7,1942,0,0,0,D,0,4A71W3,PASADENA AV,AVENUE 21,0,,Y,A,-,N,,0,0,,,0,,,,Y,4,0,3,2,A,-,12,21453,A,N,D,C,A,A,H,-,C,A,0,,,,,Y,,-,- ,0,0,3,0,0,0,0,0,0,- ,- ,0,0,2400,2,LOS ANGELES,LOS ANGELES,CA,-118.2200121,34.07469559,"PASADENA AVE & AVE 21, LOS ANGELES, CA",PASADENA AVE,AVE 21,113329,
-118.244178,34.10339737,31482,8839309,2019,2019-04-30T00:00:00.000Z,1942,2019-02-26T00:00:00.000Z,2355,43278,1146,2,5,7,1942,0,0,0,K,0,11A26,BLAKE AV,DENBY AV,50,E,N,A,-,N,,0,0,,,0,,,,N,0,0,0,2,A,-,- ,0,,M,A,E,A,A,H,-,C,D,0,,,,,Y,,-,99,0,0,0,0,0,0,0,0,0,- ,- ,0,0,2400,2,LOS ANGELES,LOS ANGELES,CA,-118.244178,34.10339737,"BLAKE AVE & DENBY AVE, LOS ANGELES, CA",BLAKE AVE,DENBY AVE,103965,
-118.2545622,34.08143616,31483,8839313,2019,2019-04-30T00:00:00.000Z,1942,2019-02-24T00:00:00.000Z,2115,43689,1183,7,5,7,1942,0,0,0,K,0,11A95,ECHO PARK,DELTA ST,0,,Y,A,-,N,,0,0,,,0,,,,N,0,0,0,2,A,-,3,22350,,M,C,C,A,A,H,-,C,D,0,,,,,Y,,-,99,0,0,0,0,0,0,0,0,0,- ,- ,0,0,2400,2,LOS ANGELES,LOS ANGELES,CA,-118.2545622,34.08143616,"ECHO PARK AVE & DELTA ST, LOS ANGELES, CA",ECHO PARK AVE,DELTA ST,128899,
-118.2852421,34.1017952,31484,8839317,2019,2019-04-30T00:00:00.000Z,1942,2019-02-15T00:00:00.000Z,2330,39205,LOS A,5,5,7,1942,0,0,0,,0,11A51,COMMONWEALTH AV,PROSPECT AV,0,,Y,C,-,N,,0,0,,,0,,,,N,0,0,0,2,A,-,3,22350,,M,C,E,A,B,-,-,C,D,0,,,,,Y,,-,99,0,0,0,0,0,0,0,0,0,- ,- ,0,0,2400,2,LOS ANGELES,LOS ANGELES,CA,-118.2852421,34.1017952,"COMMONWEALTH AVE & PROSPECT AVE, LOS ANGELES, CA",COMMONWEALTH AVE,PROSPECT AVE,139052,
-118.1803893,34.06808472,31485,8839321,2019,2019-04-16T00:00:00.000Z,1942,2019-02-16T00:00:00.000Z,2100,41231,427,6,5,7,1942,0,0,0,D,0,4G1,N EASTERN AV,ZELLA PL,150,N,N,B,-,N,,0,0,,,0,,,,Y,0,0,0,2,A,-,5,21650,,M,B,C,A,A,H,-,C,A,0,,,,,Y,,A,1,0,0,0,0,0,0,0,0,0,- ,- ,0,0,2400,2,LOS ANGELES,LOS ANGELES,CA,-118.1803893,34.06808472,"EASTERN AVE & ZELLA PL, LOS ANGELES, CA",EASTERN AVE,ZELLA PL,107939,
-118.2564689,34.1061058,31486,8839326,2019,2019-04-17T00:00:00.000Z,1942,2019-02-10T00:00:00.000Z,2130,36790,NORTH,7,5,7,1942,0,0,0,,0,1145,FLETCHER DR,RIVERSIDE DR,50,N,N,A,-,N,,0,0,,,0,,,,Y,4,0,1,2,A,-,1,23152,A,N,A,E,A,B,H,-,C,D,0,,,,,Y,Y,A,7,0,0,1,0,0,0,0,0,0,- ,- ,0,0,2400,2,LOS ANGELES,LOS ANGELES,CA,-118.2564689,34.1061058,"FLETCHER DR & RIVERSIDE DR, LOS ANGELES, CA",FLETCHER DR,RIVERSIDE DR,142594,
-118.2652021,33.98922348,31487,8839345,2019,2019-04-30T00:00:00.000Z,1942,2019-02-03T00:00:00.000Z,2130,43310,1372,7,5,7,1942,0,0,0,M,0,13X94,SLAUSON AV,AVALON AV,0,,Y,B,-,N,,0,0,,,0,,,,Y,0,0,0,2,A,-,12,22450,A,M,D,C,A,B,H,-,C,A,0,,,,,Y,Y,-,99,0,0,0,0,0,0,0,0,0,- ,- ,0,0,2400,2,LOS ANGELES,LOS ANGELES,CA,-118.2652021,33.98922348,"SLAUSON AVE & AVALON BLVD, LOS ANGELES, CA",SLAUSON AVE,AVALON BLVD,99569,
-118.3638421,34.05817413,31488,8839487,2019,2019-04-18T00:00:00.000Z,1942,2019-02-14T00:00:00.000Z,2230,37511,752,4,5,7,1942,0,0,0,G,0,7A53,W OLYMPIC BL,S FAIRFAX AV,0,,Y,B,-,N,,0,0,,,0,,,,Y,3,0,2,2,A,-,9,21801,A,N,D,C,A,A,H,-,C,A,0,,,,,Y,,A,1,0,1,1,0,0,0,0,0,0,- ,- ,0,0,2400,2,LOS ANGELES,LOS ANGELES,CA,-118.3638421,34.05817413,"OLYMPIC BLVD & FAIRFAX AVE, LOS ANGELES, CA",OLYMPIC BLVD,FAIRFAX AVE,145635,
-118.2637662,34.05472183,31489,8841465,2019,2019-04-17T00:00:00.000Z,1942,2019-02-05T00:00:00.000Z,2230,42809,257,2,5,7,1942,0,0,0,B,0,2A68,6TH ST,LUCAS AV,2,E,N,A,-,N,,0,0,,,0,,,,N,4,0,1,2,A,-,12,21453,A,F,G,B,B,A,H,-,C,A,0,Y,,,,Y,,-,99,0,0,1,0,1,0,0,0,0,- ,- ,0,0,2400,2,LOS ANGELES,LOS ANGELES,CA,-118.2637662,34.05472183,"6TH ST & LUCAS AVE, LOS ANGELES, CA",6TH ST,LUCAS AVE,103556,
-118.2732331,34.06212235,31490,8841493,2019,2019-04-17T00:00:00.000Z,1942,2019-02-18T00:00:00.000Z,2225,35230,235,1,5,7,1942,0,0,0,B,0,2A17,ALVARADO ST,3RD ST,342,S,N,A,-,N,,0,0,,,0,,,,N,2,0,2,3,A,-,11,21955,,N,G,B,D,A,H,-,C,D,0,Y,,,,Y,Y,N,60,1,1,0,0,2,0,0,0,0,- ,- ,0,0,2400,2,LOS ANGELES,LOS ANGELES,CA,-118.2732331,34.06212234,"ALVARADO ST & 3RD ST, LOS ANGELES, CA",ALVARADO ST,3RD ST,132160,
-118.3266121,34.08347321,31491,8841818,2019,2019-04-22T00:00:00.000Z,1942,2019-02-03T00:00:00.000Z,2332,42137,676,7,5,7,1942,0,0,0,F,0,6A1,MELROSE AV,VINE ST,0,,Y,C,-,N,,0,0,,,0,,,,N,0,0,0,1,A,-,8,22107,,N,E,I,A,B,H,-,C,A,0,,,,Y,Y,,G,26,0,0,0,0,0,0,0,0,0,- ,- ,0,0,2400,2,LOS ANGELES,LOS ANGELES,CA,-118.3266121,34.08347321,"MELROSE AVE & VINE ST, LOS ANGELES, CA",MELROSE AVE,VINE ST,135606,
-118.3920821,33.95929337,31492,8842501,2019,2019-04-19T00:00:00.000Z,1942,2019-02-16T00:00:00.000Z,2125,42100,1487,6,5,7,1942,0,0,0,N,0,14X16,LA TIJERA BL,BLERIOT AV,0,,Y,B,-,N,,0,0,,,0,,,,Y,3,0,1,2,A,-,9,21801,A,N,A,C,A,A,H,-,C,D,0,,,,,Y,,A,1,0,1,0,0,0,0,0,0,0,- ,- ,0,0,2400,2,LOS ANGELES,LOS ANGELES,CA,-118.3920821,33.95929337,"LA TIJERA BLVD & BLERIOT AVE, LOS ANGELES, CA",LA TIJERA BLVD,BLERIOT AVE,113592,
-118.3964521,33.95219421,31493,8842742,2019,2019-06-05T00:00:00.000Z,1942,2019-02-22T00:00:00.000Z,2120,10973,1494,5,5,7,1942,0,0,0,N,0,2A104,SEPULVEDA,LINCOLN BL,0,,Y,A,-,Y,LA,7,1,-,-,28.405,I,5,S,N,0,0,0,2,A,-,1,23152,A,N,B,C,A,A,H,-,C,A,0,,,,,Y,Y,A,7,0,0,0,0,0,0,0,0,0,- ,- ,0,0,2400,2,LOS ANGELES,LOS ANGELES,CA,-118.3964521,33.95219421,"SEPULVEDA BLVD & LINCOLN BLVD, LOS ANGELES, CA",SEPULVEDA BLVD,LINCOLN BLVD,133608,
-118.3453928,34.07614899,31494,8845120,2019,2019-05-01T00:00:00.000Z,1942,2019-02-21T00:00:00.000Z,2145,43599,715,4,5,7,1942,0,0,0,G,0,7A1,BEVERLY BL,DETROIT ST,70,W,N,A,-,N,,0,0,,,0,,,,N,4,0,1,2,A,-,4,21703,,N,C,C,A,A,H,-,C,D,0,,,,,Y,,A,1,0,0,1,0,0,0,0,0,0,- ,- ,0,0,2400,2,LOS ANGELES,LOS ANGELES,CA,-118.3453928,34.07614899,"BEVERLY BLVD & DETROIT ST, LOS ANGELES, CA",BEVERLY BLVD,DETROIT ST,103985,
-118.2776639,33.98239517,31495,8847774,2019,2019-04-22T00:00:00.000Z,1942,2019-02-28T00:00:00.000Z,2200,42313,1393,4,5,7,1942,0,0,0,M,0,13A27,GAGE,BROADWAY,200,E,N,A,-,N,,0,0,,,0,,,,Y,4,0,1,2,A,-,8,22108,,F,D,C,A,A,H,-,C,D,0,,,,,Y,,-,99,0,0,1,0,0,0,0,0,0,- ,- ,0,0,2400,2,LOS ANGELES,LOS ANGELES,CA,-118.2776639,33.98239517,"GAGE AVE & BROADWAY, LOS ANGELES, CA",GAGE AVE,BROADWAY,106643,
-118.2774521,34.01109314,31496,8847803,2019,2019-04-22T00:00:00.000Z,1942,2019-02-27T00:00:00.000Z,2215,42312,1341,3,5,7,1942,0,0,0,M,0,13A41,BROADWAY ST,MLK BL,0,,Y,A,-,N,,0,0,,,0,,,,N,4,0,1,2,A,-,12,21453,A,N,B,C,A,B,H,-,C,A,0,,,,,Y,Y,A,1,0,0,1,0,0,0,0,0,0,- ,- ,0,0,2400,2,LOS ANGELES,LOS ANGELES,CA,-118.2774521,34.01109314,"BROADWAY PL & MARTIN LUTHER KING JR BLVD, LOS ANGELES, CA",BROADWAY PL,MARTIN LUTHER KING JR BLVD,144802,
-118.3223791,34.10511398,31497,8847830,2019,2019-05-06T00:00:00.000Z,1942,2019-02-24T00:00:00.000Z,2325,33757,638,7,5,7,1942,0,0,0,F,0,6A49,GOWER ST,FRANKLIN AV,40,S,N,A,-,N,,0,0,,,0,,,,Y,4,0,1,2,A,-,8,22107,,N,D,C,A,A,H,-,C,A,0,,,,,Y,,A,1,0,0,1,0,0,0,0,0,0,- ,- ,0,0,2400,2,LOS ANGELES,LOS ANGELES,CA,-118.3223791,34.10511398,"GOWER ST & FRANKLIN AVE, LOS ANGELES, CA",GOWER ST,FRANKLIN AVE,104364,
-118.2701321,33.99068451,31498,8847839,2019,2019-04-22T00:00:00.000Z,1942,2019-02-27T00:00:00.000Z,2320,40829,1371,3,5,7,1942,0,0,0,M,0,13A85,57TH ST,SAN PEDRO ST,0,,Y,C,-,N,,0,0,,,0,,,,N,4,0,1,1,A,-,3,22350,,N,A,-,A,B,H,-,C,D,0,,,,,Y,,A,7,0,0,1,0,0,0,0,0,0,- ,- ,0,0,2400,2,LOS ANGELES,LOS ANGELES,CA,-118.2701321,33.99068451,"57TH ST & SAN PEDRO ST, LOS ANGELES, CA",57TH ST,SAN PEDRO ST,120678,
-118.2783221,33.98238373,31499,8847923,2019,2019-05-02T00:00:00.000Z,1942,2019-02-23T00:00:00.000Z,2120,43430,1391,6,5,7,1942,0,0,0,M,0,3,GAGE AV,BROADWAY ST,0,,Y,A,-,N,,0,0,,,0,,,,Y,0,0,0,2,A,-,4,21703,,M,C,C,A,A,H,-,C,A,0,,,,,Y,,A,1,0,0,0,0,0,0,0,0,0,- ,- ,0,0,2400,2,LOS ANGELES,LOS ANGELES,CA,-118.2783221,33.98238373,"GAGE AVE & BROADWAY, LOS ANGELES, CA",GAGE AVE,BROADWAY,106643,
-118.3859521,33.94942474,31500,8849750,2019,2019-04-26T00:00:00.000Z,1942,2019-02-05T00:00:00.000Z,2140,41210,1488,2,5,7,1942,0,0,0,N,0,14T47,AIRPORT BL,96TH ST,0,,Y,A,-,N,,0,0,,,0,,,,N,0,0,0,2,A,-,9,21801,A,M,B,C,A,A,H,-,C,A,0,,,,,Y,,A,1,0,0,0,0,0,0,0,0,0,- ,- ,0,0,2400,2,LOS ANGELES,LOS ANGELES,CA,-118.3859521,33.94942474,"AIRPORT BLVD & 96TH ST, LOS ANGELES, CA",AIRPORT BLVD,96TH ST,138016,
-118.3237421,34.09801483,31501,8849599,2019,2019-05-03T00:00:00.000Z,1942,2019-02-20T00:00:00.000Z,2325,43480,647,3,5,7,1942,0,0,0,F,0,6A67,SUNSET,EL CENTRO,0,,Y,A,-,N,,0,0,,,0,,,,Y,4,0,1,2,A,-,12,21453,A,N,D,C,A,A,H,-,C,A,0,,,,,Y,,A,7,0,0,1,0,0,0,0,0,0,- ,- ,0,0,2400,2,LOS ANGELES,LOS ANGELES,CA,-118.3237421,34.09801483,"SUNSET BLVD & EL CENTRO AVE,, CA",SUNSET BLVD,EL CENTRO AVE,111384,
-118.3962321,33.95459366,31502,8849933,2019,2019-05-01T00:00:00.000Z,1942,2019-02-24T00:00:00.000Z,2300,43476,1487,7,5,7,1942,0,0,0,N,0,14A27,SEPULVEDA BL,WESTCHESTER PKWY,0,,Y,A,-,N,,0,0,,,0,,,,Y,4,0,1,2,A,-,9,21801,A,F,A,C,A,A,H,-,C,A,0,,,,,Y,,-,99,0,0,1,0,0,0,0,0,0,- ,- ,0,0,2400,2,LOS ANGELES,LOS ANGELES,CA,-118.3962321,33.95459366,"SEPULVEDA BLVD & WESTCHESTER PKY, LOS ANGELES, CA",SEPULVEDA BLVD,WESTCHESTER PKY,98574,
-118.4679238,34.00130081,31503,8850005,2019,2019-04-26T00:00:00.000Z,1942,2019-02-22T00:00:00.000Z,2340,37575,1415,5,5,7,1942,0,0,0,N,0,,LINCOLN BL,ROSE AV,10,S,N,A,-,N,,0,0,,,0,,,,N,0,0,0,2,A,-,7,21658,A,M,B,C,A,A,H,-,C,A,0,,,,,Y,,-,99,0,0,0,0,0,0,0,0,0,- ,- ,0,0,2400,2,LOS ANGELES,LOS ANGELES,CA,-118.4679238,34.00130081,"LINCOLN BLVD & ROSE AVE, LOS ANGELES, CA",LINCOLN BLVD,ROSE AVE,100323,
-118.3267021,34.10161591,31504,8852089,2019,2019-05-06T00:00:00.000Z,1942,2019-02-21T00:00:00.000Z,2100,43181,646,4,5,7,1942,0,0,0,F,0,636,HOLLYWOOD BL,VINE ST,0,,Y,A,-,N,,0,0,,,0,,,,N,0,0,0,2,A,-,4,21703,,N,C,C,A,A,H,-,C,A,0,,,,,Y,Y,A,1,0,0,0,0,0,0,0,0,0,- ,- ,0,0,2400,2,LOS ANGELES,LOS ANGELES,CA,-118.3267021,34.10161591,"HOLLYWOOD BLVD & VINE ST, LOS ANGELES, CA",HOLLYWOOD BLVD,VINE ST,121977,
-118.2651921,33.97472382,31506,8854349,2019,2019-05-16T00:00:00.000Z,1942,2019-02-23T00:00:00.000Z,2320,43282,1309,6,5,7,1942,0,0,0,M,0,13A93,FLORENCE AV,AVALON,0,,Y,F,-,N,,0,0,,,0,,,,Y,0,0,0,2,A,-,1,23152,A,N,C,C,A,A,H,-,C,A,0,,,,,Y,,D,22,0,0,0,0,0,0,0,0,0,- ,- ,0,0,2400,2,LOS ANGELES,LOS ANGELES,CA,-118.2651921,33.97472382,"FLORENCE AVE & AVALON BLVD, LOS ANGELES, CA",FLORENCE AVE,AVALON BLVD,103112,
-118.4121609,33.9598732,31507,8862903,2019,2019-05-28T00:00:00.000Z,1942,2019-02-26T00:00:00.000Z,2120,37575,1475,2,5,7,1942,0,0,0,N,0,,MANCHESTER AV,GEORGE TOWN AVE,450,E,N,A,-,N,,0,0,,,0,,,,Y,0,0,0,2,A,-,3,22350,,M,C,C,A,A,H,-,C,D,0,,,,,Y,,A,1,0,0,0,0,0,0,0,0,0,- ,- ,0,0,2400,2,LOS ANGELES,LOS ANGELES,CA,-118.4121609,33.9598732,"MANCHESTER AVE & GEORGETOWN AVE, LOS ANGELES, CA",MANCHESTER AVE,GEORGETOWN AVE,112625,
-118.3706721,34.16393662,31508,8871004,2019,2019-06-19T00:00:00.000Z,1942,2019-02-18T00:00:00.000Z,2330,40219,1555,1,5,7,1942,0,0,0,O,0,15A67,VINELAND,HARTSOOK,0,,-,A,-,N,,0,0,,,0,,,,N,3,0,2,2,A,-,3,22350,,N,H,J,A,A,H,-,C,D,0,,,Y,,Y,,C,3,0,2,0,0,0,0,0,0,2,- ,- ,0,0,2400,2,LOS ANGELES,LOS ANGELES,CA,-118.3706721,34.16393661,"VINELAND PL & HARTSOOK ST, LOS ANGELES, CA",VINELAND PL,HARTSOOK ST,105857,
-118.3064815,34.08449936,31509,8848408,2019,2019-05-08T00:00:00.000Z,1942,2019-02-17T00:00:00.000Z,30,42334,618,7,5,7,1942,0,0,0,F,0,6A77,MARATHON ST,OXFORD AV,400,E,N,A,-,N,,0,0,,,0,,,,,0,0,0,4,A,-,0,20002,A,M,B,E,A,A,H,-,C,D,0,,,,,Y,,-,99,0,0,0,0,0,0,0,0,0,- ,- ,0,0,300,2,LOS ANGELES,LOS ANGELES,CA,-118.3064815,34.08449936,"MARATHON ST & OXFORD AVE, LOS ANGELES, CA",MARATHON ST,OXFORD AVE,142915,
-118.3427562,34.092556,31510,8812700,2019,2019-03-14T00:00:00.000Z,1942,2019-02-24T00:00:00.000Z,2500,43445,663,7,5,7,1942,0,0,0,F,0,6A45,LEXINGTON AV,SYCAMORE AV,20,E,N,A,-,N,,0,0,,,0,,,,N,0,0,0,3,A,-,8,22107,,M,B,C,A,A,H,-,-,-,0,,,,,Y,Y,-,99,0,0,0,0,0,0,0,0,0,- ,- ,0,0,300,2,LOS ANGELES,LOS ANGELES,CA,-118.3427562,34.092556,"LEXINGTON AVE & SYCAMORE AVE, LOS ANGELES, CA",LEXINGTON AVE,SYCAMORE AVE,107461,
-118.2408592,34.03599548,31566,8841790,2019,2019-04-29T00:00:00.000Z,1942,2019-02-26T00:00:00.000Z,545,35487,1307,2,5,7,1942,0,0,0,M,0,13A9,MARKET CT,7TH ST,150,S,N,A,-,N,,0,0,,,0,,,,N,4,0,1,2,A,-,11,21954,A,N,G,B,D,A,G,-,C,D,0,Y,,,,Y,,D,22,0,0,1,0,1,0,0,0,0,- ,- ,0,0,600,2,LOS ANGELES,LOS ANGELES,CA,-118.2408592,34.03599548,"MARKET CT & 7TH ST, LOS ANGELES, CA",MARKET CT,7TH ST,126755,
-118.3009232,34.05998993,31663,8818320,2019,2019-04-09T00:00:00.000Z,1942,2019-01-31T00:00:00.000Z,815,37540,2035,4,5,7,1942,0,0,0,,0,20A45,IROLO ST,7TH ST,100,N,N,B,-,N,,0,0,,,0,,,,N,0,0,0,2,A,-,8,22107,,M,B,C,A,A,H,-,A,D,0,,,,,Y,,-,- ,0,0,0,0,0,0,0,0,0,- ,- ,0,0,900,1,LOS ANGELES,LOS ANGELES,CA,-118.3009232,34.05998993,"IROLO ST & 7TH ST, LOS ANGELES, CA",IROLO ST,7TH ST,121093,
-118.2221841,34.0836525,31841,8821207,2019,2019-04-19T00:00:00.000Z,1942,2019-01-29T00:00:00.000Z,1300,41378,,2,5,7,1942,0,0,0,,0,11A89,AVE 26,FIGUEROA ST,100,E,N,A,-,N,,0,0,,,0,,,,N,0,0,0,2,A,-,7,21658,A,N,B,C,A,A,H,-,A,A,0,,,,Y,Y,Y,-,99,0,0,0,0,0,0,0,0,0,- ,- ,0,0,1500,1,LOS ANGELES,LOS ANGELES,CA,-118.2221841,34.0836525,"AVE 26 & FIGUEROA ST, LOS ANGELES, CA",AVE 26,FIGUEROA ST,121948,
-118.2519922,34.04664612,31842,8833929,2019,2019-04-09T00:00:00.000Z,1942,2019-01-29T00:00:00.000Z,1225,42155,153,2,5,7,1942,0,0,0,A,0,1C22,BROADWAY,6TH ST,10,N,N,A,-,N,,0,0,,,0,,,,N,0,0,0,2,A,-,8,22107,,M,B,C,A,A,H,-,A,A,0,,,,,Y,Y,-,99,0,0,0,0,0,0,0,0,0,- ,- ,0,0,1500,1,LOS ANGELES,LOS ANGELES,CA,-118.2519922,34.04664612,"BROADWAY & 6TH ST, LOS ANGELES, CA",BROADWAY,6TH ST,135003,