X,Y,OBJECTID,case_id,accident_year,proc_date,juris,collision_date,collision_time,officer_id,reporting_district,day_of_week,chp_shift,population,cnty_city_loc,special_cond,beat_type,chp_beat_type,city_division_lapd,chp_beat_class,beat_number,primary_rd,secondary_rd,distance,direction,intersection,weather_1,weather_2,state_hwy_ind,caltrans_county,caltrans_district,state_route,route_suffix,postmile_prefix,postmile,location_type,ramp_intersection,side_of_hwy,tow_away,collision_severity,number_killed,number_injured,party_count,primary_coll_factor,pcf_code_of_viol,pcf_viol_category,pcf_violation,pcf_viol_subsection,hit_and_run,type_of_collision,mviw,ped_action,road_surface,road_cond_1,road_cond_2,lighting,control_device,chp_road_type,pedestrian_accident,bicycle_accident,motorcycle_accident,truck_accident,not_private_property,alcohol_involved,stwd_vehtype_at_fault,chp_vehtype_at_fault,count_severe_inj,count_visible_inj,count_complaint_pain,count_ped_killed,count_ped_injured,count_bicyclist_killed,count_bicyclist_injured,count_mc_killed,count_mc_injured,primary_ramp,secondary_ramp,latitude,longitude,timecat,month_,city,county,state,point_x,point_y,match_addr,m_primaryrd,m_secondrd,int_id,Flag
-118.2097921,34.04369354,31957,8810001,2019,2019-03-12T00:00:00.000Z,1942,2019-01-30T00:00:00.000Z,1550,40164,464,3,5,7,1942,0,0,0,D,0,24TL55,SOTO ST,1ST ST,0,,Y,A,-,N,,0,0,,,0,,,,N,4,0,1,2,A,-,10,21950,A,N,G,B,B,A,H,-,A,A,0,Y,,,,Y,,A,1,0,0,1,0,1,0,0,0,0,- ,- ,0,0,1800,1,LOS ANGELES,LOS ANGELES,CA,-118.2097921,34.04369354,"SOTO ST & 1ST ST, LOS ANGELES, CA",SOTO ST,1ST ST,114067,
-118.4623322,34.04098511,40366,8856515,2019,2019-05-14T00:00:00.000Z,1942,2019-01-14T00:00:00.000Z,525,41544,852,1,5,7,1942,0,0,0,H,0,,SANTA MONICA BL,OHIO AV,0,,Y,C,-,N,,0,0,,,0,,,,N,0,0,0,2,A,-,11,21950,B,N,G,B,B,B,H,-,C,D,0,Y,,,,Y,Y,N,60,0,0,0,0,0,0,0,0,0,- ,- ,0,0,600,1,LOS ANGELES,LOS ANGELES,CA,-118.4623322,34.04098511,"SANTA MONICA BLVD & OHIO AVE, LOS ANGELES, CA",SANTA MONICA BLVD,OHIO AVE,107365,
-118.3419813,34.04651642,40368,8780342,2019,2019-01-18T00:00:00.000Z,1942,2019-01-01T00:00:00.000Z,545,40010,775,2,5,7,1942,0,0,0,G,0,7A85,VENICE BL,RIMPAU BL,429,W,N,A,-,N,,0,0,,,0,,,,N,4,0,1,2,A,-,11,21956,A,N,G,B,D,A,H,-,C,D,0,Y,,,,Y,Y,N,60,0,0,1,0,1,0,0,0,0,- ,- ,0,0,600,1,LOS ANGELES,LOS ANGELES,CA,-118.3419813,34.04651642,"VENICE BLVD & RIMPAU BLVD, LOS ANGELES, CA",VENICE BLVD,RIMPAU BLVD,112804,
-118.2873167,33.99532318,40369,8781128,2019,2019-02-01T00:00:00.000Z,1942,2019-01-05T00:00:00.000Z,520,36911,1218,6,5,7,1942,0,0,0,L,0,25T90,W 52ND ST,HOOVER ST,50,W,N,C,-,N,,0,0,,,0,,,,N,0,0,0,2,A,-,0,20015,A,M,B,E,A,B,H,-,C,D,0,,,,,Y,,-,99,0,0,0,0,0,0,0,0,0,- ,- ,0,0,600,1,LOS ANGELES,LOS ANGELES,CA,-118.2873167,33.99532318,"52ND ST & HOOVER ST, LOS ANGELES, CA",52ND ST,HOOVER ST,99846,
-118.4848322,34.26103592,40370,8781147,2019,2019-02-01T00:00:00.000Z,1942,2019-01-08T00:00:00.000Z,320,38947,1749,2,5,7,1942,0,0,0,Q,0,17A49,N WOODLEY AV,SAN JOSE ST,0,,N,A,-,N,,0,0,,,0,,,,Y,3,0,1,3,A,-,1,23152,A,N,-,E,A,A,H,-,C,D,0,,,,,Y,Y,A,1,0,1,0,0,0,0,0,0,0,- ,- ,0,0,600,1,LOS ANGELES,LOS ANGELES,CA,-118.4848322,34.26103592,"WOODLEY AVE & SAN JOSE ST, LOS ANGELES, CA",WOODLEY AVE,SAN JOSE ST,101278,
-118.5679222,34.18587875,40371,8782885,2019,2019-02-04T00:00:00.000Z,1942,2019-01-01T00:00:00.000Z,400,43120,TOPAN,2,5,7,1942,0,0,0,,0,21A29,VICTORY BL,TOPHAM ST,25,S,N,A,-,N,,0,0,,,0,,,,Y,0,0,0,1,A,-,3,22350,,N,-,I,A,A,H,-,C,A,0,,,,,Y,Y,A,,0,0,0,0,0,0,0,0,0,- ,- ,0,0,600,1,LOS ANGELES,LOS ANGELES,CA,-118.5679222,34.18587875,"VICTORY BLVD & TOPHAM ST, LOS ANGELES, CA",VICTORY BLVD,TOPHAM ST,108120,
-118.2201205,34.01831436,40372,8784074,2019,2019-02-13T00:00:00.000Z,1942,2019-01-24T00:00:00.000Z,430,39395,491,4,5,7,1942,0,0,0,D,0,4A97,S SOTO ST,WASHINGTON BL,350,N,N,A,-,N,,0,0,,,0,,,,N,0,0,0,3,A,-,3,22350,,M,C,C,A,A,H,-,C,D,0,,,,,Y,,-,99,0,0,0,0,0,0,0,0,0,- ,- ,0,0,600,1,LOS ANGELES,LOS ANGELES,CA,-118.2201205,34.01831436,"SOTO ST & WASHINGTON BLVD, LOS ANGELES, CA",SOTO ST,WASHINGTON BLVD,131484,
-118.2106091,34.01507187,40374,8787053,2019,2019-04-03T00:00:00.000Z,1942,2019-01-21T00:00:00.000Z,500,43285,,1,5,7,1942,0,0,0,,0,,EAST WASHINGTON BL,DOWNEY RD,1000,W,N,-,-,N,,0,0,,,0,,,,Y,4,0,2,3,A,-,21,22106,,N,B,C,A,A,H,-,B,D,0,,,,,Y,,-,,0,0,2,0,0,0,0,0,0,- ,- ,0,0,600,1,LOS ANGELES,LOS ANGELES,CA,-118.2106091,34.01507187,"WASHINGTON BLVD & DOWNEY RD, LOS ANGELES, CA",WASHINGTON BLVD,DOWNEY RD,112871,
-118.4661622,34.19390488,40375,8787845,2019,2019-02-13T00:00:00.000Z,1942,2019-01-01T00:00:00.000Z,430,37686,923,2,5,7,1942,0,0,0,I,0,9A23,SEPULVEDA BL,VANOWEN ST,0,N,N,A,-,N,,0,0,,,0,,,,N,0,0,0,4,A,-,8,22107,,M,B,E,A,A,H,-,C,D,0,,,,,Y,,-,99,0,0,0,0,0,0,0,0,0,- ,- ,0,0,600,1,LOS ANGELES,LOS ANGELES,CA,-118.4661622,34.19390488,"SEPULVEDA BLVD & VANOWEN ST, LOS ANGELES, CA",SEPULVEDA BLVD,VANOWEN ST,139988,
-118.3071056,33.78946304,40376,8788775,2019,2019-02-02T00:00:00.000Z,1942,2019-01-09T00:00:00.000Z,420,41858,531,3,5,7,1942,0,0,0,E,0,5A11,PCH,WESTERN AV,200,E,N,A,-,N,,0,0,,,0,,,,N,4,0,1,2,A,-,8,22107,,F,B,C,A,A,H,-,C,D,0,,,Y,,Y,,-,- ,0,0,1,0,0,0,0,0,1,- ,- ,0,0,600,1,LOS ANGELES,LOS ANGELES,CA,-118.3071056,33.78946304,"PACIFIC COAST HWY & WESTERN AVE, LOS ANGELES, CA",PACIFIC COAST HWY,WESTERN AVE,151287,
-118.4084755,34.27923966,40377,8789707,2019,2019-02-12T00:00:00.000Z,1942,2019-01-19T00:00:00.000Z,500,39217,1602,6,5,7,1942,0,0,0,P,0,16A11,MERCER ST,DRONFIELD AV,575,W,N,A,-,N,,0,0,,,0,,,,N,0,0,0,4,A,-,8,22107,,M,-,E,A,A,H,-,C,D,0,,,,,Y,,-,99,0,0,0,0,0,0,0,0,0,- ,- ,0,0,600,1,LOS ANGELES,LOS ANGELES,CA,-118.4084755,34.27923965,"MERCER ST & DRONFIELD AVE, LOS ANGELES, CA",MERCER ST,DRONFIELD AVE,147601,
-118.2782921,33.96573639,40378,8791120,2019,2019-02-12T00:00:00.000Z,1942,2019-01-10T00:00:00.000Z,440,42612,1268,4,5,7,1942,0,0,0,L,0,12A53,BROADWAY,81ST ST,80,S,N,A,-,N,,0,0,,,0,,,,N,4,0,1,2,A,-,3,22350,,N,C,C,A,A,H,-,C,D,0,,,,,Y,,A,1,0,0,1,0,0,0,0,0,0,- ,- ,0,0,600,1,LOS ANGELES,LOS ANGELES,CA,-118.2782921,33.96573639,"BROADWAY & 81ST ST, LOS ANGELES, CA",BROADWAY,81ST ST,141761,
-118.2871155,33.96502686,40379,8791255,2019,2019-02-11T00:00:00.000Z,1942,2019-01-13T00:00:00.000Z,530,42182,1266,7,5,7,1942,0,0,0,L,0,12A15,HOOVER ST,81ST ST,175,S,N,A,-,N,,0,0,,,0,,,,Y,4,0,1,7,A,-,3,22350,,N,B,C,A,A,H,-,B,D,0,,,,,Y,,A,1,0,0,1,0,0,0,0,0,0,- ,- ,0,0,600,1,LOS ANGELES,LOS ANGELES,CA,-118.2871155,33.96502686,"HOOVER ST & 81ST ST, LOS ANGELES, CA",HOOVER ST,81ST ST,124103,
-118.2393103,33.795784,40380,8791257,2019,2019-04-30T00:00:00.000Z,1942,2019-01-22T00:00:00.000Z,330,37679,519,2,5,7,1942,0,0,0,E,0,5A15,ALAMEDA ST,PACIFIC COAST HWY,1730,N,N,A,-,N,,0,0,,,0,,,,Y,2,0,2,2,A,-,9,21804,A,N,D,C,A,A,H,-,E,D,0,,,,Y,Y,,G,27,1,0,1,0,0,0,0,0,0,- ,- ,0,0,600,1,LOS ANGELES,LOS ANGELES,CA,-118.2393103,33.795784,"ALAMEDA ST & PACIFIC COAST HWY, LOS ANGELES, CA",ALAMEDA ST,PACIFIC COAST HWY,123681,
-118.2009934,34.04379654,40381,8791444,2019,2019-02-08T00:00:00.000Z,1942,2019-01-20T00:00:00.000Z,510,40289,466,7,5,7,1942,0,0,0,D,0,4A53,CESAR E CHAVEZ AV,N EVERGREEN AV,200,W,N,A,-,N,,0,0,,,0,,,,Y,0,0,0,3,A,-,1,23152,A,N,B,E,A,A,H,-,C,D,0,,,,,Y,Y,A,1,0,0,0,0,0,0,0,0,0,- ,- ,0,0,600,1,LOS ANGELES,LOS ANGELES,CA,-118.2009934,34.04379654,"CESAR E CHAVEZ AVE & EVERGREEN AVE, LOS ANGELES, CA",CESAR E CHAVEZ AVE,EVERGREEN AVE,131624,
-118.1942421,34.03678513,40382,8791610,2019,2019-02-07T00:00:00.000Z,1942,2019-01-21T00:00:00.000Z,528,42932,469,1,5,7,1942,0,0,0,D,0,24T21,1ST ST,LORENA ST,280,E,N,A,-,N,,0,0,,,0,,,,N,2,0,1,2,B,-,22,0,,N,G,B,E,A,H,-,B,A,0,Y,,,,Y,,N,60,1,0,0,0,1,0,0,0,0,- ,- ,0,0,600,1,LOS ANGELES,LOS ANGELES,CA,-118.1942421,34.03678513,"1ST ST & LORENA ST, LOS ANGELES, CA",1ST ST,LORENA ST,130796,
-118.2870221,33.96004486,40383,8791718,2019,2019-02-20T00:00:00.000Z,1942,2019-01-31T00:00:00.000Z,550,37679,1267,4,5,7,1942,0,0,0,L,0,12A67,W MANCHESTER AV,S HOOVER ST,0,,Y,A,-,N,,0,0,,,0,,,,Y,4,0,3,4,A,-,9,21801,A,N,A,C,A,A,H,-,B,D,0,,,,,Y,,A,1,0,0,3,0,0,0,0,0,0,- ,- ,0,0,600,1,LOS ANGELES,LOS ANGELES,CA,-118.2870221,33.96004486,"MANCHESTER AVE & HOOVER ST, LOS ANGELES, CA",MANCHESTER AVE,HOOVER ST,141871,
-118.2917921,33.97462463,40384,8791741,2019,2019-03-07T00:00:00.000Z,1942,2019-01-28T00:00:00.000Z,515,42012,1245,1,5,7,1942,0,0,0,L,0,12A15,FLORENCE AV,VERMONT AV,0,,Y,A,-,N,,0,0,,,0,,,,Y,4,0,1,2,A,-,9,21801,A,N,D,C,A,A,H,-,C,A,0,,,,,Y,,A,1,0,0,1,0,0,0,0,0,0,- ,- ,0,0,600,1,LOS ANGELES,LOS ANGELES,CA,-118.2917921,33.97462463,"FLORENCE AVE & VERMONT AVE, LOS ANGELES, CA",FLORENCE AVE,VERMONT AVE,116314,
-118.3090522,34.04537582,40385,8791985,2019,2019-02-14T00:00:00.000Z,1942,2019-01-14T00:00:00.000Z,500,38957,2073,1,5,7,1942,0,0,0,,0,20A53,WESTERN AV,15TH ST,0,,Y,B,-,N,,0,0,,,0,,,,Y,4,0,1,2,A,-,12,22450,,N,D,C,A,A,H,-,D,A,0,,,,Y,Y,,A,1,0,0,1,0,0,0,0,0,0,- ,- ,0,0,600,1,LOS ANGELES,LOS ANGELES,CA,-118.3090522,34.04537582,"WESTERN AVE & 15TH ST, LOS ANGELES, CA",WESTERN AVE,15TH ST,149143,
-118.4049506,34.28382492,40386,8792726,2019,2019-02-20T00:00:00.000Z,1942,2019-01-24T00:00:00.000Z,530,42349,,4,5,7,1942,0,0,0,,0,1602,FOOTHILL BL,FILMORE,10,E,N,A,-,N,,0,0,,,0,,,,N,0,0,0,2,A,-,3,22350,,M,C,C,A,A,H,-,A,A,0,,,,,Y,,-,99,0,0,0,0,0,0,0,0,0,- ,- ,0,0,600,1,LOS ANGELES,LOS ANGELES,CA,-118.4049506,34.28382492,"FOOTHILL BLVD & FILMORE ST, LOS ANGELES, CA",FOOTHILL BLVD,FILMORE ST,105508,
-118.4678701,34.048172,40387,8792766,2019,2019-02-20T00:00:00.000Z,1942,2019-01-01T00:00:00.000Z,335,42610,831,2,5,7,1942,0,0,0,H,0,8A53,MAYFIELD AV,BUNDY DR,531,E,N,A,-,N,,0,0,,,0,,,,Y,0,0,0,3,A,-,1,23152,A,N,B,C,A,A,H,-,C,D,0,,,,,Y,Y,A,1,0,0,0,0,0,0,0,0,0,- ,- ,0,0,600,1,LOS ANGELES,LOS ANGELES,CA,-118.4678701,34.048172,"MAYFIELD AVE & BUNDY DR, LOS ANGELES, CA",MAYFIELD AVE,BUNDY DR,128378,
-118.3381381,34.0961647,40388,8792787,2019,2019-02-15T00:00:00.000Z,1942,2019-01-01T00:00:00.000Z,300,42896,646,2,5,7,1942,0,0,0,F,0,6A63,DE LONGPRE AV,MCCADDEN PL,20,W,N,A,-,N,,0,0,,,0,,,,Y,0,0,0,3,A,-,5,21650,,M,A,E,A,A,H,-,C,D,0,,,,,Y,,A,1,0,0,0,0,0,0,0,0,0,- ,- ,0,0,600,1,LOS ANGELES,LOS ANGELES,CA,-118.3381381,34.0961647,"DE LONGPRE AVE & MCCADDEN PL, LOS ANGELES, CA",DE LONGPRE AVE,MCCADDEN PL,111442,
-118.4601415,34.22830963,40389,8793240,2019,2019-02-26T00:00:00.000Z,1942,2019-01-28T00:00:00.000Z,543,43292,1982,1,5,7,1942,0,0,0,,0,19A61,PARTHENIA ST,NOBLE AV,300,E,N,A,-,N,,0,0,,,0,,,,N,3,0,1,2,A,-,3,22350,,N,G,B,E,A,H,-,B,D,0,Y,,,,Y,,A,1,0,1,0,0,1,0,0,0,0,- ,- ,0,0,600,1,LOS ANGELES,LOS ANGELES,CA,-118.4601415,34.22830963,"PARTHENIA ST & NOBLE AVE, LOS ANGELES, CA",PARTHENIA ST,NOBLE AVE,130210,
-118.5885822,34.2499733,40390,8793289,2019,2019-03-13T00:00:00.000Z,1942,2019-01-13T00:00:00.000Z,415,41928,1762,7,5,7,1942,0,0,0,Q,0,21A43,LASSEN ST,DE SOTO AV,0,,Y,A,-,N,,0,0,,,0,,,,Y,4,0,3,2,A,-,9,21801,A,N,A,C,A,A,H,-,B,A,0,,,,,Y,,A,1,0,0,3,0,0,0,0,0,0,- ,- ,0,0,600,1,LOS ANGELES,LOS ANGELES,CA,-118.5885822,34.2499733,"LASSEN ST & DE SOTO AVE, LOS ANGELES, CA",LASSEN ST,DE SOTO AVE,102233,
-118.4553122,34.2282753,40391,8793332,2019,2019-02-27T00:00:00.000Z,1942,2019-01-11T00:00:00.000Z,400,42170,1984,5,5,7,1942,0,0,0,,0,19A43,PARTHENIA ST,WILLIS AV,0,,Y,E,-,N,,0,0,,,0,,,,Y,3,0,1,1,A,-,0,22250,,N,E,J,A,A,-,-,C,D,0,,,,,Y,,-,,0,1,0,0,0,0,0,0,0,- ,- ,0,0,600,1,LOS ANGELES,LOS ANGELES,CA,-118.4553122,34.2282753,"PARTHENIA ST & WILLIS AVE, LOS ANGELES, CA",PARTHENIA ST,WILLIS AVE,123188,
-118.3051262,34.08665848,40392,8793396,2019,2019-02-25T00:00:00.000Z,1942,2019-01-29T00:00:00.000Z,555,39655,678,2,5,7,1942,0,0,0,F,0,6A77,N HOBART BL,LEMON GROVE AV,151,N,N,A,-,N,,0,0,,,0,,,,Y,2,0,1,2,A,-,11,21954,A,F,G,B,D,A,H,-,C,D,0,Y,,,,Y,,N,60,1,0,0,0,1,0,0,0,0,- ,- ,0,0,600,1,LOS ANGELES,LOS ANGELES,CA,-118.3051262,34.08665848,"HOBART BLVD & LEMON GROVE AVE, LOS ANGELES, CA",HOBART BLVD,LEMON GROVE AVE,118186,
-118.3965222,34.16486359,40393,8793434,2019,2019-02-25T00:00:00.000Z,1942,2019-01-06T00:00:00.000Z,415,43427,1544,7,5,7,1942,0,0,0,O,0,15A43,MAGNOLIA BL,LAUREL CANYON BL,0,,Y,A,C,N,,0,0,,,0,,,,Y,4,0,1,1,A,-,3,22350,,N,E,I,A,B,H,-,-,A,0,,,,,Y,,A,1,0,0,1,0,0,0,0,0,0,- ,- ,0,0,600,1,LOS ANGELES,LOS ANGELES,CA,-118.3965222,34.16486359,"MAGNOLIA BLVD & LAUREL CANYON BLVD, LOS ANGELES, CA",MAGNOLIA BLVD,LAUREL CANYON BLVD,122242,
-118.4607631,34.19391632,40394,8795448,2019,2019-02-13T00:00:00.000Z,1942,2019-01-20T00:00:00.000Z,500,43556,914,7,5,7,1942,0,0,0,I,0,9A23W3,VANOWEN,KESTER AV,1000,W,N,A,-,N,,0,0,,,0,,,,Y,0,0,0,2,A,-,8,22107,,M,B,C,A,A,H,-,C,D,0,,,,,Y,,A,1,0,0,0,0,0,0,0,0,0,- ,- ,0,0,600,1,LOS ANGELES,LOS ANGELES,CA,-118.4607631,34.19391632,"VANOWEN ST & KESTER AVE, LOS ANGELES, CA",VANOWEN ST,KESTER AVE,143512,
-118.2603121,34.06562424,40395,8796240,2019,2019-02-12T00:00:00.000Z,1942,2019-01-03T00:00:00.000Z,330,25115,237,4,5,7,1942,0,0,0,B,0,2A39,GLENDALE BL,COURT ST,0,,Y,A,-,N,,0,0,,,0,,,,N,0,0,0,2,A,-,3,22350,,N,D,C,A,A,H,-,C,D,0,,,,,Y,,J,48,0,0,0,0,0,0,0,0,0,- ,- ,0,0,600,1,LOS ANGELES,LOS ANGELES,CA,-118.2603121,34.06562424,"GLENDALE BLVD & COURT ST, LOS ANGELES, CA",GLENDALE BLVD,COURT ST,118209,
-118.27646,33.77519226,40396,8796845,2019,2019-03-06T00:00:00.000Z,1942,2019-01-27T00:00:00.000Z,550,38025,524,7,5,7,1942,0,0,0,,0,5A25,HAWAIIAN AV,E ST,130,N,N,A,-,N,,0,0,,,0,,,,N,0,0,0,2,A,-,21,22106,,M,B,E,A,A,H,-,C,D,0,,,Y,,Y,,-,99,0,0,0,0,0,0,0,0,0,- ,- ,0,0,600,1,LOS ANGELES,LOS ANGELES,CA,-118.27646,33.77519226,"HAWAIIAN AVE & E ST, LOS ANGELES, CA",HAWAIIAN AVE,E ST,145368,
-118.2827121,33.96006393,40397,8797041,2019,2019-02-14T00:00:00.000Z,1942,2019-01-12T00:00:00.000Z,520,43236,1267,6,5,7,1942,0,0,0,L,0,12A69,FIGUEROA ST,MANCHESTER AV,0,,Y,A,-,N,,0,0,,,0,,,,Y,4,0,1,2,A,-,12,21453,A,F,D,C,A,A,H,-,C,A,0,,,,,Y,,-,99,0,0,1,0,0,0,0,0,0,- ,- ,0,0,600,1,LOS ANGELES,LOS ANGELES,CA,-118.2827121,33.96006393,"FIGUEROA ST & MANCHESTER AVE, LOS ANGELES, CA",FIGUEROA ST,MANCHESTER AVE,106686,
-118.1664753,34.08017731,40398,8797054,2019,2019-02-14T00:00:00.000Z,1942,2019-01-26T00:00:00.000Z,315,43431,438,6,5,7,1942,0,0,0,D,0,4A59W3,WARWICK AV,MARTIN ST,8,W,N,A,-,N,,0,0,,,0,,,,Y,3,0,1,3,A,-,3,22350,,N,B,E,A,A,H,-,C,D,0,,,,,Y,,A,1,0,1,0,0,0,0,0,0,0,- ,- ,0,0,600,1,LOS ANGELES,LOS ANGELES,CA,-118.1664753,34.08017731,"WARWICK AVE & MARTIN ST, LOS ANGELES, CA",WARWICK AVE,MARTIN ST,97355,
-118.2827121,33.9707756,40399,8797145,2019,2019-02-20T00:00:00.000Z,1942,2019-01-10T00:00:00.000Z,450,40673,1L56,4,5,7,1942,0,0,0,,0,12A67,FIGUEROA ST,76TH ST,0,,Y,A,-,N,,0,0,,,0,,,,N,4,0,1,2,A,-,9,21801,A,F,D,C,A,A,H,-,C,A,0,,,,,Y,,A,1,0,0,1,0,0,0,0,0,0,- ,- ,0,0,600,1,LOS ANGELES,LOS ANGELES,CA,-118.2827122,33.9707756,"FIGUEROA ST & 76TH ST, LOS ANGELES, CA",FIGUEROA ST,76TH ST,131207,
-118.2827121,33.96006393,40400,8797645,2019,2019-02-12T00:00:00.000Z,1942,2019-01-19T00:00:00.000Z,400,42247,1802,6,5,7,1942,0,0,0,R,0,18A49,MANCHESTER AV,FIGUEROA ST,0,,Y,A,-,N,,0,0,,,0,,,,Y,0,0,0,3,A,-,12,21453,A,N,C,D,A,A,H,-,C,A,0,,,,,Y,,-,- ,0,0,0,0,0,0,0,0,0,- ,- ,0,0,600,1,LOS ANGELES,LOS ANGELES,CA,-118.2827121,33.96006393,"MANCHESTER AVE & FIGUEROA ST, LOS ANGELES, CA",MANCHESTER AVE,FIGUEROA ST,106686,
-118.2651921,33.93392563,40401,8798295,2019,2019-03-07T00:00:00.000Z,1942,2019-01-21T00:00:00.000Z,545,38503,1844,1,5,7,1942,0,0,0,R,0,25T21,AVALON BL,E 111TH PL,0,,Y,A,-,N,,0,0,,,0,,,,Y,2,0,2,2,A,-,12,21453,A,N,D,C,A,A,H,-,C,A,0,,,,,Y,,-,- ,1,1,0,0,0,0,0,0,0,- ,- ,0,0,600,1,LOS ANGELES,LOS ANGELES,CA,-118.2651921,33.93392563,"AVALON BLVD & 111TH PL, LOS ANGELES, CA",AVALON BLVD,111TH PL,141792,
-118.2784021,33.9455452,40402,8798503,2019,2019-03-19T00:00:00.000Z,1942,2019-01-16T00:00:00.000Z,530,41060,1822,3,5,7,1942,0,0,0,R,0,18A17,BROADWAY,CENTURY BL,0,,Y,C,-,N,,0,0,,,0,,,,Y,4,0,4,2,A,-,12,21453,A,N,D,C,A,B,H,-,C,A,0,,,,,Y,,-,- ,0,0,4,0,0,0,0,0,0,- ,- ,0,0,600,1,LOS ANGELES,LOS ANGELES,CA,-118.2784021,33.9455452,"BROADWAY & CENTURY BLVD, LOS ANGELES, CA",BROADWAY,CENTURY BLVD,105733,
-118.2602021,33.74394608,40403,8799094,2019,2019-02-15T00:00:00.000Z,1942,2019-01-03T00:00:00.000Z,300,43100,559,4,5,7,1942,0,0,0,E,0,5A25,TERMINAL WY,FERRY ST,0,,Y,A,-,N,,0,0,,,0,,,,Y,3,0,1,2,A,-,3,22350,,N,C,C,A,A,H,-,C,A,0,,,,,Y,,-,- ,0,1,0,0,0,0,0,0,0,- ,- ,0,0,600,1,LOS ANGELES,LOS ANGELES,CA,-118.2602021,33.74394608,"TERMINAL WAY & FERRY ST, LOS ANGELES, CA",TERMINAL WAY,FERRY ST,123572,
-118.2600855,34.11657333,40404,8799110,2019,2019-03-07T00:00:00.000Z,1942,2019-01-14T00:00:00.000Z,310,43203,,1,5,7,1942,0,0,0,,0,11A1,GARDEN AV,GLENDALE,550,S,N,A,-,N,,0,0,,,0,,,,N,3,0,1,2,A,-,1,23152,A,N,B,E,A,A,H,-,D,D,0,,,,,Y,Y,A,1,0,1,0,0,0,0,0,0,0,- ,- ,0,0,600,1,LOS ANGELES,LOS ANGELES,CA,-118.2600855,34.11657333,"GARDEN AVE & GLENDALE BLVD, LOS ANGELES, CA",GARDEN AVE,GLENDALE BLVD,155756,
-118.2564821,33.96546936,40405,8799529,2019,2019-03-01T00:00:00.000Z,1942,2019-01-31T00:00:00.000Z,535,40543,1269,4,5,7,1942,0,0,0,L,0,12XL59,CENTRAL AV,81ST ST,50,S,N,A,-,N,,0,0,,,0,,,,Y,0,0,0,4,A,-,3,22350,A,M,C,C,A,A,H,-,C,D,0,,,,,Y,,A,1,0,0,0,0,0,0,0,0,0,- ,- ,0,0,600,1,LOS ANGELES,LOS ANGELES,CA,-118.2564821,33.96546936,"CENTRAL AVE & 81ST ST, LOS ANGELES, CA",CENTRAL AVE,81ST ST,124052,
-118.2998069,34.00992203,40406,8800133,2019,2019-02-13T00:00:00.000Z,1942,2019-01-09T00:00:00.000Z,450,43554,397,3,5,7,1942,0,0,0,C,0,3A99,40TH PL,NORMANDIE AV,120,E,N,A,-,N,,0,0,,,0,,,,N,4,0,2,2,A,-,0,22106,A,F,H,C,A,A,H,-,C,D,0,,,,,Y,,-,99,0,0,2,0,0,0,0,0,0,- ,- ,0,0,600,1,LOS ANGELES,LOS ANGELES,CA,-118.2998069,34.00992203,"40TH PL & NORMANDIE AVE, LOS ANGELES, CA",40TH PL,NORMANDIE AVE,96118,
-118.2916921,34.07275009,40407,8800182,2019,2019-02-14T00:00:00.000Z,1942,2019-01-30T00:00:00.000Z,400,41856,2019,3,5,7,1942,0,0,0,,0,20A39,VERMONT AV,1ST ST,5,S,N,A,-,N,,0,0,,,0,,,,Y,2,0,1,2,A,-,11,21456,B,N,G,B,B,A,H,-,C,A,0,Y,,,,Y,,N,60,1,0,0,0,1,0,0,0,0,- ,- ,0,0,600,1,LOS ANGELES,LOS ANGELES,CA,-118.2916921,34.07275009,"VERMONT AVE & 1ST ST, LOS ANGELES, CA",VERMONT AVE,1ST ST,146353,
-118.2828303,33.91641617,40408,8800571,2019,2019-02-20T00:00:00.000Z,1942,2019-01-05T00:00:00.000Z,300,42281,1851,6,5,7,1942,0,0,0,R,0,18X95,EL SEGUNDO BL,FIGUEROA,30,W,N,A,-,N,,0,0,,,0,,,,N,4,0,1,2,A,-,3,22350,,N,C,C,A,A,H,-,C,A,0,,,,,Y,,A,1,0,0,1,0,0,0,0,0,0,- ,- ,0,0,600,1,LOS ANGELES,LOS ANGELES,CA,-118.2828303,33.91641617,"EL SEGUNDO BLVD & FIGUEROA ST, LOS ANGELES, CA",EL SEGUNDO BLVD,FIGUEROA ST,99111,
-118.2639488,34.11763763,40409,8802387,2019,2019-03-08T00:00:00.000Z,1942,2019-01-24T00:00:00.000Z,343,31152,1123,4,5,7,1942,0,0,0,K,0,11A1,GLENFELIZ BL,INGLEDALE TER,50,E,N,B,-,N,,0,0,,,0,,,,Y,0,0,0,2,A,-,3,22350,,M,C,E,A,A,H,-,C,D,0,,,,,Y,,A,1,0,0,0,0,0,0,0,0,0,- ,- ,0,0,600,1,LOS ANGELES,LOS ANGELES,CA,-118.2639488,34.11763763,"GLENFELIZ BLVD & INGLEDALE TER, LOS ANGELES, CA",GLENFELIZ BLVD,INGLEDALE TER,107408,