X,Y,OBJECTID,case_id,accident_year,proc_date,juris,collision_date,collision_time,officer_id,reporting_district,day_of_week,chp_shift,population,cnty_city_loc,special_cond,beat_type,chp_beat_type,city_division_lapd,chp_beat_class,beat_number,primary_rd,secondary_rd,distance,direction,intersection,weather_1,weather_2,state_hwy_ind,caltrans_county,caltrans_district,state_route,route_suffix,postmile_prefix,postmile,location_type,ramp_intersection,side_of_hwy,tow_away,collision_severity,number_killed,number_injured,party_count,primary_coll_factor,pcf_code_of_viol,pcf_viol_category,pcf_violation,pcf_viol_subsection,hit_and_run,type_of_collision,mviw,ped_action,road_surface,road_cond_1,road_cond_2,lighting,control_device,chp_road_type,pedestrian_accident,bicycle_accident,motorcycle_accident,truck_accident,not_private_property,alcohol_involved,stwd_vehtype_at_fault,chp_vehtype_at_fault,count_severe_inj,count_visible_inj,count_complaint_pain,count_ped_killed,count_ped_injured,count_bicyclist_killed,count_bicyclist_injured,count_mc_killed,count_mc_injured,primary_ramp,secondary_ramp,latitude,longitude,timecat,month_,city,county,state,point_x,point_y,match_addr,m_primaryrd,m_secondrd,int_id,Flag
-118.3732135,34.19355011,40410,8802892,2019,2019-02-21T00:00:00.000Z,1942,2019-01-27T00:00:00.000Z,425,25095,1517,7,5,7,1942,0,0,0,O,0,15L30,WELBY WY,VANOWEN,108,S,N,A,-,N,,0,0,,,0,,,,Y,0,0,0,4,A,-,1,23152,A,N,B,E,A,A,H,-,C,D,0,,,,,Y,Y,A,1,0,0,0,0,0,0,0,0,0,- ,- ,0,0,600,1,LOS ANGELES,LOS ANGELES,CA,-118.3732135,34.19355011,"WELBY WAY & VANOWEN ST, LOS ANGELES, CA",WELBY WAY,VANOWEN ST,119702,
-118.3152435,33.73833466,40411,8803556,2019,2019-02-27T00:00:00.000Z,1942,2019-01-15T00:00:00.000Z,450,40758,561,2,5,7,1942,0,0,0,E,0,,WESTERN AV,BYNNER AV,30,S,N,C,-,N,,0,0,,,0,,,,Y,0,0,0,1,A,-,3,22350,,M,E,I,A,B,H,-,C,A,0,,,,,Y,,A,1,0,0,0,0,0,0,0,0,0,- ,- ,0,0,600,1,LOS ANGELES,LOS ANGELES,CA,-118.3152435,33.73833466,"WESTERN AVE & BYNNER DR, LOS ANGELES, CA",WESTERN AVE,BYNNER DR,112655,
-118.2042921,34.12280655,40412,8804625,2019,2019-03-11T00:00:00.000Z,1942,2019-01-24T00:00:00.000Z,455,36284,1125,4,5,7,1942,0,0,0,K,0,11A25,N AVE 51,STRATFORD RD,0,,Y,A,-,N,,0,0,,,0,,,,N,4,0,2,2,A,-,12,22450,,N,B,C,A,A,H,-,C,A,0,,,,,Y,,A,1,0,0,2,0,0,0,0,0,0,- ,- ,0,0,600,1,LOS ANGELES,LOS ANGELES,CA,-118.2042921,34.12280655,"AVE 51 & STRATFORD RD, LOS ANGELES, CA",AVE 51,STRATFORD RD,103907,
-118.3252539,34.01459503,40413,8804676,2019,2019-03-06T00:00:00.000Z,1942,2019-01-25T00:00:00.000Z,400,39151,374,5,5,7,1942,0,0,0,C,0,3A31,39TH ST,HEPBURN AV,40,W,N,A,-,N,,0,0,,,0,,,,N,4,0,1,2,D,-,0,0,,F,A,E,A,A,H,-,C,D,0,,,,,Y,,-,- ,0,0,1,0,0,0,0,0,0,- ,- ,0,0,600,1,LOS ANGELES,LOS ANGELES,CA,-118.3252539,34.01459503,"39TH ST & HEPBURN AVE, LOS ANGELES, CA",39TH ST,HEPBURN AVE,113792,
-118.2979525,34.06364441,40414,8804813,2019,2019-02-15T00:00:00.000Z,1942,2019-01-27T00:00:00.000Z,335,40690,2027,7,5,7,1942,0,0,0,,0,20A45,S ALEXANDRIA AV,6TH ST,25,N,N,A,-,N,,0,0,,,0,,,,N,0,0,0,2,A,-,3,22350,,M,C,C,A,A,H,-,C,D,0,,,,,Y,,-,99,0,0,0,0,0,0,0,0,0,- ,- ,0,0,600,1,LOS ANGELES,LOS ANGELES,CA,-118.2979525,34.06364441,"ALEXANDRIA AVE & 6TH ST, LOS ANGELES, CA",ALEXANDRIA AVE,6TH ST,135690,
-118.4553022,34.22146606,40415,8805169,2019,2019-02-26T00:00:00.000Z,1942,2019-01-28T00:00:00.000Z,350,43376,1994,1,5,7,1942,0,0,0,,0,19A93,ROSCOE BL,WILLIS,0,,Y,A,-,N,,0,0,,,0,,,,N,0,0,0,2,A,-,3,22350,,M,A,C,A,A,H,-,C,A,0,,,,,Y,,-,99,0,0,0,0,0,0,0,0,0,- ,- ,0,0,600,1,LOS ANGELES,LOS ANGELES,CA,-118.4553022,34.22146606,"ROSCOE BLVD & WILLIS AVE, LOS ANGELES, CA",ROSCOE BLVD,WILLIS AVE,122558,
-118.6282684,34.16411209,40416,8805502,2019,2019-02-21T00:00:00.000Z,1942,2019-01-16T00:00:00.000Z,530,38687,2173,3,5,7,1942,0,0,0,,0,21A73,VENTURA BL,ROYER AV,500,W,N,C,-,N,,0,0,,,0,,,,N,4,0,1,1,A,-,3,22350,,N,E,I,A,B,H,-,C,D,0,,,,,Y,,A,1,0,0,1,0,0,0,0,0,0,- ,- ,0,0,600,1,LOS ANGELES,LOS ANGELES,CA,-118.6282684,34.16411209,"VENTURA BLVD & ROYER AVE, LOS ANGELES, CA",VENTURA BLVD,ROYER AVE,146884,
-118.2879021,33.74147415,40417,8805994,2019,2019-02-22T00:00:00.000Z,1942,2019-01-28T00:00:00.000Z,410,41167,557,1,5,7,1942,0,0,0,E,0,5A59,PACIFIC AV,3RD ST,0,,Y,A,-,N,,0,0,,,0,,,,N,0,0,0,4,A,-,3,22350,,M,C,C,A,A,H,-,C,D,0,,,,,Y,,-,99,0,0,0,0,0,0,0,0,0,- ,- ,0,0,600,1,LOS ANGELES,LOS ANGELES,CA,-118.2879021,33.74147415,"PACIFIC AVE & 3RD ST, LOS ANGELES, CA",PACIFIC AVE,3RD ST,135533,
-118.5437122,34.20116425,40418,8806364,2019,2019-03-04T00:00:00.000Z,1942,2019-01-30T00:00:00.000Z,530,38763,1024,3,5,7,1942,0,0,0,J,0,10A21,SHERMAN WAY,CREBS AV,0,,Y,A,-,N,,0,0,,,0,,,,N,3,0,1,2,A,-,9,21804,A,N,B,G,A,A,H,-,C,D,0,,Y,,,Y,Y,L,4,0,1,0,0,0,0,1,0,0,- ,- ,0,0,600,1,LOS ANGELES,LOS ANGELES,CA,-118.5437122,34.20116425,"SHERMAN WAY & CREBS AVE, LOS ANGELES, CA",SHERMAN WAY,CREBS AVE,116042,
-118.4814867,34.23926544,40419,8806387,2019,2019-03-05T00:00:00.000Z,1942,2019-01-20T00:00:00.000Z,505,43419,1779,7,5,7,1942,0,0,0,Q,0,17A95,TUPPER ST,GLORIA AV,250,W,N,A,-,N,,0,0,,,0,,,,Y,0,0,0,3,A,-,5,21650,,N,A,E,A,A,H,-,B,D,0,,,,,Y,,-,,0,0,0,0,0,0,0,0,0,- ,- ,0,0,600,1,LOS ANGELES,LOS ANGELES,CA,-118.4814867,34.23926544,"TUPPER ST & GLORIA AVE, LOS ANGELES, CA",TUPPER ST,GLORIA AVE,133017,
-118.2637401,34.04764557,40420,8806893,2019,2019-03-01T00:00:00.000Z,1942,2019-01-30T00:00:00.000Z,440,30083,161,3,5,7,1942,0,0,0,A,0,1A61,FRANCISCO ST,8TH ST,500,S,N,A,-,N,,0,0,,,0,,,,Y,0,0,0,3,B,-,22,0,,M,D,E,A,A,H,-,C,D,0,,,,,Y,,A,7,0,0,0,0,0,0,0,0,0,- ,- ,0,0,600,1,LOS ANGELES,LOS ANGELES,CA,-118.2637401,34.04764557,"FRANCISCO ST & 8TH ST, LOS ANGELES, CA",FRANCISCO ST,8TH ST,145732,
-118.2879265,33.72606659,40421,8806917,2019,2019-03-01T00:00:00.000Z,1942,2019-01-26T00:00:00.000Z,350,42707,567,6,5,7,1942,0,0,0,E,0,5A85,20TH ST,PACIFIC AV,20,E,N,A,-,N,,0,0,,,0,,,,N,0,0,0,3,A,-,3,22350,,M,B,E,A,A,H,-,C,A,0,,,,,Y,,A,1,0,0,0,0,0,0,0,0,0,- ,- ,0,0,600,1,LOS ANGELES,LOS ANGELES,CA,-118.2879265,33.72606659,"20TH ST & PACIFIC AVE, LOS ANGELES, CA",20TH ST,PACIFIC AVE,145819,
-118.2632715,34.04018021,40423,8807679,2019,2019-02-28T00:00:00.000Z,1942,2019-01-26T00:00:00.000Z,450,42798,182,6,5,7,1942,0,0,0,A,0,1A41,GRAND ST,12TH ST,25,N,N,A,-,N,,0,0,,,0,,,,Y,4,0,1,3,A,-,3,22350,,N,F,E,A,A,H,-,C,D,0,,,,,Y,,A,1,0,0,1,0,0,0,0,0,0,- ,- ,0,0,600,1,LOS ANGELES,LOS ANGELES,CA,-118.2632715,34.04018021,"GRAND AVE (DOWNTOWN) & 12TH ST, LOS ANGELES, CA",GRAND AVE (DOWNTOWN),12TH ST,135010,
-118.3237721,34.10164642,40424,8809696,2019,2019-03-07T00:00:00.000Z,1942,2019-01-19T00:00:00.000Z,410,42471,647,6,5,7,1942,0,0,0,F,0,6A79,EL CENTRO AV,HOLLYWOOD BL,0,S,N,A,-,N,,0,0,,,0,,,,N,0,0,0,2,A,-,8,22107,,M,-,E,A,A,H,-,C,D,0,,,,,Y,,-,99,0,0,0,0,0,0,0,0,0,- ,- ,0,0,600,1,LOS ANGELES,LOS ANGELES,CA,-118.3237721,34.10164642,"EL CENTRO AVE & HOLLYWOOD BLVD, LOS ANGELES, CA",EL CENTRO AVE,HOLLYWOOD BLVD,132394,
-118.3090159,34.03846741,40425,8809728,2019,2019-03-07T00:00:00.000Z,1942,2019-01-01T00:00:00.000Z,350,43595,2091,2,5,7,1942,0,0,0,,0,20A97,WESTERN AV,20TH ST,130,S,N,A,-,N,,0,0,,,0,,,,Y,0,0,0,2,A,-,5,21460,,M,A,C,A,A,H,-,C,A,0,,,,,Y,,-,99,0,0,0,0,0,0,0,0,0,- ,- ,0,0,600,1,LOS ANGELES,LOS ANGELES,CA,-118.3090159,34.03846741,"WESTERN AVE & 20TH ST, LOS ANGELES, CA",WESTERN AVE,20TH ST,124528,
-118.2154727,34.06598282,40427,8810006,2019,2019-05-14T00:00:00.000Z,1942,2019-01-19T00:00:00.000Z,345,43016,423,6,5,7,1942,0,0,0,D,0,4A15,DALY ST,NORTH MAIN ST,7,N,N,A,-,N,,0,0,,,0,,,,N,4,0,1,2,A,-,4,21703,,F,C,C,A,A,H,-,C,A,0,,,,,Y,,-,99,0,0,1,0,0,0,0,0,0,- ,- ,0,0,600,1,LOS ANGELES,LOS ANGELES,CA,-118.2154727,34.06598282,"DALY ST & N MAIN ST, LOS ANGELES, CA",DALY ST,N MAIN ST,125347,
-118.2175621,34.08398438,40428,8810079,2019,2019-03-08T00:00:00.000Z,1942,2019-01-19T00:00:00.000Z,315,43211,412,6,5,7,1942,0,0,0,,0,4A97,LACY ST,AVENUE 33,0,,Y,A,-,N,,0,0,,,0,,,,Y,0,0,0,1,A,-,3,22350,A,M,-,I,A,A,H,-,C,D,0,,,,,Y,,-,99,0,0,0,0,0,0,0,0,0,- ,- ,0,0,600,1,LOS ANGELES,LOS ANGELES,CA,-118.2175621,34.08398438,"LACY ST & AVE 33, LOS ANGELES, CA",LACY ST,AVE 33,132357,
-118.3237664,34.10061264,40429,8810732,2019,2019-03-13T00:00:00.000Z,1942,2019-01-19T00:00:00.000Z,420,13056,647,6,5,7,1942,0,0,0,F,0,6A79,EL CENTRO AV,VISTA DEL MAR AV,50,N,N,A,-,N,,0,0,,,0,,,,Y,0,0,0,2,A,-,3,22350,,M,C,E,A,A,H,-,C,D,0,,,,,Y,,-,99,0,0,0,0,0,0,0,0,0,- ,- ,0,0,600,1,LOS ANGELES,LOS ANGELES,CA,-118.3237664,34.10061264,"EL CENTRO AVE & VISTA DEL MAR ST, LOS ANGELES, CA",EL CENTRO AVE,VISTA DEL MAR ST,118378,
-118.4190964,34.04512405,40430,8810751,2019,2019-03-13T00:00:00.000Z,1942,2019-01-30T00:00:00.000Z,300,42610,885,3,5,7,1942,0,0,0,H,0,8A95,PICO BL,PATRICIA AV,20,W,N,A,-,N,,0,0,,,0,,,,Y,3,0,1,2,A,-,8,22100,A,N,D,C,A,A,H,-,C,A,0,,,,,Y,,A,1,0,1,0,0,0,0,0,0,0,- ,- ,0,0,600,1,LOS ANGELES,LOS ANGELES,CA,-118.4190964,34.04512405,"PICO BLVD & PATRICIA AVE, LOS ANGELES, CA",PICO BLVD,PATRICIA AVE,132224,
-118.3386721,34.09797669,40431,8810840,2019,2019-03-11T00:00:00.000Z,1942,2019-01-28T00:00:00.000Z,345,41292,645,1,5,7,1942,0,0,0,F,0,6A45,HIGHLAND AV,SUNSET BL,0,,Y,A,-,N,,0,0,,,0,,,,N,0,0,0,2,A,-,12,21453,A,M,D,C,A,A,H,-,C,A,0,,,,,Y,,-,99,0,0,0,0,0,0,0,0,0,- ,- ,0,0,600,1,LOS ANGELES,LOS ANGELES,CA,-118.3386721,34.09797668,"HIGHLAND AVE & SUNSET BLVD, LOS ANGELES, CA",HIGHLAND AVE,SUNSET BLVD,132468,
-118.2783022,33.98916626,40432,8813055,2019,2019-04-16T00:00:00.000Z,1942,2019-01-30T00:00:00.000Z,545,36238,1383,3,5,7,1942,0,0,0,M,0,13A93,S BROADWAY,W SLAUSON AV,0,,Y,A,-,N,,0,0,,,0,,,,N,3,0,1,2,A,-,12,21453,A,N,H,G,A,A,H,-,C,A,0,,Y,,,Y,,-,- ,0,1,0,0,0,0,1,0,0,- ,- ,0,0,600,1,LOS ANGELES,LOS ANGELES,CA,-118.2783022,33.98916626,"BROADWAY & SLAUSON AVE, LOS ANGELES, CA",BROADWAY,SLAUSON AVE,103089,
-118.3266121,34.08347321,40434,8830256,2019,2019-03-27T00:00:00.000Z,1942,2019-01-11T00:00:00.000Z,450,42341,719,5,5,7,1942,0,0,0,G,0,7A17,MELROSE AV,VINE ST,0,,Y,A,-,N,,0,0,,,0,,,,Y,4,0,1,2,A,-,12,21453,,F,D,C,A,A,H,-,C,D,0,,,,,Y,,-,99,0,0,1,0,0,0,0,0,0,- ,- ,0,0,600,1,LOS ANGELES,LOS ANGELES,CA,-118.3266121,34.08347321,"MELROSE AVE & VINE ST, LOS ANGELES, CA",MELROSE AVE,VINE ST,135606,
-118.3709357,34.06336594,40435,8833268,2019,2019-04-09T00:00:00.000Z,1942,2019-01-01T00:00:00.000Z,320,38476,742,2,5,7,1942,0,0,0,G,0,7A17,SAN VINCENTE BL,SCHUMACHER DR,230,E,N,A,-,N,,0,0,,,0,,,,Y,3,0,1,3,A,-,1,23152,A,M,C,E,A,A,H,-,C,D,0,,,,,Y,Y,A,1,0,1,0,0,0,0,0,0,0,- ,- ,0,0,600,1,LOS ANGELES,LOS ANGELES,CA,-118.3709357,34.06336594,"SAN VICENTE BLVD & SCHUMACHER DR, LOS ANGELES, CA",SAN VICENTE BLVD,SCHUMACHER DR,151662,
-118.2382821,33.99295425,40436,8838985,2019,2019-04-12T00:00:00.000Z,1942,2019-01-25T00:00:00.000Z,555,42869,13A75,5,5,7,1942,0,0,0,M,0,1377,ALAMEDA ST,55TH ST,0,,Y,A,-,N,,0,0,,,0,,,,N,0,0,0,1,A,-,3,22350,,M,E,I,A,A,H,-,C,A,0,,,,,Y,,-,99,0,0,0,0,0,0,0,0,0,- ,- ,0,0,600,1,LOS ANGELES,LOS ANGELES,CA,-118.2382821,33.99295425,"ALAMEDA ST & 55TH ST, LOS ANGELES, CA",ALAMEDA ST,55TH ST,110101,
-118.3441221,34.09614563,40437,8850281,2019,2019-05-16T00:00:00.000Z,1942,2019-01-30T00:00:00.000Z,530,38688,645,3,5,7,1942,0,0,0,,0,6A45,N LA BREA AV,DE LONGPRE AV,0,,Y,B,-,N,,0,0,,,0,,,,Y,0,0,0,2,A,-,9,21801,A,M,D,C,A,A,H,-,C,B,0,,,,,Y,,-,99,0,0,0,0,0,0,0,0,0,- ,- ,0,0,600,1,LOS ANGELES,LOS ANGELES,CA,-118.3441221,34.09614563,"LA BREA AVE & DE LONGPRE AVE, LOS ANGELES, CA",LA BREA AVE,DE LONGPRE AVE,125349,
-118.2029432,34.12844086,40438,8855502,2019,2019-05-10T00:00:00.000Z,1942,2019-01-08T00:00:00.000Z,535,38402,1117,2,5,7,1942,0,0,0,K,0,11A17,TOWNSEND AV,AVE 51,100,N,N,A,-,N,,0,0,,,0,,,,Y,0,0,0,1,A,-,3,22350,,M,E,I,A,A,H,-,C,D,0,,,,,Y,Y,A,1,0,0,0,0,0,0,0,0,0,- ,- ,0,0,600,1,LOS ANGELES,LOS ANGELES,CA,-118.2029432,34.12844086,"TOWNSEND AVE & AVE 51, LOS ANGELES, CA",TOWNSEND AVE,AVE 51,145928,
-118.4442822,34.31825638,40454,8762010,2019,2019-02-14T00:00:00.000Z,1942,2019-01-05T00:00:00.000Z,630,36744,1904,6,5,7,1942,0,0,0,,0,19A1,TYLER ST,FOOTHILL BL,0,E,N,B,-,N,,0,0,,,0,,,,N,0,0,0,1,B,-,22,0,,M,E,I,A,A,H,-,A,D,0,,,,,Y,,A,7,0,0,0,0,0,0,0,0,0,- ,- ,0,0,900,1,LOS ANGELES,LOS ANGELES,CA,-118.4442822,34.31825638,"TYLER ST & FOOTHILL BLVD, LOS ANGELES, CA",TYLER ST,FOOTHILL BLVD,109076,
-118.426131,34.08085632,40455,8784361,2019,2019-03-18T00:00:00.000Z,1942,2019-01-16T00:00:00.000Z,800,33060,819,3,5,7,1942,0,0,0,H,0,8A1,SUNSET BL,CAROLWOOD AV,15,E,N,C,-,N,,0,0,,,0,,,,N,0,0,0,1,A,-,3,22350,,N,E,I,A,B,H,-,A,D,0,,,,,Y,,D,22,0,0,0,0,0,0,0,0,0,- ,- ,0,0,900,1,LOS ANGELES,LOS ANGELES,CA,-118.426131,34.08085632,"SUNSET BLVD & CAROLWOOD DR, LOS ANGELES, CA",SUNSET BLVD,CAROLWOOD DR,114842,
-118.2843883,33.98188019,40456,8791522,2019,2019-03-25T00:00:00.000Z,1942,2019-01-21T00:00:00.000Z,700,43620,1249,1,5,7,1942,0,0,0,L,0,12A57,63RD PL,ESTRELLA AV,150,E,N,A,-,N,,0,0,,,0,,,,N,0,0,0,1,A,-,3,22350,,M,E,I,A,A,H,-,A,D,0,,,,,Y,,-,99,0,0,0,0,0,0,0,0,0,- ,- ,0,0,900,1,LOS ANGELES,LOS ANGELES,CA,-118.2843883,33.98188019,"63RD PL & ESTRELLA AVE, LOS ANGELES, CA",63RD PL,ESTRELLA AVE,106539,
-118.2870321,33.98801804,40457,8791958,2019,2019-02-25T00:00:00.000Z,1942,2019-01-15T00:00:00.000Z,740,38331,1239,2,5,7,1942,0,0,0,L,0,12A45,HOOVER ST,59TH ST,245,N,N,B,-,N,,0,0,,,0,,,,N,0,0,0,1,A,-,3,22350,,N,E,I,A,B,C,-,A,D,0,,,,,Y,,-,,0,0,0,0,0,0,0,0,0,- ,- ,0,0,900,1,LOS ANGELES,LOS ANGELES,CA,-118.2870321,33.98801804,"HOOVER ST & 59TH ST, LOS ANGELES, CA",HOOVER ST,59TH ST,138059,
-118.2904421,33.75402832,40458,8792150,2019,2019-02-20T00:00:00.000Z,1942,2019-01-29T00:00:00.000Z,854,36737,523,2,5,7,1942,0,0,0,E,0,5A55,JOHN S GIBSON BL,CHANNEL ST,100,N,N,A,-,N,,0,0,,,0,,,,Y,4,0,1,1,A,-,3,22350,,N,E,I,A,A,H,-,A,D,0,,,,,Y,Y,D,22,0,0,1,0,0,0,0,0,0,- ,- ,0,0,900,1,LOS ANGELES,LOS ANGELES,CA,-118.2904421,33.75402832,"JOHN S GIBSON BLVD & CHANNEL ST, LOS ANGELES, CA",JOHN S GIBSON BLVD,CHANNEL ST,114882,
-118.2948839,34.04724503,40459,8793620,2019,2019-03-01T00:00:00.000Z,1942,2019-01-23T00:00:00.000Z,845,37437,2076,3,5,7,1942,0,0,0,,0,20A97,W PICO BL,S CATALINA ST,40,W,N,A,-,N,,0,0,,,0,,,,N,0,0,0,1,A,-,21,22106,,N,E,I,A,A,H,-,A,D,0,,,,Y,Y,,G,27,0,0,0,0,0,0,0,0,0,- ,- ,0,0,900,1,LOS ANGELES,LOS ANGELES,CA,-118.2948839,34.04724503,"PICO BLVD & CATALINA ST, LOS ANGELES, CA",PICO BLVD,CATALINA ST,113952,
-118.4764557,34.3070755,40460,8793784,2019,2019-02-27T00:00:00.000Z,1942,2019-01-14T00:00:00.000Z,730,41497,1921,1,5,7,1942,0,0,0,,0,19A1,ROXFORD ST,TELFAIR AV,22,S,N,C,-,N,,0,0,,,0,,,,Y,0,0,0,1,A,-,3,22350,,N,E,I,A,B,F,-,A,A,0,,,,,Y,,A,1,0,0,0,0,0,0,0,0,0,- ,- ,0,0,900,1,LOS ANGELES,LOS ANGELES,CA,-118.4764557,34.3070755,"ROXFORD ST & TELFAIR AVE, LOS ANGELES, CA",ROXFORD ST,TELFAIR AVE,147349,
-118.2516057,34.05080414,40461,8807789,2019,2019-03-05T00:00:00.000Z,1942,2019-01-20T00:00:00.000Z,640,37540,142,7,5,7,1942,0,0,0,A,0,1A41,S OLIVE ST,4TH ST,46,S,N,A,-,N,,0,0,,,0,,,,Y,0,0,0,1,A,-,3,22350,,N,E,I,A,A,A,-,A,D,0,,,,,Y,,A,1,0,0,0,0,0,0,0,0,0,- ,- ,0,0,900,1,LOS ANGELES,LOS ANGELES,CA,-118.2516057,34.05080414,"OLIVE ST & 4TH ST, LOS ANGELES, CA",OLIVE ST,4TH ST,121147,
-118.250929,33.78983307,40462,8781524,2019,2019-02-19T00:00:00.000Z,1942,2019-01-05T00:00:00.000Z,830,40440,528,6,5,7,1942,0,0,0,E,0,5A17,SANFORD AV,MAURETANIA ST,70,S,N,A,-,N,,0,0,,,0,,,,N,0,0,0,2,A,-,21,22106,,M,C,E,A,A,H,-,A,D,0,,,,,Y,,-,99,0,0,0,0,0,0,0,0,0,- ,- ,0,0,900,1,LOS ANGELES,LOS ANGELES,CA,-118.250929,33.78983307,"SANFORD AVE & MAURETANIA ST, LOS ANGELES, CA",SANFORD AVE,MAURETANIA ST,131353,
-118.4056412,33.98362351,40463,8806832,2019,2019-02-28T00:00:00.000Z,1942,2019-01-10T00:00:00.000Z,755,37416,1465,4,5,7,1942,0,0,0,N,0,14A49,N JEFFERSON BL,CENTINELA AV,150,W,N,A,-,N,,0,0,,,0,,,,N,3,0,1,2,C,-,18,0,,N,H,G,A,A,H,-,A,D,0,,Y,,,Y,Y,-,- ,0,1,0,0,0,0,1,0,0,- ,- ,0,0,900,1,LOS ANGELES,LOS ANGELES,CA,-118.4056412,33.9836235,"JEFFERSON BLVD & CENTINELA AVE, LOS ANGELES, CA",JEFFERSON BLVD,CENTINELA AVE,138857,
-118.2652648,34.00728989,40464,8813099,2019,2019-03-12T00:00:00.000Z,1942,2019-01-17T00:00:00.000Z,750,34719,1344,4,5,7,1942,0,0,0,M,0,13A43,AVALON BL,42ND ST,90,S,N,C,-,N,,0,0,,,0,,,,Y,4,0,1,5,A,-,7,21658,A,N,B,C,A,B,H,-,A,D,0,,,,,Y,,A,1,0,0,1,0,0,0,0,0,0,- ,- ,0,0,900,1,LOS ANGELES,LOS ANGELES,CA,-118.2652648,34.00728989,"AVALON BLVD & 42ND ST, LOS ANGELES, CA",AVALON BLVD,42ND ST,141958,
-118.2989151,34.0255127,38719,8770852,2019,2019-01-31T00:00:00.000Z,1942,2019-01-02T00:00:00.000Z,200,33599,337,3,5,7,1942,0,0,0,C,0,3A15,JEFFERSON BL,KENWOOD AV,75,E,N,A,-,N,,0,0,,,0,,,,N,0,0,0,2,A,-,3,22350,,M,B,E,A,A,H,-,C,D,0,,,,,Y,,-,99,0,0,0,0,0,0,0,0,0,- ,- ,0,0,300,1,LOS ANGELES,LOS ANGELES,CA,-118.2989151,34.0255127,"JEFFERSON BLVD & KENWOOD AVE, LOS ANGELES, CA",JEFFERSON BLVD,KENWOOD AVE,145476,
-118.3972943,34.1773262,38720,8772138,2019,2019-02-01T00:00:00.000Z,1942,2019-01-03T00:00:00.000Z,28,38956,1532,4,5,7,1942,0,0,0,O,0,15A33,W CALIFA ST,LAUREL CANYON BL,234,W,N,A,-,N,,0,0,,,0,,,,Y,0,0,0,3,A,-,8,22107,,M,B,E,A,A,H,-,C,D,0,,,,,Y,,D,22,0,0,0,0,0,0,0,0,0,- ,- ,0,0,300,1,LOS ANGELES,LOS ANGELES,CA,-118.3972943,34.1773262,"CALIFA ST & LAUREL CANYON BLVD, LOS ANGELES, CA",CALIFA ST,LAUREL CANYON BLVD,122109,
-118.4675677,34.25229645,38721,8776064,2019,2019-02-02T00:00:00.000Z,1942,2019-01-01T00:00:00.000Z,15,37304,1954,2,5,7,1942,0,0,0,,0,19A43,SEPULVEDA BL,MAYALL ST,499,S,N,G,-,N,,0,0,,,0,,,,Y,2,0,1,1,A,-,3,22350,,N,E,I,A,A,H,-,C,D,0,,,,,Y,,A,1,1,0,0,0,0,0,0,0,0,- ,- ,0,0,300,1,LOS ANGELES,LOS ANGELES,CA,-118.4675677,34.25229645,"SEPULVEDA BLVD & MAYALL ST, LOS ANGELES, CA",SEPULVEDA BLVD,MAYALL ST,105640,
-118.2943104,34.06360245,38722,8776553,2019,2019-02-02T00:00:00.000Z,1942,2019-01-06T00:00:00.000Z,210,41161,2027,7,5,7,1942,0,0,0,,0,20A45,6TH ST,BERENDO ST,45,W,N,A,-,N,,0,0,,,0,,,,Y,3,0,2,2,A,-,1,23152,A,F,A,C,A,B,H,-,C,D,0,,,,,Y,Y,A,1,0,1,1,0,0,0,0,0,0,- ,- ,0,0,300,1,LOS ANGELES,LOS ANGELES,CA,-118.2943104,34.06360245,"6TH ST & BERENDO ST, LOS ANGELES, CA",6TH ST,BERENDO ST,97151,
-118.4271722,34.26507568,38723,8778066,2019,2019-02-14T00:00:00.000Z,1942,2019-01-06T00:00:00.000Z,45,40191,FOOTH,7,5,7,1942,0,0,0,,0,1622,TELFAIR AV,MERCER,0,,Y,C,-,N,,0,0,,,0,,,,N,0,0,0,2,A,-,12,22450,,M,D,C,A,B,H,-,C,A,0,,,,,Y,,-,- ,0,0,0,0,0,0,0,0,0,- ,- ,0,0,300,1,LOS ANGELES,LOS ANGELES,CA,-118.4271722,34.26507568,"TELFAIR AVE & MERCER ST, LOS ANGELES, CA",TELFAIR AVE,MERCER ST,129971,
-118.4301722,34.17218781,38724,8778078,2019,2019-02-01T00:00:00.000Z,1942,2019-01-08T00:00:00.000Z,50,37304,948,2,5,7,1942,0,0,0,I,0,9A37,BUFFALO AV,BURBANK BL,15,N,N,A,-,N,,0,0,,,0,,,,Y,0,0,0,5,A,-,3,22350,,M,C,E,A,A,H,-,C,D,0,,,,Y,Y,,F,27,0,0,0,0,0,0,0,0,0,- ,- ,0,0,300,1,LOS ANGELES,LOS ANGELES,CA,-118.4301722,34.17218781,"BUFFALO AVE & BURBANK BLVD, LOS ANGELES, CA",BUFFALO AVE,BURBANK BLVD,104458,
-118.451873,34.19845581,38725,8778095,2019,2019-02-02T00:00:00.000Z,1942,2019-01-01T00:00:00.000Z,30,40398,914,2,5,7,1942,0,0,0,I,0,9A23,VOSE ST,VESPER AV,285,W,N,A,-,N,,0,0,,,0,,,,Y,0,0,0,2,A,-,8,22107,,M,B,E,A,A,H,-,C,D,0,,,,,Y,,A,1,0,0,0,0,0,0,0,0,0,- ,- ,0,0,300,1,LOS ANGELES,LOS ANGELES,CA,-118.451873,34.19845581,"VOSE ST & VESPER AVE, LOS ANGELES, CA",VOSE ST,VESPER AVE,105056,