X,Y,OBJECTID,case_id,accident_year,proc_date,juris,collision_date,collision_time,officer_id,reporting_district,day_of_week,chp_shift,population,cnty_city_loc,special_cond,beat_type,chp_beat_type,city_division_lapd,chp_beat_class,beat_number,primary_rd,secondary_rd,distance,direction,intersection,weather_1,weather_2,state_hwy_ind,caltrans_county,caltrans_district,state_route,route_suffix,postmile_prefix,postmile,location_type,ramp_intersection,side_of_hwy,tow_away,collision_severity,number_killed,number_injured,party_count,primary_coll_factor,pcf_code_of_viol,pcf_viol_category,pcf_violation,pcf_viol_subsection,hit_and_run,type_of_collision,mviw,ped_action,road_surface,road_cond_1,road_cond_2,lighting,control_device,chp_road_type,pedestrian_accident,bicycle_accident,motorcycle_accident,truck_accident,not_private_property,alcohol_involved,stwd_vehtype_at_fault,chp_vehtype_at_fault,count_severe_inj,count_visible_inj,count_complaint_pain,count_ped_killed,count_ped_injured,count_bicyclist_killed,count_bicyclist_injured,count_mc_killed,count_mc_injured,primary_ramp,secondary_ramp,latitude,longitude,timecat,month_,city,county,state,point_x,point_y,match_addr,m_primaryrd,m_secondrd,int_id,Flag
-118.2739021,33.93945313,38726,8778172,2019,2019-02-08T00:00:00.000Z,1942,2019-01-04T00:00:00.000Z,250,33810,1832,5,5,7,1942,0,0,0,R,0,DESK,MAIN ST,107TH ST,50,N,N,A,-,N,,0,0,,,0,,,,N,0,0,0,2,A,-,0,20015,A,M,B,E,A,A,H,-,C,D,0,,,,,Y,,-,- ,0,0,0,0,0,0,0,0,0,- ,- ,0,0,300,1,LOS ANGELES,LOS ANGELES,CA,-118.2739021,33.93945313,"MAIN ST & 107TH ST, LOS ANGELES, CA",MAIN ST,107TH ST,103178,
-118.2827521,34.01112366,38727,8778284,2019,2019-01-30T00:00:00.000Z,1942,2019-01-01T00:00:00.000Z,40,39299,398,2,5,7,1942,0,0,0,C,0,3A99,W MARTIN LUTHER KING JR BL,S FIGUEROA ST,0,,Y,A,-,N,,0,0,,,0,,,,Y,4,0,1,2,A,-,1,23152,A,N,C,C,A,A,H,-,C,A,0,,,,,Y,Y,A,1,0,0,1,0,0,0,0,0,0,- ,- ,0,0,300,1,LOS ANGELES,LOS ANGELES,CA,-118.2827521,34.01112366,"MARTIN LUTHER KING JR BLVD & FIGUEROA ST, LOS ANGELES, CA",MARTIN LUTHER KING JR BLVD,FIGUEROA ST,148988,
-118.4404321,34.23534393,38728,8778776,2019,2019-02-08T00:00:00.000Z,1942,2019-01-23T00:00:00.000Z,15,37613,1975,3,5,7,1942,0,0,0,,0,19A75,NORDHOFF ST,WOODMAN AV,0,,Y,A,-,N,,0,0,,,0,,,,N,3,0,3,2,A,-,12,21453,A,F,D,C,A,A,H,-,C,A,0,,,,,Y,,-,99,0,1,2,0,0,0,0,0,0,- ,- ,0,0,300,1,LOS ANGELES,LOS ANGELES,CA,-118.4404322,34.23534393,"NORDHOFF ST & WOODMAN AVE, LOS ANGELES, CA",NORDHOFF ST,WOODMAN AVE,140315,
-118.269173,33.96372604,38729,8779058,2019,2019-02-06T00:00:00.000Z,1942,2019-01-08T00:00:00.000Z,45,42111,1269,2,5,7,1942,0,0,0,L,0,12A53,83RD ST,SAN PEDRO,100,E,N,A,-,N,,0,0,,,0,,,,Y,4,0,2,2,A,-,9,21804,A,N,D,C,A,A,H,-,C,D,0,,,,,Y,Y,D,22,0,0,2,0,0,0,0,0,0,- ,- ,0,0,300,1,LOS ANGELES,LOS ANGELES,CA,-118.269173,33.96372604,"83RD ST & SAN PEDRO ST, LOS ANGELES, CA",83RD ST,SAN PEDRO ST,120855,
-118.3379693,34.00746918,38730,8779214,2019,2019-03-29T00:00:00.000Z,1942,2019-01-26T00:00:00.000Z,215,41954,363,6,5,7,1942,0,0,0,C,0,3A41,SANTA ROSALIA DR,STOCKER ST,200,W,N,A,-,N,,0,0,,,0,,,,N,4,0,1,3,A,-,5,21651,B,N,A,E,A,A,H,-,C,D,0,,,,,Y,Y,A,1,0,0,1,0,0,0,0,0,0,- ,- ,0,0,300,1,LOS ANGELES,LOS ANGELES,CA,-118.3379693,34.00746918,"SANTA ROSALIA DR & STOCKER ST, LOS ANGELES, CA",SANTA ROSALIA DR,STOCKER ST,99772,
-118.371319,34.0524025,38731,8779263,2019,2019-02-02T00:00:00.000Z,1942,2019-01-10T00:00:00.000Z,5,39022,762,4,5,7,1942,0,0,0,G,0,7A53,PICO BL,STEARNS DR,80,W,N,A,-,N,,0,0,,,0,,,,Y,0,0,0,2,A,-,3,22350,,M,B,E,A,A,H,-,C,D,0,,,,,Y,,A,1,0,0,0,0,0,0,0,0,0,- ,- ,0,0,300,1,LOS ANGELES,LOS ANGELES,CA,-118.371319,34.0524025,"PICO BLVD & STEARNS DR, LOS ANGELES, CA",PICO BLVD,STEARNS DR,142041,
-118.3440721,34.08342362,38732,8779316,2019,2019-02-05T00:00:00.000Z,1942,2019-01-24T00:00:00.000Z,55,41978,705,4,5,7,1942,0,0,0,G,0,7A1,MELROSE AV,N LA BREA AV,0,,Y,A,-,N,,0,0,,,0,,,,Y,4,0,1,2,A,-,1,23152,A,N,D,C,A,A,H,-,C,A,0,,,,,Y,Y,A,7,0,0,1,0,0,0,0,0,0,- ,- ,0,0,300,1,LOS ANGELES,LOS ANGELES,CA,-118.3440721,34.08342361,"MELROSE AVE & LA BREA AVE, LOS ANGELES, CA",MELROSE AVE,LA BREA AVE,121557,
-118.3539221,34.04133606,38733,8779340,2019,2019-02-05T00:00:00.000Z,1942,2019-01-18T00:00:00.000Z,100,37511,773,5,5,7,1942,0,0,0,G,0,7A73,WEST WASHINGTON BL,S CLOVERDALE AV,0,,Y,B,-,N,,0,0,,,0,,,,Y,4,0,1,3,A,-,1,23152,A,N,C,E,A,A,H,-,C,D,0,,,,,Y,Y,A,1,0,0,1,0,0,0,0,0,0,- ,- ,0,0,300,1,LOS ANGELES,LOS ANGELES,CA,-118.3539221,34.04133606,"WASHINGTON BLVD & CLOVERDALE AVE, LOS ANGELES, CA",WASHINGTON BLVD,CLOVERDALE AVE,120998,
-118.2523101,34.04453659,38734,8779363,2019,2019-03-01T00:00:00.000Z,1942,2019-01-12T00:00:00.000Z,120,43064,164,6,5,7,1942,0,0,0,A,0,1A35,SPRING ST,7TH ST,1,E,N,C,-,N,,0,0,,,0,,,,Y,0,0,0,1,A,-,3,22350,,N,E,I,A,B,E,-,C,D,0,,,,,Y,,A,1,0,0,0,0,0,0,0,0,0,- ,- ,0,0,300,1,LOS ANGELES,LOS ANGELES,CA,-118.2523101,34.04453659,"SPRING ST & 7TH ST, LOS ANGELES, CA",SPRING ST,7TH ST,142166,
-118.3177267,33.98100281,38735,8780458,2019,2019-01-18T00:00:00.000Z,1942,2019-01-03T00:00:00.000Z,10,35393,1242,4,5,7,1942,0,0,0,L,0,12A51,S VAN NESS AV,GAGE AV,300,S,N,A,-,N,,0,0,,,0,,,,N,0,0,0,2,A,-,5,21650,,M,B,C,A,A,H,-,C,D,0,,,,,Y,,-,99,0,0,0,0,0,0,0,0,0,- ,- ,0,0,300,1,LOS ANGELES,LOS ANGELES,CA,-118.3177267,33.98100281,"VAN NESS AVE & GAGE AVE, LOS ANGELES, CA",VAN NESS AVE,GAGE AVE,110045,
-118.5098973,34.21633148,38736,8780992,2019,2019-02-11T00:00:00.000Z,1942,2019-01-01T00:00:00.000Z,230,33700,1007,2,5,7,1942,0,0,0,J,0,10A17,LOUISE AV,STRATHERN ST,240,N,N,A,-,N,,0,0,,,0,,,,N,0,0,0,3,A,-,8,22107,,M,C,E,A,A,H,-,C,A,0,,,,,Y,,-,99,0,0,0,0,0,0,0,0,0,- ,- ,0,0,300,1,LOS ANGELES,LOS ANGELES,CA,-118.5098973,34.21633148,"LOUISE AVE & STRATHERN ST, LOS ANGELES, CA",LOUISE AVE,STRATHERN ST,101747,
-118.3347627,34.03255844,38737,8781025,2019,2019-02-14T00:00:00.000Z,1942,2019-01-05T00:00:00.000Z,10,41753,313,6,5,7,1942,0,0,0,C,0,3A15,ADAMS BL,CRENSHAW BL,100,E,N,A,-,N,,0,0,,,0,,,,Y,0,0,0,2,A,-,1,23152,A,N,C,C,A,A,H,-,C,D,0,,,,,Y,Y,A,7,0,0,0,0,0,0,0,0,0,- ,- ,0,0,300,1,LOS ANGELES,LOS ANGELES,CA,-118.3347627,34.03255844,"ADAMS BLVD & CRENSHAW BLVD, LOS ANGELES, CA",ADAMS BLVD,CRENSHAW BLVD,117487,
-118.3702521,33.97193146,38738,8781822,2019,2019-02-11T00:00:00.000Z,1942,2019-01-19T00:00:00.000Z,50,43471,1469,6,5,7,1942,0,0,0,N,0,14A67,LA CIENEGA BL,GLENWAY DR,125,S,N,A,-,N,,0,0,,,0,,,,Y,0,0,0,3,A,-,1,23152,A,N,B,E,A,A,H,-,C,A,0,,,,,Y,Y,D,22,0,0,0,0,0,0,0,0,0,- ,- ,0,0,300,1,LOS ANGELES,LOS ANGELES,CA,-118.3702521,33.97193146,"LA CIENEGA BLVD & GLENWAY DR, LOS ANGELES, CA",LA CIENEGA BLVD,GLENWAY DR,148316,
-118.3157821,34.09497833,38739,8781830,2019,2019-02-12T00:00:00.000Z,1942,2019-01-12T00:00:00.000Z,230,38161,668,6,5,7,1942,0,0,0,F,0,6A79,VAN NESS AV,FOUNTAIN AV,100,N,N,C,-,N,,0,0,,,0,,,,Y,4,0,1,7,A,-,1,23152,,N,C,E,A,B,H,-,C,D,0,,,,,Y,Y,A,1,0,0,1,0,0,0,0,0,0,- ,- ,0,0,300,1,LOS ANGELES,LOS ANGELES,CA,-118.3157821,34.09497833,"VAN NESS AVE & FOUNTAIN AVE, LOS ANGELES, CA",VAN NESS AVE,FOUNTAIN AVE,111103,
-118.5712322,34.2499733,38740,8782235,2019,2019-02-02T00:00:00.000Z,1942,2019-01-10T00:00:00.000Z,30,41316,1772,4,5,7,1942,0,0,0,Q,0,17A81,LASSEN ST,WINNETKA AV,0,,Y,A,-,N,,0,0,,,0,,,,Y,2,0,4,3,A,-,12,21453,A,N,D,C,A,A,H,-,C,A,0,,,,,Y,,A,1,1,0,3,0,0,0,0,0,0,- ,- ,0,0,300,1,LOS ANGELES,LOS ANGELES,CA,-118.5712322,34.2499733,"LASSEN ST & WINNETKA AVE, LOS ANGELES, CA",LASSEN ST,WINNETKA AVE,147858,
-118.4676622,34.22826386,38741,8782255,2019,2019-02-02T00:00:00.000Z,1942,2019-01-06T00:00:00.000Z,10,30694,1981,7,5,7,1942,0,0,0,,0,19A61,PARTHENIA ST,SEPULVEDA BL,0,,Y,C,-,N,,0,0,,,0,,,,N,4,0,1,2,A,-,3,22350,,F,C,C,A,B,H,-,C,A,0,,,,,Y,,-,99,0,0,1,0,0,0,0,0,0,- ,- ,0,0,300,1,LOS ANGELES,LOS ANGELES,CA,-118.4676622,34.22826385,"PARTHENIA ST & SEPULVEDA BLVD, LOS ANGELES, CA",PARTHENIA ST,SEPULVEDA BLVD,136583,
-118.4675722,34.2502861,38742,8782393,2019,2019-02-13T00:00:00.000Z,1942,2019-01-01T00:00:00.000Z,15,39402,1954,2,5,7,1942,0,0,0,,0,10A21,SEPULVEDA BL,LASSEN ST,100,N,N,A,-,N,,0,0,,,0,,,,N,0,0,0,1,A,-,3,22350,,N,E,I,A,A,H,-,C,A,0,,,,,Y,,-,99,0,0,0,0,0,0,0,0,0,- ,- ,0,0,300,1,LOS ANGELES,LOS ANGELES,CA,-118.4675722,34.2502861,"SEPULVEDA BLVD & LASSEN ST, LOS ANGELES, CA",SEPULVEDA BLVD,LASSEN ST,98601,
-118.3440421,34.07615662,38743,8784490,2019,2019-02-13T00:00:00.000Z,1942,2019-01-08T00:00:00.000Z,23,40014,729,2,5,7,1942,0,0,0,G,0,7A17,BEVERLY BL,LA BREA AV,0,,Y,A,-,N,,0,0,,,0,,,,N,4,0,1,2,A,-,10,21950,A,N,G,B,B,A,H,-,C,A,0,Y,,,,Y,,A,7,0,0,1,0,1,0,0,0,0,- ,- ,0,0,300,1,LOS ANGELES,LOS ANGELES,CA,-118.3440421,34.07615662,"BEVERLY BLVD & LA BREA AVE, LOS ANGELES, CA",BEVERLY BLVD,LA BREA AVE,117975,
-118.367156,34.05345154,38744,8784496,2019,2019-02-15T00:00:00.000Z,1942,2019-01-27T00:00:00.000Z,30,38282,752,7,5,7,1942,0,0,0,G,0,7A53,HAYWORTH AV,PACKARD ST,45,S,N,A,-,N,,0,0,,,0,,,,N,0,0,0,2,A,-,5,21650,,M,B,E,A,A,H,-,C,D,0,,,,,Y,,-,99,0,0,0,0,0,0,0,0,0,- ,- ,0,0,300,1,LOS ANGELES,LOS ANGELES,CA,-118.367156,34.05345154,"HAYWORTH AVE & PACKARD ST, LOS ANGELES, CA",HAYWORTH AVE,PACKARD ST,127993,
-118.3003026,33.74408341,38745,8784503,2019,2019-02-19T00:00:00.000Z,1942,2019-01-27T00:00:00.000Z,200,37679,551,7,5,7,1942,0,0,0,E,0,5A55,MERAMEC AV,DUNN ST,50,E,N,A,-,N,,0,0,,,0,,,,N,0,0,0,2,A,-,3,22350,,M,B,E,A,A,H,-,C,D,0,,,,,Y,,-,99,0,0,0,0,0,0,0,0,0,- ,- ,0,0,300,1,LOS ANGELES,LOS ANGELES,CA,-118.3003026,33.7440834,"MERAMEC AVE & DUNN ST, LOS ANGELES, CA",MERAMEC AVE,DUNN ST,150065,
-118.3764522,34.04265213,38746,8784520,2019,2019-02-15T00:00:00.000Z,1942,2019-01-25T00:00:00.000Z,135,41957,782,5,5,7,1942,0,0,0,G,0,7A73,LA CIENEGA BL,SAWYER ST,35,N,N,A,-,N,,0,0,,,0,,,,N,0,0,0,2,A,-,3,22350,,M,B,C,A,A,H,-,C,A,0,,,,,Y,,-,99,0,0,0,0,0,0,0,0,0,- ,- ,0,0,300,1,LOS ANGELES,LOS ANGELES,CA,-118.3764522,34.04265213,"LA CIENEGA BLVD & SAWYER ST, LOS ANGELES, CA",LA CIENEGA BLVD,SAWYER ST,145637,
-118.3262764,34.09799576,38747,8784566,2019,2019-02-14T00:00:00.000Z,1942,2019-01-14T00:00:00.000Z,140,42451,666,1,5,7,1942,0,0,0,F,0,06A67,SUNSET BL,VINE ST,117,E,N,A,-,N,,0,0,,,0,,,,N,4,0,1,2,A,-,7,21658,A,N,B,C,A,A,H,-,C,D,0,,,,,Y,,A,1,0,0,1,0,0,0,0,0,0,- ,- ,0,0,300,1,LOS ANGELES,LOS ANGELES,CA,-118.3262764,34.09799576,"SUNSET BLVD & VINE ST, LOS ANGELES, CA",SUNSET BLVD,VINE ST,111439,
-118.2871521,33.99484634,38748,8784589,2019,2019-02-13T00:00:00.000Z,1942,2019-01-01T00:00:00.000Z,10,41207,1218,2,5,7,1942,0,0,0,L,0,12A15,HOOVER ST,52ND PL,50,S,N,A,-,N,,0,0,,,0,,,,Y,3,0,7,5,A,-,3,22350,,F,C,C,A,A,H,-,C,A,0,,,,,Y,Y,A,1,0,2,5,0,0,0,0,0,0,- ,- ,0,0,300,1,LOS ANGELES,LOS ANGELES,CA,-118.2871521,33.99484634,"HOOVER ST & 52ND PL, LOS ANGELES, CA",HOOVER ST,52ND PL,124457,
-118.2996237,33.98141861,38750,8784601,2019,2019-02-13T00:00:00.000Z,1942,2019-01-09T00:00:00.000Z,120,37190,1245,3,5,7,1942,0,0,0,L,0,12A3,64TH ST,NORMANDIE AV,200,E,N,A,-,N,,0,0,,,0,,,,Y,4,0,1,4,A,-,3,22350,,F,B,C,A,A,H,-,C,D,0,,,,,Y,,-,99,0,0,1,0,0,0,0,0,0,- ,- ,0,0,300,1,LOS ANGELES,LOS ANGELES,CA,-118.2996237,33.98141861,"64TH ST & NORMANDIE AVE, LOS ANGELES, CA",64TH ST,NORMANDIE AVE,113529,
-118.2617821,33.77125549,38751,8785540,2019,2019-02-07T00:00:00.000Z,1942,2019-01-04T00:00:00.000Z,100,42069,527,5,5,7,1942,0,0,0,E,0,5A25,E HARRY BRIDGES BL,N AVALON BL,0,,Y,A,-,N,,0,0,,,0,,,,Y,3,0,1,2,A,-,1,23152,A,N,D,C,A,A,H,-,C,A,0,,,,Y,Y,Y,D,22,0,1,0,0,0,0,0,0,0,- ,- ,0,0,300,1,LOS ANGELES,LOS ANGELES,CA,-118.2617821,33.77125549,"HARRY BRIDGES BLVD & AVALON BLVD, LOS ANGELES, CA",HARRY BRIDGES BLVD,AVALON BLVD,120811,
-118.393793,34.2157135,38752,8785600,2019,2019-02-13T00:00:00.000Z,1942,2019-01-16T00:00:00.000Z,220,43202,1684,3,5,7,1942,0,0,0,P,0,16A81,STRATHERN ST,RADFORD,500,W,N,A,-,N,,0,0,,,0,,,,Y,0,0,0,3,A,-,3,22350,,M,B,E,A,B,H,-,C,A,0,,,,,Y,,D,22,0,0,0,0,0,0,0,0,0,- ,- ,0,0,300,1,LOS ANGELES,LOS ANGELES,CA,-118.393793,34.2157135,"STRATHERN ST & RADFORD AVE, LOS ANGELES, CA",STRATHERN ST,RADFORD AVE,132750,
-118.5977373,34.21980286,38753,8785663,2019,2019-02-04T00:00:00.000Z,1942,2019-01-13T00:00:00.000Z,205,43084,2107,7,5,7,1942,0,0,0,,0,21A5,ROSCOE BL,CANOGA AV,50,W,N,A,-,N,,0,0,,,0,,,,Y,4,0,1,2,A,-,3,22350,,F,B,C,A,A,H,-,C,A,0,,,,,Y,,A,1,0,0,1,0,0,0,0,0,0,- ,- ,0,0,300,1,LOS ANGELES,LOS ANGELES,CA,-118.5977373,34.21980286,"ROSCOE BLVD & CANOGA AVE, LOS ANGELES, CA",ROSCOE BLVD,CANOGA AVE,140130,
-118.5051394,34.31032181,38754,8785667,2019,2019-02-04T00:00:00.000Z,1942,2019-01-13T00:00:00.000Z,30,31087,1705,7,5,7,1942,0,0,0,Q,0,17A81,SESNON BL,CONSTABLE AV,50,W,N,A,-,N,,0,0,,,0,,,,Y,3,0,1,2,A,-,8,22107,,N,A,E,A,A,H,-,C,D,0,,,,,Y,,A,1,0,1,0,0,0,0,0,0,0,- ,- ,0,0,300,1,LOS ANGELES,LOS ANGELES,CA,-118.5051394,34.31032181,"SESNON BLVD & CONSTABLE AVE, LOS ANGELES, CA",SESNON BLVD,CONSTABLE AVE,126349,
-118.3747122,34.21389389,38755,8785978,2019,2019-02-05T00:00:00.000Z,1942,2019-01-01T00:00:00.000Z,240,42309,1695,2,5,7,1942,0,0,0,P,0,16A81,FAIR AV,ARMINTA ST,0,,Y,B,-,N,,0,0,,,0,,,,Y,0,0,0,2,A,-,1,23152,A,N,B,E,A,A,H,-,C,D,0,,,,,Y,Y,A,1,0,0,0,0,0,0,0,0,0,- ,- ,0,0,300,1,LOS ANGELES,LOS ANGELES,CA,-118.3747121,34.21389389,"FAIR AVE & ARMINTA ST, LOS ANGELES, CA",FAIR AVE,ARMINTA ST,111628,
-118.5491944,34.21455002,38756,8786206,2019,2019-02-12T00:00:00.000Z,1942,2019-01-01T00:00:00.000Z,245,42296,1001,2,5,7,1942,0,0,0,J,0,10A3,VANALDEN AV,BLYTHE ST,75,S,N,A,-,N,,0,0,,,0,,,,Y,0,0,0,2,A,-,1,23152,A,N,B,E,A,A,H,-,D,D,0,,,,,Y,Y,A,1,0,0,0,0,0,0,0,0,0,- ,- ,0,0,300,1,LOS ANGELES,LOS ANGELES,CA,-118.5491944,34.21455002,"VANALDEN AVE & BLYTHE ST, LOS ANGELES, CA",VANALDEN AVE,BLYTHE ST,105299,
-118.265091,34.04380035,38757,8786923,2019,2019-02-11T00:00:00.000Z,1942,2019-01-01T00:00:00.000Z,25,43184,182,2,5,7,1942,0,0,0,A,0,1A61,FIGUEROA BL,11TH ST,57,N,N,A,-,N,,0,0,,,0,,,,N,3,0,1,2,A,-,11,21955,,N,G,B,D,A,H,-,C,A,0,Y,,,,Y,Y,N,60,0,1,0,0,1,0,0,0,0,- ,- ,0,0,300,1,LOS ANGELES,LOS ANGELES,CA,-118.265091,34.04380035,"FIGUEROA ST & 11TH ST, LOS ANGELES, CA",FIGUEROA ST,11TH ST,114084,
-118.3090322,33.9511261,38758,8787701,2019,2019-02-25T00:00:00.000Z,1942,2019-01-02T00:00:00.000Z,210,42665,1283,3,5,7,1942,0,0,0,L,0,12A73,W 94TH ST,S WESTERN AV,0,,Y,A,-,N,,0,0,,,0,,,,Y,3,0,2,2,A,-,12,22450,A,N,D,C,A,A,H,-,C,D,0,,,,,Y,,A,1,0,1,1,0,0,0,0,0,0,- ,- ,0,0,300,1,LOS ANGELES,LOS ANGELES,CA,-118.3090322,33.9511261,"94TH ST & WESTERN AVE, LOS ANGELES, CA",94TH ST,WESTERN AVE,138093,
-118.5266603,34.14644241,38760,8789703,2019,2019-02-06T00:00:00.000Z,1942,2019-01-19T00:00:00.000Z,255,41770,1094,6,5,7,1942,0,0,0,J,0,10A83,LAKE ENCINO DR,MEDLEY DR,250,S,N,A,-,N,,0,0,,,0,,,,Y,0,0,0,2,A,-,3,22350,,M,E,E,A,A,H,-,C,A,0,,,,,Y,,-,99,0,0,0,0,0,0,0,0,0,- ,- ,0,0,300,1,LOS ANGELES,LOS ANGELES,CA,-118.5266603,34.14644241,"LAKE ENCINO DR & MEDLEY DR, LOS ANGELES, CA",LAKE ENCINO DR,MEDLEY DR,122521,
-118.5011322,34.15925598,38762,8790110,2019,2019-02-20T00:00:00.000Z,1942,2019-01-20T00:00:00.000Z,45,38227,1077,7,5,7,1942,0,0,0,J,0,10X23,BALBOA,VENTURA BL,0,,Y,A,-,N,,0,0,,,0,,,,N,4,0,1,2,A,-,5,21650,,F,B,C,A,A,H,-,B,D,0,,,,,Y,,-,99,0,0,1,0,0,0,0,0,0,- ,- ,0,0,300,1,LOS ANGELES,LOS ANGELES,CA,-118.5011322,34.15925598,"BALBOA AVE & VENTURA BLVD, LOS ANGELES, CA",BALBOA AVE,VENTURA BLVD,111987,
-118.2826234,33.99328613,38763,8791701,2019,2019-02-14T00:00:00.000Z,1942,2019-01-14T00:00:00.000Z,210,41688,1219,1,5,7,1942,0,0,0,L,0,12A31,54TH ST,FIGEROA ST,30,E,N,A,-,N,,0,0,,,0,,,,N,4,0,1,2,A,-,11,21954,A,N,G,B,D,A,H,-,C,D,0,Y,,,,Y,,N,60,0,0,1,0,1,0,0,0,0,- ,- ,0,0,300,1,LOS ANGELES,LOS ANGELES,CA,-118.2826234,33.99328613,"54TH ST & FIGUEROA ST, LOS ANGELES, CA",54TH ST,FIGUEROA ST,106598,
-118.2827121,33.99966431,38764,8791737,2019,2019-02-14T00:00:00.000Z,1942,2019-01-21T00:00:00.000Z,130,43589,1209,1,5,7,1942,0,0,0,L,0,12A39,FIGUEROA,48TH ST,0,,Y,A,-,N,,0,0,,,0,,,,Y,3,0,1,2,A,-,9,21804,B,N,A,C,A,A,-,-,C,A,0,,,,,Y,,A,1,0,1,0,0,0,0,0,0,0,- ,- ,0,0,300,1,LOS ANGELES,LOS ANGELES,CA,-118.2827121,33.99966431,"FIGUEROA ST & 48TH ST, LOS ANGELES, CA",FIGUEROA ST,48TH ST,96310,
-118.2651921,33.93392563,38765,8792073,2019,2019-02-11T00:00:00.000Z,1942,2019-01-12T00:00:00.000Z,238,42496,1844,6,5,7,1942,0,0,0,R,0,18E15W,AVALON BL,111TH PL,0,,Y,A,-,N,,0,0,,,0,,,,Y,0,0,0,2,A,-,12,21453,,M,D,C,A,B,H,-,C,A,0,,,,,Y,,A,,0,0,0,0,0,0,0,0,0,- ,- ,0,0,300,1,LOS ANGELES,LOS ANGELES,CA,-118.2651921,33.93392563,"AVALON BLVD & 111TH PL, LOS ANGELES, CA",AVALON BLVD,111TH PL,141792,
-118.2877604,33.97463608,38766,8791757,2019,2019-02-14T00:00:00.000Z,1942,2019-01-27T00:00:00.000Z,250,40673,1269,7,5,7,1942,0,0,0,L,0,12A67,FLORENCE,HOOVER,200,W,N,A,-,N,,0,0,,,0,,,,N,2,0,1,2,A,-,3,22350,,N,H,I,A,A,H,-,C,D,0,,,Y,,Y,,C,2,1,0,0,0,0,0,0,0,1,- ,- ,0,0,300,1,LOS ANGELES,LOS ANGELES,CA,-118.2877604,33.97463608,"FLORENCE AVE & HOOVER ST,, CA",FLORENCE AVE,HOOVER ST,99515,
-118.4145773,34.2158432,38767,8792158,2019,2019-02-27T00:00:00.000Z,1942,2019-01-25T00:00:00.000Z,130,42457,NHWD,5,5,7,1942,0,0,0,,0,15A21,STRATHERN ST,COLDWATER CANYON,50,W,N,A,-,N,,0,0,,,0,,,,Y,0,0,0,3,A,-,8,22107,,M,B,E,A,A,H,-,C,A,0,,,,,Y,Y,D,22,0,0,0,0,0,0,0,0,0,- ,- ,0,0,300,1,LOS ANGELES,LOS ANGELES,CA,-118.4145773,34.2158432,"STRATHERN ST & COLDWATER CANYON AVE, LOS ANGELES, CA",STRATHERN ST,COLDWATER CANYON AVE,100871,
-118.2543689,33.9292717,38768,8792679,2019,2019-02-21T00:00:00.000Z,1942,2019-01-20T00:00:00.000Z,100,40032,1864,7,5,7,1942,0,0,0,R,0,1.80E+36,CENTRAL AV,IMPERIAL HWY,70,S,N,A,-,N,,0,0,,,0,,,,N,0,0,0,2,A,-,3,22350,,M,B,C,A,A,H,-,C,A,0,,,,,Y,,-,99,0,0,0,0,0,0,0,0,0,- ,- ,0,0,300,1,LOS ANGELES,LOS ANGELES,CA,-118.2543689,33.9292717,"CENTRAL AVE & IMPERIAL HWY, LOS ANGELES, CA",CENTRAL AVE,IMPERIAL HWY,96217,
-118.563402,34.22821808,38769,8792958,2019,2019-02-26T00:00:00.000Z,1942,2019-01-27T00:00:00.000Z,130,42251,1792,7,5,7,1942,0,0,0,Q,0,17A81,PARTHENIA ST,CORBIN AV,330,W,N,B,-,N,,0,0,,,0,,,,Y,3,0,1,3,A,-,1,23152,A,N,C,E,A,A,H,-,C,D,0,,,,,Y,Y,A,8,0,1,0,0,0,0,0,0,0,- ,- ,0,0,300,1,LOS ANGELES,LOS ANGELES,CA,-118.563402,34.22821808,"PARTHENIA ST & CORBIN AVE, LOS ANGELES, CA",PARTHENIA ST,CORBIN AVE,112815,
-118.3971122,34.22567368,38770,8793299,2019,2019-03-13T00:00:00.000Z,1942,2019-01-19T00:00:00.000Z,220,43298,LA168,6,5,7,1942,0,0,0,,0,16A81,LAUREL CANYON BL,WEBB ST,0,,Y,A,-,N,,0,0,,,0,,,,Y,3,0,3,2,A,-,12,21453,A,N,C,C,A,A,H,-,C,A,0,,,,,Y,,A,1,0,2,1,0,0,0,0,0,0,- ,- ,0,0,300,1,LOS ANGELES,LOS ANGELES,CA,-118.3971122,34.22567368,"LAUREL CANYON BLVD & WEBB AVE, LOS ANGELES, CA",LAUREL CANYON BLVD,WEBB AVE,129152,
-118.4568422,34.28499603,38771,8793302,2019,2019-02-27T00:00:00.000Z,1942,2019-01-27T00:00:00.000Z,5,40353,1924,7,5,7,1942,0,0,0,,0,19A1,HUBBARD ST,PEARWOOD AV,0,,Y,A,-,N,,0,0,,,0,,,,Y,4,0,2,2,A,-,9,21802,A,N,D,C,A,-,H,-,C,D,0,,,,,Y,,A,1,0,0,2,0,0,0,0,0,0,- ,- ,0,0,300,1,LOS ANGELES,LOS ANGELES,CA,-118.4568422,34.28499603,"HUBBARD ST & PEARWOOD AVE, LOS ANGELES, CA",HUBBARD ST,PEARWOOD AVE,97787,
-118.4535622,34.22147369,38772,8793314,2019,2019-02-27T00:00:00.000Z,1942,2019-01-20T00:00:00.000Z,15,42383,LOS A,7,5,7,1942,0,0,0,,0,19X62,CEDROS ST,ROSCOE BL,0,,Y,A,-,N,,0,0,,,0,,,,Y,4,0,1,3,A,-,12,22450,,N,B,C,A,A,H,-,C,D,0,,,,,Y,,-,- ,0,0,1,0,0,0,0,0,0,- ,- ,0,0,300,1,LOS ANGELES,LOS ANGELES,CA,-118.4535622,34.22147369,"CEDROS AVE & ROSCOE BLVD, LOS ANGELES, CA",CEDROS AVE,ROSCOE BLVD,101424,