X,Y,OBJECTID,case_id,accident_year,proc_date,juris,collision_date,collision_time,officer_id,reporting_district,day_of_week,chp_shift,population,cnty_city_loc,special_cond,beat_type,chp_beat_type,city_division_lapd,chp_beat_class,beat_number,primary_rd,secondary_rd,distance,direction,intersection,weather_1,weather_2,state_hwy_ind,caltrans_county,caltrans_district,state_route,route_suffix,postmile_prefix,postmile,location_type,ramp_intersection,side_of_hwy,tow_away,collision_severity,number_killed,number_injured,party_count,primary_coll_factor,pcf_code_of_viol,pcf_viol_category,pcf_violation,pcf_viol_subsection,hit_and_run,type_of_collision,mviw,ped_action,road_surface,road_cond_1,road_cond_2,lighting,control_device,chp_road_type,pedestrian_accident,bicycle_accident,motorcycle_accident,truck_accident,not_private_property,alcohol_involved,stwd_vehtype_at_fault,chp_vehtype_at_fault,count_severe_inj,count_visible_inj,count_complaint_pain,count_ped_killed,count_ped_injured,count_bicyclist_killed,count_bicyclist_injured,count_mc_killed,count_mc_injured,primary_ramp,secondary_ramp,latitude,longitude,timecat,month_,city,county,state,point_x,point_y,match_addr,m_primaryrd,m_secondrd,int_id,Flag
-118.4676322,34.23167419,38773,8793360,2019,2019-02-27T00:00:00.000Z,1942,2019-01-14T00:00:00.000Z,200,42760,1982,1,5,7,1942,0,0,0,,0,19A93,SEPULVEDA BL,PARTHENIA PL,0,,Y,A,-,N,,0,0,,,0,,,,Y,3,0,1,2,A,-,9,21801,A,N,D,C,A,A,H,-,C,D,0,,,,,Y,,A,1,0,1,0,0,0,0,0,0,0,- ,- ,0,0,300,1,LOS ANGELES,LOS ANGELES,CA,-118.4676322,34.23167419,"SEPULVEDA BLVD & PARTHENIA PL, LOS ANGELES, CA",SEPULVEDA BLVD,PARTHENIA PL,116100,
-118.5770171,34.22991943,38774,8793450,2019,2019-02-26T00:00:00.000Z,1942,2019-01-27T00:00:00.000Z,50,42051,1781,7,5,7,1942,0,0,0,Q,0,17A81,ACRE ST,OSO AV,480,W,N,A,-,N,,0,0,,,0,,,,N,0,0,0,3,A,-,8,22107,,M,B,E,A,A,H,-,C,D,0,,,,,Y,,-,99,0,0,0,0,0,0,0,0,0,- ,- ,0,0,300,1,LOS ANGELES,LOS ANGELES,CA,-118.5770171,34.22991943,"ACRE ST & OSO AVE, LOS ANGELES, CA",ACRE ST,OSO AVE,123270,
-118.3892379,33.95331192,38775,8793608,2019,2019-03-07T00:00:00.000Z,1942,2019-01-18T00:00:00.000Z,130,38090,1495,5,5,7,1942,0,0,0,N,0,14T47,JENNY AV,WESTCHESTER PKWY,250,N,N,A,-,N,,0,0,,,0,,,,N,4,0,1,2,A,-,6,21750,A,N,B,C,A,A,H,-,C,A,0,,,Y,,Y,,C,2,0,0,1,0,0,0,0,0,1,- ,- ,0,0,300,1,LOS ANGELES,LOS ANGELES,CA,-118.3892379,33.95331192,"JENNY AVE & WESTCHESTER PKY, LOS ANGELES, CA",JENNY AVE,WESTCHESTER PKY,944,
-118.2916705,34.06515122,38776,8793648,2019,2019-03-01T00:00:00.000Z,1942,2019-01-21T00:00:00.000Z,150,43461,2026,1,5,7,1942,0,0,0,,0,20A71,VERMONT AV,5TH ST,100,S,N,A,-,N,,0,0,,,0,,,,Y,0,0,0,2,A,-,1,23152,B,N,C,C,A,A,H,-,C,D,0,,,,,Y,Y,A,1,0,0,0,0,0,0,0,0,0,- ,- ,0,0,300,1,LOS ANGELES,LOS ANGELES,CA,-118.2916705,34.06515121,"VERMONT AVE & 5TH ST, LOS ANGELES, CA",VERMONT AVE,5TH ST,149946,
-118.2906996,33.9300499,38777,8793846,2019,2019-02-28T00:00:00.000Z,1942,2019-01-03T00:00:00.000Z,155,43401,1861,4,5,7,1942,0,0,0,R,0,18A97,115TH ST,VERMONT AV,250,E,-,A,-,N,,0,0,,,0,,,,N,0,0,0,2,A,-,3,22350,,M,A,C,A,A,H,-,C,D,0,,,,,Y,,-,99,0,0,0,0,0,0,0,0,0,- ,- ,0,0,300,1,LOS ANGELES,LOS ANGELES,CA,-118.2906996,33.9300499,"115TH ST & VERMONT AVE, LOS ANGELES, CA",115TH ST,VERMONT AVE,99744,
-118.2869621,33.95507431,38778,8793854,2019,2019-02-28T00:00:00.000Z,1942,2019-01-05T00:00:00.000Z,200,41801,1801,6,5,7,1942,0,0,0,R,0,18A44,HOOVER,90TH ST,0,N,N,A,-,N,,0,0,,,0,,,,Y,0,0,0,3,A,-,3,22350,,N,C,C,A,A,-,-,C,D,0,,,,,Y,,A,1,0,0,0,0,0,0,0,0,0,- ,- ,0,0,300,1,LOS ANGELES,LOS ANGELES,CA,-118.2869621,33.95507431,"HOOVER ST & 90TH ST, LOS ANGELES, CA",HOOVER ST,90TH ST,134728,
-118.2695175,33.96720123,38779,8793913,2019,2019-02-27T00:00:00.000Z,1942,2019-01-02T00:00:00.000Z,115,40325,1259,3,5,7,1942,0,0,0,L,0,12A69,SAN PEDRO ST,80TH ST,68,N,N,A,-,N,,0,0,,,0,,,,Y,0,0,0,2,A,-,8,22107,,M,B,E,A,A,H,-,C,A,0,,,,,Y,,A,1,0,0,0,0,0,0,0,0,0,- ,- ,0,0,300,1,LOS ANGELES,LOS ANGELES,CA,-118.2695175,33.96720123,"SAN PEDRO ST & 80TH ST, LOS ANGELES, CA",SAN PEDRO ST,80TH ST,103152,
-118.4623031,33.99871445,38780,8794098,2019,2019-02-07T00:00:00.000Z,1942,2019-01-15T00:00:00.000Z,1,42273,1415,2,5,7,1942,0,0,0,N,0,14A25,LINCOLN BL,LAKE ST,137,S,N,A,-,N,,0,0,,,0,,,,N,2,0,1,2,A,-,11,21954,A,N,G,B,E,B,H,-,C,A,0,Y,,,,Y,,N,60,1,0,0,0,1,0,0,0,0,- ,- ,0,0,300,1,LOS ANGELES,LOS ANGELES,CA,-118.4623031,33.99871445,"LINCOLN BLVD & LAKE ST, LOS ANGELES, CA",LINCOLN BLVD,LAKE ST,100176,
-118.3333621,34.1019249,38781,8796338,2019,2019-02-26T00:00:00.000Z,1942,2019-01-26T00:00:00.000Z,200,39022,636,6,5,7,1942,0,0,0,F,0,6A15,WHITLEY AV,HOLLYWOOD BL,128,N,N,A,-,N,,0,0,,,0,,,,N,0,0,0,2,A,-,21,22106,,N,H,E,A,A,H,-,C,D,0,,,,,Y,,A,1,0,0,0,0,0,0,0,0,0,- ,- ,0,0,300,1,LOS ANGELES,LOS ANGELES,CA,-118.3333622,34.1019249,"WHITLEY AVE & HOLLYWOOD BLVD, LOS ANGELES, CA",WHITLEY AVE,HOLLYWOOD BLVD,140900,
-118.2916621,34.06369019,38782,8796360,2019,2019-02-25T00:00:00.000Z,1942,2019-01-20T00:00:00.000Z,30,41210,2027,7,5,7,1942,0,0,0,,0,8TL35,VERMONT AV,6TH ST,28,N,N,A,-,N,,0,0,,,0,,,,N,0,0,0,2,A,-,11,21453,D,N,G,B,D,A,H,-,C,A,0,Y,,,,Y,,N,60,0,0,0,0,0,0,0,0,0,- ,- ,0,0,300,1,LOS ANGELES,LOS ANGELES,CA,-118.2916621,34.06369019,"VERMONT AVE & 6TH ST, LOS ANGELES, CA",VERMONT AVE,6TH ST,104248,
-118.3704822,34.16491318,38783,8796459,2019,2019-02-13T00:00:00.000Z,1942,2019-01-25T00:00:00.000Z,20,42565,1555,5,5,7,1942,0,0,0,O,0,15A67,VINELAND AV,MAGNOLIA BL,0,,Y,A,-,N,,0,0,,,0,,,,Y,4,0,2,2,A,-,12,21453,A,F,D,C,A,A,H,-,C,A,0,,,,,Y,,A,1,0,0,2,0,0,0,0,0,0,- ,- ,0,0,300,1,LOS ANGELES,LOS ANGELES,CA,-118.3704822,34.16491318,"VINELAND AVE & MAGNOLIA BLVD, LOS ANGELES, CA",VINELAND AVE,MAGNOLIA BLVD,105855,
-118.3236321,33.99556351,38784,8796825,2019,2019-02-15T00:00:00.000Z,1942,2019-01-20T00:00:00.000Z,45,42793,392,7,5,7,1942,0,0,0,,0,3A73W3,6TH AV,52ND ST,200,N,N,A,-,N,,0,0,,,0,,,,Y,0,0,0,2,A,-,3,22350,,M,C,E,A,A,H,-,C,A,0,,,,,Y,Y,A,1,0,0,0,0,0,0,0,0,0,- ,- ,0,0,300,1,LOS ANGELES,LOS ANGELES,CA,-118.3236321,33.99556351,"6TH AVE & 52ND ST, LOS ANGELES, CA",6TH AVE,52ND ST,113794,
-118.4186621,34.061306,38785,8796831,2019,2019-02-14T00:00:00.000Z,1942,2019-01-12T00:00:00.000Z,205,43011,839,6,5,7,1942,0,0,0,H,0,8A29,SANTA MONICA BL,AVE OF THE STAR,0,,Y,C,-,N,,0,0,,,0,,,,Y,0,0,0,1,A,-,3,22350,,M,E,I,A,B,H,-,C,A,0,,,,,Y,,A,1,0,0,0,0,0,0,0,0,0,- ,- ,0,0,300,1,LOS ANGELES,LOS ANGELES,CA,-118.4186621,34.061306,"SANTA MONICA BLVD & AVE OF THE STARS, LOS ANGELES, CA",SANTA MONICA BLVD,AVE OF THE STARS,109272,
-118.2142501,34.06742859,38786,8796832,2019,2019-02-14T00:00:00.000Z,1942,2019-01-16T00:00:00.000Z,200,36365,423,3,5,7,1942,0,0,0,,0,4A9,WORKMAN ST,DARWIN ST,39,S,N,C,-,N,,0,0,,,0,,,,N,0,0,0,2,A,-,3,22350,,N,C,E,A,B,H,-,-,A,0,,,,,Y,Y,A,1,0,0,0,0,0,0,0,0,0,- ,- ,0,0,300,1,LOS ANGELES,LOS ANGELES,CA,-118.2142501,34.06742859,"WORKMAN ST & DARWIN AVE, LOS ANGELES, CA",WORKMAN ST,DARWIN AVE,146405,
-118.2152162,34.03515625,38787,8796863,2019,2019-02-13T00:00:00.000Z,1942,2019-01-17T00:00:00.000Z,225,25115,477,4,5,7,1942,0,0,0,D,0,4A71,S SOTO ST,ROGERS AV,62,N,N,C,-,N,,0,0,,,0,,,,Y,0,0,0,2,A,-,5,21650,,N,A,E,A,B,H,-,C,D,0,,,,,Y,,A,1,0,0,0,0,0,0,0,0,0,- ,- ,0,0,300,1,LOS ANGELES,LOS ANGELES,CA,-118.2152162,34.03515625,"SOTO ST & ROGERS AVE, LOS ANGELES, CA",SOTO ST,ROGERS AVE,135052,
-118.2632821,34.02244568,38788,8796867,2019,2019-02-13T00:00:00.000Z,1942,2019-01-13T00:00:00.000Z,140,41571,1322,7,5,7,1942,0,0,0,M,0,13A13,ADAMS,TRENITY,0,,Y,B,-,N,,0,0,,,0,,,,N,0,0,0,3,A,-,3,22350,A,N,C,E,A,B,H,-,C,A,0,,,,,Y,,A,1,0,0,0,0,0,0,0,0,0,- ,- ,0,0,300,1,LOS ANGELES,LOS ANGELES,CA,-118.2632821,34.02244568,"ADAMS BLVD & TRINITY ST,, CA",ADAMS BLVD,TRINITY ST,149021,
-118.2350934,33.94823456,38789,8797641,2019,2019-02-12T00:00:00.000Z,1942,2019-01-24T00:00:00.000Z,200,38726,1826,4,5,7,1942,0,0,0,R,0,18A49,97TH ST,E HICKORY,30,E,N,A,-,N,,0,0,,,0,,,,N,0,0,0,1,C,-,18,0,,N,H,I,A,A,A,-,C,D,0,,,,,Y,,-,- ,0,0,0,0,0,0,0,0,0,- ,- ,0,0,300,1,LOS ANGELES,LOS ANGELES,CA,-118.2350934,33.94823456,"97TH ST & HICKORY ST, LOS ANGELES, CA",97TH ST,HICKORY ST,124389,
-118.3840626,34.12192917,38790,8798116,2019,2019-02-08T00:00:00.000Z,1942,2019-01-19T00:00:00.000Z,230,42501,632,6,5,7,1942,0,0,0,F,0,6A67,MULHOLLAND DR,LAUREL CANYON,300,W,N,A,-,N,,0,0,,,0,,,,Y,4,0,3,1,A,-,3,22350,,N,-,A,A,A,-,-,D,D,0,,,,,Y,,A,1,0,0,3,0,0,0,0,0,0,- ,- ,0,0,300,1,LOS ANGELES,LOS ANGELES,CA,-118.3840626,34.12192917,"MULHOLLAND DR & LAUREL PASS, LOS ANGELES, CA",MULHOLLAND DR,LAUREL PASS,100674,
-118.1859521,34.09305573,38791,8798118,2019,2019-02-13T00:00:00.000Z,1942,2019-01-02T00:00:00.000Z,110,35291,407,3,5,7,1942,0,0,0,D,0,4A3,VIA MARISOL,VIA MIA,0,,Y,A,-,N,,0,0,,,0,,,,N,0,0,0,1,A,-,1,23152,A,N,E,I,A,A,H,-,C,D,0,,,,,Y,Y,A,1,0,0,0,0,0,0,0,0,0,- ,- ,0,0,300,1,LOS ANGELES,LOS ANGELES,CA,-118.1859521,34.09305573,"VIA MARISOL & VIA MIA, LOS ANGELES, CA",VIA MARISOL,VIA MIA,114747,
-118.3659421,34.10797501,38792,8798137,2019,2019-02-13T00:00:00.000Z,1942,2019-01-01T00:00:00.000Z,234,43389,RD062,2,5,7,1942,0,0,0,,0,7.00E+03,MOUNT OLYMPUS DR,ELECTRA DR,0,,Y,A,-,N,,0,0,,,0,,,,N,0,0,0,2,A,-,1,23152,A,M,C,C,A,A,H,-,C,A,0,,,,,Y,Y,A,7,0,0,0,0,0,0,0,0,0,- ,- ,0,0,300,1,LOS ANGELES,LOS ANGELES,CA,-118.3659421,34.10797501,"MOUNT OLYMPUS DR & ELECTRA DR, LOS ANGELES, CA",MOUNT OLYMPUS DR,ELECTRA DR,128715,
-118.3240404,34.09075165,38793,8798141,2019,2019-02-13T00:00:00.000Z,1942,2019-01-28T00:00:00.000Z,125,41054,656,1,5,7,1942,0,0,0,F,0,6A77,SANTA MONICA BL,EL CENTRO AV,134,E,N,A,-,N,,0,0,,,0,,,,Y,0,0,0,3,A,-,3,22350,,M,B,E,A,A,H,-,C,D,0,,,,,Y,,A,1,0,0,0,0,0,0,0,0,0,- ,- ,0,0,300,1,LOS ANGELES,LOS ANGELES,CA,-118.3240404,34.09075165,"SANTA MONICA BLVD & EL CENTRO AVE, LOS ANGELES, CA",SANTA MONICA BLVD,EL CENTRO AVE,149764,
-118.3003968,34.02188492,38794,8798142,2019,2019-02-13T00:00:00.000Z,1942,2019-01-26T00:00:00.000Z,100,37724,356,6,5,7,1942,0,0,0,C,0,3A55,W 36TH PL,NORMANDIE AV,50,W,N,A,-,N,,0,0,,,0,,,,N,0,0,0,3,A,-,3,22350,,M,B,E,A,A,H,-,C,D,0,,,,,Y,,-,99,0,0,0,0,0,0,0,0,0,- ,- ,0,0,300,1,LOS ANGELES,LOS ANGELES,CA,-118.3003968,34.02188492,"36TH PL & NORMANDIE AVE, LOS ANGELES, CA",36TH PL,NORMANDIE AVE,141903,
-118.3001921,33.9968071,38795,8798146,2019,2019-02-13T00:00:00.000Z,1942,2019-01-22T00:00:00.000Z,55,35393,1205,2,5,7,1942,0,0,0,L,0,12A3,NORMANDIE AV,51ST ST,25,S,N,A,-,N,,0,0,,,0,,,,Y,0,0,0,1,A,-,3,22350,,N,E,I,A,A,H,-,C,D,0,,,,,Y,,A,1,0,0,0,0,0,0,0,0,0,- ,- ,0,0,300,1,LOS ANGELES,LOS ANGELES,CA,-118.3001921,33.9968071,"NORMANDIE AVE & 51ST ST, LOS ANGELES, CA",NORMANDIE AVE,51ST ST,103305,
-118.3281921,34.10160446,38796,8798156,2019,2019-02-08T00:00:00.000Z,1942,2019-01-01T00:00:00.000Z,10,43330,646,2,5,7,1942,0,0,0,F,0,6FB315,IVAR,HOLLYWOOD,0,,Y,A,-,N,,0,0,,,0,,,,N,3,0,5,2,A,-,9,21801,A,N,D,C,A,A,H,-,C,A,0,,,,,Y,,A,1,0,2,3,0,0,0,0,0,0,- ,- ,0,0,300,1,LOS ANGELES,LOS ANGELES,CA,-118.3281921,34.10160446,"IVAR AVE & HOLLYWOOD BLVD, LOS ANGELES, CA",IVAR AVE,HOLLYWOOD BLVD,118377,
-118.4362854,34.22611618,38797,8798202,2019,2019-02-08T00:00:00.000Z,1942,2019-01-01T00:00:00.000Z,210,43292,1987,2,5,7,1942,0,0,0,,0,19A85,CANTALOUPE AV,CHASE ST,250,S,N,A,-,N,,0,0,,,0,,,,Y,3,0,1,3,A,-,1,23152,A,N,B,E,A,A,H,-,C,D,0,,,,,Y,Y,A,1,0,1,0,0,0,0,0,0,0,- ,- ,0,0,300,1,LOS ANGELES,LOS ANGELES,CA,-118.4362854,34.22611618,"CANTALOUPE AVE & CHASE ST, LOS ANGELES, CA",CANTALOUPE AVE,CHASE ST,139854,
-118.5797722,34.20832443,38798,8798210,2019,2019-02-08T00:00:00.000Z,1942,2019-01-29T00:00:00.000Z,40,37613,2138,2,5,7,1942,0,0,0,,0,21A29,SATICOY ST,MASON AV,0,,Y,A,-,N,,0,0,,,0,,,,Y,3,0,2,2,A,-,1,23152,A,N,D,C,A,A,H,-,C,A,0,,,,,Y,Y,A,1,0,2,0,0,0,0,0,0,0,- ,- ,0,0,300,1,LOS ANGELES,LOS ANGELES,CA,-118.5797722,34.20832443,"SATICOY ST & MASON AVE, LOS ANGELES, CA",SATICOY ST,MASON AVE,129581,
-118.2497023,34.04738236,38799,8798243,2019,2019-02-13T00:00:00.000Z,1942,2019-01-20T00:00:00.000Z,35,41956,154,7,5,7,1942,0,0,0,A,0,1A12,SPRING ST,5TH ST,10,S,N,A,-,N,,0,0,,,0,,,,N,3,0,1,2,A,-,10,21950,A,F,G,B,B,A,H,-,C,A,0,Y,,,,Y,Y,-,99,0,1,0,0,1,0,0,0,0,- ,- ,0,0,300,1,LOS ANGELES,LOS ANGELES,CA,-118.2497023,34.04738235,"SPRING ST & 5TH ST, LOS ANGELES, CA",SPRING ST,5TH ST,107013,
-118.1814621,34.11440659,38800,8798360,2019,2019-02-12T00:00:00.000Z,1942,2019-01-06T00:00:00.000Z,110,36807,1128,7,5,7,1942,0,0,0,K,0,11A25,AVENUE 64,YORK BL,0,,Y,C,-,N,,0,0,,,0,,,,N,0,0,0,2,A,-,1,23152,A,N,A,C,A,B,H,-,C,A,0,,,,,Y,Y,-,- ,0,0,0,0,0,0,0,0,0,- ,- ,0,0,300,1,LOS ANGELES,LOS ANGELES,CA,-118.1814621,34.11440659,"AVE 64 & YORK BLVD, LOS ANGELES, CA",AVE 64,YORK BLVD,100192,
-118.4451448,34.23997116,38801,8798726,2019,2019-02-21T00:00:00.000Z,1942,2019-01-24T00:00:00.000Z,200,43594,1966,4,5,7,1942,0,0,0,,0,19A7,LIGGETT ST,E SYLMAR AV,414,E,N,A,-,N,,0,0,,,0,,,,Y,0,0,0,2,A,-,3,22350,,M,D,E,A,A,H,-,C,D,0,,,,,Y,,A,1,0,0,0,0,0,0,0,0,0,- ,- ,0,0,300,1,LOS ANGELES,LOS ANGELES,CA,-118.4451448,34.23997116,"LIGGETT ST & SYLMAR AVE, LOS ANGELES, CA",LIGGETT ST,SYLMAR AVE,108600,
-118.2695621,33.92555618,38802,8799619,2019,2019-02-25T00:00:00.000Z,1942,2019-01-20T00:00:00.000Z,250,41870,1863,7,5,7,1942,0,0,0,R,0,18A63,E 118TH PL,SAN PEDRO ST,1,S,N,A,-,N,,0,0,,,0,,,,N,2,0,1,2,A,-,10,21950,A,N,G,B,B,A,H,-,C,D,0,Y,,,,Y,,-,99,1,0,0,0,1,0,0,0,0,- ,- ,0,0,300,1,LOS ANGELES,LOS ANGELES,CA,-118.2695621,33.92555618,"118TH PL & SAN PEDRO ST, LOS ANGELES, CA",118TH PL,SAN PEDRO ST,138200,
-118.2521522,34.00924301,38803,8799680,2019,2019-02-25T00:00:00.000Z,1942,2019-01-04T00:00:00.000Z,120,41629,1345,5,5,7,1942,0,0,0,M,0,13A27,HOOPER AV,E 41ST ST,0,,Y,A,-,N,,0,0,,,0,,,,Y,4,0,1,2,A,-,12,21453,A,N,D,C,A,A,H,-,C,A,0,,,,,Y,,-,- ,0,0,1,0,0,0,0,0,0,- ,- ,0,0,300,1,LOS ANGELES,LOS ANGELES,CA,-118.2521522,34.00924301,"HOOPER AVE & 41ST ST, LOS ANGELES, CA",HOOPER AVE,41ST ST,131421,
-118.4257898,34.25827789,38804,8799875,2019,2019-03-12T00:00:00.000Z,1942,2019-01-24T00:00:00.000Z,230,41857,1642,4,5,7,1942,0,0,0,P,0,16,HADDON AV,PIERCE,40,N,-,A,-,N,,0,0,,,0,,,,Y,0,0,0,3,A,-,8,22107,,M,B,E,A,A,H,-,C,D,0,,,,,Y,,A,1,0,0,0,0,0,0,0,0,0,- ,- ,0,0,300,1,LOS ANGELES,LOS ANGELES,CA,-118.4257898,34.25827789,"HADDON AVE & PIERCE ST, LOS ANGELES, CA",HADDON AVE,PIERCE ST,133491,
-118.4661722,34.15758514,38805,8800334,2019,2019-03-06T00:00:00.000Z,1942,2019-01-26T00:00:00.000Z,100,42280,LAPD,6,5,7,1942,0,0,0,,0,9A19,CAMARILLO,SEPULVEDA,0,,Y,A,-,N,,0,0,,,0,,,,N,3,0,1,2,A,-,- ,0,,F,G,B,E,A,-,-,C,A,0,Y,,,,Y,,-,99,0,1,0,0,1,0,0,0,0,- ,- ,0,0,300,1,LOS ANGELES,LOS ANGELES,CA,-118.4661722,34.15758514,"CAMARILLO ST & SEPULVEDA BLVD, LOS ANGELES, CA",CAMARILLO ST,SEPULVEDA BLVD,105850,
-118.2520421,34.11356354,38806,8801894,2019,2019-03-06T00:00:00.000Z,1942,2019-01-17T00:00:00.000Z,10,43208,LAPD,4,5,7,1942,0,0,0,,0,11A1,PERLITA AV,MINNEAPOLIS,0,,Y,C,-,N,,0,0,,,0,,,,Y,0,0,0,2,A,-,3,22350,,M,A,E,A,B,H,-,C,D,0,,,,,Y,,-,99,0,0,0,0,0,0,0,0,0,- ,- ,0,0,300,1,LOS ANGELES,LOS ANGELES,CA,-118.2520421,34.11356354,"PERLITA AVE & MINNEAPOLIS ST, LOS ANGELES, CA",PERLITA AVE,MINNEAPOLIS ST,125037,
-118.4687339,34.18665314,38807,8801904,2019,2019-03-06T00:00:00.000Z,1942,2019-01-19T00:00:00.000Z,20,38185,931,6,5,7,1942,0,0,0,I,0,9A23,VICTORY BL,LANGDON AV,54,E,N,B,-,N,,0,0,,,0,,,,Y,3,0,1,1,A,-,1,23152,A,N,E,I,A,A,H,-,C,A,0,,,,,Y,Y,D,22,0,1,0,0,0,0,0,0,0,- ,- ,0,0,300,1,LOS ANGELES,LOS ANGELES,CA,-118.4687339,34.18665314,"VICTORY BLVD & LANGDON AVE, LOS ANGELES, CA",VICTORY BLVD,LANGDON AVE,126759,
-118.2639421,33.79917526,38808,8803645,2019,2019-03-07T00:00:00.000Z,1942,2019-01-23T00:00:00.000Z,45,41167,515,3,5,7,1942,0,0,0,E,0,5A15,LOMITA BL,AVALON BL,0,,Y,A,-,N,,0,0,,,0,,,,Y,4,0,1,2,A,-,3,22350,,N,C,D,A,A,H,-,C,A,0,,,,,Y,,A,1,0,0,1,0,0,0,0,0,0,- ,- ,0,0,300,1,LOS ANGELES,LOS ANGELES,CA,-118.2639421,33.79917526,"LOMITA BLVD & AVALON BLVD, LOS ANGELES, CA",LOMITA BLVD,AVALON BLVD,110296,
-118.4659942,34.21207428,38809,8803923,2019,2019-03-01T00:00:00.000Z,1942,2019-01-28T00:00:00.000Z,30,42818,901,1,5,7,1942,0,0,0,I,0,9A5,STAGG ST,SEPULVEDA BL,63,E,N,A,-,N,,0,0,,,0,,,,N,0,0,0,2,A,-,21,22106,,N,H,E,A,A,H,-,C,D,0,,,,,Y,,A,7,0,0,0,0,0,0,0,0,0,- ,- ,0,0,300,1,LOS ANGELES,LOS ANGELES,CA,-118.4659942,34.21207428,"STAGG ST & SEPULVEDA BLVD, LOS ANGELES, CA",STAGG ST,SEPULVEDA BLVD,112046,
-118.269745,34.11094666,38810,8804609,2019,2019-04-08T00:00:00.000Z,1942,2019-01-23T00:00:00.000Z,250,40730,1132,3,5,7,1942,0,0,0,K,0,11A1,HYPERION AV,ETTRICK ST,122,N,N,A,-,N,,0,0,,,0,,,,Y,3,0,2,2,A,-,8,22103,,N,A,C,A,A,H,-,C,A,0,,,,,Y,,A,1,0,1,1,0,0,0,0,0,0,- ,- ,0,0,300,1,LOS ANGELES,LOS ANGELES,CA,-118.269745,34.11094666,"HYPERION AVE & ETTRICK ST, LOS ANGELES, CA",HYPERION AVE,ETTRICK ST,130246,
-118.3004972,34.0435257,38811,8804852,2019,2019-02-19T00:00:00.000Z,1942,2019-01-21T00:00:00.000Z,25,41054,2074,1,5,7,1942,0,0,0,,0,20A71,S NORMANDIE AV,VENICE BL,73,S,N,A,-,N,,0,0,,,0,,,,Y,3,0,1,2,A,-,4,21703,,N,C,C,A,A,H,-,C,D,0,,,,,Y,,A,7,0,1,0,0,0,0,0,0,0,- ,- ,0,0,300,1,LOS ANGELES,LOS ANGELES,CA,-118.3004972,34.0435257,"NORMANDIE AVE & VENICE BLVD, LOS ANGELES, CA",NORMANDIE AVE,VENICE BLVD,128083,
-118.5772322,34.17131424,38812,8805145,2019,2019-02-26T00:00:00.000Z,1942,2019-01-03T00:00:00.000Z,100,37080,,4,5,7,1942,0,0,0,,0,,CLARK ST,OSO AV,0,,Y,B,-,N,,0,0,,,0,,,,N,0,0,0,1,A,-,12,22450,A,M,E,I,A,A,H,-,C,-,0,,,,,Y,,-,99,0,0,0,0,0,0,0,0,0,- ,- ,0,0,300,1,LOS ANGELES,LOS ANGELES,CA,-118.5772322,34.17131424,"CLARK ST & OSO AVE, LOS ANGELES, CA",CLARK ST,OSO AVE,111597,
-118.5712222,34.24275589,38813,8805222,2019,2019-02-27T00:00:00.000Z,1942,2019-01-18T00:00:00.000Z,25,42251,1772,5,5,7,1942,0,0,0,Q,0,17A81,PLUMMER ST,WINNETKA AV,0,,Y,B,-,N,,0,0,,,0,,,,N,4,0,2,2,A,-,12,21453,A,N,D,C,A,A,H,-,D,A,0,,,,,Y,,A,7,0,0,2,0,0,0,0,0,0,- ,- ,0,0,300,1,LOS ANGELES,LOS ANGELES,CA,-118.5712222,34.24275589,"PLUMMER ST & WINNETKA AVE, LOS ANGELES, CA",PLUMMER ST,WINNETKA AVE,98705,
-118.5690411,34.20832825,38814,8805226,2019,2019-02-27T00:00:00.000Z,1942,2019-01-28T00:00:00.000Z,215,35410,2139,1,5,7,1942,0,0,0,,0,21A43,SATICOY ST,WINNETKA AV,600,E,N,A,-,N,,0,0,,,0,,,,Y,3,0,1,4,A,-,4,21703,,F,C,C,A,A,H,-,C,D,0,,,,,Y,,-,99,0,1,0,0,0,0,0,0,0,- ,- ,0,0,300,1,LOS ANGELES,LOS ANGELES,CA,-118.5690411,34.20832825,"SATICOY ST & WINNETKA AVE, LOS ANGELES, CA",SATICOY ST,WINNETKA AVE,143571,
-118.5884943,34.21183777,38815,8805517,2019,2019-02-21T00:00:00.000Z,1942,2019-01-26T00:00:00.000Z,30,40353,2126,6,5,7,1942,0,0,0,,0,21A5,DE SOTO AV,INGOMAR ST,39,S,N,A,-,N,,0,0,,,0,,,,Y,4,0,3,2,A,-,3,22350,,N,C,C,A,A,H,-,C,A,0,,,,,Y,,A,7,0,0,3,0,0,0,0,0,0,- ,- ,0,0,300,1,LOS ANGELES,LOS ANGELES,CA,-118.5884943,34.21183777,"DE SOTO AVE & INGOMAR ST, LOS ANGELES, CA",DE SOTO AVE,INGOMAR ST,136550,