X,Y,OBJECTID,case_id,accident_year,proc_date,juris,collision_date,collision_time,officer_id,reporting_district,day_of_week,chp_shift,population,cnty_city_loc,special_cond,beat_type,chp_beat_type,city_division_lapd,chp_beat_class,beat_number,primary_rd,secondary_rd,distance,direction,intersection,weather_1,weather_2,state_hwy_ind,caltrans_county,caltrans_district,state_route,route_suffix,postmile_prefix,postmile,location_type,ramp_intersection,side_of_hwy,tow_away,collision_severity,number_killed,number_injured,party_count,primary_coll_factor,pcf_code_of_viol,pcf_viol_category,pcf_violation,pcf_viol_subsection,hit_and_run,type_of_collision,mviw,ped_action,road_surface,road_cond_1,road_cond_2,lighting,control_device,chp_road_type,pedestrian_accident,bicycle_accident,motorcycle_accident,truck_accident,not_private_property,alcohol_involved,stwd_vehtype_at_fault,chp_vehtype_at_fault,count_severe_inj,count_visible_inj,count_complaint_pain,count_ped_killed,count_ped_injured,count_bicyclist_killed,count_bicyclist_injured,count_mc_killed,count_mc_injured,primary_ramp,secondary_ramp,latitude,longitude,timecat,month_,city,county,state,point_x,point_y,match_addr,m_primaryrd,m_secondrd,int_id,Flag
-118.5011322,34.19751358,35216,8818305,2019,2019-03-21T00:00:00.000Z,1942,2019-02-11T00:00:00.000Z,1325,41630,1028,1,5,7,1942,0,0,0,J,0,10X44,HART ST,BALBOA BL,0,,Y,A,-,N,,0,0,,,0,,,,N,3,0,1,2,A,-,21,22106,,F,-,G,A,A,H,-,A,A,0,,Y,,,Y,,-,99,0,1,0,0,0,0,1,0,0,- ,- ,0,0,1500,2,LOS ANGELES,LOS ANGELES,CA,-118.5011322,34.19751358,"HART ST & BALBOA BLVD, LOS ANGELES, CA",HART ST,BALBOA BLVD,116033,
-118.2953321,33.85826492,35217,8794031,2019,2019-03-04T00:00:00.000Z,1942,2019-02-12T00:00:00.000Z,1720,43354,505,2,5,7,1942,0,0,0,E,0,5A1,190TH ST,PACIFIC GATEWAY DR,0,,Y,A,-,N,,0,0,,,0,,,,N,4,0,1,2,A,-,3,22350,A,F,-,G,A,A,H,-,C,A,0,,Y,,,Y,,-,99,0,0,1,0,0,0,1,0,0,- ,- ,0,0,1800,2,LOS ANGELES,LOS ANGELES,CA,-118.2953321,33.85826492,"190TH ST & PACIFIC GATEWAY DR, LOS ANGELES, CA",190TH ST,PACIFIC GATEWAY DR,141809,
-118.2799126,34.01108551,35218,8847771,2019,2019-04-23T00:00:00.000Z,1942,2019-02-18T00:00:00.000Z,1645,40882,1341,1,5,7,1942,0,0,0,M,0,13A13,MARTIN LUTHER KING BL,HILL ST,12,E,N,A,-,N,,0,0,,,0,,,,N,3,0,1,2,A,-,9,21801,A,N,-,G,A,A,H,-,A,A,0,,Y,,,Y,,A,8,0,1,0,0,0,0,1,0,0,- ,- ,0,0,1800,2,LOS ANGELES,LOS ANGELES,CA,-118.2799126,34.01108551,"MARTIN LUTHER KING JR BLVD & HILL ST, LOS ANGELES, CA",MARTIN LUTHER KING JR BLVD,HILL ST,102680,
-118.4430676,34.22493362,35219,8793512,2019,2019-02-26T00:00:00.000Z,1942,2019-02-07T00:00:00.000Z,1805,43542,,4,5,7,1942,0,0,0,,0,19A62,KATHERINE,CHASE ST,3,N,N,A,-,N,,0,0,,,0,,,,N,4,0,1,2,A,-,8,22107,,F,-,G,A,A,H,-,C,D,0,,Y,,,Y,,-,99,0,0,1,0,0,0,1,0,0,- ,- ,0,0,2100,2,LOS ANGELES,LOS ANGELES,CA,-118.4430676,34.22493362,"KATHERINE AVE & CHASE ST, LOS ANGELES, CA",KATHERINE AVE,CHASE ST,136011,
-118.2380262,34.04896545,35220,8804508,2019,2019-03-06T00:00:00.000Z,1942,2019-02-09T00:00:00.000Z,1915,42876,139,6,5,7,1942,0,0,0,A,0,1A29,1ST ST,ALAMEDA ST,30,E,N,A,-,N,,0,0,,,0,,,,N,3,0,1,2,A,-,12,21453,A,N,-,G,A,A,H,-,C,A,0,,Y,,,Y,,L,4,0,1,0,0,0,0,1,0,0,- ,- ,0,0,2100,2,LOS ANGELES,LOS ANGELES,CA,-118.2380262,34.04896545,"1ST ST & ALAMEDA ST, LOS ANGELES, CA",1ST ST,ALAMEDA ST,124658,
-118.4586122,34.26448441,35221,8816100,2019,2019-03-20T00:00:00.000Z,1942,2019-02-17T00:00:00.000Z,1850,41090,1942,7,5,7,1942,0,0,0,,0,19X4,CHATSWORTH ST,LEMONA AV,0,,Y,B,-,N,,0,0,,,0,,,,N,3,0,1,2,D,-,0,0,,F,-,G,A,A,H,-,C,D,0,,Y,,,Y,,-,- ,0,1,0,0,0,0,1,0,0,- ,- ,0,0,2100,2,LOS ANGELES,LOS ANGELES,CA,-118.4586122,34.26448441,"CHATSWORTH ST & LEMONA AVE, LOS ANGELES, CA",CHATSWORTH ST,LEMONA AVE,108420,
-118.2592621,34.05004501,35222,8727359,2019,2019-04-02T00:00:00.000Z,1942,2019-02-13T00:00:00.000Z,2310,40730,151,3,5,7,1942,0,0,0,O,0,1A41,S FIGUEROA ST,WILSHIRE BL,0,,Y,C,-,N,,0,0,,,0,,,,N,3,0,1,2,A,-,9,21804,A,N,-,G,A,B,H,-,C,A,0,,Y,,,Y,,L,4,0,1,0,0,0,0,1,0,0,- ,- ,0,0,2400,2,LOS ANGELES,LOS ANGELES,CA,-118.2592621,34.05004501,"FIGUEROA ST & WILSHIRE BLVD, LOS ANGELES, CA",FIGUEROA ST,WILSHIRE BLVD,107029,
-118.4674022,34.2572937,35223,8793529,2019,2019-02-26T00:00:00.000Z,1942,2019-02-02T00:00:00.000Z,200,43160,1951,6,5,7,1942,0,0,0,,0,19A43,SEPULVEDA BL,DEVONSHIRE ST,0,,Y,C,-,N,,0,0,,,0,,,,Y,3,0,1,2,A,-,9,21801,,N,D,C,A,B,H,-,C,A,0,,,,,Y,,A,1,0,1,0,0,0,0,0,0,0,- ,- ,0,0,300,2,LOS ANGELES,LOS ANGELES,CA,-118.4674022,34.2572937,"SEPULVEDA BLVD & DEVONSHIRE ST, LOS ANGELES, CA",SEPULVEDA BLVD,DEVONSHIRE ST,105405,
-118.2776522,34.05070496,35224,8833902,2019,2019-04-09T00:00:00.000Z,1942,2019-02-23T00:00:00.000Z,1045,43304,275,6,5,7,1942,0,0,0,B,0,A39,OLYMPIC,BONNIE BRAE ST,0,,Y,A,-,N,,0,0,,,0,,,,Y,0,0,0,2,A,-,9,21801,A,N,D,C,A,A,H,-,A,D,0,,,,,Y,,A,1,0,0,0,0,0,0,0,0,0,- ,- ,0,0,1200,2,LOS ANGELES,LOS ANGELES,CA,-118.2776522,34.05070496,"OLYMPIC BLVD & BONNIE BRAE ST, LOS ANGELES, CA",OLYMPIC BLVD,BONNIE BRAE ST,149203,
-118.605952,34.19646835,35225,8805253,2019,2019-02-27T00:00:00.000Z,1942,2019-02-01T00:00:00.000Z,1450,41514,2145,5,5,7,1942,0,0,0,,0,21A43,TOPANGA CANYON BL,SCHOOLCRAFT ST,3,S,N,A,-,N,,0,0,,,0,,,,N,0,0,0,2,A,-,9,21801,A,M,D,I,A,A,H,-,A,D,0,,,,,Y,,-,99,0,0,0,0,0,0,0,0,0,- ,- ,0,0,1500,2,LOS ANGELES,LOS ANGELES,CA,-118.605952,34.19646835,"TOPANGA CANYON BLVD & SCHOOLCRAFT ST, LOS ANGELES, CA",TOPANGA CANYON BLVD,SCHOOLCRAFT ST,137483,
-118.4138245,34.18695831,35226,8811498,2019,2019-03-20T00:00:00.000Z,1942,2019-02-04T00:00:00.000Z,1620,34420,1523,1,5,7,1942,0,0,0,O,0,15A33,COLDWATER CANYON AV,VICTORY BL,100,N,N,B,-,N,,0,0,,,0,,,,Y,4,0,1,2,A,-,8,22107,,N,D,I,A,A,H,-,A,D,0,,,,,Y,,A,7,0,0,1,0,0,0,0,0,0,- ,- ,0,0,1800,2,LOS ANGELES,LOS ANGELES,CA,-118.4138245,34.18695831,"COLDWATER CANYON AVE & VICTORY BLVD, LOS ANGELES, CA",COLDWATER CANYON AVE,VICTORY BLVD,132823,
-118.2198721,34.04723358,35227,8830487,2019,2019-03-28T00:00:00.000Z,1942,2019-02-13T00:00:00.000Z,1630,39088,452,3,5,7,1942,0,0,0,D,0,4A56,1ST ST,BOYLE ST,0,,Y,B,-,N,,0,0,,,0,,,,N,4,0,1,2,A,-,9,21801,A,N,D,C,A,B,H,-,A,A,0,,,,,Y,,A,1,0,0,1,0,0,0,0,0,0,- ,- ,0,0,1800,2,LOS ANGELES,LOS ANGELES,CA,-118.2198721,34.04723358,"1ST ST & BOYLE AVE, LOS ANGELES, CA",1ST ST,BOYLE AVE,131636,
-118.4509222,34.19392395,35228,8810314,2019,2019-03-07T00:00:00.000Z,1942,2019-02-01T00:00:00.000Z,2010,43380,923,5,5,7,1942,0,0,0,I,0,9A63,VANOWEN BL,VESPER AV,0,,Y,C,-,N,,0,0,,,0,,,,Y,3,0,4,2,A,-,9,21801,A,N,D,C,A,B,H,-,C,A,0,,,,,Y,Y,A,1,0,4,0,0,0,0,0,0,0,- ,- ,0,0,2100,2,LOS ANGELES,LOS ANGELES,CA,-118.4509222,34.19392395,"VANOWEN ST & VESPER AVE, LOS ANGELES, CA",VANOWEN ST,VESPER AVE,147078,
-118.3659221,34.08373642,35229,8836022,2019,2019-04-09T00:00:00.000Z,1942,2019-02-11T00:00:00.000Z,2015,40690,701,1,5,7,1942,0,0,0,G,0,7A1,MELROSE AV,N CRESCENT HEIGHTS BL,0,,Y,A,-,N,,0,0,,,0,,,,Y,0,0,0,2,D,-,0,0,,N,D,I,A,A,H,-,C,A,0,,,,,Y,,-,- ,0,0,0,0,0,0,0,0,0,- ,- ,0,0,2100,2,LOS ANGELES,LOS ANGELES,CA,-118.3659221,34.08373642,"MELROSE AVE & CRESCENT HEIGHTS BLVD, LOS ANGELES, CA",MELROSE AVE,CRESCENT HEIGHTS BLVD,146062,
-118.2105021,34.02014542,35230,8836136,2019,2019-04-12T00:00:00.000Z,1942,2019-02-16T00:00:00.000Z,1820,42839,497,6,5,7,1942,0,0,0,D,0,4A72,OLYMPIC,GRANDE VISTA,0,,Y,A,-,N,,0,0,,,0,,,,Y,4,0,2,2,A,-,9,21804,A,N,D,C,A,A,H,-,C,A,0,,,,,Y,,A,1,0,0,2,0,0,0,0,0,0,- ,- ,0,0,2100,2,LOS ANGELES,LOS ANGELES,CA,-118.2105021,34.02014542,"OLYMPIC BLVD & GRANDE VISTA AVE, LOS ANGELES, CA",OLYMPIC BLVD,GRANDE VISTA AVE,149071,
-118.2305495,33.93293762,35231,8793213,2019,2019-02-25T00:00:00.000Z,1942,2019-02-09T00:00:00.000Z,1630,42770,1849,6,5,7,1942,0,0,0,R,0,18A35,MONA BL,112TH PL,10,S,N,A,-,N,,0,0,,,0,,,,Y,0,0,0,2,A,-,3,22350,,M,B,E,A,A,H,-,A,D,0,,,,,Y,,-,- ,0,0,0,0,0,0,0,0,0,- ,- ,0,0,1800,2,LOS ANGELES,LOS ANGELES,CA,-118.2305495,33.93293762,"MONA BLVD & 112TH PL, LOS ANGELES, CA",MONA BLVD,112TH PL,109689,
-118.4727216,33.99878311,35232,8838631,2019,2019-04-10T00:00:00.000Z,1942,2019-02-16T00:00:00.000Z,2030,43502,1413,6,5,7,1942,0,0,0,N,0,14A13,ROSE AV,DIMMICK AV,40,E,N,A,-,N,,0,0,,,0,,,,N,3,0,1,2,A,-,3,22350,,N,B,E,A,A,H,-,C,D,0,,,Y,,Y,,C,3,0,1,0,0,0,0,0,0,1,- ,- ,0,0,2100,2,LOS ANGELES,LOS ANGELES,CA,-118.4727216,33.99878311,"ROSE AVE & DIMMICK AVE, LOS ANGELES, CA",ROSE AVE,DIMMICK AVE,110861,
-118.5360722,34.21200562,35233,8816067,2019,2019-04-02T00:00:00.000Z,1942,2019-02-08T00:00:00.000Z,1850,41758,1004,5,5,7,1942,0,0,0,J,0,10X18,INGOMAR AV,RESEDA BL,0,,Y,A,-,N,,0,0,,,0,,,,N,3,0,1,2,A,-,12,21453,A,N,-,G,A,A,H,-,C,A,0,,Y,,,Y,,-,- ,0,1,0,0,0,0,1,0,0,- ,- ,0,0,2100,2,LOS ANGELES,LOS ANGELES,CA,-118.5360722,34.21200562,"INGOMAR ST & RESEDA BLVD, LOS ANGELES, CA",INGOMAR ST,RESEDA BLVD,98264,
-118.4672527,34.27905655,35234,8823834,2019,2019-03-21T00:00:00.000Z,1942,2019-02-21T00:00:00.000Z,1730,36744,1934,4,5,7,1942,0,0,0,,0,19A85,RINALDI ST,SEPULVEDA BL,475,E,N,B,-,N,,0,0,,,0,,,,N,3,0,1,2,A,-,9,21801,A,N,D,G,A,A,H,-,B,D,0,,Y,,,Y,,A,1,0,1,0,0,0,0,1,0,0,- ,- ,0,0,1800,2,LOS ANGELES,LOS ANGELES,CA,-118.4672527,34.27905655,"RINALDI ST & SEPULVEDA BLVD, LOS ANGELES, CA",RINALDI ST,SEPULVEDA BLVD,108673,
-118.3351227,34.00873947,35235,8841517,2019,2019-04-17T00:00:00.000Z,1942,2019-02-23T00:00:00.000Z,1805,39399,395,6,5,7,1942,0,0,0,,0,3A92,CRENSHAW BL,STOCKER ST,100,N,N,A,-,N,,0,0,,,0,,,,N,3,0,1,2,A,-,8,22107,,N,-,G,A,A,H,-,C,A,0,,Y,,,Y,,A,1,0,1,0,0,0,0,1,0,0,- ,- ,0,0,2100,2,LOS ANGELES,LOS ANGELES,CA,-118.3351227,34.00873947,"CRENSHAW BLVD & STOCKER ST, LOS ANGELES, CA",CRENSHAW BLVD,STOCKER ST,105898,
-118.4555534,34.22471237,35236,8823838,2019,2019-04-15T00:00:00.000Z,1942,2019-02-26T00:00:00.000Z,1600,43557,1984,2,5,7,1942,0,0,0,,0,19A79,CHASE ST,CEDROS,600,W,N,A,-,N,,0,0,,,0,,,,N,3,0,1,2,A,-,- ,0,,N,-,G,A,A,H,-,A,-,0,,Y,,,Y,,L,4,0,1,0,0,0,0,1,0,0,- ,- ,0,0,1800,2,LOS ANGELES,LOS ANGELES,CA,-118.4555534,34.22471237,"CHASE ST & CEDROS AVE, LOS ANGELES, CA",CHASE ST,CEDROS AVE,147232,
-118.3440822,34.08723831,35237,8827531,2019,2019-04-26T00:00:00.000Z,1942,2019-02-20T00:00:00.000Z,1723,41740,705,3,5,7,1942,0,0,0,G,0,7A17,LA BREA AV,WILLOUGHBY AV,60,N,N,A,-,N,,0,0,,,0,,,,N,4,0,1,2,A,-,5,21650,1,N,-,G,A,B,H,-,A,A,0,,Y,,,Y,,L,4,0,0,1,0,0,0,1,0,0,- ,- ,0,0,1800,2,LOS ANGELES,LOS ANGELES,CA,-118.3440822,34.08723831,"LA BREA AVE & WILLOUGHBY AVE, LOS ANGELES, CA",LA BREA AVE,WILLOUGHBY AVE,96828,
-118.3103533,34.06223297,35238,8833101,2019,2019-04-10T00:00:00.000Z,1942,2019-02-01T00:00:00.000Z,2250,39022,2022,5,5,7,1942,0,0,0,,0,20A1,MANHATTAN PL,WILSHIRE BL,200,N,N,B,-,N,,0,0,,,0,,,,N,4,0,1,2,B,-,22,0,,N,H,G,A,A,H,-,C,D,0,,Y,,,Y,,L,4,0,0,1,0,0,0,1,0,0,- ,- ,0,0,2400,2,LOS ANGELES,LOS ANGELES,CA,-118.3103533,34.06223297,"MANHATTAN PL & WILSHIRE BLVD, LOS ANGELES, CA",MANHATTAN PL,WILSHIRE BLVD,144263,
-118.2375231,34.05614853,35239,8823451,2019,2019-03-20T00:00:00.000Z,1942,2019-02-22T00:00:00.000Z,1325,42430,119,5,5,7,1942,0,0,0,A,0,1A1,N ALAMEDA ST,LOS ANGELES ST,12,N,N,A,-,N,,0,0,,,0,,,,N,4,0,1,2,A,-,9,21804,A,N,-,G,A,A,H,-,A,A,0,,Y,,,Y,,L,4,0,0,1,0,0,0,1,0,0,- ,- ,0,0,1500,2,LOS ANGELES,LOS ANGELES,CA,-118.2375231,34.05614853,"ALAMEDA ST & LOS ANGELES ST, LOS ANGELES, CA",ALAMEDA ST,LOS ANGELES ST,134221,
-118.3662121,34.02604675,35240,8824673,2019,2019-03-27T00:00:00.000Z,1942,2019-02-27T00:00:00.000Z,800,42569,311,3,5,7,1942,0,0,0,C,0,3AU1,JEFFERSON,CARMONA,0,,Y,A,-,N,,0,0,,,0,,,,N,4,0,1,2,A,-,5,21650,1,N,A,G,A,A,H,-,A,A,0,,Y,,,Y,,L,4,0,0,1,0,0,0,1,0,0,- ,- ,0,0,900,2,LOS ANGELES,LOS ANGELES,CA,-118.3662121,34.02604675,"JEFFERSON BLVD & CARMONA AVE, LOS ANGELES, CA",JEFFERSON BLVD,CARMONA AVE,145291,
-118.2646532,33.79108429,35241,8812926,2019,2019-03-13T00:00:00.000Z,1942,2019-02-26T00:00:00.000Z,725,43217,,2,5,7,1942,0,0,0,,0,5A15,PACIFIC COAST HWY,AVALON BL,400,W,N,B,-,N,,0,0,,,0,,,,N,4,0,1,2,A,-,11,21954,A,N,-,G,A,A,H,-,A,A,0,,Y,,,Y,,L,4,0,0,1,0,0,0,1,0,0,- ,- ,0,0,900,2,LOS ANGELES,LOS ANGELES,CA,-118.2646532,33.79108429,"PACIFIC COAST HWY & AVALON BLVD, LOS ANGELES, CA",PACIFIC COAST HWY,AVALON BLVD,117210,
-118.5709722,34.18228531,35242,8843592,2019,2019-05-23T00:00:00.000Z,1942,2019-01-28T00:00:00.000Z,924,43604,2158,1,5,7,1942,0,0,0,,0,21A29,WINNETKA AV,CALVERT ST,0,,Y,A,-,N,,0,0,,,0,,,,N,3,0,1,2,A,-,7,21658,,N,B,G,A,A,H,-,A,A,0,,Y,,,Y,,-,,0,1,0,0,0,0,0,0,0,- ,- ,0,0,1200,1,LOS ANGELES,LOS ANGELES,CA,-118.5709722,34.18228531,"WINNETKA AVE & CALVERT ST, LOS ANGELES, CA",WINNETKA AVE,CALVERT ST,122212,
-118.2918121,33.96002579,35243,8820463,2019,2019-03-21T00:00:00.000Z,1942,2019-02-25T00:00:00.000Z,1330,42115,1267,1,5,7,1942,0,0,0,L,0,12A69,VERMONT,MANCHESTER,0,,Y,A,-,N,,0,0,,,0,,,,N,4,0,1,2,A,-,3,22350,,F,-,G,A,A,H,-,A,D,0,,Y,,,Y,Y,-,99,0,0,1,0,0,0,1,0,0,- ,- ,0,0,1500,2,LOS ANGELES,LOS ANGELES,CA,-118.2918121,33.96002579,"VERMONT AVE & MANCHESTER AVE, LOS ANGELES, CA",VERMONT AVE,MANCHESTER AVE,98771,
-118.5885835,34.26972961,35244,8793587,2019,2019-02-22T00:00:00.000Z,1942,2019-02-03T00:00:00.000Z,25,43235,1723,7,5,7,1942,0,0,0,Q,0,17423,DE SOTO AV,RINALDI ST,100,S,N,C,-,N,,0,0,,,0,,,,Y,0,0,0,1,A,-,8,22107,,M,E,I,A,B,H,-,C,D,0,,,,,Y,Y,-,99,0,0,0,0,0,0,0,0,0,- ,- ,0,0,300,2,LOS ANGELES,LOS ANGELES,CA,-118.5885835,34.26972961,"DE SOTO AVE & RINALDI ST, LOS ANGELES, CA",DE SOTO AVE,RINALDI ST,105424,
-118.494402,34.20821762,35245,8802238,2019,2019-03-18T00:00:00.000Z,1942,2019-02-14T00:00:00.000Z,10,42296,1008,4,5,7,1942,0,0,0,J,0,10A39,HAYVENHURST AV,SATICOY ST,75,S,N,C,-,N,,0,0,,,0,,,,Y,0,0,0,1,A,-,1,23152,A,N,E,I,A,B,H,-,C,A,0,,,,,Y,Y,A,1,0,0,0,0,0,0,0,0,0,- ,- ,0,0,300,2,LOS ANGELES,LOS ANGELES,CA,-118.494402,34.20821762,"HAYVENHURST AVE & SATICOY ST, LOS ANGELES, CA",HAYVENHURST AVE,SATICOY ST,122576,
-118.6466579,34.22178268,35246,8804795,2019,2019-03-28T00:00:00.000Z,1942,2019-02-06T00:00:00.000Z,230,40522,2102,3,5,7,1942,0,0,0,,0,21A29,VALLEY CIR,SCHOENBORN ST,280,N,N,A,-,N,,0,0,,,0,,,,Y,3,0,1,1,A,-,5,21650,,N,E,I,A,A,H,-,C,D,0,,,,,Y,,A,1,0,1,0,0,0,0,0,0,0,- ,- ,0,0,300,2,LOS ANGELES,LOS ANGELES,CA,-118.6466579,34.22178268,"VALLEY CIRCLE BLVD & SCHOENBORN ST, LOS ANGELES, CA",VALLEY CIRCLE BLVD,SCHOENBORN ST,107997,
-118.3877921,34.17209625,35247,8805034,2019,2019-03-18T00:00:00.000Z,1942,2019-02-02T00:00:00.000Z,54,41945,LOSAN,6,5,7,1942,0,0,0,,0,15EL1,BURBANK,COLFAX,0,,Y,A,C,N,,0,0,,,0,,,,Y,0,0,0,1,A,-,3,22350,,M,E,I,A,B,H,-,C,A,0,,,,,Y,,A,1,0,0,0,0,0,0,0,0,0,- ,- ,0,0,300,2,LOS ANGELES,LOS ANGELES,CA,-118.3877921,34.17209625,"BURBANK BLVD & COLFAX AVE, LOS ANGELES, CA",BURBANK BLVD,COLFAX AVE,150410,
-118.2382219,34.10499954,35248,8823582,2019,2019-03-19T00:00:00.000Z,1942,2019-02-02T00:00:00.000Z,10,42762,1135,6,5,7,1942,0,0,0,K,0,11A37,EAGLE ROCK BL,VERDUGO RD,150,N,N,B,C,N,,0,0,,,0,,,,Y,0,0,0,1,A,-,3,22350,,M,E,I,A,B,H,-,C,D,0,,,,,Y,,A,1,0,0,0,0,0,0,0,0,0,- ,- ,0,0,300,2,LOS ANGELES,LOS ANGELES,CA,-118.2382219,34.10499954,"EAGLE ROCK BLVD & VERDUGO RD, LOS ANGELES, CA",EAGLE ROCK BLVD,VERDUGO RD,102188,
-118.4880109,34.25017548,35249,8793583,2019,2019-02-22T00:00:00.000Z,1942,2019-02-03T00:00:00.000Z,345,36542,1757,7,5,7,1942,0,0,0,Q,0,17X47W,LASSEN ST,GOTHIC AV,400,E,N,C,-,N,,0,0,,,0,,,,Y,0,0,0,1,A,-,3,22350,,M,E,I,A,B,H,-,C,D,0,,,,,Y,,A,7,0,0,0,0,0,0,0,0,0,- ,- ,0,0,600,2,LOS ANGELES,LOS ANGELES,CA,-118.4880109,34.25017548,"LASSEN ST & GOTHIC AVE, LOS ANGELES, CA",LASSEN ST,GOTHIC AVE,147245,
-118.4329046,34.22621536,35250,8815971,2019,2019-04-02T00:00:00.000Z,1942,2019-02-23T00:00:00.000Z,300,43495,1988,6,5,7,1942,0,0,0,,0,19A75,WOODMAN AV,BRANFORD ST,100,S,N,A,-,N,,0,0,,,0,,,,Y,0,0,0,1,A,-,0,20002,A,M,E,I,A,A,H,-,C,A,0,,,,,Y,,A,1,0,0,0,0,0,0,0,0,0,- ,- ,0,0,600,2,LOS ANGELES,LOS ANGELES,CA,-118.4329046,34.22621536,"WOODMAN AVE & BRANFORD ST, LOS ANGELES, CA",WOODMAN AVE,BRANFORD ST,140994,
-118.1842221,34.08612442,35251,8830507,2019,2019-03-28T00:00:00.000Z,1942,2019-02-02T00:00:00.000Z,445,42674,407,6,5,7,1942,0,0,0,D,0,4A3W3,HARRIMAN,HUNTINGTON DR,0,,Y,C,-,N,,0,0,,,0,,,,Y,0,0,0,1,A,-,3,22350,,N,E,I,A,B,H,-,C,A,0,,,,,Y,,A,1,0,0,0,0,0,0,0,0,0,- ,- ,0,0,600,2,LOS ANGELES,LOS ANGELES,CA,-118.1842221,34.08612442,"HARRIMAN AVE & HUNTINGTON DR, LOS ANGELES, CA",HARRIMAN AVE,HUNTINGTON DR,164319,
-118.2419382,33.78113174,35252,8793750,2019,2019-02-25T00:00:00.000Z,1942,2019-02-05T00:00:00.000Z,600,31674,529,2,5,7,1942,0,0,0,E,0,25TL29,ANAHEIM ST,HENRY FORD AV,66,W,N,C,-,N,,0,0,,,0,,,,Y,3,0,1,1,A,-,3,22350,,N,E,I,A,B,H,-,B,A,0,,,,,Y,,A,1,0,1,0,0,0,0,0,0,0,- ,- ,0,0,900,2,LOS ANGELES,LOS ANGELES,CA,-118.2419382,33.78113174,"ANAHEIM ST & HENRY FORD AVE, LOS ANGELES, CA",ANAHEIM ST,HENRY FORD AVE,141851,
-118.3176523,34.02555466,35253,8797131,2019,2019-02-15T00:00:00.000Z,1942,2019-02-01T00:00:00.000Z,710,41039,336,5,5,7,1942,0,0,0,C,0,3A31,ARLINGTON AV,JEFFERSON BL,3,N,N,A,-,N,,0,0,,,0,,,,N,0,0,0,1,A,-,3,22350,,M,E,I,A,A,H,-,A,A,0,,,,,Y,,-,99,0,0,0,0,0,0,0,0,0,- ,- ,0,0,900,2,LOS ANGELES,LOS ANGELES,CA,-118.3176523,34.02555466,"ARLINGTON AVE & JEFFERSON BLVD, LOS ANGELES, CA",ARLINGTON AVE,JEFFERSON BLVD,120802,
-118.2905947,34.00733948,35254,8813435,2019,2019-03-20T00:00:00.000Z,1942,2019-02-23T00:00:00.000Z,1005,30425,396,6,5,7,1942,0,0,0,C,0,3X95,42ND ST,VERMONT AV,300,E,N,A,-,N,,0,0,,,0,,,,Y,3,0,2,1,C,-,18,0,,N,E,I,A,A,H,-,A,D,0,,,,,Y,,-,- ,0,1,1,0,0,0,0,0,0,- ,- ,0,0,1200,2,LOS ANGELES,LOS ANGELES,CA,-118.2905947,34.00733948,"42ND ST & VERMONT AVE, LOS ANGELES, CA",42ND ST,VERMONT AVE,99638,
-118.3549944,34.13265991,35255,8817324,2019,2019-04-08T00:00:00.000Z,1942,2019-02-14T00:00:00.000Z,1050,33886,1599,4,5,7,1942,0,0,0,O,0,15A67,CAHUENGA BL W,BROADLAWN DR,300,E,N,C,-,N,,0,0,,,0,,,,Y,4,0,1,1,A,-,3,22350,,N,E,I,A,B,H,-,A,D,0,,,,,Y,,A,7,0,0,1,0,0,0,0,0,0,- ,- ,0,0,1200,2,LOS ANGELES,LOS ANGELES,CA,-118.3549944,34.13265991,"CAHUENGA BLVD W & BROADLAWN DR, LOS ANGELES, CA",CAHUENGA BLVD W,BROADLAWN DR,150279,
-118.3351221,34.04518509,35256,8827710,2019,2019-04-24T00:00:00.000Z,1942,2019-02-15T00:00:00.000Z,1140,35825,777,5,5,7,1942,0,0,0,G,0,7A73,LOMITA ST,WEST BL,0,,Y,B,-,N,,0,0,,,0,,,,N,4,0,1,1,A,-,3,22350,,N,E,I,A,A,-,-,A,-,0,,,,,Y,,A,1,0,0,1,0,0,0,0,0,0,- ,- ,0,0,1200,2,LOS ANGELES,LOS ANGELES,CA,-118.3351221,34.04518509,"LOMITA ST & WEST BLVD, LOS ANGELES, CA",LOMITA ST,WEST BLVD,121119,
-118.2161321,34.04369354,35257,8829480,2019,2019-04-05T00:00:00.000Z,1942,2019-02-20T00:00:00.000Z,1030,36464,4,3,5,7,1942,0,0,0,D,0,4A53,3RD ST,CUMMINGS ST,0,,Y,B,-,N,,0,0,,,0,,,,N,0,0,0,1,A,-,8,22103,,N,E,I,A,A,H,-,A,D,0,,,,,Y,,-,,0,0,0,0,0,0,0,0,0,- ,- ,0,0,1200,2,LOS ANGELES,LOS ANGELES,CA,-118.2161321,34.04369354,"3RD ST & CUMMINGS ST, LOS ANGELES, CA",3RD ST,CUMMINGS ST,135035,
-118.3425321,34.09797669,35258,8830478,2019,2019-04-15T00:00:00.000Z,1942,2019-02-01T00:00:00.000Z,950,40851,645,5,5,7,1942,0,0,0,F,0,,SYCAMORE AV,SUNSET,0,,Y,B,-,N,,0,0,,,0,,,,N,0,0,0,1,A,-,0,22106,A,N,E,I,A,A,H,-,A,D,0,,,,,Y,,A,7,0,0,0,0,0,0,0,0,0,- ,- ,0,0,1200,2,LOS ANGELES,LOS ANGELES,CA,-118.3425321,34.09797668,"SYCAMORE AVE & SUNSET BLVD, LOS ANGELES, CA",SYCAMORE AVE,SUNSET BLVD,149851,