X,Y,OBJECTID,case_id,accident_year,proc_date,juris,collision_date,collision_time,officer_id,reporting_district,day_of_week,chp_shift,population,cnty_city_loc,special_cond,beat_type,chp_beat_type,city_division_lapd,chp_beat_class,beat_number,primary_rd,secondary_rd,distance,direction,intersection,weather_1,weather_2,state_hwy_ind,caltrans_county,caltrans_district,state_route,route_suffix,postmile_prefix,postmile,location_type,ramp_intersection,side_of_hwy,tow_away,collision_severity,number_killed,number_injured,party_count,primary_coll_factor,pcf_code_of_viol,pcf_viol_category,pcf_violation,pcf_viol_subsection,hit_and_run,type_of_collision,mviw,ped_action,road_surface,road_cond_1,road_cond_2,lighting,control_device,chp_road_type,pedestrian_accident,bicycle_accident,motorcycle_accident,truck_accident,not_private_property,alcohol_involved,stwd_vehtype_at_fault,chp_vehtype_at_fault,count_severe_inj,count_visible_inj,count_complaint_pain,count_ped_killed,count_ped_injured,count_bicyclist_killed,count_bicyclist_injured,count_mc_killed,count_mc_injured,primary_ramp,secondary_ramp,latitude,longitude,timecat,month_,city,county,state,point_x,point_y,match_addr,m_primaryrd,m_secondrd,int_id,Flag
-118.3098521,33.74338532,35259,8804041,2019,2019-03-13T00:00:00.000Z,1942,2019-02-04T00:00:00.000Z,1350,38557,551,1,5,7,1942,0,0,0,E,0,,WESTERN AV,1ST ST,0,,Y,A,-,N,,0,0,,,0,,,,,0,0,0,1,A,-,3,22350,,N,E,I,A,B,H,-,A,D,0,,,,,Y,,A,1,0,0,0,0,0,0,0,0,0,- ,- ,0,0,1500,2,LOS ANGELES,LOS ANGELES,CA,-118.3098521,33.74338531,"WESTERN AVE (SAN PEDRO) & 1ST ST, LOS ANGELES, CA",WESTERN AVE (SAN PEDRO),1ST ST,140729,
-118.3091521,33.83836365,35260,8804045,2019,2019-02-28T00:00:00.000Z,1942,2019-02-04T00:00:00.000Z,1215,39123,504,1,5,7,1942,0,0,0,,0,5A1,TORRANCE BL,WESTERN AV,0,,Y,B,-,N,,0,0,,,0,,,,N,0,0,0,1,A,-,3,22350,,M,E,I,A,B,H,-,A,A,0,,,,,Y,,-,99,0,0,0,0,0,0,0,0,0,- ,- ,0,0,1500,2,LOS ANGELES,LOS ANGELES,CA,-118.3091521,33.83836365,"TORRANCE BLVD & WESTERN AVE, LOS ANGELES, CA",TORRANCE BLVD,WESTERN AVE,105775,
-118.3704022,34.14508057,35262,8821449,2019,2019-03-21T00:00:00.000Z,1942,2019-02-24T00:00:00.000Z,1325,43424,1596,7,5,7,1942,0,0,0,O,0,15A43,VINELAND AV,AQUA VISTA ST,50,N,N,A,-,N,,0,0,,,0,,,,Y,0,0,0,1,A,-,8,22107,,N,E,I,A,A,H,-,A,A,0,,,,,Y,,A,1,0,0,0,0,0,0,0,0,0,- ,- ,0,0,1500,2,LOS ANGELES,LOS ANGELES,CA,-118.3704022,34.14508057,"VINELAND AVE & AQUA VISTA ST, LOS ANGELES, CA",VINELAND AVE,AQUA VISTA ST,126917,
-118.2462621,33.94309616,35263,8816167,2019,2019-03-07T00:00:00.000Z,1942,2019-02-22T00:00:00.000Z,1730,42199,1806,5,5,7,1942,0,0,0,R,0,18A26,COMPTON,103RD,50,S,N,A,-,N,,0,0,,,0,,,,Y,0,0,0,1,A,-,3,22350,,N,E,I,A,A,H,-,A,D,0,,,,,Y,,A,7,0,0,0,0,0,0,0,0,0,- ,- ,0,0,1800,2,LOS ANGELES,LOS ANGELES,CA,-118.2462621,33.94309616,"COMPTON AVE & 103RD ST,, CA",COMPTON AVE,103RD ST,96087,
-118.2757093,34.09715271,35264,8830405,2019,2019-03-27T00:00:00.000Z,1942,2019-02-02T00:00:00.000Z,1730,42915,1143,6,5,7,1942,0,0,0,K,0,2A76,HYPERION AV,DE LONGPRE AV,5,S,N,C,-,N,,0,0,,,0,,,,Y,0,0,0,1,A,-,3,22350,A,N,E,I,A,B,H,-,A,D,0,,,,,Y,,A,1,0,0,0,0,0,0,0,0,0,- ,- ,0,0,1800,2,LOS ANGELES,LOS ANGELES,CA,-118.2757093,34.09715271,"HYPERION AVE & DE LONGPRE AVE, LOS ANGELES, CA",HYPERION AVE,DE LONGPRE AVE,128568,
-118.4358426,34.10931397,35265,8836002,2019,2019-04-09T00:00:00.000Z,1942,2019-02-25T00:00:00.000Z,2015,41210,808,1,5,7,1942,0,0,0,H,0,14T47,BENEDICT CANYON DR,EASTON DR,110,N,N,A,-,N,,0,0,,,0,,,,Y,0,0,0,1,A,-,3,22350,,N,E,I,A,A,H,-,D,A,0,,,,,Y,,A,1,0,0,0,0,0,0,0,0,0,- ,- ,0,0,2100,2,LOS ANGELES,LOS ANGELES,CA,-118.4358426,34.10931396,"BENEDICT CANYON DR & EASTON DR, LOS ANGELES, CA",BENEDICT CANYON DR,EASTON DR,107575,
-118.2615223,34.03305054,35266,8801910,2019,2019-03-19T00:00:00.000Z,1942,2019-02-06T00:00:00.000Z,2100,33130,195,3,5,7,1942,0,0,0,A,0,1A85,LOS ANGELES ST,16TH ST,16,N,N,A,-,N,,0,0,,,0,,,,Y,0,0,0,1,A,-,8,22107,,M,E,I,A,A,H,-,C,D,0,,,,Y,Y,,F,76,0,0,0,0,0,0,0,0,0,- ,- ,0,0,2400,2,LOS ANGELES,LOS ANGELES,CA,-118.2615223,34.03305054,"LOS ANGELES ST & 16TH ST, LOS ANGELES, CA",LOS ANGELES ST,16TH ST,117538,
-118.2992021,33.82449341,35267,8806607,2019,2019-02-28T00:00:00.000Z,1942,2019-02-03T00:00:00.000Z,2200,33852,507,7,5,7,1942,0,0,0,E,0,5A1,NORMAN AV,223RD ST,0,,Y,A,-,N,,0,0,,,0,,,,Y,0,0,0,1,A,-,0,21458,A,N,E,I,A,B,B,-,C,D,0,,,,,Y,,-,,0,0,0,0,0,0,0,0,0,- ,- ,0,0,2400,2,LOS ANGELES,LOS ANGELES,CA,-118.2992021,33.82449341,"NORMANDIE AVE & 223RD ST, LOS ANGELES, CA",NORMANDIE AVE,223RD ST,99687,
-118.2916816,33.89274979,35268,8812408,2019,2019-03-05T00:00:00.000Z,1942,2019-02-13T00:00:00.000Z,2350,39689,1881,3,5,7,1942,0,0,0,R,0,18X96,VERMONT,REDONDO BEACH,100,N,N,C,-,N,,0,0,,,0,,,,N,0,0,0,1,A,-,3,22350,,N,E,I,A,B,H,-,C,D,0,,,,,Y,,A,1,0,0,0,0,0,0,0,0,0,- ,- ,0,0,2400,2,LOS ANGELES,LOS ANGELES,CA,-118.2916816,33.89274979,"VERMONT AVE & REDONDO BEACH BLVD, LOS ANGELES, CA",VERMONT AVE,REDONDO BEACH BLVD,116624,
-118.2739322,33.97128296,35269,8820471,2019,2019-03-21T00:00:00.000Z,1942,2019-02-12T00:00:00.000Z,2310,37743,1258,2,5,7,1942,0,0,0,L,0,12X18,76TH ST,MAIN ST,0,,Y,A,-,N,,0,0,,,0,,,,Y,4,0,1,1,A,-,3,22350,,N,E,I,A,A,H,-,C,D,0,,,,,Y,,-,- ,0,0,1,0,0,0,0,0,0,- ,- ,0,0,2400,2,LOS ANGELES,LOS ANGELES,CA,-118.2739322,33.97128296,"76TH ST & MAIN ST, LOS ANGELES, CA",76TH ST,MAIN ST,117087,
-118.5993985,34.24996948,35270,8823545,2019,2019-03-19T00:00:00.000Z,1942,2019-02-17T00:00:00.000Z,2220,35594,1752,7,5,7,1942,0,0,0,Q,0,17A67,LASSEN ST,OLD DEPOT PLAZA RD,120,W,N,B,-,N,,0,0,,,0,,,,Y,0,0,0,1,B,-,22,0,,M,E,I,A,A,H,-,C,D,0,,,,,Y,Y,A,1,0,0,0,0,0,0,0,0,0,- ,- ,0,0,2400,2,LOS ANGELES,LOS ANGELES,CA,-118.5993985,34.24996948,"LASSEN ST & OLD DEPOT PLAZA RD, LOS ANGELES, CA",LASSEN ST,OLD DEPOT PLAZA RD,167043,
-118.1783533,34.07778931,35271,8823573,2019,2019-03-18T00:00:00.000Z,1942,2019-02-03T00:00:00.000Z,2330,39938,427,7,5,7,1942,0,0,0,D,0,4A9,EASTERN AV,LOMBARDY BL,16,W,N,B,-,N,,0,0,,,0,,,,Y,0,0,0,1,A,-,3,22350,,M,E,I,A,B,H,-,C,A,0,,,,,Y,,A,1,0,0,0,0,0,0,0,0,0,- ,- ,0,0,2400,2,LOS ANGELES,LOS ANGELES,CA,-118.1783533,34.07778931,"EASTERN AVE & LOMBARDY BLVD, LOS ANGELES, CA",EASTERN AVE,LOMBARDY BLVD,118469,
-118.2868122,34.07680512,35272,8836142,2019,2019-04-11T00:00:00.000Z,1942,2019-02-18T00:00:00.000Z,2225,36504,2017,1,5,7,1942,0,0,0,,0,20759,N TEMPLE ST,VIRGIL AV,0,E,N,B,-,N,,0,0,,,0,,,,Y,4,0,1,1,A,-,3,22350,,N,E,I,A,A,H,-,C,A,0,,,,,Y,,A,1,0,0,1,0,0,0,0,0,0,- ,- ,0,0,2400,2,LOS ANGELES,LOS ANGELES,CA,-118.2868122,34.07680511,"TEMPLE ST & VIRGIL AVE, LOS ANGELES, CA",TEMPLE ST,VIRGIL AVE,118373,
-118.2608421,33.99250412,35273,8839230,2019,2019-04-16T00:00:00.000Z,1942,2019-02-28T00:00:00.000Z,2300,42511,1373,4,5,7,1942,0,0,0,M,0,13A,E 55TH ST,MCKINLEY AV,0,,Y,A,-,N,,0,0,,,0,,,,N,0,0,0,1,A,-,3,22350,,M,E,I,A,A,H,-,C,D,0,,,,,Y,Y,-,99,0,0,0,0,0,0,0,0,0,- ,- ,0,0,2400,2,LOS ANGELES,LOS ANGELES,CA,-118.2608421,33.99250412,"55TH ST & MCKINLEY AVE, LOS ANGELES, CA",55TH ST,MCKINLEY AVE,120675,
-118.2979622,34.06720352,35274,8797188,2019,2019-02-15T00:00:00.000Z,1942,2019-02-01T00:00:00.000Z,15,42654,2025,5,5,7,1942,0,0,0,,0,7A47,4TH ST,ALEXANDRIA AV,0,,Y,A,-,N,,0,0,,,0,,,,N,0,0,0,1,A,-,3,22350,,N,E,I,A,A,H,-,C,D,0,,,,,Y,,A,1,0,0,0,0,0,0,0,0,0,- ,- ,0,0,300,2,LOS ANGELES,LOS ANGELES,CA,-118.2979622,34.06720352,"4TH ST & ALEXANDRIA AVE, LOS ANGELES, CA",4TH ST,ALEXANDRIA AVE,97146,
-118.3089637,33.98249054,35275,8801046,2019,2019-02-22T00:00:00.000Z,1942,2019-02-03T00:00:00.000Z,10,40924,1243,7,5,7,1942,0,0,0,L,0,12A39,WESTERN AV,GAGE AV,50,N,N,B,C,N,,0,0,,,0,,,,Y,2,0,2,1,A,-,3,22350,,N,E,I,A,B,H,-,C,A,0,,,,,Y,,A,1,1,1,0,0,0,0,0,0,0,- ,- ,0,0,300,2,LOS ANGELES,LOS ANGELES,CA,-118.3089637,33.98249054,"WESTERN AVE & GAGE AVE, LOS ANGELES, CA",WESTERN AVE,GAGE AVE,96001,
-118.5286649,34.27215195,35276,8817087,2019,2019-03-14T00:00:00.000Z,1942,2019-02-24T00:00:00.000Z,250,38765,1728,7,5,7,1942,0,0,0,Q,0,17A49,SAN FERNANDO MISSION,CHIMINEAS AV,10,S,N,A,-,N,,0,0,,,0,,,,Y,0,0,0,1,A,-,1,23152,A,N,E,I,A,A,H,-,C,D,0,,,,,Y,Y,D,22,0,0,0,0,0,0,0,0,0,- ,- ,0,0,300,2,LOS ANGELES,LOS ANGELES,CA,-118.5286649,34.27215195,"SAN FERNANDO MISSION BLVD & CHIMINEAS AVE, LOS ANGELES, CA",SAN FERNANDO MISSION BLVD,CHIMINEAS AVE,130032,
-118.3931674,34.20113373,35277,8817325,2019,2019-03-14T00:00:00.000Z,1942,2019-02-10T00:00:00.000Z,45,42298,1503,7,5,7,1942,0,0,0,O,0,15A21,SHERMAN WY,RADFORD AV,300,W,N,C,-,N,,0,0,,,0,,,,Y,0,0,0,1,D,-,0,0,,N,E,I,A,B,H,-,C,D,0,,,,,Y,,-,- ,0,0,0,0,0,0,0,0,0,- ,- ,0,0,300,2,LOS ANGELES,LOS ANGELES,CA,-118.3931674,34.20113373,"SHERMAN WAY & RADFORD AVE, LOS ANGELES, CA",SHERMAN WAY,RADFORD AVE,143272,
-118.3614318,34.06824112,35278,8835489,2019,2019-04-09T00:00:00.000Z,1942,2019-02-17T00:00:00.000Z,100,43536,732,7,5,7,1942,0,0,0,,0,7A21,FAIRFAX AV,DREXEL ST,10,N,N,A,-,N,,0,0,,,0,,,,Y,0,0,0,1,A,-,3,22350,,N,E,I,A,A,A,-,C,D,0,,,,,Y,,A,1,0,0,0,0,0,0,0,0,0,- ,- ,0,0,300,2,LOS ANGELES,LOS ANGELES,CA,-118.3614318,34.06824112,"FAIRFAX AVE & DREXEL AVE, LOS ANGELES, CA",FAIRFAX AVE,DREXEL AVE,146107,
-118.3761921,34.04904556,35279,8835493,2019,2019-04-09T00:00:00.000Z,1942,2019-02-10T00:00:00.000Z,10,43536,762,7,5,7,1942,0,0,0,,0,7A21,PICKFORD ST,LA CIENEGA BL,0,,Y,B,-,N,,0,0,,,0,,,,Y,0,0,0,1,A,-,3,22350,,N,E,I,A,A,A,-,C,D,0,,,,,Y,,A,1,0,0,0,0,0,0,0,0,0,- ,- ,0,0,300,2,LOS ANGELES,LOS ANGELES,CA,-118.3761921,34.04904556,"PICKFORD ST & LA CIENEGA BLVD, LOS ANGELES, CA",PICKFORD ST,LA CIENEGA BLVD,134893,
-118.4144222,34.22166061,35280,8798885,2019,2019-02-21T00:00:00.000Z,1942,2019-02-03T00:00:00.000Z,300,37304,1989,7,5,7,1942,0,0,0,,0,19A79,SHELDON ST,ROSCOE BL,10,N,N,A,-,N,,0,0,,,0,,,,Y,0,0,0,1,A,-,3,22350,,M,E,I,A,B,H,-,C,D,0,,,,,Y,,A,1,0,0,0,0,0,0,0,0,0,- ,- ,0,0,600,2,LOS ANGELES,LOS ANGELES,CA,-118.4144222,34.22166061,"SHELDON ST & ROSCOE BLVD, LOS ANGELES, CA",SHELDON ST,ROSCOE BLVD,150465,
-118.3358583,34.11419296,35281,8810787,2019,2019-03-13T00:00:00.000Z,1942,2019-02-24T00:00:00.000Z,325,38090,615,7,5,7,1942,0,0,0,F,0,6A15,CAHUENGA BL,PILGRIMAGE BRIDGE,147,S,N,A,-,N,,0,0,,,0,,,,Y,3,0,2,1,A,-,7,21658,A,F,E,I,A,A,H,-,C,D,0,,,,,Y,,A,1,0,1,1,0,0,0,0,0,0,- ,- ,0,0,600,2,LOS ANGELES,LOS ANGELES,CA,-118.3358583,34.11419296,"CAHUENGA BLVD & PILGRIMAGE BRIDGE RD, LOS ANGELES, CA",CAHUENGA BLVD,PILGRIMAGE BRIDGE RD,127256,
-118.2699996,34.02500153,35282,8806961,2019,2019-03-05T00:00:00.000Z,1942,2019-02-04T00:00:00.000Z,630,38357,1331,1,5,7,1942,0,0,0,M,0,13A41,S BROADWAY,ADAMS BL,135,S,N,C,-,N,,0,0,,,0,,,,Y,0,0,0,1,A,-,3,22350,,M,E,I,A,B,H,-,A,D,0,,,,,Y,,A,1,0,0,0,0,0,0,0,0,0,- ,- ,0,0,900,2,LOS ANGELES,LOS ANGELES,CA,-118.2699996,34.02500153,"BROADWAY & ADAMS BLVD, LOS ANGELES, CA",BROADWAY,ADAMS BLVD,131434,
-118.6506039,34.19685364,35284,8816105,2019,2019-03-11T00:00:00.000Z,1942,2019-02-21T00:00:00.000Z,640,39085,2132,4,5,7,1942,0,0,0,,0,15TL45,POMELO DR,HIGHLANDER DR,250,N,N,B,-,N,,0,0,,,0,,,,Y,0,0,0,1,A,-,8,22107,,M,E,I,A,A,H,-,A,D,0,,,,,Y,Y,A,1,0,0,0,0,0,0,0,0,0,- ,- ,0,0,900,2,LOS ANGELES,LOS ANGELES,CA,-118.6506039,34.19685364,"POMELO DR & HIGHLANDER RD, LOS ANGELES, CA",POMELO DR,HIGHLANDER RD,140014,
-118.4655922,34.231884,35285,8816137,2019,2019-05-08T00:00:00.000Z,1942,2019-02-24T00:00:00.000Z,735,39217,1982,7,5,7,1942,0,0,0,,0,19A61,RAYEN ST,COLUMBUS AV,0,,Y,A,-,N,,0,0,,,0,,,,Y,0,0,0,1,A,-,12,22450,A,M,E,I,A,A,H,-,A,D,0,,,,,Y,,A,7,0,0,0,0,0,0,0,0,0,- ,- ,0,0,900,2,LOS ANGELES,LOS ANGELES,CA,-118.4655922,34.231884,"RAYEN ST & COLUMBUS AVE, LOS ANGELES, CA",RAYEN ST,COLUMBUS AVE,108547,
-118.2578485,34.10515976,35286,8830465,2019,2019-03-27T00:00:00.000Z,1942,2019-02-08T00:00:00.000Z,635,38982,1145,5,5,7,1942,0,0,0,K,0,11A71,FLETCHER DR,SILVER LAKE,200,N,N,A,-,N,,0,0,,,0,,,,N,0,0,0,1,A,-,3,22350,,N,E,I,A,A,A,H,A,D,0,,,,,Y,,A,1,0,0,0,0,0,0,0,0,0,- ,- ,0,0,900,2,LOS ANGELES,LOS ANGELES,CA,-118.2578485,34.10515976,"FLETCHER DR & SILVER LAKE BLVD, LOS ANGELES, CA",FLETCHER DR,SILVER LAKE BLVD,142595,
-118.4667925,34.04466629,35287,8835481,2019,2019-04-09T00:00:00.000Z,1942,2019-02-26T00:00:00.000Z,840,38764,831,2,5,7,1942,0,0,0,,0,8A13,WILSHIRE BL,BUNDY DR,300,E,N,A,-,N,,0,0,,,0,,,,Y,0,0,0,1,A,-,3,22350,,N,E,I,A,A,H,-,A,D,0,,,,,Y,,A,1,0,0,0,0,0,0,0,0,0,- ,- ,0,0,900,2,LOS ANGELES,LOS ANGELES,CA,-118.4667925,34.04466629,"WILSHIRE BLVD & BUNDY DR, LOS ANGELES, CA",WILSHIRE BLVD,BUNDY DR,142442,
-118.3568206,34.11328125,35288,8834257,2019,2019-04-12T00:00:00.000Z,1942,2019-02-24T00:00:00.000Z,945,42901,622,7,5,7,1942,0,0,0,F,0,6A31,ASTRAL DR,SOLAR DR,200,S,N,A,-,N,,0,0,,,0,,,,N,3,0,1,1,A,-,3,22350,,N,E,I,A,A,H,-,A,D,0,,,Y,,Y,,C,2,0,1,0,0,0,0,0,0,1,- ,- ,0,0,1200,2,LOS ANGELES,LOS ANGELES,CA,-118.3568206,34.11328125,"ASTRAL DR & SOLAR DR, LOS ANGELES, CA",ASTRAL DR,SOLAR DR,111265,
-118.3657032,34.2291069,35289,8810391,2019,2019-03-21T00:00:00.000Z,1942,2019-02-03T00:00:00.000Z,1310,35481,1675,7,5,7,1942,0,0,0,P,0,16A77,GLENOAK BL,VINEDALE ST,185,N,N,C,-,N,,0,0,,,0,,,,Y,0,0,0,1,A,-,3,22350,,M,E,I,A,B,F,-,A,D,0,,,,,Y,,A,1,0,0,0,0,0,0,0,0,0,- ,- ,0,0,1500,2,LOS ANGELES,LOS ANGELES,CA,-118.3657032,34.2291069,"GLENOAKS BLVD & VINEDALE ST, LOS ANGELES, CA",GLENOAKS BLVD,VINEDALE ST,129870,
-118.2220475,34.08413696,35290,8814304,2019,2019-03-18T00:00:00.000Z,1942,2019-02-07T00:00:00.000Z,1245,38502,1177,4,5,7,1942,0,0,0,K,0,11A89,FIGUEROA ST,AVENUE 26,160,N,N,A,-,N,,0,0,,,0,,,,N,0,0,0,1,A,-,3,22350,,N,E,I,A,A,H,-,A,D,0,,,,,Y,,J,48,0,0,0,0,0,0,0,0,0,- ,- ,0,0,1500,2,LOS ANGELES,LOS ANGELES,CA,-118.2220475,34.08413696,"FIGUEROA ST & AVE 26, LOS ANGELES, CA",FIGUEROA ST,AVE 26,121948,
-118.4212722,34.27723312,35291,8816052,2019,2019-03-20T00:00:00.000Z,1942,2019-02-11T00:00:00.000Z,1430,43466,1612,1,5,7,1942,0,0,0,P,0,16X8,PAXTON ST,HERRICK AV,0,,Y,A,-,N,,0,0,,,0,,,,N,4,0,1,1,A,-,3,22350,,N,E,I,A,A,H,-,A,A,0,,,,,Y,,A,1,0,0,1,0,0,0,0,0,0,- ,- ,0,0,1500,2,LOS ANGELES,LOS ANGELES,CA,-118.4212722,34.27723312,"PAXTON ST & HERRICK AVE, LOS ANGELES, CA",PAXTON ST,HERRICK AVE,140591,
-118.5961102,34.1828537,35292,8806710,2019,2019-03-19T00:00:00.000Z,1942,2019-02-17T00:00:00.000Z,1500,40165,2158,7,5,7,1942,0,0,0,,0,21A97,ERWIN ST,CANOGA AV,440,E,N,A,-,N,,0,0,,,0,,,,N,0,0,0,1,A,-,21,22106,,M,E,I,A,A,H,-,A,D,0,,,,Y,Y,,F,25,0,0,0,0,0,0,0,0,0,- ,- ,0,0,1800,2,LOS ANGELES,LOS ANGELES,CA,-118.5961102,34.1828537,"ERWIN ST & CANOGA AVE, LOS ANGELES, CA",ERWIN ST,CANOGA AVE,151260,
-118.3414481,34.14317322,35293,8811187,2019,2019-03-19T00:00:00.000Z,1942,2019-02-02T00:00:00.000Z,1500,36733,1589,6,5,7,1942,0,0,0,O,0,15A67,BARHAM BL,FOREST LAWN DR,15,N,N,C,-,N,,0,0,,,0,,,,Y,4,0,1,1,A,-,8,22107,,N,E,I,A,B,H,-,A,A,0,,,,,Y,,D,22,0,0,1,0,0,0,0,0,0,- ,- ,0,0,1800,2,LOS ANGELES,LOS ANGELES,CA,-118.3414481,34.14317322,"BARHAM BLVD & FOREST LAWN DR, LOS ANGELES, CA",BARHAM BLVD,FOREST LAWN DR,109218,
-118.353979,34.13243485,35294,8811454,2019,2019-03-28T00:00:00.000Z,1942,2019-02-02T00:00:00.000Z,1700,39252,1599,6,5,7,1942,0,0,0,O,0,15A38,CAHUENGA BL W,OAKLEY DR,1,S,N,C,-,N,,0,0,,,0,,,,Y,2,0,1,1,A,-,3,22350,,N,E,I,A,B,H,-,A,A,0,,,,,Y,,-,- ,1,0,0,0,0,0,0,0,0,- ,- ,0,0,1800,2,LOS ANGELES,LOS ANGELES,CA,-118.353979,34.13243484,"CAHUENGA BLVD W & OAKLEY DR, LOS ANGELES, CA",CAHUENGA BLVD W,OAKLEY DR,125636,
-118.1884464,34.1377449,35295,8802174,2019,2019-03-18T00:00:00.000Z,1942,2019-02-03T00:00:00.000Z,2045,41629,1109,7,5,7,1942,0,0,0,K,0,11A17,COLORADO BL,FIGUEROA ST,348,W,N,B,C,N,,0,0,,,0,,,,Y,0,0,0,1,A,-,3,22350,,M,E,I,A,B,H,-,C,D,0,,,,,Y,,-,99,0,0,0,0,0,0,0,0,0,- ,- ,0,0,2100,2,LOS ANGELES,LOS ANGELES,CA,-118.1884464,34.1377449,"COLORADO BLVD & FIGUEROA ST, LOS ANGELES, CA",COLORADO BLVD,FIGUEROA ST,142301,
-118.4661849,34.21330643,35296,8807097,2019,2019-03-06T00:00:00.000Z,1942,2019-02-20T00:00:00.000Z,2055,41274,1993,3,5,7,1942,0,0,0,,0,19A93,SEPULVEDA BL,LANARK ST,1742,S,N,B,-,N,,0,0,,,0,,,,Y,2,0,1,1,A,-,3,22350,,F,E,I,A,B,H,-,C,D,0,,,,,Y,,A,1,1,0,0,0,0,0,0,0,0,- ,- ,0,0,2100,2,LOS ANGELES,LOS ANGELES,CA,-118.4661849,34.21330643,"SEPULVEDA BLVD & LANARK ST, LOS ANGELES, CA",SEPULVEDA BLVD,LANARK ST,105641,
-118.2630322,34.01890564,35297,8825517,2019,2019-04-08T00:00:00.000Z,1942,2019-02-22T00:00:00.000Z,2056,33452,1333,5,5,7,1942,0,0,0,M,0,13A43,E 29TH ST,S SAN PEDRO ST,0,,Y,A,-,N,,0,0,,,0,,,,N,0,0,0,1,A,-,12,22450,A,N,E,I,A,A,H,-,C,A,0,,,,,Y,,A,1,0,0,0,0,0,0,0,0,0,- ,- ,0,0,2100,2,LOS ANGELES,LOS ANGELES,CA,-118.2630322,34.01890564,"29TH ST & SAN PEDRO ST, LOS ANGELES, CA",29TH ST,SAN PEDRO ST,117363,
-118.3079921,34.07987595,35298,8830382,2019,2019-03-28T00:00:00.000Z,1942,2019-02-16T00:00:00.000Z,2010,41054,2004,6,5,7,1942,0,0,0,,0,20A13,MAPLEWOOD AV,N OXFORD AV,0,,Y,A,-,N,,0,0,,,0,,,,Y,4,0,2,1,A,-,12,22450,A,N,E,I,A,A,H,-,C,A,0,,,,,Y,,A,1,0,0,2,0,0,0,0,0,0,- ,- ,0,0,2100,2,LOS ANGELES,LOS ANGELES,CA,-118.3079921,34.07987595,"MAPLEWOOD AVE & OXFORD AVE, LOS ANGELES, CA",MAPLEWOOD AVE,OXFORD AVE,142794,
-118.2051523,34.09829712,35299,8830461,2019,2019-03-27T00:00:00.000Z,1942,2019-02-02T00:00:00.000Z,2050,41629,1148,6,5,7,1942,0,0,0,K,0,11A37,NORTH FIGUEROA ST,WOODSIDE DR,94,N,N,B,C,N,,0,0,,,0,,,,N,0,0,0,1,A,-,3,22350,,N,E,I,A,-,H,-,C,D,0,,,,,Y,,M,47,0,0,0,0,0,0,0,0,0,- ,- ,0,0,2100,2,LOS ANGELES,LOS ANGELES,CA,-118.2051523,34.09829712,"FIGUEROA ST & WOODSIDE DR, LOS ANGELES, CA",FIGUEROA ST,WOODSIDE DR,131924,
-118.1937621,34.07753372,35300,8833761,2019,2019-04-09T00:00:00.000Z,1942,2019-02-28T00:00:00.000Z,2005,38233,424,4,5,7,1942,0,0,0,D,0,4A15,SOTO ST,HUNTINGTON DR,0,,N,A,B,N,,0,0,,,0,,,,Y,4,0,1,1,A,-,8,22107,,N,E,I,A,A,H,-,C,A,0,,,,,Y,,A,1,0,0,1,0,0,0,0,0,0,- ,- ,0,0,2100,2,LOS ANGELES,LOS ANGELES,CA,-118.1937621,34.07753372,"SOTO ST & HUNTINGTON DR, LOS ANGELES, CA",SOTO ST,HUNTINGTON DR,116328,
-118.2793763,34.05961227,35301,8833898,2019,2019-04-09T00:00:00.000Z,1942,2019-02-22T00:00:00.000Z,1830,40164,245,5,5,7,1942,0,0,0,B,0,24T32,WILSHIRE BL,PARK VIEW ST,50,E,N,A,-,N,,0,0,,,0,,,,Y,0,0,0,1,A,-,1,23152,A,N,E,I,A,A,H,-,C,D,0,,,,,Y,Y,A,1,0,0,0,0,0,0,0,0,0,- ,- ,0,0,2100,2,LOS ANGELES,LOS ANGELES,CA,-118.2793763,34.05961227,"WILSHIRE BLVD & PARK VIEW ST, LOS ANGELES, CA",WILSHIRE BLVD,PARK VIEW ST,134989,
-118.3322959,34.0483284,35302,8835247,2019,2019-04-10T00:00:00.000Z,1942,2019-02-25T00:00:00.000Z,1930,43605,766,1,5,7,1942,0,0,0,G,0,7A47,PICO BL,QUEEN ANNE PL,115,E,N,A,-,N,,0,0,,,0,,,,Y,3,0,1,1,A,-,3,22350,,N,E,I,A,A,H,-,C,D,0,,,,,Y,,A,1,0,1,0,0,0,0,0,0,0,- ,- ,0,0,2100,2,LOS ANGELES,LOS ANGELES,CA,-118.3322959,34.0483284,"PICO BLVD & QUEEN ANNE PL, LOS ANGELES, CA",PICO BLVD,QUEEN ANNE PL,96454,
-118.246112,34.04719544,35303,8853692,2019,2019-05-07T00:00:00.000Z,1942,2019-02-02T00:00:00.000Z,2010,43422,146,6,5,7,1942,0,0,0,N,0,1X38,4TH,LOS ANGELES,30,E,N,C,-,N,,0,0,,,0,,,,N,0,0,0,1,A,-,3,22350,,M,E,I,A,B,H,-,C,D,0,,,,,Y,,-,99,0,0,0,0,0,0,0,0,0,- ,- ,0,0,2100,2,LOS ANGELES,LOS ANGELES,CA,-118.246112,34.04719543,"4TH ST & LOS ANGELES ST,, CA",4TH ST,LOS ANGELES ST,121204,