X,Y,OBJECTID,case_id,accident_year,proc_date,juris,collision_date,collision_time,officer_id,reporting_district,day_of_week,chp_shift,population,cnty_city_loc,special_cond,beat_type,chp_beat_type,city_division_lapd,chp_beat_class,beat_number,primary_rd,secondary_rd,distance,direction,intersection,weather_1,weather_2,state_hwy_ind,caltrans_county,caltrans_district,state_route,route_suffix,postmile_prefix,postmile,location_type,ramp_intersection,side_of_hwy,tow_away,collision_severity,number_killed,number_injured,party_count,primary_coll_factor,pcf_code_of_viol,pcf_viol_category,pcf_violation,pcf_viol_subsection,hit_and_run,type_of_collision,mviw,ped_action,road_surface,road_cond_1,road_cond_2,lighting,control_device,chp_road_type,pedestrian_accident,bicycle_accident,motorcycle_accident,truck_accident,not_private_property,alcohol_involved,stwd_vehtype_at_fault,chp_vehtype_at_fault,count_severe_inj,count_visible_inj,count_complaint_pain,count_ped_killed,count_ped_injured,count_bicyclist_killed,count_bicyclist_injured,count_mc_killed,count_mc_injured,primary_ramp,secondary_ramp,latitude,longitude,timecat,month_,city,county,state,point_x,point_y,match_addr,m_primaryrd,m_secondrd,int_id,Flag
-118.2892978,33.98686981,35304,8796733,2019,2019-03-04T00:00:00.000Z,1942,2019-02-12T00:00:00.000Z,2100,42665,1239,2,5,7,1942,0,0,0,L,0,12A49,59TH PL,MENLO AV,11,W,N,A,-,N,,0,0,,,0,,,,N,0,0,0,1,A,-,3,22350,,N,E,I,A,A,H,-,C,A,0,,,,,Y,,J,48,0,0,0,0,0,0,0,0,0,- ,- ,0,0,2400,2,LOS ANGELES,LOS ANGELES,CA,-118.2892978,33.98686981,"59TH PL & MENLO AVE, LOS ANGELES, CA",59TH PL,MENLO AVE,103057,
-118.5634208,34.26929855,35305,8802185,2019,2019-03-19T00:00:00.000Z,1942,2019-02-17T00:00:00.000Z,2150,32372,1725,7,5,7,1942,0,0,0,Q,0,17A23,SPLIT OAK DR,CORBIN AV,0,,Y,A,-,N,,0,0,,,0,,,,N,0,0,0,1,A,-,1,23152,A,N,E,I,A,A,H,-,C,A,0,,,,,Y,Y,A,1,0,0,0,0,0,0,0,0,0,- ,- ,0,0,2400,2,LOS ANGELES,LOS ANGELES,CA,-118.5634208,34.26929855,"SPLIT OAK RD & CORBIN AVE, LOS ANGELES, CA",SPLIT OAK RD,CORBIN AVE,3147,
-118.6523885,34.17713928,35306,8804722,2019,2019-04-11T00:00:00.000Z,1942,2019-02-06T00:00:00.000Z,2340,38010,2161,3,5,7,1942,0,0,0,,0,21A1W3,VALLEY CIRCLE BL,EL CANON AV,25,N,N,A,-,N,,0,0,,,0,,,,Y,4,0,1,1,A,-,3,22350,,N,E,I,A,A,H,-,C,D,0,,,,,Y,,A,1,0,0,1,0,0,0,0,0,0,- ,- ,0,0,2400,2,LOS ANGELES,LOS ANGELES,CA,-118.6523885,34.17713928,"VALLEY CIRCLE BLVD & EL CANON AVE, LOS ANGELES, CA",VALLEY CIRCLE BLVD,EL CANON AVE,118693,
-118.2584649,34.05577087,35307,8810036,2019,2019-03-12T00:00:00.000Z,1942,2019-02-20T00:00:00.000Z,2250,36814,249,3,5,7,1942,0,0,0,B,0,2A69,S BOYLSTON ST,4TH ST,30,S,N,B,-,N,,0,0,,,0,,,,Y,0,0,0,1,A,-,3,22350,,M,E,I,A,B,H,-,C,A,0,,,,,Y,,A,1,0,0,0,0,0,0,0,0,0,- ,- ,0,0,2400,2,LOS ANGELES,LOS ANGELES,CA,-118.2584649,34.05577087,"BOYLSTON ST & 4TH ST, LOS ANGELES, CA",BOYLSTON ST,4TH ST,99990,
-118.3790582,34.12894821,35308,8811458,2019,2019-03-20T00:00:00.000Z,1942,2019-02-13T00:00:00.000Z,2130,43527,1591,3,5,7,1942,0,0,0,O,0,6A77,LAUREL CANYON BL,STREAMVIEW LN,200,S,N,B,C,N,,0,0,,,0,,,,Y,3,0,1,1,A,-,3,22350,,N,E,I,A,B,H,-,C,D,0,,,,,Y,,A,1,0,1,0,0,0,0,0,0,0,- ,- ,0,0,2400,2,LOS ANGELES,LOS ANGELES,CA,-118.3790582,34.12894821,"LAUREL CANYON BLVD & STREAMVIEW LN, LOS ANGELES, CA",LAUREL CANYON BLVD,STREAMVIEW LN,130803,
-118.3761921,34.04904556,35309,8827718,2019,2019-04-04T00:00:00.000Z,1942,2019-02-09T00:00:00.000Z,2200,43536,762,6,5,7,1942,0,0,0,G,0,7A21,PICKFORD ST,LA CIENEGA BL,0,,Y,B,-,N,,0,0,,,0,,,,Y,0,0,0,1,A,-,3,22350,,N,E,I,A,A,A,-,C,D,0,,,,,Y,,A,1,0,0,0,0,0,0,0,0,0,- ,- ,0,0,2400,2,LOS ANGELES,LOS ANGELES,CA,-118.3761921,34.04904556,"PICKFORD ST & LA CIENEGA BLVD, LOS ANGELES, CA",PICKFORD ST,LA CIENEGA BLVD,134893,
-118.3761921,34.04904556,35310,8835485,2019,2019-04-17T00:00:00.000Z,1942,2019-02-09T00:00:00.000Z,2201,43536,762,6,5,7,1942,0,0,0,,0,7A21,PICKFORD ST,LA CIENEGA BL,0,,Y,B,-,N,,0,0,,,0,,,,Y,0,0,0,1,A,-,3,22350,,N,E,I,A,A,H,-,C,D,0,,,,,Y,,A,1,0,0,0,0,0,0,0,0,0,- ,- ,0,0,2400,2,LOS ANGELES,LOS ANGELES,CA,-118.3761921,34.04904556,"PICKFORD ST & LA CIENEGA BLVD, LOS ANGELES, CA",PICKFORD ST,LA CIENEGA BLVD,134893,
-118.4482516,34.0816803,35311,8836006,2019,2019-04-09T00:00:00.000Z,1942,2019-02-12T00:00:00.000Z,2145,33757,806,2,5,7,1942,0,0,0,H,0,8A29,BELLAGIO RD,PERUGIA WY,1000,S,N,B,-,N,,0,0,,,0,,,,Y,0,0,0,1,A,-,3,22350,,N,E,I,A,A,H,-,C,D,0,,,,,Y,,A,1,0,0,0,0,0,0,0,0,0,- ,- ,0,0,2400,2,LOS ANGELES,LOS ANGELES,CA,-118.4482516,34.0816803,"BELLAGIO RD & PERUGIA WAY, LOS ANGELES, CA",BELLAGIO RD,PERUGIA WAY,149450,
-118.446077,34.11821365,35312,8836023,2019,2019-04-09T00:00:00.000Z,1942,2019-02-15T00:00:00.000Z,2250,43648,,5,5,7,1942,0,0,0,,0,,N BEVERLY GLEN BL,RAVENWOOD CT,80,N,N,C,-,N,,0,0,,,0,,,,Y,0,0,0,1,A,-,3,22350,,N,E,I,A,B,H,-,C,D,0,,,,,Y,,A,7,0,0,0,0,0,0,0,0,0,- ,- ,0,0,2400,2,LOS ANGELES,LOS ANGELES,CA,-118.446077,34.11821365,"BEVERLY GLEN BLVD & RAVENWOOD CT, LOS ANGELES, CA",BEVERLY GLEN BLVD,RAVENWOOD CT,114844,
-118.5401239,34.04668427,35313,8836093,2019,2019-04-15T00:00:00.000Z,1942,2019-02-02T00:00:00.000Z,2110,37511,822,6,5,7,1942,0,0,0,H,0,8A1,BIENVENEDA AV,PALMERA AV,130,N,N,C,-,N,,0,0,,,0,,,,N,4,0,1,1,A,-,3,22350,,N,E,I,A,B,H,-,C,D,0,,,,,Y,,A,1,0,0,1,0,0,0,0,0,0,- ,- ,0,0,2400,2,LOS ANGELES,LOS ANGELES,CA,-118.5401239,34.04668427,"BIENVENEDA AVE & PALMERA AVE, LOS ANGELES, CA",BIENVENEDA AVE,PALMERA AVE,131757,
-118.3171081,34.10171607,35314,8847798,2019,2019-05-23T00:00:00.000Z,1942,2019-02-06T00:00:00.000Z,240,42137,648,3,5,7,1942,0,0,0,F,0,6A63,HOLLYWOOD BL,RT 101,0,,Y,A,-,Y,LA,7,101,-,-,6.373,R,3,S,Y,4,0,1,1,A,-,3,22350,,N,E,I,A,A,H,-,C,A,0,,,,,Y,,A,1,0,0,1,0,0,0,0,0,0,- ,SO,0,0,300,2,LOS ANGELES,LOS ANGELES,CA,-118.3171081,34.10171607,"HOLLYWOOD BLVD & RT 101 S/B ON, LOS ANGELES, CA",HOLLYWOOD BLVD,RT 101 S/B ON,102784,
-118.2891075,33.98012161,35315,8877761,2019,2019-06-14T00:00:00.000Z,1942,2019-01-28T00:00:00.000Z,1855,42577,1248,1,5,7,1942,0,0,0,L,0,12X8,65TH ST,MENLO,50,E,N,A,-,N,,0,0,,,0,,,,N,0,0,0,2,A,-,21,22106,,M,D,E,A,A,H,-,C,A,0,,,,,Y,,-,99,0,0,0,0,0,0,0,0,0,- ,- ,0,0,2100,1,LOS ANGELES,LOS ANGELES,CA,-118.2891075,33.98012161,"65TH ST & MENLO AVE, LOS ANGELES, CA",65TH ST,MENLO AVE,99514,
-118.5220422,34.16395187,35316,8810365,2019,2019-03-07T00:00:00.000Z,1942,2019-02-13T00:00:00.000Z,30,42818,1075,3,5,7,1942,0,0,0,J,0,10A99,ZELZAH AV,VENTURA BL,152,N,N,A,-,N,,0,0,,,0,,,,Y,4,0,1,2,B,-,22,0,,N,C,E,A,A,H,-,C,D,0,,,,,Y,,A,7,0,0,1,0,0,0,0,0,0,- ,- ,0,0,300,2,LOS ANGELES,LOS ANGELES,CA,-118.5220422,34.16395187,"ZELZAH AVE & VENTURA BLVD, LOS ANGELES, CA",ZELZAH AVE,VENTURA BLVD,108626,
-118.3771152,34.16296768,35317,8821432,2019,2019-03-21T00:00:00.000Z,1942,2019-02-20T00:00:00.000Z,200,32268,1555,3,5,7,1942,0,0,0,O,0,15A67,OTSEGO ST,BAKMAN ST,90,E,N,A,-,N,,0,0,,,0,,,,N,0,0,0,2,A,-,8,22107,,M,B,E,A,A,H,-,C,D,0,,,,,Y,,-,99,0,0,0,0,0,0,0,0,0,- ,- ,0,0,300,2,LOS ANGELES,LOS ANGELES,CA,-118.3771152,34.16296768,"OTSEGO ST & BAKMAN AVE, LOS ANGELES, CA",OTSEGO ST,BAKMAN AVE,139851,
-118.2511726,34.05312729,35319,8828521,2019,2019-04-05T00:00:00.000Z,1942,2019-02-15T00:00:00.000Z,25,41629,142,5,5,7,1942,0,0,0,A,0,1A41,S GRAND AV,3RD ST,20,N,N,A,-,N,,0,0,,,0,,,,N,0,0,0,2,A,-,21,22106,,M,C,E,A,A,H,-,C,D,0,,,,,Y,,-,99,0,0,0,0,0,0,0,0,0,- ,- ,0,0,300,2,LOS ANGELES,LOS ANGELES,CA,-118.2511726,34.05312729,"GRAND AVE (DOWNTOWN) & 3RD ST, LOS ANGELES, CA",GRAND AVE (DOWNTOWN),3RD ST,137260,
-118.3142721,34.05576325,35320,8839346,2019,2019-04-17T00:00:00.000Z,1942,2019-02-25T00:00:00.000Z,58,43381,2042,1,5,7,1942,0,0,0,,0,20A69,WILTON PL,9TH ST,30,S,N,A,-,N,,0,0,,,0,,,,Y,4,0,1,2,A,-,3,22350,,N,C,E,A,A,H,-,C,D,0,,,,,Y,,A,1,0,0,1,0,0,0,0,0,0,- ,- ,0,0,300,2,LOS ANGELES,LOS ANGELES,CA,-118.3142721,34.05576324,"WILTON PL & 9TH ST, LOS ANGELES, CA",WILTON PL,9TH ST,99964,
-118.2164117,34.02279282,35321,8823586,2019,2019-03-19T00:00:00.000Z,1942,2019-02-17T00:00:00.000Z,300,36038,497,7,5,7,1942,0,0,0,D,0,4U1,OLYMPIC BL,CAMULOS ST,260,W,N,A,-,N,,0,0,,,0,,,,N,0,0,0,2,A,-,3,22350,,M,C,E,A,A,H,-,D,D,0,,,,,Y,,-,99,0,0,0,0,0,0,0,0,0,- ,- ,0,0,600,2,LOS ANGELES,LOS ANGELES,CA,-118.2164117,34.02279282,"OLYMPIC BLVD & CAMULOS ST, LOS ANGELES, CA",OLYMPIC BLVD,CAMULOS ST,131471,
-118.4218677,34.06775665,35322,8830430,2019,2019-03-29T00:00:00.000Z,1942,2019-02-01T00:00:00.000Z,325,42815,829,5,5,7,1942,0,0,0,H,0,8A59,WILSHIRE BL,COMSTOCK AV,1111,E,N,A,-,N,,0,0,,,0,,,,Y,0,0,0,2,A,-,3,22350,,M,C,E,A,A,H,-,C,A,0,,,,,Y,,-,99,0,0,0,0,0,0,0,0,0,- ,- ,0,0,600,2,LOS ANGELES,LOS ANGELES,CA,-118.4218677,34.06775665,"WILSHIRE BLVD & COMSTOCK AVE, LOS ANGELES, CA",WILSHIRE BLVD,COMSTOCK AVE,124927,
-118.3442555,33.9871254,35323,8793211,2019,2019-02-25T00:00:00.000Z,1942,2019-02-02T00:00:00.000Z,600,43627,1231,6,5,7,1942,0,0,0,L,0,12A39,59TH ST,ALVISO AV,80,W,N,C,-,N,,0,0,,,0,,,,Y,0,0,0,2,A,-,3,22350,,M,B,E,A,B,H,-,B,D,0,,,,,Y,,-,99,0,0,0,0,0,0,0,0,0,- ,- ,0,0,900,2,LOS ANGELES,LOS ANGELES,CA,-118.3442555,33.9871254,"59TH ST & ALVISO AVE, LOS ANGELES, CA",59TH ST,ALVISO AVE,110067,
-118.6343483,34.21717453,35324,8816045,2019,2019-03-22T00:00:00.000Z,1942,2019-02-17T00:00:00.000Z,655,27260,2111,7,5,7,1942,0,0,0,,0,21A1,JONATHAN ST,MELBA AV,20,W,N,A,-,N,,0,0,,,0,,,,Y,4,0,1,2,A,-,3,22350,,N,C,E,A,A,H,-,A,B,0,,,,,Y,,A,1,0,0,1,0,0,0,0,0,0,- ,- ,0,0,900,2,LOS ANGELES,LOS ANGELES,CA,-118.6343483,34.21717453,"JONATHAN ST & MELBA AVE, LOS ANGELES, CA",JONATHAN ST,MELBA AVE,111508,
-118.1819532,34.08431244,35325,8821226,2019,2019-04-04T00:00:00.000Z,1942,2019-02-28T00:00:00.000Z,700,42876,427,4,5,7,1942,0,0,0,,0,4A9,N MINTO CT,TWINING ST,142,N,N,A,-,N,,0,0,,,0,,,,N,0,0,0,2,A,-,13,22515,B,M,C,E,A,A,H,-,A,D,0,,,,,Y,,-,99,0,0,0,0,0,0,0,0,0,- ,- ,0,0,900,2,LOS ANGELES,LOS ANGELES,CA,-118.1819532,34.08431244,"MINTO CT & TWINING ST, LOS ANGELES, CA",MINTO CT,TWINING ST,135648,
-118.2023878,34.06547546,35326,8821846,2019,2019-03-26T00:00:00.000Z,1942,2019-02-07T00:00:00.000Z,600,426711,424,4,5,7,1942,0,0,0,D,0,4A15,VALLEY BL,SAN PABLO ST,30,W,N,A,-,N,,0,0,,,0,,,,N,4,0,1,2,A,-,3,22350,,N,C,E,A,A,H,-,A,D,0,,,,,Y,,A,1,0,0,1,0,0,0,0,0,0,- ,- ,0,0,900,2,LOS ANGELES,LOS ANGELES,CA,-118.2023878,34.06547546,"VALLEY BLVD & SAN PABLO ST, LOS ANGELES, CA",VALLEY BLVD,SAN PABLO ST,118300,
-118.3942021,34.0494957,35327,8830418,2019,2019-03-29T00:00:00.000Z,1942,2019-02-21T00:00:00.000Z,825,42901,887,4,5,7,1942,0,0,0,H,0,8A95,MONTE MAR DR,REXFORD DR,0,,Y,A,-,N,,0,0,,,0,,,,N,0,0,0,2,A,-,3,22350,,M,B,E,A,A,H,-,A,D,0,,,,,Y,,-,99,0,0,0,0,0,0,0,0,0,- ,- ,0,0,900,2,LOS ANGELES,LOS ANGELES,CA,-118.3942021,34.0494957,"MONTE MAR DR & REXFORD DR, LOS ANGELES, CA",MONTE MAR DR,REXFORD DR,118218,
-118.1954607,34.11125946,35328,8830437,2019,2019-03-27T00:00:00.000Z,1942,2019-02-14T00:00:00.000Z,640,38982,1118,4,5,7,1942,0,0,0,K,0,11A37,MONTE VISTA ST,AVE 56,110,N,N,C,-,N,,0,0,,,0,,,,N,0,0,0,2,A,-,5,21650,,M,D,E,A,B,H,-,B,D,0,,,,,Y,,-,99,0,0,0,0,0,0,0,0,0,- ,- ,0,0,900,2,LOS ANGELES,LOS ANGELES,CA,-118.1954607,34.11125946,"MONTE VISTA ST & AVE 56, LOS ANGELES, CA",MONTE VISTA ST,AVE 56,142409,
-118.238658,34.01634598,35329,8830519,2019,2019-03-28T00:00:00.000Z,1942,2019-02-28T00:00:00.000Z,745,38502,13A9,4,5,7,1942,0,0,0,M,0,1309,E 22ND ST,S ALAMEDA ST,308,E,N,B,-,N,,0,0,,,0,,,,N,0,0,0,2,A,-,21,22106,,M,C,E,A,B,H,-,A,D,0,,,,,Y,,-,99,0,0,0,0,0,0,0,0,0,- ,- ,0,0,900,2,LOS ANGELES,LOS ANGELES,CA,-118.238658,34.01634598,"22ND ST & ALAMEDA ST, LOS ANGELES, CA",22ND ST,ALAMEDA ST,131686,
-118.3171421,34.07112503,35330,8836074,2019,2019-04-09T00:00:00.000Z,1942,2019-02-22T00:00:00.000Z,735,34959,2011,5,5,7,1942,0,0,0,,0,20A1,NORTON AV,2ND ST,0,,Y,A,-,N,,0,0,,,0,,,,Y,0,0,0,2,A,-,12,22450,A,N,D,E,A,A,H,-,A,A,0,,,,,Y,,A,1,0,0,0,0,0,0,0,0,0,- ,- ,0,0,900,2,LOS ANGELES,LOS ANGELES,CA,-118.3171421,34.07112503,"NORTON AVE & 2ND ST, LOS ANGELES, CA",NORTON AVE,2ND ST,128766,
-118.2740221,34.00912476,35331,8842738,2019,2019-05-22T00:00:00.000Z,1942,2019-02-10T00:00:00.000Z,800,42973,1354,7,5,7,1942,0,0,0,M,0,,MAIN ST,41ST ST,0,,Y,A,-,N,,0,0,,,0,,,,N,0,0,0,2,A,-,0,20015,A,M,B,E,A,B,H,-,A,D,0,,,,,Y,,-,99,0,0,0,0,0,0,0,0,0,- ,- ,0,0,900,2,LOS ANGELES,LOS ANGELES,CA,-118.2740221,34.00912476,"MAIN ST & 41ST ST, LOS ANGELES, CA",MAIN ST,41ST ST,149010,
-118.2448834,34.03082275,35332,8847951,2019,2019-04-23T00:00:00.000Z,1942,2019-02-10T00:00:00.000Z,600,34906,LOS A,7,5,7,1942,0,0,0,,0,13A9,S CENTRAL AV,11TH ST,50,S,N,A,-,N,,0,0,,,0,,,,N,0,0,0,2,A,-,3,22350,,M,C,E,A,A,H,-,C,A,0,,,,,Y,,-,99,0,0,0,0,0,0,0,0,0,- ,- ,0,0,900,2,LOS ANGELES,LOS ANGELES,CA,-118.2448834,34.03082275,"CENTRAL AVE & 11TH ST, LOS ANGELES, CA",CENTRAL AVE,11TH ST,131565,
-118.2664915,33.92917633,35333,8804769,2019,2019-03-08T00:00:00.000Z,1942,2019-02-16T00:00:00.000Z,1030,43670,1862,6,5,7,1942,0,0,0,R,0,18A63,116TH ST,TOWNE AV,15,W,N,A,-,N,,0,0,,,0,,,,N,0,0,0,2,A,-,3,22350,,M,B,E,A,A,H,-,A,D,0,,,,,Y,,-,99,0,0,0,0,0,0,0,0,0,- ,- ,0,0,1200,2,LOS ANGELES,LOS ANGELES,CA,-118.2664915,33.92917633,"116TH ST & TOWNE AVE, LOS ANGELES, CA",116TH ST,TOWNE AVE,145458,
-118.3089521,33.99097061,35334,8807056,2019,2019-03-05T00:00:00.000Z,1942,2019-02-18T00:00:00.000Z,1015,42030,1213,1,5,7,1942,0,0,0,L,0,12A51,WESTERN AV,57TH ST,2,S,N,A,-,N,,0,0,,,0,,,,Y,4,0,1,2,A,-,3,22350,,N,A,E,A,A,H,-,A,D,0,,,,,Y,,A,1,0,0,1,0,0,0,0,0,0,- ,- ,0,0,1200,2,LOS ANGELES,LOS ANGELES,CA,-118.3089521,33.99097061,"WESTERN AVE & 57TH ST, LOS ANGELES, CA",WESTERN AVE,57TH ST,138087,
-118.2462621,33.94441223,35335,8809295,2019,2019-04-02T00:00:00.000Z,1942,2019-02-14T00:00:00.000Z,910,41756,1826,4,5,7,1942,0,0,0,R,0,1.80E+16,COMPTON AV,E 102ND ST,50,N,N,C,-,N,,0,0,,,0,,,,N,4,0,1,2,A,-,3,22350,,N,H,E,A,B,G,-,A,D,0,,,,,Y,,A,1,0,0,1,0,0,0,0,0,0,- ,- ,0,0,1200,2,LOS ANGELES,LOS ANGELES,CA,-118.2462621,33.94441223,"COMPTON AVE & 102ND ST, LOS ANGELES, CA",COMPTON AVE,102ND ST,124256,
-118.3105343,34.10172653,35336,8811333,2019,2019-03-12T00:00:00.000Z,1942,2019-02-21T00:00:00.000Z,905,31573,648,4,5,7,1942,0,0,0,F,0,6A49,HOLLYWOOD BL,GARFIELD PL,60,E,N,A,-,N,,0,0,,,0,,,,N,0,0,0,2,A,-,6,21750,A,M,B,E,A,A,H,-,A,A,0,,,,,Y,,-,99,0,0,0,0,0,0,0,0,0,- ,- ,0,0,1200,2,LOS ANGELES,LOS ANGELES,CA,-118.3105343,34.10172653,"HOLLYWOOD BLVD & GARFIELD PL, LOS ANGELES, CA",HOLLYWOOD BLVD,GARFIELD PL,146504,
-118.4666184,34.2084465,35338,8815841,2019,2019-03-29T00:00:00.000Z,1942,2019-02-24T00:00:00.000Z,1000,38471,901,7,5,7,1942,0,0,0,I,0,9A19W2,SATICOY ST,SEPULVEDA BL,120,W,N,A,-,N,,0,0,,,0,,,,N,0,0,0,2,A,-,17,22517,,N,B,E,A,A,H,-,A,A,0,,,,,Y,,A,1,0,0,0,0,0,0,0,0,0,- ,- ,0,0,1200,2,LOS ANGELES,LOS ANGELES,CA,-118.4666184,34.2084465,"SATICOY ST & SEPULVEDA BLVD, LOS ANGELES, CA",SATICOY ST,SEPULVEDA BLVD,136525,
-118.2395848,34.04946518,35339,8821250,2019,2019-04-04T00:00:00.000Z,1942,2019-02-21T00:00:00.000Z,1000,38502,128,4,5,7,1942,0,0,0,A,0,1A29,1ST ST,CENTRAL AV,172,W,N,A,-,N,,0,0,,,0,,,,N,0,0,0,2,A,-,3,22350,,M,B,E,A,A,H,-,A,D,0,,,,Y,Y,,-,99,0,0,0,0,0,0,0,0,0,- ,- ,0,0,1200,2,LOS ANGELES,LOS ANGELES,CA,-118.2395848,34.04946518,"1ST ST & CENTRAL AVE, LOS ANGELES, CA",1ST ST,CENTRAL AVE,124611,
-118.254072,34.04567337,35340,8823542,2019,2019-03-19T00:00:00.000Z,1942,2019-02-06T00:00:00.000Z,1145,41461,153,3,5,7,1942,0,0,0,A,0,1X27-W,7TH ST,HILL ST,150,E,N,A,-,N,,0,0,,,0,,,,N,0,0,0,2,A,-,7,21658,A,M,B,E,A,A,H,-,A,D,0,,,,,Y,,-,99,0,0,0,0,0,0,0,0,0,- ,- ,0,0,1200,2,LOS ANGELES,LOS ANGELES,CA,-118.254072,34.04567337,"7TH ST & HILL ST, LOS ANGELES, CA",7TH ST,HILL ST,103561,
-118.3493438,34.06303406,35341,8829654,2019,2019-04-16T00:00:00.000Z,1942,2019-02-23T00:00:00.000Z,955,36664,735,6,5,7,1942,0,0,0,G,0,7A33,BURNSIDE AV,WILSHIRE BL,250,N,N,A,-,N,,0,0,,,0,,,,N,0,0,0,2,A,-,8,22107,,N,B,E,A,A,H,-,A,D,0,,,,,Y,,J,43,0,0,0,0,0,0,0,0,0,- ,- ,0,0,1200,2,LOS ANGELES,LOS ANGELES,CA,-118.3493438,34.06303406,"BURNSIDE AVE & WILSHIRE BLVD, LOS ANGELES, CA",BURNSIDE AVE,WILSHIRE BLVD,126872,
-118.2626199,33.98719025,35342,8829666,2019,2019-04-17T00:00:00.000Z,1942,2019-02-04T00:00:00.000Z,950,42932,1385,1,5,7,1942,0,0,0,M,0,13A85,59TH ST,AVALON BL,800,E,N,C,-,N,,0,0,,,0,,,,N,0,0,0,2,A,-,6,21755,A,N,B,E,A,B,H,-,A,D,0,,,,Y,Y,,F,26,0,0,0,0,0,0,0,0,0,- ,- ,0,0,1200,2,LOS ANGELES,LOS ANGELES,CA,-118.2626199,33.98719025,"59TH ST & AVALON BLVD, LOS ANGELES, CA",59TH ST,AVALON BLVD,96064,
-118.3795665,34.05712891,35343,8830145,2019,2019-04-09T00:00:00.000Z,1942,2019-02-06T00:00:00.000Z,1038,38721,849,3,5,7,1942,0,0,0,H,0,8A59,WHITWORTH DR,SHERBOURNE DR,59,W,N,A,-,N,,0,0,,,0,,,,N,0,0,0,2,A,-,8,22107,,N,B,E,A,A,H,-,A,D,0,,,,Y,Y,,A,1,0,0,0,0,0,0,0,0,0,- ,- ,0,0,1200,2,LOS ANGELES,LOS ANGELES,CA,-118.3795665,34.05712891,"WHITWORTH DR & SHERBOURNE DR, LOS ANGELES, CA",WHITWORTH DR,SHERBOURNE DR,106908,
-118.4646729,34.04170227,35344,8830402,2019,2019-03-29T00:00:00.000Z,1942,2019-02-25T00:00:00.000Z,900,37575,841,1,5,7,1942,0,0,0,H,0,8AU1,BUNDY DR,ROCHESTER AVE,150,S,N,A,-,N,,0,0,,,0,,,,N,0,0,0,2,A,-,21,22106,,M,H,E,A,A,H,-,A,D,0,,,,,Y,,-,99,0,0,0,0,0,0,0,0,0,- ,- ,0,0,1200,2,LOS ANGELES,LOS ANGELES,CA,-118.4646729,34.04170227,"BUNDY DR & ROCHESTER AVE, LOS ANGELES, CA",BUNDY DR,ROCHESTER AVE,117885,
-118.2806956,34.03178787,35346,8793237,2019,2019-02-25T00:00:00.000Z,1942,2019-02-11T00:00:00.000Z,1300,37146,308,1,5,7,1942,0,0,0,C,0,25T22,SCARFF ST,ADAMS BL,500,N,N,A,-,N,,0,0,,,0,,,,N,0,0,0,2,A,-,3,22350,,M,C,E,A,A,H,-,A,D,0,,,,,Y,,-,99,0,0,0,0,0,0,0,0,0,- ,- ,0,0,1500,2,LOS ANGELES,LOS ANGELES,CA,-118.2806956,34.03178787,"SCARFF ST & ADAMS BLVD, LOS ANGELES, CA",SCARFF ST,ADAMS BLVD,100060,
-118.2958563,34.02550507,35347,8793916,2019,2019-03-01T00:00:00.000Z,1942,2019-02-16T00:00:00.000Z,1420,42629,337,6,5,7,1942,0,0,0,,0,3XL94,JEFFERSON,BUDLONG,20,E,N,A,-,N,,0,0,,,0,,,,N,0,0,0,2,A,-,7,21658,A,N,-,E,A,A,H,-,A,A,0,,,,,Y,,-,99,0,0,0,0,0,0,0,0,0,- ,- ,0,0,1500,2,LOS ANGELES,LOS ANGELES,CA,-118.2958563,34.02550507,"JEFFERSON BLVD & BUDLONG AVE, LOS ANGELES, CA",JEFFERSON BLVD,BUDLONG AVE,124268,
-118.3049727,34.0435791,35348,8806971,2019,2019-03-01T00:00:00.000Z,1942,2019-02-13T00:00:00.000Z,1445,31465,2074,3,5,7,1942,0,0,0,,0,20A71,VENICE BL,HOBART BL,100,E,N,C,-,N,,0,0,,,0,,,,N,0,0,0,2,A,-,3,22350,,M,B,E,A,B,H,-,A,D,0,,,,,Y,,-,99,0,0,0,0,0,0,0,0,0,- ,- ,0,0,1500,2,LOS ANGELES,LOS ANGELES,CA,-118.3049727,34.0435791,"VENICE BLVD & HOBART BLVD, LOS ANGELES, CA",VENICE BLVD,HOBART BLVD,138496,
-118.3139247,34.08712769,35349,8807732,2019,2019-03-15T00:00:00.000Z,1942,2019-02-05T00:00:00.000Z,1212,41683,677,2,5,7,1942,0,0,0,F,0,6A77,LEMON GROVE AV,WILTON PL,110,W,N,A,-,N,,0,0,,,0,,,,N,0,0,0,2,A,-,21,22106,,M,H,E,A,A,H,-,A,D,0,,,,,Y,,-,99,0,0,0,0,0,0,0,0,0,- ,- ,0,0,1500,2,LOS ANGELES,LOS ANGELES,CA,-118.3139247,34.08712769,"LEMON GROVE AVE & WILTON PL, LOS ANGELES, CA",LEMON GROVE AVE,WILTON PL,106014,
-118.4664919,34.19391632,35351,8815984,2019,2019-03-14T00:00:00.000Z,1942,2019-02-28T00:00:00.000Z,1345,39746,923,4,5,7,1942,0,0,0,I,0,9A23,VANOWEN ST,SEPULVEDA BL,100,W,N,A,-,N,,0,0,,,0,,,,N,0,0,0,2,B,-,22,0,,M,B,E,A,A,H,-,A,D,0,,,,,Y,,-,99,0,0,0,0,0,0,0,0,0,- ,- ,0,0,1500,2,LOS ANGELES,LOS ANGELES,CA,-118.4664919,34.19391632,"VANOWEN ST & SEPULVEDA BLVD, LOS ANGELES, CA",VANOWEN ST,SEPULVEDA BLVD,139988,