X,Y,OBJECTID,case_id,accident_year,proc_date,juris,collision_date,collision_time,officer_id,reporting_district,day_of_week,chp_shift,population,cnty_city_loc,special_cond,beat_type,chp_beat_type,city_division_lapd,chp_beat_class,beat_number,primary_rd,secondary_rd,distance,direction,intersection,weather_1,weather_2,state_hwy_ind,caltrans_county,caltrans_district,state_route,route_suffix,postmile_prefix,postmile,location_type,ramp_intersection,side_of_hwy,tow_away,collision_severity,number_killed,number_injured,party_count,primary_coll_factor,pcf_code_of_viol,pcf_viol_category,pcf_violation,pcf_viol_subsection,hit_and_run,type_of_collision,mviw,ped_action,road_surface,road_cond_1,road_cond_2,lighting,control_device,chp_road_type,pedestrian_accident,bicycle_accident,motorcycle_accident,truck_accident,not_private_property,alcohol_involved,stwd_vehtype_at_fault,chp_vehtype_at_fault,count_severe_inj,count_visible_inj,count_complaint_pain,count_ped_killed,count_ped_injured,count_bicyclist_killed,count_bicyclist_injured,count_mc_killed,count_mc_injured,primary_ramp,secondary_ramp,latitude,longitude,timecat,month_,city,county,state,point_x,point_y,match_addr,m_primaryrd,m_secondrd,int_id,Flag
-118.4942522,34.19389343,35352,8818017,2019,2019-03-26T00:00:00.000Z,1942,2019-02-26T00:00:00.000Z,1225,38947,1039,2,5,7,1942,0,0,0,J,0,10A39,VANOWEN ST,DE CELIS AV,103,E,N,A,-,N,,0,0,,,0,,,,N,0,0,0,2,A,-,8,22107,,M,B,E,A,A,H,-,A,D,0,,,,Y,Y,,-,99,0,0,0,0,0,0,0,0,0,- ,- ,0,0,1500,2,LOS ANGELES,LOS ANGELES,CA,-118.4942522,34.19389343,"VANOWEN ST & DE CELIS PL, LOS ANGELES, CA",VANOWEN ST,DE CELIS PL,140011,
-118.256934,34.07657623,35353,8833374,2019,2019-04-09T00:00:00.000Z,1942,2019-02-27T00:00:00.000Z,1315,34344,218,3,5,7,1942,0,0,0,B,0,2A17,W SUNSET BL,ECHO PK,150,E,N,A,-,N,,0,0,,,0,,,,N,0,0,0,2,A,-,21,22106,,M,H,E,A,A,H,-,A,D,0,,,,,Y,,-,99,0,0,0,0,0,0,0,0,0,- ,- ,0,0,1500,2,LOS ANGELES,LOS ANGELES,CA,-118.256934,34.07657623,"SUNSET BLVD & ECHO PARK AVE, LOS ANGELES, CA",SUNSET BLVD,ECHO PARK AVE,100783,
-118.4324522,34.19756317,35354,8793551,2019,2019-02-25T00:00:00.000Z,1942,2019-02-09T00:00:00.000Z,1755,339252,916,6,5,7,1942,0,0,0,,0,15U2,MAMMOTH AV,HART ST,0,,Y,A,-,N,,0,0,,,0,,,,Y,0,0,0,2,A,-,7,21658,,M,B,E,A,A,H,-,C,D,0,,,,,Y,,-,99,0,0,0,0,0,0,0,0,0,- ,- ,0,0,1800,2,LOS ANGELES,LOS ANGELES,CA,-118.4324522,34.19756317,"MAMMOTH AVE & HART ST, LOS ANGELES, CA",MAMMOTH AVE,HART ST,132562,
-118.6428313,34.19325256,35355,8805249,2019,2019-02-27T00:00:00.000Z,1942,2019-02-02T00:00:00.000Z,1500,42627,LOSAN,6,5,7,1942,0,0,0,,0,21A43,VANOWEN ST,PLATT AV,100,W,N,C,-,N,,0,0,,,0,,,,N,0,0,0,2,B,-,22,0,,M,B,E,A,B,H,-,A,A,0,,,,,Y,,-,99,0,0,0,0,0,0,0,0,0,- ,- ,0,0,1800,2,LOS ANGELES,LOS ANGELES,CA,-118.6428313,34.19325256,"VANOWEN ST & PLATT AVE, LOS ANGELES, CA",VANOWEN ST,PLATT AVE,140107,
-118.317561,34.05030823,35356,8812449,2019,2019-02-28T00:00:00.000Z,1942,2019-02-13T00:00:00.000Z,1750,37575,759,3,5,7,1942,0,0,0,G,0,,WESTCHESTER PL,COUNTRY CLUB DR,100,S,N,A,-,N,,0,0,,,0,,,,N,0,0,0,2,A,-,21,22106,,M,H,E,A,A,H,-,C,D,0,,,,,Y,,-,99,0,0,0,0,0,0,0,0,0,- ,- ,0,0,1800,2,LOS ANGELES,LOS ANGELES,CA,-118.317561,34.05030823,"WESTCHESTER PL & COUNTRY CLUB DR, LOS ANGELES, CA",WESTCHESTER PL,COUNTRY CLUB DR,142115,
-118.2203706,34.04938889,35357,8821635,2019,2019-03-22T00:00:00.000Z,1942,2019-02-13T00:00:00.000Z,1630,36715,452,3,5,7,1942,0,0,0,D,0,4A56,PENNSYLVANIA ST,ENCHANDIA ST,3,N,N,B,-,N,,0,0,,,0,,,,N,0,0,0,2,A,-,8,22107,,N,A,E,A,A,-,-,A,-,0,,,,,Y,,A,1,0,0,0,0,0,0,0,0,0,- ,- ,0,0,1800,2,LOS ANGELES,LOS ANGELES,CA,-118.2203706,34.04938889,"PENNSYLVANIA AVE & ECHANDIA ST, LOS ANGELES, CA",PENNSYLVANIA AVE,ECHANDIA ST,121172,
-118.2322521,34.02958298,35358,8830329,2019,2019-03-28T00:00:00.000Z,1942,2019-02-28T00:00:00.000Z,1700,40275,1309,4,5,7,1942,0,0,0,M,0,13A9,E 8TH ST,MATEO ST,0,,Y,A,-,N,,0,0,,,0,,,,N,4,0,1,2,A,-,9,21802,A,F,D,E,A,A,H,-,A,D,0,,,,,Y,,-,99,0,0,1,0,0,0,0,0,0,- ,- ,0,0,1800,2,LOS ANGELES,LOS ANGELES,CA,-118.2322521,34.02958298,"8TH ST & MATEO ST, LOS ANGELES, CA",8TH ST,MATEO ST,135085,
-118.276619,34.11098099,35359,8830508,2019,2019-03-27T00:00:00.000Z,1942,2019-02-28T00:00:00.000Z,1720,39508,1132,4,5,7,1942,0,0,0,K,0,11A1,ROWENA AV,GRIFFITH PARK BL,80,E,N,A,-,N,,0,0,,,0,,,,N,0,0,0,2,A,-,21,22106,,M,H,E,A,A,H,-,A,D,0,,,,,Y,,-,99,0,0,0,0,0,0,0,0,0,- ,- ,0,0,1800,2,LOS ANGELES,LOS ANGELES,CA,-118.276619,34.11098099,"ROWENA AVE & GRIFFITH PARK BLVD, LOS ANGELES, CA",ROWENA AVE,GRIFFITH PARK BLVD,139098,
-118.4834559,34.07536316,35360,8835270,2019,2019-04-09T00:00:00.000Z,1942,2019-02-27T00:00:00.000Z,1755,42470,813,3,5,7,1942,0,0,0,,0,8A52,TIGERTAIL RD,DEERBROOK LN,100,S,N,A,-,N,,0,0,,,0,,,,Y,3,0,1,2,A,-,3,22350,,N,C,E,A,A,H,-,D,D,0,,,,,Y,,A,7,0,1,0,0,0,0,0,0,0,- ,- ,0,0,1800,2,LOS ANGELES,LOS ANGELES,CA,-118.4834559,34.07536316,"TIGERTAIL RD & DEERBROOK LN, LOS ANGELES, CA",TIGERTAIL RD,DEERBROOK LN,121435,
-118.4299206,34.02995682,35361,8837282,2019,2019-05-29T00:00:00.000Z,1942,2019-02-19T00:00:00.000Z,1540,38262,1403,2,5,7,1942,0,0,0,N,0,14A27,SARDIS AV,SEPULVEDA BL,45,E,N,A,-,N,,0,0,,,0,,,,N,0,0,0,2,A,-,3,22350,,N,B,E,A,A,H,-,A,D,0,,,,,Y,,A,1,0,0,0,0,0,0,0,0,0,- ,- ,0,0,1800,2,LOS ANGELES,LOS ANGELES,CA,-118.4299206,34.02995682,"SARDIS AVE & SEPULVEDA BLVD, LOS ANGELES, CA",SARDIS AVE,SEPULVEDA BLVD,149939,
-118.3177462,33.94564819,35362,8796351,2019,2019-02-26T00:00:00.000Z,1942,2019-02-02T00:00:00.000Z,1930,41129,1283,6,5,7,1942,0,0,0,L,0,12A73,VAN NESS AV,CENTURY BL,71,N,N,B,-,N,,0,0,,,0,,,,Y,4,0,1,2,A,-,1,23152,A,M,B,E,A,B,H,-,C,A,0,,,,,Y,Y,A,1,0,0,1,0,0,0,0,0,0,- ,- ,0,0,2100,2,LOS ANGELES,LOS ANGELES,CA,-118.3177462,33.94564819,"VAN NESS AVE & CENTURY BLVD, LOS ANGELES, CA",VAN NESS AVE,CENTURY BLVD,120661,
-118.3073921,33.80494309,35363,8811125,2019,2019-03-18T00:00:00.000Z,1942,2019-02-21T00:00:00.000Z,2050,37635,509,4,5,7,1942,0,0,0,,0,5A11,242ND PL,WESTERN,0,,Y,A,-,N,,0,0,,,0,,,,N,0,0,0,2,A,-,21,22106,,M,C,E,A,A,H,-,C,D,0,,,,,Y,,-,99,0,0,0,0,0,0,0,0,0,- ,- ,0,0,2100,2,LOS ANGELES,LOS ANGELES,CA,-118.3073921,33.80494308,"242ND PL & WESTERN AVE, LOS ANGELES, CA",242ND PL,WESTERN AVE,109358,
-118.4621584,34.04840851,35364,8812441,2019,2019-02-28T00:00:00.000Z,1942,2019-02-16T00:00:00.000Z,1945,40033,832,6,5,7,1942,0,0,0,H,0,8A59,WILSHIRE BL,STONER AV,150,W,N,A,-,N,,0,0,,,0,,,,N,0,0,0,2,A,-,21,22106,,M,B,E,A,A,H,-,C,A,0,,,,,Y,,-,99,0,0,0,0,0,0,0,0,0,- ,- ,0,0,2100,2,LOS ANGELES,LOS ANGELES,CA,-118.4621584,34.04840851,"WILSHIRE BLVD & STONER AVE, LOS ANGELES, CA",WILSHIRE BLVD,STONER AVE,107297,
-118.3089782,34.03141403,35365,8814842,2019,2019-03-06T00:00:00.000Z,1942,2019-02-23T00:00:00.000Z,1830,43324,315,6,5,7,1942,0,0,0,C,0,3A41,WESTERN AV,27TH ST,200,N,N,A,-,N,,0,0,,,0,,,,N,0,0,0,2,A,-,3,22350,,M,C,E,A,A,H,-,B,D,0,,,,,Y,Y,-,99,0,0,0,0,0,0,0,0,0,- ,- ,0,0,2100,2,LOS ANGELES,LOS ANGELES,CA,-118.3089782,34.03141403,"WESTERN AVE & 27TH ST, LOS ANGELES, CA",WESTERN AVE,27TH ST,113978,
-118.4635921,34.23549652,35366,8815979,2019,2019-03-15T00:00:00.000Z,1942,2019-02-24T00:00:00.000Z,2000,43386,1972,7,5,7,1942,0,0,0,,0,19A61W,NORDHOFF ST,BURNET AV,112,W,N,A,-,N,,0,0,,,0,,,,N,0,0,0,2,A,-,8,22107,,M,C,E,A,A,H,-,C,D,0,,,,,Y,,-,99,0,0,0,0,0,0,0,0,0,- ,- ,0,0,2100,2,LOS ANGELES,LOS ANGELES,CA,-118.4635921,34.23549652,"NORDHOFF ST & BURNET AVE, LOS ANGELES, CA",NORDHOFF ST,BURNET AVE,97954,
-118.5612822,34.21560669,35367,8818213,2019,2019-03-20T00:00:00.000Z,1942,2019-02-06T00:00:00.000Z,1820,42597,10,3,5,7,1942,0,0,0,J,0,10A77,STRATHERN ST,BATHWELL,0,,N,A,-,N,,0,0,,,0,,,,N,0,0,0,2,A,-,7,21658,,M,B,E,A,A,H,-,C,D,0,,,,,Y,Y,-,,0,0,0,0,0,0,0,0,0,- ,- ,0,0,2100,2,LOS ANGELES,LOS ANGELES,CA,-118.5612822,34.21560669,"STRATHERN ST & BOTHWELL RD, LOS ANGELES, CA",STRATHERN ST,BOTHWELL RD,147186,
-118.4989622,34.19861984,35368,8829871,2019,2019-04-11T00:00:00.000Z,1942,2019-02-20T00:00:00.000Z,1915,42597,1028,3,5,7,1942,0,0,0,J,0,10A17,FORBES ST,GUALT ST,250,S,N,A,-,N,,0,0,,,0,,,,N,0,0,0,2,A,-,8,22107,,M,B,E,A,B,H,-,C,D,0,,,,,Y,Y,-,99,0,0,0,0,0,0,0,0,0,- ,- ,0,0,2100,2,LOS ANGELES,LOS ANGELES,CA,-118.4989622,34.19861984,"FORBES AVE & GAULT ST, LOS ANGELES, CA",FORBES AVE,GAULT ST,112432,
-118.1784017,34.08187485,35369,8839301,2019,2019-04-17T00:00:00.000Z,1942,2019-02-16T00:00:00.000Z,2050,41405,428,6,5,7,1942,0,0,0,D,0,4G8,TEMPLETON ST,EASTERN AV,100,W,N,B,-,N,,0,0,,,0,,,,Y,0,0,0,2,A,-,3,22350,,M,C,E,A,A,H,-,C,A,0,,,,,Y,,A,1,0,0,0,0,0,0,0,0,0,- ,- ,0,0,2100,2,LOS ANGELES,LOS ANGELES,CA,-118.1784017,34.08187485,"TEMPLETON ST & EASTERN AVE, LOS ANGELES, CA",TEMPLETON ST,EASTERN AVE,135517,
-118.4530722,34.19932556,35371,8802319,2019,2019-03-06T00:00:00.000Z,1942,2019-02-15T00:00:00.000Z,2250,40353,914,5,5,7,1942,0,0,0,I,0,9A23,CEDROS AV,GAULT ST,1,E,N,A,-,N,,0,0,,,0,,,,Y,3,0,2,2,A,-,1,23152,A,N,D,E,A,B,H,-,C,D,0,,,,,Y,Y,A,1,0,2,0,0,0,0,0,0,0,- ,- ,0,0,2400,2,LOS ANGELES,LOS ANGELES,CA,-118.4530722,34.19932556,"CEDROS AVE & GAULT ST, LOS ANGELES, CA",CEDROS AVE,GAULT ST,129589,
-118.4630913,34.20299912,35372,8815945,2019,2019-03-15T00:00:00.000Z,1942,2019-02-27T00:00:00.000Z,2240,42251,904,3,5,7,1942,0,0,0,I,0,9A5,WYANDOTTE ST,BURNET AV,285,E,N,B,-,N,,0,0,,,0,,,,Y,4,0,2,2,A,-,3,22350,,N,E,E,A,B,H,-,C,D,0,,,,,Y,,A,1,0,0,2,0,0,0,0,0,0,- ,- ,0,0,2400,2,LOS ANGELES,LOS ANGELES,CA,-118.4630913,34.20299911,"WYANDOTTE ST & BURNET AVE, LOS ANGELES, CA",WYANDOTTE ST,BURNET AVE,97983,
-118.3040139,33.94952774,35373,8816195,2019,2019-03-07T00:00:00.000Z,1942,2019-02-20T00:00:00.000Z,2210,43521,1283,3,5,7,1942,0,0,0,L,0,12A53,95TH ST,DENKER AV,200,E,N,A,-,N,,0,0,,,0,,,,Y,0,0,0,2,A,-,3,22350,,M,C,E,A,A,H,-,C,D,0,,,,,Y,,A,1,0,0,0,0,0,0,0,0,0,- ,- ,0,0,2400,2,LOS ANGELES,LOS ANGELES,CA,-118.3040139,33.94952774,"95TH ST & DENKER AVE, LOS ANGELES, CA",95TH ST,DENKER AVE,127678,
-118.4052551,34.1512413,35374,8820613,2019,2019-03-15T00:00:00.000Z,1942,2019-02-16T00:00:00.000Z,2230,43427,1562,6,5,7,1942,0,0,0,O,0,15A67,WHITSETT AV,MOORPARK ST,320,N,N,A,-,N,,0,0,,,0,,,,Y,0,0,0,2,A,-,8,22107,,N,B,E,A,A,H,-,C,D,0,,,,,Y,,A,1,0,0,0,0,0,0,0,0,0,- ,- ,0,0,2400,2,LOS ANGELES,LOS ANGELES,CA,-118.4052551,34.1512413,"WHITSETT AVE & MOORPARK ST, LOS ANGELES, CA",WHITSETT AVE,MOORPARK ST,136843,
-118.3352522,34.09285736,35375,8820621,2019,2019-04-03T00:00:00.000Z,1942,2019-02-21T00:00:00.000Z,2240,43332,663,4,5,7,1942,0,0,0,,0,6AA63,CHEROKEE AV,LEXINGTON AV,100,N,N,A,-,N,,0,0,,,0,,,,N,0,0,0,2,A,-,0,23123,A,M,B,E,A,A,H,-,C,D,0,,,,,Y,,-,99,0,0,0,0,0,0,0,0,0,- ,- ,0,0,2400,2,LOS ANGELES,LOS ANGELES,CA,-118.3352521,34.09285736,"CHEROKEE AVE & LEXINGTON AVE, LOS ANGELES, CA",CHEROKEE AVE,LEXINGTON AVE,111111,
-118.2061421,34.11034775,35376,8823578,2019,2019-03-19T00:00:00.000Z,1942,2019-02-08T00:00:00.000Z,2100,42109,1148,5,5,7,1942,0,0,0,K,0,1148,AVENUE 50,SAN MARCOS PL,301,E,N,A,-,N,,0,0,,,0,,,,N,0,0,0,2,A,-,7,21658,,M,B,E,A,A,H,-,C,D,0,,,,,Y,,-,99,0,0,0,0,0,0,0,0,0,- ,- ,0,0,2400,2,LOS ANGELES,LOS ANGELES,CA,-118.2061421,34.11034775,"AVE 50 & SAN MARCOS PL, LOS ANGELES, CA",AVE 50,SAN MARCOS PL,110884,
-118.176168,34.08400726,35377,8830449,2019,2019-03-27T00:00:00.000Z,1942,2019-02-10T00:00:00.000Z,2350,38826,426,7,5,7,1942,0,0,0,D,0,4A72,TWINING ST,CASTALIA AV,250,S,N,A,-,N,,0,0,,,0,,,,Y,0,0,0,2,A,-,3,22350,,M,B,E,A,A,H,-,C,D,0,,,,,Y,,-,99,0,0,0,0,0,0,0,0,0,- ,- ,0,0,2400,2,LOS ANGELES,LOS ANGELES,CA,-118.176168,34.08400726,"TWINING ST & CASTALIA AVE, LOS ANGELES, CA",TWINING ST,CASTALIA AVE,132464,
-118.4473743,34.03867722,35378,8834400,2019,2019-04-11T00:00:00.000Z,1942,2019-02-19T00:00:00.000Z,2206,37575,880,2,5,7,1942,0,0,0,H,0,14T47,COLBY AV,LA GRANGE AV,30,S,N,A,-,N,,0,0,,,0,,,,Y,0,0,0,2,A,-,1,23152,F,M,B,E,A,A,H,-,C,D,0,,,,,Y,Y,A,1,0,0,0,0,0,0,0,0,0,- ,- ,0,0,2400,2,LOS ANGELES,LOS ANGELES,CA,-118.4473743,34.03867722,"COLBY AVE & LA GRANGE AVE, LOS ANGELES, CA",COLBY AVE,LA GRANGE AVE,107341,
-118.4504388,34.29153824,35380,8793559,2019,2019-02-25T00:00:00.000Z,1942,2019-02-09T00:00:00.000Z,15,36239,1924,6,5,7,1942,0,0,0,,0,19A1,SAN FERNANDO RD,BLEEKER ST,500,S,N,A,-,N,,0,0,,,0,,,,Y,0,0,0,2,A,-,3,22350,,M,B,E,A,A,H,-,C,D,0,,,,,Y,,A,1,0,0,0,0,0,0,0,0,0,- ,- ,0,0,300,2,LOS ANGELES,LOS ANGELES,CA,-118.4504388,34.29153824,"SAN FERNANDO RD & BLEEKER ST, LOS ANGELES, CA",SAN FERNANDO RD,BLEEKER ST,140329,
-118.2762021,34.01303482,35381,8839357,2019,2019-04-30T00:00:00.000Z,1942,2019-02-05T00:00:00.000Z,1850,42715,1341,2,5,7,1942,0,0,0,M,0,13X94,BROADWAY PL,38TH ST,0,,Y,A,-,N,,0,0,,,0,,,,N,0,0,0,2,A,-,21,22106,,M,B,E,A,A,H,-,C,D,0,,,,,Y,,-,99,0,0,0,0,0,0,0,0,0,- ,- ,0,0,2100,2,LOS ANGELES,LOS ANGELES,CA,-118.2762021,34.01303482,"BROADWAY PL & 38TH ST, LOS ANGELES, CA",BROADWAY PL,38TH ST,96316,
-118.2640885,34.05928421,35382,8804413,2019,2019-03-29T00:00:00.000Z,1942,2019-02-04T00:00:00.000Z,155,39876,237,1,5,7,1942,0,0,0,,0,24T31,3RD ST,WITMER ST,205,W,N,C,-,N,,0,0,,,0,,,,Y,2,0,4,5,A,-,3,22350,,N,G,B,F,B,H,-,C,D,0,Y,,,Y,Y,,A,1,1,1,2,0,2,0,0,0,0,- ,- ,0,0,300,2,LOS ANGELES,LOS ANGELES,CA,-118.2640885,34.05928421,"3RD ST & WITMER ST, LOS ANGELES, CA",3RD ST,WITMER ST,131576,
-118.2914763,33.98894501,35383,8811107,2019,2019-03-20T00:00:00.000Z,1942,2019-02-23T00:00:00.000Z,100,42293,1218,6,5,7,1942,0,0,0,L,0,25T23,VERMONT AV,SLAUSON AV,58,S,N,A,-,N,,0,0,,,0,,,,N,2,0,1,2,A,-,11,21953,,F,G,B,D,A,H,-,C,D,0,Y,,,,Y,,N,60,1,0,0,0,1,0,0,0,0,- ,- ,0,0,300,2,LOS ANGELES,LOS ANGELES,CA,-118.2914763,33.98894501,"VERMONT AVE & SLAUSON AVE, LOS ANGELES, CA",VERMONT AVE,SLAUSON AVE,120739,
-118.2916921,34.07447434,35384,8812365,2019,2019-03-04T00:00:00.000Z,1942,2019-02-16T00:00:00.000Z,30,41353,2015,6,5,7,1942,0,0,0,,0,20A25,VERMONT AV,COUNCIL ST,0,,Y,A,-,N,,0,0,,,0,,,,N,4,0,1,2,A,-,11,21950,B,N,G,B,D,A,H,-,C,D,0,Y,,,,Y,,A,1,0,0,1,0,1,0,0,0,0,- ,- ,0,0,300,2,LOS ANGELES,LOS ANGELES,CA,-118.2916921,34.07447433,"VERMONT AVE & COUNCIL ST, LOS ANGELES, CA",VERMONT AVE,COUNCIL ST,128748,
-118.2944652,34.06177139,35385,8648715,2019,2019-03-13T00:00:00.000Z,1942,2019-02-20T00:00:00.000Z,325,39022,2036,3,5,7,1942,0,0,0,,0,20A45,WILSHIRE BL,BERENDO ST,95,W,N,A,-,N,,0,0,,,0,,,,Y,1,1,0,2,C,-,18,0,,N,G,G,E,A,H,-,C,D,0,Y,,,,Y,,-,- ,0,0,0,1,0,0,0,0,0,- ,- ,0,0,600,2,LOS ANGELES,LOS ANGELES,CA,-118.2944652,34.06177139,"WILSHIRE BLVD & BERENDO ST, LOS ANGELES, CA",WILSHIRE BLVD,BERENDO ST,102035,
-118.2082387,34.04613495,35386,8727511,2019,2019-03-22T00:00:00.000Z,1942,2019-02-12T00:00:00.000Z,530,37505,455,2,5,7,1942,0,0,0,D,0,4A53,SOTO ST,CESAR CHAVEZ AV,275,S,N,A,-,N,,0,0,,,0,,,,N,2,0,1,2,A,-,11,21955,,F,G,B,D,A,H,-,C,D,0,Y,,,,Y,,N,60,1,0,0,0,1,0,0,0,0,- ,- ,0,0,600,2,LOS ANGELES,LOS ANGELES,CA,-118.2082387,34.04613495,"SOTO ST & CESAR E CHAVEZ AVE, LOS ANGELES, CA",SOTO ST,CESAR E CHAVEZ AVE,103577,
-118.3658921,34.15037537,35387,8811470,2019,2019-03-20T00:00:00.000Z,1942,2019-02-14T00:00:00.000Z,530,37472,NHWD,4,5,7,1942,0,0,0,,0,15A21,MOORPARK ST,LANKERSHIM BL,0,,Y,C,-,N,,0,0,,,0,,,,N,4,0,1,2,A,-,11,21954,A,N,G,B,B,B,F,-,C,A,0,Y,,,,Y,,N,60,0,0,1,0,1,0,0,0,0,- ,- ,0,0,600,2,LOS ANGELES,LOS ANGELES,CA,-118.3658921,34.15037537,"MOORPARK ST & LANKERSHIM BLVD, LOS ANGELES, CA",MOORPARK ST,LANKERSHIM BLVD,143135,
-118.2833707,33.99966049,35388,8800886,2019,2019-02-27T00:00:00.000Z,1942,2019-02-05T00:00:00.000Z,645,37375,1208,2,5,7,1942,0,0,0,L,0,12A67,48TH ST,FIGUEROA ST,200,W,N,C,-,N,,0,0,,,0,,,,N,4,0,1,2,A,-,21,22106,,F,G,B,E,B,H,-,A,D,0,Y,,,,Y,,-,99,0,0,1,0,1,0,0,0,0,- ,- ,0,0,900,2,LOS ANGELES,LOS ANGELES,CA,-118.2833707,33.99966049,"48TH ST & FIGUEROA ST, LOS ANGELES, CA",48TH ST,FIGUEROA ST,96310,
-118.4806422,34.26364517,35389,8802440,2019,2019-03-14T00:00:00.000Z,1942,2019-02-12T00:00:00.000Z,800,43487,1749,2,5,7,1942,0,0,0,Q,0,17A49,GAYNOR AV,KINGSBURY ST,0,,Y,A,-,N,,0,0,,,0,,,,N,4,0,1,5,A,-,3,22350,,N,G,B,F,A,H,-,A,A,0,Y,,,,Y,,D,22,0,0,1,0,1,0,0,0,0,- ,- ,0,0,900,2,LOS ANGELES,LOS ANGELES,CA,-118.4806422,34.26364517,"GAYNOR AVE & KINGSBURY ST, LOS ANGELES, CA",GAYNOR AVE,KINGSBURY ST,97833,
-118.2702593,33.77954483,35390,8803944,2019,2019-03-05T00:00:00.000Z,1942,2019-02-11T00:00:00.000Z,730,41932,522,1,5,7,1942,0,0,0,E,0,5A25,ANAHEIM ST,BAY VIEW AV,10,N,N,A,-,N,,0,0,,,0,,,,N,4,0,2,3,A,-,3,22350,,N,G,B,B,A,H,-,A,D,0,Y,,,,Y,,A,1,0,0,2,0,2,0,0,0,0,- ,- ,0,0,900,2,LOS ANGELES,LOS ANGELES,CA,-118.2702593,33.77954483,"ANAHEIM ST & BAY VIEW AVE, LOS ANGELES, CA",ANAHEIM ST,BAY VIEW AVE,98596,
-118.5206436,34.20837784,35391,8816015,2019,2019-03-21T00:00:00.000Z,1942,2019-02-16T00:00:00.000Z,650,27792,1015,6,5,7,1942,0,0,0,J,0,10A3,SATICOY ST,BALCOM AV,45,E,N,A,-,N,,0,0,,,0,,,,Y,4,0,1,4,A,-,3,22350,,N,G,E,E,A,H,-,B,A,0,Y,,,,Y,,A,7,0,0,1,0,1,0,0,0,0,- ,- ,0,0,900,2,LOS ANGELES,LOS ANGELES,CA,-118.5206436,34.20837784,"SATICOY ST & BALCOM AVE, LOS ANGELES, CA",SATICOY ST,BALCOM AVE,105328,
-118.2520122,34.04662323,35392,8821538,2019,2019-03-22T00:00:00.000Z,1942,2019-02-12T00:00:00.000Z,740,31713,153,2,5,7,1942,0,0,0,A,0,1A41,W 6TH ST,S BROADWAY,0,,Y,A,-,N,,0,0,,,0,,,,N,4,0,1,2,A,-,11,21954,A,N,G,B,D,A,H,-,A,D,0,Y,,Y,,Y,,N,60,0,0,1,0,1,0,0,0,0,- ,- ,0,0,900,2,LOS ANGELES,LOS ANGELES,CA,-118.2520122,34.04662323,"6TH ST & BROADWAY, LOS ANGELES, CA",6TH ST,BROADWAY,135003,
-118.2543243,33.93284988,35393,8840121,2019,2019-04-29T00:00:00.000Z,1942,2019-02-26T00:00:00.000Z,615,41800,1846,2,5,7,1942,0,0,0,R,0,18A35,CENTRAL AV,112TH ST,100,S,N,A,-,N,,0,0,,,0,,,,N,2,0,1,2,A,-,11,21954,A,N,G,B,D,A,H,-,B,D,0,Y,,,,Y,,N,60,1,0,0,0,1,0,0,0,0,- ,- ,0,0,900,2,LOS ANGELES,LOS ANGELES,CA,-118.2543243,33.93284988,"CENTRAL AVE & 112TH ST, LOS ANGELES, CA",CENTRAL AVE,112TH ST,141803,
-118.3089355,34.00615692,35394,8841679,2019,2019-04-16T00:00:00.000Z,1942,2019-02-25T00:00:00.000Z,640,38503,395,1,5,7,1942,0,0,0,C,0,25TL27,WESTERN AV,42ND PL,83,S,N,A,-,N,,0,0,,,0,,,,N,2,0,1,2,A,-,11,21954,A,F,G,B,D,A,H,-,A,A,0,Y,,,,Y,,N,60,1,0,0,0,1,0,0,0,0,- ,- ,0,0,900,2,LOS ANGELES,LOS ANGELES,CA,-118.3089355,34.00615692,"WESTERN AVE & 42ND PL, LOS ANGELES, CA",WESTERN AVE,42ND PL,110319,
-118.4676729,34.30308151,35395,8793516,2019,2019-02-26T00:00:00.000Z,1942,2019-02-08T00:00:00.000Z,930,43105,1921,5,5,7,1942,0,0,0,,0,,EL DORADO,BLEDSOE ST,24,S,N,A,-,N,,0,0,,,0,,,,N,4,0,1,2,A,-,10,21950,A,F,G,-,-,A,H,-,A,-,0,Y,,,,Y,,-,99,0,0,1,0,1,0,0,0,0,- ,- ,0,0,1200,2,LOS ANGELES,LOS ANGELES,CA,-118.4676729,34.30308151,"EL DORADO AVE & BLEDSOE ST, LOS ANGELES, CA",EL DORADO AVE,BLEDSOE ST,105542,
-118.2917343,34.08217621,35396,8804552,2019,2019-03-06T00:00:00.000Z,1942,2019-02-17T00:00:00.000Z,945,37540,211,7,5,7,1942,0,0,0,B,0,2A1,N VERMONT AV,CLINTON ST,146,N,N,B,-,N,,0,0,,,0,,,,N,4,0,1,2,B,-,22,0,,N,G,J,E,A,D,-,A,D,0,Y,,,,Y,,A,7,0,0,1,0,1,0,0,0,0,- ,- ,0,0,1200,2,LOS ANGELES,LOS ANGELES,CA,-118.2917343,34.08217621,"VERMONT AVE & CLINTON ST, LOS ANGELES, CA",VERMONT AVE,CLINTON ST,142864,