X,Y,OBJECTID,case_id,accident_year,proc_date,juris,collision_date,collision_time,officer_id,reporting_district,day_of_week,chp_shift,population,cnty_city_loc,special_cond,beat_type,chp_beat_type,city_division_lapd,chp_beat_class,beat_number,primary_rd,secondary_rd,distance,direction,intersection,weather_1,weather_2,state_hwy_ind,caltrans_county,caltrans_district,state_route,route_suffix,postmile_prefix,postmile,location_type,ramp_intersection,side_of_hwy,tow_away,collision_severity,number_killed,number_injured,party_count,primary_coll_factor,pcf_code_of_viol,pcf_viol_category,pcf_violation,pcf_viol_subsection,hit_and_run,type_of_collision,mviw,ped_action,road_surface,road_cond_1,road_cond_2,lighting,control_device,chp_road_type,pedestrian_accident,bicycle_accident,motorcycle_accident,truck_accident,not_private_property,alcohol_involved,stwd_vehtype_at_fault,chp_vehtype_at_fault,count_severe_inj,count_visible_inj,count_complaint_pain,count_ped_killed,count_ped_injured,count_bicyclist_killed,count_bicyclist_injured,count_mc_killed,count_mc_injured,primary_ramp,secondary_ramp,latitude,longitude,timecat,month_,city,county,state,point_x,point_y,match_addr,m_primaryrd,m_secondrd,int_id,Flag
-118.2564803,33.95998001,35397,8807064,2019,2019-03-04T00:00:00.000Z,1942,2019-02-15T00:00:00.000Z,1145,39397,1269,5,5,7,1942,0,0,0,L,0,25TL21,CENTRAL AV,MANCHESTER AV,60,S,N,A,-,N,,0,0,,,0,,,,N,4,0,1,2,B,-,22,0,,F,G,B,F,A,H,-,A,D,0,Y,,,,Y,,-,99,0,0,1,0,1,0,0,0,0,- ,- ,0,0,1200,2,LOS ANGELES,LOS ANGELES,CA,-118.2564803,33.95998001,"CENTRAL AVE & MANCHESTER AVE, LOS ANGELES, CA",CENTRAL AVE,MANCHESTER AVE,120742,
-118.3514177,34.09981918,35398,8807226,2019,2019-03-11T00:00:00.000Z,1942,2019-02-07T00:00:00.000Z,1035,33589,643,4,5,7,1942,0,0,0,F,0,,HAWTHORN AV,VISTA ST,150,E,N,A,-,N,,0,0,,,0,,,,N,3,0,1,3,A,-,21,22106,,F,G,E,E,A,H,-,A,D,0,Y,,,Y,Y,,-,99,0,1,0,0,1,0,0,0,0,- ,- ,0,0,1200,2,LOS ANGELES,LOS ANGELES,CA,-118.3514177,34.09981918,"HAWTHORN AVE & VISTA ST, LOS ANGELES, CA",HAWTHORN AVE,VISTA ST,100643,
-118.3146705,34.06168366,35399,8807590,2019,2019-03-05T00:00:00.000Z,1942,2019-02-12T00:00:00.000Z,915,40487,2031,2,5,7,1942,0,0,0,,0,20A45,WILSHIRE BL,WILTON PL,130,W,N,A,-,N,,0,0,,,0,,,,N,4,0,1,3,A,-,8,22107,,N,G,E,F,A,H,-,A,A,0,Y,,,,Y,,I,20,0,0,1,0,1,0,0,0,0,- ,- ,0,0,1200,2,LOS ANGELES,LOS ANGELES,CA,-118.3146705,34.06168365,"WILSHIRE BLVD & WILTON PL, LOS ANGELES, CA",WILSHIRE BLVD,WILTON PL,140785,
-118.5536022,34.22905731,35400,8810270,2019,2019-03-06T00:00:00.000Z,1942,2019-02-12T00:00:00.000Z,1125,31931,1793,2,5,7,1942,0,0,0,Q,0,17A67,TAMPA AV,PARTHENIA ST,300,N,N,A,-,N,,0,0,,,0,,,,N,3,0,1,2,B,-,22,0,,N,G,C,F,A,H,-,A,D,0,Y,,,,Y,,A,1,0,1,0,0,1,0,0,0,0,- ,- ,0,0,1200,2,LOS ANGELES,LOS ANGELES,CA,-118.5536022,34.22905731,"TAMPA AVE & PARTHENIA ST, LOS ANGELES, CA",TAMPA AVE,PARTHENIA ST,130343,
-118.2708922,34.0438652,35401,8813840,2019,2019-03-21T00:00:00.000Z,1942,2019-02-01T00:00:00.000Z,930,42646,181,5,5,7,1942,0,0,0,A,0,1A61,LA LIVE WY,12TH ST,0,,Y,A,-,N,,0,0,,,0,,,,,4,0,1,2,A,-,12,21453,A,N,G,B,B,A,H,-,A,A,0,Y,,,,Y,,A,7,0,0,1,0,1,0,0,0,0,- ,- ,0,0,1200,2,LOS ANGELES,LOS ANGELES,CA,-118.2708922,34.0438652,"LA LIVE WAY & 12TH ST, LOS ANGELES, CA",LA LIVE WAY,12TH ST,117559,
-118.4836522,34.19279862,35402,8818313,2019,2019-04-09T00:00:00.000Z,1942,2019-02-24T00:00:00.000Z,950,30830,1039,7,5,7,1942,0,0,0,J,0,10A39,WOODLEY AV,VANOWEN ST,400,S,N,A,-,N,,0,0,,,0,,,,N,3,0,2,4,A,-,7,21658,,F,G,I,F,A,H,-,A,D,0,Y,,,,Y,,-,99,0,2,0,0,2,0,0,0,0,- ,- ,0,0,1200,2,LOS ANGELES,LOS ANGELES,CA,-118.4836522,34.19279861,"WOODLEY AVE & VANOWEN ST, LOS ANGELES, CA",WOODLEY AVE,VANOWEN ST,150610,
-118.3703622,34.18660355,35403,8821412,2019,2019-03-21T00:00:00.000Z,1942,2019-02-09T00:00:00.000Z,1100,36121,1519,6,5,7,1942,0,0,0,O,0,15U11,VINELAND AV,VICTORY BL,30,S,-,A,-,N,,0,0,,,0,,,,N,4,0,1,2,A,-,10,21950,A,M,G,B,B,B,H,-,A,A,0,Y,,,,Y,,-,99,0,0,1,0,1,0,0,0,0,- ,- ,0,0,1200,2,LOS ANGELES,LOS ANGELES,CA,-118.3703622,34.18660355,"VINELAND AVE & VICTORY BLVD, LOS ANGELES, CA",VINELAND AVE,VICTORY BLVD,150317,
-118.2634821,34.05903626,35404,8821539,2019,2019-03-22T00:00:00.000Z,1942,2019-02-14T00:00:00.000Z,925,31713,248,4,5,7,1942,0,0,0,B,0,2A69,WITMER ST,W 3RD ST,0,,Y,C,-,N,,0,0,,,0,,,,N,2,0,1,2,A,-,10,21950,A,N,G,B,B,B,H,-,A,A,0,Y,,,,Y,,A,1,1,0,0,0,1,0,0,0,0,- ,- ,0,0,1200,2,LOS ANGELES,LOS ANGELES,CA,-118.2634821,34.05903625,"WITMER ST & 3RD ST, LOS ANGELES, CA",WITMER ST,3RD ST,131576,
-118.1849621,34.10455322,35405,8823495,2019,2019-03-19T00:00:00.000Z,1942,2019-02-14T00:00:00.000Z,1030,37505,404,4,5,7,1942,0,0,0,D,0,4A3,MONTEREY RD,VIA MARISOL,0,,Y,C,-,N,,0,0,,,0,,,,N,4,0,1,2,A,-,10,21950,A,N,G,B,B,B,H,-,A,B,0,Y,,,,Y,,A,1,0,0,1,0,1,0,0,0,0,- ,- ,0,0,1200,2,LOS ANGELES,LOS ANGELES,CA,-118.1849621,34.10455322,"MONTEREY RD & VIA MARISOL, LOS ANGELES, CA",MONTEREY RD,VIA MARISOL,107801,
-118.3446678,34.06058884,35406,8827589,2019,2019-04-08T00:00:00.000Z,1942,2019-02-17T00:00:00.000Z,1155,31465,735,7,5,7,1942,0,0,0,G,0,7A33,LA BREA AV,8TH ST,25,N,N,C,-,N,,0,0,,,0,,,,N,3,0,1,2,A,-,11,21950,B,N,G,B,E,B,H,-,A,D,0,Y,,,,Y,,N,60,0,1,0,0,1,0,0,0,0,- ,- ,0,0,1200,2,LOS ANGELES,LOS ANGELES,CA,-118.3446678,34.06058884,"LA BREA AVE & 8TH ST, LOS ANGELES, CA",LA BREA AVE,8TH ST,96412,
-118.2015221,34.13831329,35407,8830375,2019,2019-03-28T00:00:00.000Z,1942,2019-02-12T00:00:00.000Z,950,37847,1115,2,5,7,1942,0,0,0,K,0,11X49,TOWNSEND AV,WALDRAN AV,30,S,N,A,-,N,,0,0,,,0,,,,N,4,0,1,2,A,-,8,22107,,F,G,B,F,A,H,-,A,D,0,Y,,,,Y,,-,99,0,0,1,0,1,0,0,0,0,- ,- ,0,0,1200,2,LOS ANGELES,LOS ANGELES,CA,-118.2015221,34.13831329,"TOWNSEND AVE & WALDRAN AVE, LOS ANGELES, CA",TOWNSEND AVE,WALDRAN AVE,146212,
-118.4387119,34.03520584,35408,8836135,2019,2019-04-11T00:00:00.000Z,1942,2019-02-15T00:00:00.000Z,900,43637,884,5,5,7,1942,0,0,0,H,0,8A95W2,SAWTELLE BL,PICO BL,5,N,N,A,-,N,,0,0,,,0,,,,Y,3,0,1,4,A,-,7,21658,,N,G,C,F,A,H,-,A,A,0,Y,,,,Y,,A,1,0,1,0,0,1,0,0,0,0,- ,- ,0,0,1200,2,LOS ANGELES,LOS ANGELES,CA,-118.4387119,34.03520584,"SAWTELLE BLVD & PICO BLVD, LOS ANGELES, CA",SAWTELLE BLVD,PICO BLVD,139299,
-118.3089467,34.00828934,35409,8793760,2019,2019-03-13T00:00:00.000Z,1942,2019-02-11T00:00:00.000Z,1300,41236,395,1,5,7,1942,0,0,0,C,0,3A57,WESTERN AV,41ST PL,60,S,N,A,-,N,,0,0,,,0,,,,N,3,0,1,2,A,-,21,22106,,N,G,B,D,A,H,-,A,A,0,Y,,,,Y,,D,22,0,1,0,0,1,0,0,0,0,- ,- ,0,0,1500,2,LOS ANGELES,LOS ANGELES,CA,-118.3089467,34.00828934,"WESTERN AVE & 41ST PL, LOS ANGELES, CA",WESTERN AVE,41ST PL,124238,
-118.5444691,34.20116043,35410,8810307,2019,2019-03-06T00:00:00.000Z,1942,2019-02-26T00:00:00.000Z,1355,38947,1011,2,5,7,1942,0,0,0,J,0,10A3,SHERMAN WY,WILBUR AV,110,E,N,A,-,N,,0,0,,,0,,,,Y,2,0,3,3,A,-,3,22350,,N,G,I,F,A,H,-,A,D,0,Y,,,,Y,,A,1,1,0,2,0,2,0,0,0,0,- ,- ,0,0,1500,2,LOS ANGELES,LOS ANGELES,CA,-118.5444691,34.20116043,"SHERMAN WAY & WILBUR AVE, LOS ANGELES, CA",SHERMAN WAY,WILBUR AVE,109135,
-118.2621321,34.03230667,35411,8821251,2019,2019-04-26T00:00:00.000Z,1942,2019-02-07T00:00:00.000Z,1330,37505,176,4,5,7,1942,0,0,0,A,0,1A85,LOS ANGELES ST,17TH ST,0,,Y,A,-,N,,0,0,,,0,,,,N,4,0,1,2,A,-,10,21950,A,N,G,B,B,A,H,-,A,A,0,Y,,,Y,Y,,F,27,0,0,1,0,1,0,0,0,0,- ,- ,0,0,1500,2,LOS ANGELES,LOS ANGELES,CA,-118.2621321,34.03230667,"LOS ANGELES ST & 17TH ST, LOS ANGELES, CA",LOS ANGELES ST,17TH ST,117540,
-118.2229722,34.1421051,35412,8826505,2019,2019-04-02T00:00:00.000Z,1942,2019-02-10T00:00:00.000Z,1300,42607,1113,7,5,7,1942,0,0,0,K,0,11A25,COLORADO BL,SIERRA VILLA,0,,Y,B,C,N,,0,0,,,0,,,,N,4,0,2,2,A,-,8,22100,A,N,G,B,B,B,H,-,A,A,0,Y,,,,Y,,A,1,0,0,2,0,1,0,0,0,0,- ,- ,0,0,1500,2,LOS ANGELES,LOS ANGELES,CA,-118.2229722,34.1421051,"COLORADO BLVD & SIERRA VILLA DR, LOS ANGELES, CA",COLORADO BLVD,SIERRA VILLA DR,107496,
-118.2125821,34.04437637,35413,8831440,2019,2019-04-18T00:00:00.000Z,1942,2019-02-22T00:00:00.000Z,1255,37540,464,5,5,7,1942,0,0,0,D,0,4A71,E 1ST ST,N CHICAGO ST,0,,Y,A,-,N,,0,0,,,0,,,,Y,2,0,5,5,A,-,1,23152,A,N,G,C,F,A,H,-,A,A,0,Y,Y,,,Y,Y,A,1,1,1,3,0,2,0,1,0,0,- ,- ,0,0,1500,2,LOS ANGELES,LOS ANGELES,CA,-118.2125821,34.04437637,"1ST ST & CHICAGO ST, LOS ANGELES, CA",1ST ST,CHICAGO ST,96646,
-118.278898,34.06622696,35414,8841469,2019,2019-04-17T00:00:00.000Z,1942,2019-02-04T00:00:00.000Z,1305,35474,251,1,5,7,1942,0,0,0,B,0,2L60,RAMPART BL,3RD ST,4,S,N,C,-,N,,0,0,,,0,,,,N,4,0,1,2,A,-,10,21950,A,N,G,B,B,B,H,-,A,A,0,Y,,,,Y,,A,1,0,0,1,0,1,0,0,0,0,- ,- ,0,0,1500,2,LOS ANGELES,LOS ANGELES,CA,-118.278898,34.06622696,"RAMPART BLVD & 3RD ST, LOS ANGELES, CA",RAMPART BLVD,3RD ST,143031,
-118.3333621,34.10522461,35415,8841803,2019,2019-04-25T00:00:00.000Z,1942,2019-02-24T00:00:00.000Z,1200,42273,636,7,5,7,1942,0,0,0,F,0,6A15,FRANKLIN AV,WHITLEY AV,0,,Y,A,-,N,,0,0,,,0,,,,N,3,0,1,2,D,-,0,0,,N,G,B,B,A,H,-,A,A,0,Y,,,,Y,,-,- ,0,1,0,0,1,0,0,0,0,- ,- ,0,0,1500,2,LOS ANGELES,LOS ANGELES,CA,-118.3333621,34.10522461,"FRANKLIN AVE & WHITLEY AVE, LOS ANGELES, CA",FRANKLIN AVE,WHITLEY AVE,132444,
-118.2738921,33.95645523,35416,8802730,2019,2019-02-21T00:00:00.000Z,1942,2019-02-04T00:00:00.000Z,1530,42925,1802,1,5,7,1942,0,0,0,R,0,18A1,MAIN ST,88TH PL,0,,Y,C,-,N,,0,0,,,0,,,,N,4,0,2,3,A,-,10,21950,A,N,G,B,B,B,G,-,A,A,0,Y,,,,Y,,A,8,0,0,2,0,2,0,0,0,0,- ,- ,0,0,1800,2,LOS ANGELES,LOS ANGELES,CA,-118.2738921,33.95645523,"MAIN ST & 88TH PL, LOS ANGELES, CA",MAIN ST,88TH PL,131219,
-118.2857221,33.73875427,35417,8803472,2019,2019-02-26T00:00:00.000Z,1942,2019-02-01T00:00:00.000Z,1540,43100,564,5,5,7,1942,0,0,0,E,0,5A84,6TH ST,MESA ST,0,,Y,A,-,N,,0,0,,,0,,,,N,3,0,2,3,A,-,10,21950,,N,G,B,B,A,H,-,A,D,0,Y,,,,Y,,A,1,0,2,0,0,2,0,0,0,0,- ,- ,0,0,1800,2,LOS ANGELES,LOS ANGELES,CA,-118.2857221,33.73875427,"6TH ST & MESA ST, LOS ANGELES, CA",6TH ST,MESA ST,135386,
-118.3089866,33.97834015,35418,8804627,2019,2019-03-06T00:00:00.000Z,1942,2019-02-19T00:00:00.000Z,1730,40699,1243,2,5,7,1942,0,0,0,L,0,12X52,WESTERN AV,67TH ST,57,S,N,A,-,N,,0,0,,,0,,,,N,4,0,1,3,A,-,5,21650,,F,G,B,E,A,H,-,A,D,0,Y,,,,Y,,-,99,0,0,1,0,1,0,0,0,0,- ,- ,0,0,1800,2,LOS ANGELES,LOS ANGELES,CA,-118.3089866,33.97834015,"WESTERN AVE & 67TH ST, LOS ANGELES, CA",WESTERN AVE,67TH ST,120669,
-118.2695722,33.97470474,35419,8806024,2019,2019-02-28T00:00:00.000Z,1942,2019-02-04T00:00:00.000Z,1730,38434,1259,1,5,7,1942,0,0,0,L,0,12X18,FLORENCE AV,SAN PEDRO ST,0,,Y,A,-,N,,0,0,,,0,,,,N,0,0,0,2,A,-,11,21955,,N,G,B,D,A,H,-,A,A,0,Y,,,,Y,,A,7,0,0,0,0,0,0,0,0,0,- ,- ,0,0,1800,2,LOS ANGELES,LOS ANGELES,CA,-118.2695722,33.97470474,"FLORENCE AVE & SAN PEDRO ST, LOS ANGELES, CA",FLORENCE AVE,SAN PEDRO ST,117103,
-118.2924121,33.72697449,35420,8807107,2019,2019-03-05T00:00:00.000Z,1942,2019-02-19T00:00:00.000Z,1700,43100,585,2,5,7,1942,0,0,0,E,0,5A26W4,19TH ST,GAFFEY,0,,Y,A,-,N,,0,0,,,0,,,,N,4,0,1,2,A,-,10,21950,A,F,G,B,B,A,H,-,A,A,0,Y,,,,Y,,A,1,0,0,1,0,1,0,0,0,0,- ,- ,0,0,1800,2,LOS ANGELES,LOS ANGELES,CA,-118.2924121,33.72697449,"19TH ST & GAFFEY ST, LOS ANGELES, CA",19TH ST,GAFFEY ST,131680,
-118.3140621,34.06531525,35421,8836087,2019,2019-04-11T00:00:00.000Z,1942,2019-02-14T00:00:00.000Z,1515,37243,2001,4,5,7,1942,0,0,0,,0,20A1,WILTON PL,5TH ST,0,,Y,A,-,N,,0,0,,,0,,,,N,4,0,1,2,D,-,0,0,,N,G,B,E,A,H,-,A,A,0,Y,,,,Y,,-,- ,0,0,1,0,1,0,0,0,0,- ,- ,0,0,1800,2,LOS ANGELES,LOS ANGELES,CA,-118.3140621,34.06531525,"WILTON PL & 5TH ST, LOS ANGELES, CA",WILTON PL,5TH ST,111280,
-118.3233392,34.09074402,35422,8839263,2019,2019-04-23T00:00:00.000Z,1942,2019-02-18T00:00:00.000Z,1550,42411,677,1,5,7,1942,0,0,0,F,0,6A79,SANTA MONICA BL,LODI PL,10,E,N,A,-,N,,0,0,,,0,,,,N,3,0,1,3,A,-,7,21658,A,N,G,B,E,A,H,-,A,D,0,Y,,,,Y,,A,1,0,1,0,0,1,0,0,0,0,- ,- ,0,0,1800,2,LOS ANGELES,LOS ANGELES,CA,-118.3233392,34.09074402,"SANTA MONICA BLVD & LODI PL, LOS ANGELES, CA",SANTA MONICA BLVD,LODI PL,111113,
-118.3351573,34.09798431,35423,8871012,2019,2019-06-12T00:00:00.000Z,1942,2019-02-28T00:00:00.000Z,1620,42323,646,4,5,7,1942,0,0,0,F,0,6A49,SUNSET BL,CHEROKEE AV,50,E,N,A,-,N,,0,0,,,0,,,,N,3,0,1,2,A,-,0,21954,,F,G,B,D,A,H,-,A,D,0,Y,,,,Y,,N,60,0,1,0,0,1,0,0,0,0,- ,- ,0,0,1800,2,LOS ANGELES,LOS ANGELES,CA,-118.3351573,34.09798431,"SUNSET BLVD & CHEROKEE AVE, LOS ANGELES, CA",SUNSET BLVD,CHEROKEE AVE,114871,
-118.3965222,34.18667603,35424,8792882,2019,2019-02-28T00:00:00.000Z,1942,2019-02-01T00:00:00.000Z,1835,43110,1525,5,5,7,1942,0,0,0,O,0,15A38,LAUREL CANYON BL,VICTORY,0,,Y,C,-,N,,0,0,,,0,,,,N,4,0,1,2,B,-,22,0,,F,G,B,F,B,H,-,C,D,0,Y,,,,Y,Y,-,99,0,0,1,0,1,0,0,0,0,- ,- ,0,0,2100,2,LOS ANGELES,LOS ANGELES,CA,-118.3965222,34.18667603,"LAUREL CANYON BLVD & VICTORY BLVD, LOS ANGELES, CA",LAUREL CANYON BLVD,VICTORY BLVD,137158,
-118.3474421,34.07614517,35425,8802771,2019,2019-02-21T00:00:00.000Z,1942,2019-02-03T00:00:00.000Z,2000,42215,726,7,5,7,1942,0,0,0,G,0,7A17,BEVERLY BL,N ALTA VISTA BL,0,,Y,B,-,N,,0,0,,,0,,,,Y,4,0,1,5,A,-,9,21802,A,F,G,C,F,A,H,-,C,A,0,Y,,,,Y,,-,99,0,0,1,0,1,0,0,0,0,- ,- ,0,0,2100,2,LOS ANGELES,LOS ANGELES,CA,-118.3474421,34.07614517,"BEVERLY BLVD & ALTA VISTA BLVD, LOS ANGELES, CA",BEVERLY BLVD,ALTA VISTA BLVD,142612,
-118.3556421,34.02151489,35426,8805852,2019,2019-02-20T00:00:00.000Z,1942,2019-02-02T00:00:00.000Z,1930,43106,361,6,5,7,1942,0,0,0,,0,3A31,LA BREA AV,RODEO RD,0,,Y,C,-,N,,0,0,,,0,,,,N,3,0,1,2,A,-,10,21950,A,F,G,B,B,B,H,-,C,A,0,Y,,,,Y,Y,-,- ,0,1,0,0,1,0,0,0,0,- ,- ,0,0,2100,2,LOS ANGELES,LOS ANGELES,CA,-118.3556421,34.02151489,"LA BREA AVE & RODEO RD, LOS ANGELES, CA",LA BREA AVE,RODEO RD,137054,
-118.3041822,34.05260468,35427,8805855,2019,2019-02-21T00:00:00.000Z,1942,2019-02-02T00:00:00.000Z,1925,41353,2053,6,5,7,1942,0,0,0,,0,20A53,OLYMPIC BL,HARVARD BL,0,,Y,C,-,N,,0,0,,,0,,,,N,4,0,1,2,A,-,10,21950,A,N,G,B,B,B,-,-,C,A,0,Y,,,,Y,,A,1,0,0,1,0,1,0,0,0,0,- ,- ,0,0,2100,2,LOS ANGELES,LOS ANGELES,CA,-118.3041822,34.05260468,"OLYMPIC BLVD & HARVARD BLVD, LOS ANGELES, CA",OLYMPIC BLVD,HARVARD BLVD,131550,
-118.2901921,33.72786331,35428,8813511,2019,2019-03-11T00:00:00.000Z,1942,2019-02-24T00:00:00.000Z,2030,40181,562,7,5,7,1942,0,0,0,E,0,5XL3,GRAND AV,18TH ST,20,W,N,A,-,N,,0,0,,,0,,,,N,3,0,1,2,A,-,10,21950,A,F,G,B,B,A,H,-,C,A,0,Y,,,,Y,,-,99,0,1,0,0,1,0,0,0,0,- ,- ,0,0,2100,2,LOS ANGELES,LOS ANGELES,CA,-118.2901921,33.72786331,"GRAND AVE (SAN PEDRO) & 18TH ST, LOS ANGELES, CA",GRAND AVE (SAN PEDRO),18TH ST,142243,
-118.3196921,33.98242569,35429,8814319,2019,2019-03-18T00:00:00.000Z,1942,2019-02-21T00:00:00.000Z,2040,39299,14242,4,5,7,1942,0,0,0,N,0,12A51,2ND AV,SOUTHWEST DR,0,,Y,A,-,N,,0,0,,,0,,,,N,4,0,1,2,A,-,21,22106,,N,G,B,E,A,H,-,C,D,0,Y,,,,Y,,J,48,0,0,1,0,1,0,0,0,0,- ,- ,0,0,2100,2,LOS ANGELES,LOS ANGELES,CA,-118.3196921,33.98242569,"2ND AVE & SOUTHWEST DR, LOS ANGELES, CA",2ND AVE,SOUTHWEST DR,110038,
-118.3090222,33.9672966,35430,8825612,2019,2019-03-27T00:00:00.000Z,1942,2019-02-24T00:00:00.000Z,2025,42069,1263,7,5,7,1942,0,0,0,L,0,12A53,S WESTERN AV,W 79TH ST,0,,Y,A,-,N,,0,0,,,0,,,,N,2,0,1,2,A,-,10,21950,A,F,G,B,B,A,H,-,C,A,0,Y,,,,Y,,-,99,1,0,0,0,1,0,0,0,0,- ,- ,0,0,2100,2,LOS ANGELES,LOS ANGELES,CA,-118.3090222,33.9672966,"WESTERN AVE & 79TH ST, LOS ANGELES, CA",WESTERN AVE,79TH ST,124122,
-118.2570787,33.92988205,35431,8825624,2019,2019-03-27T00:00:00.000Z,1942,2019-02-28T00:00:00.000Z,2039,41870,1844,4,5,7,1942,0,0,0,R,0,18A34,IMPERIAL HWY,CLOVIS AV,217,W,N,A,-,N,,0,0,,,0,,,,Y,2,0,1,3,A,-,1,23152,A,N,G,C,E,A,H,-,C,D,0,Y,,,,Y,Y,A,7,1,0,0,0,1,0,0,0,0,- ,- ,0,0,2100,2,LOS ANGELES,LOS ANGELES,CA,-118.2570787,33.92988205,"IMPERIAL HWY & CLOVIS AVE, LOS ANGELES, CA",IMPERIAL HWY,CLOVIS AVE,134750,
-118.2874422,34.1107254,35433,8839314,2019,2019-04-17T00:00:00.000Z,1942,2019-02-12T00:00:00.000Z,1815,37626,1142,2,5,7,1942,0,0,0,K,0,11A86,HILLHURST AV,AVOCADO ST,0,,Y,B,-,N,,0,0,,,0,,,,N,3,0,1,2,A,-,0,21954,,N,G,B,D,A,H,-,C,D,0,Y,,,,Y,,N,60,0,1,0,0,1,0,0,0,0,- ,- ,0,0,2100,2,LOS ANGELES,LOS ANGELES,CA,-118.2874422,34.1107254,"HILLHURST AVE & AVOCADO ST, LOS ANGELES, CA",HILLHURST AVE,AVOCADO ST,135545,
-118.3612613,34.02552033,35434,8648650,2019,2019-02-28T00:00:00.000Z,1942,2019-02-04T00:00:00.000Z,2210,35393,312,1,5,7,1942,0,0,0,C,0,3A1,W JEFFERSON BL,COCHRAN AV,18,W,N,C,-,N,,0,0,,,0,,,,Y,1,1,1,2,A,-,3,22350,,N,G,I,F,B,H,-,C,A,0,Y,,,,Y,,A,1,0,1,0,0,1,0,0,0,0,- ,- ,0,0,2400,2,LOS ANGELES,LOS ANGELES,CA,-118.3612613,34.02552032,"JEFFERSON BLVD & COCHRAN AVE, LOS ANGELES, CA",JEFFERSON BLVD,COCHRAN AVE,117345,
-118.3115369,34.02463532,35435,8805843,2019,2019-02-20T00:00:00.000Z,1942,2019-02-01T00:00:00.000Z,2235,42011,355,5,5,7,1942,0,0,0,C,0,3A55,35TH ST,SAINT ANDREWS PL,120,E,N,C,-,N,,0,0,,,0,,,,N,4,0,1,2,A,-,11,21956,A,F,G,B,E,B,H,-,D,D,0,Y,,,,Y,,N,60,0,0,1,0,1,0,0,0,0,- ,- ,0,0,2400,2,LOS ANGELES,LOS ANGELES,CA,-118.3115369,34.02463531,"35TH ST & ST ANDREWS PL, LOS ANGELES, CA",35TH ST,ST ANDREWS PL,131276,
-118.2739321,33.97017288,35436,8811119,2019,2019-03-20T00:00:00.000Z,1942,2019-02-24T00:00:00.000Z,2300,43230,1258,7,5,7,1942,0,0,0,L,0,12A15,MAIN ST,77TH ST,120,N,N,A,-,N,,0,0,,,0,,,,N,2,0,1,3,A,-,3,22350,,F,G,B,E,A,H,-,C,D,0,Y,,,,Y,,-,99,1,0,0,0,1,0,0,0,0,- ,- ,0,0,2400,2,LOS ANGELES,LOS ANGELES,CA,-118.2739321,33.97017288,"MAIN ST & 77TH ST, LOS ANGELES, CA",MAIN ST,77TH ST,117141,
-118.309022,34.04173279,35437,8812321,2019,2019-03-04T00:00:00.000Z,1942,2019-02-15T00:00:00.000Z,2245,43309,2083,5,5,7,1942,0,0,0,,0,20A71,WESTERN AV,18TH ST,5,S,N,A,-,N,,0,0,,,0,,,,N,4,0,3,4,A,-,10,21950,A,N,G,B,B,B,H,-,C,A,0,Y,,,,Y,,A,8,0,0,3,0,3,0,0,0,0,- ,- ,0,0,2400,2,LOS ANGELES,LOS ANGELES,CA,-118.309022,34.04173279,"WESTERN AVE & 18TH ST, LOS ANGELES, CA",WESTERN AVE,18TH ST,103449,
-118.2918392,34.04000473,35438,8824391,2019,2019-03-21T00:00:00.000Z,1942,2019-02-22T00:00:00.000Z,2130,41957,2088,5,5,7,1942,0,0,0,,0,20A97,WASHINGTON BL,VERMONT AV,75,W,N,A,-,N,,0,0,,,0,,,,N,3,0,1,2,A,-,11,21956,A,F,G,-,C,A,H,-,C,D,0,Y,,,,Y,,N,60,0,1,0,0,1,0,0,0,0,- ,- ,0,0,2400,2,LOS ANGELES,LOS ANGELES,CA,-118.2918392,34.04000473,"WASHINGTON BLVD & VERMONT AVE, LOS ANGELES, CA",WASHINGTON BLVD,VERMONT AVE,134976,
-118.2685721,34.0527153,35439,8839318,2019,2019-05-01T00:00:00.000Z,1942,2019-02-22T00:00:00.000Z,2125,42544,RD 02,5,5,7,1942,0,0,0,,0,2A39,7TH ST,COLUMBIA AV,0,,Y,A,-,N,,0,0,,,0,,,,N,4,0,1,2,A,-,3,22350,,F,G,B,B,A,H,-,C,B,0,Y,,,,Y,,-,99,0,0,1,0,1,0,0,0,0,- ,- ,0,0,2400,2,LOS ANGELES,LOS ANGELES,CA,-118.2685721,34.0527153,"7TH ST & COLUMBIA AVE, LOS ANGELES, CA",7TH ST,COLUMBIA AVE,149219,
-118.2466022,34.04540634,35440,8841497,2019,2019-04-17T00:00:00.000Z,1942,2019-02-02T00:00:00.000Z,2220,43064,155,6,5,7,1942,0,0,0,A,0,1X37,5TH,MAPLE,0,,Y,B,-,N,,0,0,,,0,,,,N,4,0,1,2,A,-,10,21950,A,N,G,B,B,B,H,-,C,A,0,Y,,,,Y,,A,1,0,0,1,0,1,0,0,0,0,- ,- ,0,0,2400,2,LOS ANGELES,LOS ANGELES,CA,-118.2466022,34.04540634,"5TH ST & MAPLE AVE,, CA",5TH ST,MAPLE AVE,124573,
-118.5154122,34.26363373,35441,8810350,2019,2019-03-19T00:00:00.000Z,1942,2019-02-03T00:00:00.000Z,845,43166,LOS A,7,5,7,1942,0,0,0,,0,1745,ENCINO AV,KINGSBURY ST,0,,Y,B,-,N,,0,0,,,0,,,,Y,4,0,1,2,A,-,12,22450,A,N,D,C,A,B,H,-,A,A,0,,,,,Y,Y,A,1,0,0,1,0,0,0,0,0,0,- ,- ,34.26357,118.51541,900,2,LOS ANGELES,LOS ANGELES,CA,-118.5154122,34.26363373,"ENCINO AVE & KINGSBURY ST, LOS ANGELES, CA",ENCINO AVE,KINGSBURY ST,122713,