X,Y,OBJECTID,case_id,accident_year,proc_date,juris,collision_date,collision_time,officer_id,reporting_district,day_of_week,chp_shift,population,cnty_city_loc,special_cond,beat_type,chp_beat_type,city_division_lapd,chp_beat_class,beat_number,primary_rd,secondary_rd,distance,direction,intersection,weather_1,weather_2,state_hwy_ind,caltrans_county,caltrans_district,state_route,route_suffix,postmile_prefix,postmile,location_type,ramp_intersection,side_of_hwy,tow_away,collision_severity,number_killed,number_injured,party_count,primary_coll_factor,pcf_code_of_viol,pcf_viol_category,pcf_violation,pcf_viol_subsection,hit_and_run,type_of_collision,mviw,ped_action,road_surface,road_cond_1,road_cond_2,lighting,control_device,chp_road_type,pedestrian_accident,bicycle_accident,motorcycle_accident,truck_accident,not_private_property,alcohol_involved,stwd_vehtype_at_fault,chp_vehtype_at_fault,count_severe_inj,count_visible_inj,count_complaint_pain,count_ped_killed,count_ped_injured,count_bicyclist_killed,count_bicyclist_injured,count_mc_killed,count_mc_injured,primary_ramp,secondary_ramp,latitude,longitude,timecat,month_,city,county,state,point_x,point_y,match_addr,m_primaryrd,m_secondrd,int_id,Flag
-118.4180798,34.20119476,35487,8821269,2019,2019-04-04T00:00:00.000Z,1942,2019-02-26T00:00:00.000Z,2500,40065,,2,5,7,1942,0,0,0,,0,,SHERMAN WY,ETHEL AV,31,E,N,A,-,N,,0,0,,,0,,,,Y,0,0,0,5,A,-,8,22107,,M,B,E,A,A,H,-,-,D,0,,,,,Y,,-,99,0,0,0,0,0,0,0,0,0,- ,- ,0,0,300,2,LOS ANGELES,LOS ANGELES,CA,-118.4180798,34.20119476,"SHERMAN WAY & ETHEL AVE, LOS ANGELES, CA",SHERMAN WAY,ETHEL AVE,150162,
-118.1970393,34.03401184,35488,8821638,2019,2019-03-21T00:00:00.000Z,1942,2019-02-08T00:00:00.000Z,2500,38502,469,5,5,7,1942,0,0,0,D,0,4A59,4TH ST EAST,LORENA ST,1,E,N,A,-,N,,0,0,,,0,,,,N,0,0,0,1,A,-,3,22350,,M,E,C,A,A,H,-,-,A,0,,,,,Y,,-,99,0,0,0,0,0,0,0,0,0,- ,- ,0,0,300,2,LOS ANGELES,LOS ANGELES,CA,-118.1970393,34.03401184,"4TH ST & LORENA ST, LOS ANGELES, CA",4TH ST,LORENA ST,142187,
-118.2494037,34.06820297,35489,8821651,2019,2019-03-22T00:00:00.000Z,1942,2019-02-17T00:00:00.000Z,2500,38357,101,7,5,7,1942,0,0,0,A,0,1A1,EVERETT ST,SUNSET BL,395,N,N,A,-,N,,0,0,,,0,,,,N,0,0,0,2,A,-,8,22107,,M,B,E,A,A,H,-,-,D,0,,,,,Y,,-,99,0,0,0,0,0,0,0,0,0,- ,- ,0,0,300,2,LOS ANGELES,LOS ANGELES,CA,-118.2494037,34.06820297,"EVERETT ST & SUNSET BLVD, LOS ANGELES, CA",EVERETT ST,SUNSET BLVD,128707,
-118.2665679,34.05133438,35490,8821654,2019,2019-03-21T00:00:00.000Z,1942,2019-02-05T00:00:00.000Z,2500,38050,269,2,5,7,1942,0,0,0,B,0,2A69,GARLAND AV,7TH ST,150,S,N,B,-,N,,0,0,,,0,,,,Y,0,0,0,2,A,-,21,22106,,M,H,E,A,A,H,-,-,D,0,,,,,Y,,-,99,0,0,0,0,0,0,0,0,0,- ,- ,0,0,300,2,LOS ANGELES,LOS ANGELES,CA,-118.2665679,34.05133438,"GARLAND AVE & 7TH ST, LOS ANGELES, CA",GARLAND AVE,7TH ST,99996,
-118.265263,34.00577545,35491,8830417,2019,2019-03-27T00:00:00.000Z,1942,2019-02-06T00:00:00.000Z,2500,31152,1353,3,5,7,1942,0,0,0,M,0,13A43,AVALON BL,43RD ST,30,N,N,B,-,N,,0,0,,,0,,,,N,0,0,0,3,A,-,8,22107,,M,B,E,A,A,H,-,-,D,0,,,,,Y,,-,99,0,0,0,0,0,0,0,0,0,- ,- ,0,0,300,2,LOS ANGELES,LOS ANGELES,CA,-118.265263,34.00577545,"AVALON BLVD & 43RD ST, LOS ANGELES, CA",AVALON BLVD,43RD ST,106860,
-118.2918121,34.10993576,35492,8839305,2019,2019-04-30T00:00:00.000Z,1942,2019-02-18T00:00:00.000Z,2500,25753,1141,1,5,7,1942,0,0,0,K,0,11A1,N VERMONT AV,AMBROSE AV,0,,Y,A,-,N,,0,0,,,0,,,,N,0,0,0,2,A,-,7,21658,A,M,-,E,A,A,H,-,-,D,0,,,,,Y,,-,- ,0,0,0,0,0,0,0,0,0,- ,- ,0,0,300,2,LOS ANGELES,LOS ANGELES,CA,-118.2918121,34.10993576,"VERMONT AVE & AMBROSE AVE, LOS ANGELES, CA",VERMONT AVE,AMBROSE AVE,142929,
-118.3324921,34.09825897,35493,8852962,2019,2019-05-01T00:00:00.000Z,1942,2019-02-13T00:00:00.000Z,2500,42870,RD064,3,5,7,1942,0,0,0,,0,6A45,SCHRADER BL,SUNSET BL,100,N,N,B,-,N,,0,0,,,0,,,,N,0,0,0,2,A,-,3,22350,,M,B,E,A,A,H,-,-,D,0,,,,,Y,,-,,0,0,0,0,0,0,0,0,0,- ,- ,0,0,300,2,LOS ANGELES,LOS ANGELES,CA,-118.3324922,34.09825897,"SCHRADER BLVD & SUNSET BLVD, LOS ANGELES, CA",SCHRADER BLVD,SUNSET BLVD,143040,
-118.4187522,33.99740601,35495,8793656,2019,2019-03-01T00:00:00.000Z,1942,2019-02-04T00:00:00.000Z,1930,43325,LOSAN,1,5,7,1942,0,0,0,,0,14A73,COURTLEIGH DR,KENSINGTON RD,0,,N,B,C,N,,0,0,,,0,,,,N,0,0,0,7,A,-,21,22106,,M,H,E,A,B,-,-,C,D,0,,,,,Y,,-,99,0,0,0,0,0,0,0,0,0,- ,- ,0,0,2100,2,LOS ANGELES,LOS ANGELES,CA,-118.4187522,33.99740601,"COURTLEIGH DR & KENSINGTON RD, LOS ANGELES, CA",COURTLEIGH DR,KENSINGTON RD,139108,
-118.3536225,34.01635361,35496,8793756,2019,2019-03-05T00:00:00.000Z,1942,2019-02-13T00:00:00.000Z,805,38365,361,3,5,7,1942,0,0,0,C,0,25TL41,STEVELY AV,AUGUST ST,340,S,N,B,-,N,,0,0,,,0,,,,Y,3,0,1,3,A,-,5,21650,,N,A,E,A,A,H,-,A,D,0,,,,,Y,,A,1,0,1,0,0,0,0,0,0,0,- ,- ,0,0,900,2,LOS ANGELES,LOS ANGELES,CA,-118.3536225,34.01635361,"STEVELY AVE & AUGUST ST, LOS ANGELES, CA",STEVELY AVE,AUGUST ST,110131,
-118.2798713,34.02215576,35497,8795686,2019,2019-03-25T00:00:00.000Z,1942,2019-02-01T00:00:00.000Z,1905,42282,329,5,5,7,1942,0,0,0,C,0,3A19,FIGUEROA ST,JEFFERSON BL,88,N,N,A,-,N,,0,0,,,0,,,,Y,4,0,3,2,A,-,3,22350,,N,B,E,A,A,H,-,C,D,0,,,,,Y,,A,1,0,0,3,0,0,0,0,0,0,- ,- ,0,0,2100,2,LOS ANGELES,LOS ANGELES,CA,-118.2798713,34.02215576,"FIGUEROA ST & JEFFERSON BLVD, LOS ANGELES, CA",FIGUEROA ST,JEFFERSON BLVD,141972,
-118.2738931,33.95723724,35498,8798292,2019,2019-02-14T00:00:00.000Z,1942,2019-02-01T00:00:00.000Z,645,40404,1802,5,5,7,1942,0,0,0,R,0,18A1,S MAIN ST,88TH ST,23,N,N,B,-,N,,0,0,,,0,,,,Y,2,0,2,4,A,-,5,21460,A,N,A,C,A,A,H,-,A,A,0,,,,,Y,,A,1,1,0,1,0,0,0,0,0,0,- ,- ,0,0,900,2,LOS ANGELES,LOS ANGELES,CA,-118.2738931,33.95723724,"MAIN ST & 88TH ST, LOS ANGELES, CA",MAIN ST,88TH ST,99650,
-118.2302121,33.93701553,35499,8798617,2019,2019-02-26T00:00:00.000Z,1942,2019-02-04T00:00:00.000Z,1800,39616,1839,1,5,7,1942,0,0,0,R,0,,WEIGAND AV,108TH ST,0,,Y,B,C,N,,0,0,,,0,,,,N,0,0,0,2,A,-,3,22350,,N,B,E,A,B,H,-,C,A,0,,,,,Y,,I,9,0,0,0,0,0,0,0,0,0,- ,- ,0,0,2100,2,LOS ANGELES,LOS ANGELES,CA,-118.2302121,33.93701553,"WEIGAND AVE & 108TH ST, LOS ANGELES, CA",WEIGAND AVE,108TH ST,103183,
-118.4232722,34.22564316,35500,8802173,2019,2019-03-19T00:00:00.000Z,1942,2019-02-10T00:00:00.000Z,140,42034,1988,7,5,7,1942,0,0,0,,0,19A93,REEDLEY,GULLO,0,,Y,A,C,N,,0,0,,,0,,,,Y,0,0,0,3,A,-,1,23152,,M,B,B,A,A,H,-,B,A,0,,,,,Y,,A,1,0,0,0,0,0,0,0,0,0,- ,- ,0,0,300,2,LOS ANGELES,LOS ANGELES,CA,-118.4232722,34.22564316,"REEDLEY ST & GULLO AVE, LOS ANGELES, CA",REEDLEY ST,GULLO AVE,104481,
-118.6059522,34.19737625,35501,8802189,2019,2019-03-19T00:00:00.000Z,1942,2019-02-09T00:00:00.000Z,1840,40060,2146,6,5,7,1942,0,0,0,,0,21X28,HART ST,TOPANGA CANYON BL,0,,Y,A,-,N,,0,0,,,0,,,,N,0,0,0,2,A,-,1,23152,A,N,B,E,A,A,H,-,C,D,0,,,,,Y,Y,A,1,0,0,0,0,0,0,0,0,0,- ,- ,0,0,2100,2,LOS ANGELES,LOS ANGELES,CA,-118.6059522,34.19737625,"HART ST & TOPANGA CANYON BLVD, LOS ANGELES, CA",HART ST,TOPANGA CANYON BLVD,116462,
-118.2800021,33.73010635,35502,8804301,2019,2019-04-18T00:00:00.000Z,1942,2019-02-18T00:00:00.000Z,630,36871,569,1,5,7,1942,0,0,0,E,0,5A85,HARBOR BL,GULCH RD,0,,Y,A,-,N,,0,0,,,0,,,,Y,3,0,2,4,B,-,22,0,,N,C,C,A,A,H,-,A,D,0,,,,,Y,,A,1,0,1,1,0,0,0,0,0,0,- ,- ,0,0,900,2,LOS ANGELES,LOS ANGELES,CA,-118.2800021,33.73010635,"HARBOR BLVD & GULCH RD, LOS ANGELES, CA",HARBOR BLVD,GULCH RD,166436,
-118.4273222,34.3100853,35503,8804747,2019,2019-03-12T00:00:00.000Z,1942,2019-02-11T00:00:00.000Z,1740,42618,LA,1,5,7,1942,0,0,0,,0,1907,GLADSTONE AV,HUBBARD ST,0,,Y,A,-,N,,0,0,,,0,,,,N,3,0,1,2,A,-,8,22107,,N,B,E,A,A,H,-,C,D,0,,,,,Y,,D,22,0,1,0,0,0,0,0,0,0,- ,- ,0,0,1800,2,LOS ANGELES,LOS ANGELES,CA,-118.4273222,34.3100853,"GLADSTONE AVE & HUBBARD ST, LOS ANGELES, CA",GLADSTONE AVE,HUBBARD ST,133521,
-118.4292586,34.31711197,35505,8804752,2019,2019-03-14T00:00:00.000Z,1942,2019-02-18T00:00:00.000Z,515,43386,1906,1,5,7,1942,0,0,0,,0,19A61,DYER ST,FENTON AV,153,E,N,A,-,N,,0,0,,,0,,,,Y,0,0,0,2,A,-,7,21658,A,M,B,E,A,A,H,-,B,D,0,,,,,Y,,D,22,0,0,0,0,0,0,0,0,0,- ,- ,0,0,600,2,LOS ANGELES,LOS ANGELES,CA,-118.4292586,34.31711197,"DYER ST & FENTON AVE, LOS ANGELES, CA",DYER ST,FENTON AVE,119543,
-118.4191204,34.24020004,35506,8804763,2019,2019-03-15T00:00:00.000Z,1942,2019-02-14T00:00:00.000Z,200,32268,1969,4,5,7,1942,0,0,0,,0,19A79,DEBELL ST,SHARP ST,180,W,N,B,C,N,,0,0,,,0,,,,N,0,0,0,3,A,-,5,21650,,M,B,C,A,B,H,-,C,D,0,,,,,Y,,-,99,0,0,0,0,0,0,0,0,0,- ,- ,0,0,300,2,LOS ANGELES,LOS ANGELES,CA,-118.4191204,34.24020004,"DEBELL ST & SHARP AVE, LOS ANGELES, CA",DEBELL ST,SHARP AVE,147352,
-118.2420621,33.94320297,35507,8806131,2019,2019-02-22T00:00:00.000Z,1942,2019-02-12T00:00:00.000Z,1007,38503,1827,2,5,7,1942,0,0,0,R,0,25TL27,BEACH ST,103RD ST,0,N,N,A,-,N,,0,0,,,0,,,,N,0,0,0,3,A,-,3,22350,,M,B,E,A,A,H,-,A,D,0,,,,,Y,,-,99,0,0,0,0,0,0,0,0,0,- ,- ,0,0,1200,2,LOS ANGELES,LOS ANGELES,CA,-118.2420621,33.94320297,"BEACH ST & 103RD ST, LOS ANGELES, CA",BEACH ST,103RD ST,117128,
-118.2399184,33.78252029,35508,8806580,2019,2019-02-28T00:00:00.000Z,1942,2019-02-13T00:00:00.000Z,430,39458,529,3,5,7,1942,0,0,0,E,0,5XL3,MURDOCK AV,I ST,20,N,N,-,-,N,,0,0,,,0,,,,N,0,0,0,2,A,-,21,22106,,M,-,-,A,-,-,-,-,-,0,,,,,Y,,-,99,0,0,0,0,0,0,0,0,0,- ,- ,0,0,600,2,LOS ANGELES,LOS ANGELES,CA,-118.2399184,33.78252029,"MURDOCK AVE & I ST, LOS ANGELES, CA",MURDOCK AVE,I ST,119644,
-118.2692582,33.96191788,35509,8806626,2019,2019-02-28T00:00:00.000Z,1942,2019-02-10T00:00:00.000Z,450,42554,18A83,7,5,7,1942,0,0,0,R,0,1269,84TH PL,SAN PEDRO,65,E,N,B,-,N,,0,0,,,0,,,,N,0,0,0,2,A,-,1,23152,A,N,A,E,A,B,H,-,C,D,0,,,,,Y,Y,A,1,0,0,0,0,0,0,0,0,0,- ,- ,0,0,600,2,LOS ANGELES,LOS ANGELES,CA,-118.2692582,33.96191788,"84TH PL & SAN PEDRO ST, LOS ANGELES, CA",84TH PL,SAN PEDRO ST,96203,
-118.4052822,34.1985817,35510,8806939,2019,2019-03-04T00:00:00.000Z,1942,2019-02-05T00:00:00.000Z,2258,42691,1513,2,5,7,1942,0,0,0,O,0,15A43,WHITSETT AV,VOSE ST,50,N,N,A,-,N,,0,0,,,0,,,,Y,0,0,0,4,A,-,3,22350,,M,B,E,A,A,H,-,C,D,0,,,,,Y,,-,99,0,0,0,0,0,0,0,0,0,- ,- ,0,0,2400,2,LOS ANGELES,LOS ANGELES,CA,-118.4052822,34.1985817,"WHITSETT AVE & VOSE ST, LOS ANGELES, CA",WHITSETT AVE,VOSE ST,104464,
-118.3338121,33.97934723,35511,8807564,2019,2019-03-06T00:00:00.000Z,1942,2019-02-17T00:00:00.000Z,900,40404,1241,7,5,7,1942,0,0,0,L,0,12A51,BRYNHURST ST,HYDE PARK BL,448,S,N,A,-,N,,0,0,,,0,,,,N,0,0,0,2,A,-,21,22106,,N,D,E,A,A,H,-,A,D,0,,,,,Y,,A,1,0,0,0,0,0,0,0,0,0,- ,- ,0,0,1200,2,LOS ANGELES,LOS ANGELES,CA,-118.3338121,33.97934723,"BRYNHURST AVE & HYDE PARK BLVD, LOS ANGELES, CA",BRYNHURST AVE,HYDE PARK BLVD,148687,
-118.5231216,34.1653595,35512,8807880,2019,2019-03-11T00:00:00.000Z,1942,2019-02-12T00:00:00.000Z,1730,42487,1065,2,5,7,1942,0,0,0,J,0,10X88,MAGNOLIA,NEWCASTLE,379,E,N,A,-,N,,0,0,,,0,,,,Y,3,0,1,4,A,-,3,22350,,N,C,E,A,A,H,-,A,D,0,,,,,Y,,A,1,0,1,0,0,0,0,0,0,0,- ,- ,0,0,1800,2,LOS ANGELES,LOS ANGELES,CA,-118.5231216,34.1653595,"MAGNOLIA BLVD & NEWCASTLE AVE, LOS ANGELES, CA",MAGNOLIA BLVD,NEWCASTLE AVE,140184,
-118.4977968,34.19387436,35513,8807888,2019,2019-03-12T00:00:00.000Z,1942,2019-02-06T00:00:00.000Z,2000,43059,,3,5,7,1942,0,0,0,,0,10A99,VANOWEN ST,FORBES AV,350,E,N,A,-,N,,0,0,,,0,,,,N,3,0,1,2,D,-,0,0,,N,C,E,A,A,H,-,C,D,0,,,Y,,Y,,-,- ,0,1,0,0,0,0,0,0,1,- ,- ,0,0,2100,2,LOS ANGELES,LOS ANGELES,CA,-118.4977968,34.19387436,"VANOWEN ST & FORBES AVE, LOS ANGELES, CA",VANOWEN ST,FORBES AVE,133373,
-118.3236221,33.97458267,35514,8810872,2019,2019-03-21T00:00:00.000Z,1942,2019-02-15T00:00:00.000Z,1500,39397,1252,5,5,7,1942,0,0,0,L,0,25TL21,6TH AV,FLORENCE AV,10,N,N,B,-,N,,0,0,,,0,,,,Y,0,0,0,5,A,-,3,22350,,M,A,E,A,A,H,-,A,A,0,,,,,Y,,A,1,0,0,0,0,0,0,0,0,0,- ,- ,0,0,1800,2,LOS ANGELES,LOS ANGELES,CA,-118.3236221,33.97458267,"6TH AVE & FLORENCE AVE, LOS ANGELES, CA",6TH AVE,FLORENCE AVE,148702,
-118.3002022,34.00279617,35515,8811121,2019,2019-04-02T00:00:00.000Z,1942,2019-02-25T00:00:00.000Z,810,35197,1204,1,5,7,1942,0,0,0,L,0,12A3,NORMANDIE AV,45TH ST,0,,Y,A,-,N,,0,0,,,0,,,,N,0,0,0,3,A,-,9,21802,A,N,D,C,A,A,H,-,A,D,0,,,,,Y,,A,8,0,0,0,0,0,0,0,0,0,- ,- ,0,0,900,2,LOS ANGELES,LOS ANGELES,CA,-118.3002022,34.00279617,"NORMANDIE AVE & 45TH ST, LOS ANGELES, CA",NORMANDIE AVE,45TH ST,110321,
-118.4138035,34.17958832,35516,8811450,2019,2019-03-20T00:00:00.000Z,1942,2019-02-02T00:00:00.000Z,2000,42829,,6,5,7,1942,0,0,0,,0,9X31,COLDWATER CANYON,OXNARD ST,60,N,N,C,-,N,,0,0,,,0,,,,Y,3,0,3,4,A,-,8,22107,,N,C,C,A,B,H,-,D,D,0,,,,,Y,,A,1,0,3,0,0,0,0,0,0,0,- ,- ,0,0,2100,2,LOS ANGELES,LOS ANGELES,CA,-118.4138035,34.17958832,"COLDWATER CANYON AVE & OXNARD ST, LOS ANGELES, CA",COLDWATER CANYON AVE,OXNARD ST,143106,
-118.4095971,34.16487122,35517,8811462,2019,2019-03-20T00:00:00.000Z,1942,2019-02-15T00:00:00.000Z,1820,42890,1541,5,5,7,1942,0,0,0,O,0,19X12,MAGNOLIA BL,W BELLAIRE AV,50,W,N,C,-,N,,0,0,,,0,,,,N,4,0,1,2,A,-,7,21658,,N,C,E,A,B,H,-,C,A,0,,,,,Y,,A,1,0,0,1,0,0,0,0,0,0,- ,- ,0,0,2100,2,LOS ANGELES,LOS ANGELES,CA,-118.4095971,34.16487122,"MAGNOLIA BLVD & BELLAIRE AVE, LOS ANGELES, CA",MAGNOLIA BLVD,BELLAIRE AVE,129080,
-118.4040172,34.1648674,35518,8811486,2019,2019-03-20T00:00:00.000Z,1942,2019-02-05T00:00:00.000Z,2355,42684,1543,2,5,7,1942,0,0,0,O,0,15A43,W MAGNOLIA BL,WILKINSON AV,50,E,N,A,-,N,,0,0,,,0,,,,Y,4,0,1,4,A,-,3,22350,,N,D,E,A,A,H,-,C,D,0,,,,,Y,,A,1,0,0,1,0,0,0,0,0,0,- ,- ,0,0,2400,2,LOS ANGELES,LOS ANGELES,CA,-118.4040172,34.1648674,"MAGNOLIA BLVD & WILKINSON AVE, LOS ANGELES, CA",MAGNOLIA BLVD,WILKINSON AVE,97475,
-118.4506083,34.15122223,35519,8811493,2019,2019-03-19T00:00:00.000Z,1942,2019-02-24T00:00:00.000Z,1610,34862,974,7,5,7,1942,0,0,0,,0,9A63,VENTURA BL,VESPER AV,100,E,N,A,-,N,,0,0,,,0,,,,N,4,0,1,2,B,-,22,0,,F,-,-,A,A,H,-,A,D,0,,,,,Y,,-,99,0,0,1,0,0,0,0,0,0,- ,- ,0,0,1800,2,LOS ANGELES,LOS ANGELES,CA,-118.4506083,34.15122223,"VENTURA BLVD & VESPER AVE, LOS ANGELES, CA",VENTURA BLVD,VESPER AVE,125799,
-118.2651522,33.96842575,35520,8812383,2019,2019-03-01T00:00:00.000Z,1942,2019-02-10T00:00:00.000Z,55,41820,1269,7,5,7,1942,0,0,0,L,0,12A69,AVALON BL,78TH ST,0,,Y,B,-,N,,0,0,,,0,,,,Y,4,0,1,2,A,-,3,22350,,N,A,E,A,B,A,-,C,D,0,,,,,Y,,A,1,0,0,1,0,0,0,0,0,0,- ,- ,0,0,300,2,LOS ANGELES,LOS ANGELES,CA,-118.2651522,33.96842575,"AVALON BLVD & 78TH ST, LOS ANGELES, CA",AVALON BLVD,78TH ST,99549,
-118.3089422,34.00189591,35521,8812404,2019,2019-03-05T00:00:00.000Z,1942,2019-02-18T00:00:00.000Z,1215,43540,1209,1,5,7,1942,0,0,0,L,0,12A31,46TH ST,WESTERN AV,0,,Y,A,-,N,,0,0,,,0,,,,N,0,0,0,2,A,-,3,22350,,M,B,E,A,A,H,-,A,D,0,,,,,Y,,-,99,0,0,0,0,0,0,0,0,0,- ,- ,0,0,1500,2,LOS ANGELES,LOS ANGELES,CA,-118.3089422,34.0018959,"46TH ST & WESTERN AVE, LOS ANGELES, CA",46TH ST,WESTERN AVE,124363,
-118.4405514,34.21804428,35522,8816145,2019,2019-03-11T00:00:00.000Z,1942,2019-02-17T00:00:00.000Z,600,31688,1998,7,5,7,1942,0,0,0,,0,19A9,STANSBURY AV,KATHERINE AV,40,S,N,B,-,N,,0,0,,,0,,,,N,0,0,0,3,A,-,8,22107,,M,B,E,A,A,H,-,A,D,0,,,,,Y,,-,99,0,0,0,0,0,0,0,0,0,- ,- ,0,0,900,2,LOS ANGELES,LOS ANGELES,CA,-118.4405514,34.21804428,"STANSBURY AVE & KATHERINE AVE, LOS ANGELES, CA",STANSBURY AVE,KATHERINE AVE,122389,
-118.4451733,34.24926758,35523,8816204,2019,2019-03-20T00:00:00.000Z,1942,2019-02-15T00:00:00.000Z,2059,40937,1958,5,5,7,1942,0,0,0,,0,19A79,VAN NUYS BL,CANTERBURY AV,40,N,N,C,-,N,,0,0,,,0,,,,N,0,0,0,2,A,-,3,22350,,M,C,E,A,B,H,-,C,D,0,,,,,Y,,-,99,0,0,0,0,0,0,0,0,0,- ,- ,0,0,2100,2,LOS ANGELES,LOS ANGELES,CA,-118.4451733,34.24926758,"VAN NUYS BLVD & CANTERBURY AVE, LOS ANGELES, CA",VAN NUYS BLVD,CANTERBURY AVE,116009,
-118.276083,34.05311203,35524,8821223,2019,2019-04-04T00:00:00.000Z,1942,2019-02-21T00:00:00.000Z,735,42876,265,4,5,7,1942,0,0,0,,0,2A75,BONNIE BRAE ST,8TH ST,304,S,N,A,-,N,,0,0,,,0,,,,N,0,0,0,4,A,-,5,21651,B,M,A,C,A,A,H,-,A,-,0,,,,,Y,,-,99,0,0,0,0,0,0,0,0,0,- ,- ,0,0,900,2,LOS ANGELES,LOS ANGELES,CA,-118.276083,34.05311203,"BONNIE BRAE ST & 8TH ST, LOS ANGELES, CA",BONNIE BRAE ST,8TH ST,121141,
-118.3834222,34.1696434,35525,8821441,2019,2019-03-21T00:00:00.000Z,1942,2019-02-16T00:00:00.000Z,2300,42457,,6,5,7,1942,0,0,0,,0,15A27,CUMPSTON,BECK,0,,N,A,-,N,,0,0,,,0,,,,Y,0,0,0,4,A,-,3,22350,,N,B,E,A,A,H,-,D,D,0,,,,,Y,,-,99,0,0,0,0,0,0,0,0,0,- ,- ,0,0,2400,2,LOS ANGELES,LOS ANGELES,CA,-118.3834222,34.1696434,"CUMPSTON ST & BECK AVE, LOS ANGELES, CA",CUMPSTON ST,BECK AVE,115137,
-118.2740221,34.00822067,35526,8823086,2019,2019-04-04T00:00:00.000Z,1942,2019-02-09T00:00:00.000Z,205,42312,1341,6,5,7,1942,0,0,0,M,0,13A41,MAIN ST,41ST PL,10,N,N,A,-,N,,0,0,,,0,,,,Y,0,0,0,10,A,-,1,23152,A,N,A,E,A,A,H,-,C,D,0,,,,,Y,Y,A,8,0,0,0,0,0,0,0,0,0,- ,- ,0,0,300,2,LOS ANGELES,LOS ANGELES,CA,-118.2740221,34.00822067,"MAIN ST & 41ST PL, LOS ANGELES, CA",MAIN ST,41ST PL,145557,
-118.2115121,34.04845429,35527,8823561,2019,2019-03-18T00:00:00.000Z,1942,2019-02-12T00:00:00.000Z,2120,35291,464,2,5,7,1942,0,0,0,D,0,4A71,CESAR CHAVEZ AV,N SAINT LOUIS ST,0,,Y,B,-,N,,0,0,,,0,,,,N,0,0,0,2,A,-,11,21950,B,N,G,B,A,A,H,-,C,A,0,,,,,Y,,N,60,0,0,0,0,0,0,0,0,0,- ,- ,0,0,2400,2,LOS ANGELES,LOS ANGELES,CA,-118.2115121,34.04845428,"CESAR E CHAVEZ AVE & ST LOUIS ST, LOS ANGELES, CA",CESAR E CHAVEZ AVE,ST LOUIS ST,99226,
-118.2905539,33.84989548,35528,8824332,2019,2019-03-22T00:00:00.000Z,1942,2019-02-28T00:00:00.000Z,57,43320,505,4,5,7,1942,0,0,0,E,0,5A1,VERMONT AV,FRANCISCO ST,120,S,N,B,-,N,,0,0,,,0,,,,N,0,0,0,2,A,-,3,22350,,M,B,E,A,A,H,-,C,D,0,,,,,Y,,A,1,0,0,0,0,0,0,0,0,0,- ,- ,0,0,300,2,LOS ANGELES,LOS ANGELES,CA,-118.2905539,33.84989548,"VERMONT AVE & FRANCISCO ST, LOS ANGELES, CA",VERMONT AVE,FRANCISCO ST,116446,
-118.3664422,34.15130234,35529,8824611,2019,2019-04-15T00:00:00.000Z,1942,2019-02-24T00:00:00.000Z,1930,37472,1562,7,5,7,1942,0,0,0,O,0,15A21,LANKERSHIM BL,LANDALE,20,N,N,A,-,N,,0,0,,,0,,,,Y,0,0,0,4,A,-,1,23152,A,M,B,E,A,A,H,-,C,A,0,,,,,Y,Y,A,1,0,0,0,0,0,0,0,0,0,- ,- ,0,0,2100,2,LOS ANGELES,LOS ANGELES,CA,-118.3664422,34.15130234,"LANKERSHIM BLVD & LANDALE ST, LOS ANGELES, CA",LANKERSHIM BLVD,LANDALE ST,139582,
-118.4028326,34.26551437,35530,8826069,2019,2019-04-22T00:00:00.000Z,1942,2019-02-03T00:00:00.000Z,2310,42343,1942,7,5,7,1942,0,0,0,,0,16A23,GLENOAK BL,OSBORNE ST,400,N,N,C,-,N,,0,0,,,0,,,,Y,0,0,0,2,A,-,8,22107,,M,B,E,A,B,G,-,C,D,0,,,,,Y,,A,,0,0,0,0,0,0,0,0,0,- ,- ,0,0,2400,2,LOS ANGELES,LOS ANGELES,CA,-118.4028326,34.26551437,"GLENOAKS BLVD & OSBORNE ST, LOS ANGELES, CA",GLENOAKS BLVD,OSBORNE ST,136984,
-118.4934606,34.27335739,35531,8827040,2019,2019-04-04T00:00:00.000Z,1942,2019-02-24T00:00:00.000Z,2030,43496,1737,7,5,7,1942,0,0,0,Q,0,17A49,HAYVENHURST AV,SAN FERNANDO MISSION BL,500,N,N,A,-,N,,0,0,,,0,,,,N,3,0,1,4,A,-,8,22107,,N,B,E,A,A,H,-,C,D,0,,,,,Y,,A,1,0,1,0,0,0,0,0,0,0,- ,- ,0,0,2100,2,LOS ANGELES,LOS ANGELES,CA,-118.4934606,34.27335739,"HAYVENHURST AVE & SAN FERNANDO MISSION BLVD, LOS ANGELES, CA",HAYVENHURST AVE,SAN FERNANDO MISSION BLVD,133186,