X,Y,OBJECTID,case_id,accident_year,proc_date,juris,collision_date,collision_time,officer_id,reporting_district,day_of_week,chp_shift,population,cnty_city_loc,special_cond,beat_type,chp_beat_type,city_division_lapd,chp_beat_class,beat_number,primary_rd,secondary_rd,distance,direction,intersection,weather_1,weather_2,state_hwy_ind,caltrans_county,caltrans_district,state_route,route_suffix,postmile_prefix,postmile,location_type,ramp_intersection,side_of_hwy,tow_away,collision_severity,number_killed,number_injured,party_count,primary_coll_factor,pcf_code_of_viol,pcf_viol_category,pcf_violation,pcf_viol_subsection,hit_and_run,type_of_collision,mviw,ped_action,road_surface,road_cond_1,road_cond_2,lighting,control_device,chp_road_type,pedestrian_accident,bicycle_accident,motorcycle_accident,truck_accident,not_private_property,alcohol_involved,stwd_vehtype_at_fault,chp_vehtype_at_fault,count_severe_inj,count_visible_inj,count_complaint_pain,count_ped_killed,count_ped_injured,count_bicyclist_killed,count_bicyclist_injured,count_mc_killed,count_mc_injured,primary_ramp,secondary_ramp,latitude,longitude,timecat,month_,city,county,state,point_x,point_y,match_addr,m_primaryrd,m_secondrd,int_id,Flag
-118.3639212,34.06515122,35532,8827638,2019,2019-04-26T00:00:00.000Z,1942,2019-02-04T00:00:00.000Z,1830,41748,732,1,5,7,1942,0,0,0,G,0,7A22,6TH ST,CRESCENT HEIGHTS,328,E,N,A,-,N,,0,0,,,0,,,,N,3,0,1,2,A,-,17,21209,,N,H,E,A,B,H,-,C,D,0,,,,,Y,,-,,0,1,0,0,0,0,0,0,0,- ,- ,0,0,2100,2,LOS ANGELES,LOS ANGELES,CA,-118.3639212,34.06515121,"6TH ST & CRESCENT HEIGHTS BLVD, LOS ANGELES, CA",6TH ST,CRESCENT HEIGHTS BLVD,100389,
-118.2198721,34.02427673,35533,8830339,2019,2019-03-28T00:00:00.000Z,1942,2019-02-23T00:00:00.000Z,2320,38912,497,6,5,7,1942,0,0,0,D,0,4A53,OLYMPIC BL,SOTO ST,0,,Y,A,-,N,,0,0,,,0,,,,Y,4,0,1,3,A,-,3,22350,,F,B,C,A,A,H,-,C,A,0,,,,,Y,,A,1,0,0,1,0,0,0,0,0,0,- ,- ,0,0,2400,2,LOS ANGELES,LOS ANGELES,CA,-118.2198721,34.02427673,"OLYMPIC BLVD & SOTO ST, LOS ANGELES, CA",OLYMPIC BLVD,SOTO ST,138476,
-118.2319764,34.0960846,35534,8830512,2019,2019-03-27T00:00:00.000Z,1942,2019-02-15T00:00:00.000Z,1800,43576,1157,5,5,7,1942,0,0,0,K,0,11A26,N SAN FERNANDO RD,CHAUCER,54,E,N,B,-,N,,0,0,,,0,,,,N,0,0,0,2,A,-,3,22350,,M,C,E,A,A,H,-,A,D,0,,,,,Y,,-,99,0,0,0,0,0,0,0,0,0,- ,- ,0,0,2100,2,LOS ANGELES,LOS ANGELES,CA,-118.2319764,34.09608459,"SAN FERNANDO RD & CHAUCER ST, LOS ANGELES, CA",SAN FERNANDO RD,CHAUCER ST,166255,
-118.1643921,34.08421326,35535,8830515,2019,2019-03-28T00:00:00.000Z,1942,2019-02-10T00:00:00.000Z,1530,43068,429,7,5,7,1942,0,0,0,D,0,,DORCHESTER AV,EDNA ST,0,,N,C,-,N,,0,0,,,0,,,,N,0,0,0,2,A,-,21,22106,,M,C,E,A,B,H,-,A,D,0,,,,,Y,Y,-,99,0,0,0,0,0,0,0,0,0,- ,- ,0,0,1800,2,LOS ANGELES,LOS ANGELES,CA,-118.1643921,34.08421326,"DORCHESTER AVE & EDNA ST, LOS ANGELES, CA",DORCHESTER AVE,EDNA ST,143036,
-118.4279601,34.22691345,35536,8832838,2019,2019-04-05T00:00:00.000Z,1942,2019-02-01T00:00:00.000Z,10,40065,1661,5,5,7,1942,0,0,0,P,0,16A77,W RANGOON ST,DORRINGTON AV,105,W,N,A,-,N,,0,0,,,0,,,,Y,0,0,0,4,A,-,8,22107,,M,B,E,A,A,H,-,C,D,0,,,,,Y,,D,22,0,0,0,0,0,0,0,0,0,- ,- ,0,0,300,2,LOS ANGELES,LOS ANGELES,CA,-118.4279601,34.22691345,"RANGOON ST & DORRINGTON AVE, LOS ANGELES, CA",RANGOON ST,DORRINGTON AVE,129780,
-118.3119321,34.02188492,35537,8833555,2019,2019-04-15T00:00:00.000Z,1942,2019-02-28T00:00:00.000Z,2050,43654,355,4,5,7,1942,0,0,0,C,0,3A55,SAINT ANDREWS ST,36TH PL,0,,Y,A,-,N,,0,0,,,0,,,,Y,4,0,1,9,A,-,1,23152,A,N,D,C,A,A,H,-,C,A,0,,,,,Y,Y,D,22,0,0,1,0,0,0,0,0,0,- ,- ,0,0,2100,2,LOS ANGELES,LOS ANGELES,CA,-118.3119321,34.02188492,"ST ANDREWS PL & 36TH PL, LOS ANGELES, CA",ST ANDREWS PL,36TH PL,110182,
-118.2147605,34.0358696,35538,8833854,2019,2019-04-16T00:00:00.000Z,1942,2019-02-26T00:00:00.000Z,2300,33589,477,2,5,7,1942,0,0,0,,0,,SOTO ST,TERRACE HEIGHTS AV,60,N,N,A,-,N,,0,0,,,0,,,,N,0,0,0,2,A,-,3,22350,,M,B,E,A,A,H,-,C,D,0,,,,,Y,,-,99,0,0,0,0,0,0,0,0,0,- ,- ,0,0,2400,2,LOS ANGELES,LOS ANGELES,CA,-118.2147605,34.0358696,"SOTO ST & TERRACE HEIGHTS AVE, LOS ANGELES, CA",SOTO ST,TERRACE HEIGHTS AVE,149238,
-118.4464178,34.03757477,35539,8834396,2019,2019-04-11T00:00:00.000Z,1942,2019-02-19T00:00:00.000Z,2202,37575,882,2,5,7,1942,0,0,0,H,0,14T47,COLBY AV,MISSISSIPPI AV,117,N,N,A,-,N,,0,0,,,0,,,,Y,0,0,0,7,A,-,1,23152,F,M,B,C,A,A,H,-,C,D,0,,,,,Y,Y,A,1,0,0,0,0,0,0,0,0,0,- ,- ,0,0,2400,2,LOS ANGELES,LOS ANGELES,CA,-118.4464178,34.03757477,"COLBY AVE & MISSISSIPPI AVE, LOS ANGELES, CA",COLBY AVE,MISSISSIPPI AVE,124929,
-118.4055101,34.10808182,35540,8835215,2019,2019-04-09T00:00:00.000Z,1942,2019-02-25T00:00:00.000Z,1908,40733,809,1,5,7,1942,0,0,0,H,0,8A29,COLDWATER CANYON DR,CEDARBROOK DR,30,S,N,A,-,N,,0,0,,,0,,,,Y,4,0,1,2,A,-,3,22350,,N,B,E,A,A,H,-,C,D,0,,,,,Y,,A,1,0,0,1,0,0,0,0,0,0,- ,- ,0,0,2100,2,LOS ANGELES,LOS ANGELES,CA,-118.4055101,34.10808182,"COLDWATER CANYON DR & CEDARBROOK DR, LOS ANGELES, CA",COLDWATER CANYON DR,CEDARBROOK DR,118163,
-118.1754012,34.08242035,35541,8835378,2019,2019-04-24T00:00:00.000Z,1942,2019-02-25T00:00:00.000Z,2300,38502,426,1,5,7,1942,0,0,0,D,0,4A9,CASTALIA AV,TEMPLETON ST,159,N,N,A,-,N,,0,0,,,0,,,,N,0,0,0,2,A,-,0,20015,A,M,C,E,A,A,H,-,C,D,0,,,,,Y,,-,- ,0,0,0,0,0,0,0,0,0,- ,- ,0,0,2400,2,LOS ANGELES,LOS ANGELES,CA,-118.1754012,34.08242035,"CASTALIA AVE & TEMPLETON ST, LOS ANGELES, CA",CASTALIA AVE,TEMPLETON ST,111435,
-118.4262563,34.0625267,35542,8835477,2019,2019-04-09T00:00:00.000Z,1942,2019-02-22T00:00:00.000Z,2155,43323,829,5,5,7,1942,0,0,0,,0,834,S BEVERLY GLEN,ROCHESTER,120,N,N,A,-,N,,0,0,,,0,,,,Y,0,0,0,3,A,-,1,23152,A,N,C,E,A,A,H,-,C,D,0,,,,,Y,Y,A,1,0,0,0,0,0,0,0,0,0,- ,- ,0,0,2400,2,LOS ANGELES,LOS ANGELES,CA,-118.4262563,34.0625267,"BEVERLY GLEN BLVD & ROCHESTER AVE, LOS ANGELES, CA",BEVERLY GLEN BLVD,ROCHESTER AVE,146491,
-118.2102221,34.06602478,35543,8839282,2019,2019-04-17T00:00:00.000Z,1942,2019-02-19T00:00:00.000Z,1940,39219,423,2,5,7,1942,0,0,0,D,0,4A15,MAIN ST,JOHNSTON ST,0,,Y,A,-,N,,0,0,,,0,,,,N,4,0,1,3,A,-,3,22350,,N,B,E,A,A,H,-,C,D,0,,,,,Y,,A,1,0,0,1,0,0,0,0,0,0,- ,- ,0,0,2100,2,LOS ANGELES,LOS ANGELES,CA,-118.2102221,34.06602478,"N MAIN ST & JOHNSTON ST, LOS ANGELES, CA",N MAIN ST,JOHNSTON ST,149922,
-118.3375104,34.10664749,35544,8847790,2019,2019-04-22T00:00:00.000Z,1942,2019-02-23T00:00:00.000Z,2200,42830,625,6,5,7,1942,0,0,0,F,0,6A45,HIGHLAND AV,CAMROSE,600,S,N,A,-,N,,0,0,,,0,,,,N,4,0,1,3,A,-,3,22350,,N,B,C,A,A,H,-,C,D,0,,,,,Y,,A,8,0,0,1,0,0,0,0,0,0,- ,- ,0,0,2400,2,LOS ANGELES,LOS ANGELES,CA,-118.3375104,34.10664749,"HIGHLAND AVE & CAMROSE DR, LOS ANGELES, CA",HIGHLAND AVE,CAMROSE DR,102145,
-118.4250524,33.9997673,35545,8849746,2019,2019-04-26T00:00:00.000Z,1942,2019-02-23T00:00:00.000Z,1720,42257,1446,6,5,7,1942,0,0,0,N,0,14A76,HERBERT ST,INGLEWOOD BL,310,W,N,A,-,N,,0,0,,,0,,,,N,0,0,0,2,A,-,3,22350,,M,B,E,A,A,H,-,B,D,0,,,,,Y,,-,99,0,0,0,0,0,0,0,0,0,- ,- ,0,0,1800,2,LOS ANGELES,LOS ANGELES,CA,-118.4250524,33.9997673,"HERBERT ST & INGLEWOOD BLVD, LOS ANGELES, CA",HERBERT ST,INGLEWOOD BLVD,104024,
-118.4170749,34.01878738,35546,8862907,2019,2019-05-28T00:00:00.000Z,1942,2019-02-22T00:00:00.000Z,1745,43074,1437,5,5,7,1942,0,0,0,N,0,1422,MILITARY AV,CHARNOCK RD,50,N,N,A,-,N,,0,0,,,0,,,,N,0,0,0,2,A,-,3,22350,,M,B,E,A,A,H,-,C,A,0,,,,,Y,,-,99,0,0,0,0,0,0,0,0,0,- ,- ,0,0,1800,2,LOS ANGELES,LOS ANGELES,CA,-118.4170749,34.01878738,"MILITARY AVE & CHARNOCK RD, LOS ANGELES, CA",MILITARY AVE,CHARNOCK RD,100361,
-118.2717921,33.99744415,35548,8874965,2019,2019-06-13T00:00:00.000Z,1942,2019-02-26T00:00:00.000Z,1720,43015,1362,2,5,7,1942,0,0,0,M,0,13A6,E 50TH ST,WALL ST,0,,-,A,-,N,,0,0,,,0,,,,N,0,0,0,4,A,-,3,22350,,M,D,E,A,A,H,-,A,D,0,,,,,Y,,-,99,0,0,0,0,0,0,0,0,0,- ,- ,0,0,1800,2,LOS ANGELES,LOS ANGELES,CA,-118.2717921,33.99744415,"50TH ST & WALL ST, LOS ANGELES, CA",50TH ST,WALL ST,127982,
-118.3745221,34.23750305,35549,8816048,2019,2019-03-20T00:00:00.000Z,1942,2019-02-05T00:00:00.000Z,745,39217,,2,5,7,1942,0,0,0,,0,,GLENOAKS BL,PENDLETON ST,0,,Y,C,-,N,,0,0,,,0,,,,Y,4,0,2,2,A,-,9,21800,B,N,D,C,A,B,H,-,A,B,0,,,,,Y,,A,1,0,0,2,0,0,0,0,0,0,- ,- ,0,0,900,2,LOS ANGELES,LOS ANGELES,CA,-118.3745221,34.23750305,"GLENOAKS BLVD & PENDLETON ST, LOS ANGELES, CA",GLENOAKS BLVD,PENDLETON ST,112297,
-118.2682903,34.24172592,35550,8816064,2019,2019-03-20T00:00:00.000Z,1942,2019-02-14T00:00:00.000Z,1115,39746,1659,4,5,7,1942,0,0,0,P,0,16A59,FOOTHILL BL,SALUDA AV,12,E,N,C,-,N,,0,0,,,0,,,,Y,2,0,1,2,A,-,3,22350,,N,C,C,A,B,H,-,A,D,0,,,,,Y,,A,7,1,0,0,0,0,0,0,0,0,- ,- ,0,0,1200,2,LOS ANGELES,LOS ANGELES,CA,-118.2682903,34.24172592,"FOOTHILL BLVD & SALUDA AVE, LOS ANGELES, CA",FOOTHILL BLVD,SALUDA AVE,109170,
-118.3024022,33.9850235,35551,8820071,2019,2019-04-18T00:00:00.000Z,1942,2019-02-28T00:00:00.000Z,1115,35046,1233,4,5,7,1942,0,0,0,L,0,12A45,60TH PL,HALLDALE AV,0,,Y,A,-,N,,0,0,,,0,,,,Y,0,0,0,2,A,-,3,22350,,M,B,C,A,A,H,-,A,D,0,,,,,Y,,A,1,0,0,0,0,0,0,0,0,0,- ,- ,0,0,1200,2,LOS ANGELES,LOS ANGELES,CA,-118.3024022,33.9850235,"60TH PL & HALLDALE AVE, LOS ANGELES, CA",60TH PL,HALLDALE AVE,99500,
-118.4459022,34.27174377,35552,8823822,2019,2019-03-21T00:00:00.000Z,1942,2019-02-26T00:00:00.000Z,900,39217,1944,2,5,7,1942,0,0,0,,0,19A43,FOX ST,LAUREL CANYON BL,0,,Y,A,-,N,,0,0,,,0,,,,Y,4,0,1,2,A,-,12,21453,A,N,D,C,A,A,H,-,A,A,0,,,,,Y,,A,7,0,0,1,0,0,0,0,0,0,- ,- ,0,0,1200,2,LOS ANGELES,LOS ANGELES,CA,-118.4459022,34.27174377,"FOX ST & LAUREL CANYON BLVD, LOS ANGELES, CA",FOX ST,LAUREL CANYON BLVD,105242,
-118.3571021,34.02152634,35553,8793249,2019,2019-02-25T00:00:00.000Z,1942,2019-02-06T00:00:00.000Z,1219,42569,341,3,5,7,1942,0,0,0,,0,3A41,RODEO,SYCAMORE,0,,Y,A,-,N,,0,0,,,0,,,,N,0,0,0,2,A,-,9,21804,A,M,D,C,A,A,H,-,A,A,0,,,,,Y,,-,99,0,0,0,0,0,0,0,0,0,- ,- ,0,0,1500,2,LOS ANGELES,LOS ANGELES,CA,-118.3571021,34.02152634,"RODEO RD & SYCAMORE AVE,, CA",RODEO RD,SYCAMORE AVE,117121,
-118.3703921,34.03113556,35554,8803734,2019,2019-02-27T00:00:00.000Z,1942,2019-02-19T00:00:00.000Z,1430,41973,311,2,5,7,1942,0,0,0,C,0,3A1,SMILEY DR,S GENESEE AV,0,,Y,A,-,N,,0,0,,,0,,,,Y,0,0,0,2,A,-,3,22350,,N,D,C,A,A,H,-,A,D,0,,,,,Y,,A,8,0,0,0,0,0,0,0,0,0,- ,- ,0,0,1500,2,LOS ANGELES,LOS ANGELES,CA,-118.3703921,34.03113556,"SMILEY DR & GENESEE AVE, LOS ANGELES, CA",SMILEY DR,GENESEE AVE,103464,
-118.4474703,34.15171051,35555,8815957,2019,2019-04-04T00:00:00.000Z,1942,2019-02-24T00:00:00.000Z,1310,43436,985,7,5,7,1942,0,0,0,I,0,9A89,MOORPARK ST,SYLMAR AV,290,W,N,A,-,N,,0,0,,,0,,,,Y,4,0,2,2,A,-,9,21804,A,N,-,C,A,A,H,-,A,-,0,,,,,Y,,A,1,0,0,2,0,0,0,0,0,0,- ,- ,0,0,1500,2,LOS ANGELES,LOS ANGELES,CA,-118.4474703,34.15171051,"MOORPARK ST & SYLMAR AVE, LOS ANGELES, CA",MOORPARK ST,SYLMAR AVE,139818,
-118.4924422,34.20123673,35556,8816027,2019,2019-03-20T00:00:00.000Z,1942,2019-02-18T00:00:00.000Z,1330,40093,1008,1,5,7,1942,0,0,0,J,0,1039,SHERMAN AV,HAYVENHURST AV,0,,-,A,-,N,,0,0,,,0,,,,Y,4,0,1,2,A,-,9,21801,,N,D,C,A,A,H,-,A,A,0,,,,,Y,,A,1,0,0,1,0,0,0,0,0,0,- ,- ,0,0,1500,2,LOS ANGELES,LOS ANGELES,CA,-118.4924422,34.20123672,"SHERMAN WAY & HAYVENHURST AVE, LOS ANGELES, CA",SHERMAN WAY,HAYVENHURST AVE,101564,
-118.4483517,34.24730682,35557,8816144,2019,2019-03-20T00:00:00.000Z,1942,2019-02-21T00:00:00.000Z,1314,39016,1963,4,5,7,1942,0,0,0,,0,19A93W,WOODMAN AV,VAN NUYS BL,100,N,N,B,G,N,,0,0,,,0,,,,N,4,0,1,2,A,-,9,21801,,N,D,C,A,A,H,-,A,D,0,,,,,Y,,A,1,0,0,1,0,0,0,0,0,0,- ,- ,0,0,1500,2,LOS ANGELES,LOS ANGELES,CA,-118.4483517,34.24730682,"WOODMAN AVE & VAN NUYS BLVD, LOS ANGELES, CA",WOODMAN AVE,VAN NUYS BLVD,97924,
-118.4105782,34.16487503,35558,8817051,2019,2019-03-15T00:00:00.000Z,1942,2019-02-11T00:00:00.000Z,1350,33458,1541,1,5,7,1942,0,0,0,O,0,15A43,MAGNOLIA BL,BLUEBELL AV,20,W,N,A,-,N,,0,0,,,0,,,,N,4,0,3,2,A,-,3,22350,,N,C,C,A,A,H,-,A,D,0,,,,,Y,,A,1,0,0,3,0,0,0,0,0,0,- ,- ,0,0,1500,2,LOS ANGELES,LOS ANGELES,CA,-118.4105782,34.16487503,"MAGNOLIA BLVD & BLUEBELL AVE, LOS ANGELES, CA",MAGNOLIA BLVD,BLUEBELL AVE,118547,
-118.3181521,34.00025177,35559,8794034,2019,2019-03-04T00:00:00.000Z,1942,2019-02-13T00:00:00.000Z,1740,43254,392,3,5,7,1942,0,0,0,C,0,3A74,ARLINGTON AV,48TH ST,75,N,N,B,-,N,,0,0,,,0,,,,N,4,0,2,2,A,-,4,21703,,N,C,C,A,B,H,-,B,D,0,,,,,Y,,A,1,0,0,2,0,0,0,0,0,0,- ,- ,0,0,1800,2,LOS ANGELES,LOS ANGELES,CA,-118.3181521,34.00025177,"ARLINGTON AVE & 48TH ST, LOS ANGELES, CA",ARLINGTON AVE,48TH ST,106834,
-118.3182027,34.01081467,35560,8800947,2019,2019-03-13T00:00:00.000Z,1942,2019-02-06T00:00:00.000Z,1517,42569,394,3,5,7,1942,0,0,0,C,0,3A41,KING BL,ARLINGTON,15,E,N,A,-,N,,0,0,,,0,,,,Y,4,0,1,2,A,-,12,21453,A,N,D,C,A,A,H,-,A,A,0,,,,,Y,,-,- ,0,0,1,0,0,0,0,0,0,- ,- ,0,0,1800,2,LOS ANGELES,LOS ANGELES,CA,-118.3182027,34.01081467,"MARTIN LUTHER KING JR BLVD & ARLINGTON AVE, LOS ANGELES, CA",MARTIN LUTHER KING JR BLVD,ARLINGTON AVE,120267,
-118.2581594,34.03528595,35561,8802186,2019,2019-03-18T00:00:00.000Z,1942,2019-02-09T00:00:00.000Z,1510,42040,195,6,5,7,1942,0,0,0,A,0,1A85,SANTEE ST,PICO BL,70,N,N,A,-,N,,0,0,,,0,,,,N,0,0,0,2,A,-,9,21804,A,M,H,C,A,A,H,-,A,D,0,,,,,Y,,A,1,0,0,0,0,0,0,0,0,0,- ,- ,0,0,1800,2,LOS ANGELES,LOS ANGELES,CA,-118.2581594,34.03528595,"SANTEE ST & PICO BLVD, LOS ANGELES, CA",SANTEE ST,PICO BLVD,149189,
-118.2900517,33.91641617,35562,8802728,2019,2019-02-21T00:00:00.000Z,1942,2019-02-04T00:00:00.000Z,1625,41973,1851,1,5,7,1942,0,0,0,R,0,18A97,W EL SEGUNDO BL,E VERMONT AV,447,E,N,A,-,N,,0,0,,,0,,,,Y,3,0,3,2,A,-,3,22350,,N,D,C,A,A,H,-,A,D,0,,,,,Y,,A,1,0,2,1,0,0,0,0,0,0,- ,- ,0,0,1800,2,LOS ANGELES,LOS ANGELES,CA,-118.2900517,33.91641617,"EL SEGUNDO BLVD & VERMONT AVE, LOS ANGELES, CA",EL SEGUNDO BLVD,VERMONT AVE,109670,
-118.4675422,34.25460815,35563,8807046,2019,2019-03-05T00:00:00.000Z,1942,2019-02-16T00:00:00.000Z,1600,41158,1952,6,5,7,1942,0,0,0,,0,19A43,N SEPULVEDA BL,ROMAR ST,20,N,N,A,-,N,,0,0,,,0,,,,Y,4,0,1,2,A,-,8,22107,,F,C,C,A,A,H,-,A,D,0,,,,,Y,,-,99,0,0,1,0,0,0,0,0,0,- ,- ,0,0,1800,2,LOS ANGELES,LOS ANGELES,CA,-118.4675422,34.25460815,"SEPULVEDA BLVD & ROMAR ST, LOS ANGELES, CA",SEPULVEDA BLVD,ROMAR ST,109191,
-118.3965321,34.18300629,35564,8815974,2019,2019-03-15T00:00:00.000Z,1942,2019-02-18T00:00:00.000Z,1730,41752,,1,5,7,1942,0,0,0,,0,15X36,LAUREL CANYON,ERWIN,0,,Y,A,-,N,,0,0,,,0,,,,Y,4,0,1,2,A,-,9,21801,,N,A,C,A,A,H,-,A,A,0,,,,,Y,,A,1,0,0,1,0,0,0,0,0,0,- ,- ,0,0,1800,2,LOS ANGELES,LOS ANGELES,CA,-118.3965321,34.18300629,"LAUREL CANYON BLVD & ERWIN ST, LOS ANGELES, CA",LAUREL CANYON BLVD,ERWIN ST,109208,
-118.2794022,34.07621384,35565,8821650,2019,2019-03-21T00:00:00.000Z,1942,2019-02-13T00:00:00.000Z,1515,42040,205,3,5,7,1942,0,0,0,B,0,2A5,N VENDOME ST,N DILLON ST,0,,Y,A,-,N,,0,0,,,0,,,,N,0,0,0,2,A,-,12,22450,A,M,D,C,A,A,H,-,A,A,0,,,,,Y,,-,99,0,0,0,0,0,0,0,0,0,- ,- ,0,0,1800,2,LOS ANGELES,LOS ANGELES,CA,-118.2794022,34.07621384,"VENDOME ST & DILLON ST, LOS ANGELES, CA",VENDOME ST,DILLON ST,126799,
-118.2562521,34.07627487,35566,8830330,2019,2019-03-27T00:00:00.000Z,1942,2019-02-03T00:00:00.000Z,1530,35435,1184,7,5,7,1942,0,0,0,K,0,11A95,SUNSET BL,LAVETA TER,0,,Y,C,-,N,,0,0,,,0,,,,Y,4,0,1,2,A,-,8,22101,,N,D,C,A,B,H,-,A,D,0,,,,,Y,,A,1,0,0,1,0,0,0,0,0,0,- ,- ,0,0,1800,2,LOS ANGELES,LOS ANGELES,CA,-118.2562521,34.07627487,"SUNSET BLVD & LAVETA TER, LOS ANGELES, CA",SUNSET BLVD,LAVETA TER,107564,
-118.2726427,34.00383377,35567,8847947,2019,2019-04-23T00:00:00.000Z,1942,2019-02-15T00:00:00.000Z,1645,42930,1352,5,5,7,1942,0,0,0,M,0,13X62,VERNON,SAN PEDRO PL,15,E,N,C,-,N,,0,0,,,0,,,,Y,4,0,2,2,A,-,3,22350,,N,-,C,A,B,H,-,B,-,0,,,,,Y,,A,1,0,0,2,0,0,0,0,0,0,- ,- ,0,0,1800,2,LOS ANGELES,LOS ANGELES,CA,-118.2726427,34.00383377,"VERNON AVE & SAN PEDRO PL, LOS ANGELES, CA",VERNON AVE,SAN PEDRO PL,120980,
-118.2872127,34.01106644,35568,8804289,2019,2019-03-19T00:00:00.000Z,1942,2019-02-07T00:00:00.000Z,1910,38037,398,4,5,7,1942,0,0,0,C,0,25MQ86,KING BL,HOOVER ST,12,E,N,A,-,N,,0,0,,,0,,,,N,4,0,2,2,A,-,3,22350,,F,C,C,A,A,H,-,C,D,0,,,,Y,Y,Y,-,99,0,0,2,0,0,0,0,0,0,- ,- ,0,0,2100,2,LOS ANGELES,LOS ANGELES,CA,-118.2872127,34.01106644,"MARTIN LUTHER KING JR BLVD & HOOVER ST, LOS ANGELES, CA",MARTIN LUTHER KING JR BLVD,HOOVER ST,106889,
-118.3298821,34.08345413,35569,8809395,2019,2019-03-25T00:00:00.000Z,1942,2019-02-03T00:00:00.000Z,2010,42137,666,7,5,7,1942,0,0,0,F,0,6A63W3,MELROSE AV,COLE AV,0,,Y,C,-,N,,0,0,,,0,,,,N,0,0,0,2,A,-,3,22350,,M,C,C,A,B,H,-,C,D,0,,,,,Y,,-,99,0,0,0,0,0,0,0,0,0,- ,- ,0,0,2100,2,LOS ANGELES,LOS ANGELES,CA,-118.3298821,34.08345413,"MELROSE AVE & COLE AVE, LOS ANGELES, CA",MELROSE AVE,COLE AVE,135607,
-118.4788222,34.30388641,35570,8816192,2019,2019-03-20T00:00:00.000Z,1942,2019-02-07T00:00:00.000Z,2030,40972,1921,4,5,7,1942,0,0,0,,0,19A1,ROXFORD ST,ENCINITAS AV,0,,Y,A,-,N,,0,0,,,0,,,,N,0,0,0,2,A,-,12,21453,A,M,D,C,A,A,H,-,C,A,0,,,,,Y,,-,99,0,0,0,0,0,0,0,0,0,- ,- ,0,0,2100,2,LOS ANGELES,LOS ANGELES,CA,-118.4788222,34.30388641,"ROXFORD ST & ENCINITAS AVE, LOS ANGELES, CA",ROXFORD ST,ENCINITAS AVE,131085,
-118.2636913,33.79576874,35571,8806959,2019,2019-03-04T00:00:00.000Z,1942,2019-02-03T00:00:00.000Z,2200,43296,515,7,5,7,1942,0,0,0,E,0,9A15,N AVALON BL,WEST SANDISON ST,900,N,N,B,C,N,,0,0,,,0,,,,Y,3,0,1,2,-,-,- ,0,,N,B,C,A,B,-,-,C,D,0,,,,,Y,Y,-,- ,0,1,0,0,0,0,0,0,0,- ,- ,0,0,2400,2,LOS ANGELES,LOS ANGELES,CA,-118.2636913,33.79576874,"AVALON BLVD & SANDISON ST, LOS ANGELES, CA",AVALON BLVD,SANDISON ST,99674,
-118.411769,34.20119476,35572,8817300,2019,2019-03-14T00:00:00.000Z,1942,2019-02-11T00:00:00.000Z,2340,42344,1512,1,5,7,1942,0,0,0,O,0,15A21,SHERMAN WAY,COLDWATER CANYON AV,625,E,N,A,-,N,,0,0,,,0,,,,Y,4,0,1,2,A,-,8,22107,,N,A,C,A,A,H,-,C,A,0,,,,,Y,,A,1,0,0,1,0,0,0,0,0,0,- ,- ,0,0,2400,2,LOS ANGELES,LOS ANGELES,CA,-118.411769,34.20119476,"SHERMAN WAY & COLDWATER CANYON AVE, LOS ANGELES, CA",SHERMAN WAY,COLDWATER CANYON AVE,146672,
-118.2879121,33.74329376,35573,8803948,2019,2019-03-05T00:00:00.000Z,1942,2019-02-10T00:00:00.000Z,1235,43100,564,7,5,7,1942,0,0,0,E,0,5A84,PACIFIC AV,1ST ST,0,,Y,-,-,N,,0,0,,,0,,,,Y,4,0,1,2,A,-,8,22107,,N,-,C,A,-,-,-,A,-,0,,,,,Y,,A,1,0,0,1,0,0,0,0,0,0,- ,- ,0,0,1500,2,LOS ANGELES,LOS ANGELES,CA,-118.2879121,33.74329376,"PACIFIC AVE & 1ST ST, LOS ANGELES, CA",PACIFIC AVE,1ST ST,96997,
-118.4749233,34.18691254,35574,8818317,2019,2019-03-21T00:00:00.000Z,1942,2019-02-13T00:00:00.000Z,1815,42818,1049,3,5,7,1942,0,0,0,J,0,1017,HASKELL AV,VICTORY BL,101,N,N,C,-,N,,0,0,,,0,,,,N,4,0,1,3,A,-,3,22350,,F,C,C,A,B,H,-,C,D,0,,,Y,,Y,,-,99,0,0,1,0,0,0,0,0,0,- ,- ,0,0,2100,2,LOS ANGELES,LOS ANGELES,CA,-118.4749233,34.18691254,"HASKELL AVE & VICTORY BLVD, LOS ANGELES, CA",HASKELL AVE,VICTORY BLVD,97749,
-118.4343572,34.22789383,35575,8804755,2019,2019-03-15T00:00:00.000Z,1942,2019-02-11T00:00:00.000Z,1845,43542,1987,1,5,7,1942,0,0,0,,0,19A4,WOODMAN AV,CHASE ST,30,S,N,A,-,N,,0,0,,,0,,,,Y,2,0,1,2,A,-,8,22107,,N,A,C,A,A,H,-,C,A,0,,,Y,,Y,,D,22,1,0,0,0,0,0,0,0,0,- ,- ,0,0,2100,2,LOS ANGELES,LOS ANGELES,CA,-118.4343572,34.22789383,"WOODMAN AVE & CHASE ST, LOS ANGELES, CA",WOODMAN AVE,CHASE ST,101689,