X,Y,OBJECTID,case_id,accident_year,proc_date,juris,collision_date,collision_time,officer_id,reporting_district,day_of_week,chp_shift,population,cnty_city_loc,special_cond,beat_type,chp_beat_type,city_division_lapd,chp_beat_class,beat_number,primary_rd,secondary_rd,distance,direction,intersection,weather_1,weather_2,state_hwy_ind,caltrans_county,caltrans_district,state_route,route_suffix,postmile_prefix,postmile,location_type,ramp_intersection,side_of_hwy,tow_away,collision_severity,number_killed,number_injured,party_count,primary_coll_factor,pcf_code_of_viol,pcf_viol_category,pcf_violation,pcf_viol_subsection,hit_and_run,type_of_collision,mviw,ped_action,road_surface,road_cond_1,road_cond_2,lighting,control_device,chp_road_type,pedestrian_accident,bicycle_accident,motorcycle_accident,truck_accident,not_private_property,alcohol_involved,stwd_vehtype_at_fault,chp_vehtype_at_fault,count_severe_inj,count_visible_inj,count_complaint_pain,count_ped_killed,count_ped_injured,count_bicyclist_killed,count_bicyclist_injured,count_mc_killed,count_mc_injured,primary_ramp,secondary_ramp,latitude,longitude,timecat,month_,city,county,state,point_x,point_y,match_addr,m_primaryrd,m_secondrd,int_id,Flag
-118.5491922,34.21200562,35576,8817340,2019,2019-03-14T00:00:00.000Z,1942,2019-02-25T00:00:00.000Z,1410,41630,1001,1,5,7,1942,0,0,0,J,0,10X6,VANALDEN,INGOMAR,0,,Y,A,-,N,,0,0,,,0,,,,N,3,0,1,2,A,-,9,21804,,N,D,C,A,A,H,-,A,A,0,,,Y,,Y,Y,-,,0,1,0,0,0,0,0,0,0,- ,- ,0,0,1500,2,LOS ANGELES,LOS ANGELES,CA,-118.5491922,34.21200562,"VANALDEN AVE & INGOMAR ST, LOS ANGELES, CA",VANALDEN AVE,INGOMAR ST,122827,
-118.3703476,34.19957352,35577,8811506,2019,2019-03-20T00:00:00.000Z,1942,2019-02-13T00:00:00.000Z,2330,40972,1506,3,5,7,1942,0,0,0,O,0,15A3,VINELAND AV,SHERMAN WAY,588,S,N,B,C,N,,0,0,,,0,,,,Y,3,0,2,2,A,-,3,22350,,N,D,-,A,B,H,-,C,A,0,,,Y,,Y,,A,1,0,1,1,0,0,0,0,0,0,- ,- ,0,0,2400,2,LOS ANGELES,LOS ANGELES,CA,-118.3703476,34.19957352,"VINELAND AVE & SHERMAN WAY, LOS ANGELES, CA",VINELAND AVE,SHERMAN WAY,125758,
-118.2762121,33.94283676,35579,8784113,2019,2019-03-07T00:00:00.000Z,1942,2019-01-21T00:00:00.000Z,1600,37055,1822,1,5,7,1942,0,0,0,R,0,18A1,SPRING ST,103RD ST,0,,Y,A,-,N,,0,0,,,0,,,,N,4,0,2,3,A,-,12,22450,A,N,D,C,A,A,H,-,A,D,0,,,,,Y,,-,- ,0,0,2,0,0,0,0,0,0,- ,- ,0,0,1800,1,LOS ANGELES,LOS ANGELES,CA,-118.2762121,33.94283676,"SPRING ST & 103RD ST, LOS ANGELES, CA",SPRING ST,103RD ST,148848,
-118.3243821,34.06364441,35580,8784142,2019,2019-02-13T00:00:00.000Z,1942,2019-01-08T00:00:00.000Z,1645,42611,739,2,5,7,1942,0,0,0,G,0,7A85,6TH ST,LUCERNE BL,0,,Y,-,-,N,,0,0,,,0,,,,N,3,0,1,2,A,-,10,21950,A,N,G,B,B,C,A,-,A,A,0,Y,,,,Y,,D,22,0,1,0,0,1,0,0,0,0,- ,- ,0,0,1800,1,LOS ANGELES,LOS ANGELES,CA,-118.3243821,34.06364441,"6TH ST & LUCERNE BLVD, LOS ANGELES, CA",6TH ST,LUCERNE BLVD,142913,
-118.3488864,34.08351898,35581,8784146,2019,2019-02-13T00:00:00.000Z,1942,2019-01-28T00:00:00.000Z,1700,42799,702,1,5,7,1942,0,0,0,G,0,7A22,MELROSE AV,POINSETTIA PL,62,W,N,A,-,N,,0,0,,,0,,,,N,3,0,1,2,A,-,11,21956,A,N,G,B,E,A,H,-,A,A,0,Y,,,,Y,,N,60,0,1,0,0,1,0,0,0,0,- ,- ,0,0,1800,1,LOS ANGELES,LOS ANGELES,CA,-118.3488864,34.08351898,"MELROSE AVE & POINSETTIA PL, LOS ANGELES, CA",MELROSE AVE,POINSETTIA PL,128464,
-118.3689821,34.05194473,35582,8784497,2019,2019-02-13T00:00:00.000Z,1942,2019-01-27T00:00:00.000Z,1750,42799,762,7,5,7,1942,0,0,0,G,0,7A22,PICO BL,HI POINT ST,0,,Y,A,-,N,,0,0,,,0,,,,N,2,0,1,2,A,-,10,21950,A,N,G,B,B,A,H,-,C,D,0,Y,,,,Y,,A,7,1,0,0,0,1,0,0,0,0,- ,- ,0,0,1800,1,LOS ANGELES,LOS ANGELES,CA,-118.3689821,34.05194473,"PICO BLVD & HI POINT ST, LOS ANGELES, CA",PICO BLVD,HI POINT ST,96374,
-118.3088021,33.81900787,35583,8785644,2019,2019-02-05T00:00:00.000Z,1942,2019-01-01T00:00:00.000Z,1720,43220,507,2,5,7,1942,0,0,0,E,0,5A12,WESTERN AV,228TH ST,10,S,N,A,-,N,,0,0,,,0,,,,N,4,0,1,2,A,-,8,22107,,N,D,C,A,A,H,-,C,A,0,,,,,Y,,A,1,0,0,1,0,0,0,0,0,0,- ,- ,0,0,1800,1,LOS ANGELES,LOS ANGELES,CA,-118.3088021,33.81900787,"WESTERN AVE & 228TH ST, LOS ANGELES, CA",WESTERN AVE,228TH ST,151472,
-118.6058522,34.16266632,35584,8785679,2019,2019-02-04T00:00:00.000Z,1942,2019-01-10T00:00:00.000Z,1715,33514,2196,4,5,7,1942,0,0,0,,0,21A57,TOPANGA CANYON BL,MARTINEZ ST,0,,Y,A,-,N,,0,0,,,0,,,,N,4,0,1,2,A,-,3,22350,,F,C,D,A,A,H,-,B,D,0,,,,,Y,,-,99,0,0,1,0,0,0,0,0,0,- ,- ,0,0,1800,1,LOS ANGELES,LOS ANGELES,CA,-118.6058522,34.16266632,"TOPANGA CANYON BLVD & MARTINEZ ST, LOS ANGELES, CA",TOPANGA CANYON BLVD,MARTINEZ ST,111689,
-118.5098822,34.20840454,35585,8785767,2019,2019-02-02T00:00:00.000Z,1942,2019-01-12T00:00:00.000Z,1755,35616,1017,6,5,7,1942,0,0,0,J,0,10A17,SATICOY ST,LOUISE AV,0,,N,A,-,N,,0,0,,,0,,,,N,0,0,0,2,A,-,8,22107,,M,B,E,A,A,-,-,C,D,0,,,,,Y,,-,99,0,0,0,0,0,0,0,0,0,- ,- ,0,0,1800,1,LOS ANGELES,LOS ANGELES,CA,-118.5098822,34.20840454,"SATICOY ST & LOUISE AVE, LOS ANGELES, CA",SATICOY ST,LOUISE AVE,133385,
-118.4673822,34.258461,35586,8789718,2019,2019-02-12T00:00:00.000Z,1942,2019-01-16T00:00:00.000Z,1520,32774,1954,3,5,7,1942,0,0,0,,0,19A43,SEPULVEDA BL,DEVONSHIRE ST,425,N,N,C,-,N,,0,0,,,0,,,,N,0,0,0,2,A,-,8,22107,,M,B,C,A,B,H,-,A,D,0,,,,,Y,,-,99,0,0,0,0,0,0,0,0,0,- ,- ,0,0,1800,1,LOS ANGELES,LOS ANGELES,CA,-118.4673822,34.258461,"SEPULVEDA BLVD & DEVONSHIRE ST, LOS ANGELES, CA",SEPULVEDA BLVD,DEVONSHIRE ST,105405,
-118.3089422,34.00007629,35587,8791753,2019,2019-02-14T00:00:00.000Z,1942,2019-01-12T00:00:00.000Z,1700,40832,12031,6,5,7,1942,0,0,0,L,0,12X8,WESTERN AV,48TH ST,0,,Y,A,-,N,,0,0,,,0,,,,Y,4,0,2,2,A,-,3,22350,,N,A,C,A,A,H,-,C,A,0,,,,,Y,,A,1,0,0,2,0,0,0,0,0,0,- ,- ,0,0,1800,1,LOS ANGELES,LOS ANGELES,CA,-118.3089422,34.00007629,"WESTERN AVE & 48TH ST, LOS ANGELES, CA",WESTERN AVE,48TH ST,138332,
-118.290724,33.98198319,35588,8791966,2019,2019-02-20T00:00:00.000Z,1942,2019-01-19T00:00:00.000Z,1720,42009,1248,6,5,7,1942,0,0,0,L,0,12X52,GAGE AV,VERMONT AV,250,E,N,A,-,N,,0,0,,,0,,,,Y,4,0,4,4,A,-,3,22350,,N,B,C,A,A,H,-,A,D,0,,,,,Y,,A,1,0,0,4,0,0,0,0,0,0,- ,- ,0,0,1800,1,LOS ANGELES,LOS ANGELES,CA,-118.290724,33.98198318,"GAGE AVE & VERMONT AVE, LOS ANGELES, CA",GAGE AVE,VERMONT AVE,119901,
-118.4245922,34.27484512,35589,8793027,2019,2019-02-26T00:00:00.000Z,1942,2019-01-10T00:00:00.000Z,1630,32264,1612,4,5,7,1942,0,0,0,P,0,16A89,PAXTON ST,BRADLEY,0,,Y,A,-,N,,0,0,,,0,,,,Y,4,0,2,2,A,-,9,21801,A,N,D,C,A,A,H,-,A,A,0,,,,,Y,,A,7,0,0,2,0,0,0,0,0,0,- ,- ,0,0,1800,1,LOS ANGELES,LOS ANGELES,CA,-118.4245922,34.27484512,"PAXTON ST & BRADLEY AVE, LOS ANGELES, CA",PAXTON ST,BRADLEY AVE,101925,
-118.4007849,34.23413086,35590,8793035,2019,2019-03-21T00:00:00.000Z,1942,2019-01-12T00:00:00.000Z,1635,37330,LOSAN,6,5,7,1942,0,0,0,,0,16A77,SHELDON ST,HADDON,130,W,N,B,-,N,,0,0,,,0,,,,N,0,0,0,2,A,-,1,23152,A,N,B,E,A,A,-,-,C,D,0,,,,,Y,Y,D,22,0,0,0,0,0,0,0,0,0,- ,- ,0,0,1800,1,LOS ANGELES,LOS ANGELES,CA,-118.4007849,34.23413086,"SHELDON ST & HADDON AVE, LOS ANGELES, CA",SHELDON ST,HADDON AVE,122754,
-118.4492522,34.27485657,35591,8793349,2019,2019-02-27T00:00:00.000Z,1942,2019-01-23T00:00:00.000Z,1735,26319,1936,3,5,7,1942,0,0,0,,0,19A43,SOUTH BRAND BL,LAUREL CANYON BL,0,,Y,A,-,N,,0,0,,,0,,,,Y,3,0,1,2,A,-,9,21801,A,N,B,C,A,A,H,-,B,A,0,,,,,Y,,A,7,0,1,0,0,0,0,0,0,0,- ,- ,0,0,1800,1,LOS ANGELES,LOS ANGELES,CA,-118.4492522,34.27485657,"BRAND BLVD & LAUREL CANYON BLVD, LOS ANGELES, CA",BRAND BLVD,LAUREL CANYON BLVD,112656,
-118.5535822,34.22128677,35592,8793351,2019,2019-02-27T00:00:00.000Z,1942,2019-01-29T00:00:00.000Z,1615,41316,1001,2,5,7,1942,0,0,0,J,0,10A3,TAMPA AV,ROSCOE BL,300,N,N,A,-,N,,0,0,,,0,,,,Y,3,0,2,2,A,-,9,21801,A,N,A,C,A,A,H,-,A,D,0,,,,,Y,,A,7,0,2,0,0,0,0,0,0,0,- ,- ,0,0,1800,1,LOS ANGELES,LOS ANGELES,CA,-118.5535822,34.22128677,"TAMPA AVE & ROSCOE BLVD, LOS ANGELES, CA",TAMPA AVE,ROSCOE BLVD,122498,
-118.3518296,34.03077316,35594,8798122,2019,2019-03-07T00:00:00.000Z,1942,2019-01-23T00:00:00.000Z,1650,43254,310,3,5,7,1942,0,0,0,,0,3A74,LABREA,FERNDALE ST,95,N,N,A,-,N,,0,0,,,0,,,,N,0,0,0,2,A,-,7,21658,A,N,B,C,A,A,C,-,B,A,0,,,,,Y,,A,1,0,0,0,0,0,0,0,0,0,- ,- ,0,0,1800,1,LOS ANGELES,LOS ANGELES,CA,-118.3518296,34.03077316,"LA BREA AVE & FERNDALE ST, LOS ANGELES, CA",LA BREA AVE,FERNDALE ST,138533,
-118.3059232,33.97275543,35595,8798150,2019,2019-02-13T00:00:00.000Z,1942,2019-01-20T00:00:00.000Z,1500,40971,1253,7,5,7,1942,0,0,0,L,0,12A53,W 74TH ST,LA SALLE AV,55,W,N,A,-,N,,0,0,,,0,,,,Y,0,0,0,2,A,-,5,21650,,N,A,E,A,A,H,-,A,D,0,,,,,Y,,A,1,0,0,0,0,0,0,0,0,0,- ,- ,0,0,1800,1,LOS ANGELES,LOS ANGELES,CA,-118.3059232,33.97275543,"74TH ST & LA SALLE AVE, LOS ANGELES, CA",74TH ST,LA SALLE AVE,113589,
-118.3366283,34.09615326,35596,8798160,2019,2019-02-08T00:00:00.000Z,1942,2019-01-19T00:00:00.000Z,1610,40415,646,6,5,7,1942,0,0,0,F,0,6A36,DELONGPRE AV,LOS PALMAS AV,14,W,N,A,-,N,,0,0,,,0,,,,N,4,0,2,1,A,-,3,22350,,N,E,I,A,A,H,-,A,D,0,,,,,Y,,A,7,0,0,2,0,0,0,0,0,0,- ,- ,0,0,1800,1,LOS ANGELES,LOS ANGELES,CA,-118.3366283,34.09615326,"DE LONGPRE AVE & LAS PALMAS AVE, LOS ANGELES, CA",DE LONGPRE AVE,LAS PALMAS AVE,139485,
-118.2486549,34.05560684,35597,8798218,2019,2019-02-08T00:00:00.000Z,1942,2019-01-03T00:00:00.000Z,1618,36460,132,4,5,7,1942,0,0,0,A,0,1A1,W 1ST ST,GRAND AV,60,E,N,A,-,N,,0,0,,,0,,,,N,4,0,1,2,A,-,21,22106,,F,H,C,A,A,H,-,A,D,0,,,,,Y,,-,99,0,0,1,0,0,0,0,0,0,- ,- ,0,0,1800,1,LOS ANGELES,LOS ANGELES,CA,-118.2486549,34.05560684,"1ST ST & GRAND AVE (DOWNTOWN), LOS ANGELES, CA",1ST ST,GRAND AVE (DOWNTOWN),145716,
-118.2811522,33.93389511,35598,8799615,2019,2019-02-25T00:00:00.000Z,1942,2019-01-25T00:00:00.000Z,1550,41870,1842,5,5,7,1942,0,0,0,R,0,18A41,GRAND AV,111TH PL,0,,Y,A,-,N,,0,0,,,0,,,,N,4,0,1,2,A,-,0,20015,A,F,D,C,A,A,H,-,A,A,0,,,,,Y,,-,99,0,0,1,0,0,0,0,0,0,- ,- ,0,0,1800,1,LOS ANGELES,LOS ANGELES,CA,-118.2811522,33.93389511,"GRAND AVE & 111TH PL, LOS ANGELES, CA",GRAND AVE,111TH PL,117777,
-118.4749622,34.21205521,35600,8803126,2019,2019-02-26T00:00:00.000Z,1942,2019-01-12T00:00:00.000Z,1715,41713,1018,6,5,7,1942,0,0,0,J,0,10X18,STAGG,HASKELL,0,,-,A,-,N,,0,0,,,0,,,,Y,4,0,2,2,A,-,9,21801,A,N,A,C,A,A,H,-,C,D,0,,,,,Y,,A,1,0,0,2,0,0,0,0,0,0,- ,- ,0,0,1800,1,LOS ANGELES,LOS ANGELES,CA,-118.4749622,34.21205521,"STAGG ST & HASKELL AVE, LOS ANGELES, CA",STAGG ST,HASKELL AVE,140118,
-118.4618121,34.15307617,35601,8803137,2019,2019-02-22T00:00:00.000Z,1942,2019-01-13T00:00:00.000Z,1710,35481,981,7,5,7,1942,0,0,0,I,0,9A89,VENTURA BL,NOBLE AV,0,,Y,A,-,N,,0,0,,,0,,,,Y,3,0,1,2,A,-,12,21453,A,N,D,C,A,A,H,-,C,A,0,,,,,Y,,A,1,0,1,0,0,0,0,0,0,0,- ,- ,0,0,1800,1,LOS ANGELES,LOS ANGELES,CA,-118.4618121,34.15307617,"VENTURA BLVD & NOBLE AVE, LOS ANGELES, CA",VENTURA BLVD,NOBLE AVE,125797,
-118.4662022,34.21207428,35602,8803630,2019,2019-02-27T00:00:00.000Z,1942,2019-01-24T00:00:00.000Z,1545,40222,901,4,5,7,1942,0,0,0,I,0,9A79,SEPULVEDA BL,STAGG ST,0,,Y,A,-,N,,0,0,,,0,,,,N,2,0,1,2,A,-,10,21950,A,N,G,B,B,A,H,-,A,A,0,Y,,,,Y,,A,7,1,0,0,0,1,0,0,0,0,- ,- ,0,0,1800,1,LOS ANGELES,LOS ANGELES,CA,-118.4662022,34.21207428,"SEPULVEDA BLVD & STAGG ST, LOS ANGELES, CA",SEPULVEDA BLVD,STAGG ST,112046,
-118.3055621,33.71422577,35603,8803649,2019,2019-03-04T00:00:00.000Z,1942,2019-01-18T00:00:00.000Z,1730,43256,584,5,5,7,1942,0,0,0,E,0,5A58,37TH ST,WALKER AV,0,,Y,A,-,N,,0,0,,,0,,,,Y,4,0,3,3,A,-,9,21802,A,N,D,C,A,A,H,-,C,D,0,,,,,Y,,A,1,0,0,3,0,0,0,0,0,0,- ,- ,0,0,1800,1,LOS ANGELES,LOS ANGELES,CA,-118.3055621,33.71422577,"37TH ST & WALKER AVE, LOS ANGELES, CA",37TH ST,WALKER AVE,96625,
-118.4545522,34.27985382,35604,8805197,2019,2019-02-25T00:00:00.000Z,1942,2019-01-31T00:00:00.000Z,1500,35391,1936,4,5,7,1942,0,0,0,,0,21TL64,RINALDI ST,LAUREL CANYON BL,0,,Y,A,-,N,,0,0,,,0,,,,N,0,0,0,2,A,-,8,22107,,M,B,C,A,A,H,-,A,A,0,,,,,Y,Y,-,99,0,0,0,0,0,0,0,0,0,- ,- ,0,0,1800,1,LOS ANGELES,LOS ANGELES,CA,-118.4545522,34.27985382,"RINALDI ST & LAUREL CANYON BLVD, LOS ANGELES, CA",RINALDI ST,LAUREL CANYON BLVD,120237,
-118.4181622,34.15761566,35605,8805234,2019,2019-02-27T00:00:00.000Z,1942,2019-01-16T00:00:00.000Z,1525,38403,1555,3,5,7,1942,0,0,0,O,0,15A85,RIVERSIDE DR,ETHEL AV,0,,Y,C,-,N,,0,0,,,0,,,,N,4,0,1,2,A,-,10,21950,A,N,G,B,B,B,H,-,A,A,0,Y,,,,Y,,A,1,0,0,1,0,1,0,0,0,0,- ,- ,0,0,1800,1,LOS ANGELES,LOS ANGELES,CA,-118.4181622,34.15761566,"RIVERSIDE DR & ETHEL AVE, LOS ANGELES, CA",RIVERSIDE DR,ETHEL AVE,126403,
-118.6016257,34.21974564,35606,8805239,2019,2019-02-27T00:00:00.000Z,1942,2019-01-16T00:00:00.000Z,1745,36582,2115,3,5,7,1942,0,0,0,,0,21A42,ROSCOE BL,OWENSMOUTH AV,5,E,N,B,C,N,,0,0,,,0,,,,N,3,0,1,2,A,-,10,21950,A,N,G,B,B,B,H,-,C,A,0,Y,,,,Y,,A,1,0,1,0,0,1,0,0,0,0,- ,- ,0,0,1800,1,LOS ANGELES,LOS ANGELES,CA,-118.6016257,34.21974564,"ROSCOE BLVD & OWENSMOUTH AVE, LOS ANGELES, CA",ROSCOE BLVD,OWENSMOUTH AVE,136521,
-118.2188331,34.05176163,35607,8805747,2019,2019-02-19T00:00:00.000Z,1942,2019-01-14T00:00:00.000Z,1645,34168,453,1,5,7,1942,0,0,0,D,0,HOBK,ECHANDIA ST,CEASAR CHAVEZ AV,15,N,N,C,-,N,,0,0,,,0,,,,N,4,0,1,2,A,-,- ,0,,N,G,B,B,B,H,-,B,A,0,Y,,,,Y,,A,1,0,0,1,0,1,0,0,0,0,- ,- ,0,0,1800,1,LOS ANGELES,LOS ANGELES,CA,-118.2188331,34.05176163,"ECHANDIA ST & CESAR E CHAVEZ AVE, LOS ANGELES, CA",ECHANDIA ST,CESAR E CHAVEZ AVE,135021,
-118.4164271,33.97595978,35608,8805758,2019,2019-02-19T00:00:00.000Z,1942,2019-01-01T00:00:00.000Z,1536,41671,1464,2,5,7,1942,0,0,0,N,0,14A45,MULLENNIUM DR,MCCONNELL AV,466,E,N,A,-,N,,0,0,,,0,,,,N,3,0,2,3,A,-,10,21950,A,N,G,B,C,A,H,-,A,A,0,Y,,,,Y,,A,1,0,1,1,0,2,0,0,0,0,- ,- ,0,0,1800,1,LOS ANGELES,LOS ANGELES,CA,-118.4164271,33.97595978,"MILLENNIUM DR & MCCONNELL AVE, LOS ANGELES, CA",MILLENNIUM DR,MCCONNELL AVE,130911,
-118.2971521,33.78613663,35609,8806822,2019,2019-03-04T00:00:00.000Z,1942,2019-01-23T00:00:00.000Z,1700,39523,513,3,5,7,1942,0,0,0,E,0,5A58,VERMONT AV,NORMANDIE AV,0,,Y,A,-,N,,0,0,,,0,,,,Y,4,0,1,2,A,-,9,21801,A,N,D,C,A,A,H,-,C,D,0,,,,,Y,Y,A,1,0,0,1,0,0,0,0,0,0,- ,- ,0,0,1800,1,LOS ANGELES,LOS ANGELES,CA,-118.2971521,33.78613663,"VERMONT AVE & NORMANDIE AVE, LOS ANGELES, CA",VERMONT AVE,NORMANDIE AVE,145395,
-118.2430122,34.00805664,35610,8806937,2019,2019-03-21T00:00:00.000Z,1942,2019-01-25T00:00:00.000Z,1530,34458,1347,5,5,7,1942,0,0,0,M,0,13A27,E 41ST ST,LONG BEACH AV E,0,,Y,A,-,N,,0,0,,,0,,,,N,0,0,0,2,A,-,12,21453,A,M,D,C,A,A,H,-,A,A,0,,,,,Y,,-,- ,0,0,0,0,0,0,0,0,0,- ,- ,0,0,1800,1,LOS ANGELES,LOS ANGELES,CA,-118.2430122,34.00805664,"41ST ST & LONG BEACH AVE E, LOS ANGELES, CA",41ST ST,LONG BEACH AVE E,145534,
-118.2783321,33.98049164,35611,8807274,2019,2019-02-28T00:00:00.000Z,1942,2019-01-07T00:00:00.000Z,1530,43015,1393,1,5,7,1942,0,0,0,M,0,13A93,BROADWAY,65TH,60,S,N,A,-,N,,0,0,,,0,,,,N,3,0,2,2,A,-,8,22102,,N,D,C,A,A,H,-,A,D,0,,,,,Y,,A,8,0,1,1,0,0,0,0,0,0,- ,- ,0,0,1800,1,LOS ANGELES,LOS ANGELES,CA,-118.2783321,33.98049164,"BROADWAY & 65TH ST, LOS ANGELES, CA",BROADWAY,65TH ST,117086,
-118.2819358,34.07168579,35612,8807562,2019,2019-03-05T00:00:00.000Z,1942,2019-01-19T00:00:00.000Z,1740,34426,233,6,5,7,1942,0,0,0,B,0,2A17,BEVERLY BL,VENDOME ST,97,E,N,A,-,N,,0,0,,,0,,,,Y,4,0,2,3,A,-,9,21801,A,N,D,C,A,A,H,-,C,D,0,,,,,Y,Y,J,48,0,0,2,0,0,0,0,0,0,- ,- ,0,0,1800,1,LOS ANGELES,LOS ANGELES,CA,-118.2819358,34.07168579,"BEVERLY BLVD & VENDOME ST, LOS ANGELES, CA",BEVERLY BLVD,VENDOME ST,139443,
-118.3266521,34.08850479,35613,8807875,2019,2019-03-06T00:00:00.000Z,1942,2019-01-10T00:00:00.000Z,1510,31465,656,4,5,7,1942,0,0,0,F,0,6A77,N VINE ST,ROMAINE ST,150,S,N,A,-,N,,0,0,,,0,,,,N,3,0,1,2,A,-,3,22350,,F,C,C,A,A,H,-,A,D,0,,,,,Y,,-,99,0,1,0,0,0,0,0,0,0,- ,- ,0,0,1800,1,LOS ANGELES,LOS ANGELES,CA,-118.3266521,34.08850479,"VINE ST & ROMAINE ST, LOS ANGELES, CA",VINE ST,ROMAINE ST,118181,
-118.4363746,34.04924774,35614,8810890,2019,2019-03-13T00:00:00.000Z,1942,2019-01-23T00:00:00.000Z,1515,35643,835,3,5,7,1942,0,0,0,H,0,8X99,WESTWOOD BL,SANTA MONICA BL,275,S,N,A,-,N,,0,0,,,0,,,,Y,4,0,1,3,A,-,3,22350,,N,C,C,A,A,H,-,A,D,0,,,,,Y,,A,1,0,0,1,0,0,0,0,0,0,- ,- ,0,0,1800,1,LOS ANGELES,LOS ANGELES,CA,-118.4363746,34.04924774,"WESTWOOD BLVD & SANTA MONICA BLVD, LOS ANGELES, CA",WESTWOOD BLVD,SANTA MONICA BLVD,111314,
-118.4416322,34.04449463,35615,8816704,2019,2019-04-11T00:00:00.000Z,1942,2019-01-24T00:00:00.000Z,1535,39834,805,4,5,7,1942,0,0,0,H,0,8X99,SEPULVEDA BL,MISSOURI AV,0,,Y,A,-,N,,0,0,,,0,,,,Y,4,0,1,3,A,-,9,21802,A,N,D,C,A,A,H,-,A,D,0,,,,,Y,,A,1,0,0,1,0,0,0,0,0,0,- ,- ,0,0,1800,1,LOS ANGELES,LOS ANGELES,CA,-118.4416322,34.04449463,"SEPULVEDA BLVD & MISSOURI AVE, LOS ANGELES, CA",SEPULVEDA BLVD,MISSOURI AVE,118246,
-118.4557626,34.04388428,35616,8816706,2019,2019-03-13T00:00:00.000Z,1942,2019-01-04T00:00:00.000Z,1645,37700,852,5,5,7,1942,0,0,0,H,0,8A53,SANTA MONICA BL,BARRINGTON AV,100,E,N,A,-,N,,0,0,,,0,,,,Y,4,0,1,3,A,-,3,22350,,N,C,C,A,A,H,-,A,D,0,,,,,Y,,A,1,0,0,1,0,0,0,0,0,0,- ,- ,0,0,1800,1,LOS ANGELES,LOS ANGELES,CA,-118.4557626,34.04388428,"SANTA MONICA BLVD & BARRINGTON AVE, LOS ANGELES, CA",SANTA MONICA BLVD,BARRINGTON AVE,131889,
-118.2603957,33.92371368,35617,8786940,2019,2019-02-08T00:00:00.000Z,1942,2019-01-23T00:00:00.000Z,1830,41870,1864,3,5,7,1942,0,0,0,R,0,18A63,E 120TH ST,WADSWORTH AV,530,W,N,A,-,N,,0,0,,,0,,,,N,2,0,2,2,A,-,0,21650,C,N,D,C,A,A,H,-,C,A,0,,,Y,,Y,Y,A,1,1,1,0,0,0,0,0,0,1,- ,- ,0,0,2100,1,LOS ANGELES,LOS ANGELES,CA,-118.2603957,33.92371368,"120TH ST & WADSWORTH AVE, LOS ANGELES, CA",120TH ST,WADSWORTH AVE,131314,
-118.4509358,34.15163803,35618,8787073,2019,2019-02-14T00:00:00.000Z,1942,2019-01-30T00:00:00.000Z,2005,42818,974,3,5,7,1942,0,0,0,I,0,9A63,VESPER AV,VENTURA BL,132,N,N,A,-,N,,0,0,,,0,,,,Y,0,0,0,2,A,-,1,23152,A,M,C,E,A,A,H,-,C,D,0,,,,,Y,Y,A,1,0,0,0,0,0,0,0,0,0,- ,- ,0,0,2100,1,LOS ANGELES,LOS ANGELES,CA,-118.4509358,34.15163803,"VESPER AVE & VENTURA BLVD, LOS ANGELES, CA",VESPER AVE,VENTURA BLVD,125799,
-118.2735731,33.94556809,35619,8787598,2019,2019-02-05T00:00:00.000Z,1942,2019-01-04T00:00:00.000Z,2015,41070,1822,5,5,7,1942,0,0,0,R,0,1.80E+16,CENTURY BL,MAIN ST,100,E,N,A,-,N,,0,0,,,0,,,,Y,4,0,1,4,A,-,1,23152,A,N,B,C,A,A,H,-,C,A,0,,,,,Y,,A,1,0,0,1,0,0,0,0,0,0,- ,- ,0,0,2100,1,LOS ANGELES,LOS ANGELES,CA,-118.2735731,33.94556808,"CENTURY BLVD & MAIN ST, LOS ANGELES, CA",CENTURY BLVD,MAIN ST,131257,
-118.3181995,34.01081467,35620,8791157,2019,2019-02-04T00:00:00.000Z,1942,2019-01-16T00:00:00.000Z,2000,43315,395,3,5,7,1942,0,0,0,C,0,3A57,MARTIN LUTHER KING JR BL,ARLINGTON AV,16,E,N,C,-,N,,0,0,,,0,,,,N,4,0,2,2,A,-,0,21706,5,F,C,C,A,B,H,-,C,A,0,,,,,Y,Y,-,99,0,0,2,0,0,0,0,0,0,- ,- ,0,0,2100,1,LOS ANGELES,LOS ANGELES,CA,-118.3181995,34.01081467,"MARTIN LUTHER KING JR BLVD & ARLINGTON AVE, LOS ANGELES, CA",MARTIN LUTHER KING JR BLVD,ARLINGTON AVE,120267,
-118.3002622,34.02552414,35621,8791165,2019,2019-02-04T00:00:00.000Z,1942,2019-01-22T00:00:00.000Z,2020,35393,357,2,5,7,1942,0,0,0,C,0,3A57,S NORMANDIE AV,W JEFFERSON BL,0,,Y,A,-,N,,0,0,,,0,,,,Y,3,0,4,2,A,-,9,21801,A,N,D,C,A,A,H,-,C,A,0,,,,,Y,,A,1,0,1,3,0,0,0,0,0,0,- ,- ,0,0,2100,1,LOS ANGELES,LOS ANGELES,CA,-118.3002622,34.02552414,"NORMANDIE AVE & JEFFERSON BLVD, LOS ANGELES, CA",NORMANDIE AVE,JEFFERSON BLVD,124366,