X,Y,OBJECTID,case_id,accident_year,proc_date,juris,collision_date,collision_time,officer_id,reporting_district,day_of_week,chp_shift,population,cnty_city_loc,special_cond,beat_type,chp_beat_type,city_division_lapd,chp_beat_class,beat_number,primary_rd,secondary_rd,distance,direction,intersection,weather_1,weather_2,state_hwy_ind,caltrans_county,caltrans_district,state_route,route_suffix,postmile_prefix,postmile,location_type,ramp_intersection,side_of_hwy,tow_away,collision_severity,number_killed,number_injured,party_count,primary_coll_factor,pcf_code_of_viol,pcf_viol_category,pcf_violation,pcf_viol_subsection,hit_and_run,type_of_collision,mviw,ped_action,road_surface,road_cond_1,road_cond_2,lighting,control_device,chp_road_type,pedestrian_accident,bicycle_accident,motorcycle_accident,truck_accident,not_private_property,alcohol_involved,stwd_vehtype_at_fault,chp_vehtype_at_fault,count_severe_inj,count_visible_inj,count_complaint_pain,count_ped_killed,count_ped_injured,count_bicyclist_killed,count_bicyclist_injured,count_mc_killed,count_mc_injured,primary_ramp,secondary_ramp,latitude,longitude,timecat,month_,city,county,state,point_x,point_y,match_addr,m_primaryrd,m_secondrd,int_id,Flag
-118.2916521,34.05978394,35622,8791981,2019,2019-02-14T00:00:00.000Z,1942,2019-01-09T00:00:00.000Z,1815,42451,2038,3,5,7,1942,0,0,0,,0,20A39,7TH ST,VERMONT AV,0,,Y,A,-,N,,0,0,,,0,,,,N,4,0,1,2,A,-,9,21801,A,F,A,C,A,A,H,-,C,A,0,,,,,Y,,D,22,0,0,1,0,0,0,0,0,0,- ,- ,0,0,2100,1,LOS ANGELES,LOS ANGELES,CA,-118.2916521,34.05978394,"7TH ST & VERMONT AVE, LOS ANGELES, CA",7TH ST,VERMONT AVE,149151,
-118.2825505,33.98238373,35623,8792026,2019,2019-02-12T00:00:00.000Z,1942,2019-01-19T00:00:00.000Z,1840,43384,1239,6,5,7,1942,0,0,0,L,0,12A39,GAGE,FIGUEROA,40,E,N,A,-,N,,0,0,,,0,,,,N,0,0,0,2,A,-,3,22350,,M,C,C,A,A,H,-,C,D,0,,,,,Y,,-,99,0,0,0,0,0,0,0,0,0,- ,- ,0,0,2100,1,LOS ANGELES,LOS ANGELES,CA,-118.2825505,33.98238373,"GAGE AVE & FIGUEROA ST,, CA",GAGE AVE,FIGUEROA ST,120663,
-118.1766582,34.12561035,35624,8792622,2019,2019-02-21T00:00:00.000Z,1942,2019-01-20T00:00:00.000Z,1935,42876,1128,7,5,7,1942,0,0,0,K,0,11A25,AVE 64 TH,CHURCH ST,153,N,N,A,-,N,,0,0,,,0,,,,N,2,0,3,2,A,-,3,22350,,N,C,C,A,A,H,-,C,D,0,,,Y,,Y,,-,,1,0,2,0,0,0,0,0,2,- ,- ,0,0,2100,1,LOS ANGELES,LOS ANGELES,CA,-118.1766582,34.12561035,"AVE 64 & CHURCH ST, LOS ANGELES, CA",AVE 64,CHURCH ST,105592,
-118.3878121,34.21570587,35625,8792637,2019,2019-02-20T00:00:00.000Z,1942,2019-01-28T00:00:00.000Z,2042,40408,1684,1,5,7,1942,0,0,0,P,0,16A81,LANKERSHIM BL,STRATHERN ST,0,,Y,A,-,N,,0,0,,,0,,,,N,4,0,1,2,A,-,10,21950,A,F,G,B,B,A,H,-,C,A,0,Y,,,,Y,Y,-,99,0,0,1,0,1,0,0,0,0,- ,- ,0,0,2100,1,LOS ANGELES,LOS ANGELES,CA,-118.3878121,34.21570587,"LANKERSHIM BLVD & STRATHERN ST, LOS ANGELES, CA",LANKERSHIM BLVD,STRATHERN ST,118751,
-118.4698507,34.22855759,35626,8793318,2019,2019-03-20T00:00:00.000Z,1942,2019-01-20T00:00:00.000Z,1920,37739,1981,7,5,7,1942,0,0,0,,0,1961,LANGDON AV,PARTHENIA ST,100,N,N,A,-,N,,0,0,,,0,,,,N,4,0,1,2,A,-,21,22106,,N,B,C,A,A,H,-,C,D,0,,,,,Y,,A,1,0,0,1,0,0,0,0,0,0,- ,- ,0,0,2100,1,LOS ANGELES,LOS ANGELES,CA,-118.4698507,34.22855759,"LANGDON AVE & PARTHENIA ST, LOS ANGELES, CA",LANGDON AVE,PARTHENIA ST,126157,
-118.6145222,34.1687355,35627,8793497,2019,2019-03-11T00:00:00.000Z,1942,2019-01-04T00:00:00.000Z,1825,40398,2175,5,5,7,1942,0,0,0,,0,21A73,VENTURA BL,SHOUP AV,0,,Y,A,-,N,,0,0,,,0,,,,Y,4,0,1,2,A,-,12,21453,A,N,D,C,A,A,H,-,C,A,0,,,,,Y,,-,- ,0,0,1,0,0,0,0,0,0,- ,- ,0,0,2100,1,LOS ANGELES,LOS ANGELES,CA,-118.6145222,34.1687355,"VENTURA BLVD & SHOUP AVE, LOS ANGELES, CA",VENTURA BLVD,SHOUP AVE,136236,
-118.4574822,34.22145462,35628,8793511,2019,2019-02-25T00:00:00.000Z,1942,2019-01-27T00:00:00.000Z,2005,19190528,1984,7,5,7,1942,0,0,0,,0,19EL3,KESTER AV,ROSCOE BL,0,,Y,A,-,N,,0,0,,,0,,,,N,0,0,0,2,A,-,3,22350,,N,C,C,A,A,H,-,C,D,0,,,,,Y,,-,,0,0,0,0,0,0,0,0,0,- ,- ,0,0,2100,1,LOS ANGELES,LOS ANGELES,CA,-118.4574822,34.22145462,"KESTER AVE & ROSCOE BLVD, LOS ANGELES, CA",KESTER AVE,ROSCOE BLVD,115447,
-118.2826321,33.94404984,35629,8793748,2019,2019-03-04T00:00:00.000Z,1942,2019-01-22T00:00:00.000Z,1830,40032,,2,5,7,1942,0,0,0,,0,18A17,FIGUEROA ST,102ND,100,N,N,A,-,N,,0,0,,,0,,,,N,4,0,2,3,A,-,3,22350,,F,C,D,A,A,H,-,C,D,0,,,,,Y,,I,11,0,0,2,0,0,0,0,0,0,- ,- ,0,0,2100,1,LOS ANGELES,LOS ANGELES,CA,-118.2826321,33.94404984,"FIGUEROA ST & 102ND ST, LOS ANGELES, CA",FIGUEROA ST,102ND ST,99653,
-118.2965733,34.06903458,35630,8796242,2019,2019-02-15T00:00:00.000Z,1942,2019-01-15T00:00:00.000Z,1815,37575,2026,2,5,7,1942,0,0,0,,0,20A1,3RD ST,KENMORE AV,30,E,N,C,-,N,,0,0,,,0,,,,Y,0,0,0,2,C,-,18,0,,N,C,C,A,A,H,-,C,D,0,,,,,Y,,-,- ,0,0,0,0,0,0,0,0,0,- ,- ,0,0,2100,1,LOS ANGELES,LOS ANGELES,CA,-118.2965733,34.06903458,"3RD ST & KENMORE AVE, LOS ANGELES, CA",3RD ST,KENMORE AVE,107704,
-118.2564821,33.97327042,35631,8797076,2019,2019-02-19T00:00:00.000Z,1942,2019-01-13T00:00:00.000Z,2030,42577,1259,7,5,7,1942,0,0,0,L,0,12A53,CENTRAL,74TH ST,60,N,N,B,-,N,,0,0,,,0,,,,N,3,0,1,2,A,-,3,22350,,N,F,E,A,B,H,-,A,A,0,,,,,Y,,A,1,0,1,0,0,0,0,0,0,0,- ,- ,0,0,2100,1,LOS ANGELES,LOS ANGELES,CA,-118.2564821,33.97327042,"CENTRAL AVE & 74TH ST, LOS ANGELES, CA",CENTRAL AVE,74TH ST,116669,
-118.3181521,34.00004578,35632,8797079,2019,2019-03-28T00:00:00.000Z,1942,2019-01-22T00:00:00.000Z,1805,43273,3925,2,5,7,1942,0,0,0,C,0,03H,48TH ST,ARLINGTON AV,2,N,N,A,-,N,,0,0,,,0,,,,N,3,0,1,2,A,-,10,21950,A,N,G,B,B,A,H,-,C,A,0,Y,,,,Y,Y,A,1,0,1,0,0,1,0,0,0,0,- ,- ,0,0,2100,1,LOS ANGELES,LOS ANGELES,CA,-118.3181521,34.00004578,"48TH ST & ARLINGTON AVE, LOS ANGELES, CA",48TH ST,ARLINGTON AVE,106834,
-118.2521221,33.99205399,35633,8797081,2019,2019-02-14T00:00:00.000Z,1942,2019-01-11T00:00:00.000Z,1900,33130,1375,5,5,7,1942,0,0,0,M,0,13A75,E 56TH ST,HOOPER AV,0,,Y,A,-,N,,0,0,,,0,,,,N,4,0,1,2,A,-,9,21802,A,N,D,C,A,A,H,-,B,A,0,,,,,Y,,A,1,0,0,1,0,0,0,0,0,0,- ,- ,0,0,2100,1,LOS ANGELES,LOS ANGELES,CA,-118.2521221,33.99205399,"56TH ST & HOOPER AVE, LOS ANGELES, CA",56TH ST,HOOPER AVE,103103,
-118.4389317,33.98065186,35634,8797375,2019,2019-02-19T00:00:00.000Z,1942,2019-01-29T00:00:00.000Z,2050,40081,LOS A,2,5,7,1942,0,0,0,,0,14A76,MINDANAO WY,LINCOLN BL,100,E,N,A,-,N,,0,0,,,0,,,,Y,4,0,2,3,A,-,3,22350,,F,C,C,A,A,H,-,C,A,0,,,,,Y,,-,99,0,0,2,0,0,0,0,0,0,- ,- ,0,0,2100,1,LOS ANGELES,LOS ANGELES,CA,-118.4389317,33.98065186,"MINDANAO WAY & LINCOLN BLVD, LOS ANGELES, CA",MINDANAO WAY,LINCOLN BLVD,134135,
-118.2046021,34.04436493,35635,8797382,2019,2019-02-20T00:00:00.000Z,1942,2019-01-18T00:00:00.000Z,1900,36735,466,5,5,7,1942,0,0,0,D,0,4A53,MOTT N,NEW JERSEY,0,,Y,A,-,N,,0,0,,,0,,,,N,0,0,0,2,A,-,3,22350,,M,-,E,A,A,H,-,C,D,0,,,,,Y,,-,99,0,0,0,0,0,0,0,0,0,- ,- ,0,0,2100,1,LOS ANGELES,LOS ANGELES,CA,-118.2046021,34.04436493,"MOTT ST & NEW JERSEY ST,, CA",MOTT ST,NEW JERSEY ST,103582,
-118.2396718,34.05810547,35636,8798190,2019,2019-03-08T00:00:00.000Z,1942,2019-01-06T00:00:00.000Z,1820,34426,,7,5,7,1942,0,0,0,,0,,SPRING ST,CESAR E CHAVEZ AV,75,S,N,A,-,N,,0,0,,,0,,,,N,4,0,1,2,A,-,7,21658,A,N,B,C,A,-,H,-,C,D,0,,,,,Y,,-,- ,0,0,1,0,0,0,0,0,0,- ,- ,0,0,2100,1,LOS ANGELES,LOS ANGELES,CA,-118.2396718,34.05810547,"N SPRING ST & CESAR E CHAVEZ AVE, LOS ANGELES, CA",N SPRING ST,CESAR E CHAVEZ AVE,110537,
-118.4529978,34.15162277,35637,8798198,2019,2019-02-08T00:00:00.000Z,1942,2019-01-30T00:00:00.000Z,2010,40065,984,3,5,7,1942,0,0,0,I,0,9A89,VENTURA BL,CEDROS AV,23,E,N,A,-,N,,0,0,,,0,,,,Y,4,0,1,3,A,-,1,23152,A,F,B,C,A,A,H,-,C,A,0,,,,,Y,Y,A,1,0,0,1,0,0,0,0,0,0,- ,- ,0,0,2100,1,LOS ANGELES,LOS ANGELES,CA,-118.4529978,34.15162277,"VENTURA BLVD & CEDROS AVE, LOS ANGELES, CA",VENTURA BLVD,CEDROS AVE,115173,
-118.2645142,33.94191361,35638,8798495,2019,2019-02-21T00:00:00.000Z,1942,2019-01-29T00:00:00.000Z,2010,43501,LAPD,2,5,7,1942,0,0,0,,0,18A34,104TH ST,AVALON BL,200,E,N,A,-,N,,0,0,,,0,,,,N,4,0,2,2,A,-,3,22350,,N,C,C,A,A,H,-,C,D,0,,,,,Y,,A,1,0,0,2,0,0,0,0,0,0,- ,- ,0,0,2100,1,LOS ANGELES,LOS ANGELES,CA,-118.2645142,33.9419136,"104TH ST & AVALON BLVD, LOS ANGELES, CA",104TH ST,AVALON BLVD,123251,
-118.2557261,34.04269028,35639,8798872,2019,2019-02-20T00:00:00.000Z,1942,2019-01-23T00:00:00.000Z,2058,39876,163,3,5,7,1942,0,0,0,A,0,24T31,BROADWAY,9TH ST,175,N,N,A,-,N,,0,0,,,0,,,,N,0,0,0,2,A,-,5,21650,,M,B,C,A,A,H,-,C,A,0,,,,,Y,,-,99,0,0,0,0,0,0,0,0,0,- ,- ,0,0,2100,1,LOS ANGELES,LOS ANGELES,CA,-118.2557262,34.04269028,"BROADWAY & 9TH ST, LOS ANGELES, CA",BROADWAY,9TH ST,107075,
-118.2557424,33.95201492,35640,8799059,2019,2019-03-08T00:00:00.000Z,1942,2019-01-05T00:00:00.000Z,2031,43501,1824,6,5,7,1942,0,0,0,R,0,18A34,CENTRAL AV,93RD ST,110,N,N,C,-,N,,0,0,,,0,,,,Y,4,0,2,4,A,-,1,23152,A,N,A,C,A,B,H,-,C,D,0,,,,,Y,Y,A,1,0,0,2,0,0,0,0,0,0,- ,- ,0,0,2100,1,LOS ANGELES,LOS ANGELES,CA,-118.2557424,33.95201492,"CENTRAL AVE & 93RD ST, LOS ANGELES, CA",CENTRAL AVE,93RD ST,120785,
-118.2542721,33.93680573,35642,8799087,2019,2019-03-08T00:00:00.000Z,1942,2019-01-22T00:00:00.000Z,1900,43618,1836,2,5,7,1942,0,0,0,R,0,18X4,109TH ST,CENTRAL AV,0,,Y,A,-,N,,0,0,,,0,,,,Y,4,0,2,2,A,-,9,21801,,N,B,C,A,A,H,-,C,D,0,,,,,Y,,A,1,0,0,2,0,0,0,0,0,0,- ,- ,0,0,2100,1,LOS ANGELES,LOS ANGELES,CA,-118.2542721,33.93680573,"109TH ST & CENTRAL AVE, LOS ANGELES, CA",109TH ST,CENTRAL AVE,134610,
-118.4132221,34.24089432,35644,8804925,2019,2019-02-28T00:00:00.000Z,1942,2019-01-30T00:00:00.000Z,1805,32264,1661,3,5,7,1942,0,0,0,P,0,16X58,LAUREL CANYON BL,BRANFORD ST,0,,Y,A,-,N,,0,0,,,0,,,,Y,4,0,1,2,A,-,9,21801,A,N,D,C,A,A,H,-,C,A,0,,,,,Y,,A,1,0,0,1,0,0,0,0,0,0,- ,- ,0,0,2100,1,LOS ANGELES,LOS ANGELES,CA,-118.4132221,34.24089432,"LAUREL CANYON BLVD & BRANFORD ST, LOS ANGELES, CA",LAUREL CANYON BLVD,BRANFORD ST,126258,
-118.3878122,34.22163391,35645,8804945,2019,2019-03-07T00:00:00.000Z,1942,2019-01-25T00:00:00.000Z,1855,40876,1684,5,5,7,1942,0,0,0,P,0,16A81,LANKERSHIM BL,TUXFORD ST,310,S,N,A,-,N,,0,0,,,0,,,,Y,4,0,2,2,A,-,6,21755,A,N,C,C,A,A,H,-,C,D,0,,,,,Y,,A,7,0,0,2,0,0,0,0,0,0,- ,- ,0,0,2100,1,LOS ANGELES,LOS ANGELES,CA,-118.3878122,34.22163391,"LANKERSHIM BLVD & TUXFORD ST, LOS ANGELES, CA",LANKERSHIM BLVD,TUXFORD ST,132641,
-118.5001224,34.17222214,35646,8805137,2019,2019-03-19T00:00:00.000Z,1942,2019-01-05T00:00:00.000Z,1815,39192,2169,6,5,7,1942,0,0,0,,0,21A29,BURBANK BL,BALBOA BL,300,E,N,C,-,N,,0,0,,,0,,,,N,0,0,0,2,A,-,0,20015,A,M,C,C,A,B,H,-,B,D,0,,,,,Y,,-,99,0,0,0,0,0,0,0,0,0,- ,- ,0,0,2100,1,LOS ANGELES,LOS ANGELES,CA,-118.5001224,34.17222214,"BURBANK BLVD & BALBOA BLVD, LOS ANGELES, CA",BURBANK BLVD,BALBOA BLVD,101997,
-118.5976674,34.20303345,35647,8805753,2019,2019-02-21T00:00:00.000Z,1942,2019-01-23T00:00:00.000Z,1905,36336,2136,3,5,7,1942,0,0,0,,0,21A5,CANOGA AV,VALERIO ST,600,S,N,A,-,N,,0,0,,,0,,,,N,0,0,0,2,A,-,7,21658,A,M,B,C,A,A,H,-,C,D,0,,,,,Y,,-,99,0,0,0,0,0,0,0,0,0,- ,- ,0,0,2100,1,LOS ANGELES,LOS ANGELES,CA,-118.5976674,34.20303345,"CANOGA AVE & VALERIO ST, LOS ANGELES, CA",CANOGA AVE,VALERIO ST,126056,
-118.4976022,34.25506592,35648,8806799,2019,2019-05-11T00:00:00.000Z,1942,2019-01-07T00:00:00.000Z,1915,40217,1757,1,5,7,1942,0,0,0,Q,0,21XL72,PETIT AV,ROMAR ST,0,,Y,C,-,N,,0,0,,,0,,,,Y,3,0,1,1,A,-,3,22350,,N,F,I,A,B,-,-,C,D,0,,,,,Y,,A,7,0,1,0,0,0,0,0,0,0,- ,- ,0,0,2100,1,LOS ANGELES,LOS ANGELES,CA,-118.4976022,34.25506592,"PETIT AVE & ROMAR ST, LOS ANGELES, CA",PETIT AVE,ROMAR ST,111876,
-118.274458,33.78253174,35649,8806802,2019,2019-03-04T00:00:00.000Z,1942,2019-01-12T00:00:00.000Z,1942,38503,514,6,5,7,1942,0,0,0,E,0,25T12,WILMINGTON BL,OPP ST,105,N,N,C,-,N,,0,0,,,0,,,,N,3,0,1,4,A,-,9,21804,A,F,C,C,A,B,H,-,A,A,0,,,,,Y,,-,99,0,1,0,0,0,0,0,0,0,- ,- ,0,0,2100,1,LOS ANGELES,LOS ANGELES,CA,-118.274458,33.78253174,"WILMINGTON BLVD & OPP ST, LOS ANGELES, CA",WILMINGTON BLVD,OPP ST,145406,
-118.4487793,34.24794769,35650,8807861,2019,2019-03-11T00:00:00.000Z,1942,2019-01-02T00:00:00.000Z,1930,38183,1963,3,5,7,1942,0,0,0,,0,19A75,WOODMAN AV,VAN NUYS BL,368,N,N,A,-,N,,0,0,,,0,,,,Y,4,0,4,2,A,-,8,22107,,N,D,C,A,A,H,-,C,D,0,,,,,Y,,A,1,0,0,4,0,0,0,0,0,0,- ,- ,0,0,2100,1,LOS ANGELES,LOS ANGELES,CA,-118.4487793,34.24794769,"WOODMAN AVE & VAN NUYS BLVD, LOS ANGELES, CA",WOODMAN AVE,VAN NUYS BLVD,97924,
-118.4674785,34.04411316,35651,8810771,2019,2019-03-13T00:00:00.000Z,1942,2019-01-23T00:00:00.000Z,2050,43464,841,3,5,7,1942,0,0,0,H,0,8A1,WILSHIRE BL,BUNDY,10,E,N,A,-,N,,0,0,,,0,,,,N,4,0,1,2,A,-,5,21650,,N,D,C,A,A,H,-,D,A,0,,,Y,,Y,,C,3,0,0,1,0,0,0,0,0,1,- ,- ,0,0,2100,1,LOS ANGELES,LOS ANGELES,CA,-118.4674785,34.04411316,"WILSHIRE BLVD & BUNDY DR, LOS ANGELES, CA",WILSHIRE BLVD,BUNDY DR,142442,
-118.3583021,34.09804535,35652,8810950,2019,2019-03-13T00:00:00.000Z,1942,2019-01-16T00:00:00.000Z,1810,43480,642,3,5,7,1942,0,0,0,F,0,6A48,GENESEE,SUNSET,0,,Y,C,-,N,,0,0,,,0,,,,N,4,0,1,2,A,-,8,22100,,N,B,C,A,B,H,-,C,A,0,,,,,Y,,A,1,0,0,1,0,0,0,0,0,0,- ,- ,0,0,2100,1,LOS ANGELES,LOS ANGELES,CA,-118.3583021,34.09804535,"GENESEE AVE & SUNSET BLVD,, CA",GENESEE AVE,SUNSET BLVD,107729,
-118.3265121,33.9792366,35653,8814315,2019,2019-03-18T00:00:00.000Z,1942,2019-01-17T00:00:00.000Z,1850,41056,1242,4,5,7,1942,0,0,0,L,0,12A51,SOUTHWEST DR,8TH AV,0,,Y,A,-,N,,0,0,,,0,,,,N,3,0,1,2,A,-,9,21802,A,N,D,C,A,A,H,-,C,A,0,,,,,Y,,J,41,0,1,0,0,0,0,0,0,0,- ,- ,0,0,2100,1,LOS ANGELES,LOS ANGELES,CA,-118.3265121,33.9792366,"SOUTHWEST DR & 8TH AVE, LOS ANGELES, CA",SOUTHWEST DR,8TH AVE,148689,
-118.4762393,33.99267197,35654,8816699,2019,2019-03-12T00:00:00.000Z,1942,2019-01-24T00:00:00.000Z,2028,43500,1412,4,5,7,1942,0,0,0,N,0,14A11,PACIFIC AV,THORNTON CT,20,N,N,B,-,N,,0,0,,,0,,,,Y,4,0,1,4,A,-,3,22350,,N,C,C,A,A,H,-,C,D,0,,,,,Y,,A,1,0,0,1,0,0,0,0,0,0,- ,- ,0,0,2100,1,LOS ANGELES,LOS ANGELES,CA,-118.4762393,33.99267197,"PACIFIC AVE & THORNTON CT, LOS ANGELES, CA",PACIFIC AVE,THORNTON CT,121320,
-118.4297875,34.06653595,35655,8840243,2019,2019-04-30T00:00:00.000Z,1942,2019-01-03T00:00:00.000Z,1830,35161,829,4,5,7,1942,0,0,0,H,0,8A29,WILSHIRE BL,BEVERLY GLEN BL,300,W,N,B,-,N,,0,0,,,0,,,,N,0,0,0,3,A,-,6,21750,A,M,B,C,A,A,H,-,A,D,0,,,,,Y,,-,99,0,0,0,0,0,0,0,0,0,- ,- ,0,0,2100,1,LOS ANGELES,LOS ANGELES,CA,-118.4297875,34.06653595,"WILSHIRE BLVD & BEVERLY GLEN BLVD, LOS ANGELES, CA",WILSHIRE BLVD,BEVERLY GLEN BLVD,146022,
-118.4132221,34.24089432,35656,8843593,2019,2019-05-09T00:00:00.000Z,1942,2019-01-31T00:00:00.000Z,1830,40401,1661,4,5,7,1942,0,0,0,P,0,16A35,LAUREL CANYON BL,BRANFORD ST,0,,Y,A,-,N,,0,0,,,0,,,,N,3,0,1,2,A,-,10,21950,A,N,G,B,B,A,H,-,C,A,0,Y,,,,Y,,A,1,0,1,0,0,1,0,0,0,0,- ,- ,0,0,2100,1,LOS ANGELES,LOS ANGELES,CA,-118.4132221,34.24089432,"LAUREL CANYON BLVD & BRANFORD ST, LOS ANGELES, CA",LAUREL CANYON BLVD,BRANFORD ST,126258,
-118.4387022,34.0351944,35657,8846622,2019,2019-05-09T00:00:00.000Z,1942,2019-01-11T00:00:00.000Z,2055,42635,RD8A5,5,5,7,1942,0,0,0,,0,8A53,PICO BL,SAWTELLE BL,0,,N,B,-,N,,0,0,,,0,,,,N,0,0,0,2,A,-,12,21453,,M,B,C,A,A,H,-,C,A,0,,,,,Y,,-,99,0,0,0,0,0,0,0,0,0,- ,- ,0,0,2100,1,LOS ANGELES,LOS ANGELES,CA,-118.4387022,34.0351944,"PICO BLVD & SAWTELLE BLVD, LOS ANGELES, CA",PICO BLVD,SAWTELLE BLVD,139299,
-118.6016179,34.20993042,35658,8776068,2019,2019-02-02T00:00:00.000Z,1942,2019-01-01T00:00:00.000Z,2315,34561,2125,2,5,7,1942,0,0,0,,0,21A5,OWENSMOUTH AV,SATICOY ST,600,N,N,A,-,N,,0,0,,,0,,,,N,4,0,3,2,A,-,21,22106,,N,D,C,A,A,H,-,C,D,0,,,,,Y,Y,A,7,0,0,3,0,0,0,0,0,0,- ,- ,0,0,2400,1,LOS ANGELES,LOS ANGELES,CA,-118.6016179,34.20993042,"OWENSMOUTH AVE & SATICOY ST, LOS ANGELES, CA",OWENSMOUTH AVE,SATICOY ST,143657,
-118.4572576,34.2012558,35659,8776072,2019,2019-02-02T00:00:00.000Z,1942,2019-01-02T00:00:00.000Z,2150,37304,914,3,5,7,1942,0,0,0,I,0,9A23,SHERMAN WY,KESTER AV,65,E,N,A,-,N,,0,0,,,0,,,,N,4,0,1,2,A,-,3,22350,,F,C,C,A,A,H,-,C,A,0,,,,,Y,,-,99,0,0,1,0,0,0,0,0,0,- ,- ,0,0,2400,1,LOS ANGELES,LOS ANGELES,CA,-118.4572576,34.2012558,"SHERMAN WAY & KESTER AVE, LOS ANGELES, CA",SHERMAN WAY,KESTER AVE,126127,
-118.3254942,34.06894302,35660,8776481,2019,2019-02-02T00:00:00.000Z,1942,2019-01-06T00:00:00.000Z,2215,40690,739,7,5,7,1942,0,0,0,G,0,7A17,W 3RD ST,ARDEN BL,142,E,N,B,-,N,,0,0,,,0,,,,N,2,0,1,2,A,-,11,21954,A,N,G,B,D,B,H,-,C,A,0,Y,,,,Y,,N,60,1,0,0,0,1,0,0,0,0,- ,- ,0,0,2400,1,LOS ANGELES,LOS ANGELES,CA,-118.3254942,34.06894302,"3RD ST & ARDEN BLVD, LOS ANGELES, CA",3RD ST,ARDEN BLVD,111279,
-118.2524092,34.05802155,35661,8807635,2019,2019-02-28T00:00:00.000Z,1942,2019-01-29T00:00:00.000Z,1320,37505,121,2,5,7,1942,0,0,0,A,0,1A1,W 1ST ST,FREMONT AV,240,E,N,A,-,N,,0,0,,,0,,,,Y,4,0,1,1,C,-,18,0,,N,E,J,A,A,B,-,A,D,0,,Y,,,Y,,-,- ,0,0,1,0,0,0,1,0,0,- ,- ,0,0,1500,1,LOS ANGELES,LOS ANGELES,CA,-118.2524092,34.05802155,"1ST ST & FREMONT AVE, LOS ANGELES, CA",1ST ST,FREMONT AVE,114042,
-118.3090222,33.9672966,35662,8779222,2019,2019-02-07T00:00:00.000Z,1942,2019-01-14T00:00:00.000Z,2350,42069,1263,1,5,7,1942,0,0,0,L,0,12A53,S WESTERN AV,W 79TH ST,0,,Y,A,-,N,,0,0,,,0,,,,Y,3,0,1,2,A,-,4,21703,,N,C,A,A,B,H,-,C,A,0,,,,,Y,,A,1,0,1,0,0,0,0,0,0,0,- ,- ,0,0,2400,1,LOS ANGELES,LOS ANGELES,CA,-118.3090222,33.9672966,"WESTERN AVE & 79TH ST, LOS ANGELES, CA",WESTERN AVE,79TH ST,124122,
-118.4366821,34.03619385,35663,8779304,2019,2019-02-05T00:00:00.000Z,1942,2019-01-10T00:00:00.000Z,2240,37575,884,4,5,7,1942,0,0,0,H,0,8A35,W PICO BL,COTNER AV,0,,Y,A,-,N,,0,0,,,0,,,,Y,4,0,1,3,A,-,9,21801,A,N,D,C,A,A,H,-,C,A,0,,,,,Y,,A,1,0,0,1,0,0,0,0,0,0,- ,- ,0,0,2400,1,LOS ANGELES,LOS ANGELES,CA,-118.4366821,34.03619385,"PICO BLVD & COTNER AVE, LOS ANGELES, CA",PICO BLVD,COTNER AVE,135706,
-118.3134774,34.10170746,35664,8781794,2019,2019-02-11T00:00:00.000Z,1942,2019-01-26T00:00:00.000Z,2340,42451,648,6,5,7,1942,0,0,0,F,0,6A49,HOLLYWOOD BL,WILTON PL,53,E,N,A,-,N,,0,0,,,0,,,,N,0,0,0,2,A,-,21,22106,,M,H,E,A,A,H,-,D,D,0,,,,Y,Y,,-,99,0,0,0,0,0,0,0,0,0,- ,- ,0,0,2400,1,LOS ANGELES,LOS ANGELES,CA,-118.3134774,34.10170746,"HOLLYWOOD BLVD & WILTON PL, LOS ANGELES, CA",HOLLYWOOD BLVD,WILTON PL,111361,
-118.3387121,34.10318375,35665,8781838,2019,2019-02-11T00:00:00.000Z,1942,2019-01-20T00:00:00.000Z,2225,42830,645,7,5,7,1942,0,0,0,F,0,6A45,HIGHLAND AV,YUCCA ST,0,,Y,A,-,N,,0,0,,,0,,,,N,0,0,0,1,A,-,21,22106,,N,E,I,A,A,H,-,C,A,0,,,,Y,Y,,F,26,0,0,0,0,0,0,0,0,0,- ,- ,0,0,2400,1,LOS ANGELES,LOS ANGELES,CA,-118.3387121,34.10318375,"HIGHLAND AVE & YUCCA ST, LOS ANGELES, CA",HIGHLAND AVE,YUCCA ST,116524,
-118.5011535,34.21299744,35666,8785800,2019,2019-02-02T00:00:00.000Z,1942,2019-01-18T00:00:00.000Z,2135,41316,1007,5,5,7,1942,0,0,0,J,0,10A17,BALBOA BL,STAGG ST,50,S,N,A,-,N,,0,0,,,0,,,,Y,0,0,0,2,A,-,3,22350,,M,C,C,A,A,H,-,C,D,0,,,,,Y,Y,A,1,0,0,0,0,0,0,0,0,0,- ,- ,0,0,2400,1,LOS ANGELES,LOS ANGELES,CA,-118.5011535,34.21299744,"BALBOA BLVD & STAGG ST, LOS ANGELES, CA",BALBOA BLVD,STAGG ST,119470,
-118.4356422,34.20066834,35667,8785819,2019,2019-02-02T00:00:00.000Z,1942,2019-01-23T00:00:00.000Z,2325,37304,916,3,5,7,1942,0,0,0,I,0,9A19,RANCHITO AV,SHERMAN WY,190,S,N,A,-,N,,0,0,,,0,,,,Y,0,0,0,4,A,-,3,22350,,M,D,E,A,A,H,-,C,D,0,,,,,Y,,A,1,0,0,0,0,0,0,0,0,0,- ,- ,0,0,2400,1,LOS ANGELES,LOS ANGELES,CA,-118.4356422,34.20066833,"RANCHITO AVE & SHERMAN WAY, LOS ANGELES, CA",RANCHITO AVE,SHERMAN WAY,129130,