X,Y,OBJECTID,case_id,accident_year,proc_date,juris,collision_date,collision_time,officer_id,reporting_district,day_of_week,chp_shift,population,cnty_city_loc,special_cond,beat_type,chp_beat_type,city_division_lapd,chp_beat_class,beat_number,primary_rd,secondary_rd,distance,direction,intersection,weather_1,weather_2,state_hwy_ind,caltrans_county,caltrans_district,state_route,route_suffix,postmile_prefix,postmile,location_type,ramp_intersection,side_of_hwy,tow_away,collision_severity,number_killed,number_injured,party_count,primary_coll_factor,pcf_code_of_viol,pcf_viol_category,pcf_violation,pcf_viol_subsection,hit_and_run,type_of_collision,mviw,ped_action,road_surface,road_cond_1,road_cond_2,lighting,control_device,chp_road_type,pedestrian_accident,bicycle_accident,motorcycle_accident,truck_accident,not_private_property,alcohol_involved,stwd_vehtype_at_fault,chp_vehtype_at_fault,count_severe_inj,count_visible_inj,count_complaint_pain,count_ped_killed,count_ped_injured,count_bicyclist_killed,count_bicyclist_injured,count_mc_killed,count_mc_injured,primary_ramp,secondary_ramp,latitude,longitude,timecat,month_,city,county,state,point_x,point_y,match_addr,m_primaryrd,m_secondrd,int_id,Flag
-118.4574622,34.1920929,35668,8790747,2019,2019-02-04T00:00:00.000Z,1942,2019-01-05T00:00:00.000Z,2129,40528,923,6,5,7,1942,0,0,0,I,0,,KESTER AV,LEMAY ST,5,S,N,B,C,N,,0,0,,,0,,,,N,3,0,1,3,A,-,8,22107,,F,D,C,A,B,H,-,D,D,0,,,,,Y,Y,-,99,0,1,0,0,0,0,0,0,0,- ,- ,0,0,2400,1,LOS ANGELES,LOS ANGELES,CA,-118.4574622,34.1920929,"KESTER AVE & LEMAY ST, LOS ANGELES, CA",KESTER AVE,LEMAY ST,98120,
-118.4471804,34.24264526,35669,8793208,2019,2019-02-27T00:00:00.000Z,1942,2019-01-19T00:00:00.000Z,2225,40972,1966,6,5,7,1942,0,0,0,,0,19475,PLUMMER ST,SYLMAR AV,270,E,N,A,-,N,,0,0,,,0,,,,N,2,0,1,2,A,-,11,21950,B,N,G,-,D,A,H,-,C,A,0,Y,,,,Y,Y,N,60,1,0,0,0,1,0,0,0,0,- ,- ,0,0,2400,1,LOS ANGELES,LOS ANGELES,CA,-118.4471804,34.24264526,"PLUMMER ST & SYLMAR AVE, LOS ANGELES, CA",PLUMMER ST,SYLMAR AVE,108517,
-118.3586615,34.27409744,35670,8793291,2019,2019-02-27T00:00:00.000Z,1942,2019-01-16T00:00:00.000Z,2130,40388,1635,3,5,7,1942,0,0,0,P,0,16A35,FOOTHILL BL,CHRISTY AV,40,E,N,A,C,N,,0,0,,,0,,,,Y,4,0,2,2,A,-,3,22350,,N,C,C,A,B,H,-,C,A,0,,,,,Y,,A,7,0,0,2,0,0,0,0,0,0,- ,- ,0,0,2400,1,LOS ANGELES,LOS ANGELES,CA,-118.3586615,34.27409744,"FOOTHILL BLVD & CHRISTY AVE, LOS ANGELES, CA",FOOTHILL BLVD,CHRISTY AVE,122964,
-118.6060722,34.25721359,35671,8793293,2019,2019-02-28T00:00:00.000Z,1942,2019-01-13T00:00:00.000Z,2238,43564,1722,7,5,7,1942,0,0,0,Q,0,,TOPANGA CANYON BL,DEVONSHIRE ST,0,,Y,A,-,N,,0,0,,,0,,,,N,3,0,3,2,A,-,12,21453,A,N,D,C,A,A,H,-,C,A,0,,,,,Y,,-,- ,0,1,2,0,0,0,0,0,0,- ,- ,0,0,2400,1,LOS ANGELES,LOS ANGELES,CA,-118.6060722,34.25721359,"TOPANGA CANYON BLVD & DEVONSHIRE ST, LOS ANGELES, CA",TOPANGA CANYON BLVD,DEVONSHIRE ST,119688,
-118.467692,34.22621918,35672,8793294,2019,2019-02-27T00:00:00.000Z,1942,2019-01-26T00:00:00.000Z,2210,32372,1981,6,5,7,1942,0,0,0,,0,19A61,SEPULVEDA BL,CHASE ST,577,N,N,A,-,N,,0,0,,,0,,,,N,4,0,2,3,A,-,3,22350,,N,D,C,A,A,H,-,C,D,0,,,,,Y,,A,1,0,0,2,0,0,0,0,0,0,- ,- ,0,0,2400,1,LOS ANGELES,LOS ANGELES,CA,-118.467692,34.22621918,"SEPULVEDA BLVD & CHASE ST, LOS ANGELES, CA",SEPULVEDA BLVD,CHASE ST,112005,
-118.5884922,34.20829392,35673,8793469,2019,2019-02-25T00:00:00.000Z,1942,2019-01-12T00:00:00.000Z,2240,40388,2137,6,5,7,1942,0,0,0,,0,21A5,SATICOY ST,DE SOTO AV,0,,Y,A,-,N,,0,0,,,0,,,,Y,2,0,4,2,A,-,9,21801,A,N,A,C,A,A,H,-,C,A,0,,,,,Y,Y,A,7,1,2,1,0,0,0,0,0,0,- ,- ,0,0,2400,1,LOS ANGELES,LOS ANGELES,CA,-118.5884922,34.20829391,"SATICOY ST & DE SOTO AVE, LOS ANGELES, CA",SATICOY ST,DE SOTO AVE,150720,
-118.3000881,34.05262375,35675,8793640,2019,2019-03-01T00:00:00.000Z,1942,2019-01-01T00:00:00.000Z,2130,40957,2054,2,5,7,1942,0,0,0,,0,20A69,OLYMPIC BL,NORMANDIE AV,17,W,N,A,-,N,,0,0,,,0,,,,N,0,0,0,3,A,-,5,21460,A,M,B,C,A,A,H,-,C,A,0,,,,,Y,,-,99,0,0,0,0,0,0,0,0,0,- ,- ,0,0,2400,1,LOS ANGELES,LOS ANGELES,CA,-118.3000882,34.05262375,"OLYMPIC BLVD & NORMANDIE AVE, LOS ANGELES, CA",OLYMPIC BLVD,NORMANDIE AVE,110456,
-118.3052085,33.95998383,35677,8796074,2019,2019-02-22T00:00:00.000Z,1942,2019-01-05T00:00:00.000Z,2230,41870,1263,6,5,7,1942,0,0,0,L,0,12A53,MANCHESTER AV,DENKER AV,166,W,N,C,-,N,,0,0,,,0,,,,Y,0,0,0,2,A,-,3,22350,,N,C,E,A,B,H,-,C,D,0,,,,,Y,,A,7,0,0,0,0,0,0,0,0,0,- ,- ,0,0,2400,1,LOS ANGELES,LOS ANGELES,CA,-118.3052085,33.95998383,"MANCHESTER AVE & DENKER AVE, LOS ANGELES, CA",MANCHESTER AVE,DENKER AVE,127710,
-118.2071521,34.1205864,35679,8799516,2019,2019-02-21T00:00:00.000Z,1942,2019-01-12T00:00:00.000Z,2345,42600,LOS A,6,5,7,1942,0,0,0,,0,1125,AVENUE 50,LINCOLN AV,0,,Y,A,-,N,,0,0,,,0,,,,N,2,0,2,3,A,-,10,21950,A,F,G,B,B,A,H,-,C,D,0,Y,,,,Y,Y,-,99,1,0,1,0,2,0,0,0,0,- ,- ,0,0,2400,1,LOS ANGELES,LOS ANGELES,CA,-118.2071521,34.1205864,"AVE 50 & LINCOLN AVE, LOS ANGELES, CA",AVE 50,LINCOLN AVE,121378,
-118.5360722,34.20117569,35680,8803141,2019,2019-02-22T00:00:00.000Z,1942,2019-01-04T00:00:00.000Z,2330,40353,1024,5,5,7,1942,0,0,0,J,0,10A21,RESEDA BL,SHERMAN WY,0,,Y,A,-,N,,0,0,,,0,,,,Y,3,0,1,2,A,-,9,21801,A,N,D,C,A,A,H,-,C,-,0,,,,,Y,,A,1,0,1,0,0,0,0,0,0,0,- ,- ,0,0,2400,1,LOS ANGELES,LOS ANGELES,CA,-118.5360722,34.20117569,"RESEDA BLVD & SHERMAN WAY, LOS ANGELES, CA",RESEDA BLVD,SHERMAN WAY,116039,
-118.4398402,34.16857529,35681,8803193,2019,2019-02-22T00:00:00.000Z,1942,2019-01-09T00:00:00.000Z,2125,41316,946,3,5,7,1942,0,0,0,I,0,9A37,CHANDLER BL,HAZELTINE AV,40,E,N,A,-,N,,0,0,,,0,,,,Y,4,0,3,2,A,-,3,22350,,N,C,C,A,A,H,-,C,A,0,,,,,Y,,A,7,0,0,3,0,0,0,0,0,0,- ,- ,0,0,2400,1,LOS ANGELES,LOS ANGELES,CA,-118.4398402,34.16857529,"CHANDLER BLVD & HAZELTINE AVE, LOS ANGELES, CA",CHANDLER BLVD,HAZELTINE AVE,114975,
-118.461172,34.19391251,35682,8803547,2019,2019-02-28T00:00:00.000Z,1942,2019-01-25T00:00:00.000Z,2320,42818,923,5,5,7,1942,0,0,0,I,0,9A23,VANOWEN ST,NOBLE AV,200,E,N,A,-,N,,0,0,,,0,,,,Y,3,0,2,3,A,-,21,22106,,N,B,C,A,A,H,-,C,D,0,,,,,Y,,A,1,0,1,1,0,0,0,0,0,0,- ,- ,0,0,2400,1,LOS ANGELES,LOS ANGELES,CA,-118.461172,34.19391251,"VANOWEN ST & NOBLE AVE, LOS ANGELES, CA",VANOWEN ST,NOBLE AVE,143527,
-118.3028722,34.06536484,35683,8804805,2019,2019-02-14T00:00:00.000Z,1942,2019-01-26T00:00:00.000Z,2315,41924,2023,6,5,7,1942,0,0,0,,0,20A53,5TH ST,KINGSLEY DR,0,,Y,A,-,N,,0,0,,,0,,,,N,0,0,0,2,A,-,12,22450,A,M,D,C,A,A,H,-,C,A,0,,,,,Y,,-,99,0,0,0,0,0,0,0,0,0,- ,- ,0,0,2400,1,LOS ANGELES,LOS ANGELES,CA,-118.3028722,34.06536484,"5TH ST & KINGSLEY DR, LOS ANGELES, CA",5TH ST,KINGSLEY DR,149947,
-118.3964834,34.14722061,35684,8805238,2019,2019-02-27T00:00:00.000Z,1942,2019-01-18T00:00:00.000Z,2355,40972,1583,5,5,7,1942,0,0,0,O,0,15A85,LAUREL CANYON BL,VALLEYHEART DR,320,N,N,A,-,N,,0,0,,,0,,,,Y,4,0,2,3,A,-,21,22106,,N,D,-,A,A,H,-,C,A,0,,,,,Y,,A,1,0,0,2,0,0,0,0,0,0,- ,- ,0,0,2400,1,LOS ANGELES,LOS ANGELES,CA,-118.3964834,34.14722061,"LAUREL CANYON BLVD & VALLEYHEART DR, LOS ANGELES, CA",LAUREL CANYON BLVD,VALLEYHEART DR,133421,
-118.4077222,34.18648529,35685,8805270,2019,2019-02-27T00:00:00.000Z,1942,2019-01-19T00:00:00.000Z,2245,39493,1532,6,5,7,1942,0,0,0,O,0,15A33,VICTORY BL,BEEMAN AV,100,W,N,A,-,N,,0,0,,,0,,,,Y,3,0,3,3,A,-,3,22350,,N,B,C,A,A,H,-,C,D,0,,,,,Y,,A,1,0,3,0,0,0,0,0,0,0,- ,- ,0,0,2400,1,LOS ANGELES,LOS ANGELES,CA,-118.4077222,34.18648529,"VICTORY BLVD & BEEMAN AVE, LOS ANGELES, CA",VICTORY BLVD,BEEMAN AVE,151310,
-118.3855468,34.27349854,35686,8805360,2019,2019-02-26T00:00:00.000Z,1942,2019-01-16T00:00:00.000Z,2210,42818,1615,3,5,7,1942,0,0,0,P,0,16A35,FOOTHILL BL,GLADSTONE AV,728,E,N,C,-,N,,0,0,,,0,,,,N,0,0,0,2,A,-,7,21658,A,M,C,C,A,B,H,-,D,D,0,,,,,Y,,-,99,0,0,0,0,0,0,0,0,0,- ,- ,0,0,2400,1,LOS ANGELES,LOS ANGELES,CA,-118.3855468,34.27349854,"FOOTHILL BLVD & GLADSTONE AVE, LOS ANGELES, CA",FOOTHILL BLVD,GLADSTONE AVE,126531,
-118.2639472,33.79944992,35687,8806806,2019,2019-03-12T00:00:00.000Z,1942,2019-01-11T00:00:00.000Z,2105,40181,518,5,5,7,1942,0,0,0,,0,5A17,AVALON BL,LOMITA BL,100,N,N,A,-,N,,0,0,,,0,,,,N,4,0,1,2,A,-,4,21703,,F,C,C,A,A,-,-,C,A,0,,,,,Y,,A,1,0,0,1,0,0,0,0,0,0,- ,- ,0,0,2400,1,LOS ANGELES,LOS ANGELES,CA,-118.2639472,33.79944992,"AVALON BLVD & LOMITA BLVD, LOS ANGELES, CA",AVALON BLVD,LOMITA BLVD,110296,
-118.2932422,34.07629395,35688,8806807,2019,2019-03-04T00:00:00.000Z,1942,2019-01-19T00:00:00.000Z,2350,37003,2015,6,5,7,1942,0,0,0,,0,20A39,BEVERLY BL,NEW HAMPSHIRE AV,0,,Y,A,-,N,,0,0,,,0,,,,N,4,0,1,2,A,-,11,21106,B,N,G,B,E,A,H,-,C,A,0,Y,,,,Y,Y,N,60,0,0,1,0,1,0,0,0,0,- ,- ,0,0,2400,1,LOS ANGELES,LOS ANGELES,CA,-118.2932422,34.07629395,"BEVERLY BLVD & NEW HAMPSHIRE AVE, LOS ANGELES, CA",BEVERLY BLVD,NEW HAMPSHIRE AVE,104172,
-118.4333222,33.98801422,35689,8806821,2019,2019-03-12T00:00:00.000Z,1942,2019-01-21T00:00:00.000Z,2115,42601,1454,1,5,7,1942,0,0,0,N,0,14A56,ALLA RD,MINDANAO WY,0,,Y,A,-,N,,0,0,,,0,,,,N,4,0,1,2,A,-,3,22350,,N,D,C,A,A,H,-,C,D,0,,,,,Y,,A,1,0,0,1,0,0,0,0,0,0,- ,- ,0,0,2400,1,LOS ANGELES,LOS ANGELES,CA,-118.4333222,33.98801422,"ALLA RD & MINDANAO WAY, LOS ANGELES, CA",ALLA RD,MINDANAO WAY,135140,
-118.2992321,33.84993744,35690,8806838,2019,2019-03-04T00:00:00.000Z,1942,2019-01-24T00:00:00.000Z,2150,43510,HARBO,4,5,7,1942,0,0,0,,0,5A1,NORMANDIE AV,FRANCISCO ST,116,S,N,A,-,N,,0,0,,,0,,,,N,3,0,1,1,A,-,3,22350,,N,F,A,A,A,G,-,C,D,0,,,Y,,Y,,C,2,0,1,0,0,0,0,0,0,1,- ,- ,0,0,2400,1,LOS ANGELES,LOS ANGELES,CA,-118.2992321,33.84993744,"NORMANDIE AVE & FRANCISCO ST, LOS ANGELES, CA",NORMANDIE AVE,FRANCISCO ST,123258,
-118.3002221,34.02067566,35691,8806846,2019,2019-03-04T00:00:00.000Z,1942,2019-01-23T00:00:00.000Z,2230,42011,356,3,5,7,1942,0,0,0,C,0,3A55,S NORMANDIE AV,37TH ST,105,S,N,A,-,N,,0,0,,,0,,,,Y,4,0,1,2,A,-,3,22350,,F,D,C,A,A,H,-,C,D,0,,,,,Y,,-,99,0,0,1,0,0,0,0,0,0,- ,- ,0,0,2400,1,LOS ANGELES,LOS ANGELES,CA,-118.3002221,34.02067566,"NORMANDIE AVE & 37TH ST, LOS ANGELES, CA",NORMANDIE AVE,37TH ST,120896,
-118.3386021,34.08345413,35692,8807856,2019,2019-03-06T00:00:00.000Z,1942,2019-01-04T00:00:00.000Z,2325,39022,706,5,5,7,1942,0,0,0,G,0,7A17,N HIGHLAND AV,MELROSE AV,0,,Y,A,-,N,,0,0,,,0,,,,Y,3,0,2,2,A,-,9,21801,A,N,A,C,A,A,H,-,C,A,0,,,,,Y,,A,1,0,1,1,0,0,0,0,0,0,- ,- ,0,0,2400,1,LOS ANGELES,LOS ANGELES,CA,-118.3386021,34.08345413,"HIGHLAND AVE & MELROSE AVE, LOS ANGELES, CA",HIGHLAND AVE,MELROSE AVE,111253,
-118.2600463,34.08545303,35693,8809568,2019,2019-05-13T00:00:00.000Z,1942,2019-01-16T00:00:00.000Z,2215,33554,1172,3,5,7,1942,0,0,0,K,0,11A71,GLENDALE BL,ALLESANDRO ST,30,S,N,C,-,N,,0,0,,,0,,,,Y,3,0,1,2,A,-,8,22102,,N,B,C,A,B,H,-,C,D,0,,,,,Y,,-,,0,1,0,0,0,0,0,0,0,- ,- ,0,0,2400,1,LOS ANGELES,LOS ANGELES,CA,-118.2600463,34.08545303,"GLENDALE BLVD & ALLESANDRO ST, LOS ANGELES, CA",GLENDALE BLVD,ALLESANDRO ST,97296,
-118.3495592,34.09800339,35694,8810914,2019,2019-04-05T00:00:00.000Z,1942,2019-01-26T00:00:00.000Z,2340,38985,RD064,6,5,7,1942,0,0,0,,0,6A79,SUNSET BL,FULLER AV,10,E,N,A,-,N,,0,0,,,0,,,,N,4,0,1,2,A,-,8,22107,,N,B,D,A,A,H,-,C,D,0,,,Y,,Y,,A,1,0,0,1,0,0,0,0,0,1,- ,- ,0,0,2400,1,LOS ANGELES,LOS ANGELES,CA,-118.3495592,34.09800339,"SUNSET BLVD & FULLER AVE, LOS ANGELES, CA",SUNSET BLVD,FULLER AVE,100647,
-118.3277221,34.08347321,35695,8810946,2019,2019-03-13T00:00:00.000Z,1942,2019-01-18T00:00:00.000Z,2200,42471,676,5,5,7,1942,0,0,0,F,0,6A79,MELROSE AV,LILIAN WY,0,,Y,A,-,N,,0,0,,,0,,,,Y,4,0,1,3,A,-,9,21801,A,N,A,C,A,A,H,-,C,A,0,,,,,Y,,A,1,0,0,1,0,0,0,0,0,0,- ,- ,0,0,2400,1,LOS ANGELES,LOS ANGELES,CA,-118.3277221,34.08347321,"MELROSE AVE & LILLIAN WAY, LOS ANGELES, CA",MELROSE AVE,LILLIAN WAY,121769,
-118.3637122,34.07380295,35696,8816747,2019,2019-03-08T00:00:00.000Z,1942,2019-01-02T00:00:00.000Z,2133,37511,723,3,5,7,1942,0,0,0,G,0,7A21,S EDINBURGH AV,1ST ST,180,S,N,A,-,N,,0,0,,,0,,,,Y,0,0,0,2,A,-,1,23152,A,N,C,E,A,A,H,-,C,D,0,,,,,Y,Y,A,1,0,0,0,0,0,0,0,0,0,- ,- ,0,0,2400,1,LOS ANGELES,LOS ANGELES,CA,-118.3637122,34.07380295,"EDINBURGH AVE & 1ST ST, LOS ANGELES, CA",EDINBURGH AVE,1ST ST,139008,
-118.3765921,34.07849503,35697,8830314,2019,2019-03-27T00:00:00.000Z,1942,2019-01-12T00:00:00.000Z,2244,43508,701,6,5,7,1942,0,0,0,G,0,7A64,LA CIENEGA BL,WESTMOUNT,0,,Y,A,-,N,,0,0,,,0,,,,N,0,0,0,2,A,-,6,21755,A,M,A,C,A,A,H,-,C,D,0,,,,,Y,,-,- ,0,0,0,0,0,0,0,0,0,- ,- ,0,0,2400,1,LOS ANGELES,LOS ANGELES,CA,-118.3765921,34.07849503,"LA CIENEGA BLVD & WESTMOUNT DR, LOS ANGELES, CA",LA CIENEGA BLVD,WESTMOUNT DR,142611,
-118.2396521,34.05476379,35698,8832607,2019,2019-04-11T00:00:00.000Z,1942,2019-01-30T00:00:00.000Z,2320,39876,112,3,5,7,1942,0,0,0,K,0,24T31,LOS ANGELES ST,ALISO ST,0,,Y,A,-,N,,0,0,,,0,,,,Y,4,0,1,2,A,-,12,21453,A,N,D,C,A,A,H,-,C,A,0,,,,,Y,,D,22,0,0,1,0,0,0,0,0,0,- ,- ,0,0,2400,1,LOS ANGELES,LOS ANGELES,CA,-118.2396521,34.05476379,"LOS ANGELES ST & ALISO ST, LOS ANGELES, CA",LOS ANGELES ST,ALISO ST,128132,
-118.2841616,34.04373932,35699,8832595,2019,2019-04-30T00:00:00.000Z,1942,2019-01-26T00:00:00.000Z,2200,37968,,6,5,7,1942,0,0,0,,0,2A45,HOOVER,VENICE,10,S,N,A,-,N,,0,0,,,0,,,,N,4,0,1,2,A,-,8,22107,,N,B,C,A,A,H,-,C,D,0,,,,,Y,,A,7,0,0,1,0,0,0,0,0,0,- ,- ,0,0,2400,1,LOS ANGELES,LOS ANGELES,CA,-118.2841616,34.04373932,"HOOVER ST & VENICE BLVD,, CA",HOOVER ST,VENICE BLVD,103604,
-118.2589161,34.02149963,35700,8838668,2019,2019-04-15T00:00:00.000Z,1942,2019-01-27T00:00:00.000Z,2200,43155,1323,7,5,7,1942,0,0,0,M,0,13A27,STANFORD,25TH ST,40,S,N,A,-,N,,0,0,,,0,,,,N,4,0,1,2,A,-,21,22106,,F,D,C,A,A,H,-,C,D,0,,,Y,,Y,,-,99,0,0,1,0,0,0,0,0,1,- ,- ,0,0,2400,1,LOS ANGELES,LOS ANGELES,CA,-118.2589161,34.02149963,"STANFORD AVE & 25TH ST, LOS ANGELES, CA",STANFORD AVE,25TH ST,138430,
-118.2360022,34.02463532,35701,8839037,2019,2019-04-11T00:00:00.000Z,1942,2019-01-23T00:00:00.000Z,2300,43585,1309,3,5,7,1942,0,0,0,M,0,13A55,14TH ST,ELWOOD ST,0,,Y,A,-,N,,0,0,,,0,,,,N,0,0,0,1,A,-,3,22350,,M,-,J,A,A,H,-,C,A,0,,,,,Y,,-,99,0,0,0,0,0,0,0,0,0,- ,- ,0,0,2400,1,LOS ANGELES,LOS ANGELES,CA,-118.2360022,34.02463531,"14TH ST & ELWOOD ST, LOS ANGELES, CA",14TH ST,ELWOOD ST,124716,
-118.304654,34.09366608,35702,8843202,2019,2019-05-02T00:00:00.000Z,1942,2019-01-02T00:00:00.000Z,2130,41619,669,3,5,7,1942,0,0,0,F,0,6A67,HOBART BL,LA MIRADA AV,95,S,N,A,-,N,,0,0,,,0,,,,N,0,0,0,2,A,-,3,22350,,M,B,E,A,A,H,-,C,D,0,,,,,Y,,-,99,0,0,0,0,0,0,0,0,0,- ,- ,0,0,2400,1,LOS ANGELES,LOS ANGELES,CA,-118.304654,34.09366608,"HOBART BLVD & LA MIRADA AVE, LOS ANGELES, CA",HOBART BLVD,LA MIRADA AVE,97020,
-118.4422596,34.0481987,35703,8846291,2019,2019-05-09T00:00:00.000Z,1942,2019-01-09T00:00:00.000Z,2220,35330,835,3,5,7,1942,0,0,0,,0,14A26,SANTA MONICA BL,CAMDEN AV,10,W,N,A,-,N,,0,0,,,0,,,,N,0,0,0,2,A,-,0,21658,C,M,B,C,A,A,H,-,C,D,0,,,,,Y,,-,99,0,0,0,0,0,0,0,0,0,- ,- ,0,0,2400,1,LOS ANGELES,LOS ANGELES,CA,-118.4422596,34.0481987,"SANTA MONICA BLVD & CAMDEN AVE, LOS ANGELES, CA",SANTA MONICA BLVD,CAMDEN AVE,100580,
-118.3962321,33.95459366,35704,8856483,2019,2019-05-22T00:00:00.000Z,1942,2019-01-06T00:00:00.000Z,2130,42987,1485,7,5,7,1942,0,0,0,N,0,,SEPULVEDA BL,WESTCHESTER PKWY,0,,Y,A,-,N,,0,0,,,0,,,,N,0,0,0,2,A,-,7,21658,A,M,D,C,A,A,H,-,C,A,0,,,,,Y,Y,-,99,0,0,0,0,0,0,0,0,0,- ,- ,0,0,2400,1,LOS ANGELES,LOS ANGELES,CA,-118.3962321,33.95459366,"SEPULVEDA BLVD & WESTCHESTER PKY, LOS ANGELES, CA",SEPULVEDA BLVD,WESTCHESTER PKY,98574,
-118.2564821,33.96467209,35705,8648620,2019,2019-02-15T00:00:00.000Z,1942,2019-01-19T00:00:00.000Z,10,42282,1269,6,5,7,1942,0,0,0,L,0,12A69,S CENTRAL AV,82ND ST,12,S,N,A,-,N,,0,0,,,0,,,,Y,1,1,1,3,A,-,1,23152,A,N,G,B,B,A,H,-,C,A,0,Y,,,,Y,Y,A,1,0,1,0,1,0,0,0,0,0,- ,- ,0,0,300,1,LOS ANGELES,LOS ANGELES,CA,-118.2564821,33.96467209,"CENTRAL AVE & 82ND ST, LOS ANGELES, CA",CENTRAL AVE,82ND ST,110290,
-118.4173022,34.27898407,35706,8761828,2019,2019-02-02T00:00:00.000Z,1942,2019-01-05T00:00:00.000Z,40,43298,,6,5,7,1942,0,0,0,,0,16A23,GLENOAKS BL,DAVENTRY ST,0,,Y,A,-,N,,0,0,,,0,,,,Y,0,0,0,2,A,-,9,21801,B,M,D,C,A,A,H,-,C,A,0,,,,,Y,Y,A,1,0,0,0,0,0,0,0,0,0,- ,- ,0,0,300,1,LOS ANGELES,LOS ANGELES,CA,-118.4173022,34.27898407,"GLENOAKS BLVD & DAVENTRY ST, LOS ANGELES, CA",GLENOAKS BLVD,DAVENTRY ST,102101,
-118.4247321,34.21984482,35707,8761840,2019,2019-02-13T00:00:00.000Z,1942,2019-01-05T00:00:00.000Z,245,42760,1988,6,5,7,1942,0,0,0,,0,19A79,VARNA AV,CANTARA ST,0,,Y,A,-,N,,0,0,,,0,,,,Y,0,0,0,2,A,-,3,22350,,M,D,E,A,A,H,-,C,D,0,,,,,Y,,D,22,0,0,0,0,0,0,0,0,0,- ,- ,0,0,300,1,LOS ANGELES,LOS ANGELES,CA,-118.4247321,34.21984482,"VARNA AVE & CANTARA ST, LOS ANGELES, CA",VARNA AVE,CANTARA ST,111781,
-118.3090122,34.03632355,35708,8770848,2019,2019-01-31T00:00:00.000Z,1942,2019-01-03T00:00:00.000Z,25,39299,315,4,5,7,1942,0,0,0,C,0,3A15,WESTERN AV,22ND ST,0,,Y,A,-,N,,0,0,,,0,,,,N,0,0,0,2,A,-,1,23152,A,N,C,C,A,A,H,-,C,A,0,,,,,Y,Y,A,1,0,0,0,0,0,0,0,0,0,- ,- ,0,0,300,1,LOS ANGELES,LOS ANGELES,CA,-118.3090122,34.03632355,"WESTERN AVE & 22ND ST, LOS ANGELES, CA",WESTERN AVE,22ND ST,121070,
-118.4910357,34.22840881,35709,8782932,2019,2019-03-26T00:00:00.000Z,1942,2019-01-13T00:00:00.000Z,130,38817,LOSAN,7,5,7,1942,0,0,0,,0,1797,PARTHENIA ST,ODESSA AV,220,E,N,A,-,N,,0,0,,,0,,,,Y,3,0,1,2,A,-,1,23152,A,N,C,E,A,A,H,-,C,D,0,,,,,Y,Y,A,1,0,1,0,0,0,0,0,0,0,- ,- ,0,0,300,1,LOS ANGELES,LOS ANGELES,CA,-118.4910357,34.22840881,"PARTHENIA ST & ODESSA AVE, LOS ANGELES, CA",PARTHENIA ST,ODESSA AVE,108550,
-118.2827521,34.01112366,35710,8783671,2019,2019-03-13T00:00:00.000Z,1942,2019-01-01T00:00:00.000Z,42,39299,398,2,5,7,1942,0,0,0,C,0,3A99,W MARTIN LUTHER KING BL,S FIGUEROA ST,0,,Y,A,-,N,,0,0,,,0,,,,Y,0,0,0,2,A,-,1,23152,A,N,A,C,A,A,H,-,C,A,0,,,,,Y,Y,A,1,0,0,0,0,0,0,0,0,0,- ,- ,0,0,300,1,LOS ANGELES,LOS ANGELES,CA,-118.2827521,34.01112366,"MARTIN LUTHER KING JR BLVD & FIGUEROA ST, LOS ANGELES, CA",MARTIN LUTHER KING JR BLVD,FIGUEROA ST,148988,
-118.2869614,33.87989426,35712,8784444,2019,2019-02-13T00:00:00.000Z,1942,2019-01-11T00:00:00.000Z,0,H0151,1891,5,5,7,1942,0,0,0,R,0,18A97,167TH ST,HOOVER ST,15,W,N,A,-,N,,0,0,,,0,,,,N,0,0,0,2,A,-,3,22350,,M,B,E,A,A,H,-,C,A,0,,,,,Y,,-,99,0,0,0,0,0,0,0,0,0,- ,- ,0,0,300,1,LOS ANGELES,LOS ANGELES,CA,-118.2869614,33.87989426,"167TH ST & HOOVER ST, LOS ANGELES, CA",167TH ST,HOOVER ST,117271,
-118.2775321,34.02579498,35713,8784630,2019,2019-02-14T00:00:00.000Z,1942,2019-01-18T00:00:00.000Z,15,40053,329,5,5,7,1942,0,0,0,C,0,3A19,S FIGUEROA ST,W 29TH ST,0,,Y,A,-,N,,0,0,,,0,,,,N,4,0,1,2,A,-,9,21801,A,N,D,C,A,A,H,-,C,A,0,,,,,Y,,A,1,0,0,1,0,0,0,0,0,0,- ,- ,0,0,300,1,LOS ANGELES,LOS ANGELES,CA,-118.2775321,34.02579498,"FIGUEROA ST & 29TH ST, LOS ANGELES, CA",FIGUEROA ST,29TH ST,149000,
-118.3135721,34.09076309,35714,8784759,2019,2019-02-22T00:00:00.000Z,1942,2019-01-08T00:00:00.000Z,200,42330,646,2,5,7,1942,0,0,0,F,0,6A77,SANTA MONICA BL,WILTON PL,0,,N,A,-,N,,0,0,,,0,,,,Y,0,0,0,3,A,-,8,22107,,M,C,C,A,A,H,-,C,D,0,,,,,Y,,A,1,0,0,0,0,0,0,0,0,0,- ,- ,0,0,300,1,LOS ANGELES,LOS ANGELES,CA,-118.3135721,34.09076309,"SANTA MONICA BLVD & WILTON PL, LOS ANGELES, CA",SANTA MONICA BLVD,WILTON PL,97026,