X,Y,OBJECTID,case_id,accident_year,proc_date,juris,collision_date,collision_time,officer_id,reporting_district,day_of_week,chp_shift,population,cnty_city_loc,special_cond,beat_type,chp_beat_type,city_division_lapd,chp_beat_class,beat_number,primary_rd,secondary_rd,distance,direction,intersection,weather_1,weather_2,state_hwy_ind,caltrans_county,caltrans_district,state_route,route_suffix,postmile_prefix,postmile,location_type,ramp_intersection,side_of_hwy,tow_away,collision_severity,number_killed,number_injured,party_count,primary_coll_factor,pcf_code_of_viol,pcf_viol_category,pcf_violation,pcf_viol_subsection,hit_and_run,type_of_collision,mviw,ped_action,road_surface,road_cond_1,road_cond_2,lighting,control_device,chp_road_type,pedestrian_accident,bicycle_accident,motorcycle_accident,truck_accident,not_private_property,alcohol_involved,stwd_vehtype_at_fault,chp_vehtype_at_fault,count_severe_inj,count_visible_inj,count_complaint_pain,count_ped_killed,count_ped_injured,count_bicyclist_killed,count_bicyclist_injured,count_mc_killed,count_mc_injured,primary_ramp,secondary_ramp,latitude,longitude,timecat,month_,city,county,state,point_x,point_y,match_addr,m_primaryrd,m_secondrd,int_id,Flag
-118.3352221,33.98358536,35715,8791108,2019,2019-02-22T00:00:00.000Z,1942,2019-01-08T00:00:00.000Z,115,42096,1241,2,5,7,1942,0,0,0,L,0,1227,WEST BL,62ND ST,0,,Y,A,-,N,,0,0,,,0,,,,Y,4,0,1,3,A,-,3,22350,,N,A,C,A,A,H,-,C,D,0,,,,,Y,,A,1,0,0,1,0,0,0,0,0,0,- ,- ,0,0,300,1,LOS ANGELES,LOS ANGELES,CA,-118.3352221,33.98358536,"WEST BLVD & 62ND ST, LOS ANGELES, CA",WEST BLVD,62ND ST,145186,
-118.3089445,33.99843216,35716,8791116,2019,2019-02-12T00:00:00.000Z,1942,2019-01-20T00:00:00.000Z,1,42969,1203,7,5,7,1942,0,0,0,L,0,12A3,WESTERN AV,50TH ST,65,N,N,A,-,N,,0,0,,,0,,,,N,2,0,1,2,A,-,11,21955,,N,G,B,D,A,H,-,C,D,0,Y,,,,Y,,N,60,1,0,0,0,1,0,0,0,0,- ,- ,0,0,300,1,LOS ANGELES,LOS ANGELES,CA,-118.3089445,33.99843216,"WESTERN AVE & 50TH ST, LOS ANGELES, CA",WESTERN AVE,50TH ST,117317,
-118.2787422,34.02139664,35717,8791127,2019,2019-02-05T00:00:00.000Z,1942,2019-01-16T00:00:00.000Z,230,39678,359,3,5,7,1942,0,0,0,C,0,3A73,FLOWER ST,JEFFERSON BL,0,,Y,C,-,N,,0,0,,,0,,,,N,0,0,0,2,A,-,12,21453,A,M,D,C,A,B,H,-,C,A,0,,,,,Y,Y,-,99,0,0,0,0,0,0,0,0,0,- ,- ,0,0,300,1,LOS ANGELES,LOS ANGELES,CA,-118.2787422,34.02139664,"FLOWER ST & JEFFERSON BLVD, LOS ANGELES, CA",FLOWER ST,JEFFERSON BLVD,103380,
-118.2717121,33.96279907,35718,8791546,2019,2019-02-07T00:00:00.000Z,1942,2019-01-01T00:00:00.000Z,50,37792,1268,2,5,7,1942,0,0,0,L,0,12XL57,WALL ST,84TH ST,10,S,N,A,-,N,,0,0,,,0,,,,Y,0,0,0,2,A,-,3,22350,,M,-,-,A,A,H,-,C,-,0,,,,,Y,,-,99,0,0,0,0,0,0,0,0,0,- ,- ,0,0,300,1,LOS ANGELES,LOS ANGELES,CA,-118.2717121,33.96279907,"WALL ST & 84TH ST, LOS ANGELES, CA",WALL ST,84TH ST,106772,
-118.3309621,33.98060608,35719,8791679,2019,2019-02-07T00:00:00.000Z,1942,2019-01-20T00:00:00.000Z,115,42098,1241,7,5,7,1942,0,0,0,L,0,12A31,CRENSHAW BL,HYDE PARK BL,0,,Y,A,-,N,,0,0,,,0,,,,Y,3,0,1,2,A,-,12,21453,A,F,D,C,A,A,H,-,C,A,0,,,,,Y,Y,A,1,0,1,0,0,0,0,0,0,0,- ,- ,0,0,300,1,LOS ANGELES,LOS ANGELES,CA,-118.3309621,33.98060608,"CRENSHAW BLVD & HYDE PARK BLVD, LOS ANGELES, CA",CRENSHAW BLVD,HYDE PARK BLVD,134494,
-118.2359021,33.93615341,35720,8792695,2019,2019-02-21T00:00:00.000Z,1942,2019-01-20T00:00:00.000Z,135,42247,1838,7,5,7,1942,0,0,0,R,0,18A49,HICKORY ST,107TH ST,1000,S,N,A,-,N,,0,0,,,0,,,,N,0,0,0,3,A,-,3,22350,,M,B,E,A,A,H,-,C,D,0,,,,,Y,,-,99,0,0,0,0,0,0,0,0,0,- ,- ,0,0,300,1,LOS ANGELES,LOS ANGELES,CA,-118.2359021,33.93615341,"HICKORY ST & 107TH ST, LOS ANGELES, CA",HICKORY ST,107TH ST,110264,
-118.3598621,34.05752564,35721,8792774,2019,2019-02-20T00:00:00.000Z,1942,2019-01-30T00:00:00.000Z,40,43028,753,3,5,7,1942,0,0,0,G,0,7X5,OLYMPIC BL,SPAULDING AV,0,,Y,-,-,N,,0,0,,,0,,,,N,0,0,0,2,A,-,7,21658,A,M,B,C,A,-,-,-,-,D,0,,,,,Y,,A,1,0,0,0,0,0,0,0,0,0,- ,- ,0,0,300,1,LOS ANGELES,LOS ANGELES,CA,-118.3598621,34.05752563,"OLYMPIC BLVD & SPAULDING AVE, LOS ANGELES, CA",OLYMPIC BLVD,SPAULDING AVE,106896,
-118.4324558,34.24808502,35722,8795436,2019,2019-02-11T00:00:00.000Z,1942,2019-01-05T00:00:00.000Z,130,33294,1959,6,5,7,1942,0,0,0,,0,35M36,ARLETA AV,TERRA BELLA ST,20,N,N,-,-,N,,0,0,,,0,,,,N,0,0,0,1,A,-,8,22107,,M,E,I,A,A,H,-,C,A,0,,,,,Y,,-,99,0,0,0,0,0,0,0,0,0,- ,- ,0,0,300,1,LOS ANGELES,LOS ANGELES,CA,-118.4324558,34.24808502,"ARLETA AVE & TERRA BELLA ST, LOS ANGELES, CA",ARLETA AVE,TERRA BELLA ST,98427,
-118.3605386,34.027668,35723,8795753,2019,2019-02-21T00:00:00.000Z,1942,2019-01-07T00:00:00.000Z,200,33169,333,1,5,7,1942,0,0,0,C,0,3A31,BLACKWELDER ST,COCHRAN AV,50,W,N,A,-,N,,0,0,,,0,,,,N,0,0,0,3,A,-,0,20015,A,M,A,E,A,B,H,-,C,D,0,,,,,Y,,-,- ,0,0,0,0,0,0,0,0,0,- ,- ,0,0,300,1,LOS ANGELES,LOS ANGELES,CA,-118.3605386,34.027668,"BLACKWELDER ST & COCHRAN AVE, LOS ANGELES, CA",BLACKWELDER ST,COCHRAN AVE,124396,
-118.2564821,33.95834351,35724,8796208,2019,2019-02-12T00:00:00.000Z,1942,2019-01-30T00:00:00.000Z,20,41129,1804,3,5,7,1942,0,0,0,R,0,18A3,S CENTRAL AV,E 87TH PL,0,,Y,A,-,N,,0,0,,,0,,,,Y,4,0,1,2,A,-,8,22102,,N,D,C,A,A,H,-,C,A,0,,,,,Y,,A,7,0,0,1,0,0,0,0,0,0,- ,- ,0,0,300,1,LOS ANGELES,LOS ANGELES,CA,-118.2564821,33.95834351,"CENTRAL AVE & 87TH PL, LOS ANGELES, CA",CENTRAL AVE,87TH PL,134631,
-118.5428222,34.17150497,35725,8796241,2019,2019-02-25T00:00:00.000Z,1942,2019-01-13T00:00:00.000Z,115,42565,1063,7,5,7,1942,0,0,0,J,0,10A83,VENTURA BL,BURBANK BL,0,,Y,A,-,N,,0,0,,,0,,,,N,0,0,0,2,A,-,9,21801,A,N,D,C,A,A,H,-,C,A,0,,,,,Y,,A,1,0,0,0,0,0,0,0,0,0,- ,- ,0,0,300,1,LOS ANGELES,LOS ANGELES,CA,-118.5428222,34.17150497,"VENTURA BLVD & BURBANK BLVD, LOS ANGELES, CA",VENTURA BLVD,BURBANK BLVD,126146,
-118.2278221,34.05265427,35726,8797094,2019,2019-02-14T00:00:00.000Z,1942,2019-01-11T00:00:00.000Z,200,33902,461,5,5,7,1942,0,0,0,D,0,423,MYER ST,ALISO ST,0,,Y,A,-,N,,0,0,,,0,,,,Y,3,0,2,2,A,-,3,22350,,N,A,E,A,A,H,-,C,D,0,,,,,Y,,A,1,0,2,0,0,0,0,0,0,0,- ,- ,0,0,300,1,LOS ANGELES,LOS ANGELES,CA,-118.2278221,34.05265427,"MYERS ST & ALISO ST,, CA",MYERS ST,ALISO ST,145780,
-118.2613322,34.02157593,35728,8799219,2019,2019-02-25T00:00:00.000Z,1942,2019-01-05T00:00:00.000Z,20,43225,1323,6,5,7,1942,0,0,0,M,0,13A13,ADAMS BL,SAN PEDRO ST,0,,Y,A,-,N,,0,0,,,0,,,,Y,4,0,3,2,A,-,12,21453,A,N,D,C,A,A,H,-,C,A,0,,,,,Y,,A,1,0,0,3,0,0,0,0,0,0,- ,- ,0,0,300,1,LOS ANGELES,LOS ANGELES,CA,-118.2613322,34.02157593,"ADAMS BLVD & SAN PEDRO ST, LOS ANGELES, CA",ADAMS BLVD,SAN PEDRO ST,149024,
-118.2917922,34.10121536,35729,8799512,2019,2019-02-21T00:00:00.000Z,1942,2019-01-12T00:00:00.000Z,235,42750,1151,6,5,7,1942,0,0,0,K,0,7A47,HOLLYWOOD BL,VERMONT,0,,Y,C,-,N,,0,0,,,0,,,,N,4,0,1,3,A,-,10,21950,A,F,G,B,B,B,H,-,C,A,0,Y,,,,Y,,-,99,0,0,1,0,1,0,0,0,0,- ,- ,0,0,300,1,LOS ANGELES,LOS ANGELES,CA,-118.2917922,34.10121536,"HOLLYWOOD BLVD & VERMONT AVE, LOS ANGELES, CA",HOLLYWOOD BLVD,VERMONT AVE,135818,
-118.2783121,33.98692322,35730,8799521,2019,2019-02-22T00:00:00.000Z,1942,2019-01-01T00:00:00.000Z,200,42515,1383,2,5,7,1942,0,0,0,M,0,13A85,E 59TH ST,S BROADWAY,0,,Y,A,-,N,,0,0,,,0,,,,N,0,0,0,2,A,-,9,21801,A,M,D,C,A,A,H,-,C,A,0,,,,,Y,,-,99,0,0,0,0,0,0,0,0,0,- ,- ,0,0,300,1,LOS ANGELES,LOS ANGELES,CA,-118.2783121,33.98692322,"59TH ST & BROADWAY, LOS ANGELES, CA",59TH ST,BROADWAY,106642,
-118.2543327,33.9504509,35731,8799549,2019,2019-03-01T00:00:00.000Z,1942,2019-01-15T00:00:00.000Z,35,43010,1824,2,5,7,1942,0,0,0,R,0,18A63,CENTRAL AV,95TH ST,40,N,N,A,-,N,,0,0,,,0,,,,Y,0,0,0,3,A,-,3,22350,,M,C,E,A,B,H,-,C,D,0,,,,,Y,,-,99,0,0,0,0,0,0,0,0,0,- ,- ,0,0,300,1,LOS ANGELES,LOS ANGELES,CA,-118.2543327,33.9504509,"CENTRAL AVE & 95TH ST, LOS ANGELES, CA",CENTRAL AVE,95TH ST,113678,
-118.2826191,33.94553375,35732,8799557,2019,2019-03-01T00:00:00.000Z,1942,2019-01-19T00:00:00.000Z,200,38296,1822,6,5,7,1942,0,0,0,R,0,,CENTURY BL,FIGUEROA ST,7,E,N,A,-,N,,0,0,,,0,,,,N,0,0,0,2,A,-,7,21658,,M,C,C,A,A,H,-,C,A,0,,,,,Y,,-,- ,0,0,0,0,0,0,0,0,0,- ,- ,0,0,300,1,LOS ANGELES,LOS ANGELES,CA,-118.2826191,33.94553375,"CENTURY BLVD & FIGUEROA ST, LOS ANGELES, CA",CENTURY BLVD,FIGUEROA ST,138221,
-118.5099022,34.21567535,35733,8802658,2019,2019-02-22T00:00:00.000Z,1942,2019-01-09T00:00:00.000Z,200,38947,1007,3,5,7,1942,0,0,0,J,0,10A17,N LOUISE AV,STRATHERN ST,0,,N,A,-,N,,0,0,,,0,,,,Y,0,0,0,5,A,-,1,23152,A,N,C,E,A,A,H,-,C,D,0,,,,,Y,Y,D,22,0,0,0,0,0,0,0,0,0,- ,- ,0,0,300,1,LOS ANGELES,LOS ANGELES,CA,-118.5099022,34.21567535,"LOUISE AVE & STRATHERN ST, LOS ANGELES, CA",LOUISE AVE,STRATHERN ST,101747,
-118.3899522,34.17012024,35734,8802884,2019,2019-02-21T00:00:00.000Z,1942,2019-01-20T00:00:00.000Z,250,42995,,7,5,7,1942,0,0,0,,0,15A38,MORELLA AV,ALBERS ST,75,S,N,B,-,N,,0,0,,,0,,,,Y,0,0,0,3,A,-,1,23152,A,N,D,E,A,A,H,-,C,D,0,,,,,Y,Y,A,1,0,0,0,0,0,0,0,0,0,- ,- ,0,0,300,1,LOS ANGELES,LOS ANGELES,CA,-118.3899522,34.17012024,"MORELLA AVE & ALBERS ST, LOS ANGELES, CA",MORELLA AVE,ALBERS ST,118708,
-118.3016021,34.06197357,35735,8806827,2019,2019-02-28T00:00:00.000Z,1942,2019-01-04T00:00:00.000Z,200,43260,2034,5,5,7,1942,0,0,0,,0,20A39,AROMORE AV,WILSHIRE BL,80,N,N,A,-,N,,0,0,,,0,,,,N,4,0,1,2,A,-,9,21804,A,N,D,C,A,A,H,-,C,D,0,,,,,Y,,A,1,0,0,1,0,0,0,0,0,0,- ,- ,0,0,300,1,LOS ANGELES,LOS ANGELES,CA,-118.3016021,34.06197357,"ARDMORE AVE & WILSHIRE BLVD, LOS ANGELES, CA",ARDMORE AVE,WILSHIRE BLVD,98531,
-118.282758,34.01153565,35736,8806842,2019,2019-03-04T00:00:00.000Z,1942,2019-01-18T00:00:00.000Z,205,42282,398,5,5,7,1942,0,0,0,C,0,3A99,FIGUEROA ST,MLK KING JR BL,150,N,N,A,-,N,,0,0,,,0,,,,Y,4,0,1,2,A,-,3,22350,,F,C,C,A,A,H,-,C,D,0,,,,,Y,,A,1,0,0,1,0,0,0,0,0,0,- ,- ,0,0,300,1,LOS ANGELES,LOS ANGELES,CA,-118.282758,34.01153564,"FIGUEROA ST & MARTIN LUTHER KING JR BLVD, LOS ANGELES, CA",FIGUEROA ST,MARTIN LUTHER KING JR BLVD,148988,
-118.3090721,34.05082321,35737,8806847,2019,2019-02-28T00:00:00.000Z,1942,2019-01-26T00:00:00.000Z,135,36537,2063,6,5,7,1942,0,0,0,,0,20A33,WESTERN AV,11TH ST,0,,Y,A,-,N,,0,0,,,0,,,,Y,3,0,1,2,A,-,4,21703,,N,C,C,A,A,H,-,C,A,0,,,,,Y,,A,1,0,1,0,0,0,0,0,0,0,- ,- ,0,0,300,1,LOS ANGELES,LOS ANGELES,CA,-118.3090721,34.05082321,"WESTERN AVE & 11TH ST, LOS ANGELES, CA",WESTERN AVE,11TH ST,138584,
-118.5424922,34.24274445,35738,8806930,2019,2019-03-05T00:00:00.000Z,1942,2019-01-08T00:00:00.000Z,115,40857,1767,2,5,7,1942,0,0,0,Q,0,17A35,PLUMMER ST,GEYSER AV,0,,-,A,-,N,,0,0,,,0,,,,N,0,0,0,3,A,-,6,21750,,M,B,E,A,A,H,-,C,D,0,,,,,Y,,-,99,0,0,0,0,0,0,0,0,0,- ,- ,0,0,300,1,LOS ANGELES,LOS ANGELES,CA,-118.5424922,34.24274445,"PLUMMER ST & GEYSER AVE, LOS ANGELES, CA",PLUMMER ST,GEYSER AVE,129716,
-118.2979606,34.0651207,35740,8810617,2019,2019-03-13T00:00:00.000Z,1942,2019-01-17T00:00:00.000Z,230,42834,2027,4,5,7,1942,0,0,0,,0,20A45,S ALEXANDRIA AV,5TH AV,100,S,N,C,-,N,,0,0,,,0,,,,N,0,0,0,2,A,-,4,21703,,M,C,C,A,B,H,-,C,D,0,,,,,Y,,A,1,0,0,0,0,0,0,0,0,0,- ,- ,0,0,300,1,LOS ANGELES,LOS ANGELES,CA,-118.2979606,34.0651207,"ALEXANDRIA AVE & 5TH ST, LOS ANGELES, CA",ALEXANDRIA AVE,5TH ST,111234,
-118.3133873,34.08351135,35741,8810752,2019,2019-03-13T00:00:00.000Z,1942,2019-01-20T00:00:00.000Z,30,42315,2002,7,5,7,1942,0,0,0,,0,0L7,MELROSE AV,WILTON PL,50,E,N,A,-,N,,0,0,,,0,,,,N,0,0,0,2,A,-,5,21460,A,M,B,C,A,A,H,-,C,D,0,,,,,Y,,-,99,0,0,0,0,0,0,0,0,0,- ,- ,0,0,300,1,LOS ANGELES,LOS ANGELES,CA,-118.3133873,34.08351135,"MELROSE AVE & WILTON PL, LOS ANGELES, CA",MELROSE AVE,WILTON PL,104130,
-118.5063822,34.07858658,35742,8816723,2019,2019-03-08T00:00:00.000Z,1942,2019-01-19T00:00:00.000Z,110,39081,803,6,5,7,1942,0,0,0,H,0,8A13,WESTRIDGE RD,BAYLISS RD,0,,Y,A,-,N,,0,0,,,0,,,,N,0,0,0,1,A,-,3,22350,,N,E,I,A,A,H,-,C,A,0,,,,,Y,,A,1,0,0,0,0,0,0,0,0,0,- ,- ,0,0,300,1,LOS ANGELES,LOS ANGELES,CA,-118.5063822,34.07858658,"WESTRIDGE RD & BAYLISS RD, LOS ANGELES, CA",WESTRIDGE RD,BAYLISS RD,116025,
-118.3260588,34.09075546,35743,8819399,2019,2019-03-07T00:00:00.000Z,1942,2019-01-18T00:00:00.000Z,30,33757,656,5,5,7,1942,0,0,0,F,0,6A77,SANTA MONICA BL,VINE ST,180,E,N,B,-,N,,0,0,,,0,,,,Y,0,0,0,3,A,-,1,23152,A,M,B,E,A,A,H,-,C,D,0,,,,,Y,Y,A,1,0,0,0,0,0,0,0,0,0,- ,- ,0,0,300,1,LOS ANGELES,LOS ANGELES,CA,-118.3260588,34.09075546,"SANTA MONICA BLVD & VINE ST, LOS ANGELES, CA",SANTA MONICA BLVD,VINE ST,146256,
-118.3962339,33.93239212,35744,8819615,2019,2019-05-07T00:00:00.000Z,1942,2019-01-14T00:00:00.000Z,215,41210,1494,1,5,7,1942,0,0,0,N,0,14T47,SEPULVEDA BL,IMPERIAL HWY,500,N,N,A,-,Y,LA,7,1,-,-,26.09,H,-,S,N,0,0,0,2,A,-,7,21658,A,N,B,C,A,A,H,-,C,D,0,,,,,Y,,-,- ,0,0,0,0,0,0,0,0,0,- ,- ,0,0,300,1,LOS ANGELES,LOS ANGELES,CA,-118.3962339,33.93239212,"SEPULVEDA BLVD & IMPERIAL HWY, LOS ANGELES, CA",SEPULVEDA BLVD,IMPERIAL HWY,102048,
-118.2703222,34.06666565,35745,8821496,2019,2019-05-06T00:00:00.000Z,1942,2019-01-31T00:00:00.000Z,30,42743,236,4,5,7,1942,0,0,0,,0,2A47W3,S ALVARADO ST,BEVERLY BL,0,,N,A,-,N,,0,0,,,0,,,,Y,4,0,1,2,A,-,5,21650,,F,A,D,A,A,H,-,C,D,0,,,,,Y,,-,- ,0,0,1,0,0,0,0,0,0,- ,- ,0,0,300,1,LOS ANGELES,LOS ANGELES,CA,-118.2703222,34.06666565,"ALVARADO ST & BEVERLY BLVD, LOS ANGELES, CA",ALVARADO ST,BEVERLY BLVD,104085,
-118.3091621,34.08030319,35746,8843590,2019,2019-05-09T00:00:00.000Z,1942,2019-01-07T00:00:00.000Z,120,43260,2004,1,5,7,1942,0,0,0,,0,20A25,WESTERN AV,MAPLEWOOD AV,0,,Y,C,-,N,,0,0,,,0,,,,N,4,0,1,2,A,-,5,21651,,F,D,C,A,B,H,-,C,B,0,,,,,Y,,A,1,0,0,1,0,0,0,0,0,0,- ,- ,0,0,300,1,LOS ANGELES,LOS ANGELES,CA,-118.3091621,34.08030319,"WESTERN AVE & MAPLEWOOD AVE, LOS ANGELES, CA",WESTERN AVE,MAPLEWOOD AVE,105995,
-118.4487022,34.15091324,35747,8855458,2019,2019-05-10T00:00:00.000Z,1942,2019-01-26T00:00:00.000Z,150,42092,984,6,5,7,1942,0,0,0,I,0,9A63,VAN NUYS BL,VENTURA BL,0,,Y,A,-,N,,0,0,,,0,,,,Y,0,0,0,2,A,-,1,23152,A,N,A,C,A,A,H,-,C,A,0,,,,,Y,Y,A,1,0,0,0,0,0,0,0,0,0,- ,- ,0,0,300,1,LOS ANGELES,LOS ANGELES,CA,-118.4487021,34.15091324,"VAN NUYS BLVD & VENTURA BLVD, LOS ANGELES, CA",VAN NUYS BLVD,VENTURA BLVD,143339,
-118.4132321,33.99143601,35748,8855518,2019,2019-05-10T00:00:00.000Z,1942,2019-01-15T00:00:00.000Z,110,42212,1496,2,5,7,1942,0,0,0,N,0,14A67,INGLEWOOD BL,ALLIN ST,0,,Y,B,-,N,,0,0,,,0,,,,Y,0,0,0,2,A,-,8,22107,,M,B,E,A,B,H,-,C,-,0,,,,,Y,,-,99,0,0,0,0,0,0,0,0,0,- ,- ,0,0,300,1,LOS ANGELES,LOS ANGELES,CA,-118.4132321,33.991436,"INGLEWOOD BLVD & ALLIN ST, LOS ANGELES, CA",INGLEWOOD BLVD,ALLIN ST,117706,
-118.3090422,34.04356384,35749,8776557,2019,2019-02-02T00:00:00.000Z,1942,2019-01-03T00:00:00.000Z,400,43472,2083,4,5,7,1942,0,0,0,,0,20A33,VENICE BL,WESTERN AV,0,,Y,A,-,N,,0,0,,,0,,,,N,2,0,1,2,A,-,10,21950,A,F,G,B,B,A,H,-,C,A,0,Y,,,,Y,,-,99,1,0,0,0,1,0,0,0,0,- ,- ,0,0,600,1,LOS ANGELES,LOS ANGELES,CA,-118.3090422,34.04356384,"VENICE BLVD & WESTERN AVE, LOS ANGELES, CA",VENICE BLVD,WESTERN AVE,134899,
-118.2784208,33.94639969,35750,8779118,2019,2019-02-13T00:00:00.000Z,1942,2019-01-08T00:00:00.000Z,300,39745,1822,2,5,7,1942,0,0,0,R,0,18A17,S BROADWAY,99TH ST,20,S,N,A,-,N,,0,0,,,0,,,,N,0,0,0,3,A,-,8,22107,,M,C,C,A,A,H,-,C,D,0,,,,,Y,,D,22,0,0,0,0,0,0,0,0,0,- ,- ,0,0,600,1,LOS ANGELES,LOS ANGELES,CA,-118.2784208,33.94639969,"BROADWAY & 99TH ST, LOS ANGELES, CA",BROADWAY,99TH ST,126791,
-118.3279721,33.97733307,35751,8784511,2019,2019-02-15T00:00:00.000Z,1942,2019-01-05T00:00:00.000Z,300,37799,1251,6,5,7,1942,0,0,0,L,0,12A51,10TH AV,68TH ST,0,,Y,A,-,N,,0,0,,,0,,,,N,0,0,0,2,A,-,3,22350,,M,B,E,A,A,H,-,D,D,0,,,,,Y,,-,- ,0,0,0,0,0,0,0,0,0,- ,- ,0,0,600,1,LOS ANGELES,LOS ANGELES,CA,-118.3279721,33.97733307,"10TH AVE & 68TH ST, LOS ANGELES, CA",10TH AVE,68TH ST,120617,
-118.3211133,34.05805588,35752,8784608,2019,2019-02-19T00:00:00.000Z,1942,2019-01-28T00:00:00.000Z,444,43183,749,1,5,7,1942,0,0,0,G,0,7A53,CRENSHAW BL,8TH ST,417,S,N,A,-,N,,0,0,,,0,,,,N,0,0,0,3,A,-,3,22350,,N,C,E,A,A,H,-,C,A,0,,,,,Y,,A,1,0,0,0,0,0,0,0,0,0,- ,- ,0,0,600,1,LOS ANGELES,LOS ANGELES,CA,-118.3211133,34.05805588,"CRENSHAW BLVD & 8TH ST, LOS ANGELES, CA",CRENSHAW BLVD,8TH ST,128025,
-118.2371022,34.0580864,35753,8786766,2019,2019-02-11T00:00:00.000Z,1942,2019-01-01T00:00:00.000Z,330,42397,129,2,5,7,1942,0,0,0,L,0,1Z45,N ALAMEDA ST,E CAESAR E CHAVEZ AV,0,,Y,B,-,N,,0,0,,,0,,,,Y,4,0,2,2,A,-,12,21453,,N,D,C,A,A,H,-,C,A,0,,,,,Y,Y,A,1,0,0,2,0,0,0,0,0,0,- ,- ,0,0,600,1,LOS ANGELES,LOS ANGELES,CA,-118.2371022,34.0580864,"ALAMEDA ST & CESAR E CHAVEZ AVE, LOS ANGELES, CA",ALAMEDA ST,CESAR E CHAVEZ AVE,142232,
-118.4464022,34.16992569,35754,8786797,2019,2019-02-12T00:00:00.000Z,1942,2019-01-23T00:00:00.000Z,440,41397,943,3,5,7,1942,0,0,0,I,0,9X31,SYLMAR AV,ALBERS ST,30,N,N,A,-,N,,0,0,,,0,,,,Y,0,0,0,2,A,-,1,23152,A,M,B,E,A,A,H,-,C,D,0,,,,,Y,Y,A,7,0,0,0,0,0,0,0,0,0,- ,- ,0,0,600,1,LOS ANGELES,LOS ANGELES,CA,-118.4464022,34.16992569,"SYLMAR AVE & ALBERS ST, LOS ANGELES, CA",SYLMAR AVE,ALBERS ST,104824,
-118.2117521,34.07369614,35755,8791456,2019,2019-02-08T00:00:00.000Z,1942,2019-01-21T00:00:00.000Z,430,34257,424,1,5,7,1942,0,0,0,D,0,4A9,BROADWAY,GRIFFIN AV,0,,Y,A,-,N,,0,0,,,0,,,,N,0,0,0,2,A,-,4,21703,,M,C,C,A,A,H,-,C,A,0,,,,,Y,,-,99,0,0,0,0,0,0,0,0,0,- ,- ,0,0,600,1,LOS ANGELES,LOS ANGELES,CA,-118.2117521,34.07369614,"N BROADWAY & GRIFFIN AVE, LOS ANGELES, CA",N BROADWAY,GRIFFIN AVE,149892,
-118.2860685,33.99145126,35756,8791488,2019,2019-02-08T00:00:00.000Z,1942,2019-01-12T00:00:00.000Z,340,42231,1218,6,5,7,1942,0,0,0,L,0,12A15,W 56TH ST,HOOVER ST,320,E,N,C,-,N,,0,0,,,0,,,,N,0,0,0,2,A,-,3,22350,,M,B,E,A,B,H,-,C,D,0,,,,,Y,,-,99,0,0,0,0,0,0,0,0,0,- ,- ,0,0,600,1,LOS ANGELES,LOS ANGELES,CA,-118.2860685,33.99145126,"56TH ST & HOOVER ST, LOS ANGELES, CA",56TH ST,HOOVER ST,106647,
-118.5131522,34.2719307,35757,8793462,2019,2019-02-26T00:00:00.000Z,1942,2019-01-27T00:00:00.000Z,300,43194,1735,7,5,7,1942,0,0,0,Q,0,17A67,ANDASOL AV,SAN FERNANDO MISSION BL,60,S,N,A,-,N,,0,0,,,0,,,,N,0,0,0,2,A,-,8,22107,,M,C,E,A,A,H,-,C,D,0,,,,,Y,,-,99,0,0,0,0,0,0,0,0,0,- ,- ,0,0,600,1,LOS ANGELES,LOS ANGELES,CA,-118.5131522,34.27193069,"ANDASOL AVE & SAN FERNANDO MISSION BLVD, LOS ANGELES, CA",ANDASOL AVE,SAN FERNANDO MISSION BLVD,109087,
-118.2695321,33.94649506,35758,8793866,2019,2019-02-27T00:00:00.000Z,1942,2019-01-05T00:00:00.000Z,310,43010,1823,6,5,7,1942,0,0,0,R,0,18A17,E 99TH ST,SAN PEDRO ST,0,,Y,A,-,N,,0,0,,,0,,,,Y,0,0,0,3,A,-,3,22350,,M,A,E,A,A,H,-,C,D,0,,,,,Y,,-,99,0,0,0,0,0,0,0,0,0,- ,- ,0,0,600,1,LOS ANGELES,LOS ANGELES,CA,-118.2695321,33.94649506,"99TH ST & SAN PEDRO ST, LOS ANGELES, CA",99TH ST,SAN PEDRO ST,117176,
-118.2564909,33.95662308,35759,8793874,2019,2019-02-27T00:00:00.000Z,1942,2019-01-06T00:00:00.000Z,350,41027,1804,7,5,7,1942,0,0,0,R,0,18A3,CENTRAL AV,88TH PL,40,N,N,C,-,N,,0,0,,,0,,,,Y,0,0,0,2,A,-,3,22350,,M,C,E,A,B,H,-,C,A,0,,,,,Y,,A,1,0,0,0,0,0,0,0,0,0,- ,- ,0,0,600,1,LOS ANGELES,LOS ANGELES,CA,-118.2564909,33.95662308,"CENTRAL AVE & 88TH PL, LOS ANGELES, CA",CENTRAL AVE,88TH PL,117155,
-118.2992721,33.85422516,35760,8793892,2019,2019-03-04T00:00:00.000Z,1942,2019-01-04T00:00:00.000Z,550,41203,504,5,5,7,1942,0,0,0,E,0,5A11,NORMANDIE,KNOX,0,,Y,A,-,N,,0,0,,,0,,,,N,4,0,1,2,A,-,12,21453,A,N,D,C,A,A,H,-,C,A,0,,,,,Y,,-,- ,0,0,1,0,0,0,0,0,0,- ,- ,0,0,600,1,LOS ANGELES,LOS ANGELES,CA,-118.2992721,33.85422516,"NORMANDIE AVE & KNOX ST, LOS ANGELES, CA",NORMANDIE AVE,KNOX ST,112743,