X,Y,OBJECTID,case_id,accident_year,proc_date,juris,collision_date,collision_time,officer_id,reporting_district,day_of_week,chp_shift,population,cnty_city_loc,special_cond,beat_type,chp_beat_type,city_division_lapd,chp_beat_class,beat_number,primary_rd,secondary_rd,distance,direction,intersection,weather_1,weather_2,state_hwy_ind,caltrans_county,caltrans_district,state_route,route_suffix,postmile_prefix,postmile,location_type,ramp_intersection,side_of_hwy,tow_away,collision_severity,number_killed,number_injured,party_count,primary_coll_factor,pcf_code_of_viol,pcf_viol_category,pcf_violation,pcf_viol_subsection,hit_and_run,type_of_collision,mviw,ped_action,road_surface,road_cond_1,road_cond_2,lighting,control_device,chp_road_type,pedestrian_accident,bicycle_accident,motorcycle_accident,truck_accident,not_private_property,alcohol_involved,stwd_vehtype_at_fault,chp_vehtype_at_fault,count_severe_inj,count_visible_inj,count_complaint_pain,count_ped_killed,count_ped_injured,count_bicyclist_killed,count_bicyclist_injured,count_mc_killed,count_mc_injured,primary_ramp,secondary_ramp,latitude,longitude,timecat,month_,city,county,state,point_x,point_y,match_addr,m_primaryrd,m_secondrd,int_id,Flag
-118.3089518,34.00097656,35761,8794323,2019,2019-04-16T00:00:00.000Z,1942,2019-01-26T00:00:00.000Z,420,39073,1203,6,5,7,1942,0,0,0,L,0,12A69,WESTERN,47TH ST,10,S,N,A,-,N,,0,0,,,0,,,,Y,0,0,0,2,A,-,3,22350,,N,C,E,A,A,H,-,C,D,0,,,,,Y,,-,99,0,0,0,0,0,0,0,0,0,- ,- ,0,0,600,1,LOS ANGELES,LOS ANGELES,CA,-118.3089518,34.00097656,"WESTERN AVE & 47TH ST, LOS ANGELES, CA",WESTERN AVE,47TH ST,110299,
-118.3617012,34.22504044,35762,8795444,2019,2019-02-13T00:00:00.000Z,1942,2019-01-18T00:00:00.000Z,545,38049,1676,5,5,7,1942,0,0,0,P,0,16A77,NETTLETON ST,GLENOAKS BL,50,E,N,A,-,N,,0,0,,,0,,,,Y,0,0,0,2,A,-,3,22350,,M,A,E,A,A,H,-,C,D,0,,,,,Y,,-,99,0,0,0,0,0,0,0,0,0,- ,- ,0,0,600,1,LOS ANGELES,LOS ANGELES,CA,-118.3617012,34.22504044,"NETTLETON ST & GLENOAKS BLVD, LOS ANGELES, CA",NETTLETON ST,GLENOAKS BLVD,143276,
-118.2810149,33.79047012,35764,8803564,2019,2019-02-27T00:00:00.000Z,1942,2019-01-03T00:00:00.000Z,500,39292,515,4,5,7,1942,0,0,0,E,0,5A11,PACIFIC COAST HWY,E FIGUEROA ST,30,E,N,A,-,N,,0,0,,,0,,,,N,0,0,0,2,A,-,3,22350,,M,C,C,A,A,H,-,C,B,0,,,,,Y,,-,99,0,0,0,0,0,0,0,0,0,- ,- ,0,0,600,1,LOS ANGELES,LOS ANGELES,CA,-118.2810149,33.79047012,"PACIFIC COAST HWY & FIGUEROA ST, LOS ANGELES, CA",PACIFIC COAST HWY,FIGUEROA ST,141885,
-118.246282,33.93785095,35765,8803584,2019,2019-02-27T00:00:00.000Z,1942,2019-01-12T00:00:00.000Z,340,41068,1837,6,5,7,1942,0,0,0,R,0,18X95,COMPTON AV,108TH ST,6,N,N,C,-,N,,0,0,,,0,,,,N,0,0,0,2,A,-,3,22350,,M,C,C,A,B,H,-,C,-,0,,,,,Y,,-,99,0,0,0,0,0,0,0,0,0,- ,- ,0,0,600,1,LOS ANGELES,LOS ANGELES,CA,-118.246282,33.93785095,"COMPTON AVE & 108TH ST, LOS ANGELES, CA",COMPTON AVE,108TH ST,110153,
-118.2748805,33.77054215,35767,8809692,2019,2019-03-07T00:00:00.000Z,1942,2019-01-27T00:00:00.000Z,400,43223,524,7,5,7,1942,0,0,0,E,0,5A25,HARRY BRIDGES BL,KING AV,30,W,N,A,-,N,,0,0,,,0,,,,Y,0,0,0,1,A,-,3,22350,,M,E,I,A,A,H,-,C,A,0,,,,,Y,,A,1,0,0,0,0,0,0,0,0,0,- ,- ,0,0,600,1,LOS ANGELES,LOS ANGELES,CA,-118.2748805,33.77054214,"HARRY BRIDGES BLVD & KING AVE, LOS ANGELES, CA",HARRY BRIDGES BLVD,KING AVE,138241,
-118.2902776,33.9579277,35768,8809727,2019,2019-03-08T00:00:00.000Z,1942,2019-01-13T00:00:00.000Z,440,42188,1822,7,5,7,1942,0,0,0,R,0,1,88TH ST,MENLO,50,E,N,A,-,N,,0,0,,,0,,,,Y,0,0,0,3,A,-,3,22350,,M,A,E,A,A,H,-,C,D,0,,,,,Y,,-,99,0,0,0,0,0,0,0,0,0,- ,- ,0,0,600,1,LOS ANGELES,LOS ANGELES,CA,-118.2902776,33.9579277,"88TH ST & MENLO AVE, LOS ANGELES, CA",88TH ST,MENLO AVE,145283,
-118.4675028,34.03842926,35769,8816690,2019,2019-03-14T00:00:00.000Z,1942,2019-01-19T00:00:00.000Z,335,42911,851,6,5,7,1942,0,0,0,H,0,8A59,CENTINELA AV,SANTA MONICA BL,100,S,N,A,-,N,,0,0,,,0,,,,Y,4,0,1,2,A,-,8,22107,,N,C,E,A,A,H,-,C,D,0,,,,,Y,,A,1,0,0,1,0,0,0,0,0,0,- ,- ,0,0,600,1,LOS ANGELES,LOS ANGELES,CA,-118.4675028,34.03842926,"CENTINELA AVE & SANTA MONICA BLVD, LOS ANGELES, CA",CENTINELA AVE,SANTA MONICA BLVD,138918,
-118.4424244,34.05910873,35770,8816716,2019,2019-03-12T00:00:00.000Z,1942,2019-01-05T00:00:00.000Z,405,42971,833,6,5,7,1942,0,0,0,H,0,8A95,WILSHIRE BL,GLENDON AV,40,E,N,A,-,N,,0,0,,,0,,,,Y,4,0,3,2,A,-,3,22350,,N,C,C,A,A,H,-,C,D,0,,,,,Y,,A,1,0,0,3,0,0,0,0,0,0,- ,- ,0,0,600,1,LOS ANGELES,LOS ANGELES,CA,-118.4424244,34.05910873,"WILSHIRE BLVD & GLENDON AVE, LOS ANGELES, CA",WILSHIRE BLVD,GLENDON AVE,149805,
-118.2907122,34.04725647,35772,8769355,2019,2019-02-01T00:00:00.000Z,1942,2019-01-01T00:00:00.000Z,820,42910,2088,2,5,7,1942,0,0,0,,0,20A71,MENLO AV,PICO BL,0,,Y,A,-,N,,0,0,,,0,,,,N,0,0,0,2,A,-,4,21703,,M,C,C,A,A,-,-,A,A,0,,,,,Y,,-,,0,0,0,0,0,0,0,0,0,- ,- ,0,0,900,1,LOS ANGELES,LOS ANGELES,CA,-118.2907122,34.04725647,"MENLO AVE & PICO BLVD, LOS ANGELES, CA",MENLO AVE,PICO BLVD,121035,
-118.3508722,34.20671463,35774,8778115,2019,2019-02-02T00:00:00.000Z,1942,2019-01-04T00:00:00.000Z,630,40937,1698,5,5,7,1942,0,0,0,P,0,16A81,SAN FERNANDO RD,COHASSET ST,0,,Y,A,-,N,,0,0,,,0,,,,N,0,0,0,2,A,-,8,22107,,M,B,C,A,A,H,-,A,D,0,,,,,Y,,-,99,0,0,0,0,0,0,0,0,0,- ,- ,0,0,900,1,LOS ANGELES,LOS ANGELES,CA,-118.3508722,34.20671463,"SAN FERNANDO RD & COHASSET ST, LOS ANGELES, CA",SAN FERNANDO RD,COHASSET ST,129268,
-118.3752221,34.05314636,35775,8779348,2019,2019-02-05T00:00:00.000Z,1942,2019-01-10T00:00:00.000Z,825,39127,762,4,5,7,1942,0,0,0,G,0,7A53,W PICO BL,S ALFRED ST,0,,Y,A,-,N,,0,0,,,0,,,,Y,4,0,1,2,A,-,9,21801,B,N,D,C,A,A,H,-,A,D,0,,,Y,,Y,,A,1,0,0,1,0,0,0,0,0,1,- ,- ,0,0,900,1,LOS ANGELES,LOS ANGELES,CA,-118.3752221,34.05314636,"PICO BLVD & ALFRED ST, LOS ANGELES, CA",PICO BLVD,ALFRED ST,138490,
-118.2700922,34.06989288,35776,8779404,2019,2019-03-07T00:00:00.000Z,1942,2019-01-03T00:00:00.000Z,735,34344,235,4,5,7,1942,0,0,0,B,0,2A47,COURT ST,ROSELAKE AV,165,E,N,A,-,N,,0,0,,,0,,,,N,3,0,1,2,A,-,- ,0,,N,A,C,A,A,H,-,A,D,0,,,,,Y,,A,1,0,1,0,0,0,0,0,0,0,- ,- ,0,0,900,1,LOS ANGELES,LOS ANGELES,CA,-118.2700922,34.06989288,"COURT ST & ROSELAKE AVE, LOS ANGELES, CA",COURT ST,ROSELAKE AVE,97332,
-118.491126,34.07282257,35777,8779414,2019,2019-03-07T00:00:00.000Z,1942,2019-01-12T00:00:00.000Z,840,34959,804,6,5,7,1942,0,0,0,H,0,8A13,TEAKWOOD RD,CLAYMONT DR,283,N,N,C,-,N,,0,0,,,0,,,,Y,4,0,1,2,C,-,18,0,,N,G,B,E,B,H,-,A,D,0,Y,,,,Y,,-,- ,0,0,1,0,1,0,0,0,0,- ,- ,0,0,900,1,LOS ANGELES,LOS ANGELES,CA,-118.491126,34.07282257,"TEAKWOOD RD & CLAYMONT DR, LOS ANGELES, CA",TEAKWOOD RD,CLAYMONT DR,121405,
-118.2126359,34.05395508,35778,8784272,2019,2019-02-14T00:00:00.000Z,1942,2019-01-19T00:00:00.000Z,735,40008,453,6,5,7,1942,0,0,0,D,0,4A53,N STATE ST,CITY VIEW,50,S,N,A,-,N,,0,0,,,0,,,,N,4,0,1,2,A,-,7,21658,A,N,B,C,A,A,H,-,A,D,0,,,,,Y,,A,7,0,0,1,0,0,0,0,0,0,- ,- ,0,0,900,1,LOS ANGELES,LOS ANGELES,CA,-118.2126359,34.05395508,"STATE ST & CITY VIEW AVE, LOS ANGELES, CA",STATE ST,CITY VIEW AVE,142214,
-118.3361521,34.10155487,35779,8784586,2019,2019-02-14T00:00:00.000Z,1942,2019-01-25T00:00:00.000Z,645,39127,646,5,5,7,1942,0,0,0,F,0,6A63,HOLLYWOOD BL,N LAS PALMAS AV,0,,Y,A,-,N,,0,0,,,0,,,,Y,4,0,1,2,A,-,12,21453,A,N,D,C,A,A,H,-,B,A,0,,,,,Y,,A,1,0,0,1,0,0,0,0,0,0,- ,- ,0,0,900,1,LOS ANGELES,LOS ANGELES,CA,-118.3361521,34.10155487,"HOLLYWOOD BLVD & LAS PALMAS AVE, LOS ANGELES, CA",HOLLYWOOD BLVD,LAS PALMAS AVE,139456,
-118.3500621,33.98887634,35780,8784597,2019,2019-02-13T00:00:00.000Z,1942,2019-01-08T00:00:00.000Z,715,37799,1231,2,5,7,1942,0,0,0,L,0,12A51,SLAUSON AV,EDGEMAR AV,0,,Y,A,-,N,,0,0,,,0,,,,N,3,0,2,2,A,-,9,21802,A,N,D,C,A,A,H,-,A,D,0,,,,,Y,,A,7,0,1,1,0,0,0,0,0,0,- ,- ,0,0,900,1,LOS ANGELES,LOS ANGELES,CA,-118.3500621,33.98887634,"SLAUSON AVE & EDGEMAR AVE, LOS ANGELES, CA",SLAUSON AVE,EDGEMAR AVE,99527,
-118.2676754,34.03637314,35781,8786754,2019,2019-02-11T00:00:00.000Z,1942,2019-01-18T00:00:00.000Z,605,43124,192,5,5,7,1942,0,0,0,A,0,1A61,HOPE ST,VENICE,0,,Y,A,-,N,,0,0,,,0,,,,N,3,0,1,2,A,-,10,21950,A,N,G,B,B,A,H,-,A,D,0,Y,,,,Y,,A,1,0,1,0,0,1,0,0,0,0,- ,- ,0,0,900,1,LOS ANGELES,LOS ANGELES,CA,-118.2676754,34.03637314,"HOPE ST & VENICE BLVD, LOS ANGELES, CA",HOPE ST,VENICE BLVD,128100,
-118.3171554,33.9932251,35782,8791655,2019,2019-03-07T00:00:00.000Z,1942,2019-01-03T00:00:00.000Z,830,37546,1213,4,5,7,1942,0,0,0,L,0,12A,54TH ST,VAN NESS AV,1,W,N,A,-,N,,0,0,,,0,,,,Y,0,0,0,1,C,-,18,0,,N,E,I,A,A,H,-,A,D,0,,,,,Y,,-,- ,0,0,0,0,0,0,0,0,0,- ,- ,0,0,900,1,LOS ANGELES,LOS ANGELES,CA,-118.3171554,33.9932251,"54TH ST & VAN NESS AVE, LOS ANGELES, CA",54TH ST,VAN NESS AVE,102361,
-118.326516,33.97903061,35783,8791714,2019,2019-02-19T00:00:00.000Z,1942,2019-01-31T00:00:00.000Z,850,38365,1242,4,5,7,1942,0,0,0,L,0,25TL23,8TH AV,SOUTHWEST DR,75,S,N,B,-,N,,0,0,,,0,,,,N,0,0,0,2,A,-,6,21751,,M,B,C,A,A,H,-,A,D,0,,,,Y,Y,,-,99,0,0,0,0,0,0,0,0,0,- ,- ,0,0,900,1,LOS ANGELES,LOS ANGELES,CA,-118.326516,33.97903061,"8TH AVE & SOUTHWEST DR, LOS ANGELES, CA",8TH AVE,SOUTHWEST DR,148689,
-118.3910722,34.18667603,35784,8793374,2019,2019-02-25T00:00:00.000Z,1942,2019-01-10T00:00:00.000Z,740,42051,1525,4,5,7,1942,0,0,0,O,0,15A33,VICTORY BL,CARPENTER AV,0,,Y,A,-,N,,0,0,,,0,,,,Y,4,0,2,3,A,-,9,21801,A,N,D,C,A,A,H,-,A,D,0,,,,,Y,,A,1,0,0,2,0,0,0,0,0,0,- ,- ,0,0,900,1,LOS ANGELES,LOS ANGELES,CA,-118.3910722,34.18667603,"VICTORY BLVD & CARPENTER AVE, LOS ANGELES, CA",VICTORY BLVD,CARPENTER AVE,122259,
-118.4020021,34.17207336,35785,8793382,2019,2019-02-25T00:00:00.000Z,1942,2019-01-10T00:00:00.000Z,745,33700,1532,4,5,7,1942,0,0,0,O,0,15A33,CORTEEN PL,BURBANK BL,4,S,N,A,-,N,,0,0,,,0,,,,N,4,0,3,2,A,-,21,22106,,N,C,C,A,A,H,-,A,A,0,,,,,Y,,A,1,0,0,3,0,0,0,0,0,0,- ,- ,0,0,900,1,LOS ANGELES,LOS ANGELES,CA,-118.4020021,34.17207336,"CORTEEN PL & BURBANK BLVD, LOS ANGELES, CA",CORTEEN PL,BURBANK BLVD,122135,
-118.3157522,34.26333618,35786,8793405,2019,2019-02-26T00:00:00.000Z,1942,2019-01-09T00:00:00.000Z,820,41497,1617,3,5,7,1942,0,0,0,P,0,16A35,ORO VISTA AV,HILLROSE ST,0,,Y,A,-,N,,0,0,,,0,,,,N,4,0,2,2,A,-,9,21800,C,N,D,C,A,A,H,-,A,A,0,,,,,Y,,A,7,0,0,2,0,0,0,0,0,0,- ,- ,0,0,900,1,LOS ANGELES,LOS ANGELES,CA,-118.3157522,34.26333618,"ORO VISTA AVE & HILLROSE ST, LOS ANGELES, CA",ORO VISTA AVE,HILLROSE ST,133290,
-118.2608021,33.955616,35788,8793858,2019,2019-02-28T00:00:00.000Z,1942,2019-01-09T00:00:00.000Z,800,43529,1806,3,5,7,1942,0,0,0,R,0,18A1,89TH,MCKINLEY AV,0,,Y,A,-,N,,0,0,,,0,,,,Y,4,0,1,2,A,-,9,21802,A,N,D,C,A,A,-,-,A,D,0,,,,,Y,,A,7,0,0,1,0,0,0,0,0,0,- ,- ,0,0,900,1,LOS ANGELES,LOS ANGELES,CA,-118.2608021,33.955616,"89TH ST & MCKINLEY AVE, LOS ANGELES, CA",89TH ST,MCKINLEY AVE,117156,
-118.6059522,34.19831085,35789,8794567,2019,2019-02-21T00:00:00.000Z,1942,2019-01-15T00:00:00.000Z,850,42051,2134,2,5,7,1942,0,0,0,,0,21A1,TOPANGA CANYON BL,GAULT ST,326,S,N,B,-,Y,,0,0,,,0,,,,Y,4,0,1,2,A,-,7,21658,A,N,B,C,A,A,H,-,A,A,0,,,,,Y,,A,1,0,0,1,0,0,0,0,0,0,- ,- ,0,0,900,1,LOS ANGELES,LOS ANGELES,CA,-118.6059522,34.19831085,"TOPANGA CANYON BLVD & GAULT ST, LOS ANGELES, CA",TOPANGA CANYON BLVD,GAULT ST,109527,
-118.4361162,34.25587082,35790,8795424,2019,2019-02-11T00:00:00.000Z,1942,2019-01-04T00:00:00.000Z,800,34252,1959,5,5,7,1942,0,0,0,,0,,VAN NUYS BL,VENA ST,52,E,N,A,-,N,,0,0,,,0,,,,N,0,0,0,2,A,-,0,20015,,M,-,C,A,A,H,-,A,A,0,,,,,Y,,-,- ,0,0,0,0,0,0,0,0,0,- ,- ,0,0,900,1,LOS ANGELES,LOS ANGELES,CA,-118.4361162,34.25587082,"VAN NUYS BLVD & VENA AVE, LOS ANGELES, CA",VAN NUYS BLVD,VENA AVE,112517,
-118.3586852,34.04385376,35791,8796051,2019,2019-02-21T00:00:00.000Z,1942,2019-01-12T00:00:00.000Z,855,41856,773,6,5,7,1942,0,0,0,G,0,7A73,HAUSER AV,VENICE BL,35,S,N,C,-,N,,0,0,,,0,,,,N,0,0,0,2,A,-,3,22350,,N,C,C,A,B,H,-,A,D,0,,,,,Y,,J,48,0,0,0,0,0,0,0,0,0,- ,- ,0,0,900,1,LOS ANGELES,LOS ANGELES,CA,-118.3586852,34.04385376,"HAUSER BLVD & VENICE BLVD, LOS ANGELES, CA",HAUSER BLVD,VENICE BLVD,142047,
-118.3035522,34.10538483,35792,8798112,2019,2019-02-08T00:00:00.000Z,1942,2019-01-24T00:00:00.000Z,745,38282,639,4,5,7,1942,0,0,0,F,0,6A49,FRANKLIN AV,KINGSLEY DR,0,,Y,A,-,N,,0,0,,,0,,,,N,4,0,1,2,A,-,9,21801,A,N,D,C,A,A,H,-,A,A,0,,,,,Y,,A,7,0,0,1,0,0,0,0,0,0,- ,- ,0,0,900,1,LOS ANGELES,LOS ANGELES,CA,-118.3035522,34.10538483,"FRANKLIN AVE & KINGSLEY DR, LOS ANGELES, CA",FRANKLIN AVE,KINGSLEY DR,114804,
-118.5273422,34.20119476,35793,8803146,2019,2019-03-21T00:00:00.000Z,1942,2019-01-12T00:00:00.000Z,625,30452,1015,6,5,7,1942,0,0,0,J,0,10A3,SHERMAN WY,LINDLEY AV,0,,Y,B,-,N,,0,0,,,0,,,,Y,4,0,1,2,A,-,12,21453,A,N,D,C,A,B,H,-,C,A,0,,,,,Y,,A,1,0,0,1,0,0,0,0,0,0,- ,- ,0,0,900,1,LOS ANGELES,LOS ANGELES,CA,-118.5273422,34.20119476,"SHERMAN WAY & LINDLEY AVE, LOS ANGELES, CA",SHERMAN WAY,LINDLEY AVE,112352,
-118.3021666,34.08353424,35794,8804833,2019,2019-02-15T00:00:00.000Z,1942,2019-01-19T00:00:00.000Z,705,39127,2005,6,5,7,1942,0,0,0,,0,20A13,MELROSE AV,ARDMORE AV,150,W,N,A,-,N,,0,0,,,0,,,,Y,0,0,0,2,A,-,8,22107,,M,B,E,A,A,H,-,B,D,0,,,,,Y,,A,7,0,0,0,0,0,0,0,0,0,- ,- ,0,0,900,1,LOS ANGELES,LOS ANGELES,CA,-118.3021666,34.08353424,"MELROSE AVE & ARDMORE AVE, LOS ANGELES, CA",MELROSE AVE,ARDMORE AVE,114610,
-118.2740387,34.01179123,35795,8804864,2019,2019-02-14T00:00:00.000Z,1942,2019-01-09T00:00:00.000Z,800,31152,1342,3,5,7,1942,0,0,0,M,0,13A41,MAIN ST,39TH ST,100,S,N,B,-,N,,0,0,,,0,,,,N,4,0,2,2,A,-,4,21703,,F,C,C,A,A,H,-,A,D,0,,,,,Y,,-,99,0,0,2,0,0,0,0,0,0,- ,- ,0,0,900,1,LOS ANGELES,LOS ANGELES,CA,-118.2740387,34.01179123,"MAIN ST & 39TH ST, LOS ANGELES, CA",MAIN ST,39TH ST,99803,
-118.2565172,33.95396423,35796,8805986,2019,2019-02-22T00:00:00.000Z,1942,2019-01-01T00:00:00.000Z,850,38594,1806,2,5,7,1942,0,0,0,R,0,18A49,CENTRAL AV,91ST PL,55,N,N,B,-,N,,0,0,,,0,,,,N,0,0,0,3,A,-,3,22350,,M,B,E,A,A,H,-,A,D,0,,,,,Y,,-,99,0,0,0,0,0,0,0,0,0,- ,- ,0,0,900,1,LOS ANGELES,LOS ANGELES,CA,-118.2565172,33.95396423,"CENTRAL AVE & 91ST ST, LOS ANGELES, CA",CENTRAL AVE,91ST ST,120230,
-118.4052622,34.17212677,35797,8806489,2019,2019-03-04T00:00:00.000Z,1942,2019-01-31T00:00:00.000Z,810,30452,1532,4,5,7,1942,0,0,0,O,0,15A33,BURBANK BL,WHITSETT AV,0,,Y,B,-,N,,0,0,,,0,,,,N,4,0,1,3,A,-,12,21453,A,N,D,C,A,A,H,-,A,A,0,,,,,Y,,A,1,0,0,1,0,0,0,0,0,0,- ,- ,0,0,900,1,LOS ANGELES,LOS ANGELES,CA,-118.4052622,34.17212677,"BURBANK BLVD & WHITSETT AVE, LOS ANGELES, CA",BURBANK BLVD,WHITSETT AVE,118523,
-118.3620255,34.14396668,35798,8806493,2019,2019-03-04T00:00:00.000Z,1942,2019-01-31T00:00:00.000Z,715,33700,1586,4,5,7,1942,0,0,0,O,0,15A67,LANKERSHIM BL,CHIQUITA ST,50,S,N,C,-,N,,0,0,,,0,,,,N,4,0,1,2,A,-,8,22107,,N,B,C,A,B,H,-,A,A,0,,,,,Y,,A,1,0,0,1,0,0,0,0,0,0,- ,- ,0,0,900,1,LOS ANGELES,LOS ANGELES,CA,-118.3620255,34.14396667,"LANKERSHIM BLVD & CHIQUITA ST, LOS ANGELES, CA",LANKERSHIM BLVD,CHIQUITA ST,102009,
-118.2633205,33.79088211,35799,8806877,2019,2019-03-12T00:00:00.000Z,1942,2019-01-12T00:00:00.000Z,740,36075,515,6,5,7,1942,0,0,0,E,0,5A17,AVALON BL,PACIFIC COAST HWY,100,S,N,C,-,N,,0,0,,,0,,,,N,4,0,1,2,A,-,3,22350,,N,C,C,A,B,H,-,A,D,0,,,,,Y,,A,1,0,0,1,0,0,0,0,0,0,- ,- ,0,0,900,1,LOS ANGELES,LOS ANGELES,CA,-118.2633205,33.79088211,"AVALON BLVD & PACIFIC COAST HWY, LOS ANGELES, CA",AVALON BLVD,PACIFIC COAST HWY,117210,
-118.5273622,34.25000382,35800,8806910,2019,2019-03-05T00:00:00.000Z,1942,2019-01-23T00:00:00.000Z,835,43487,1774,3,5,7,1942,0,0,0,Q,0,17A49,LASSEN ST,LINDLEY AV,0,,-,A,-,N,,0,0,,,0,,,,Y,0,0,0,2,A,-,3,22350,,M,D,C,A,A,H,-,A,A,0,,,,,Y,,-,99,0,0,0,0,0,0,0,0,0,- ,- ,0,0,900,1,LOS ANGELES,LOS ANGELES,CA,-118.5273622,34.25000381,"LASSEN ST & LINDLEY AVE, LOS ANGELES, CA",LASSEN ST,LINDLEY AVE,125937,
-118.1712455,34.07453156,35801,8810026,2019,2019-03-12T00:00:00.000Z,1942,2019-01-28T00:00:00.000Z,740,39508,438,1,5,7,1942,0,0,0,D,0,4A9,ALHAMBRA AV,ENDICOTT ST,50,W,N,A,-,N,,0,0,,,0,,,,N,4,0,1,2,A,-,4,21703,,N,C,C,A,A,H,-,A,D,0,,,,,Y,,A,1,0,0,1,0,0,0,0,0,0,- ,- ,0,0,900,1,LOS ANGELES,LOS ANGELES,CA,-118.1712455,34.07453156,"ALHAMBRA AVE & ENDICOTT ST, LOS ANGELES, CA",ALHAMBRA AVE,ENDICOTT ST,150098,
-118.4094422,34.1866951,35802,8817247,2019,2019-03-15T00:00:00.000Z,1942,2019-01-25T00:00:00.000Z,725,39217,1523,5,5,7,1942,0,0,0,O,0,15A33,VICTORY BL,BELLAIRE AV,0,,Y,A,-,N,,0,0,,,0,,,,N,4,0,1,2,A,-,5,21650,1,N,D,G,A,A,H,-,A,A,0,,Y,,,Y,,A,1,0,0,1,0,0,0,1,0,0,- ,- ,0,0,900,1,LOS ANGELES,LOS ANGELES,CA,-118.4094422,34.1866951,"VICTORY BLVD & BELLAIRE AVE, LOS ANGELES, CA",VICTORY BLVD,BELLAIRE AVE,109209,
-118.2941622,34.06735611,35803,8825675,2019,2019-03-28T00:00:00.000Z,1942,2019-01-03T00:00:00.000Z,825,32921,2026,4,5,7,1942,0,0,0,,0,20A25, E 4TH ST,S BERENDO ST,0,,Y,A,-,N,,0,0,,,0,,,,Y,4,0,1,2,A,-,12,22450,,F,D,C,A,A,H,-,A,A,0,,,,,Y,,-,99,0,0,1,0,0,0,0,0,0,- ,- ,0,0,900,1,LOS ANGELES,LOS ANGELES,CA,-118.2941622,34.06735611,"4TH ST & BERENDO ST, LOS ANGELES, CA",4TH ST,BERENDO ST,149884,
-118.3762022,34.05152512,35804,8827743,2019,2019-04-04T00:00:00.000Z,1942,2019-01-25T00:00:00.000Z,645,41139,762,5,5,7,1942,0,0,0,G,0,7A53,LA CIENEGA BL,SATURN ST,0,,Y,A,-,N,,0,0,,,0,,,,Y,3,0,1,2,A,-,9,21801,A,N,A,C,A,A,H,-,A,D,0,,,,,Y,,A,1,0,1,0,0,0,0,0,0,0,- ,- ,0,0,900,1,LOS ANGELES,LOS ANGELES,CA,-118.3762022,34.05152512,"LA CIENEGA BLVD & SATURN ST, LOS ANGELES, CA",LA CIENEGA BLVD,SATURN ST,117436,
-118.4487122,34.15504074,35805,8778104,2019,2019-02-01T00:00:00.000Z,1942,2019-01-09T00:00:00.000Z,1030,33700,985,3,5,7,1942,0,0,0,I,0,9A88,VAN NUYS BL,HORTENSE ST,100,N,N,A,-,N,,0,0,,,0,,,,N,0,0,0,2,A,-,8,22107,,M,B,E,A,A,H,-,A,A,0,,,,,Y,,-,99,0,0,0,0,0,0,0,0,0,- ,- ,0,0,1200,1,LOS ANGELES,LOS ANGELES,CA,-118.4487122,34.15504074,"VAN NUYS BLVD & HORTENSE ST, LOS ANGELES, CA",VAN NUYS BLVD,HORTENSE ST,108233,
-118.5535622,34.21200562,35806,8778139,2019,2019-02-02T00:00:00.000Z,1942,2019-01-03T00:00:00.000Z,930,43421,LOSAN,4,5,7,1942,0,0,0,,0,10A99,TAMPA AV,INGOMAR ST,0,,Y,A,-,N,,0,0,,,0,,,,Y,0,0,0,3,A,-,8,22107,,M,A,A,A,A,H,-,A,D,0,,,,,Y,Y,A,1,0,0,0,0,0,0,0,0,0,- ,- ,0,0,1200,1,LOS ANGELES,LOS ANGELES,CA,-118.5535622,34.21200562,"TAMPA AVE & INGOMAR ST, LOS ANGELES, CA",TAMPA AVE,INGOMAR ST,147128,
-118.5614008,34.17266846,35807,8778143,2019,2019-02-02T00:00:00.000Z,1942,2019-01-11T00:00:00.000Z,915,41514,2187,5,5,7,1942,0,0,0,,0,21A97,VENTURA BL,CORBIN AV,250,E,N,B,-,N,,0,0,,,0,,,,Y,0,0,0,2,A,-,8,22107,,M,B,E,A,A,H,-,A,D,0,,,,,Y,,A,1,0,0,0,0,0,0,0,0,0,- ,- ,0,0,1200,1,LOS ANGELES,LOS ANGELES,CA,-118.5614008,34.17266846,"VENTURA BLVD & CORBIN AVE, LOS ANGELES, CA",VENTURA BLVD,CORBIN AVE,129143,
-118.2542721,33.93680573,35808,8778153,2019,2019-02-02T00:00:00.000Z,1942,2019-01-07T00:00:00.000Z,1050,42925,1836,1,5,7,1942,0,0,0,R,0,18A35,S CENTRAL AV,109TH ST,0,,Y,C,-,N,,0,0,,,0,,,,N,0,0,0,2,A,-,3,22350,,M,B,C,A,B,H,-,A,A,0,,,,,Y,,-,99,0,0,0,0,0,0,0,0,0,- ,- ,0,0,1200,1,LOS ANGELES,LOS ANGELES,CA,-118.2542721,33.93680573,"CENTRAL AVE & 109TH ST, LOS ANGELES, CA",CENTRAL AVE,109TH ST,134610,