X,Y,OBJECTID,case_id,accident_year,proc_date,juris,collision_date,collision_time,officer_id,reporting_district,day_of_week,chp_shift,population,cnty_city_loc,special_cond,beat_type,chp_beat_type,city_division_lapd,chp_beat_class,beat_number,primary_rd,secondary_rd,distance,direction,intersection,weather_1,weather_2,state_hwy_ind,caltrans_county,caltrans_district,state_route,route_suffix,postmile_prefix,postmile,location_type,ramp_intersection,side_of_hwy,tow_away,collision_severity,number_killed,number_injured,party_count,primary_coll_factor,pcf_code_of_viol,pcf_viol_category,pcf_violation,pcf_viol_subsection,hit_and_run,type_of_collision,mviw,ped_action,road_surface,road_cond_1,road_cond_2,lighting,control_device,chp_road_type,pedestrian_accident,bicycle_accident,motorcycle_accident,truck_accident,not_private_property,alcohol_involved,stwd_vehtype_at_fault,chp_vehtype_at_fault,count_severe_inj,count_visible_inj,count_complaint_pain,count_ped_killed,count_ped_injured,count_bicyclist_killed,count_bicyclist_injured,count_mc_killed,count_mc_injured,primary_ramp,secondary_ramp,latitude,longitude,timecat,month_,city,county,state,point_x,point_y,match_addr,m_primaryrd,m_secondrd,int_id,Flag
-118.3297621,34.03987503,35809,8779336,2019,2019-02-05T00:00:00.000Z,1942,2019-01-03T00:00:00.000Z,950,39655,778,4,5,7,1942,0,0,0,G,0,7A69,S BRONSON AV,WEST WASHINGTON BL,0,,Y,A,-,N,,0,0,,,0,,,,Y,4,0,2,2,A,-,9,21802,A,N,D,C,A,A,H,-,A,D,0,,,,,Y,,A,1,0,0,2,0,0,0,0,0,0,- ,- ,0,0,1200,1,LOS ANGELES,LOS ANGELES,CA,-118.3297621,34.03987503,"BRONSON AVE & WASHINGTON BLVD, LOS ANGELES, CA",BRONSON AVE,WASHINGTON BLVD,124566,
-118.2672321,34.06056595,35810,8779384,2019,2019-02-12T00:00:00.000Z,1942,2019-01-03T00:00:00.000Z,1110,34344,247,4,5,7,1942,0,0,0,B,0,2A47,3RD ST,UNION PL,0,,Y,A,-,N,,0,0,,,0,,,,Y,4,0,4,2,A,-,9,21801,A,N,D,C,A,A,H,-,A,D,0,,,,,Y,,A,1,0,0,4,0,0,0,0,0,0,- ,- ,0,0,1200,1,LOS ANGELES,LOS ANGELES,CA,-118.2672321,34.06056595,"3RD ST & UNION PL, LOS ANGELES, CA",3RD ST,UNION PL,121133,
-118.2651921,33.93480301,35811,8779843,2019,2019-01-16T00:00:00.000Z,1942,2019-01-04T00:00:00.000Z,1028,38025,1844,5,5,7,1942,0,0,0,R,0,18A34,E 11TH ST,AVALON BL,0,,Y,A,-,N,,0,0,,,0,,,,N,0,0,0,2,A,-,9,21802,A,M,D,C,A,A,H,-,A,A,0,,,,,Y,,-,99,0,0,0,0,0,0,0,0,0,- ,- ,0,0,1200,1,LOS ANGELES,LOS ANGELES,CA,-118.2651921,33.93480301,"111TH ST & AVALON BLVD, LOS ANGELES, CA",111TH ST,AVALON BLVD,127737,
-118.2299024,33.93886948,35812,8784456,2019,2019-02-13T00:00:00.000Z,1942,2019-01-13T00:00:00.000Z,950,43541,1839,7,5,7,1942,0,0,0,R,0,18A49,107TH ST,WEIGAND,70,W,N,A,-,N,,0,0,,,0,,,,Y,0,0,0,2,A,-,3,22350,,M,B,E,A,A,H,-,A,D,0,,,,,Y,,A,7,0,0,0,0,0,0,0,0,0,- ,- ,0,0,1200,1,LOS ANGELES,LOS ANGELES,CA,-118.2299024,33.93886948,"107TH ST & WEIGAND AVE, LOS ANGELES, CA",107TH ST,WEIGAND AVE,138234,
-118.3361521,34.10155487,35813,8784481,2019,2019-02-13T00:00:00.000Z,1942,2019-01-19T00:00:00.000Z,1035,35945,646,6,5,7,1942,0,0,0,F,0,6A63,N LAS PALMAS AV,HOLLYWOOD BL,0,,Y,A,-,N,,0,0,,,0,,,,N,3,0,1,2,A,-,10,21950,A,N,G,B,B,A,H,-,A,A,0,Y,,,,Y,,A,1,0,1,0,0,1,0,0,0,0,- ,- ,0,0,1200,1,LOS ANGELES,LOS ANGELES,CA,-118.3361521,34.10155487,"LAS PALMAS AVE & HOLLYWOOD BLVD, LOS ANGELES, CA",LAS PALMAS AVE,HOLLYWOOD BLVD,139456,
-118.3177717,34.04354477,35814,8784484,2019,2019-02-15T00:00:00.000Z,1942,2019-01-28T00:00:00.000Z,920,38282,779,1,5,7,1942,0,0,0,G,0,7A69,VENICE BL,ARLINGTON AV,12,W,N,A,-,N,,0,0,,,0,,,,N,0,0,0,1,A,-,8,22107,,M,E,I,A,A,H,-,A,A,0,,,,,Y,,-,99,0,0,0,0,0,0,0,0,0,- ,- ,0,0,1200,1,LOS ANGELES,LOS ANGELES,CA,-118.3177717,34.04354477,"VENICE BLVD & ARLINGTON AVE, LOS ANGELES, CA",VENICE BLVD,ARLINGTON AVE,134971,
-118.3555921,34.01281357,35815,8784622,2019,2019-02-14T00:00:00.000Z,1942,2019-01-16T00:00:00.000Z,910,38503,341,3,5,7,1942,0,0,0,C,0,25T21,S LA BREA AV,VERONICA ST,0,S,N,C,-,N,,0,0,,,0,,,,Y,4,0,1,1,A,-,3,22350,,N,E,J,A,B,H,-,A,B,0,,,,,Y,,A,1,0,0,1,0,0,0,0,0,0,- ,- ,0,0,1200,1,LOS ANGELES,LOS ANGELES,CA,-118.3555921,34.01281357,"LA BREA AVE & VERONICA ST, LOS ANGELES, CA",LA BREA AVE,VERONICA ST,105765,
-118.267175,34.12068939,35816,8784722,2019,2019-02-22T00:00:00.000Z,1942,2019-01-05T00:00:00.000Z,1140,37505,1123,6,5,7,1942,0,0,0,K,0,11A1,W VALLEY BRINK RD,GLENFELIZ BL,135,S,N,A,-,N,,0,0,,,0,,,,N,0,0,0,2,A,-,17,22517,,N,B,E,A,A,H,-,A,D,0,,,,,Y,,D,22,0,0,0,0,0,0,0,0,0,- ,- ,0,0,1200,1,LOS ANGELES,LOS ANGELES,CA,-118.267175,34.12068939,"VALLEYBRINK RD & GLENFELIZ BLVD, LOS ANGELES, CA",VALLEYBRINK RD,GLENFELIZ BLVD,107404,
-118.2224322,34.0838356,35817,8784734,2019,2019-03-06T00:00:00.000Z,1942,2019-01-01T00:00:00.000Z,1015,39508,1177,2,5,7,1942,0,0,0,K,0,11A89,NORTH FIGUEROA ST,W AVENUE 26,0,,Y,A,-,N,,0,0,,,0,,,,N,4,0,2,2,A,-,9,21801,A,N,D,C,A,A,H,-,A,A,0,,,,,Y,,A,1,0,0,2,0,0,0,0,0,0,- ,- ,0,0,1200,1,LOS ANGELES,LOS ANGELES,CA,-118.2224322,34.0838356,"FIGUEROA ST & AVE 26, LOS ANGELES, CA",FIGUEROA ST,AVE 26,121948,
-118.2609921,34.03369522,35818,8786735,2019,2019-02-11T00:00:00.000Z,1942,2019-01-16T00:00:00.000Z,1145,38859,195,3,5,7,1942,0,0,0,A,0,1L60,15TH ST,LOS ANGELES ST,0,,Y,C,-,N,,0,0,,,0,,,,Y,4,0,4,5,A,-,9,21802,A,N,D,C,A,B,H,-,A,A,0,,,,,Y,,D,22,0,0,4,0,0,0,0,0,0,- ,- ,0,0,1200,1,LOS ANGELES,LOS ANGELES,CA,-118.2609921,34.03369522,"15TH ST & LOS ANGELES ST, LOS ANGELES, CA",15TH ST,LOS ANGELES ST,145707,
-118.2800999,33.96013641,35819,8791128,2019,2019-02-07T00:00:00.000Z,1942,2019-01-12T00:00:00.000Z,1030,37679,1801,6,5,7,1942,0,0,0,R,0,18A1,W MANCHESTER AV,FIGUEROA ST,800,E,N,A,-,N,,0,0,,,0,,,,N,0,0,0,2,A,-,5,21651,A,M,B,C,A,B,H,-,A,A,0,,,,,Y,,-,99,0,0,0,0,0,0,0,0,0,- ,- ,0,0,1200,1,LOS ANGELES,LOS ANGELES,CA,-118.2800999,33.96013641,"MANCHESTER AVE & FIGUEROA ST, LOS ANGELES, CA",MANCHESTER AVE,FIGUEROA ST,106686,
-118.4327378,34.22138214,35820,8792518,2019,2019-02-21T00:00:00.000Z,1942,2019-01-31T00:00:00.000Z,1015,39085,1999,4,5,7,1942,0,0,0,,0,19A93,WOODMAN AV,ROSCOE BL,100,S,N,C,-,N,,0,0,,,0,,,,Y,4,0,1,3,A,-,3,22350,,F,C,C,A,B,H,-,A,D,0,,,,,Y,,A,1,0,0,1,0,0,0,0,0,0,- ,- ,0,0,1200,1,LOS ANGELES,LOS ANGELES,CA,-118.4327378,34.22138214,"WOODMAN AVE & ROSCOE BLVD, LOS ANGELES, CA",WOODMAN AVE,ROSCOE BLVD,100955,
-118.2800849,34.11319351,35822,8792579,2019,2019-02-19T00:00:00.000Z,1942,2019-01-10T00:00:00.000Z,950,31713,1132,4,5,7,1942,0,0,0,K,0,11A1,LOS FELIZ BL,TICA DR,50,W,N,A,-,N,,0,0,,,0,,,,Y,4,0,1,3,A,-,3,22350,,F,C,C,A,A,H,-,A,D,0,,,,,Y,,A,7,0,0,1,0,0,0,0,0,0,- ,- ,0,0,1200,1,LOS ANGELES,LOS ANGELES,CA,-118.2800849,34.11319351,"LOS FELIZ BLVD & TICA DR, LOS ANGELES, CA",LOS FELIZ BLVD,TICA DR,111017,
-118.2362078,34.10265732,35823,8792588,2019,2019-02-20T00:00:00.000Z,1942,2019-01-07T00:00:00.000Z,1115,38357,1147,1,5,7,1942,0,0,0,K,0,11A89,DIVISION ST,CYPRESS AV,20,N,N,A,-,N,,0,0,,,0,,,,N,0,0,0,2,A,-,8,22107,,M,B,C,A,A,H,-,A,D,0,,,,,Y,,-,99,0,0,0,0,0,0,0,0,0,- ,- ,0,0,1200,1,LOS ANGELES,LOS ANGELES,CA,-118.2362078,34.10265732,"DIVISION ST & CYPRESS AVE, LOS ANGELES, CA",DIVISION ST,CYPRESS AVE,131743,
-118.4120347,34.17940903,35824,8793011,2019,2019-02-26T00:00:00.000Z,1942,2019-01-06T00:00:00.000Z,1040,43062,1531,7,5,7,1942,0,0,0,O,0,15A85,OXNARD ST,GOODLAND AV,125,W,N,A,-,N,,0,0,,,0,,,,Y,3,0,3,3,A,-,4,21703,,N,C,C,A,B,H,-,A,D,0,,,,,Y,,D,22,0,2,1,0,0,0,0,0,0,- ,- ,0,0,1200,1,LOS ANGELES,LOS ANGELES,CA,-118.4120347,34.17940903,"OXNARD ST & GOODLAND AVE, LOS ANGELES, CA",OXNARD ST,GOODLAND AVE,150270,
-118.4226878,34.28406143,35825,8793389,2019,2019-02-26T00:00:00.000Z,1942,2019-01-13T00:00:00.000Z,950,43153,1611,7,5,7,1942,0,0,0,P,0,16A11,GLENOAKS BL,CORCORAN ST,25,S,N,A,-,N,,0,0,,,0,,,,N,4,0,3,2,A,-,9,21801,A,N,D,C,A,A,H,-,A,D,0,,,,,Y,,A,1,0,0,3,0,0,0,0,0,0,- ,- ,0,0,1200,1,LOS ANGELES,LOS ANGELES,CA,-118.4226878,34.28406143,"GLENOAKS BLVD & CORCORAN ST, LOS ANGELES, CA",GLENOAKS BLVD,CORCORAN ST,140527,
-118.2381219,34.04553986,35826,8796371,2019,2019-02-27T00:00:00.000Z,1942,2019-01-09T00:00:00.000Z,1145,34458,138,3,5,7,1942,0,0,0,A,0,1A29,S ALAMEDA ST,3RD ST,2,N,N,A,-,N,,0,0,,,0,,,,N,0,0,0,2,A,-,4,21703,,N,C,C,A,A,H,-,A,A,0,,,,,Y,,A,1,0,0,0,0,0,0,0,0,0,- ,- ,0,0,1200,1,LOS ANGELES,LOS ANGELES,CA,-118.2381219,34.04553986,"ALAMEDA ST & 3RD ST, LOS ANGELES, CA",ALAMEDA ST,3RD ST,96463,
-118.2856821,34.063694,35827,8797185,2019,2019-02-20T00:00:00.000Z,1942,2019-01-21T00:00:00.000Z,1115,34959,2029,1,5,7,1942,0,0,0,,0,20A39,6TH ST,COMMONWEALTH AV,0,,Y,A,-,N,,0,0,,,0,,,,Y,4,0,2,2,A,-,12,21453,A,N,D,C,A,A,H,-,A,A,0,,,,,Y,,A,1,0,0,2,0,0,0,0,0,0,- ,- ,0,0,1200,1,LOS ANGELES,LOS ANGELES,CA,-118.2856821,34.063694,"6TH ST & COMMONWEALTH AVE, LOS ANGELES, CA",6TH ST,COMMONWEALTH AVE,139473,
-118.4673698,34.0724144,35828,8797363,2019,2019-02-20T00:00:00.000Z,1942,2019-01-23T00:00:00.000Z,1155,40235,813,3,5,7,1942,0,0,0,H,0,8A13,SUNSET BL,CHURCH LN,50,E,N,-,-,N,,0,0,,,0,,,,N,0,0,0,2,A,-,7,21658,A,M,D,C,A,A,H,-,A,A,0,,,,Y,Y,,-,99,0,0,0,0,0,0,0,0,0,- ,- ,0,0,1200,1,LOS ANGELES,LOS ANGELES,CA,-118.4673698,34.0724144,"SUNSET BLVD & CHURCH LN, LOS ANGELES, CA",SUNSET BLVD,CHURCH LN,96786,
-118.2739522,33.98241425,35829,8797439,2019,2019-02-19T00:00:00.000Z,1942,2019-01-03T00:00:00.000Z,1140,38092,1383,4,5,7,1942,0,0,0,M,0,13X71,GAGE,MAIN,0,,Y,A,-,N,,0,0,,,0,,,,N,3,0,2,4,A,-,12,21453,A,N,-,C,A,A,H,-,A,A,0,,,,,Y,,D,22,0,1,1,0,0,0,0,0,0,- ,- ,0,0,1200,1,LOS ANGELES,LOS ANGELES,CA,-118.2739522,33.98241425,"GAGE AVE & MAIN ST,, CA",GAGE AVE,MAIN ST,148760,
-118.2404707,33.94163895,35831,8798613,2019,2019-02-15T00:00:00.000Z,1942,2019-01-18T00:00:00.000Z,940,37879,1837,5,5,7,1942,0,0,0,R,0,,KIMBERLY,104TH ST,42,N,N,A,-,N,,0,0,,,0,,,,N,0,0,0,2,A,-,5,21752,D,N,B,D,A,A,-,-,A,A,0,,,,Y,Y,,A,1,0,0,0,0,0,0,0,0,0,- ,- ,0,0,1200,1,LOS ANGELES,LOS ANGELES,CA,-118.2404707,33.94163895,"KIMBERLY AVE & 104TH ST, LOS ANGELES, CA",KIMBERLY AVE,104TH ST,96091,
-118.2821275,34.03342056,35832,8798829,2019,2019-02-21T00:00:00.000Z,1942,2019-01-28T00:00:00.000Z,1155,126544,308,1,5,7,1942,0,0,0,,0,3A15,TOBERMAN ST,24TH ST,10,S,N,A,-,N,,0,0,,,0,,,,N,0,0,0,2,A,-,0,21050,,M,A,C,A,A,H,-,A,A,0,,,,,Y,,-,99,0,0,0,0,0,0,0,0,0,- ,- ,0,0,1200,1,LOS ANGELES,LOS ANGELES,CA,-118.2821275,34.03342056,"TOBERMAN ST & 24TH ST, LOS ANGELES, CA",TOBERMAN ST,24TH ST,100059,
-118.2407924,33.94572449,35833,8798845,2019,2019-02-21T00:00:00.000Z,1942,2019-01-29T00:00:00.000Z,1140,41917,1827,2,5,7,1942,0,0,0,R,0,18A26,HOLMES AV,CENTURY BL,15,N,N,A,-,N,,0,0,,,0,,,,N,0,0,0,2,A,-,3,22350,,M,C,E,A,A,H,-,A,D,0,,,,,Y,,-,99,0,0,0,0,0,0,0,0,0,- ,- ,0,0,1200,1,LOS ANGELES,LOS ANGELES,CA,-118.2407924,33.94572449,"HOLMES AVE & CENTURY BLVD, LOS ANGELES, CA",HOLMES AVE,CENTURY BLVD,145298,
-118.4787291,34.30377197,35834,8800125,2019,2019-02-13T00:00:00.000Z,1942,2019-01-03T00:00:00.000Z,1100,35391,1911,4,5,7,1942,0,0,0,,0,35M29,ENCINITAS AV,ROXFORD ST,50,S,N,A,-,N,,0,0,,,0,,,,Y,4,0,2,2,A,-,9,21804,,N,D,C,A,A,H,-,A,D,0,,,,,Y,,A,1,0,0,2,0,0,0,0,0,0,- ,- ,0,0,1200,1,LOS ANGELES,LOS ANGELES,CA,-118.4787291,34.30377197,"ENCINITAS AVE & ROXFORD ST, LOS ANGELES, CA",ENCINITAS AVE,ROXFORD ST,131085,
-118.28223,34.02288055,35835,8800178,2019,2019-02-14T00:00:00.000Z,1942,2019-01-29T00:00:00.000Z,905,37724,358,2,5,7,1942,0,0,0,C,0,3A57,JEFFERSON BL,FIGUEROA ST,760,W,N,A,-,N,,0,0,,,0,,,,N,2,0,1,2,B,-,22,0,,N,G,B,D,A,H,-,A,D,0,Y,,,,Y,,A,1,1,0,0,0,1,0,0,0,0,- ,- ,0,0,1200,1,LOS ANGELES,LOS ANGELES,CA,-118.28223,34.02288055,"JEFFERSON BLVD & FIGUEROA ST, LOS ANGELES, CA",JEFFERSON BLVD,FIGUEROA ST,141972,
-118.2915622,34.01682663,35836,8800221,2019,2019-02-12T00:00:00.000Z,1942,2019-01-28T00:00:00.000Z,1030,37724,379,1,5,7,1942,0,0,0,C,0,3A57,S VERMONT AV,W 38TH ST,0,,Y,A,-,N,,0,0,,,0,,,,N,4,0,1,2,A,-,5,21650,1,N,H,G,A,A,H,-,A,D,0,,Y,,,Y,,L,4,0,0,1,0,0,0,1,0,0,- ,- ,0,0,1200,1,LOS ANGELES,LOS ANGELES,CA,-118.2915622,34.01682663,"VERMONT AVE & 38TH ST, LOS ANGELES, CA",VERMONT AVE,38TH ST,96233,
-118.2914922,33.98910523,35837,8800479,2019,2019-02-26T00:00:00.000Z,1942,2019-01-29T00:00:00.000Z,930,38503,1239,2,5,7,1942,0,0,0,L,0,25TL21,W SLAUSON AV,VERMONT AV,0,E,N,B,-,N,,0,0,,,0,,,,N,0,0,0,2,A,-,7,21658,A,N,B,C,A,A,H,-,A,A,0,,,,Y,Y,,F,27,0,0,0,0,0,0,0,0,0,- ,- ,0,0,1200,1,LOS ANGELES,LOS ANGELES,CA,-118.2914922,33.98910522,"SLAUSON AVE & VERMONT AVE, LOS ANGELES, CA",SLAUSON AVE,VERMONT AVE,120739,
-118.4443522,34.16486359,35838,8802670,2019,2019-02-26T00:00:00.000Z,1942,2019-01-09T00:00:00.000Z,1105,37686,955,3,5,7,1942,0,0,0,I,0,9A63,MAGNOLIA BL,TYRONE AV,0,,Y,A,-,N,,0,0,,,0,,,,N,4,0,1,2,A,-,9,21801,A,N,D,C,A,A,H,-,A,A,0,,,,,Y,,D,22,0,0,1,0,0,0,0,0,0,- ,- ,0,0,1200,1,LOS ANGELES,LOS ANGELES,CA,-118.4443522,34.16486359,"MAGNOLIA BLVD & TYRONE AVE, LOS ANGELES, CA",MAGNOLIA BLVD,TYRONE AVE,118568,
-118.4441841,34.20117569,35839,8802674,2019,2019-03-06T00:00:00.000Z,1942,2019-01-12T00:00:00.000Z,1000,38687,915,6,5,7,1942,0,0,0,I,0,9A19,SHERMAN WY,TYRONE AV,60,E,N,C,-,N,,0,0,,,0,,,,Y,4,0,1,2,A,-,3,22350,,N,C,C,A,B,H,-,A,D,0,,,,Y,Y,,F,55,0,0,1,0,0,0,0,0,0,- ,- ,0,0,1200,1,LOS ANGELES,LOS ANGELES,CA,-118.4441841,34.20117569,"SHERMAN WAY & TYRONE AVE, LOS ANGELES, CA",SHERMAN WAY,TYRONE AVE,104461,
-118.4487222,34.17754364,35840,8803523,2019,2019-02-28T00:00:00.000Z,1942,2019-01-23T00:00:00.000Z,935,38687,941,3,5,7,1942,0,0,0,I,0,9A41,VAN NUYS BL,CALIFA ST,0,,Y,A,-,N,,0,0,,,0,,,,N,3,0,1,2,A,-,10,21950,A,N,G,B,B,A,H,-,A,D,0,Y,,,,Y,,D,22,0,1,0,0,1,0,0,0,0,- ,- ,0,0,1200,1,LOS ANGELES,LOS ANGELES,CA,-118.4487222,34.17754364,"VAN NUYS BLVD & CALIFA ST, LOS ANGELES, CA",VAN NUYS BLVD,CALIFA ST,143449,
-118.4138022,34.16487503,35841,8803646,2019,2019-02-27T00:00:00.000Z,1942,2019-01-31T00:00:00.000Z,1015,32242,RD969,4,5,7,1942,0,0,0,,0,9X31,COLDWATER CANYON,MAGNOLIA BL,0,,Y,C,-,N,,0,0,,,0,,,,Y,4,0,1,2,A,-,12,21453,A,N,D,C,A,B,H,-,A,A,0,,,,,Y,,A,1,0,0,1,0,0,0,0,0,0,- ,- ,0,0,1200,1,LOS ANGELES,LOS ANGELES,CA,-118.4138022,34.16487503,"COLDWATER CANYON AVE & MAGNOLIA BLVD, LOS ANGELES, CA",COLDWATER CANYON AVE,MAGNOLIA BLVD,97546,
-118.4443621,34.18665314,35842,8803650,2019,2019-03-12T00:00:00.000Z,1942,2019-01-18T00:00:00.000Z,900,39603,935,5,5,7,1942,0,0,0,,0,9A63,VICTORY BL,TYRONE AV,0,,Y,A,-,N,,0,0,,,0,,,,N,4,0,1,3,A,-,9,21801,,N,D,C,A,A,H,-,A,A,0,,,,,Y,,A,1,0,0,1,0,0,0,0,0,0,- ,- ,0,0,1200,1,LOS ANGELES,LOS ANGELES,CA,-118.4443621,34.18665314,"VICTORY BLVD & TYRONE AVE, LOS ANGELES, CA",VICTORY BLVD,TYRONE AVE,111578,
-118.2726637,34.01760864,35843,8804876,2019,2019-02-14T00:00:00.000Z,1942,2019-01-11T00:00:00.000Z,1045,31713,1341,5,5,7,1942,0,0,0,M,0,13A41,E 35TH ST,MAIN ST,168,E,N,A,-,N,,0,0,,,0,,,,Y,3,0,1,4,A,-,3,22350,,N,B,E,A,A,H,-,A,-,0,,,,,Y,,A,1,0,1,0,0,0,0,0,0,0,- ,- ,0,0,1200,1,LOS ANGELES,LOS ANGELES,CA,-118.2726637,34.01760864,"35TH ST & MAIN ST, LOS ANGELES, CA",35TH ST,MAIN ST,120944,
-118.6457122,34.19967651,35844,8805445,2019,2019-02-21T00:00:00.000Z,1942,2019-01-04T00:00:00.000Z,1000,43395,2132,5,5,7,1942,0,0,0,,0,21A97,MIDDLEBURY RIDGE,PENTLAND WY,0,,Y,A,-,N,,0,0,,,0,,,,,3,0,1,2,A,-,3,22350,,N,A,E,A,A,H,-,A,D,0,,,,,Y,,A,1,0,1,0,0,0,0,0,0,0,- ,- ,0,0,1200,1,LOS ANGELES,LOS ANGELES,CA,-118.6457122,34.19967651,"MIDDLESBURY RIDGE CIR & PENTLAND WAY, LOS ANGELES, CA",MIDDLESBURY RIDGE CIR,PENTLAND WAY,132942,
-118.6233422,34.168293,35845,8805465,2019,2019-02-21T00:00:00.000Z,1942,2019-01-22T00:00:00.000Z,901,39145,2173,2,5,7,1942,0,0,0,,0,21A73,FALLBROOK AV,MARIANO ST,0,,Y,A,-,N,,0,0,,,0,,,,Y,4,0,2,2,A,-,9,21802,A,N,D,C,A,A,H,-,A,D,0,,,,,Y,,-,,0,0,2,0,0,0,0,0,0,- ,- ,0,0,1200,1,LOS ANGELES,LOS ANGELES,CA,-118.6233422,34.168293,"FALLBROOK AVE & MARIANO ST, LOS ANGELES, CA",FALLBROOK AVE,MARIANO ST,101105,
-118.6120422,34.14899445,35846,8805485,2019,2019-02-21T00:00:00.000Z,1942,2019-01-17T00:00:00.000Z,1020,30452,2183,4,5,7,1942,0,0,0,,0,21A73,MULHOLLAND DR,MULHOLLAND HWY,0,,Y,C,-,N,,0,0,,,0,,,,N,4,0,2,2,A,-,9,21801,A,N,D,C,A,B,H,-,A,A,0,,,,,Y,,A,7,0,0,2,0,0,0,0,0,0,- ,- ,0,0,1200,1,LOS ANGELES,LOS ANGELES,CA,-118.6120422,34.14899445,"MULHOLLAND DR & MULHOLLAND HWY, LOS ANGELES, CA",MULHOLLAND DR,MULHOLLAND HWY,132806,
-118.5360722,34.20471573,35847,8806465,2019,2019-03-04T00:00:00.000Z,1942,2019-01-31T00:00:00.000Z,1030,42460,1012,4,5,7,1942,0,0,0,J,0,,RESEDA BL,VALERIO ST,10,S,N,C,-,N,,0,0,,,0,,,,N,4,0,2,2,A,-,3,22350,,N,C,C,A,B,H,-,A,A,0,,,,Y,Y,,F,26,0,0,2,0,0,0,0,0,0,- ,- ,0,0,1200,1,LOS ANGELES,LOS ANGELES,CA,-118.5360722,34.20471573,"RESEDA BLVD & VALERIO ST, LOS ANGELES, CA",RESEDA BLVD,VALERIO ST,143918,
-118.2495057,34.06495285,35848,8806738,2019,2019-03-05T00:00:00.000Z,1942,2019-01-09T00:00:00.000Z,1050,32996,219,3,5,7,1942,0,0,0,B,0,2A39,BEAUDRY AV,SUNSET BL,122,S,N,A,-,N,,0,0,,,0,,,,Y,4,0,2,2,A,-,8,22100,A,N,B,C,A,A,H,-,A,A,0,,,,,Y,,A,1,0,0,2,0,0,0,0,0,0,- ,- ,0,0,1200,1,LOS ANGELES,LOS ANGELES,CA,-118.2495057,34.06495285,"BEAUDRY AVE & SUNSET BLVD, LOS ANGELES, CA",BEAUDRY AVE,SUNSET BLVD,107591,
-118.3442439,34.05104828,35849,8807255,2019,2019-03-01T00:00:00.000Z,1942,2019-01-31T00:00:00.000Z,1030,37046,765,4,5,7,1942,0,0,0,G,0,7A47,LA BREA AV,SAN VICENTE BL,260,N,N,C,-,N,,0,0,,,0,,,,N,0,0,0,2,A,-,8,22107,,N,B,C,A,B,H,-,A,A,0,,,,,Y,,D,22,0,0,0,0,0,0,0,0,0,- ,- ,0,0,1200,1,LOS ANGELES,LOS ANGELES,CA,-118.3442439,34.05104828,"LA BREA AVE & SAN VICENTE BLVD, LOS ANGELES, CA",LA BREA AVE,SAN VICENTE BLVD,102253,
-118.2301922,34.07100678,35850,8807566,2019,2019-03-06T00:00:00.000Z,1942,2019-01-24T00:00:00.000Z,1120,40275,118,4,5,7,1942,0,0,0,A,0,1A1,N BROADWAY,SOLANO AV,0,,Y,A,-,N,,0,0,,,0,,,,N,0,0,0,2,A,-,8,22107,,N,B,C,A,A,H,-,A,D,0,,,,,Y,,-,- ,0,0,0,0,0,0,0,0,0,- ,- ,0,0,1200,1,LOS ANGELES,LOS ANGELES,CA,-118.2301922,34.07100677,"N BROADWAY & SOLANO AVE, LOS ANGELES, CA",N BROADWAY,SOLANO AVE,104193,
-118.2700952,34.05738449,35851,8807627,2019,2019-02-28T00:00:00.000Z,1942,2019-01-19T00:00:00.000Z,900,40275,256,6,5,7,1942,0,0,0,B,0,2A56,W 6TH ST,UNION AV,70,W,N,A,-,N,,0,0,,,0,,,,N,3,0,1,2,A,-,8,22107,,F,B,G,A,A,H,-,A,D,0,,Y,,,Y,,-,99,0,1,0,0,0,0,1,0,0,- ,- ,0,0,1200,1,LOS ANGELES,LOS ANGELES,CA,-118.2700952,34.05738449,"6TH ST & UNION AVE, LOS ANGELES, CA",6TH ST,UNION AVE,107045,
-118.4446922,34.05960465,35852,8816687,2019,2019-04-05T00:00:00.000Z,1942,2019-01-22T00:00:00.000Z,1150,38262,817,2,5,7,1942,0,0,0,H,0,8A29,WESTWOOD BL,LINDBROOK DR,0,,Y,A,-,N,,0,0,,,0,,,,N,4,0,2,2,A,-,17,21451,A,N,D,C,A,A,H,-,A,A,0,,,,,Y,,-,- ,0,0,2,0,0,0,0,0,0,- ,- ,0,0,1200,1,LOS ANGELES,LOS ANGELES,CA,-118.4446922,34.05960464,"WESTWOOD BLVD & LINDBROOK DR, LOS ANGELES, CA",WESTWOOD BLVD,LINDBROOK DR,114726,
-118.4240376,34.05733872,35853,8816710,2019,2019-03-14T00:00:00.000Z,1942,2019-01-04T00:00:00.000Z,1145,41003,829,5,5,7,1942,0,0,0,H,0,8A29,S BEVERLY GLEN BL,SANTA MONICA BL,23,S,N,A,-,N,,0,0,,,0,,,,N,3,0,1,2,A,-,11,21456,B,N,G,B,B,A,H,-,A,A,0,Y,,,,Y,,N,60,0,1,0,0,1,0,0,0,0,- ,- ,0,0,1200,1,LOS ANGELES,LOS ANGELES,CA,-118.4240376,34.05733871,"BEVERLY GLEN BLVD & SANTA MONICA BLVD, LOS ANGELES, CA",BEVERLY GLEN BLVD,SANTA MONICA BLVD,111299,
-118.5425527,34.20116425,35854,8818101,2019,2019-03-25T00:00:00.000Z,1942,2019-01-26T00:00:00.000Z,1110,39281,1024,6,5,7,1942,0,0,0,J,0,10A21,SHERMAN WY,GEYSER AV,15,E,N,A,-,N,,0,0,,,0,,,,N,0,0,0,2,A,-,7,21658,A,M,B,C,A,A,H,-,A,D,0,,,,,Y,,-,99,0,0,0,0,0,0,0,0,0,- ,- ,0,0,1200,1,LOS ANGELES,LOS ANGELES,CA,-118.5425527,34.20116425,"SHERMAN WAY & GEYSER AVE, LOS ANGELES, CA",SHERMAN WAY,GEYSER AVE,116041,