X,Y,OBJECTID,case_id,accident_year,proc_date,juris,collision_date,collision_time,officer_id,reporting_district,day_of_week,chp_shift,population,cnty_city_loc,special_cond,beat_type,chp_beat_type,city_division_lapd,chp_beat_class,beat_number,primary_rd,secondary_rd,distance,direction,intersection,weather_1,weather_2,state_hwy_ind,caltrans_county,caltrans_district,state_route,route_suffix,postmile_prefix,postmile,location_type,ramp_intersection,side_of_hwy,tow_away,collision_severity,number_killed,number_injured,party_count,primary_coll_factor,pcf_code_of_viol,pcf_viol_category,pcf_violation,pcf_viol_subsection,hit_and_run,type_of_collision,mviw,ped_action,road_surface,road_cond_1,road_cond_2,lighting,control_device,chp_road_type,pedestrian_accident,bicycle_accident,motorcycle_accident,truck_accident,not_private_property,alcohol_involved,stwd_vehtype_at_fault,chp_vehtype_at_fault,count_severe_inj,count_visible_inj,count_complaint_pain,count_ped_killed,count_ped_injured,count_bicyclist_killed,count_bicyclist_injured,count_mc_killed,count_mc_injured,primary_ramp,secondary_ramp,latitude,longitude,timecat,month_,city,county,state,point_x,point_y,match_addr,m_primaryrd,m_secondrd,int_id,Flag
-118.5344899,34.17212677,35855,8818117,2019,2019-03-25T00:00:00.000Z,1942,2019-01-30T00:00:00.000Z,1040,26319,1063,3,5,7,1942,0,0,0,J,0,10A83,BURBANK BL,RESEDA BL,480,E,N,A,-,N,,0,0,,,0,,,,N,0,0,0,2,A,-,7,21658,A,M,B,C,A,A,H,-,A,A,0,,,Y,,Y,,-,99,0,0,0,0,0,0,0,0,0,- ,- ,0,0,1200,1,LOS ANGELES,LOS ANGELES,CA,-118.5344899,34.17212677,"BURBANK BLVD & RESEDA BLVD, LOS ANGELES, CA",BURBANK BLVD,RESEDA BLVD,129705,
-118.2358822,34.02675629,35856,8826900,2019,2019-04-02T00:00:00.000Z,1942,2019-01-28T00:00:00.000Z,900,43297,1309,1,5,7,1942,0,0,0,M,0,13A9,ELWOOD ST,OLYMPIC,0,,Y,A,-,N,,0,0,,,0,,,,N,4,0,1,2,A,-,4,21703,,N,C,C,A,A,H,-,A,A,0,,,,Y,Y,,F,25,0,0,1,0,0,0,0,0,0,- ,- ,0,0,1200,1,LOS ANGELES,LOS ANGELES,CA,-118.2358822,34.02675629,"ELWOOD ST & OLYMPIC BLVD, LOS ANGELES, CA",ELWOOD ST,OLYMPIC BLVD,116700,
-118.3721521,34.07605362,35857,8827675,2019,2019-04-04T00:00:00.000Z,1942,2019-01-15T00:00:00.000Z,955,43174,722,2,5,7,1942,0,0,0,G,0,7SL21,BEVERLY BL,N KINGS RD,0,,Y,B,-,N,,0,0,,,0,,,,Y,0,0,0,2,A,-,8,22107,,N,B,C,A,A,H,-,A,A,0,,,,,Y,,A,1,0,0,0,0,0,0,0,0,0,- ,- ,0,0,1200,1,LOS ANGELES,LOS ANGELES,CA,-118.3721521,34.07605362,"BEVERLY BLVD & KINGS RD, LOS ANGELES, CA",BEVERLY BLVD,KINGS RD,138991,
-118.359551,34.22447205,35858,8774001,2019,2019-02-06T00:00:00.000Z,1942,2019-01-04T00:00:00.000Z,1415,38876,1677,5,5,7,1942,0,0,0,P,0,16A11,GLENCREST DR,FLOWERDALE CT,160,N,N,A,-,N,,0,0,,,0,,,,Y,3,0,3,2,A,-,3,22350,,N,C,C,A,A,H,-,A,D,0,,,,,Y,,A,1,0,1,2,0,0,0,0,0,0,- ,- ,0,0,1500,1,LOS ANGELES,LOS ANGELES,CA,-118.359551,34.22447205,"GLENCREST DR & FLOWERDALE CT, LOS ANGELES, CA",GLENCREST DR,FLOWERDALE CT,125697,
-118.4873623,34.15687943,35859,8778849,2019,2019-02-05T00:00:00.000Z,1942,2019-01-19T00:00:00.000Z,1240,36733,1078,6,5,7,1942,0,0,0,J,0,10A99,VENTURA BL,LIBBIT AV,200,E,N,A,-,N,,0,0,,,0,,,,Y,4,0,4,4,A,-,4,21703,,F,C,C,A,A,H,-,A,D,0,,,,,Y,,A,7,0,0,4,0,0,0,0,0,0,- ,- ,0,0,1500,1,LOS ANGELES,LOS ANGELES,CA,-118.4873623,34.15687943,"VENTURA BLVD & LIBBIT AVE, LOS ANGELES, CA",VENTURA BLVD,LIBBIT AVE,108213,
-118.2553521,34.05788422,35860,8779396,2019,2019-02-12T00:00:00.000Z,1942,2019-01-05T00:00:00.000Z,1445,37952,237,6,5,7,1942,0,0,0,B,0,2A39,W 2ND ST,S BEAUDRY AV,0,,Y,B,-,N,,0,0,,,0,,,,Y,3,0,2,2,A,-,12,21453,A,N,D,C,A,A,H,-,A,A,0,,,,,Y,,A,1,0,1,1,0,0,0,0,0,0,- ,- ,0,0,1500,1,LOS ANGELES,LOS ANGELES,CA,-118.2553521,34.05788422,"2ND ST & BEAUDRY AVE, LOS ANGELES, CA",2ND ST,BEAUDRY AVE,124661,
-118.2621321,34.03230667,35861,8779416,2019,2019-02-12T00:00:00.000Z,1942,2019-01-15T00:00:00.000Z,1300,35748,195,2,5,7,1942,0,0,0,A,0,1X45,LOS ANGELES ST,17TH ST,0,,Y,B,C,N,,0,0,,,0,,,,Y,3,0,1,2,A,-,12,21453,A,N,D,C,A,B,H,-,A,A,0,,,,,Y,,D,22,0,1,0,0,0,0,0,0,0,- ,- ,0,0,1500,1,LOS ANGELES,LOS ANGELES,CA,-118.2621321,34.03230667,"LOS ANGELES ST & 17TH ST, LOS ANGELES, CA",LOS ANGELES ST,17TH ST,117540,
-118.5535223,34.19062424,35862,8782952,2019,2019-02-06T00:00:00.000Z,1942,2019-01-10T00:00:00.000Z,1250,37550,1021,4,5,7,1942,0,0,0,J,0,35M61,TAMPA AV,KITTRIDGE ST,14,N,N,A,-,N,,0,0,,,0,,,,Y,3,0,3,5,A,-,1,23152,A,N,C,C,A,A,H,-,A,A,0,,,,,Y,Y,A,7,0,1,2,0,0,0,0,0,0,- ,- ,0,0,1500,1,LOS ANGELES,LOS ANGELES,CA,-118.5535223,34.19062424,"TAMPA AVE & KITTRIDGE ST, LOS ANGELES, CA",TAMPA AVE,KITTRIDGE ST,136028,
-118.2028621,34.05464554,35863,8784050,2019,2019-02-13T00:00:00.000Z,1942,2019-01-10T00:00:00.000Z,1410,41163,443,4,5,7,1942,0,0,0,D,0,443,MARENGO,SOTO,0,,Y,A,-,N,,0,0,,,0,,,,N,0,0,0,2,D,-,0,0,,M,C,C,A,A,H,-,A,D,0,,,,,Y,,-,- ,0,0,0,0,0,0,0,0,0,- ,- ,0,0,1500,1,LOS ANGELES,LOS ANGELES,CA,-118.2028621,34.05464554,"MARENGO ST & SOTO ST,, CA",MARENGO ST,SOTO ST,116187,
-118.2201121,34.02193451,35864,8784054,2019,2019-02-13T00:00:00.000Z,1942,2019-01-11T00:00:00.000Z,1300,41163,497,5,5,7,1942,0,0,0,D,0,497,S SOTO ST,12TH ST,0,,Y,A,-,N,,0,0,,,0,,,,N,0,0,0,2,A,-,0,20015,A,M,D,C,A,A,H,-,A,D,0,,,,,Y,,-,- ,0,0,0,0,0,0,0,0,0,- ,- ,0,0,1500,1,LOS ANGELES,LOS ANGELES,CA,-118.2201121,34.02193451,"SOTO ST & 12TH ST, LOS ANGELES, CA",SOTO ST,12TH ST,113903,
-118.3135721,34.09076309,35865,8784577,2019,2019-02-13T00:00:00.000Z,1942,2019-01-20T00:00:00.000Z,1435,41376,657,7,5,7,1942,0,0,0,F,0,6A77,N WILTON PL,SANTA MONICA BL,0,,Y,A,-,N,,0,0,,,0,,,,N,3,0,2,2,A,-,12,21453,A,N,D,C,A,A,H,-,A,A,0,,,,,Y,,A,1,0,1,1,0,0,0,0,0,0,- ,- ,0,0,1500,1,LOS ANGELES,LOS ANGELES,CA,-118.3135721,34.09076309,"WILTON PL & SANTA MONICA BLVD, LOS ANGELES, CA",WILTON PL,SANTA MONICA BLVD,97026,
-118.2349721,34.04349518,35866,8787105,2019,2019-02-08T00:00:00.000Z,1942,2019-01-10T00:00:00.000Z,1300,38050,159,4,5,7,1942,0,0,0,A,0,1A29,E 4TH PL,EAST 4TH ST,0,,Y,A,-,N,,0,0,,,0,,,,Y,3,0,2,2,A,-,9,21801,A,N,A,C,A,A,H,-,A,D,0,,,,,Y,,A,8,0,1,1,0,0,0,0,0,0,- ,- ,0,0,1500,1,LOS ANGELES,LOS ANGELES,CA,-118.2349721,34.04349518,"4TH PL & 4TH ST, LOS ANGELES, CA",4TH PL,4TH ST,116211,
-118.2318321,34.05658341,35867,8787109,2019,2019-02-08T00:00:00.000Z,1942,2019-01-09T00:00:00.000Z,1200,38502,119,3,5,7,1942,0,0,0,A,0,1A1,E CESAR E CHAVEZ AV,N VIGNES ST,0,,Y,A,-,N,,0,0,,,0,,,,N,4,0,3,2,A,-,9,21801,A,N,A,C,A,A,H,-,A,D,0,,,,,Y,,A,1,0,0,3,0,0,0,0,0,0,- ,- ,0,0,1500,1,LOS ANGELES,LOS ANGELES,CA,-118.2318321,34.0565834,"CESAR E CHAVEZ AVE & VIGNES ST, LOS ANGELES, CA",CESAR E CHAVEZ AVE,VIGNES ST,110602,
-118.3376992,34.10458374,35868,8787699,2019,2019-02-02T00:00:00.000Z,1942,2019-01-06T00:00:00.000Z,1200,41003,625,7,5,7,1942,0,0,0,F,0,6A31,N HIGHLAND AV,FRANKLIN AV,274,N,N,A,-,N,,0,0,,,0,,,,N,0,0,0,2,A,-,6,21750,,M,B,C,A,A,H,-,A,A,0,,,,,Y,,-,99,0,0,0,0,0,0,0,0,0,- ,- ,0,0,1500,1,LOS ANGELES,LOS ANGELES,CA,-118.3376992,34.10458374,"HIGHLAND AVE & FRANKLIN AVE, LOS ANGELES, CA",HIGHLAND AVE,FRANKLIN AVE,100803,
-118.3250579,34.1052208,35869,8787793,2019,2019-02-01T00:00:00.000Z,1942,2019-01-08T00:00:00.000Z,1235,40235,638,2,5,7,1942,0,0,0,F,0,6A49,FRANKLIN AV,ARGYLE AV,65,E,N,A,-,N,,0,0,,,0,,,,N,0,0,0,2,A,-,8,22107,,M,D,C,A,A,H,-,A,D,0,,,,,Y,,-,99,0,0,0,0,0,0,0,0,0,- ,- ,0,0,1500,1,LOS ANGELES,LOS ANGELES,CA,-118.3250579,34.10522079,"FRANKLIN AVE & ARGYLE AVE, LOS ANGELES, CA",FRANKLIN AVE,ARGYLE AVE,146558,
-118.4350449,34.22854233,35870,8787844,2019,2019-02-01T00:00:00.000Z,1942,2019-01-01T00:00:00.000Z,1230,43594,1977,2,5,7,1942,0,0,0,,0,19A58,WOODMAN AV,CHASE ST,285,N,N,A,G,N,,0,0,,,0,,,,N,4,0,1,2,A,-,6,21751,,F,B,G,A,A,H,-,A,D,0,,Y,,,Y,,-,99,0,0,1,0,0,0,1,0,0,- ,- ,0,0,1500,1,LOS ANGELES,LOS ANGELES,CA,-118.4350449,34.22854233,"WOODMAN AVE & CHASE ST, LOS ANGELES, CA",WOODMAN AVE,CHASE ST,101689,
-118.3090221,33.96892929,35871,8791104,2019,2019-02-21T00:00:00.000Z,1942,2019-01-04T00:00:00.000Z,1420,43555,1253,5,5,7,1942,0,0,0,L,0,12A31,WESTERN AV,78TH ST,50,S,N,A,-,N,,0,0,,,0,,,,,0,0,0,3,A,-,9,21802,B,M,B,C,A,A,H,-,A,D,0,,,,,Y,Y,-,99,0,0,0,0,0,0,0,0,0,- ,- ,0,0,1500,1,LOS ANGELES,LOS ANGELES,CA,-118.3090221,33.96892929,"WESTERN AVE & 78TH ST, LOS ANGELES, CA",WESTERN AVE,78TH ST,106550,
-118.2739221,33.92556381,35872,8791709,2019,2019-02-14T00:00:00.000Z,1942,2019-01-13T00:00:00.000Z,1425,42065,1862,7,5,7,1942,0,0,0,R,0,18A62,MAIN ST,118TH PL,0,,Y,B,-,N,,0,0,,,0,,,,N,4,0,1,2,A,-,9,21801,A,N,D,C,A,A,H,-,A,A,0,,,,,Y,,A,1,0,0,1,0,0,0,0,0,0,- ,- ,0,0,1500,1,LOS ANGELES,LOS ANGELES,CA,-118.2739221,33.92556381,"MAIN ST & 118TH PL, LOS ANGELES, CA",MAIN ST,118TH PL,106680,
-118.3294221,33.98898315,35873,8791745,2019,2019-03-22T00:00:00.000Z,1942,2019-01-14T00:00:00.000Z,1445,42672,1232,1,5,7,1942,0,0,0,L,0,12A73,SLAUSON AV,11TH AV,0,,Y,C,-,N,,0,0,,,0,,,,N,4,0,1,4,A,-,9,21801,A,N,G,C,B,B,H,-,A,A,0,Y,,,,Y,,A,1,0,0,1,0,1,0,0,0,0,- ,- ,0,0,1500,1,LOS ANGELES,LOS ANGELES,CA,-118.3294221,33.98898315,"SLAUSON AVE & 11TH AVE, LOS ANGELES, CA",SLAUSON AVE,11TH AVE,148731,
-118.4452662,34.10192108,35874,8792504,2019,2019-02-20T00:00:00.000Z,1942,2019-01-06T00:00:00.000Z,1315,42656,807,7,5,7,1942,0,0,0,H,0,8A29,N BEVERLY GLEN BL,CORFU LN,50,N,N,A,-,N,,0,0,,,0,,,,Y,4,0,2,4,A,-,5,21651,A,N,B,C,A,A,H,-,A,D,0,,,,,Y,,A,1,0,0,2,0,0,0,0,0,0,- ,- ,0,0,1500,1,LOS ANGELES,LOS ANGELES,CA,-118.4452662,34.10192108,"BEVERLY GLEN BLVD & CORFU LN, LOS ANGELES, CA",BEVERLY GLEN BLVD,CORFU LN,142697,
-118.4453299,34.04454041,35875,8792516,2019,2019-02-20T00:00:00.000Z,1942,2019-01-13T00:00:00.000Z,1225,40596,853,7,5,7,1942,0,0,0,H,0,8A53,BELOIT AV,NEBRASKA AV,30,N,N,A,-,N,,0,0,,,0,,,,N,4,0,1,2,A,-,21,22106,,N,H,C,A,A,H,-,A,D,0,,,,,Y,,A,1,0,0,1,0,0,0,0,0,0,- ,- ,0,0,1500,1,LOS ANGELES,LOS ANGELES,CA,-118.4453299,34.04454041,"BELOIT AVE & NEBRASKA AVE, LOS ANGELES, CA",BELOIT AVE,NEBRASKA AVE,107848,
-118.3176924,34.10525513,35876,8792799,2019,2019-02-15T00:00:00.000Z,1942,2019-01-20T00:00:00.000Z,1325,40415,628,7,5,7,1942,0,0,0,F,0,6X25,FRANKLIN AV,BRONSON AV,100,E,N,A,-,N,,0,0,,,0,,,,N,0,0,0,2,A,-,7,21658,A,M,B,C,A,A,H,-,A,D,0,,,,,Y,,-,99,0,0,0,0,0,0,0,0,0,- ,- ,0,0,1500,1,LOS ANGELES,LOS ANGELES,CA,-118.3176924,34.10525513,"FRANKLIN AVE & BRONSON AVE, LOS ANGELES, CA",FRANKLIN AVE,BRONSON AVE,114778,
-118.6128032,34.2009964,35877,8793509,2019,2019-02-25T00:00:00.000Z,1942,2019-01-01T00:00:00.000Z,1340,36733,2134,2,5,7,1942,0,0,0,,0,21A1,SHERMAN WAY,CARLSON CIR,30,E,N,A,-,N,,0,0,,,0,,,,Y,3,0,3,2,A,-,3,22350,,N,C,C,A,A,H,-,A,D,0,,,,,Y,,A,1,0,1,2,0,0,0,0,0,0,- ,- ,0,0,1500,1,LOS ANGELES,LOS ANGELES,CA,-118.6128032,34.2009964,"SHERMAN WAY & CARLSON CIR, LOS ANGELES, CA",SHERMAN WAY,CARLSON CIR,105571,
-118.2865322,34.0472641,35878,8793624,2019,2019-03-07T00:00:00.000Z,1942,2019-01-29T00:00:00.000Z,1220,43455,2079,2,5,7,1942,0,0,0,,0,20A97,PICO BL,MAGNOLIA AV,0,,Y,A,-,N,,0,0,,,0,,,,N,4,0,1,2,A,-,11,21954,A,N,G,B,E,A,H,-,A,D,0,Y,,,,Y,,N,60,0,0,1,0,1,0,0,0,0,- ,- ,0,0,1500,1,LOS ANGELES,LOS ANGELES,CA,-118.2865322,34.0472641,"PICO BLVD & MAGNOLIA AVE, LOS ANGELES, CA",PICO BLVD,MAGNOLIA AVE,107101,
-118.3223021,34.09074402,35879,8793660,2019,2019-03-07T00:00:00.000Z,1942,2019-01-30T00:00:00.000Z,1355,41671,677,3,5,7,1942,0,0,0,F,0,6A77,SANTA MONICA BL,GOWER ST,0,,Y,A,-,N,,0,0,,,0,,,,N,4,0,1,2,A,-,9,21801,A,N,D,C,A,A,H,-,A,A,0,,,,,Y,,A,7,0,0,1,0,0,0,0,0,0,- ,- ,0,0,1500,1,LOS ANGELES,LOS ANGELES,CA,-118.3223021,34.09074402,"SANTA MONICA BLVD & GOWER ST, LOS ANGELES, CA",SANTA MONICA BLVD,GOWER ST,100524,
-118.4300918,34.01595306,35880,8796262,2019,2019-02-25T00:00:00.000Z,1942,2019-01-07T00:00:00.000Z,1305,37770,1435,1,5,7,1942,0,0,0,N,0,14A25,PALMS BL,MCLAUGHLIN AV,52,E,N,B,-,N,,0,0,,,0,,,,N,0,0,0,2,A,-,3,22350,,N,C,C,A,B,H,-,A,A,0,,,,,Y,,A,1,0,0,0,0,0,0,0,0,0,- ,- ,0,0,1500,1,LOS ANGELES,LOS ANGELES,CA,-118.4300918,34.01595306,"PALMS BLVD & MCLAUGHLIN AVE, LOS ANGELES, CA",PALMS BLVD,MCLAUGHLIN AVE,103927,
-118.4674722,34.27212524,35881,8796378,2019,2019-03-15T00:00:00.000Z,1942,2019-01-23T00:00:00.000Z,1450,41158,1941,3,5,7,1942,0,0,0,,0,19A43,SAN FERNANDO MISSION BL,N SEPULVEDA BL,0,,Y,A,-,N,,0,0,,,0,,,,N,4,0,2,2,A,-,4,21703,,N,C,C,A,A,H,-,A,A,0,,,,,Y,,J,48,0,0,2,0,0,0,0,0,0,- ,- ,0,0,1500,1,LOS ANGELES,LOS ANGELES,CA,-118.4674722,34.27212524,"SAN FERNANDO MISSION BLVD & SEPULVEDA BLVD, LOS ANGELES, CA",SAN FERNANDO MISSION BLVD,SEPULVEDA BLVD,129409,
-118.2321515,34.0550499,35882,8796383,2019,2019-02-27T00:00:00.000Z,1942,2019-01-02T00:00:00.000Z,1305,34458,119,3,5,7,1942,0,0,0,A,0,1A1,RAMIREZ ST,VIGNES ST,25,E,N,A,-,N,,0,0,,,0,,,,N,4,0,1,2,A,-,21,22106,,N,C,C,A,A,H,-,A,A,0,,,,,Y,,A,1,0,0,1,0,0,0,0,0,0,- ,- ,0,0,1500,1,LOS ANGELES,LOS ANGELES,CA,-118.2321515,34.0550499,"RAMIREZ ST & VIGNES ST, LOS ANGELES, CA",RAMIREZ ST,VIGNES ST,568,
-118.4763483,34.23460388,35883,8798443,2019,2019-02-19T00:00:00.000Z,1942,2019-01-03T00:00:00.000Z,1235,37080,1779,4,5,7,1942,0,0,0,Q,0,17A95,HASKELL AV,NORDHOFF ST,350,S,N,A,-,N,,0,0,,,0,,,,Y,3,0,1,2,A,-,3,22350,,N,C,E,A,A,H,-,A,D,0,,,,,Y,,A,1,0,1,0,0,0,0,0,0,0,- ,- ,0,0,1500,1,LOS ANGELES,LOS ANGELES,CA,-118.4763483,34.23460388,"HASKELL AVE & NORDHOFF ST, LOS ANGELES, CA",HASKELL AVE,NORDHOFF ST,119033,
-118.5022226,34.27198029,35884,8798491,2019,2019-02-21T00:00:00.000Z,1942,2019-01-04T00:00:00.000Z,1415,39473,1735,5,5,7,1942,0,0,0,Q,0,17A35,BALBOA BL,SAN FERNANDO MISSION BL,20,S,N,A,-,N,,0,0,,,0,,,,N,4,0,2,2,A,-,8,22107,,N,C,C,A,A,H,-,A,A,0,,,,,Y,,A,7,0,0,2,0,0,0,0,0,0,- ,- ,0,0,1500,1,LOS ANGELES,LOS ANGELES,CA,-118.5022226,34.27198029,"BALBOA BLVD & SAN FERNANDO MISSION BLVD, LOS ANGELES, CA",BALBOA BLVD,SAN FERNANDO MISSION BLVD,119554,
-118.2541821,33.94563675,35885,8798507,2019,2019-02-21T00:00:00.000Z,1942,2019-01-16T00:00:00.000Z,1200,43451,1835,3,5,7,1942,0,0,0,R,0,18A17,CENTRAL,CENTURY,0,,Y,B,C,N,,0,0,,,0,,,,Y,4,0,1,2,A,-,9,21801,A,N,D,C,A,B,H,-,A,A,0,,,,,Y,,A,1,0,0,1,0,0,0,0,0,0,- ,- ,0,0,1500,1,LOS ANGELES,LOS ANGELES,CA,-118.2541821,33.94563675,"CENTRAL AVE & CENTURY BLVD,, CA",CENTRAL AVE,CENTURY BLVD,145343,
-118.5316422,34.166996,35886,8800108,2019,2019-02-13T00:00:00.000Z,1942,2019-01-04T00:00:00.000Z,1415,39192,1075,5,5,7,1942,0,0,0,J,0,10A99,AVENIDA ORIENTE AV,VENTURA BL,0,,Y,A,-,N,,0,0,,,0,,,,Y,4,0,1,2,A,-,9,21802,A,N,D,C,A,A,H,-,A,A,0,,,,,Y,,A,1,0,0,1,0,0,0,0,0,0,- ,- ,0,0,1500,1,LOS ANGELES,LOS ANGELES,CA,-118.5316422,34.166996,"AVE ORIENTE & VENTURA BLVD, LOS ANGELES, CA",AVE ORIENTE,VENTURA BLVD,122649,
-118.4655022,34.22144699,35887,8800120,2019,2019-02-13T00:00:00.000Z,1942,2019-01-26T00:00:00.000Z,1415,38692,1983,6,5,7,1942,0,0,0,,0,19A61,COLUMBUS AV,ROSCOE BL,12,N,N,A,-,N,,0,0,,,0,,,,N,4,0,1,2,A,-,4,21703,,F,C,C,A,A,H,-,A,A,0,,,,,Y,,-,99,0,0,1,0,0,0,0,0,0,- ,- ,0,0,1500,1,LOS ANGELES,LOS ANGELES,CA,-118.4655022,34.22144699,"COLUMBUS AVE & ROSCOE BLVD, LOS ANGELES, CA",COLUMBUS AVE,ROSCOE BLVD,136605,
-118.2652555,34.12217712,35888,8804405,2019,2019-03-11T00:00:00.000Z,1942,2019-01-30T00:00:00.000Z,1310,27150,1123,3,5,7,1942,0,0,0,K,0,11A95,DOVER ST,W EDENHURST AV,166,W,N,B,-,N,,0,0,,,0,,,,N,0,0,0,2,A,-,21,22106,,N,H,C,A,A,H,-,A,D,0,,,,,Y,,A,7,0,0,0,0,0,0,0,0,0,- ,- ,0,0,1500,1,LOS ANGELES,LOS ANGELES,CA,-118.2652555,34.12217712,"DOVER ST & EDENHURST AVE, LOS ANGELES, CA",DOVER ST,EDENHURST AVE,138993,
-118.256476,34.10591888,35889,8804421,2019,2019-03-07T00:00:00.000Z,1942,2019-01-21T00:00:00.000Z,1400,43655,1145,1,5,7,1942,0,0,0,K,0,11A86,RIVERSIDE DR,FLETCHER,45,S,N,A,-,N,,0,0,,,0,,,,Y,3,0,2,2,A,-,5,21650,,N,B,C,A,A,H,-,A,A,0,,,,,Y,,A,1,0,1,1,0,0,0,0,0,0,- ,- ,0,0,1500,1,LOS ANGELES,LOS ANGELES,CA,-118.256476,34.10591888,"RIVERSIDE DR & FLETCHER DR, LOS ANGELES, CA",RIVERSIDE DR,FLETCHER DR,142594,
-118.3951988,33.97066116,35890,8804863,2019,2019-02-19T00:00:00.000Z,1942,2019-01-02T00:00:00.000Z,1200,40235,1467,3,5,7,1942,0,0,0,N,0,14A67,SEPULVEDA BL,78TH ST,275,N,Y,A,-,N,,0,0,,,0,,,,Y,4,0,1,2,A,-,9,21801,A,N,A,C,A,A,H,-,A,D,0,,,,,Y,,A,1,0,0,1,0,0,0,0,0,0,- ,- ,0,0,1500,1,LOS ANGELES,LOS ANGELES,CA,-118.3951988,33.97066116,"SEPULVEDA BLVD & 78TH ST, LOS ANGELES, CA",SEPULVEDA BLVD,78TH ST,121456,
-118.4440592,33.99847031,35891,8804871,2019,2019-02-19T00:00:00.000Z,1942,2019-01-17T00:00:00.000Z,1420,41785,1443,4,5,7,1942,0,0,0,N,0,14A12,VENICE BL,MAPLEWOOD AV,30,E,N,B,-,N,,0,0,,,0,,,,N,4,0,1,3,A,-,4,21703,,N,C,C,A,A,H,-,A,D,0,,,,,Y,,A,7,0,0,1,0,0,0,0,0,0,- ,- ,0,0,1500,1,LOS ANGELES,LOS ANGELES,CA,-118.4440592,33.99847031,"VENICE BLVD & MAPLEWOOD AVE, LOS ANGELES, CA",VENICE BLVD,MAPLEWOOD AVE,142691,
-118.2536911,34.04542923,35892,8806725,2019,2019-03-05T00:00:00.000Z,1942,2019-01-29T00:00:00.000Z,1225,34332,163,2,5,7,1942,0,0,0,A,0,1A85,W 7TH ST,BROADWAY,120,W,N,A,-,N,,0,0,,,0,,,,N,4,0,1,2,A,-,5,21650,,F,B,C,A,-,H,-,A,A,0,,,,,Y,,-,99,0,0,1,0,0,0,0,0,0,- ,- ,0,0,1500,1,LOS ANGELES,LOS ANGELES,CA,-118.2536911,34.04542923,"7TH ST & BROADWAY, LOS ANGELES, CA",7TH ST,BROADWAY,117557,
-118.5688445,34.22822571,35893,8648603,2019,2019-02-14T00:00:00.000Z,1942,2019-01-15T00:00:00.000Z,1600,30830,1792,2,5,7,1942,0,0,0,Q,0,17A81,PARTHENIA ST,WINNETKA AV,675,E,N,B,-,N,,0,0,,,0,,,,Y,1,1,2,2,C,-,18,0,,N,A,C,A,B,H,-,A,A,0,,,,,Y,,-,- ,0,0,2,0,0,0,0,0,0,- ,- ,0,0,1800,1,LOS ANGELES,LOS ANGELES,CA,-118.5688445,34.22822571,"PARTHENIA ST & WINNETKA AVE, LOS ANGELES, CA",PARTHENIA ST,WINNETKA AVE,109348,
-118.2831022,34.06320572,35894,8648612,2019,2019-02-15T00:00:00.000Z,1942,2019-01-03T00:00:00.000Z,1650,34426,251,4,5,7,1942,0,0,0,B,0,2A45,6TH ST,LAFAYETTE PARK PL,0,,Y,A,-,N,,0,0,,,0,,,,Y,1,1,0,2,A,-,9,21801,A,N,D,C,A,A,H,-,A,A,0,,,Y,,Y,,A,1,0,0,0,0,0,0,0,1,0,- ,- ,0,0,1800,1,LOS ANGELES,LOS ANGELES,CA,-118.2831022,34.06320572,"6TH ST & LA FAYETTE PARK PL, LOS ANGELES, CA",6TH ST,LA FAYETTE PARK PL,121728,
-118.2879029,33.71151733,35896,8785693,2019,2019-02-12T00:00:00.000Z,1942,2019-01-17T00:00:00.000Z,135,39299,587,4,5,7,1942,0,0,0,,0,5A85,STEPHEN M WHITE DR,PACIFIC AV,15,E,N,B,-,N,,0,0,,,0,,,,Y,0,0,0,1,A,-,1,23152,A,N,E,I,A,B,H,-,C,D,0,,,,,Y,Y,A,1,0,0,0,0,0,0,0,0,0,- ,- ,0,0,300,1,LOS ANGELES,LOS ANGELES,CA,-118.2879029,33.71151733,"STEPHEN M WHITE DR & PACIFIC AVE, LOS ANGELES, CA",STEPHEN M WHITE DR,PACIFIC AVE,100092,
-118.3324199,34.00405121,35897,8791161,2019,2019-02-04T00:00:00.000Z,1942,2019-01-11T00:00:00.000Z,225,41844,392,5,5,7,1942,0,0,0,C,0,3A73,S CRENSHAW BL,W VERNON AV,213,N,N,A,-,N,,0,0,,,0,,,,Y,3,0,1,1,A,-,3,22350,,N,E,I,A,A,H,-,C,D,0,,,,,Y,Y,A,7,0,1,0,0,0,0,0,0,0,- ,- ,0,0,300,1,LOS ANGELES,LOS ANGELES,CA,-118.3324199,34.00405121,"CRENSHAW BLVD & VERNON AVE, LOS ANGELES, CA",CRENSHAW BLVD,VERNON AVE,127912,
-118.4725844,34.22137451,35898,8794576,2019,2019-03-22T00:00:00.000Z,1942,2019-01-15T00:00:00.000Z,100,38947,1991,2,5,7,1942,0,0,0,,0,19A93,ROSCOE BL,ORION AV,140,W,N,A,-,Y,LA,7,405,-,-,43.64,R,2,N,N,4,0,1,1,A,-,3,22350,,N,E,I,A,A,H,-,C,A,0,,,,,Y,,A,1,0,0,1,0,0,0,0,0,0,- ,- ,0,0,300,1,LOS ANGELES,LOS ANGELES,CA,-118.4725844,34.22137451,"ROSCOE BLVD & ORION AVE, LOS ANGELES, CA",ROSCOE BLVD,ORION AVE,147157,