X,Y,OBJECTID,case_id,accident_year,proc_date,juris,collision_date,collision_time,officer_id,reporting_district,day_of_week,chp_shift,population,cnty_city_loc,special_cond,beat_type,chp_beat_type,city_division_lapd,chp_beat_class,beat_number,primary_rd,secondary_rd,distance,direction,intersection,weather_1,weather_2,state_hwy_ind,caltrans_county,caltrans_district,state_route,route_suffix,postmile_prefix,postmile,location_type,ramp_intersection,side_of_hwy,tow_away,collision_severity,number_killed,number_injured,party_count,primary_coll_factor,pcf_code_of_viol,pcf_viol_category,pcf_violation,pcf_viol_subsection,hit_and_run,type_of_collision,mviw,ped_action,road_surface,road_cond_1,road_cond_2,lighting,control_device,chp_road_type,pedestrian_accident,bicycle_accident,motorcycle_accident,truck_accident,not_private_property,alcohol_involved,stwd_vehtype_at_fault,chp_vehtype_at_fault,count_severe_inj,count_visible_inj,count_complaint_pain,count_ped_killed,count_ped_injured,count_bicyclist_killed,count_bicyclist_injured,count_mc_killed,count_mc_injured,primary_ramp,secondary_ramp,latitude,longitude,timecat,month_,city,county,state,point_x,point_y,match_addr,m_primaryrd,m_secondrd,int_id,Flag
-118.2609921,34.10031509,35899,8802391,2019,2019-03-08T00:00:00.000Z,1942,2019-01-17T00:00:00.000Z,250,31857,1144,4,5,7,1942,0,0,0,K,0,11L95,SILVER LAKE BL,ARMSTRONG AV,0,,Y,C,-,N,,0,0,,,0,,,,Y,0,0,0,1,A,-,3,22350,,M,E,I,A,B,H,-,C,D,0,,,,,Y,,-,99,0,0,0,0,0,0,0,0,0,- ,- ,0,0,300,1,LOS ANGELES,LOS ANGELES,CA,-118.2609921,34.10031509,"SILVER LAKE BLVD & ARMSTRONG AVE, LOS ANGELES, CA",SILVER LAKE BLVD,ARMSTRONG AVE,128564,
-118.3386621,34.07869721,35900,8841669,2019,2019-04-15T00:00:00.000Z,1942,2019-01-06T00:00:00.000Z,200,38476,717,7,5,7,1942,0,0,0,G,0,7A17,HIGHLAND AV,OAKWOOD AV,150,N,N,C,-,N,,0,0,,,0,,,,Y,0,0,0,1,A,-,1,23152,A,N,E,I,A,B,H,-,C,D,0,,,,,Y,Y,A,1,0,0,0,0,0,0,0,0,0,- ,- ,0,0,300,1,LOS ANGELES,LOS ANGELES,CA,-118.3386621,34.0786972,"HIGHLAND AVE & OAKWOOD AVE, LOS ANGELES, CA",HIGHLAND AVE,OAKWOOD AVE,140882,
-118.3979439,34.28248215,35901,8789719,2019,2019-03-08T00:00:00.000Z,1942,2019-01-20T00:00:00.000Z,210,43298,LA160,7,5,7,1942,0,0,0,,0,16A59,HOYT ST,GLADSTONE AV,45,W,N,A,-,N,,0,0,,,0,,,,Y,0,0,0,4,A,-,3,22350,,M,C,C,A,A,H,-,C,A,0,,,,,Y,Y,D,22,0,0,0,0,0,0,0,0,0,- ,- ,0,0,300,1,LOS ANGELES,LOS ANGELES,CA,-118.3979439,34.28248215,"HOYT ST & GLADSTONE AVE, LOS ANGELES, CA",HOYT ST,GLADSTONE AVE,115968,
-118.2826832,33.98599243,35902,8791484,2019,2019-02-08T00:00:00.000Z,1942,2019-01-12T00:00:00.000Z,145,42097,RD123,6,5,7,1942,0,0,0,,0,12A67,FIGUEROA,59TH PL,10,N,N,C,-,N,,0,0,,,0,,,,N,0,0,0,2,A,-,3,22350,,M,B,E,A,B,H,-,C,D,0,,,,,Y,,-,99,0,0,0,0,0,0,0,0,0,- ,- ,0,0,300,1,LOS ANGELES,LOS ANGELES,CA,-118.2826832,33.98599243,"FIGUEROA ST & 59TH PL, LOS ANGELES, CA",FIGUEROA ST,59TH PL,96066,
-118.5709922,34.19462967,35903,8792095,2019,2019-02-26T00:00:00.000Z,1942,2019-01-12T00:00:00.000Z,5,38185,2149,6,5,7,1942,0,0,0,,0,21A29,N WINNETKA AV,VANOWEN ST,300,N,N,C,-,N,,0,0,,,0,,,,Y,3,0,1,3,A,-,9,21801,A,N,D,C,A,B,H,-,C,A,0,,,,,Y,,A,1,0,1,0,0,0,0,0,0,0,- ,- ,0,0,300,1,LOS ANGELES,LOS ANGELES,CA,-118.5709922,34.19462967,"WINNETKA AVE & VANOWEN ST, LOS ANGELES, CA",WINNETKA AVE,VANOWEN ST,122667,
-118.6047939,34.15128708,35904,8794526,2019,2019-04-11T00:00:00.000Z,1942,2019-01-07T00:00:00.000Z,225,42491,2196,1,5,7,1942,0,0,0,,0,21A73,TOPANGA CANYON BL,MULHOLLAND DR,30,N,N,C,-,Y,LA,7,27,-,-,11.07,H,-,N,Y,4,0,1,2,A,-,1,23152,A,N,B,E,A,B,H,-,C,D,0,,,,,Y,Y,A,1,0,0,1,0,0,0,0,0,0,- ,- ,0,0,300,1,LOS ANGELES,LOS ANGELES,CA,-118.6047939,34.15128708,"TOPANGA CANYON BLVD & MULHOLLAND DR, LOS ANGELES, CA",TOPANGA CANYON BLVD,MULHOLLAND DR,144877,
-118.5098822,34.20391464,35905,8795452,2019,2019-02-13T00:00:00.000Z,1942,2019-01-21T00:00:00.000Z,130,43365,1017,1,5,7,1942,0,0,0,J,0,10A17,LOUISE AV,LEADWELL ST,0,,Y,A,-,N,,0,0,,,0,,,,Y,0,0,0,4,A,-,8,22107,,M,B,E,A,A,H,-,C,D,0,,,,,Y,,A,7,0,0,0,0,0,0,0,0,0,- ,- ,0,0,300,1,LOS ANGELES,LOS ANGELES,CA,-118.5098822,34.20391464,"LOUISE AVE & LEADWELL ST, LOS ANGELES, CA",LOUISE AVE,LEADWELL ST,126416,
-118.1948521,34.03313446,35906,8797366,2019,2019-02-20T00:00:00.000Z,1942,2019-01-01T00:00:00.000Z,130,43054,469,2,5,7,1942,0,0,0,,0,4X11,4TH ST,VELASCO,0,,Y,A,-,N,,0,0,,,0,,,,Y,0,0,0,3,A,-,8,22107,,N,A,C,A,A,H,-,C,D,0,,,,,Y,Y,D,22,0,0,0,0,0,0,0,0,0,- ,- ,0,0,300,1,LOS ANGELES,LOS ANGELES,CA,-118.1948521,34.03313446,"4TH ST & VELASCO ST, LOS ANGELES, CA",4TH ST,VELASCO ST,124641,
-118.1770722,34.11936569,35907,8798836,2019,2019-02-20T00:00:00.000Z,1942,2019-01-12T00:00:00.000Z,130,40050,1129,6,5,7,1942,0,0,0,K,0,11A,POLLARD ST,AVENUE 65,0,,N,A,-,N,,0,0,,,0,,,,Y,0,0,0,3,A,-,3,22350,,M,B,E,A,B,H,-,C,D,0,,,,,Y,,-,,0,0,0,0,0,0,0,0,0,- ,- ,0,0,300,1,LOS ANGELES,LOS ANGELES,CA,-118.1770722,34.11936569,"POLLARD ST & AVE 65, LOS ANGELES, CA",POLLARD ST,AVE 65,125043,
-118.2924321,33.72327423,35908,8806921,2019,2019-04-02T00:00:00.000Z,1942,2019-01-12T00:00:00.000Z,200,36659,585,6,5,7,1942,0,0,0,,0,5XL3,GAFFEY ST,23RD ST,30,S,N,C,-,N,,0,0,,,0,,,,N,0,0,0,4,A,-,5,21650,,M,B,E,A,B,H,-,C,D,0,,,,,Y,Y,-,99,0,0,0,0,0,0,0,0,0,- ,- ,0,0,300,1,LOS ANGELES,LOS ANGELES,CA,-118.2924321,33.72327423,"GAFFEY ST & 23RD ST, LOS ANGELES, CA",GAFFEY ST,23RD ST,128191,
-118.5974523,34.16910176,35912,8782239,2019,2019-02-13T00:00:00.000Z,1942,2019-01-11T00:00:00.000Z,20,38183,2187,5,5,7,1942,0,0,0,,0,21A97,CANOGA AV,RT 101,43,S,N,A,-,Y,LA,7,101,-,-,24.749,R,4,S,N,4,0,2,2,A,-,3,22350,,F,C,C,A,A,H,-,D,A,0,,,,,Y,,-,99,0,0,2,0,0,0,0,0,0,- ,- ,0,0,300,1,LOS ANGELES,LOS ANGELES,CA,-118.5974523,34.16910176,"CANOGA AVE & RT 101 S/B ON, LOS ANGELES, CA",CANOGA AVE,RT 101 S/B ON,123489,
-118.3066022,34.05766678,44805,8648619,2019,2019-02-15T00:00:00.000Z,1942,2019-01-18T00:00:00.000Z,745,40058,2033,5,5,7,1942,0,0,0,,0,20A33,W 8TH ST,S SERRANO AV,0,,Y,A,-,N,,0,0,,,0,,,,Y,1,1,0,2,A,-,9,21801,A,N,D,C,A,A,H,-,A,D,0,,,Y,,Y,,A,1,0,0,0,0,0,0,0,1,0,- ,- ,0,0,900,1,LOS ANGELES,LOS ANGELES,CA,-118.3066022,34.05766678,"8TH ST & SERRANO AVE, LOS ANGELES, CA",8TH ST,SERRANO AVE,96438,
-118.4023104,34.18666051,44807,8800666,2019,2019-03-22T00:00:00.000Z,1942,2019-01-07T00:00:00.000Z,800,32268,1532,1,5,7,1942,0,0,0,O,0,15A33,VICTORY BL,HOLLYWOOD FWY,10,S,N,B,C,Y,LA,7,170,-,R,17.447,R,1,S,N,4,0,1,2,A,-,21,22106,,N,C,C,A,B,H,-,A,A,0,,,,,Y,,A,8,0,0,1,0,0,0,0,0,0,- ,- ,0,0,900,1,LOS ANGELES,LOS ANGELES,CA,-118.4023104,34.18666051,"VICTORY BLVD & RT 170 S/B OFF, LOS ANGELES, CA",VICTORY BLVD,RT 170 S/B OFF,123833,
-118.2757649,34.09705734,44808,8648684,2019,2019-03-05T00:00:00.000Z,1942,2019-01-16T00:00:00.000Z,615,38050,1143,3,5,7,1942,0,0,0,K,0,11A71,HYPERION AV,DE LONGPRE AV,44,S,N,B,-,N,,0,0,,,0,,,,N,1,1,0,2,A,-,5,21650,,F,G,B,F,B,H,-,C,D,0,Y,,,,Y,,-,99,0,0,0,1,0,0,0,0,0,- ,- ,0,0,900,1,LOS ANGELES,LOS ANGELES,CA,-118.2757649,34.09705734,"HYPERION AVE & DE LONGPRE AVE, LOS ANGELES, CA",HYPERION AVE,DE LONGPRE AVE,128568,
-118.2421343,33.93862915,44810,8760947,2019,2019-02-14T00:00:00.000Z,1942,2019-01-01T00:00:00.000Z,600,41536,1837,2,5,7,1942,0,0,0,R,0,18A35,E 107TH ST,GRAHAM AV,200,E,N,A,-,N,,0,0,,,0,,,,N,0,0,0,5,A,-,1,23152,A,M,B,E,A,A,H,-,B,D,0,,,,,Y,Y,A,1,0,0,0,0,0,0,0,0,0,- ,- ,0,0,900,1,LOS ANGELES,LOS ANGELES,CA,-118.2421343,33.93862915,"107TH ST & GRAHAM AVE, LOS ANGELES, CA",107TH ST,GRAHAM AVE,124204,
-118.5011122,34.1687851,44811,8761820,2019,2019-02-13T00:00:00.000Z,1942,2019-01-08T00:00:00.000Z,815,37686,1068,2,5,7,1942,0,0,0,J,0,10A99,BALBOA BL,CLARK ST,0,,Y,A,-,N,,0,0,,,0,,,,Y,0,0,0,2,A,-,3,22350,,M,C,E,A,A,H,-,A,D,0,,,,,Y,,A,7,0,0,0,0,0,0,0,0,0,- ,- ,0,0,900,1,LOS ANGELES,LOS ANGELES,CA,-118.5011122,34.1687851,"BALBOA BLVD & CLARK ST, LOS ANGELES, CA",BALBOA BLVD,CLARK ST,143676,
-118.5347492,34.2047348,44812,8762002,2019,2019-02-14T00:00:00.000Z,1942,2019-01-08T00:00:00.000Z,700,33700,1015,2,5,7,1942,0,0,0,J,0,10A3,VALERIO ST,CANBY AV,10,E,N,A,-,N,,0,0,,,0,,,,Y,0,0,0,2,A,-,21,22106,,M,H,E,A,A,H,-,A,A,0,,,,,Y,,A,1,0,0,0,0,0,0,0,0,0,- ,- ,0,0,900,1,LOS ANGELES,LOS ANGELES,CA,-118.5347492,34.2047348,"VALERIO ST & CANBY AVE, LOS ANGELES, CA",VALERIO ST,CANBY AVE,112326,
-118.4609544,34.30115128,44813,8772106,2019,2019-02-01T00:00:00.000Z,1942,2019-01-01T00:00:00.000Z,650,37686,1913,2,5,7,1942,0,0,0,,0,19A1,SAN FERNANDO RD,OSWALD ST,300,W,N,A,-,N,,0,0,,,0,,,,N,0,0,0,2,A,-,3,22350,,M,B,E,A,A,H,-,A,D,0,,,,,Y,,-,99,0,0,0,0,0,0,0,0,0,- ,- ,0,0,900,1,LOS ANGELES,LOS ANGELES,CA,-118.4609544,34.30115128,"SAN FERNANDO RD & OSWALD ST, LOS ANGELES, CA",SAN FERNANDO RD,OSWALD ST,101645,
-118.5359491,34.16873932,44814,8772110,2019,2019-02-01T00:00:00.000Z,1942,2019-01-01T00:00:00.000Z,625,40065,1063,2,5,7,1942,0,0,0,J,0,10A83,VENTURA BL,RESEDA BL,45,E,N,A,-,N,,0,0,,,0,,,,Y,0,0,0,2,A,-,8,22107,,M,C,C,A,A,H,-,A,A,0,,,,,Y,,A,1,0,0,0,0,0,0,0,0,0,- ,- ,0,0,900,1,LOS ANGELES,LOS ANGELES,CA,-118.5359491,34.16873932,"VENTURA BLVD & RESEDA BLVD, LOS ANGELES, CA",VENTURA BLVD,RESEDA BLVD,119105,
-118.2520577,33.74992752,44815,8772120,2019,2019-02-11T00:00:00.000Z,1942,2019-01-02T00:00:00.000Z,810,37724,559,3,5,7,1942,0,0,0,E,0,5A59,TERMINAL WY,NAVY WY,700,W,N,A,-,N,,0,0,,,0,,,,Y,3,0,1,2,A,-,8,22102,,N,D,C,A,A,H,-,A,A,0,,,,Y,Y,,F,75,0,1,0,0,0,0,0,0,0,- ,- ,0,0,900,1,LOS ANGELES,LOS ANGELES,CA,-118.2520577,33.74992752,"TERMINAL WAY & NAVY WAY, LOS ANGELES, CA",TERMINAL WAY,NAVY WAY,800,
-118.3689915,34.21914673,44816,8774157,2019,2019-03-29T00:00:00.000Z,1942,2019-01-06T00:00:00.000Z,730,37816,1687,7,5,7,1942,0,0,0,P,0,16A81,SUNLAND BL,SAN FERNANDO RD,24,E,N,A,-,N,,0,0,,,0,,,,Y,2,0,2,2,A,-,1,23152,A,N,D,C,A,B,H,-,A,A,0,,,,,Y,,A,1,1,1,0,0,0,0,0,0,0,- ,- ,0,0,900,1,LOS ANGELES,LOS ANGELES,CA,-118.3689915,34.21914673,"SUNLAND BLVD & SAN FERNANDO RD, LOS ANGELES, CA",SUNLAND BLVD,SAN FERNANDO RD,101151,
-118.4476495,34.03063583,44817,8774236,2019,2019-02-08T00:00:00.000Z,1942,2019-01-06T00:00:00.000Z,610,34959,891,7,5,7,1942,0,0,0,H,0,8A53,PICO BL,GRANVILLE AV,60,E,N,B,-,N,,0,0,,,0,,,,Y,0,0,0,1,A,-,1,23152,F,N,E,I,A,B,H,-,B,D,0,,,,,Y,,A,1,0,0,0,0,0,0,0,0,0,- ,- ,0,0,900,1,LOS ANGELES,LOS ANGELES,CA,-118.4476495,34.03063583,"PICO BLVD & GRANVILLE AVE, LOS ANGELES, CA",PICO BLVD,GRANVILLE AVE,114334,
-118.3761921,34.05070496,44818,8776490,2019,2019-02-02T00:00:00.000Z,1942,2019-01-04T00:00:00.000Z,800,39655,859,5,5,7,1942,0,0,0,H,0,8A59,CASHIO ST,S LA CIENEGA BL,0,,Y,A,-,N,,0,0,,,0,,,,N,3,0,1,2,A,-,5,21650,1,N,A,G,A,A,H,-,A,A,0,,Y,,,Y,,L,4,0,1,0,0,0,0,1,0,0,- ,- ,0,0,900,1,LOS ANGELES,LOS ANGELES,CA,-118.3761921,34.05070496,"CASHIO ST & LA CIENEGA BLVD, LOS ANGELES, CA",CASHIO ST,LA CIENEGA BLVD,124495,
-118.4427144,33.98449326,44819,8776537,2019,2019-02-02T00:00:00.000Z,1942,2019-01-03T00:00:00.000Z,830,36553,1454,4,5,7,1942,0,0,0,N,0,14A45,LINCOLN BL,MARINA FWY,50,S,N,A,-,N,,0,0,,,0,,,,Y,4,0,1,1,A,-,3,22350,,N,E,I,A,A,H,-,A,D,0,,,,,Y,,A,1,0,0,1,0,0,0,0,0,0,- ,- ,0,0,900,1,LOS ANGELES,LOS ANGELES,CA,-118.4427144,33.98449326,"LINCOLN BLVD & MARINA FWY, LOS ANGELES, CA",LINCOLN BLVD,MARINA FWY,137824,
-118.410631,34.02710724,44820,8776541,2019,2019-02-02T00:00:00.000Z,1942,2019-01-03T00:00:00.000Z,620,36553,1406,4,5,7,1942,0,0,0,N,0,14A27,MENTONE AV,WOODBINE AV,5,N,N,A,-,N,,0,0,,,0,,,,N,4,0,1,2,A,-,10,21950,A,F,G,B,B,A,H,-,A,D,0,Y,,,,Y,,-,99,0,0,1,0,1,0,0,0,0,- ,- ,0,0,900,1,LOS ANGELES,LOS ANGELES,CA,-118.410631,34.02710724,"MENTONE AVE & WOODBINE ST, LOS ANGELES, CA",MENTONE AVE,WOODBINE ST,117938,
-118.2992122,34.06175613,44821,8776545,2019,2019-02-02T00:00:00.000Z,1942,2019-01-08T00:00:00.000Z,655,39655,2027,2,5,7,1942,0,0,0,,0,20A45,WILSHIRE BL,S MARIPOSA AV,0,,Y,A,-,N,,0,0,,,0,,,,N,4,0,1,2,A,-,10,21950,A,F,G,B,B,A,H,-,A,A,0,Y,,,,Y,,-,99,0,0,1,0,1,0,0,0,0,- ,- ,0,0,900,1,LOS ANGELES,LOS ANGELES,CA,-118.2992122,34.06175613,"WILSHIRE BLVD & MARIPOSA AVE, LOS ANGELES, CA",WILSHIRE BLVD,MARIPOSA AVE,98533,
-118.3092022,33.84285355,44822,8776984,2019,2019-02-05T00:00:00.000Z,1942,2019-01-09T00:00:00.000Z,700,42293,,3,5,7,1942,0,0,0,,0,,WESTERN AV,207TH ST,0,,Y,A,-,N,,0,0,,,0,,,,N,3,0,1,2,A,-,9,21802,A,F,D,G,A,A,H,-,A,D,0,,Y,,,Y,,-,99,0,1,0,0,0,0,1,0,0,- ,- ,0,0,900,1,LOS ANGELES,LOS ANGELES,CA,-118.3092022,33.84285355,"WESTERN AVE & 207TH ST, LOS ANGELES, CA",WESTERN AVE,207TH ST,131268,
-118.4661824,34.17374039,44823,8778096,2019,2019-02-01T00:00:00.000Z,1942,2019-01-08T00:00:00.000Z,840,38687,952,2,5,7,1942,0,0,0,I,0,9A41,SEPULVEDA BL,BURBANK BL,600,N,N,A,-,N,,0,0,,,0,,,,N,0,0,0,2,A,-,8,22107,,M,C,C,A,A,H,-,A,D,0,,,,,Y,,-,99,0,0,0,0,0,0,0,0,0,- ,- ,0,0,900,1,LOS ANGELES,LOS ANGELES,CA,-118.4661824,34.17374039,"SEPULVEDA BLVD & BURBANK BLVD, LOS ANGELES, CA",SEPULVEDA BLVD,BURBANK BLVD,115300,
-118.3383668,34.1448555,44824,8778111,2019,2019-02-02T00:00:00.000Z,1942,2019-01-08T00:00:00.000Z,650,41274,1589,2,5,7,1942,0,0,0,O,0,15A67,FOREST LAWN DR,COYOTE CANYON RD,30,E,N,A,-,N,,0,0,,,0,,,,Y,0,0,0,2,A,-,8,22107,,M,D,C,A,A,H,-,A,D,0,,,,,Y,,-,99,0,0,0,0,0,0,0,0,0,- ,- ,0,0,900,1,LOS ANGELES,LOS ANGELES,CA,-118.3383668,34.1448555,"FOREST LAWN DR & COYOTE CANYON RD, LOS ANGELES, CA",FOREST LAWN DR,COYOTE CANYON RD,144284,
-118.5189056,34.16252899,44825,8778123,2019,2019-02-02T00:00:00.000Z,1942,2019-01-08T00:00:00.000Z,640,41497,1075,2,5,7,1942,0,0,0,J,0,10A99,VENTURA BL,WHITE OAK AV,100,W,N,A,-,N,,0,0,,,0,,,,N,0,0,0,2,A,-,7,21658,A,M,B,C,A,A,H,-,A,A,0,,,,,Y,,-,99,0,0,0,0,0,0,0,0,0,- ,- ,0,0,900,1,LOS ANGELES,LOS ANGELES,CA,-118.5189056,34.16252899,"VENTURA BLVD & WHITE OAK AVE, LOS ANGELES, CA",VENTURA BLVD,WHITE OAK AVE,115617,
-118.3937621,34.23928452,44826,8778171,2019,2019-02-06T00:00:00.000Z,1942,2019-01-12T00:00:00.000Z,600,38687,1663,6,5,7,1942,0,0,0,P,0,16A77,SAN FERNANDO RD,SHELDON ST,0,,Y,C,-,N,,0,0,,,0,,,,N,3,0,1,2,A,-,12,21453,A,F,G,B,B,B,H,-,A,A,0,Y,,,,Y,,-,99,0,1,0,0,1,0,0,0,0,- ,- ,0,0,900,1,LOS ANGELES,LOS ANGELES,CA,-118.3937621,34.23928452,"SAN FERNANDO RD & SHELDON ST, LOS ANGELES, CA",SAN FERNANDO RD,SHELDON ST,105198,
-118.2836996,33.96552658,44828,8779062,2019,2019-02-06T00:00:00.000Z,1942,2019-01-09T00:00:00.000Z,620,38503,1266,3,5,7,1942,0,0,0,L,0,25T45,W 81ST ST,FIGUEROA ST,300,W,N,A,-,N,,0,0,,,0,,,,Y,3,0,1,3,A,-,5,21650,,N,B,E,A,A,H,-,B,D,0,,,,,Y,,A,1,0,1,0,0,0,0,0,0,0,- ,- ,0,0,900,1,LOS ANGELES,LOS ANGELES,CA,-118.2836996,33.96552658,"81ST ST & FIGUEROA ST, LOS ANGELES, CA",81ST ST,FIGUEROA ST,113650,
-118.2848821,33.97464371,44829,8779106,2019,2019-02-06T00:00:00.000Z,1942,2019-01-10T00:00:00.000Z,800,31755,1256,4,5,7,1942,0,0,0,L,0,25MQ13,FLORENCE,ESTRELLA AV,0,,Y,A,-,N,,0,0,,,0,,,,N,4,0,1,2,A,-,7,21658,A,N,B,C,A,A,A,-,A,D,0,,,,Y,Y,,A,1,0,0,1,0,0,0,0,0,0,- ,- ,0,0,900,1,LOS ANGELES,LOS ANGELES,CA,-118.2848821,33.97464371,"FLORENCE AVE & ESTRELLA AVE, LOS ANGELES, CA",FLORENCE AVE,ESTRELLA AVE,148766,
-118.2871522,33.99642563,44830,8779205,2019,2019-02-05T00:00:00.000Z,1942,2019-01-11T00:00:00.000Z,840,38503,1208,5,5,7,1942,0,0,0,L,0,25T21,S HOOVER ST,W 51ST ST,0,,Y,B,C,N,,0,0,,,0,,,,Y,4,0,1,2,A,-,7,21658,A,F,B,C,A,A,H,-,A,A,0,,,,,Y,,-,99,0,0,1,0,0,0,0,0,0,- ,- ,0,0,900,1,LOS ANGELES,LOS ANGELES,CA,-118.2871522,33.99642563,"HOOVER ST & 51ST ST, LOS ANGELES, CA",HOOVER ST,51ST ST,138439,
-118.2679521,34.06088638,44832,8779261,2019,2019-02-11T00:00:00.000Z,1942,2019-01-02T00:00:00.000Z,850,38729,247,3,5,7,1942,0,0,0,B,0,2A47,UNION AV,3RD ST,0,,Y,A,-,N,,0,0,,,0,,,,N,3,0,2,3,A,-,10,21950,A,N,G,B,B,A,H,-,A,A,0,Y,,,,Y,,D,22,0,2,0,0,2,0,0,0,0,- ,- ,0,0,900,1,LOS ANGELES,LOS ANGELES,CA,-118.2679521,34.06088638,"UNION AVE & 3RD ST, LOS ANGELES, CA",UNION AVE,3RD ST,107018,
-118.2871121,33.98913956,44833,8779284,2019,2019-02-05T00:00:00.000Z,1942,2019-01-08T00:00:00.000Z,820,37679,1239,2,5,7,1942,0,0,0,L,0,12A49,S HOOVER ST,SLAUSON AV,5,N,N,A,-,N,,0,0,,,0,,,,Y,4,0,1,1,A,-,3,22350,,M,E,I,A,A,H,-,A,D,0,,,,,Y,,-,99,0,0,1,0,0,0,0,0,0,- ,- ,0,0,900,1,LOS ANGELES,LOS ANGELES,CA,-118.2871121,33.98913956,"HOOVER ST & SLAUSON AVE, LOS ANGELES, CA",HOOVER ST,SLAUSON AVE,110047,
-118.2698921,34.05729675,44834,8779286,2019,2019-02-15T00:00:00.000Z,1942,2019-01-17T00:00:00.000Z,615,37692,257,4,5,7,1942,0,0,0,B,0,2A75,UNION AV,6TH ST,0,,Y,C,-,N,,0,0,,,0,,,,N,4,0,1,2,A,-,10,21950,C,N,G,B,B,B,G,-,C,A,0,Y,,,,Y,,D,22,0,0,1,0,1,0,0,0,0,- ,- ,0,0,900,1,LOS ANGELES,LOS ANGELES,CA,-118.2698921,34.05729675,"UNION AVE & 6TH ST, LOS ANGELES, CA",UNION AVE,6TH ST,107045,
-118.4479822,34.06197357,44835,8779300,2019,2019-02-05T00:00:00.000Z,1942,2019-01-10T00:00:00.000Z,749,38721,817,4,5,7,1942,0,0,0,H,0,8A29,GAYLEY AV,WEYBURN AV,0,,Y,A,B,N,,0,0,,,0,,,,Y,2,0,1,2,A,-,9,21801,A,N,D,C,A,A,H,-,A,A,0,,,Y,,Y,,A,1,1,0,0,0,0,0,0,0,1,- ,- ,0,0,900,1,LOS ANGELES,LOS ANGELES,CA,-118.4479822,34.06197357,"GAYLEY AVE & WEYBURN AVE, LOS ANGELES, CA",GAYLEY AVE,WEYBURN AVE,128911,
-118.3201021,34.04354477,44836,8779308,2019,2019-02-05T00:00:00.000Z,1942,2019-01-03T00:00:00.000Z,840,43605,779,4,5,7,1942,0,0,0,,0,7A53,VENICE BL,3RD AV,0,,Y,A,-,N,,0,0,,,0,,,,N,3,0,1,2,A,-,9,21802,A,F,D,C,A,A,H,-,A,D,0,,,,,Y,,-,99,0,1,0,0,0,0,0,0,0,- ,- ,0,0,900,1,LOS ANGELES,LOS ANGELES,CA,-118.3201021,34.04354477,"VENICE BLVD & 3RD AVE, LOS ANGELES, CA",VENICE BLVD,3RD AVE,121120,
-118.2182712,34.01732254,44837,8779313,2019,2019-02-12T00:00:00.000Z,1942,2019-01-24T00:00:00.000Z,728,37505,497,4,5,7,1942,0,0,0,D,0,4A97,EAST WASHINGTON BL,SOTO ST,547,E,N,A,-,N,,0,0,,,0,,,,N,0,0,0,4,A,-,3,22350,,M,C,-,A,A,H,-,A,-,0,,,,,Y,,-,99,0,0,0,0,0,0,0,0,0,- ,- ,0,0,900,1,LOS ANGELES,LOS ANGELES,CA,-118.2182712,34.01732254,"WASHINGTON BLVD & SOTO ST, LOS ANGELES, CA",WASHINGTON BLVD,SOTO ST,131484,
-118.4436921,34.02738571,44838,8779344,2019,2019-02-05T00:00:00.000Z,1942,2019-01-09T00:00:00.000Z,818,40010,1401,3,5,7,1942,0,0,0,N,0,14A25,STONER AV,GATEWAY BL,0,,Y,A,-,N,,0,0,,,0,,,,N,3,0,1,2,A,-,12,22450,A,F,D,C,A,A,H,-,A,A,0,,,Y,,Y,,-,99,0,1,0,0,0,0,0,0,1,- ,- ,0,0,900,1,LOS ANGELES,LOS ANGELES,CA,-118.4436921,34.02738571,"STONER AVE & GATEWAY BLVD, LOS ANGELES, CA",STONER AVE,GATEWAY BLVD,147974,
-118.2784422,33.94917297,44839,8779434,2019,2019-02-11T00:00:00.000Z,1942,2019-01-24T00:00:00.000Z,615,39397,1822,4,5,7,1942,0,0,0,R,0,18A17,S BROADWAY,W COLDEN AV,0,,Y,A,-,N,,0,0,,,0,,,,N,4,0,1,2,A,-,12,21453,A,N,D,G,A,A,H,-,A,A,0,,Y,,,Y,,L,4,0,0,1,0,0,0,1,0,0,- ,- ,0,0,900,1,LOS ANGELES,LOS ANGELES,CA,-118.2784422,33.94917297,"BROADWAY & COLDEN AVE, LOS ANGELES, CA",BROADWAY,COLDEN AVE,144340,
-118.2798621,34.05169678,44840,8779408,2019,2019-02-12T00:00:00.000Z,1942,2019-01-03T00:00:00.000Z,630,40839,275,4,5,7,1942,0,0,0,B,0,2A17,OLYMPIC,ALVARADO,0,,Y,A,-,N,,0,0,,,0,,,,Y,3,0,3,2,A,-,9,21801,A,N,A,C,A,-,-,-,B,A,0,,,,,Y,,A,1,0,2,1,0,0,0,0,0,0,- ,- ,0,0,900,1,LOS ANGELES,LOS ANGELES,CA,-118.2798621,34.05169678,"OLYMPIC BLVD & ALVARADO ST,, CA",OLYMPIC BLVD,ALVARADO ST,145718,