X,Y,OBJECTID,case_id,accident_year,proc_date,juris,collision_date,collision_time,officer_id,reporting_district,day_of_week,chp_shift,population,cnty_city_loc,special_cond,beat_type,chp_beat_type,city_division_lapd,chp_beat_class,beat_number,primary_rd,secondary_rd,distance,direction,intersection,weather_1,weather_2,state_hwy_ind,caltrans_county,caltrans_district,state_route,route_suffix,postmile_prefix,postmile,location_type,ramp_intersection,side_of_hwy,tow_away,collision_severity,number_killed,number_injured,party_count,primary_coll_factor,pcf_code_of_viol,pcf_viol_category,pcf_violation,pcf_viol_subsection,hit_and_run,type_of_collision,mviw,ped_action,road_surface,road_cond_1,road_cond_2,lighting,control_device,chp_road_type,pedestrian_accident,bicycle_accident,motorcycle_accident,truck_accident,not_private_property,alcohol_involved,stwd_vehtype_at_fault,chp_vehtype_at_fault,count_severe_inj,count_visible_inj,count_complaint_pain,count_ped_killed,count_ped_injured,count_bicyclist_killed,count_bicyclist_injured,count_mc_killed,count_mc_injured,primary_ramp,secondary_ramp,latitude,longitude,timecat,month_,city,county,state,point_x,point_y,match_addr,m_primaryrd,m_secondrd,int_id,Flag
-118.4749422,34.19061279,44841,8780996,2019,2019-02-11T00:00:00.000Z,1942,2019-01-07T00:00:00.000Z,615,40065,1039,1,5,7,1942,0,0,0,J,0,10A39,HASKELL AV,HAYNES ST,513,N,N,C,-,N,,0,0,,,0,,,,Y,0,0,0,5,A,-,8,22107,,M,C,E,A,B,H,-,B,D,0,,,,,Y,,A,1,0,0,0,0,0,0,0,0,0,- ,- ,0,0,900,1,LOS ANGELES,LOS ANGELES,CA,-118.4749422,34.19061279,"HASKELL AVE & HAYNES ST, LOS ANGELES, CA",HASKELL AVE,HAYNES ST,136660,
-118.5975416,34.21534729,44842,8781151,2019,2019-02-01T00:00:00.000Z,1942,2019-01-01T00:00:00.000Z,800,33514,2125,2,5,7,1942,0,0,0,,0,21A5,CANOGA BL,STRATERN ST,75,S,N,A,-,N,,0,0,,,0,,,,Y,4,0,1,1,A,-,1,23152,C,N,E,J,A,A,H,-,A,D,0,,,,,Y,,A,1,0,0,1,0,0,0,0,0,0,- ,- ,0,0,900,1,LOS ANGELES,LOS ANGELES,CA,-118.5975416,34.21534729,"CANOGA AVE & STRATHERN ST, LOS ANGELES, CA",CANOGA AVE,STRATHERN ST,115398,
-118.3860796,34.18019104,44843,8781552,2019,2019-02-15T00:00:00.000Z,1942,2019-01-04T00:00:00.000Z,745,31688,1526,5,5,7,1942,0,0,0,O,0,15A27,HAZELHURST PL,OXNARD ST,315,N,N,A,-,N,,0,0,,,0,,,,Y,0,0,0,2,A,-,8,22107,,M,C,E,A,A,H,-,A,D,0,,,,,Y,,A,1,0,0,0,0,0,0,0,0,0,- ,- ,0,0,900,1,LOS ANGELES,LOS ANGELES,CA,-118.3860796,34.18019104,"HAZELHURST PL & OXNARD ST, LOS ANGELES, CA",HAZELHURST PL,OXNARD ST,136197,
-118.6250527,34.16547012,44844,8781600,2019,2019-02-15T00:00:00.000Z,1942,2019-01-01T00:00:00.000Z,610,39217,2173,2,5,7,1942,0,0,0,,0,21A73,VENTURA BL,FALLBROOK AV,565,W,N,A,-,N,,0,0,,,0,,,,Y,0,0,0,1,A,-,3,22350,,M,E,I,A,A,H,-,B,D,0,,,,,Y,,A,1,0,0,0,0,0,0,0,0,0,- ,- ,0,0,900,1,LOS ANGELES,LOS ANGELES,CA,-118.6250527,34.16547012,"VENTURA BLVD & FALLBROOK AVE, LOS ANGELES, CA",VENTURA BLVD,FALLBROOK AVE,115131,
-118.2917921,33.97039414,44845,8781811,2019,2019-02-12T00:00:00.000Z,1942,2019-01-24T00:00:00.000Z,845,40404,1257,4,5,7,1942,0,0,0,L,0,12A57,S VERMONT AV,77TH ST,55,N,N,A,-,N,,0,0,,,0,,,,Y,4,0,3,3,A,-,3,22350,,N,C,C,A,A,H,-,A,A,0,,,,,Y,,D,22,0,0,3,0,0,0,0,0,0,- ,- ,0,0,900,1,LOS ANGELES,LOS ANGELES,CA,-118.2917921,33.97039413,"VERMONT AVE & 77TH ST, LOS ANGELES, CA",VERMONT AVE,77TH ST,98847,
-118.3648748,34.10443115,44846,8781834,2019,2019-02-11T00:00:00.000Z,1942,2019-01-17T00:00:00.000Z,700,42570,,4,5,7,1942,0,0,0,,0,6A15,SEAVIEW TER,WOODLAND LN,0,,-,B,C,N,,0,0,,,0,,,,N,0,0,0,2,A,-,8,22107,,N,C,E,A,B,E,-,A,D,0,,,,Y,Y,,F,27,0,0,0,0,0,0,0,0,0,- ,- ,0,0,900,1,LOS ANGELES,LOS ANGELES,CA,-118.3648748,34.10443115,"SEAVIEW TRL & WOODLAND LN, LOS ANGELES, CA",SEAVIEW TRL,WOODLAND LN,139246,
-118.3843631,34.14013672,44847,8782385,2019,2019-02-13T00:00:00.000Z,1942,2019-01-09T00:00:00.000Z,715,42051,1583,3,5,7,1942,0,0,0,O,0,15A85,VENTURA BL,BLUE CANYON DR,145,E,N,A,-,N,,0,0,,,0,,,,Y,0,0,0,1,A,-,8,22107,,M,E,I,A,A,H,-,A,D,0,,,,,Y,,A,1,0,0,0,0,0,0,0,0,0,- ,- ,0,0,900,1,LOS ANGELES,LOS ANGELES,CA,-118.3843631,34.14013672,"VENTURA BLVD & BLUE CANYON DR, LOS ANGELES, CA",VENTURA BLVD,BLUE CANYON DR,132581,
-118.5622839,34.2060318,44848,8782686,2019,2019-02-05T00:00:00.000Z,1942,2019-01-08T00:00:00.000Z,800,40937,2139,2,5,7,1942,0,0,0,,0,21A29,CORBIN AV,RUNNYMEDE ST,35,N,N,A,-,N,,0,0,,,0,,,,Y,4,0,2,3,A,-,7,21658,A,F,B,C,A,A,H,-,A,D,0,,,,,Y,,-,99,0,0,2,0,0,0,0,0,0,- ,- ,0,0,900,1,LOS ANGELES,LOS ANGELES,CA,-118.5622839,34.2060318,"CORBIN AVE & RUNNYMEDE ST, LOS ANGELES, CA",CORBIN AVE,RUNNYMEDE ST,129583,
-118.2104818,34.0579567,44849,8784288,2019,2019-02-13T00:00:00.000Z,1942,2019-01-07T00:00:00.000Z,805,38729,443,1,5,7,1942,0,0,0,D,0,4A15,MARENGO ST,STATE ST,100,W,N,C,-,N,,0,0,,,0,,,,N,4,0,3,2,A,-,9,21804,A,N,D,C,A,B,H,-,A,D,0,,,,,Y,,A,1,0,0,3,0,0,0,0,0,0,- ,- ,0,0,900,1,LOS ANGELES,LOS ANGELES,CA,-118.2104818,34.0579567,"MARENGO ST & STATE ST, LOS ANGELES, CA",MARENGO ST,STATE ST,145776,
-118.3397408,34.01029968,44850,8784326,2019,2019-02-25T00:00:00.000Z,1942,2019-01-23T00:00:00.000Z,830,37724,363,3,5,7,1942,0,0,0,C,0,3A63,SANTA ROSALIA DR,MARLTON DR,50,E,N,A,-,N,,0,0,,,0,,,,N,0,0,0,2,A,-,7,21658,A,M,B,C,A,A,H,-,A,A,0,,,,,Y,,-,99,0,0,0,0,0,0,0,0,0,- ,- ,0,0,900,1,LOS ANGELES,LOS ANGELES,CA,-118.3397408,34.01029968,"SANTA ROSALIA DR & MARLTON AVE, LOS ANGELES, CA",SANTA ROSALIA DR,MARLTON AVE,99771,
-118.3440521,34.08027649,44851,8784138,2019,2019-02-13T00:00:00.000Z,1942,2019-01-17T00:00:00.000Z,830,43396,715,4,5,7,1942,0,0,0,G,0,7A1,LA BREA,ROSEWOOD,0,,Y,C,-,N,,0,0,,,0,,,,Y,4,0,1,3,A,-,9,21801,A,N,D,C,A,B,H,-,A,D,0,,,,,Y,,A,1,0,0,1,0,0,0,0,0,0,- ,- ,0,0,900,1,LOS ANGELES,LOS ANGELES,CA,-118.3440521,34.08027649,"LA BREA AVE & ROSEWOOD AVE,, CA",LA BREA AVE,ROSEWOOD AVE,138988,
-118.3175434,33.98909378,44852,8784363,2019,2019-02-14T00:00:00.000Z,1942,2019-01-30T00:00:00.000Z,700,33599,1232,3,5,7,1942,0,0,0,L,0,12A31,SLAUSON AV,VANNESS AV,30,E,N,A,-,N,,0,0,,,0,,,,N,4,0,1,2,A,-,3,22350,,N,C,C,A,A,H,-,A,A,0,,,,,Y,,A,1,0,0,1,0,0,0,0,0,0,- ,- ,0,0,900,1,LOS ANGELES,LOS ANGELES,CA,-118.3175434,33.98909378,"SLAUSON AVE & VAN NESS AVE, LOS ANGELES, CA",SLAUSON AVE,VAN NESS AVE,109422,
-118.3180004,34.09600449,44853,8784391,2019,2019-02-28T00:00:00.000Z,1942,2019-01-23T00:00:00.000Z,820,39127,667,3,5,7,1942,0,0,0,F,0,6A67,N BRONSON AV,FERNWOOD AV,73,N,N,A,-,N,,0,0,,,0,,,,N,0,0,0,2,A,-,4,21703,,N,B,C,A,A,H,-,A,D,0,,,,,Y,,D,22,0,0,0,0,0,0,0,0,0,- ,- ,0,0,900,1,LOS ANGELES,LOS ANGELES,CA,-118.3180004,34.09600449,"BRONSON AVE & FERNWOOD AVE, LOS ANGELES, CA",BRONSON AVE,FERNWOOD AVE,1877,
-118.3762926,34.07603455,44854,8784498,2019,2019-02-13T00:00:00.000Z,1942,2019-01-14T00:00:00.000Z,700,38788,722,1,5,7,1942,0,0,0,G,0,7A22,BEVERLY BL,LA CIENEGA BL,100,E,N,C,-,N,,0,0,,,0,,,,N,4,0,1,2,A,-,11,21456,B,N,G,B,D,B,H,-,A,A,0,Y,,,,Y,,N,60,0,0,1,0,1,0,0,0,0,- ,- ,0,0,900,1,LOS ANGELES,LOS ANGELES,CA,-118.3762926,34.07603455,"BEVERLY BLVD & LA CIENEGA BLVD, LOS ANGELES, CA",BEVERLY BLVD,LA CIENEGA BLVD,110912,
-118.3834226,34.07528305,44855,8784504,2019,2019-02-15T00:00:00.000Z,1942,2019-01-25T00:00:00.000Z,630,42656,721,5,5,7,1942,0,0,0,G,0,7A21,ALDEN DR,ROBERTSON BL,100,E,N,A,-,N,,0,0,,,0,,,,N,0,0,0,2,A,-,8,22107,,M,B,E,A,A,H,-,A,D,0,,,,,Y,,-,99,0,0,0,0,0,0,0,0,0,- ,- ,0,0,900,1,LOS ANGELES,LOS ANGELES,CA,-118.3834226,34.07528305,"ALDEN DR & ROBERTSON BLVD, LOS ANGELES, CA",ALDEN DR,ROBERTSON BLVD,117978,
-118.3619096,34.0525856,44856,8784512,2019,2019-02-15T00:00:00.000Z,1942,2019-01-20T00:00:00.000Z,645,34959,753,7,5,7,1942,0,0,0,G,0,7A53,PACKARD ST,SPAULDING AV,130,W,N,B,-,N,,0,0,,,0,,,,Y,0,0,0,2,A,-,8,22107,,N,-,E,A,A,H,-,A,D,0,,,,,Y,,A,1,0,0,0,0,0,0,0,0,0,- ,- ,0,0,900,1,LOS ANGELES,LOS ANGELES,CA,-118.3619096,34.0525856,"PACKARD ST & SPAULDING AVE, LOS ANGELES, CA",PACKARD ST,SPAULDING AVE,138460,
-118.318144,34.10167313,44857,8784562,2019,2019-02-14T00:00:00.000Z,1942,2019-01-11T00:00:00.000Z,850,35945,647,5,5,7,1942,0,0,0,F,0,6A67,HOLLYWOOD BL,BRONSON AV,40,W,N,A,-,N,,0,0,,,0,,,,Y,3,0,1,2,A,-,3,22350,,N,C,C,A,A,H,-,A,A,0,,,,,Y,,A,1,0,1,0,0,0,0,0,0,0,- ,- ,0,0,900,1,LOS ANGELES,LOS ANGELES,CA,-118.318144,34.10167313,"HOLLYWOOD BLVD & BRONSON AVE, LOS ANGELES, CA",HOLLYWOOD BLVD,BRONSON AVE,104325,
-118.3058122,34.03269577,44858,8784569,2019,2019-02-13T00:00:00.000Z,1942,2019-01-30T00:00:00.000Z,745,33599,326,3,5,7,1942,0,0,0,C,0,3A15,ADAMS BL,LA SALLE AV,0,,Y,A,-,N,,0,0,,,0,,,,Y,3,0,1,2,A,-,9,21801,A,N,A,C,A,A,H,-,A,A,0,,,,,Y,,A,8,0,1,0,0,0,0,0,0,0,- ,- ,0,0,900,1,LOS ANGELES,LOS ANGELES,CA,-118.3058122,34.03269577,"ADAMS BLVD & LA SALLE AVE, LOS ANGELES, CA",ADAMS BLVD,LA SALLE AVE,109207,
-118.3266721,34.09437561,44859,8784570,2019,2019-02-14T00:00:00.000Z,1942,2019-01-20T00:00:00.000Z,750,41139,666,7,5,7,1942,0,0,0,F,0,6A67,VINE ST,FOUNTAIN AV,0,,Y,A,-,N,,0,0,,,0,,,,Y,4,0,2,2,A,-,9,21801,A,N,D,C,A,A,H,-,A,A,0,,,,,Y,,A,1,0,0,2,0,0,0,0,0,0,- ,- ,0,0,900,1,LOS ANGELES,LOS ANGELES,CA,-118.3266721,34.09437561,"VINE ST & FOUNTAIN AVE, LOS ANGELES, CA",VINE ST,FOUNTAIN AVE,142846,
-118.2829521,34.03572464,44860,8784575,2019,2019-02-14T00:00:00.000Z,1942,2019-01-30T00:00:00.000Z,830,33599,308,3,5,7,1942,0,0,0,C,0,3A19,UNION AV,22ND ST,0,,Y,A,-,N,,0,0,,,0,,,,N,4,0,1,2,A,-,9,21802,A,N,D,C,A,A,H,-,A,A,0,,,,,Y,,A,1,0,0,1,0,0,0,0,0,0,- ,- ,0,0,900,1,LOS ANGELES,LOS ANGELES,CA,-118.2829521,34.03572464,"UNION AVE & 22ND ST, LOS ANGELES, CA",UNION AVE,22ND ST,110593,
-118.3005132,34.0921936,44861,8784578,2019,2019-02-14T00:00:00.000Z,1942,2019-01-23T00:00:00.000Z,710,38282,669,3,5,7,1942,0,0,0,F,0,6A79,NORMANDIE AV,SANTA MONICA BL,500,N,N,A,-,N,,0,0,,,0,,,,Y,4,0,2,2,A,-,9,21801,A,N,D,C,A,A,H,-,A,D,0,,,,,Y,,A,1,0,0,2,0,0,0,0,0,0,- ,- ,0,0,900,1,LOS ANGELES,LOS ANGELES,CA,-118.3005132,34.0921936,"NORMANDIE AVE & SANTA MONICA BLVD, LOS ANGELES, CA",NORMANDIE AVE,SANTA MONICA BLVD,97155,
-118.2470084,33.95336151,44862,8784580,2019,2019-03-08T00:00:00.000Z,1942,2019-01-25T00:00:00.000Z,745,40946,1826,5,5,7,1942,0,0,0,R,0,18A35,92ND ST,COMPTON,147,E,N,A,-,Y,,0,0,,,0,,,,N,4,0,2,2,-,-,- ,0,,N,D,C,A,A,H,-,A,D,0,,,,,Y,,-,- ,0,0,2,0,0,0,0,0,0,- ,- ,0,0,900,1,LOS ANGELES,LOS ANGELES,CA,-118.2470084,33.95336151,"92ND ST & COMPTON AVE, LOS ANGELES, CA",92ND ST,COMPTON AVE,148320,
-118.2827121,33.99648666,44863,8784605,2019,2019-02-13T00:00:00.000Z,1942,2019-01-15T00:00:00.000Z,810,42064,1209,2,5,7,1942,0,0,0,L,0,12A31,FIGUEROA ST,51ST ST,0,,Y,B,C,N,,0,0,,,0,,,,N,4,0,1,2,A,-,9,21801,A,N,D,C,A,B,-,-,A,A,0,,,,,Y,,A,1,0,0,1,0,0,0,0,0,0,- ,- ,0,0,900,1,LOS ANGELES,LOS ANGELES,CA,-118.2827121,33.99648666,"FIGUEROA ST & 51ST ST, LOS ANGELES, CA",FIGUEROA ST,51ST ST,113867,
-118.3002221,33.98669434,44864,8784613,2019,2019-03-07T00:00:00.000Z,1942,2019-01-31T00:00:00.000Z,820,39526,1235,4,5,7,1942,0,0,0,L,0,12A15,NORMANDIE AV,59TH PL,0,,Y,B,-,N,,0,0,,,0,,,,N,4,0,1,2,A,-,9,21802,A,N,D,C,A,A,H,-,A,D,0,,,,,Y,,A,1,0,0,1,0,0,0,0,0,0,- ,- ,0,0,900,1,LOS ANGELES,LOS ANGELES,CA,-118.3002221,33.98669434,"NORMANDIE AVE & 59TH PL, LOS ANGELES, CA",NORMANDIE AVE,59TH PL,103052,
-118.3556602,34.0166893,44865,8784626,2019,2019-02-14T00:00:00.000Z,1942,2019-01-16T00:00:00.000Z,645,38025,391,3,5,7,1942,0,0,0,C,0,3A41,LA BREA AV,COLISEUM ST,600,S,N,B,-,N,,0,0,,,0,,,,N,4,0,3,3,A,-,3,22350,,N,C,C,A,B,H,-,B,D,0,,,,,Y,,A,1,0,0,3,0,0,0,0,0,0,- ,- ,0,0,900,1,LOS ANGELES,LOS ANGELES,CA,-118.3556602,34.0166893,"LA BREA AVE & COLISEUM ST, LOS ANGELES, CA",LA BREA AVE,COLISEUM ST,119588,
-118.2672467,34.06056976,44866,8784635,2019,2019-02-14T00:00:00.000Z,1942,2019-01-05T00:00:00.000Z,718,31152,247,6,5,7,1942,0,0,0,B,0,2A47,3RD ST,UNION PL,5,W,N,B,-,N,,0,0,,,0,,,,N,4,0,1,2,A,-,10,21950,A,N,G,B,B,A,H,-,A,A,0,Y,,,,Y,,A,1,0,0,1,0,1,0,0,0,0,- ,- ,0,0,900,1,LOS ANGELES,LOS ANGELES,CA,-118.2672467,34.06056976,"3RD ST & UNION PL, LOS ANGELES, CA",3RD ST,UNION PL,121133,
-118.2655822,34.05988312,44867,8784639,2019,2019-02-14T00:00:00.000Z,1942,2019-01-16T00:00:00.000Z,800,40193,248,3,5,7,1942,0,0,0,B,0,2A45,W 3RD ST,LOMA DR,0,,Y,B,C,N,,0,0,,,0,,,,N,4,0,1,2,A,-,12,21453,A,N,G,B,B,B,H,-,A,A,0,Y,,,,Y,,A,8,0,0,1,0,1,0,0,0,0,- ,- ,0,0,900,1,LOS ANGELES,LOS ANGELES,CA,-118.2655822,34.05988312,"3RD ST & LOMA DR, LOS ANGELES, CA",3RD ST,LOMA DR,117543,
-118.3012121,33.78943634,44868,8785371,2019,2019-03-08T00:00:00.000Z,1942,2019-01-04T00:00:00.000Z,800,38819,513,5,5,7,1942,0,0,0,E,0,5A1,PACIFIC COAST HWY,BELLE PORTE AV,0,,Y,A,-,N,,0,0,,,0,,,,N,4,0,1,2,A,-,10,21950,A,N,G,B,B,A,H,-,A,A,0,Y,,,,Y,,A,1,0,0,1,0,1,0,0,0,0,- ,- ,0,0,900,1,LOS ANGELES,LOS ANGELES,CA,-118.3012121,33.78943634,"PACIFIC COAST HWY & BELLE PORTE AVE, LOS ANGELES, CA",PACIFIC COAST HWY,BELLE PORTE AVE,113724,
-118.4098483,34.19395447,44869,8785531,2019,2019-02-04T00:00:00.000Z,1942,2019-01-23T00:00:00.000Z,620,38687,1512,3,5,7,1942,0,0,0,O,0,14A21,VANOWEN ST,BELLAIRE AV,120,W,N,A,-,N,,0,0,,,0,,,,N,3,0,1,4,A,-,9,21804,A,F,D,C,A,A,H,-,B,D,0,,,,,Y,,-,99,0,1,0,0,0,0,0,0,0,- ,- ,0,0,900,1,LOS ANGELES,LOS ANGELES,CA,-118.4098483,34.19395447,"VANOWEN ST & BELLAIRE AVE, LOS ANGELES, CA",VANOWEN ST,BELLAIRE AVE,150417,
-118.4662022,34.17209625,44870,8785787,2019,2019-02-02T00:00:00.000Z,1942,2019-01-16T00:00:00.000Z,750,40165,952,3,5,7,1942,0,0,0,I,0,9A41,SEPULVEDA BL,BURBANK BL,0,,Y,B,-,N,,0,0,,,0,,,,N,0,0,0,2,A,-,8,22107,,M,B,C,A,B,H,-,A,A,0,,,,,Y,,-,99,0,0,0,0,0,0,0,0,0,- ,- ,0,0,900,1,LOS ANGELES,LOS ANGELES,CA,-118.4662022,34.17209625,"SEPULVEDA BLVD & BURBANK BLVD, LOS ANGELES, CA",SEPULVEDA BLVD,BURBANK BLVD,115300,
-118.4358915,34.15033341,44871,8785795,2019,2019-02-02T00:00:00.000Z,1942,2019-01-19T00:00:00.000Z,815,39217,989,6,5,7,1942,0,0,0,I,0,9A89,MOORPARK ST,STERN AV,115,W,N,A,-,N,,0,0,,,0,,,,N,0,0,0,4,A,-,8,22107,,M,C,-,A,A,H,-,C,D,0,,,,,Y,,-,99,0,0,0,0,0,0,0,0,0,- ,- ,0,0,900,1,LOS ANGELES,LOS ANGELES,CA,-118.4358915,34.1503334,"MOORPARK ST & STERN AVE, LOS ANGELES, CA",MOORPARK ST,STERN AVE,108886,
-118.4421998,34.13079834,44872,8785828,2019,2019-02-02T00:00:00.000Z,1942,2019-01-11T00:00:00.000Z,626,38721,991,5,5,7,1942,0,0,0,I,0,9A89,BEVERLY GLEN BL,MULHOLLAND DR,55,N,N,B,-,N,,0,0,,,0,,,,N,0,0,0,2,A,-,8,22107,,M,B,C,A,A,H,-,B,A,0,,,,,Y,,-,99,0,0,0,0,0,0,0,0,0,- ,- ,0,0,900,1,LOS ANGELES,LOS ANGELES,CA,-118.4421998,34.13079834,"BEVERLY GLEN BLVD & MULHOLLAND DR, LOS ANGELES, CA",BEVERLY GLEN BLVD,MULHOLLAND DR,102043,
-118.4923651,34.28059006,44873,8786109,2019,2019-02-13T00:00:00.000Z,1942,2019-01-23T00:00:00.000Z,830,33700,1708,3,5,7,1942,0,0,0,Q,0,17A49,HALSEY ST,ODESSA AV,150,W,N,A,-,N,,0,0,,,0,,,,Y,4,0,1,2,A,-,8,22107,,F,C,E,A,A,H,-,A,A,0,,,,,Y,,A,1,0,0,1,0,0,0,0,0,0,- ,- ,0,0,900,1,LOS ANGELES,LOS ANGELES,CA,-118.4923651,34.28059006,"HALSEY ST & ODESSA AVE, LOS ANGELES, CA",HALSEY ST,ODESSA AVE,104829,
-118.3067446,34.08350754,44874,8786668,2019,2019-02-04T00:00:00.000Z,1942,2019-01-08T00:00:00.000Z,700,36705,2004,2,5,7,1942,0,0,0,,0,20A13,MELROSE AV,SERRANO AV,60,E,N,B,-,N,,0,0,,,0,,,,Y,0,0,0,2,A,-,7,21658,A,M,C,E,A,B,H,-,C,D,0,,,,,Y,,-,99,0,0,0,0,0,0,0,0,0,- ,- ,0,0,900,1,LOS ANGELES,LOS ANGELES,CA,-118.3067446,34.08350754,"MELROSE AVE & SERRANO AVE, LOS ANGELES, CA",MELROSE AVE,SERRANO AVE,135609,
-118.2554109,34.04421234,44875,8786864,2019,2019-02-06T00:00:00.000Z,1942,2019-01-11T00:00:00.000Z,810,42889,162,5,5,7,1942,0,0,0,A,0,1AG1W2,8TH ST,HILL ST,150,E,N,B,-,N,,0,0,,,0,,,,N,4,0,1,2,A,-,3,22350,,M,C,C,A,A,-,-,A,A,0,,,,,Y,,-,99,0,0,1,0,0,0,0,0,0,- ,- ,0,0,900,1,LOS ANGELES,LOS ANGELES,CA,-118.2554109,34.04421234,"8TH ST & HILL ST, LOS ANGELES, CA",8TH ST,HILL ST,149210,
-118.2533821,34.04522324,44876,8786919,2019,2019-02-11T00:00:00.000Z,1942,2019-01-17T00:00:00.000Z,600,40885,157,4,5,7,1942,0,0,0,A,0,1A35,7TH ST,BROADWAY ST,0,,Y,B,-,N,,0,0,,,0,,,,N,4,0,1,2,A,-,17,21451,A,N,G,B,B,B,H,-,A,A,0,Y,,,,Y,,A,7,0,0,1,0,1,0,0,0,0,- ,- ,0,0,900,1,LOS ANGELES,LOS ANGELES,CA,-118.2533821,34.04522324,"7TH ST & BROADWAY, LOS ANGELES, CA",7TH ST,BROADWAY,117557,
-118.3308498,34.00365448,44877,8786920,2019,2019-02-08T00:00:00.000Z,1942,2019-01-10T00:00:00.000Z,615,38503,392,4,5,7,1942,0,0,0,C,0,25T45,N LEIMERT BL,VERNON AV,7,N,N,B,-,N,,0,0,,,0,,,,N,4,0,1,2,A,-,10,21950,A,N,G,C,B,A,H,-,C,A,0,Y,,,,Y,,A,1,0,0,1,0,1,0,0,0,0,- ,- ,0,0,900,1,LOS ANGELES,LOS ANGELES,CA,-118.3308498,34.00365448,"LEIMERT BLVD & VERNON AVE, LOS ANGELES, CA",LEIMERT BLVD,VERNON AVE,148040,
-118.2276721,34.04436493,44878,8787057,2019,2019-03-07T00:00:00.000Z,1942,2019-01-21T00:00:00.000Z,605,43431,461,1,5,7,1942,0,0,0,D,0,4A71W3,MISSION RD,3RD ST,0,,-,A,-,N,,0,0,,,0,,,,N,0,0,0,1,A,-,- ,0,,N,E,I,A,A,H,-,A,D,0,,,,Y,Y,,F,25,0,0,0,0,0,0,0,0,0,- ,- ,0,0,900,1,LOS ANGELES,LOS ANGELES,CA,-118.2276721,34.04436493,"MISSION RD & 3RD ST, LOS ANGELES, CA",MISSION RD,3RD ST,131618,
-118.3090301,33.94859695,44879,8787685,2019,2019-02-13T00:00:00.000Z,1942,2019-01-08T00:00:00.000Z,810,38025,1283,2,5,7,1942,0,0,0,L,0,12A73,WESTERN AV,96TH ST,25,S,N,A,-,N,,0,0,,,0,,,,N,4,0,1,2,A,-,3,22350,,N,C,C,A,A,H,-,A,A,0,,,,,Y,,A,1,0,0,1,0,0,0,0,0,0,- ,- ,0,0,900,1,LOS ANGELES,LOS ANGELES,CA,-118.3090301,33.94859695,"WESTERN AVE & 96TH ST, LOS ANGELES, CA",WESTERN AVE,96TH ST,145236,
-118.3126022,33.98910523,44880,8787717,2019,2019-02-25T00:00:00.000Z,1942,2019-01-07T00:00:00.000Z,630,40440,1233,1,5,7,1942,0,0,0,L,0,12A45,SLAUSON AV,RUTHELEN ST,0,,Y,C,-,N,,0,0,,,0,,,,N,4,0,1,2,A,-,9,21801,A,N,D,C,A,B,H,-,B,D,0,,,,,Y,,A,1,0,0,1,0,0,0,0,0,0,- ,- ,0,0,900,1,LOS ANGELES,LOS ANGELES,CA,-118.3126022,33.98910522,"SLAUSON AVE & RUTHELEN ST, LOS ANGELES, CA",SLAUSON AVE,RUTHELEN ST,99536,
-118.5394156,34.04875565,44881,8787801,2019,2019-02-01T00:00:00.000Z,1942,2019-01-06T00:00:00.000Z,805,36705,822,7,5,7,1942,0,0,0,H,0,8A1,W SUNSET BL,BIENVENEDA AV,90,E,N,B,-,N,,0,0,,,0,,,,N,0,0,0,1,A,-,3,22350,,N,E,I,A,B,H,-,A,A,0,,,,,Y,,A,7,0,0,0,0,0,0,0,0,0,- ,- ,0,0,900,1,LOS ANGELES,LOS ANGELES,CA,-118.5394156,34.04875565,"SUNSET BLVD & BIENVENEDA AVE, LOS ANGELES, CA",SUNSET BLVD,BIENVENEDA AVE,100465,
-118.2833027,33.95282364,44882,8787821,2019,2019-02-01T00:00:00.000Z,1942,2019-01-05T00:00:00.000Z,700,40404,1802,6,5,7,1942,0,0,0,R,0,18A1,W 92ND ST,FIGUEROA ST,180,W,N,B,-,N,,0,0,,,0,,,,Y,0,0,0,2,A,-,9,21804,A,M,D,C,A,A,H,-,A,D,0,,,,,Y,,-,99,0,0,0,0,0,0,0,0,0,- ,- ,0,0,900,1,LOS ANGELES,LOS ANGELES,CA,-118.2833027,33.95282364,"92ND ST & FIGUEROA ST, LOS ANGELES, CA",92ND ST,FIGUEROA ST,117183,
-118.5545622,34.16902542,44883,8787841,2019,2019-02-13T00:00:00.000Z,1942,2019-01-01T00:00:00.000Z,820,39217,1061,2,5,7,1942,0,0,0,J,0,10A83,AURA AV,LINNET ST,0,,Y,A,-,N,,0,0,,,0,,,,Y,0,0,0,2,A,-,3,22350,,M,E,-,A,A,H,-,B,D,0,,,,,Y,,A,1,0,0,0,0,0,0,0,0,0,- ,- ,0,0,900,1,LOS ANGELES,LOS ANGELES,CA,-118.5545622,34.16902542,"AURA AVE & LINNET ST, LOS ANGELES, CA",AURA AVE,LINNET ST,97490,
-118.4268544,34.24151993,44884,8789722,2019,2019-02-12T00:00:00.000Z,1942,2019-01-10T00:00:00.000Z,640,32268,1969,4,5,7,1942,0,0,0,,0,19A79,OSBORNE ST,ARLETA AV,300,W,N,A,-,N,,0,0,,,0,,,,N,0,0,0,2,A,-,21,22106,,M,B,C,A,A,H,-,B,D,0,,,,,Y,,-,99,0,0,0,0,0,0,0,0,0,- ,- ,0,0,900,1,LOS ANGELES,LOS ANGELES,CA,-118.4268544,34.24151993,"OSBORNE ST & ARLETA AVE, LOS ANGELES, CA",OSBORNE ST,ARLETA AVE,123079,