X,Y,OBJECTID,case_id,accident_year,proc_date,juris,collision_date,collision_time,officer_id,reporting_district,day_of_week,chp_shift,population,cnty_city_loc,special_cond,beat_type,chp_beat_type,city_division_lapd,chp_beat_class,beat_number,primary_rd,secondary_rd,distance,direction,intersection,weather_1,weather_2,state_hwy_ind,caltrans_county,caltrans_district,state_route,route_suffix,postmile_prefix,postmile,location_type,ramp_intersection,side_of_hwy,tow_away,collision_severity,number_killed,number_injured,party_count,primary_coll_factor,pcf_code_of_viol,pcf_viol_category,pcf_violation,pcf_viol_subsection,hit_and_run,type_of_collision,mviw,ped_action,road_surface,road_cond_1,road_cond_2,lighting,control_device,chp_road_type,pedestrian_accident,bicycle_accident,motorcycle_accident,truck_accident,not_private_property,alcohol_involved,stwd_vehtype_at_fault,chp_vehtype_at_fault,count_severe_inj,count_visible_inj,count_complaint_pain,count_ped_killed,count_ped_injured,count_bicyclist_killed,count_bicyclist_injured,count_mc_killed,count_mc_injured,primary_ramp,secondary_ramp,latitude,longitude,timecat,month_,city,county,state,point_x,point_y,match_addr,m_primaryrd,m_secondrd,int_id,Flag
-118.3340175,34.0056839,44885,8791055,2019,2019-02-13T00:00:00.000Z,1942,2019-01-16T00:00:00.000Z,845,41297,392,3,5,7,1942,0,0,0,C,0,3X21W2,CRENSHAW BL,HOMELAND DR,140,N,N,C,-,N,,0,0,,,0,,,,N,0,0,0,2,A,-,17,22517,,N,B,E,A,B,H,-,A,D,0,,,,,Y,,A,1,0,0,0,0,0,0,0,0,0,- ,- ,0,0,900,1,LOS ANGELES,LOS ANGELES,CA,-118.3340175,34.0056839,"CRENSHAW BLVD & HOMELAND DR, LOS ANGELES, CA",CRENSHAW BLVD,HOMELAND DR,134778,
-118.3459049,34.03094101,44886,8791171,2019,2019-02-05T00:00:00.000Z,1942,2019-01-20T00:00:00.000Z,640,40404,331,7,5,7,1942,0,0,0,C,0,3A31,PALM GROVE AV,HICKORY ST,425,N,N,A,-,N,,0,0,,,0,,,,Y,0,0,0,2,A,-,5,21650,,M,B,E,A,A,H,-,B,D,0,,,,,Y,,A,7,0,0,0,0,0,0,0,0,0,- ,- ,0,0,900,1,LOS ANGELES,LOS ANGELES,CA,-118.3459049,34.03094101,"PALMGROVE AVE & HICKORY ST, LOS ANGELES, CA",PALMGROVE AVE,HICKORY ST,99963,
-118.308944,33.9983902,44887,8791209,2019,2019-02-12T00:00:00.000Z,1942,2019-01-01T00:00:00.000Z,600,43614,1203,2,5,7,1942,0,0,0,L,0,12A67,WESTERN AV,50TH ST,50,N,N,B,-,N,,0,0,,,0,,,,Y,3,0,2,1,A,-,5,21650,,N,E,I,A,A,H,-,B,D,0,,,,,Y,,D,22,0,2,0,0,0,0,0,0,0,- ,- ,0,0,900,1,LOS ANGELES,LOS ANGELES,CA,-118.308944,33.9983902,"WESTERN AVE & 50TH ST, LOS ANGELES, CA",WESTERN AVE,50TH ST,117317,
-118.2892721,33.98551559,44888,8791650,2019,2019-02-07T00:00:00.000Z,1942,2019-01-23T00:00:00.000Z,750,1438,1239,3,5,7,1942,0,0,0,L,0,LASPD3,MENLO AV,60TH ST,4,E,N,A,-,N,,0,0,,,0,,,,N,4,0,1,2,A,-,9,21801,A,N,G,B,B,A,H,-,A,D,0,Y,,,,Y,,A,1,0,0,1,0,1,0,0,0,0,- ,- ,0,0,900,1,LOS ANGELES,LOS ANGELES,CA,-118.2892721,33.98551559,"MENLO AVE & 60TH ST, LOS ANGELES, CA",MENLO AVE,60TH ST,106536,
-118.315673,33.94546509,44889,8791651,2019,2019-02-07T00:00:00.000Z,1942,2019-01-07T00:00:00.000Z,830,42553,1283,1,5,7,1942,0,0,0,L,0,12A69,W CENTURY BL,HAAS AV,100,E,N,B,-,N,,0,0,,,0,,,,N,4,0,2,2,A,-,9,21804,A,N,D,C,A,B,H,-,A,D,0,,,,,Y,,A,1,0,0,2,0,0,0,0,0,0,- ,- ,0,0,900,1,LOS ANGELES,LOS ANGELES,CA,-118.315673,33.94546509,"CENTURY BLVD & HAAS AVE, LOS ANGELES, CA",CENTURY BLVD,HAAS AVE,134581,
-118.281168,33.9823761,44890,8792053,2019,2019-02-11T00:00:00.000Z,1942,2019-01-16T00:00:00.000Z,741,43614,1249,3,5,7,1942,0,0,0,L,0,12A67,GAGE AV,FLOWER ST,20,W,N,C,-,N,,0,0,,,0,,,,N,0,0,0,2,A,-,3,22350,,M,C,C,A,B,H,-,A,A,0,,,,,Y,,-,99,0,0,0,0,0,0,0,0,0,- ,- ,0,0,900,1,LOS ANGELES,LOS ANGELES,CA,-118.281168,33.9823761,"GAGE AVE & FLOWER ST, LOS ANGELES, CA",GAGE AVE,FLOWER ST,124152,
-118.5754022,34.20832443,44891,8792087,2019,2019-02-20T00:00:00.000Z,1942,2019-01-04T00:00:00.000Z,630,42460,2138,5,5,7,1942,0,0,0,,0,21A29,SATICOY ST,OSO AV,0,,Y,A,-,N,,0,0,,,0,,,,Y,3,0,3,2,A,-,9,21801,A,N,D,C,A,A,H,-,A,A,0,,,,Y,Y,,F,26,0,2,1,0,0,0,0,0,0,- ,- ,0,0,900,1,LOS ANGELES,LOS ANGELES,CA,-118.5754022,34.20832443,"SATICOY ST & OSO AVE, LOS ANGELES, CA",SATICOY ST,OSO AVE,101519,
-118.6083452,34.21962357,44892,8792099,2019,2019-02-21T00:00:00.000Z,1942,2019-01-11T00:00:00.000Z,640,41514,2103,5,5,7,1942,0,0,0,,0,21A1,ROSCOE BL,TOPANGA CANYON BL,710,W,N,B,-,N,,0,0,,,0,,,,N,0,0,0,2,A,-,7,21658,A,N,B,C,A,B,H,-,A,D,0,,,,Y,Y,,F,27,0,0,0,0,0,0,0,0,0,- ,- ,0,0,900,1,LOS ANGELES,LOS ANGELES,CA,-118.6083452,34.21962357,"ROSCOE BLVD & TOPANGA CANYON BLVD, LOS ANGELES, CA",ROSCOE BLVD,TOPANGA CANYON BLVD,130526,
-118.1806521,34.09240341,44893,8792317,2019,2019-02-15T00:00:00.000Z,1942,2019-01-22T00:00:00.000Z,825,37451,418,2,5,7,1942,0,0,0,D,0,4A3,CUDAHY ST,HARRIMAN ST,0,,Y,A,-,N,,0,0,,,0,,,,N,4,0,1,2,A,-,10,21950,A,F,G,B,B,A,H,-,A,A,0,Y,,,,Y,,-,99,0,0,1,0,1,0,0,0,0,- ,- ,0,0,900,1,LOS ANGELES,LOS ANGELES,CA,-118.1806521,34.09240341,"CUDAHY ST & HARRIMAN AVE, LOS ANGELES, CA",CUDAHY ST,HARRIMAN AVE,100847,
-118.4681922,34.12949371,44894,8792528,2019,2019-02-20T00:00:00.000Z,1942,2019-01-03T00:00:00.000Z,715,43420,805,4,5,7,1942,0,0,0,H,0,8A29,MULHOLLAND DR,ROSCOMARE RD,0,,Y,A,-,N,,0,0,,,0,,,,Y,4,0,1,2,A,-,9,21801,A,N,D,C,A,A,H,-,A,A,0,,,Y,,Y,,A,1,0,0,1,0,0,0,0,0,1,- ,- ,0,0,900,1,LOS ANGELES,LOS ANGELES,CA,-118.4681922,34.12949371,"MULHOLLAND DR & ROSCOMARE RD, LOS ANGELES, CA",MULHOLLAND DR,ROSCOMARE RD,148054,
-118.2868865,34.09572601,44895,8792564,2019,2019-02-20T00:00:00.000Z,1942,2019-01-21T00:00:00.000Z,830,31152,1162,1,5,7,1942,0,0,0,K,0,11A51,FOUNTAIN AV,VIRGIL AV,50,W,N,B,-,N,,0,0,,,0,,,,N,0,0,0,2,A,-,8,22107,,M,B,C,A,A,H,-,A,D,0,,,,,Y,,-,99,0,0,0,0,0,0,0,0,0,- ,- ,0,0,900,1,LOS ANGELES,LOS ANGELES,CA,-118.2868865,34.09572601,"FOUNTAIN AVE & VIRGIL AVE, LOS ANGELES, CA",FOUNTAIN AVE,VIRGIL AVE,135544,
-118.2739021,33.94553757,44896,8792065,2019,2019-02-11T00:00:00.000Z,1942,2019-01-14T00:00:00.000Z,830,40946,1822,1,5,7,1942,0,0,0,R,0,18A49,MAIN,CENTURY,10,S,N,C,-,N,,0,0,,,0,,,,N,4,0,1,2,D,-,0,0,,N,C,C,A,B,H,-,A,A,0,,,,,Y,,-,- ,0,0,1,0,0,0,0,0,0,- ,- ,0,0,900,1,LOS ANGELES,LOS ANGELES,CA,-118.2739021,33.94553757,"MAIN ST & CENTURY BLVD,, CA",MAIN ST,CENTURY BLVD,131257,
-118.2651721,33.94749832,44897,8792687,2019,2019-02-21T00:00:00.000Z,1942,2019-01-22T00:00:00.000Z,837,38594,,2,5,7,1942,0,0,0,,0,18A41,AVALON,98TH ST,20,N,N,A,-,N,,0,0,,,0,,,,N,0,0,0,3,A,-,4,21703,,M,C,C,A,A,H,-,A,A,0,,,,,Y,,-,99,0,0,0,0,0,0,0,0,0,- ,- ,0,0,900,1,LOS ANGELES,LOS ANGELES,CA,-118.2651721,33.94749832,"AVALON BLVD & 98TH ST, LOS ANGELES, CA",AVALON BLVD,98TH ST,119876,
-118.3179821,34.09441376,44898,8792738,2019,2019-02-20T00:00:00.000Z,1942,2019-01-08T00:00:00.000Z,730,41683,667,2,5,7,1942,0,0,0,F,0,6A67,FOUNTAIN AV,N BRONSON AV,0,,Y,A,-,N,,0,0,,,0,,,,N,0,0,0,2,A,-,4,21703,,N,C,C,A,A,H,-,A,A,0,,,,,Y,,A,1,0,0,0,0,0,0,0,0,0,- ,- ,0,0,900,1,LOS ANGELES,LOS ANGELES,CA,-118.3179821,34.09441376,"FOUNTAIN AVE & BRONSON AVE, LOS ANGELES, CA",FOUNTAIN AVE,BRONSON AVE,121843,
-118.34875,34.24801636,44899,8792761,2019,2019-02-21T00:00:00.000Z,1942,2019-01-31T00:00:00.000Z,650,40937,1667,4,5,7,1942,0,0,0,P,0,16A77,SUNLAND BL,SHADOW ISLAND DR,900,S,N,B,-,N,,0,0,,,0,,,,Y,0,0,0,1,A,-,3,22350,,M,E,I,A,A,H,-,A,A,0,,,,,Y,,A,1,0,0,0,0,0,0,0,0,0,- ,- ,0,0,900,1,LOS ANGELES,LOS ANGELES,CA,-118.34875,34.24801636,"SUNLAND BLVD & SHADOW ISLAND DR, LOS ANGELES, CA",SUNLAND BLVD,SHADOW ISLAND DR,101767,
-118.4147222,34.28203583,44900,8792914,2019,2019-02-26T00:00:00.000Z,1942,2019-01-03T00:00:00.000Z,635,38687,1602,4,5,7,1942,0,0,0,P,0,16A11,PAXTON ST,BORDEN AV,0,,Y,A,-,N,,0,0,,,0,,,,N,3,0,1,2,A,-,10,21950,A,N,G,B,B,A,H,-,B,A,0,Y,,,,Y,,D,22,0,1,0,0,1,0,0,0,0,- ,- ,0,0,900,1,LOS ANGELES,LOS ANGELES,CA,-118.4147222,34.28203583,"PAXTON ST & BORDEN AVE, LOS ANGELES, CA",PAXTON ST,BORDEN AVE,136983,
-118.4590858,34.27270889,44901,8792934,2019,2019-02-26T00:00:00.000Z,1942,2019-01-24T00:00:00.000Z,755,39085,1935,4,5,7,1942,0,0,0,,0,10T35,SAN FERNANDO MISSION BL,NOBLE AV,120,E,N,A,-,N,,0,0,,,0,,,,Y,4,0,2,2,A,-,8,22107,,N,D,C,A,A,H,-,A,D,0,,,,,Y,,D,22,0,0,2,0,0,0,0,0,0,- ,- ,0,0,900,1,LOS ANGELES,LOS ANGELES,CA,-118.4590858,34.27270889,"SAN FERNANDO MISSION BLVD & NOBLE AVE, LOS ANGELES, CA",SAN FERNANDO MISSION BLVD,NOBLE AVE,1943,
-118.4522579,34.2938118,44902,8792938,2019,2019-02-26T00:00:00.000Z,1942,2019-01-24T00:00:00.000Z,620,38687,1924,4,5,7,1942,0,0,0,,0,19A1,SAN FERNANDO RD,BLEEKER ST,500,N,N,A,-,N,,0,0,,,0,,,,N,3,0,2,2,A,-,3,22350,,N,D,C,A,A,H,-,C,A,0,,,,,Y,,A,1,0,1,1,0,0,0,0,0,0,- ,- ,0,0,900,1,LOS ANGELES,LOS ANGELES,CA,-118.4522579,34.2938118,"SAN FERNANDO RD & BLEEKER ST, LOS ANGELES, CA",SAN FERNANDO RD,BLEEKER ST,140329,
-118.4622915,34.31967545,44903,8792946,2019,2019-02-26T00:00:00.000Z,1942,2019-01-25T00:00:00.000Z,635,30452,1902,5,5,7,1942,0,0,0,,0,19A7,ROXFORD ST,FELLOWS AV,35,W,N,A,-,N,,0,0,,,0,,,,Y,4,0,1,4,A,-,8,22107,,N,C,E,A,A,H,-,C,D,0,,,,,Y,,D,22,0,0,1,0,0,0,0,0,0,- ,- ,0,0,900,1,LOS ANGELES,LOS ANGELES,CA,-118.4622915,34.31967545,"ROXFORD ST & FELLOWS AVE, LOS ANGELES, CA",ROXFORD ST,FELLOWS AVE,101970,
-118.422714,34.30929947,44904,8792980,2019,2019-03-07T00:00:00.000Z,1942,2019-01-14T00:00:00.000Z,725,38326,1907,1,5,7,1942,0,0,0,,0,19A7,LEACH ST,WHEELER AV,50,E,N,B,C,N,,0,0,,,0,,,,N,0,0,0,2,A,-,21,22106,,N,C,E,A,B,H,-,A,D,0,,,,Y,Y,,F,76,0,0,0,0,0,0,0,0,0,- ,- ,0,0,900,1,LOS ANGELES,LOS ANGELES,CA,-118.422714,34.30929947,"LEACH ST & WHEELER AVE, LOS ANGELES, CA",LEACH ST,WHEELER AVE,147358,
-118.4676022,34.25001526,44905,8792988,2019,2019-03-07T00:00:00.000Z,1942,2019-01-02T00:00:00.000Z,615,27792,1962,3,5,7,1942,0,0,0,,0,19A61,SEPULVEDA BL,LASSEN ST,0,,Y,A,-,N,,0,0,,,0,,,,Y,4,0,1,2,A,-,9,21801,A,N,D,C,A,A,H,-,A,A,0,,,,,Y,,A,8,0,0,1,0,0,0,0,0,0,- ,- ,0,0,900,1,LOS ANGELES,LOS ANGELES,CA,-118.4676022,34.25001526,"SEPULVEDA BLVD & LASSEN ST, LOS ANGELES, CA",SEPULVEDA BLVD,LASSEN ST,98601,
-118.4576076,34.28365326,44906,8792992,2019,2019-02-27T00:00:00.000Z,1942,2019-01-07T00:00:00.000Z,720,40065,1924,1,5,7,1942,0,0,0,,0,19A1,LAUREL CANYON BL,HUBBARD ST,208,S,N,C,-,N,,0,0,,,0,,,,Y,0,0,0,1,A,-,3,22350,,N,E,I,A,B,H,-,A,D,0,,,,,Y,,D,22,0,0,0,0,0,0,0,0,0,- ,- ,0,0,900,1,LOS ANGELES,LOS ANGELES,CA,-118.4576076,34.28365326,"LAUREL CANYON BLVD & HUBBARD ST, LOS ANGELES, CA",LAUREL CANYON BLVD,HUBBARD ST,101345,
-118.4502674,34.24266052,44907,8792996,2019,2019-02-26T00:00:00.000Z,1942,2019-01-08T00:00:00.000Z,750,37686,1964,2,5,7,1942,0,0,0,,0,19A75,VAN NUYS BL,S PLUMMER ST,5,S,N,A,-,N,,0,0,,,0,,,,N,4,0,1,2,A,-,4,21703,,N,C,C,A,A,H,-,A,D,0,,,,,Y,,A,1,0,0,1,0,0,0,0,0,0,- ,- ,0,0,900,1,LOS ANGELES,LOS ANGELES,CA,-118.4502674,34.24266052,"VAN NUYS BLVD & PLUMMER ST, LOS ANGELES, CA",VAN NUYS BLVD,PLUMMER ST,105059,
-118.248696,33.74980164,44908,8792997,2019,2019-02-26T00:00:00.000Z,1942,2019-01-13T00:00:00.000Z,720,38025,559,7,5,7,1942,0,0,0,E,0,5A59,NAVY WY,TERMINAL WY,800,S,N,A,-,N,,0,0,,,0,,,,Y,3,0,2,2,A,-,8,22102,,N,D,C,A,A,H,-,A,-,0,,,,,Y,,A,1,0,1,1,0,0,0,0,0,0,- ,- ,0,0,900,1,LOS ANGELES,LOS ANGELES,CA,-118.248696,33.74980164,"NAVY WAY & TERMINAL WAY, LOS ANGELES, CA",NAVY WAY,TERMINAL WAY,800,
-118.4138321,34.20119476,44909,8793007,2019,2019-03-13T00:00:00.000Z,1942,2019-01-07T00:00:00.000Z,845,43233,LAPD,1,5,7,1942,0,0,0,,0,15A85,COLDWATER CANYON BL,SHERMAN WY,0,,Y,C,-,N,,0,0,,,0,,,,Y,4,0,3,2,A,-,9,21801,A,N,D,C,A,B,H,-,A,A,0,,,,,Y,,-,,0,0,3,0,0,0,0,0,0,- ,- ,0,0,900,1,LOS ANGELES,LOS ANGELES,CA,-118.4138322,34.20119476,"COLDWATER CANYON AVE & SHERMAN WAY, LOS ANGELES, CA",COLDWATER CANYON AVE,SHERMAN WAY,146672,
-118.5008278,34.22848129,44910,8793008,2019,2019-03-07T00:00:00.000Z,1942,2019-01-21T00:00:00.000Z,820,38326,1796,1,5,7,1942,0,0,0,Q,0,17A95,PARTHENIA ST,FORBES AV,250,W,N,A,-,N,,0,0,,,0,,,,N,4,0,1,2,A,-,3,22350,,N,C,C,A,A,H,-,A,D,0,,,,Y,Y,,F,27,0,0,1,0,0,0,0,0,0,- ,- ,0,0,900,1,LOS ANGELES,LOS ANGELES,CA,-118.5008278,34.22848129,"PARTHENIA ST & FORBES AVE, LOS ANGELES, CA",PARTHENIA ST,FORBES AVE,115320,
-118.4172268,34.23797989,44911,8793020,2019,2019-02-27T00:00:00.000Z,1942,2019-01-30T00:00:00.000Z,655,40141,1979,3,5,7,1942,0,0,0,,0,19A79,BRANFORD ST,SHARP AV,200,W,N,B,-,N,,0,0,,,0,,,,Y,0,0,0,6,A,-,8,22107,,M,C,E,A,A,H,-,A,D,0,,,,,Y,,A,1,0,0,0,0,0,0,0,0,0,- ,- ,0,0,900,1,LOS ANGELES,LOS ANGELES,CA,-118.4172268,34.23797989,"BRANFORD ST & SHARP AVE, LOS ANGELES, CA",BRANFORD ST,SHARP AVE,105274,
-118.3616022,34.17217255,44912,8793023,2019,2019-02-22T00:00:00.000Z,1942,2019-01-15T00:00:00.000Z,640,32361,1547,2,5,7,1942,0,0,0,O,0,15A33,CAHUENGA BL,BURBANK BL,15,S,N,B,-,N,,0,0,,,0,,,,N,0,0,0,2,A,-,8,22107,,N,D,C,A,A,H,-,A,D,0,,,,,Y,,D,22,0,0,0,0,0,0,0,0,0,- ,- ,0,0,900,1,LOS ANGELES,LOS ANGELES,CA,-118.3616022,34.17217255,"CAHUENGA BLVD & BURBANK BLVD, LOS ANGELES, CA",CAHUENGA BLVD,BURBANK BLVD,136154,
-118.4393385,34.26408768,44913,8793031,2019,2019-02-26T00:00:00.000Z,1942,2019-01-04T00:00:00.000Z,845,40937,1621,5,5,7,1942,0,0,0,P,0,16A11,PAXTON ST,LAUREL CANYON BL,355,W,N,A,-,N,,0,0,,,0,,,,Y,4,0,1,3,A,-,3,22350,,N,C,E,A,A,H,-,A,D,0,,,,,Y,,A,1,0,0,1,0,0,0,0,0,0,- ,- ,0,0,900,1,LOS ANGELES,LOS ANGELES,CA,-118.4393385,34.26408768,"PAXTON ST & LAUREL CANYON BLVD, LOS ANGELES, CA",PAXTON ST,LAUREL CANYON BLVD,144119,
-118.3845822,34.22488403,44914,8793039,2019,2019-04-30T00:00:00.000Z,1942,2019-01-11T00:00:00.000Z,650,38857,1685,5,5,7,1942,0,0,0,P,0,16A81,TUXFORD ST,TELFAIR AV,0,,Y,A,-,N,,0,0,,,0,,,,Y,3,0,2,3,A,-,12,21453,A,N,D,C,A,A,H,-,A,A,0,,,,Y,Y,,A,1,0,1,1,0,0,0,0,0,0,- ,- ,0,0,900,1,LOS ANGELES,LOS ANGELES,CA,-118.3845822,34.22488403,"TUXFORD ST & TELFAIR AVE, LOS ANGELES, CA",TUXFORD ST,TELFAIR AVE,111678,
-118.4319722,34.21961594,44915,8793204,2019,2019-02-27T00:00:00.000Z,1942,2019-01-09T00:00:00.000Z,635,38857,1999,3,5,7,1942,0,0,0,,0,19A93,LANARK ST,WOODMAN AV,0,,Y,A,-,N,,0,0,,,0,,,,Y,3,0,1,2,A,-,5,21650,1,N,D,G,A,A,H,-,A,A,0,,Y,,,Y,,L,4,0,1,0,0,0,0,1,0,0,- ,- ,0,0,900,1,LOS ANGELES,LOS ANGELES,CA,-118.4319722,34.21961594,"LANARK ST & WOODMAN AVE, LOS ANGELES, CA",LANARK ST,WOODMAN AVE,118577,
-118.6016922,34.2499733,44916,8793220,2019,2019-02-27T00:00:00.000Z,1942,2019-01-17T00:00:00.000Z,620,43037,1751,4,5,7,1942,0,0,0,Q,0,17A95,LASSEN ST,OWENSMOUTH AV,0,,Y,C,-,N,,0,0,,,0,,,,N,4,0,1,2,A,-,5,21650,1,N,D,G,A,B,H,-,C,A,0,,Y,,,Y,,L,4,0,0,1,0,0,0,1,0,0,- ,- ,0,0,900,1,LOS ANGELES,LOS ANGELES,CA,-118.6016922,34.2499733,"LASSEN ST & OWENSMOUTH AVE, LOS ANGELES, CA",LASSEN ST,OWENSMOUTH AVE,123240,
-118.5492022,34.22051621,44917,8793228,2019,2019-02-27T00:00:00.000Z,1942,2019-01-30T00:00:00.000Z,710,33700,1793,3,5,7,1942,0,0,0,Q,0,17A67,ROSCOE BL,VANALDEN AV,0,,Y,B,-,N,,0,0,,,0,,,,N,4,0,1,2,A,-,21,22106,,N,D,G,A,A,H,-,A,A,0,,Y,,,Y,,A,1,0,0,1,0,0,0,1,0,0,- ,- ,0,0,900,1,LOS ANGELES,LOS ANGELES,CA,-118.5492022,34.2205162,"ROSCOE BLVD & VANALDEN AVE, LOS ANGELES, CA",ROSCOE BLVD,VANALDEN AVE,129806,
-118.4212722,34.27723312,44918,8793232,2019,2019-02-27T00:00:00.000Z,1942,2019-01-22T00:00:00.000Z,630,40398,1612,2,5,7,1942,0,0,0,P,0,16A11,PAXTON ST,HERRICK AV,0,,Y,A,-,N,,0,0,,,0,,,,N,4,0,1,2,A,-,10,21950,A,N,G,B,B,A,H,-,A,A,0,Y,,,,Y,,A,1,0,0,1,0,1,0,0,0,0,- ,- ,0,0,900,1,LOS ANGELES,LOS ANGELES,CA,-118.4212722,34.27723312,"PAXTON ST & HERRICK AVE, LOS ANGELES, CA",PAXTON ST,HERRICK AVE,140591,
-118.3745458,34.22692108,44919,8793236,2019,2019-02-27T00:00:00.000Z,1942,2019-01-16T00:00:00.000Z,700,40165,1675,3,5,7,1942,0,0,0,P,0,16A77,PENROSE ST,BRADLEY AV,340,W,N,B,-,N,,0,0,,,0,,,,N,4,0,1,2,A,-,5,21650,1,N,D,G,A,B,H,-,D,D,0,,Y,,,Y,,L,4,0,0,1,0,0,0,1,0,0,- ,- ,0,0,900,1,LOS ANGELES,LOS ANGELES,CA,-118.3745458,34.22692108,"PENROSE ST & BRADLEY AVE, LOS ANGELES, CA",PENROSE ST,BRADLEY AVE,129868,
-118.4855928,34.25016022,44920,8793280,2019,2019-02-26T00:00:00.000Z,1942,2019-01-10T00:00:00.000Z,700,33823,1758,4,5,7,1942,0,0,0,Q,0,17A49,LASSEN ST,WOODLEY AV,200,W,N,A,-,N,,0,0,,,0,,,,N,4,0,1,2,A,-,8,22107,,N,B,C,A,A,H,-,C,-,0,,,,,Y,,A,1,0,0,1,0,0,0,0,0,0,- ,- ,0,0,900,1,LOS ANGELES,LOS ANGELES,CA,-118.4855928,34.25016022,"LASSEN ST & WOODLEY AVE, LOS ANGELES, CA",LASSEN ST,WOODLEY AVE,101408,
-118.5361022,34.25001526,44921,8793284,2019,2019-02-27T00:00:00.000Z,1942,2019-01-11T00:00:00.000Z,605,27792,1767,5,5,7,1942,0,0,0,Q,0,17A67,LASSEN ST,RESEDA BL,0,,Y,E,-,N,,0,0,,,0,,,,Y,4,0,2,2,A,-,12,21453,A,N,D,C,A,A,H,-,B,-,0,,,,,Y,,A,1,0,0,2,0,0,0,0,0,0,- ,- ,0,0,900,1,LOS ANGELES,LOS ANGELES,CA,-118.5361022,34.25001526,"LASSEN ST & RESEDA BLVD, LOS ANGELES, CA",LASSEN ST,RESEDA BLVD,129370,
-118.4288222,34.21983337,44922,8793286,2019,2019-02-27T00:00:00.000Z,1942,2019-01-31T00:00:00.000Z,825,40398,1999,4,5,7,1942,0,0,0,,0,19A93,CANTARA ST,VENTURA CANYON AV,0,,Y,B,-,N,,0,0,,,0,,,,N,4,0,1,2,A,-,4,21703,,N,C,C,A,B,H,-,A,A,0,,,,,Y,,A,1,0,0,1,0,0,0,0,0,0,- ,- ,0,0,900,1,LOS ANGELES,LOS ANGELES,CA,-118.4288222,34.21983337,"CANTARA ST & VENTURA CANYON AVE, LOS ANGELES, CA",CANTARA ST,VENTURA CANYON AVE,118821,
-118.4481922,34.2470665,44923,8793290,2019,2019-02-27T00:00:00.000Z,1942,2019-01-31T00:00:00.000Z,844,38980,1963,4,5,7,1942,0,0,0,,0,19A75,VAN NUYS BL,WOODMAN AV,0,,Y,B,-,N,,0,0,,,0,,,,Y,4,0,2,2,A,-,9,21801,A,N,D,C,A,A,H,-,A,A,0,,,,,Y,,A,1,0,0,2,0,0,0,0,0,0,- ,- ,0,0,900,1,LOS ANGELES,LOS ANGELES,CA,-118.4481922,34.2470665,"VAN NUYS BLVD & WOODMAN AVE, LOS ANGELES, CA",VAN NUYS BLVD,WOODMAN AVE,97924,
-118.3662449,34.22820282,44924,8793295,2019,2019-02-27T00:00:00.000Z,1942,2019-01-16T00:00:00.000Z,740,40574,1676,3,5,7,1942,0,0,0,P,0,35M57,SUNLAND BL,OLINDA ST,175,N,N,C,-,N,,0,0,,,0,,,,Y,3,0,3,2,A,-,9,21804,A,N,D,C,A,B,H,-,A,D,0,,,,,Y,,A,7,0,2,1,0,0,0,0,0,0,- ,- ,0,0,900,1,LOS ANGELES,LOS ANGELES,CA,-118.3662449,34.22820282,"SUNLAND BLVD & OLINDA ST, LOS ANGELES, CA",SUNLAND BLVD,OLINDA ST,151522,
-118.5009158,34.27389526,44925,8793313,2019,2019-02-28T00:00:00.000Z,1942,2019-01-11T00:00:00.000Z,755,33700,1737,5,5,7,1942,0,0,0,Q,0,17A35,DONMETZ ST,MCLENNAN AV,50,E,N,B,-,N,,0,0,,,0,,,,Y,3,0,1,2,A,-,21,22106,,N,C,C,A,A,H,-,A,A,0,,,,,Y,,A,1,0,1,0,0,0,0,0,0,0,- ,- ,0,0,900,1,LOS ANGELES,LOS ANGELES,CA,-118.5009158,34.27389526,"DONMETZ ST & MCLENNAN AVE, LOS ANGELES, CA",DONMETZ ST,MCLENNAN AVE,109062,
-118.4761798,34.25302887,44926,8793317,2019,2019-02-28T00:00:00.000Z,1942,2019-01-11T00:00:00.000Z,745,32268,1759,5,5,7,1942,0,0,0,Q,0,17A49,HASKELL AV,MAYALL ST,250,S,N,E,-,N,,0,0,,,0,,,,Y,4,0,1,2,A,-,8,22103,,N,D,C,A,B,H,-,A,D,0,,,,,Y,,A,1,0,0,1,0,0,0,0,0,0,- ,- ,0,0,900,1,LOS ANGELES,LOS ANGELES,CA,-118.4761798,34.25302887,"HASKELL AVE & MAYALL ST, LOS ANGELES, CA",HASKELL AVE,MAYALL ST,122529,
-118.5492122,34.22459412,44927,8793321,2019,2019-02-28T00:00:00.000Z,1942,2019-01-10T00:00:00.000Z,835,30452,1793,4,5,7,1942,0,0,0,Q,0,17A67,VANALDEN AV,CHASE ST,0,,Y,A,-,N,,0,0,,,0,,,,N,4,0,1,2,A,-,9,21802,B,N,D,C,A,A,H,-,A,A,0,,,,,Y,,A,1,0,0,1,0,0,0,0,0,0,- ,- ,0,0,900,1,LOS ANGELES,LOS ANGELES,CA,-118.5492122,34.22459412,"VANALDEN AVE & CHASE ST, LOS ANGELES, CA",VANALDEN AVE,CHASE ST,101698,
-118.5640817,34.27770233,44928,8793325,2019,2019-02-27T00:00:00.000Z,1942,2019-01-11T00:00:00.000Z,815,37686,1701,5,5,7,1942,0,0,0,Q,0,17A23,CORBIN AV,SANTA ROSA DR,700,S,N,A,-,N,,0,0,,,0,,,,Y,4,0,1,2,A,-,9,21804,A,N,D,C,A,A,H,-,A,D,0,,,,,Y,,A,1,0,0,1,0,0,0,0,0,0,- ,- ,0,0,900,1,LOS ANGELES,LOS ANGELES,CA,-118.5640817,34.27770233,"CORBIN AVE & SANTA ROSA DR, LOS ANGELES, CA",CORBIN AVE,SANTA ROSA DR,133331,