X,Y,OBJECTID,case_id,accident_year,proc_date,juris,collision_date,collision_time,officer_id,reporting_district,day_of_week,chp_shift,population,cnty_city_loc,special_cond,beat_type,chp_beat_type,city_division_lapd,chp_beat_class,beat_number,primary_rd,secondary_rd,distance,direction,intersection,weather_1,weather_2,state_hwy_ind,caltrans_county,caltrans_district,state_route,route_suffix,postmile_prefix,postmile,location_type,ramp_intersection,side_of_hwy,tow_away,collision_severity,number_killed,number_injured,party_count,primary_coll_factor,pcf_code_of_viol,pcf_viol_category,pcf_violation,pcf_viol_subsection,hit_and_run,type_of_collision,mviw,ped_action,road_surface,road_cond_1,road_cond_2,lighting,control_device,chp_road_type,pedestrian_accident,bicycle_accident,motorcycle_accident,truck_accident,not_private_property,alcohol_involved,stwd_vehtype_at_fault,chp_vehtype_at_fault,count_severe_inj,count_visible_inj,count_complaint_pain,count_ped_killed,count_ped_injured,count_bicyclist_killed,count_bicyclist_injured,count_mc_killed,count_mc_injured,primary_ramp,secondary_ramp,latitude,longitude,timecat,month_,city,county,state,point_x,point_y,match_addr,m_primaryrd,m_secondrd,int_id,Flag
-118.4850022,34.24289322,44929,8793327,2019,2019-02-27T00:00:00.000Z,1942,2019-01-07T00:00:00.000Z,855,42408,1777,1,5,7,1942,0,0,0,Q,0,17X7,WOODLEY AV,PLUMMER ST,0,,Y,C,-,N,,0,0,,,0,,,,Y,3,0,1,2,A,-,9,21801,A,N,B,C,A,B,H,-,A,A,0,,,,,Y,,A,1,0,1,0,0,0,0,0,0,0,- ,- ,0,0,900,1,LOS ANGELES,LOS ANGELES,CA,-118.4850022,34.24289322,"WOODLEY AVE & PLUMMER ST, LOS ANGELES, CA",WOODLEY AVE,PLUMMER ST,150675,
-118.4676022,34.25001526,44930,8793340,2019,2019-02-27T00:00:00.000Z,1942,2019-01-04T00:00:00.000Z,739,27260,1962,5,5,7,1942,0,0,0,,0,19A61,SEPULVEDA BL,LASSEN ST,0,,Y,A,-,N,,0,0,,,0,,,,N,4,0,2,3,A,-,9,21801,A,N,D,C,A,A,H,-,A,A,0,,,,,Y,,A,1,0,0,2,0,0,0,0,0,0,- ,- ,0,0,900,1,LOS ANGELES,LOS ANGELES,CA,-118.4676022,34.25001526,"SEPULVEDA BLVD & LASSEN ST, LOS ANGELES, CA",SEPULVEDA BLVD,LASSEN ST,98601,
-118.5110222,34.26605606,44931,8793355,2019,2019-02-27T00:00:00.000Z,1942,2019-01-29T00:00:00.000Z,750,38326,1735,2,5,7,1942,0,0,0,Q,0,17A35,LOUISE AV,LOS ALIMOS ST,0,,Y,A,-,N,,0,0,,,0,,,,Y,4,0,1,2,A,-,9,21802,A,N,D,C,A,A,H,-,A,A,0,,,,,Y,,A,7,0,0,1,0,0,0,0,0,0,- ,- ,0,0,900,1,LOS ANGELES,LOS ANGELES,CA,-118.5110222,34.26605606,"LOUISE AVE & LOS ALIMOS ST, LOS ANGELES, CA",LOUISE AVE,LOS ALIMOS ST,101614,
-118.6294868,34.20225906,44932,8793372,2019,2019-02-25T00:00:00.000Z,1942,2019-01-14T00:00:00.000Z,850,32319,2133,1,5,7,1942,0,0,0,,0,21A1,MEDICAL CENTER DR,N SHERMAN PL,500,N,N,C,-,N,,0,0,,,0,,,,N,3,0,1,2,A,-,10,21950,A,N,G,B,C,B,H,-,A,A,0,Y,,,,Y,,A,1,0,1,0,0,1,0,0,0,0,- ,- ,0,0,900,1,LOS ANGELES,LOS ANGELES,CA,-118.6294868,34.20225906,"MEDICAL CENTER DR & SHERMAN PL, LOS ANGELES, CA",MEDICAL CENTER DR,SHERMAN PL,115434,
-118.4545522,34.27985382,44933,8793373,2019,2019-02-26T00:00:00.000Z,1942,2019-01-11T00:00:00.000Z,635,38687,1936,5,5,7,1942,0,0,0,,0,19A43,LAUREL CANYON BL,RINALDI ST,0,,Y,E,-,N,,0,0,,,0,,,,N,4,0,1,2,A,-,12,21453,A,N,D,C,A,A,H,-,A,A,0,,,,,Y,,A,1,0,0,1,0,0,0,0,0,0,- ,- ,0,0,900,1,LOS ANGELES,LOS ANGELES,CA,-118.4545522,34.27985382,"LAUREL CANYON BLVD & RINALDI ST, LOS ANGELES, CA",LAUREL CANYON BLVD,RINALDI ST,120237,
-118.4008921,34.17940521,44934,8793430,2019,2019-02-25T00:00:00.000Z,1942,2019-01-07T00:00:00.000Z,610,34482,1532,1,5,7,1942,0,0,0,O,0,15A33,LAURELGROVE AV,OXNARD ST,0,,Y,C,-,N,,0,0,,,0,,,,Y,4,0,2,2,A,-,9,21802,A,N,A,C,A,B,H,-,A,A,0,,,,,Y,,A,1,0,0,2,0,0,0,0,0,0,- ,- ,0,0,900,1,LOS ANGELES,LOS ANGELES,CA,-118.4008921,34.17940521,"LAURELGROVE AVE & OXNARD ST, LOS ANGELES, CA",LAURELGROVE AVE,OXNARD ST,150271,
-118.2415946,33.78113556,44935,8793435,2019,2019-02-25T00:00:00.000Z,1942,2019-01-28T00:00:00.000Z,840,38503,529,1,5,7,1942,0,0,0,E,0,25T23,ANAHEIM ST,HENRY FORD AV,39,E,N,A,-,N,,0,0,,,0,,,,N,4,0,4,5,A,-,17,22109,,F,C,C,A,A,H,-,A,D,0,,,,,Y,,-,99,0,0,4,0,0,0,0,0,0,- ,- ,0,0,900,1,LOS ANGELES,LOS ANGELES,CA,-118.2415946,33.78113556,"ANAHEIM ST & HENRY FORD AVE, LOS ANGELES, CA",ANAHEIM ST,HENRY FORD AVE,141851,
-118.3915629,34.14302826,44936,8793437,2019,2019-02-26T00:00:00.000Z,1942,2019-01-15T00:00:00.000Z,850,38687,1595,2,5,7,1942,0,0,0,O,0,15A85,VENTURA BL,CARPENTER AV,250,W,N,B,-,N,,0,0,,,0,,,,N,4,0,1,2,A,-,7,21658,A,N,-,C,A,-,H,-,A,A,0,,,,,Y,,A,1,0,0,1,0,0,0,0,0,0,- ,- ,0,0,900,1,LOS ANGELES,LOS ANGELES,CA,-118.3915629,34.14302826,"VENTURA BLVD & CARPENTER AVE, LOS ANGELES, CA",VENTURA BLVD,CARPENTER AVE,143217,
-118.4849631,34.23562241,44937,8793446,2019,2019-02-26T00:00:00.000Z,1942,2019-01-28T00:00:00.000Z,825,41274,1798,1,5,7,1942,0,0,0,Q,0,17A95,NORDHOFF ST,WOODLEY AV,30,E,N,B,-,N,,0,0,,,0,,,,N,0,0,0,2,A,-,4,21703,,M,C,C,A,A,H,-,A,A,0,,,,,Y,,-,99,0,0,0,0,0,0,0,0,0,- ,- ,0,0,900,1,LOS ANGELES,LOS ANGELES,CA,-118.4849631,34.23562241,"NORDHOFF ST & WOODLEY AVE, LOS ANGELES, CA",NORDHOFF ST,WOODLEY AVE,105062,
-118.5448622,34.25725555,44938,8793454,2019,2019-02-26T00:00:00.000Z,1942,2019-01-23T00:00:00.000Z,845,42617,1712,3,5,7,1942,0,0,0,Q,0,17A35,WILBUR,DEVONSHIRE,0,,Y,A,-,N,,0,0,,,0,,,,N,0,0,0,2,A,-,9,21801,,M,A,C,A,A,H,-,A,A,0,,,,,Y,,-,99,0,0,0,0,0,0,0,0,0,- ,- ,0,0,900,1,LOS ANGELES,LOS ANGELES,CA,-118.5448622,34.25725555,"WILBUR AVE & DEVONSHIRE ST, LOS ANGELES, CA",WILBUR AVE,DEVONSHIRE ST,125872,
-118.5884522,34.19116592,44939,8793489,2019,2019-02-25T00:00:00.000Z,1942,2019-01-10T00:00:00.000Z,700,40165,2157,4,5,7,1942,0,0,0,,0,21A57,DE SOTO AV,KITTRIDGE ST,0,,Y,A,-,N,,0,0,,,0,,,,Y,4,0,1,2,A,-,9,21801,A,N,D,C,A,A,H,-,A,A,0,,,,,Y,,A,8,0,0,1,0,0,0,0,0,0,- ,- ,0,0,900,1,LOS ANGELES,LOS ANGELES,CA,-118.5884522,34.19116592,"DE SOTO AVE & KITTRIDGE ST, LOS ANGELES, CA",DE SOTO AVE,KITTRIDGE ST,101017,
-118.5666822,34.22025299,44941,8793501,2019,2019-02-25T00:00:00.000Z,1942,2019-01-04T00:00:00.000Z,745,42460,2129,5,5,7,1942,0,0,0,,0,21A29,ROSCOE BL,OAKDALE AV,0,,Y,A,-,N,,0,0,,,0,,,,Y,3,0,1,2,A,-,12,21453,A,N,D,C,A,A,H,-,A,A,0,,,,,Y,,A,1,0,1,0,0,0,0,0,0,0,- ,- ,0,0,900,1,LOS ANGELES,LOS ANGELES,CA,-118.5666822,34.22025299,"ROSCOE BLVD & OAKDALE AVE, LOS ANGELES, CA",ROSCOE BLVD,OAKDALE AVE,129448,
-118.319249,34.08349609,44942,8793612,2019,2019-03-04T00:00:00.000Z,1942,2019-01-26T00:00:00.000Z,745,34959,2001,6,5,7,1942,0,0,0,,0,20A1,MELROSE AV,WINDSOR BL,95,E,N,A,-,N,,0,0,,,0,,,,Y,3,0,2,1,A,-,8,22107,,N,E,I,A,A,H,-,A,D,0,,,,,Y,,D,22,0,1,1,0,0,0,0,0,0,- ,- ,0,0,900,1,LOS ANGELES,LOS ANGELES,CA,-118.319249,34.08349609,"MELROSE AVE & WINDSOR BLVD, LOS ANGELES, CA",MELROSE AVE,WINDSOR BLVD,107742,
-118.2781722,33.95355606,44943,8793735,2019,2019-02-25T00:00:00.000Z,1942,2019-01-18T00:00:00.000Z,725,43541,1802,5,5,7,1942,0,0,0,R,0,18A49,91ST PL,BROADWAY AV,0,,Y,B,-,N,,0,0,,,0,,,,N,4,0,1,2,A,-,9,21801,A,N,B,D,A,A,H,-,A,A,0,,,,,Y,,A,8,0,0,1,0,0,0,0,0,0,- ,- ,0,0,900,1,LOS ANGELES,LOS ANGELES,CA,-118.2781722,33.95355606,"91ST PL & BROADWAY, LOS ANGELES, CA",91ST PL,BROADWAY,127768,
-118.3942546,34.2389183,44944,8795434,2019,2019-02-11T00:00:00.000Z,1942,2019-01-23T00:00:00.000Z,815,33886,1663,3,5,7,1942,0,0,0,P,0,16A77,SHELDON ST,SAN FERNANDO RD,200,W,N,A,-,N,,0,0,,,0,,,,N,0,0,0,2,A,-,3,22350,,M,C,C,A,A,H,-,A,D,0,,,,,Y,,-,99,0,0,0,0,0,0,0,0,0,- ,- ,0,0,900,1,LOS ANGELES,LOS ANGELES,CA,-118.3942546,34.2389183,"SHELDON ST & SAN FERNANDO RD, LOS ANGELES, CA",SHELDON ST,SAN FERNANDO RD,105198,
-118.319695,34.03896332,44945,8796055,2019,2019-02-21T00:00:00.000Z,1942,2019-01-14T00:00:00.000Z,740,43348,789,1,5,7,1942,0,0,0,G,0,7A69,2ND AV,3RD AV,120,E,N,C,-,N,,0,0,,,0,,,,N,0,0,0,2,A,-,21,22106,,N,H,E,A,B,H,-,A,D,0,,,,,Y,,J,48,0,0,0,0,0,0,0,0,0,- ,- ,0,0,900,1,LOS ANGELES,LOS ANGELES,CA,-118.319695,34.03896332,"2ND AVE & 3RD AVE, LOS ANGELES, CA",2ND AVE,3RD AVE,3137,
-118.2796797,33.97465515,44946,8796062,2019,2019-02-21T00:00:00.000Z,1942,2019-01-13T00:00:00.000Z,815,37679,1256,7,5,7,1942,0,0,0,L,0,12A57,W FLORENCE AV,GRAND AV,180,E,N,A,-,N,,0,0,,,0,,,,N,0,0,0,1,C,-,18,0,,N,E,H,A,A,H,-,A,D,0,,,,,Y,,-,- ,0,0,0,0,0,0,0,0,0,- ,- ,0,0,900,1,LOS ANGELES,LOS ANGELES,CA,-118.2796797,33.97465515,"FLORENCE AVE & GRAND AVE, LOS ANGELES, CA",FLORENCE AVE,GRAND AVE,141719,
-118.4725341,33.99010468,44947,8796174,2019,2019-02-27T00:00:00.000Z,1942,2019-01-09T00:00:00.000Z,840,38158,1431,3,5,7,1942,0,0,0,N,0,14A1,WESTMINSTER AV,MAIN ST,30,E,N,A,-,N,,0,0,,,0,,,,N,0,0,0,2,A,-,8,22107,,N,B,E,A,A,H,-,A,D,0,,,,,Y,,A,1,0,0,0,0,0,0,0,0,0,- ,- ,0,0,900,1,LOS ANGELES,LOS ANGELES,CA,-118.4725341,33.99010468,"WESTMINSTER AVE & MAIN ST, LOS ANGELES, CA",WESTMINSTER AVE,MAIN ST,149307,
-118.2992422,34.0690155,44948,8796254,2019,2019-02-25T00:00:00.000Z,1942,2019-01-09T00:00:00.000Z,758,36664,2025,3,5,7,1942,0,0,0,,0,20A25,W 3RD ST,S MARIPOSA AV,0,,Y,A,-,N,,0,0,,,0,,,,N,0,0,0,2,A,-,21,22106,,N,C,C,A,A,H,-,A,A,0,,,,,Y,,D,22,0,0,0,0,0,0,0,0,0,- ,- ,0,0,900,1,LOS ANGELES,LOS ANGELES,CA,-118.2992422,34.0690155,"3RD ST & MARIPOSA AVE, LOS ANGELES, CA",3RD ST,MARIPOSA AVE,111232,
-118.2870522,34.0618248,44949,8796258,2019,2019-02-15T00:00:00.000Z,1942,2019-01-19T00:00:00.000Z,830,39127,2039,6,5,7,1942,0,0,0,,0,20A39,WILSHIRE BL,S VIRGIL AV,0,,Y,A,-,N,,0,0,,,0,,,,Y,4,0,1,2,A,-,12,21453,A,N,D,C,A,A,H,-,A,A,0,,,,,Y,,I,11,0,0,1,0,0,0,0,0,0,- ,- ,0,0,900,1,LOS ANGELES,LOS ANGELES,CA,-118.2870522,34.0618248,"WILSHIRE BLVD & VIRGIL AVE, LOS ANGELES, CA",WILSHIRE BLVD,VIRGIL AVE,151300,
-118.2654551,34.03184891,44950,8796265,2019,2019-02-15T00:00:00.000Z,1942,2019-01-07T00:00:00.000Z,820,40275,195,1,5,7,1942,0,0,0,A,0,1A85,BROADWAY,WASHINGTON BL,150,N,N,B,C,N,,0,0,,,0,,,,N,0,0,0,2,A,-,8,22107,,M,B,C,A,B,H,-,A,D,0,,,,,Y,,-,99,0,0,0,0,0,0,0,0,0,- ,- ,0,0,900,1,LOS ANGELES,LOS ANGELES,CA,-118.2654551,34.03184891,"BROADWAY & WASHINGTON BLVD, LOS ANGELES, CA",BROADWAY,WASHINGTON BLVD,123232,
-118.2257121,34.08138657,44951,8796280,2019,2019-02-15T00:00:00.000Z,1942,2019-01-15T00:00:00.000Z,825,39028,1189,2,5,7,1942,0,0,0,K,0,11A89,FIGUEROA ST,SAN FERNANDO RD,0,,Y,B,-,N,,0,0,,,0,,,,N,0,0,0,2,A,-,8,22107,,N,B,C,A,B,H,-,A,A,0,,,,,Y,,A,1,0,0,0,0,0,0,0,0,0,- ,- ,0,0,900,1,LOS ANGELES,LOS ANGELES,CA,-118.2257121,34.08138657,"FIGUEROA ST & SAN FERNANDO RD, LOS ANGELES, CA",FIGUEROA ST,SAN FERNANDO RD,111331,
-118.2895516,34.01002121,44952,8796331,2019,2019-02-26T00:00:00.000Z,1942,2019-01-31T00:00:00.000Z,645,40404,396,4,5,7,1942,0,0,0,C,0,3A99,W 40TH PL,MENLO AV,143,E,N,A,-,N,,0,0,,,0,,,,N,0,0,0,2,A,-,6,21755,A,N,B,E,A,A,H,-,A,D,0,,,,,Y,,A,8,0,0,0,0,0,0,0,0,0,- ,- ,0,0,900,1,LOS ANGELES,LOS ANGELES,CA,-118.2895516,34.01002121,"40TH PL & MENLO AVE, LOS ANGELES, CA",40TH PL,MENLO AVE,131231,
-118.3435721,34.05433655,44953,8796339,2019,2019-02-26T00:00:00.000Z,1942,2019-01-29T00:00:00.000Z,645,40157,745,2,5,7,1942,0,0,0,G,0,7A33,S LA BREA AV,EDGEWOOD PL,0,,Y,B,-,N,,0,0,,,0,,,,Y,4,0,1,2,A,-,9,21806,A,N,D,C,A,A,H,-,A,A,0,,,,,Y,,A,1,0,0,1,0,0,0,0,0,0,- ,- ,0,0,900,1,LOS ANGELES,LOS ANGELES,CA,-118.3435721,34.05433655,"LA BREA AVE & EDGEWOOD PL, LOS ANGELES, CA",LA BREA AVE,EDGEWOOD PL,103420,
-118.2839835,34.02709961,44954,8796348,2019,2019-02-25T00:00:00.000Z,1942,2019-01-22T00:00:00.000Z,810,42792,328,2,5,7,1942,0,0,0,C,0,3A15,HOOVER AV,30TH ST,100,S,N,A,-,N,,0,0,,,0,,,,N,0,0,0,2,A,-,7,21658,A,N,B,C,A,A,H,-,A,D,0,,,,,Y,,I,20,0,0,0,0,0,0,0,0,0,- ,- ,0,0,900,1,LOS ANGELES,LOS ANGELES,CA,-118.2839835,34.02709961,"HOOVER ST & 30TH ST, LOS ANGELES, CA",HOOVER ST,30TH ST,96588,
-118.3557443,34.01213074,44955,8796359,2019,2019-03-13T00:00:00.000Z,1942,2019-01-16T00:00:00.000Z,846,33599,361,3,5,7,1942,0,0,0,C,0,3A41,LA BREA AV,VERONICA AV,255,S,N,C,-,N,,0,0,,,0,,,,N,0,0,0,2,A,-,3,22350,,N,C,E,A,B,H,-,A,D,0,,,,,Y,,A,1,0,0,0,0,0,0,0,0,0,- ,- ,0,0,900,1,LOS ANGELES,LOS ANGELES,CA,-118.3557443,34.01213074,"LA BREA AVE & VERONICA ST, LOS ANGELES, CA",LA BREA AVE,VERONICA ST,105765,
-118.3569722,34.21085739,44956,8796390,2019,2019-02-27T00:00:00.000Z,1942,2019-01-07T00:00:00.000Z,745,39835,1698,1,5,7,1942,0,0,0,P,0,16A81,SAN FERNANDO RD,ARVILLA AV,220,N,N,B,C,N,,0,0,,,0,,,,Y,4,0,2,3,A,-,3,22350,,N,C,C,A,B,H,-,A,D,0,,,,,Y,,A,1,0,0,2,0,0,0,0,0,0,- ,- ,0,0,900,1,LOS ANGELES,LOS ANGELES,CA,-118.3569722,34.21085739,"SAN FERNANDO RD & ARVILLA AVE, LOS ANGELES, CA",SAN FERNANDO RD,ARVILLA AVE,104581,
-118.5215629,34.26724243,44957,8796463,2019,2019-02-13T00:00:00.000Z,1942,2019-01-20T00:00:00.000Z,858,35481,1735,7,5,7,1942,0,0,0,Q,0,17A35,YARMOUTH AV,TRIBUNE ST,30,S,N,A,-,N,,0,0,,,0,,,,Y,0,0,0,1,A,-,3,22350,,M,E,I,A,A,H,-,A,-,0,,,,,Y,,A,1,0,0,0,0,0,0,0,0,0,- ,- ,0,0,900,1,LOS ANGELES,LOS ANGELES,CA,-118.5215629,34.26724243,"YARMOUTH AVE & TRIBUNE ST, LOS ANGELES, CA",YARMOUTH AVE,TRIBUNE ST,147339,
-118.4172542,34.01296234,44958,8796802,2019,2019-02-14T00:00:00.000Z,1942,2019-01-30T00:00:00.000Z,720,27475,1437,3,5,7,1942,0,0,0,N,0,34M4,SEPULVEDA BL,VENICE BL,5,S,N,B,-,N,,0,0,,,0,,,,N,0,0,0,2,A,-,8,22107,,M,B,C,A,A,H,-,A,A,0,,,,,Y,,-,,0,0,0,0,0,0,0,0,0,- ,- ,0,0,900,1,LOS ANGELES,LOS ANGELES,CA,-118.4172542,34.01296234,"SEPULVEDA BLVD & VENICE BLVD, LOS ANGELES, CA",SEPULVEDA BLVD,VENICE BLVD,109106,
-118.3776834,33.97208405,44959,8796818,2019,2019-02-14T00:00:00.000Z,1942,2019-01-24T00:00:00.000Z,840,39127,1469,4,5,7,1942,0,0,0,N,0,14A67,LA TIJERA BL,THORNBURN ST,450,W,N,A,-,N,,0,0,,,0,,,,N,0,0,0,2,A,-,4,21703,,M,C,C,A,A,H,-,A,D,0,,,,,Y,,-,99,0,0,0,0,0,0,0,0,0,- ,- ,0,0,900,1,LOS ANGELES,LOS ANGELES,CA,-118.3776834,33.97208405,"LA TIJERA BLVD & THORNBURN ST, LOS ANGELES, CA",LA TIJERA BLVD,THORNBURN ST,106558,
-118.3248021,34.02541351,44960,8796821,2019,2019-02-15T00:00:00.000Z,1942,2019-01-21T00:00:00.000Z,745,43254,356,1,5,7,1942,0,0,0,,0,3A34,7TH AV,JEFFERSON BL,66,S,N,A,-,N,,0,0,,,0,,,,N,0,0,0,2,A,-,9,21804,A,M,D,C,A,A,H,-,B,A,0,,,,,Y,Y,-,99,0,0,0,0,0,0,0,0,0,- ,- ,0,0,900,1,LOS ANGELES,LOS ANGELES,CA,-118.3248021,34.02541351,"7TH AVE & JEFFERSON BLVD, LOS ANGELES, CA",7TH AVE,JEFFERSON BLVD,120754,
-118.4209332,33.99096298,44961,8796830,2019,2019-02-14T00:00:00.000Z,1942,2019-01-26T00:00:00.000Z,815,36553,1457,6,5,7,1942,0,0,0,N,0,14A49,CULVER BL,CENTINELLA AV,10,W,N,A,-,N,,0,0,,,0,,,,N,0,0,0,2,A,-,3,22350,,M,C,C,A,A,H,-,A,A,0,,,,,Y,,-,99,0,0,0,0,0,0,0,0,0,- ,- ,0,0,900,1,LOS ANGELES,LOS ANGELES,CA,-118.4209332,33.99096298,"CULVER BLVD & CENTINELA AVE, LOS ANGELES, CA",CULVER BLVD,CENTINELA AVE,109407,
-118.2445022,34.03147507,44962,8796835,2019,2019-02-13T00:00:00.000Z,1942,2019-01-04T00:00:00.000Z,825,37540,1317,5,5,7,1942,0,0,0,M,0,13A9,S CENTRAL AV,EAST 10TH ST,0,,Y,A,-,N,,0,0,,,0,,,,N,0,0,0,2,A,-,3,22350,,M,C,C,A,A,H,-,A,D,0,,,,,Y,,-,99,0,0,0,0,0,0,0,0,0,- ,- ,0,0,900,1,LOS ANGELES,LOS ANGELES,CA,-118.2445022,34.03147507,"CENTRAL AVE & 10TH ST, LOS ANGELES, CA",CENTRAL AVE,10TH ST,114010,
-118.4147039,34.02871323,44963,8796838,2019,2019-02-14T00:00:00.000Z,1942,2019-01-25T00:00:00.000Z,850,39127,1428,5,5,7,1942,0,0,0,N,0,14A27,OVERLAND AV,ROSE AV,500,N,N,A,-,N,,0,0,,,0,,,,N,0,0,0,2,A,-,21,22106,,M,H,C,A,A,H,-,A,D,0,,,,,Y,,-,99,0,0,0,0,0,0,0,0,0,- ,- ,0,0,900,1,LOS ANGELES,LOS ANGELES,CA,-118.4147039,34.02871323,"OVERLAND AVE & ROSE AVE, LOS ANGELES, CA",OVERLAND AVE,ROSE AVE,110890,
-118.2783221,33.98238373,44964,8796879,2019,2019-02-13T00:00:00.000Z,1942,2019-01-08T00:00:00.000Z,850,38133,1391,2,5,7,1942,0,0,0,M,0,13A27,BROADWAY,GAGE,0,,Y,B,-,N,,0,0,,,0,,,,Y,0,0,0,2,A,-,8,22107,,M,A,C,A,A,H,-,A,A,0,,,,,Y,,A,1,0,0,0,0,0,0,0,0,0,- ,- ,0,0,900,1,LOS ANGELES,LOS ANGELES,CA,-118.2783221,33.98238373,"BROADWAY & GAGE AVE, LOS ANGELES, CA",BROADWAY,GAGE AVE,106643,
-118.2980621,33.98324585,44965,8796988,2019,2019-02-14T00:00:00.000Z,1942,2019-01-11T00:00:00.000Z,730,43245,1245,5,5,7,1942,0,0,0,L,0,12A45,RAYMOND AV,62ND ST,0,,Y,A,-,N,,0,0,,,0,,,,N,0,0,0,2,A,-,21,22106,,M,B,C,A,A,H,-,A,D,0,,,,,Y,,-,99,0,0,0,0,0,0,0,0,0,- ,- ,0,0,900,1,LOS ANGELES,LOS ANGELES,CA,-118.2980621,33.98324585,"RAYMOND AVE & 62ND ST, LOS ANGELES, CA",RAYMOND AVE,62ND ST,148683,
-118.3293821,34.00000382,44966,8797044,2019,2019-02-19T00:00:00.000Z,1942,2019-01-18T00:00:00.000Z,820,41791,392,5,5,7,1942,0,0,0,C,0,12A73,48TH ST,11TH AV,0,,Y,A,-,N,,0,0,,,0,,,,N,2,0,2,2,A,-,9,21801,A,N,A,C,A,A,H,-,A,A,0,,,,,Y,Y,A,7,1,0,1,0,0,0,0,0,0,- ,- ,0,0,900,1,LOS ANGELES,LOS ANGELES,CA,-118.3293821,34.00000381,"48TH ST & 11TH AVE, LOS ANGELES, CA",48TH ST,11TH AVE,106811,
-118.3177521,33.95048142,44967,8797069,2019,2019-02-14T00:00:00.000Z,1942,2019-01-15T00:00:00.000Z,600,38025,1283,2,5,7,1942,0,0,0,L,0,12A73,VAN NESS AV,94TH ST,275,S,N,B,-,N,,0,0,,,0,,,,Y,4,0,1,3,A,-,3,22350,,N,B,E,A,B,H,-,C,D,0,,,,,Y,,A,1,0,0,1,0,0,0,0,0,0,- ,- ,0,0,900,1,LOS ANGELES,LOS ANGELES,CA,-118.3177521,33.95048141,"VAN NESS AVE & 94TH ST, LOS ANGELES, CA",VAN NESS AVE,94TH ST,131214,
-118.3270251,33.98900604,44968,8797088,2019,2019-02-19T00:00:00.000Z,1942,2019-01-18T00:00:00.000Z,645,41214,LOS A,5,5,7,1942,0,0,0,,0,1232,SLAUSON AV,9TH AV,10,W,N,B,-,N,,0,0,,,0,,,,N,4,0,1,2,A,-,3,22350,,N,C,C,A,A,H,-,A,A,0,,,,,Y,,A,1,0,0,1,0,0,0,0,0,0,- ,- ,0,0,900,1,LOS ANGELES,LOS ANGELES,CA,-118.3270251,33.98900604,"SLAUSON AVE & 9TH AVE, LOS ANGELES, CA",SLAUSON AVE,9TH AVE,134535,
-118.2066996,34.02634049,44969,8797098,2019,2019-02-14T00:00:00.000Z,1942,2019-01-10T00:00:00.000Z,745,37540,478,4,5,7,1942,0,0,0,D,0,4A97,ATLANTIC ST,GRANDE VISTA AV,20,W,N,A,-,N,,0,0,,,0,,,,Y,4,0,1,3,A,-,3,22350,,N,A,E,A,A,H,-,A,-,0,,,,,Y,,A,1,0,0,1,0,0,0,0,0,0,- ,- ,0,0,900,1,LOS ANGELES,LOS ANGELES,CA,-118.2066996,34.02634048,"ATLANTIC ST & GRANDE VISTA AVE, LOS ANGELES, CA",ATLANTIC ST,GRANDE VISTA AVE,106942,
-118.2773047,33.96595764,44970,8797108,2019,2019-02-19T00:00:00.000Z,1942,2019-01-10T00:00:00.000Z,719,39226,1268,4,5,7,1942,0,0,0,L,0,12A3,81ST ST,BROADWAY,300,E,N,A,-,N,,0,0,,,0,,,,N,4,0,2,2,A,-,9,21802,A,N,D,C,A,A,H,-,A,-,0,,,,,Y,,A,1,0,0,2,0,0,0,0,0,0,- ,- ,0,0,900,1,LOS ANGELES,LOS ANGELES,CA,-118.2773047,33.96595764,"81ST ST & BROADWAY, LOS ANGELES, CA",81ST ST,BROADWAY,141761,
-118.2739921,34.02105331,44971,8797109,2019,2019-02-14T00:00:00.000Z,1942,2019-01-15T00:00:00.000Z,730,34997,1331,2,5,7,1942,0,0,0,M,0,13A27,HILL ST,32ND ST,0,,Y,A,-,N,,0,0,,,0,,,,N,4,0,1,2,A,-,9,21801,,N,D,C,A,A,H,-,A,D,0,,,,,Y,,A,1,0,0,1,0,0,0,0,0,0,- ,- ,0,0,900,1,LOS ANGELES,LOS ANGELES,CA,-118.2739921,34.02105331,"HILL ST & 32ND ST, LOS ANGELES, CA",HILL ST,32ND ST,99839,
-118.2270038,34.01757431,44972,8797117,2019,2019-02-14T00:00:00.000Z,1942,2019-01-15T00:00:00.000Z,800,42245,1309,2,5,7,1942,0,0,0,M,0,13A9,WASHINGTON BL,23RD ST,5,W,N,C,-,N,,0,0,,,0,,,,N,3,0,1,2,A,-,9,21802,A,N,D,C,A,B,H,-,A,D,0,,,,,Y,,A,1,0,1,0,0,0,0,0,0,0,- ,- ,0,0,900,1,LOS ANGELES,LOS ANGELES,CA,-118.2270037,34.01757431,"WASHINGTON BLVD & 23RD ST, LOS ANGELES, CA",WASHINGTON BLVD,23RD ST,103435,