X,Y,OBJECTID,case_id,accident_year,proc_date,juris,collision_date,collision_time,officer_id,reporting_district,day_of_week,chp_shift,population,cnty_city_loc,special_cond,beat_type,chp_beat_type,city_division_lapd,chp_beat_class,beat_number,primary_rd,secondary_rd,distance,direction,intersection,weather_1,weather_2,state_hwy_ind,caltrans_county,caltrans_district,state_route,route_suffix,postmile_prefix,postmile,location_type,ramp_intersection,side_of_hwy,tow_away,collision_severity,number_killed,number_injured,party_count,primary_coll_factor,pcf_code_of_viol,pcf_viol_category,pcf_violation,pcf_viol_subsection,hit_and_run,type_of_collision,mviw,ped_action,road_surface,road_cond_1,road_cond_2,lighting,control_device,chp_road_type,pedestrian_accident,bicycle_accident,motorcycle_accident,truck_accident,not_private_property,alcohol_involved,stwd_vehtype_at_fault,chp_vehtype_at_fault,count_severe_inj,count_visible_inj,count_complaint_pain,count_ped_killed,count_ped_injured,count_bicyclist_killed,count_bicyclist_injured,count_mc_killed,count_mc_injured,primary_ramp,secondary_ramp,latitude,longitude,timecat,month_,city,county,state,point_x,point_y,match_addr,m_primaryrd,m_secondrd,int_id,Flag
-118.2952221,33.84983444,44973,8797364,2019,2019-03-06T00:00:00.000Z,1942,2019-01-25T00:00:00.000Z,715,41729,505,5,5,7,1942,0,0,0,E,0,5A1,PACIFIC GATEWAY DR,FRANCISCO ST,0,,Y,A,-,N,,0,0,,,0,,,,N,4,0,1,2,A,-,5,21650,,N,-,C,A,A,H,-,A,D,0,,,,Y,Y,,F,21,0,0,1,0,0,0,0,0,0,- ,- ,0,0,900,1,LOS ANGELES,LOS ANGELES,CA,-118.2952221,33.84983444,"PACIFIC GATEWAY DR & FRANCISCO ST, LOS ANGELES, CA",PACIFIC GATEWAY DR,FRANCISCO ST,120709,
-118.2471621,34.01502609,44974,8797431,2019,2019-03-08T00:00:00.000Z,1942,2019-01-14T00:00:00.000Z,740,43409,1347,1,5,7,1942,0,0,0,M,0,13A27,ADAMS BL,COMPTON AV,0,,Y,C,-,N,,0,0,,,0,,,,Y,0,0,0,1,A,-,8,22101,,N,E,I,A,B,H,-,A,A,0,,,,Y,Y,,F,25,0,0,0,0,0,0,0,0,0,- ,- ,0,0,900,1,LOS ANGELES,LOS ANGELES,CA,-118.2471621,34.01502609,"ADAMS BLVD & COMPTON AVE, LOS ANGELES, CA",ADAMS BLVD,COMPTON AVE,103358,
-118.3549021,34.02549362,44975,8797499,2019,2019-02-20T00:00:00.000Z,1942,2019-01-07T00:00:00.000Z,825,43475,331,1,5,7,1942,0,0,0,C,0,3A73,W JEFFERSON BL,S LA BREA AV,0,,Y,C,-,N,,0,0,,,0,,,,N,4,0,1,2,A,-,8,22107,,N,C,C,A,B,H,-,A,A,0,,,,,Y,,A,1,0,0,1,0,0,0,0,0,0,- ,- ,0,0,900,1,LOS ANGELES,LOS ANGELES,CA,-118.3549021,34.02549362,"JEFFERSON BLVD & LA BREA AVE, LOS ANGELES, CA",JEFFERSON BLVD,LA BREA AVE,145296,
-118.2155333,34.0736351,44976,8797543,2019,2019-02-11T00:00:00.000Z,1942,2019-01-01T00:00:00.000Z,645,38729,421,2,5,7,1942,0,0,0,D,0,4A15,BROADWAY,DALY ST,30,E,N,A,-,N,,0,0,,,0,,,,N,3,0,1,2,A,-,3,22350,,N,C,C,A,A,H,-,A,D,0,,,Y,,Y,,A,1,0,1,0,0,0,0,0,0,1,- ,- ,0,0,900,1,LOS ANGELES,LOS ANGELES,CA,-118.2155333,34.0736351,"N BROADWAY & DALY ST, LOS ANGELES, CA",N BROADWAY,DALY ST,111238,
-118.3309414,33.97094345,44977,8798029,2019,2019-02-07T00:00:00.000Z,1942,2019-01-22T00:00:00.000Z,750,36911,1251,2,5,7,1942,0,0,0,L,0,12A51,CRENSHAW BL,76TH ST,25,N,N,A,-,N,,0,0,,,0,,,,N,4,0,1,2,A,-,0,20015,A,F,C,C,A,A,H,-,A,A,0,,,,,Y,,-,99,0,0,1,0,0,0,0,0,0,- ,- ,0,0,900,1,LOS ANGELES,LOS ANGELES,CA,-118.3309414,33.97094345,"CRENSHAW BLVD & 76TH ST, LOS ANGELES, CA",CRENSHAW BLVD,76TH ST,106592,
-118.2865225,34.03360748,44978,8798065,2019,2019-02-06T00:00:00.000Z,1942,2019-01-24T00:00:00.000Z,750,33599,318,4,5,7,1942,0,0,0,C,0,3A19,MAGNOLIA AV,25TH ST,12,N,N,A,-,N,,0,0,,,0,,,,Y,3,0,2,2,A,-,3,22350,,N,C,C,A,A,H,-,A,D,0,,,,,Y,,A,1,0,1,1,0,0,0,0,0,0,- ,- ,0,0,900,1,LOS ANGELES,LOS ANGELES,CA,-118.2865225,34.03360748,"MAGNOLIA AVE & 25TH ST, LOS ANGELES, CA",MAGNOLIA AVE,25TH ST,110618,
-118.2827086,33.98914337,44979,8797802,2019,2019-04-08T00:00:00.000Z,1942,2019-01-19T00:00:00.000Z,758,31755,1239,6,5,7,1942,0,0,0,L,0,25MQ13,SLAUSON,FIGUEROA,5,W,N,A,-,N,,0,0,,,0,,,,N,3,0,1,2,A,-,10,21950,A,N,G,B,B,A,H,-,A,-,0,Y,,,,Y,,A,1,0,1,0,0,1,0,0,0,0,- ,- ,0,0,900,1,LOS ANGELES,LOS ANGELES,CA,-118.2827086,33.98914337,"SLAUSON AVE & FIGUEROA ST,, CA",SLAUSON AVE,FIGUEROA ST,113598,
-118.3003121,33.97457504,44980,8798077,2019,2019-02-06T00:00:00.000Z,1942,2019-01-20T00:00:00.000Z,840,39745,1255,7,5,7,1942,0,0,0,L,0,12A53,S NORMANDIE AV,W FLORENCE AV,0,,Y,A,-,N,,0,0,,,0,,,,N,4,0,1,2,A,-,12,21453,A,F,B,C,A,A,H,-,A,A,0,,,,,Y,,-,99,0,0,1,0,0,0,0,0,0,- ,- ,0,0,900,1,LOS ANGELES,LOS ANGELES,CA,-118.3003121,33.97457504,"NORMANDIE AVE & FLORENCE AVE, LOS ANGELES, CA",NORMANDIE AVE,FLORENCE AVE,145253,
-118.2871321,33.99325562,44981,8798108,2019,2019-02-08T00:00:00.000Z,1942,2019-01-25T00:00:00.000Z,715,33599,1218,5,5,7,1942,0,0,0,L,0,12A15,S HOOVER ST,W 54TH ST,0,,Y,A,-,N,,0,0,,,0,,,,Y,4,0,1,2,A,-,9,21801,A,N,D,C,A,A,H,-,A,A,0,,,,,Y,,A,1,0,0,1,0,0,0,0,0,0,- ,- ,0,0,900,1,LOS ANGELES,LOS ANGELES,CA,-118.2871321,33.99325562,"HOOVER ST & 54TH ST, LOS ANGELES, CA",HOOVER ST,54TH ST,106888,
-118.295758,34.03998566,44982,8798149,2019,2019-02-13T00:00:00.000Z,1942,2019-01-23T00:00:00.000Z,800,38282,2097,3,5,7,1942,0,0,0,,0,20A97,WASHINGTON BL,BUDLONG AV,150,E,N,A,-,N,,0,0,,,0,,,,N,0,0,0,2,A,-,8,22107,,M,B,C,A,A,H,-,A,A,0,,,,,Y,,-,99,0,0,0,0,0,0,0,0,0,- ,- ,0,0,900,1,LOS ANGELES,LOS ANGELES,CA,-118.295758,34.03998566,"WASHINGTON BLVD & BUDLONG AVE, LOS ANGELES, CA",WASHINGTON BLVD,BUDLONG AVE,138599,
-118.5710442,34.22022629,44983,8798182,2019,2019-02-08T00:00:00.000Z,1942,2019-01-01T00:00:00.000Z,720,27792,2118,2,5,7,1942,0,0,0,,0,21A29,WINNETKA AV,ROSCOE BL,4,N,N,A,-,N,,0,0,,,0,,,,Y,4,0,1,1,A,-,1,23152,A,N,E,I,A,A,H,-,A,A,0,,,,,Y,Y,A,1,0,0,1,0,0,0,0,0,0,- ,- ,0,0,900,1,LOS ANGELES,LOS ANGELES,CA,-118.5710442,34.22022629,"WINNETKA AVE & ROSCOE BLVD, LOS ANGELES, CA",WINNETKA AVE,ROSCOE BLVD,115376,
-118.2048521,34.02157593,44984,8798238,2019,2019-02-08T00:00:00.000Z,1942,2019-01-09T00:00:00.000Z,725,42967,LOSAN,3,5,7,1942,0,0,0,,0,4A3,8TH ST,LORENA AV,0,,Y,A,-,N,,0,0,,,0,,,,N,4,0,1,2,A,-,8,22107,,N,B,C,A,A,H,-,A,A,0,,,,,Y,,A,1,0,0,1,0,0,0,0,0,0,- ,- ,0,0,900,1,LOS ANGELES,LOS ANGELES,CA,-118.2048521,34.02157593,"8TH ST & LORENA ST, LOS ANGELES, CA",8TH ST,LORENA ST,134877,
-118.2411955,34.10794449,44985,8798384,2019,2019-02-12T00:00:00.000Z,1942,2019-01-07T00:00:00.000Z,815,40008,1134,1,5,7,1942,0,0,0,K,0,11A89,SAN FERNANDO RD,HALLETT AV,200,S,N,B,-,N,,0,0,,,0,,,,N,0,0,0,2,A,-,21,22106,,M,D,C,A,A,H,-,A,D,0,,,,,Y,,-,99,0,0,0,0,0,0,0,0,0,- ,- ,0,0,900,1,LOS ANGELES,LOS ANGELES,CA,-118.2411955,34.10794449,"SAN FERNANDO RD & HALLETT AVE, LOS ANGELES, CA",SAN FERNANDO RD,HALLETT AVE,144435,
-118.2378621,34.05449677,44986,8798392,2019,2019-02-12T00:00:00.000Z,1942,2019-01-15T00:00:00.000Z,634,42362,119,2,5,7,1942,0,0,0,A,0,1A1,ARCADIA ST,ALAMEDA ST,0,,Y,A,-,N,,0,0,,,0,,,,N,0,0,0,2,A,-,7,21658,A,M,B,C,A,A,H,-,C,A,0,,,,,Y,,-,99,0,0,0,0,0,0,0,0,0,- ,- ,0,0,900,1,LOS ANGELES,LOS ANGELES,CA,-118.2378621,34.05449677,"ARCADIA ST & ALAMEDA ST, LOS ANGELES, CA",ARCADIA ST,ALAMEDA ST,135185,
-118.5243632,34.22863007,44987,8798439,2019,2019-04-30T00:00:00.000Z,1942,2019-01-04T00:00:00.000Z,850,27792,1795,5,5,7,1942,0,0,0,Q,0,17A95,PARTHENIA ST,ZELZAH AV,400,W,N,A,-,N,,0,0,,,0,,,,Y,4,0,1,2,A,-,8,22107,,N,C,E,A,A,H,-,A,-,0,,,,Y,Y,,F,55,0,0,1,0,0,0,0,0,0,- ,- ,0,0,900,1,LOS ANGELES,LOS ANGELES,CA,-118.5243632,34.22863007,"PARTHENIA ST & ZELZAH AVE, LOS ANGELES, CA",PARTHENIA ST,ZELZAH AVE,136398,
-118.2536344,33.94097519,44988,8798575,2019,2019-02-14T00:00:00.000Z,1942,2019-01-29T00:00:00.000Z,825,37344,18A35,2,5,7,1942,0,0,0,R,0,,105TH ST,PACE ST,180,W,N,A,-,N,,0,0,,,0,,,,N,0,0,0,2,A,-,21,22106,,M,B,C,A,A,H,-,A,D,0,,,,,Y,,-,99,0,0,0,0,0,0,0,0,0,- ,- ,0,0,900,1,LOS ANGELES,LOS ANGELES,CA,-118.2536344,33.94097519,"105TH ST & PACE AVE, LOS ANGELES, CA",105TH ST,PACE AVE,106698,
-118.2569886,33.95291519,44989,8798817,2019,2019-02-21T00:00:00.000Z,1942,2019-01-27T00:00:00.000Z,800,40440,1806,7,5,7,1942,0,0,0,R,0,18A3,E 92ND ST,CENTRAL AV,200,W,N,A,-,N,,0,0,,,0,,,,N,0,0,0,1,A,-,3,22350,,M,E,I,A,A,H,-,A,D,0,,,,,Y,,-,99,0,0,0,0,0,0,0,0,0,- ,- ,0,0,900,1,LOS ANGELES,LOS ANGELES,CA,-118.2569886,33.95291519,"92ND ST & CENTRAL AVE, LOS ANGELES, CA",92ND ST,CENTRAL AVE,148821,
-118.2608221,33.95733261,44990,8799075,2019,2019-03-08T00:00:00.000Z,1942,2019-01-15T00:00:00.000Z,830,42770,1804,2,5,7,1942,0,0,0,R,0,18A3,MCKINLEY AV,88TH ST WEST,30,S,N,A,-,N,,0,0,,,0,,,,N,4,0,1,2,A,-,9,21804,A,N,-,C,A,A,H,-,A,D,0,,,,,Y,,A,1,0,0,1,0,0,0,0,0,0,- ,- ,0,0,900,1,LOS ANGELES,LOS ANGELES,CA,-118.2608221,33.95733261,"MCKINLEY AVE & 88TH ST, LOS ANGELES, CA",MCKINLEY AVE,88TH ST,148819,
-118.2695521,33.944664,44991,8799083,2019,2019-03-08T00:00:00.000Z,1942,2019-01-09T00:00:00.000Z,815,41048,1823,3,5,7,1942,0,0,0,R,0,18A17,SAN PEDRO,101ST ST,0,,Y,A,-,N,,0,0,,,0,,,,N,4,0,4,2,A,-,9,21802,A,N,B,C,A,A,-,-,A,D,0,,,,,Y,,A,1,0,0,4,0,0,0,0,0,0,- ,- ,0,0,900,1,LOS ANGELES,LOS ANGELES,CA,-118.2695521,33.944664,"SAN PEDRO ST & 101ST ST, LOS ANGELES, CA",SAN PEDRO ST,101ST ST,148795,
-118.2539321,34.05017471,44992,8799098,2019,2019-02-15T00:00:00.000Z,1942,2019-01-14T00:00:00.000Z,645,42675,,1,5,7,1942,0,0,0,,0,SA85,5TH ST,GRAND AV,0,W,N,C,-,N,,0,0,,,0,,,,N,4,0,1,2,A,-,9,21804,A,N,D,C,A,B,H,-,C,D,0,,,,,Y,Y,-,99,0,0,1,0,0,0,0,0,0,- ,- ,0,0,900,1,LOS ANGELES,LOS ANGELES,CA,-118.2539321,34.05017471,"5TH ST & GRAND AVE (DOWNTOWN), LOS ANGELES, CA",5TH ST,GRAND AVE (DOWNTOWN),142208,
-118.2467618,34.02853394,44993,8799207,2019,2019-03-07T00:00:00.000Z,1942,2019-01-03T00:00:00.000Z,835,40008,1317,4,5,7,1942,0,0,0,M,0,13A9,S CENTRAL AV,E 14TH ST,50,N,N,A,-,N,,0,0,,,0,,,,N,0,0,0,2,A,-,7,21658,A,N,B,C,A,A,H,-,A,D,0,,,,,Y,,-,- ,0,0,0,0,0,0,0,0,0,- ,- ,0,0,900,1,LOS ANGELES,LOS ANGELES,CA,-118.2467618,34.02853394,"CENTRAL AVE & 14TH ST, LOS ANGELES, CA",CENTRAL AVE,14TH ST,121185,
-118.5017422,34.05767441,44994,8799472,2019,2019-02-22T00:00:00.000Z,1942,2019-01-02T00:00:00.000Z,817,39655,817,3,5,7,1942,0,0,0,H,0,8A29,CAPRI DR,D ESTE DR,0,,Y,A,-,N,,0,0,,,0,,,,N,4,0,1,2,A,-,11,21954,A,N,G,B,D,A,H,-,A,D,0,Y,,,,Y,,N,60,0,0,1,0,1,0,0,0,0,- ,- ,0,0,900,1,LOS ANGELES,LOS ANGELES,CA,-118.5017422,34.05767441,"CAPRI DR & DESTE DR, LOS ANGELES, CA",CAPRI DR,DESTE DR,0,
-118.2010473,34.02780151,44995,8799520,2019,2019-02-21T00:00:00.000Z,1942,2019-01-11T00:00:00.000Z,725,34458,478,5,5,7,1942,0,0,0,D,0,4A97,WHITTIER BL,LORENA ST,12,W,N,B,-,N,,0,0,,,0,,,,Y,3,0,1,2,A,-,12,21453,A,N,H,G,A,A,H,-,A,A,0,,Y,,,Y,,L,4,0,1,0,0,0,0,1,0,0,- ,- ,0,0,900,1,LOS ANGELES,LOS ANGELES,CA,-118.2010473,34.02780151,"WHITTIER BLVD & LORENA ST, LOS ANGELES, CA",WHITTIER BLVD,LORENA ST,121262,
-118.2739521,33.97468567,44996,8799611,2019,2019-03-08T00:00:00.000Z,1942,2019-01-06T00:00:00.000Z,740,39508,1394,7,5,7,1942,0,0,0,M,0,13A93,MAIN ST,FLORENCE AV,0,,Y,A,-,N,,0,0,,,0,,,,Y,4,0,2,3,A,-,12,21453,A,N,D,C,A,A,H,-,A,A,0,,,,,Y,,-,- ,0,0,2,0,0,0,0,0,0,- ,- ,0,0,900,1,LOS ANGELES,LOS ANGELES,CA,-118.2739521,33.97468567,"MAIN ST & FLORENCE AVE, LOS ANGELES, CA",MAIN ST,FLORENCE AVE,117104,
-118.2780818,33.96007538,44997,8799620,2019,2019-02-25T00:00:00.000Z,1942,2019-01-16T00:00:00.000Z,845,33599,1267,3,5,7,1942,0,0,0,L,0,12A67,MANCHESTER AV,BROADWAY,55,E,N,C,-,N,,0,0,,,0,,,,N,4,0,1,2,A,-,7,21658,A,F,B,C,A,B,H,-,A,A,0,,,,,Y,,-,99,0,0,1,0,0,0,0,0,0,- ,- ,0,0,900,1,LOS ANGELES,LOS ANGELES,CA,-118.2780818,33.96007538,"MANCHESTER AVE & BROADWAY, LOS ANGELES, CA",MANCHESTER AVE,BROADWAY,117804,
-118.5560317,34.19382477,44998,8799867,2019,2019-02-20T00:00:00.000Z,1942,2019-01-09T00:00:00.000Z,610,40065,1021,3,5,7,1942,0,0,0,J,0,10A21,VAN OWEN ST,AURA AV,430,W,N,A,-,N,,0,0,,,0,,,,Y,4,0,1,4,A,-,1,23152,A,N,B,E,A,A,H,-,B,D,0,,,,,Y,Y,A,1,0,0,1,0,0,0,0,0,0,- ,- ,0,0,900,1,LOS ANGELES,LOS ANGELES,CA,-118.5560317,34.19382477,"VANOWEN ST & AURA AVE, LOS ANGELES, CA",VANOWEN ST,AURA AVE,150796,
-118.3722521,34.02505493,44999,8799945,2019,2019-02-12T00:00:00.000Z,1942,2019-01-28T00:00:00.000Z,745,37724,321,1,5,7,1942,0,0,0,C,0,3A1,S LA CIENEGA BL,CORBETT ST,0,,Y,A,-,N,,0,0,,,0,,,,N,4,0,1,2,A,-,9,21801,A,N,D,C,A,A,H,-,A,D,0,,,,,Y,,A,1,0,0,1,0,0,0,0,0,0,- ,- ,0,0,900,1,LOS ANGELES,LOS ANGELES,CA,-118.3722521,34.02505493,"LA CIENEGA BLVD & CORBETT ST, LOS ANGELES, CA",LA CIENEGA BLVD,CORBETT ST,117348,
-118.2543689,33.9292717,45000,8799953,2019,2019-02-12T00:00:00.000Z,1942,2019-01-31T00:00:00.000Z,706,31188,1864,4,5,7,1942,0,0,0,R,0,25TL45,CENTRAL AV,IMPERIAL HWY,70,S,N,B,-,N,,0,0,,,0,,,,Y,4,0,2,4,A,-,3,22350,,N,C,C,A,A,H,-,A,A,0,,,,,Y,,A,1,0,0,2,0,0,0,0,0,0,- ,- ,0,0,900,1,LOS ANGELES,LOS ANGELES,CA,-118.2543689,33.9292717,"CENTRAL AVE & IMPERIAL HWY, LOS ANGELES, CA",CENTRAL AVE,IMPERIAL HWY,96217,
-118.4400122,34.20118332,45001,8800136,2019,2019-02-13T00:00:00.000Z,1942,2019-01-28T00:00:00.000Z,630,43004,LOS A,1,5,7,1942,0,0,0,,0,915,SHERMAN WAY,HAZELTINE,0,,Y,A,-,N,,0,0,,,0,,,,N,4,0,1,2,A,-,4,21703,,F,C,C,A,A,H,-,C,A,0,,,,,Y,,-,99,0,0,1,0,0,0,0,0,0,- ,- ,0,0,900,1,LOS ANGELES,LOS ANGELES,CA,-118.4400122,34.20118332,"SHERMAN WAY & HAZELTINE AVE, LOS ANGELES, CA",SHERMAN WAY,HAZELTINE AVE,139571,
-118.2448578,33.94667435,45002,8800217,2019,2019-02-12T00:00:00.000Z,1942,2019-01-28T00:00:00.000Z,625,38503,1826,1,5,7,1942,0,0,0,R,0,25T23,99TH ST,MAIE AV,102,W,N,B,-,N,,0,0,,,0,,,,N,4,0,1,2,A,-,11,21956,A,N,G,B,E,A,H,-,B,D,0,Y,,,,Y,,N,60,0,0,1,0,1,0,0,0,0,- ,- ,0,0,900,1,LOS ANGELES,LOS ANGELES,CA,-118.2448578,33.94667435,"99TH ST & MAIE AVE, LOS ANGELES, CA",99TH ST,MAIE AVE,138220,
-118.2959321,34.01321411,45003,8800225,2019,2019-02-12T00:00:00.000Z,1942,2019-01-31T00:00:00.000Z,745,41745,377,4,5,7,1942,0,0,0,C,0,,LEIGHTON,BUDLONG,0,,Y,B,-,N,,0,0,,,0,,,,N,4,0,1,2,A,-,8,22107,,N,G,B,B,A,H,-,A,A,0,Y,,,,Y,,A,1,0,0,1,0,1,0,0,0,0,- ,- ,0,0,900,1,LOS ANGELES,LOS ANGELES,CA,-118.2959321,34.01321411,"LEIGHTON AVE & BUDLONG AVE, LOS ANGELES, CA",LEIGHTON AVE,BUDLONG AVE,138350,
-118.2899521,33.79099655,45004,8800634,2019,2019-03-20T00:00:00.000Z,1942,2019-01-28T00:00:00.000Z,730,39123,503,1,5,7,1942,0,0,0,E,0,5A1,PACIFIC COAST HWY,MCCOY AV,0,,Y,B,-,Y,,0,0,,,0,,,,N,4,0,1,2,A,-,9,21801,A,N,D,C,A,A,H,-,B,D,0,,,,,Y,,A,1,0,0,1,0,0,0,0,0,0,- ,- ,0,0,900,1,LOS ANGELES,LOS ANGELES,CA,-118.2899521,33.79099655,"PACIFIC COAST HWY & MCCOY AVE, LOS ANGELES, CA",PACIFIC COAST HWY,MCCOY AVE,106759,
-118.2390121,33.93896866,45005,8800795,2019,2019-02-28T00:00:00.000Z,1942,2019-01-29T00:00:00.000Z,625,38503,1837,2,5,7,1942,0,0,0,R,0,25TL21,WILMINGTON AV,107TH ST,20,N,N,B,-,N,,0,0,,,0,,,,N,4,0,1,2,A,-,8,22103,,F,D,C,A,A,H,-,B,A,0,,,,,Y,,-,99,0,0,1,0,0,0,0,0,0,- ,- ,0,0,900,1,LOS ANGELES,LOS ANGELES,CA,-118.2390121,33.93896866,"WILMINGTON AVE & 107TH ST, LOS ANGELES, CA",WILMINGTON AVE,107TH ST,103140,
-118.2779551,33.93294907,45006,8800837,2019,2019-02-21T00:00:00.000Z,1942,2019-01-26T00:00:00.000Z,810,43451,1842,6,5,7,1942,0,0,0,R,0,18A41,112TH ST,BROADWAY,200,E,N,A,-,N,,0,0,,,0,,,,N,4,0,1,2,A,-,21,22106,,F,G,B,E,A,H,-,A,A,0,Y,,,,Y,,-,99,0,0,1,0,1,0,0,0,0,- ,- ,0,0,900,1,LOS ANGELES,LOS ANGELES,CA,-118.2779551,33.93294907,"112TH ST & BROADWAY, LOS ANGELES, CA",112TH ST,BROADWAY,124784,
-118.3221221,33.97360992,45007,8801053,2019,2019-03-20T00:00:00.000Z,1942,2019-01-31T00:00:00.000Z,715,43116,1252,4,5,7,1942,0,0,0,L,0,12A3,5TH AV,73RD ST,20,S,N,C,-,N,,0,0,,,0,,,,N,4,0,2,2,A,-,9,21802,A,N,A,C,A,B,H,-,A,D,0,,,,,Y,,A,7,0,0,2,0,0,0,0,0,0,- ,- ,0,0,900,1,LOS ANGELES,LOS ANGELES,CA,-118.3221221,33.97360992,"5TH AVE & 73RD ST, LOS ANGELES, CA",5TH AVE,73RD ST,145194,
-118.5407422,34.17066574,45008,8801133,2019,2019-02-22T00:00:00.000Z,1942,2019-01-10T00:00:00.000Z,720,27792,1063,4,5,7,1942,0,0,0,J,0,10A83,VENTURA BL,YOLANDA AV,0,,Y,A,-,N,,0,0,,,0,,,,N,2,0,1,2,A,-,12,21453,A,N,D,G,A,A,H,-,A,A,0,,Y,,,Y,,L,4,1,0,0,0,0,0,1,0,0,- ,- ,0,0,900,1,LOS ANGELES,LOS ANGELES,CA,-118.5407422,34.17066574,"VENTURA BLVD & YOLANDA AVE, LOS ANGELES, CA",VENTURA BLVD,YOLANDA AVE,126145,
-118.5006832,34.17221069,45009,8802646,2019,2019-02-27T00:00:00.000Z,1942,2019-01-07T00:00:00.000Z,745,31688,1047,1,5,7,1942,0,0,0,J,0,10A17,BURBANK BL,BALBOA BL,130,E,N,C,-,N,,0,0,,,0,,,,N,0,0,0,1,A,-,3,22350,,N,E,I,A,B,H,-,A,D,0,,,,,Y,,D,22,0,0,0,0,0,0,0,0,0,- ,- ,0,0,900,1,LOS ANGELES,LOS ANGELES,CA,-118.5006832,34.17221069,"BURBANK BLVD & BALBOA BLVD, LOS ANGELES, CA",BURBANK BLVD,BALBOA BLVD,101997,
-118.4312422,34.15033341,45010,8802690,2019,2019-02-26T00:00:00.000Z,1942,2019-01-12T00:00:00.000Z,715,42460,989,6,5,7,1942,0,0,0,I,0,9A89,MOORPARK ST,WOODMAN AV,0,,Y,C,-,N,,0,0,,,0,,,,N,3,0,3,2,A,-,12,21453,A,N,D,C,A,B,H,-,A,A,0,,,,Y,Y,,F,26,0,1,2,0,0,0,0,0,0,- ,- ,0,0,900,1,LOS ANGELES,LOS ANGELES,CA,-118.4312422,34.1503334,"MOORPARK ST & WOODMAN AVE, LOS ANGELES, CA",MOORPARK ST,WOODMAN AVE,144003,
-118.5491922,34.21200562,45011,8803129,2019,2019-02-22T00:00:00.000Z,1942,2019-01-02T00:00:00.000Z,805,40165,1001,3,5,7,1942,0,0,0,J,0,10A3,INGOMAR ST,VANALDEN AV,0,,Y,A,-,N,,0,0,,,0,,,,Y,3,0,1,3,A,-,9,21802,A,N,D,C,A,A,H,-,A,A,0,,,,,Y,,A,1,0,1,0,0,0,0,0,0,0,- ,- ,0,0,900,1,LOS ANGELES,LOS ANGELES,CA,-118.5491922,34.21200562,"INGOMAR ST & VANALDEN AVE, LOS ANGELES, CA",INGOMAR ST,VANALDEN AVE,122827,
-118.4312321,34.14802551,45012,8803149,2019,2019-02-22T00:00:00.000Z,1942,2019-01-08T00:00:00.000Z,715,38687,989,2,5,7,1942,0,0,0,I,0,9489,VENTURA BL,WOODMAN AV,0,,Y,A,-,N,,0,0,,,0,,,,Y,3,0,2,2,A,-,9,21801,A,N,D,C,A,A,H,-,A,A,0,,,,,Y,,A,7,0,1,1,0,0,0,0,0,0,- ,- ,0,0,900,1,LOS ANGELES,LOS ANGELES,CA,-118.4312321,34.14802551,"VENTURA BLVD & WOODMAN AVE, LOS ANGELES, CA",VENTURA BLVD,WOODMAN AVE,144028,
-118.5502901,34.17256928,45013,8803150,2019,2019-02-26T00:00:00.000Z,1942,2019-01-11T00:00:00.000Z,830,39402,1063,5,5,7,1942,0,0,0,J,0,10A83,VENTURA BL,VANALDEN AV,60,W,N,A,-,N,,0,0,,,0,,,,N,4,0,1,2,D,-,0,0,,N,C,C,A,A,H,-,A,A,0,,,,,Y,,-,- ,0,0,1,0,0,0,0,0,0,- ,- ,0,0,900,1,LOS ANGELES,LOS ANGELES,CA,-118.5502901,34.17256927,"VENTURA BLVD & VANALDEN AVE, LOS ANGELES, CA",VENTURA BLVD,VANALDEN AVE,101516,
-118.5535722,34.21749115,45014,8803159,2019,2019-02-26T00:00:00.000Z,1942,2019-01-11T00:00:00.000Z,730,37686,1001,5,5,7,1942,0,0,0,J,0,10A3,TAMPA AV,LANARK ST,20,N,N,E,-,N,,0,0,,,0,,,,N,3,0,1,1,-,-,- ,0,,N,H,J,A,A,G,-,A,D,0,,Y,,,Y,,-,- ,0,1,0,0,0,0,1,0,0,- ,- ,0,0,900,1,LOS ANGELES,LOS ANGELES,CA,-118.5535722,34.21749115,"TAMPA AVE & LANARK ST, LOS ANGELES, CA",TAMPA AVE,LANARK ST,133058,
-118.4421122,34.13066483,45015,8803181,2019,2019-02-22T00:00:00.000Z,1942,2019-01-08T00:00:00.000Z,825,38687,998,2,5,7,1942,0,0,0,I,0,9A89,MULHOLLAND DR,BEVERLY GLEN BL,0,,Y,A,-,N,,0,0,,,0,,,,N,4,0,2,2,A,-,8,22107,,N,B,C,A,A,H,-,A,A,0,,,,,Y,,A,7,0,0,2,0,0,0,0,0,0,- ,- ,0,0,900,1,LOS ANGELES,LOS ANGELES,CA,-118.4421122,34.13066483,"MULHOLLAND DR & BEVERLY GLEN BLVD, LOS ANGELES, CA",MULHOLLAND DR,BEVERLY GLEN BLVD,102043,
-118.5535122,34.18658447,45016,8803186,2019,2019-02-26T00:00:00.000Z,1942,2019-01-14T00:00:00.000Z,645,38326,1031,1,5,7,1942,0,0,0,J,0,10A21,TAMPA AV,VICTORY BL,0,,Y,B,C,N,,0,0,,,0,,,,Y,3,0,2,2,A,-,9,21801,A,N,D,C,A,B,H,-,B,A,0,,,,,Y,,A,1,0,1,1,0,0,0,0,0,0,- ,- ,0,0,900,1,LOS ANGELES,LOS ANGELES,CA,-118.5535122,34.18658447,"TAMPA AVE & VICTORY BLVD, LOS ANGELES, CA",TAMPA AVE,VICTORY BLVD,139665,