X,Y,OBJECTID,case_id,accident_year,proc_date,juris,collision_date,collision_time,officer_id,reporting_district,day_of_week,chp_shift,population,cnty_city_loc,special_cond,beat_type,chp_beat_type,city_division_lapd,chp_beat_class,beat_number,primary_rd,secondary_rd,distance,direction,intersection,weather_1,weather_2,state_hwy_ind,caltrans_county,caltrans_district,state_route,route_suffix,postmile_prefix,postmile,location_type,ramp_intersection,side_of_hwy,tow_away,collision_severity,number_killed,number_injured,party_count,primary_coll_factor,pcf_code_of_viol,pcf_viol_category,pcf_violation,pcf_viol_subsection,hit_and_run,type_of_collision,mviw,ped_action,road_surface,road_cond_1,road_cond_2,lighting,control_device,chp_road_type,pedestrian_accident,bicycle_accident,motorcycle_accident,truck_accident,not_private_property,alcohol_involved,stwd_vehtype_at_fault,chp_vehtype_at_fault,count_severe_inj,count_visible_inj,count_complaint_pain,count_ped_killed,count_ped_injured,count_bicyclist_killed,count_bicyclist_injured,count_mc_killed,count_mc_injured,primary_ramp,secondary_ramp,latitude,longitude,timecat,month_,city,county,state,point_x,point_y,match_addr,m_primaryrd,m_secondrd,int_id,Flag
-118.4487621,34.20118332,45017,8803527,2019,2019-04-30T00:00:00.000Z,1942,2019-01-23T00:00:00.000Z,833,27260,914,3,5,7,1942,0,0,0,I,0,9A23,VAN NUYS BL,SHERMAN WAY,0,,Y,A,-,N,,0,0,,,0,,,,N,4,0,3,2,A,-,4,21703,,N,C,C,A,A,H,-,A,A,0,,,,,Y,,I,20,0,0,3,0,0,0,0,0,0,- ,- ,0,0,900,1,LOS ANGELES,LOS ANGELES,CA,-118.4487621,34.20118332,"VAN NUYS BLVD & SHERMAN WAY, LOS ANGELES, CA",VAN NUYS BLVD,SHERMAN WAY,105050,
-118.4662022,34.17217255,45018,8803531,2019,2019-02-27T00:00:00.000Z,1942,2019-01-28T00:00:00.000Z,830,34561,952,1,5,7,1942,0,0,0,,0,9A41,SEPULVEDA BL,BURBANK BL,28,N,N,B,-,N,,0,0,,,0,,,,N,0,0,0,2,A,-,8,22100,A,N,B,C,A,A,H,-,A,A,0,,,,,Y,,D,22,0,0,0,0,0,0,0,0,0,- ,- ,0,0,900,1,LOS ANGELES,LOS ANGELES,CA,-118.4662022,34.17217255,"SEPULVEDA BLVD & BURBANK BLVD, LOS ANGELES, CA",SEPULVEDA BLVD,BURBANK BLVD,115300,
-118.4552622,34.16485596,45019,8803622,2019,2019-02-27T00:00:00.000Z,1942,2019-01-31T00:00:00.000Z,730,42460,963,4,5,7,1942,0,0,0,I,0,9A63,WILLIS AV,MAGNOLIA BL,0,,Y,B,-,N,,0,0,,,0,,,,N,4,0,3,2,A,-,9,21802,A,N,D,C,A,A,H,-,A,A,0,,,,,Y,,A,1,0,0,3,0,0,0,0,0,0,- ,- ,0,0,900,1,LOS ANGELES,LOS ANGELES,CA,-118.4552622,34.16485596,"WILLIS AVE & MAGNOLIA BLVD, LOS ANGELES, CA",WILLIS AVE,MAGNOLIA BLVD,97805,
-118.4207115,34.15034866,45020,8803626,2019,2019-02-27T00:00:00.000Z,1942,2019-01-31T00:00:00.000Z,620,40634,979,4,5,7,1942,0,0,0,I,0,15A85,MOORPARK ST,ATOLL AV,115,W,N,A,-,N,,0,0,,,0,,,,Y,3,0,1,3,A,-,8,22107,,N,B,E,A,A,H,-,C,D,0,,,,,Y,,A,1,0,1,0,0,0,0,0,0,0,- ,- ,0,0,900,1,LOS ANGELES,LOS ANGELES,CA,-118.4207115,34.15034866,"MOORPARK ST & ATOLL AVE, LOS ANGELES, CA",MOORPARK ST,ATOLL AVE,136842,
-118.4356088,34.20118332,45021,8803663,2019,2019-02-28T00:00:00.000Z,1942,2019-01-25T00:00:00.000Z,825,39085,909,5,5,7,1942,0,0,0,I,0,10T35,SHERMAN WAY,RANCHITO AV,2,W,N,A,-,N,,0,0,,,0,,,,N,3,0,1,2,A,-,5,21650,1,N,D,G,A,A,H,-,A,A,0,,Y,,,Y,,L,4,0,1,0,0,0,0,1,0,0,- ,- ,0,0,900,1,LOS ANGELES,LOS ANGELES,CA,-118.4356088,34.20118332,"SHERMAN WAY & RANCHITO AVE, LOS ANGELES, CA",SHERMAN WAY,RANCHITO AVE,129130,
-118.4497961,34.20845413,45022,8803674,2019,2019-02-27T00:00:00.000Z,1942,2019-01-17T00:00:00.000Z,830,40876,,4,5,7,1942,0,0,0,,0,,SATICOY ST,VAN NUYS BL,295,W,N,A,-,N,,0,0,,,0,,,,N,4,0,1,2,A,-,5,21650,1,N,B,G,A,A,H,-,A,D,0,,Y,,,Y,,L,4,0,0,1,0,0,0,1,0,0,- ,- ,0,0,900,1,LOS ANGELES,LOS ANGELES,CA,-118.4497961,34.20845413,"SATICOY ST & VAN NUYS BLVD, LOS ANGELES, CA",SATICOY ST,VAN NUYS BLVD,126111,
-118.1780316,34.12040329,45023,8804617,2019,2019-03-11T00:00:00.000Z,1942,2019-01-23T00:00:00.000Z,820,39817,11X49,3,5,7,1942,0,0,0,K,0,1128,AVE 64,MERIDIAN ST,105,N,N,A,-,N,,0,0,,,0,,,,Y,4,0,2,3,A,-,6,21750,,N,A,C,A,A,H,-,A,A,0,,,,,Y,,A,7,0,0,2,0,0,0,0,0,0,- ,- ,0,0,900,1,LOS ANGELES,LOS ANGELES,CA,-118.1780316,34.12040329,"AVE 64 & MERIDIAN ST, LOS ANGELES, CA",AVE 64,MERIDIAN ST,103944,
-118.4443251,34.04766846,45024,8804812,2019,2019-02-14T00:00:00.000Z,1942,2019-01-21T00:00:00.000Z,705,38721,884,1,5,7,1942,0,0,0,H,0,8A35,SEPULVEDA BL,SANTA MONICA BL,40,N,N,A,-,N,,0,0,,,0,,,,N,4,0,1,2,A,-,3,22350,,F,C,C,A,A,H,-,A,A,0,,,,,Y,,-,99,0,0,1,0,0,0,0,0,0,- ,- ,0,0,900,1,LOS ANGELES,LOS ANGELES,CA,-118.4443251,34.04766846,"SEPULVEDA BLVD & SANTA MONICA BLVD, LOS ANGELES, CA",SEPULVEDA BLVD,SANTA MONICA BLVD,121809,
-118.3787126,33.96800613,45025,8804824,2019,2019-02-14T00:00:00.000Z,1942,2019-01-29T00:00:00.000Z,807,30455,1479,2,5,7,1942,0,0,0,N,0,14A67,OSAGE AV,77TH ST,200,S,N,A,-,N,,0,0,,,0,,,,N,4,0,1,2,A,-,3,22350,,F,C,C,A,A,H,-,A,D,0,,,,,Y,,-,99,0,0,1,0,0,0,0,0,0,- ,- ,0,0,900,1,LOS ANGELES,LOS ANGELES,CA,-118.3787126,33.96800613,"OSAGE AVE & 77TH ST, LOS ANGELES, CA",OSAGE AVE,77TH ST,113559,
-118.2701422,33.99244309,45026,8804872,2019,2019-02-14T00:00:00.000Z,1942,2019-01-11T00:00:00.000Z,745,38502,1372,5,5,7,1942,0,0,0,M,0,13A85,S SAN PEDRO ST,E 55TH ST,0,,Y,A,-,N,,0,0,,,0,,,,N,4,0,3,3,A,-,12,22450,A,N,D,C,A,A,H,-,A,D,0,,,,,Y,,A,1,0,0,3,0,0,0,0,0,0,- ,- ,0,0,900,1,LOS ANGELES,LOS ANGELES,CA,-118.2701422,33.99244308,"SAN PEDRO ST & 55TH ST, LOS ANGELES, CA",SAN PEDRO ST,55TH ST,110103,
-118.5975422,34.20466614,45027,8804918,2019,2019-02-26T00:00:00.000Z,1942,2019-01-16T00:00:00.000Z,635,39746,2136,3,5,7,1942,0,0,0,,0,21A5,CANOGA AV,VALERIO ST,0,,Y,C,-,N,,0,0,,,0,,,,Y,3,0,1,2,A,-,9,21801,A,N,D,C,A,B,H,-,A,A,0,,,,,Y,,D,22,0,1,0,0,0,0,0,0,0,- ,- ,0,0,900,1,LOS ANGELES,LOS ANGELES,CA,-118.5975422,34.20466614,"CANOGA AVE & VALERIO ST, LOS ANGELES, CA",CANOGA AVE,VALERIO ST,126056,
-118.5950822,34.21982575,45028,8805121,2019,2019-02-26T00:00:00.000Z,1942,2019-01-17T00:00:00.000Z,845,42460,2126,4,5,7,1942,0,0,0,,0,21A5,ROSCOE BL,DEERING AV,0,,Y,C,-,N,,0,0,,,0,,,,N,0,0,0,2,A,-,3,22350,,M,C,C,A,B,H,-,A,A,0,,,,,Y,,-,99,0,0,0,0,0,0,0,0,0,- ,- ,0,0,900,1,LOS ANGELES,LOS ANGELES,CA,-118.5950822,34.21982574,"ROSCOE BLVD & DEERING AVE, LOS ANGELES, CA",ROSCOE BLVD,DEERING AVE,122589,
-118.6059151,34.18161392,45029,8805125,2019,2019-02-26T00:00:00.000Z,1942,2019-01-29T00:00:00.000Z,830,38947,2156,2,5,7,1942,0,0,0,,0,21A57,TOPANGA CANYON BL,CALVERT ST,200,W,N,A,-,N,,0,0,,,0,,,,N,0,0,0,2,B,-,22,0,,M,B,E,A,A,H,-,A,D,0,,,,,Y,,-,99,0,0,0,0,0,0,0,0,0,- ,- ,0,0,900,1,LOS ANGELES,LOS ANGELES,CA,-118.6059151,34.18161392,"TOPANGA CANYON BLVD & CALVERT ST, LOS ANGELES, CA",TOPANGA CANYON BLVD,CALVERT ST,116465,
-118.6072562,34.21963501,45030,8805173,2019,2019-03-26T00:00:00.000Z,1942,2019-01-18T00:00:00.000Z,751,37532,2114,5,5,7,1942,0,0,0,,0,21A52,ROSCOE BL,TOPANGA CANYON BL,380,W,N,A,-,N,,0,0,,,0,,,,N,0,0,0,2,A,-,8,22107,,M,D,C,A,A,-,-,A,D,0,,,,,Y,,-,99,0,0,0,0,0,0,0,0,0,- ,- ,0,0,900,1,LOS ANGELES,LOS ANGELES,CA,-118.6072562,34.21963501,"ROSCOE BLVD & TOPANGA CANYON BLVD, LOS ANGELES, CA",ROSCOE BLVD,TOPANGA CANYON BLVD,130526,
-118.5974732,34.1883316,45031,8805231,2019,2019-02-27T00:00:00.000Z,1942,2019-01-21T00:00:00.000Z,855,40141,2156,1,5,7,1942,0,0,0,,0,21A57,CANOGA AV,VICTORY BL,6,S,N,A,-,N,,0,0,,,0,,,,N,4,0,1,2,A,-,10,21950,A,N,G,B,B,A,H,-,A,A,0,Y,,,,Y,,A,1,0,0,1,0,1,0,0,0,0,- ,- ,0,0,900,1,LOS ANGELES,LOS ANGELES,CA,-118.5974732,34.1883316,"CANOGA AVE & VICTORY BLVD, LOS ANGELES, CA",CANOGA AVE,VICTORY BLVD,123098,
-118.4125981,34.30429459,45032,8805259,2019,2019-02-27T00:00:00.000Z,1942,2019-01-14T00:00:00.000Z,708,36663,1907,1,5,7,1942,0,0,0,,0,19A7,MACLAY ST,FENTON AV,555,E,N,A,-,N,,0,0,,,0,,,,N,2,0,1,2,A,-,11,21954,A,N,G,B,D,B,H,-,D,D,0,Y,,,,Y,,N,60,1,0,0,0,1,0,0,0,0,- ,- ,0,0,900,1,LOS ANGELES,LOS ANGELES,CA,-118.4125981,34.30429459,"MACLAY ST & FENTON AVE, LOS ANGELES, CA",MACLAY ST,FENTON AVE,98162,
-118.4107159,34.03377152,45033,8805305,2019,2019-03-01T00:00:00.000Z,1942,2019-01-30T00:00:00.000Z,725,38688,885,3,5,7,1942,0,0,0,H,0,8A95,MANNING AV,MOTOR AV,5,W,N,B,-,N,,0,0,,,0,,,,N,4,0,1,2,A,-,11,21456,B,N,G,B,B,A,H,-,A,A,0,Y,,,,Y,,N,60,0,0,1,0,1,0,0,0,0,- ,- ,0,0,900,1,LOS ANGELES,LOS ANGELES,CA,-118.4107159,34.03377151,"MANNING AVE & MOTOR AVE, LOS ANGELES, CA",MANNING AVE,MOTOR AVE,128786,
-118.4741622,33.99231339,45034,8805718,2019,2019-02-19T00:00:00.000Z,1942,2019-01-09T00:00:00.000Z,830,39655,1412,3,5,7,1942,0,0,0,N,0,14A1,MAIN ST,ABBOTT KINNEY BL,0,,Y,A,-,N,,0,0,,,0,,,,N,3,0,1,2,A,-,12,21453,A,N,B,G,A,A,H,-,A,A,0,,Y,,,Y,,L,4,0,1,0,0,0,0,1,0,0,- ,- ,0,0,900,1,LOS ANGELES,LOS ANGELES,CA,-118.4741622,33.99231339,"MAIN ST & ABBOT KINNEY BLVD, LOS ANGELES, CA",MAIN ST,ABBOT KINNEY BLVD,107143,
-118.4383956,34.02233505,45035,8805783,2019,2019-02-19T00:00:00.000Z,1942,2019-01-09T00:00:00.000Z,850,31573,1401,3,5,7,1942,0,0,0,N,0,14A25,S BARRINGTON AV,NATIONAL BL,150,S,N,A,-,N,,0,0,,,0,,,,N,0,0,0,2,A,-,8,22107,,M,B,C,A,A,H,-,A,A,0,,,,,Y,,-,99,0,0,0,0,0,0,0,0,0,- ,- ,0,0,900,1,LOS ANGELES,LOS ANGELES,CA,-118.4383956,34.02233505,"BARRINGTON AVE & NATIONAL BLVD, LOS ANGELES, CA",BARRINGTON AVE,NATIONAL BLVD,114399,
-118.2651722,33.95110321,45036,8805923,2019,2019-02-22T00:00:00.000Z,1942,2019-01-31T00:00:00.000Z,740,42355,1942,4,5,7,1942,0,0,0,,0,1824,AVALON,94TH ST,0,,Y,A,-,N,,0,0,,,0,,,,N,0,0,0,2,A,-,9,21801,A,N,E,I,A,A,H,-,A,A,0,,,,,Y,,A,8,0,0,0,0,0,0,0,0,0,- ,- ,0,0,900,1,LOS ANGELES,LOS ANGELES,CA,-118.2651722,33.95110321,"AVALON BLVD & 94TH ST, LOS ANGELES, CA",AVALON BLVD,94TH ST,124251,
-118.2739021,33.95283508,45037,8805978,2019,2019-02-22T00:00:00.000Z,1942,2019-01-03T00:00:00.000Z,700,43529,1802,4,5,7,1942,0,0,0,R,0,18A1,MAIN ST,92ND ST,0,S,N,A,-,N,,0,0,,,0,,,,N,0,0,0,2,A,-,3,22350,,M,B,E,A,A,H,-,C,A,0,,,,,Y,Y,-,99,0,0,0,0,0,0,0,0,0,- ,- ,0,0,900,1,LOS ANGELES,LOS ANGELES,CA,-118.2739021,33.95283508,"MAIN ST & 92ND ST, LOS ANGELES, CA",MAIN ST,92ND ST,116122,
-118.5885322,34.22818375,45038,8806348,2019,2019-03-04T00:00:00.000Z,1942,2019-01-31T00:00:00.000Z,635,42460,1791,4,5,7,1942,0,0,0,Q,0,17A81,DE SOTO AV,PARTHENIA ST,0,,Y,B,-,N,,0,0,,,0,,,,Y,4,0,1,2,A,-,9,21801,,N,D,C,A,A,H,-,A,A,0,,,,,Y,,A,1,0,0,1,0,0,0,0,0,0,- ,- ,0,0,900,1,LOS ANGELES,LOS ANGELES,CA,-118.5885322,34.22818375,"DE SOTO AVE & PARTHENIA ST, LOS ANGELES, CA",DE SOTO AVE,PARTHENIA ST,147951,
-118.5025492,34.23576355,45039,8806356,2019,2019-03-04T00:00:00.000Z,1942,2019-01-23T00:00:00.000Z,840,42121,1745,3,5,7,1942,0,0,0,Q,0,17X91,NORDHOFF ST,BALBOA BL,10,E,N,A,-,N,,0,0,,,0,,,,N,4,0,1,3,A,-,4,21703,,N,C,C,A,A,H,-,A,A,0,,,,,Y,,-,,0,0,1,0,0,0,0,0,0,- ,- ,0,0,900,1,LOS ANGELES,LOS ANGELES,CA,-118.5025492,34.23576355,"NORDHOFF ST & BALBOA BLVD, LOS ANGELES, CA",NORDHOFF ST,BALBOA BLVD,105180,
-118.5065227,34.22115326,45040,8806360,2019,2019-03-04T00:00:00.000Z,1942,2019-01-20T00:00:00.000Z,635,30452,1795,7,5,7,1942,0,0,0,Q,0,17A95,ROSCOE BL,AMESTOY AV,300,W,N,A,-,N,,0,0,,,0,,,,Y,3,0,2,2,A,-,8,22107,,N,C,E,A,A,H,-,C,D,0,,,,,Y,,A,1,0,2,0,0,0,0,0,0,0,- ,- ,0,0,900,1,LOS ANGELES,LOS ANGELES,CA,-118.5065227,34.22115326,"ROSCOE BLVD & AMESTOY AVE, LOS ANGELES, CA",ROSCOE BLVD,AMESTOY AVE,119686,
-118.5472822,34.27549362,45041,8806363,2019,2019-03-05T00:00:00.000Z,1942,2019-01-23T00:00:00.000Z,807,42106,1712,3,5,7,1942,0,0,0,Q,0,17A935,WILBUR AV,RINALDI ST,0,,Y,A,-,N,,0,0,,,0,,,,N,4,0,2,2,A,-,9,21801,A,N,D,C,A,A,H,-,A,A,0,,,,,Y,,A,1,0,0,2,0,0,0,0,0,0,- ,- ,0,0,900,1,LOS ANGELES,LOS ANGELES,CA,-118.5472822,34.27549362,"WILBUR AVE & RINALDI ST, LOS ANGELES, CA",WILBUR AVE,RINALDI ST,129789,
-118.5011222,34.18930435,45042,8806368,2019,2019-03-04T00:00:00.000Z,1942,2019-01-30T00:00:00.000Z,824,40341,1028,3,5,7,1942,0,0,0,J,0,10A83,HAYNES,BALBOA,0,,Y,B,-,N,,0,0,,,0,,,,N,3,0,1,2,A,-,11,21954,A,N,G,B,D,A,H,-,A,D,0,Y,,,,Y,,N,60,0,1,0,0,1,0,0,0,0,- ,- ,0,0,900,1,LOS ANGELES,LOS ANGELES,CA,-118.5011222,34.18930435,"HAYNES ST & BALBOA BLVD, LOS ANGELES, CA",HAYNES ST,BALBOA BLVD,115565,
-118.5612622,34.21202469,45043,8806380,2019,2019-03-05T00:00:00.000Z,1942,2019-01-30T00:00:00.000Z,810,36389,1001,3,5,7,1942,0,0,0,J,0,,INGOMAR ST,BOTHWELL AVE,0,,Y,B,-,N,,0,0,,,0,,,,N,3,0,2,2,A,-,9,21802,A,N,D,C,A,A,H,-,A,A,0,,,,,Y,,A,7,0,1,1,0,0,0,0,0,0,- ,- ,0,0,900,1,LOS ANGELES,LOS ANGELES,CA,-118.5612622,34.21202469,"INGOMAR ST & BOTHWELL RD, LOS ANGELES, CA",INGOMAR ST,BOTHWELL RD,133078,
-118.5273622,34.22864533,45044,8806383,2019,2019-03-05T00:00:00.000Z,1942,2019-01-19T00:00:00.000Z,630,30452,1794,6,5,7,1942,0,0,0,Q,0,17A67,LINDLEY AV,PARTHENIA ST,0,,Y,A,-,N,,0,0,,,0,,,,Y,4,0,5,2,A,-,12,21453,A,N,D,C,A,A,H,-,B,A,0,,,,,Y,,A,7,0,0,5,0,0,0,0,0,0,- ,- ,0,0,900,1,LOS ANGELES,LOS ANGELES,CA,-118.5273622,34.22864532,"LINDLEY AVE & PARTHENIA ST, LOS ANGELES, CA",LINDLEY AVE,PARTHENIA ST,147045,
-118.5360638,34.20090103,45045,8806384,2019,2019-03-04T00:00:00.000Z,1942,2019-01-15T00:00:00.000Z,800,37686,1024,2,5,7,1942,0,0,0,J,0,10A21,RESEDA BL,SHERMAN WY,100,S,N,B,-,N,,0,0,,,0,,,,Y,4,0,2,1,A,-,3,22350,,N,E,I,A,B,H,-,A,D,0,,,,,Y,,A,1,0,0,2,0,0,0,0,0,0,- ,- ,0,0,900,1,LOS ANGELES,LOS ANGELES,CA,-118.5360638,34.20090103,"RESEDA BLVD & SHERMAN WAY, LOS ANGELES, CA",RESEDA BLVD,SHERMAN WAY,116039,
-118.5363001,34.22070313,45046,8806406,2019,2019-03-07T00:00:00.000Z,1942,2019-01-18T00:00:00.000Z,800,41019,1794,5,5,7,1942,0,0,0,Q,0,17A67,ROSCOE BL,RESEDA BL,66,W,N,A,-,N,,0,0,,,0,,,,Y,3,0,1,2,A,-,8,22107,,N,C,C,A,A,H,-,A,D,0,,,,,Y,,A,1,0,1,0,0,0,0,0,0,0,- ,- ,0,0,900,1,LOS ANGELES,LOS ANGELES,CA,-118.5363001,34.22070313,"ROSCOE BLVD & RESEDA BLVD, LOS ANGELES, CA",ROSCOE BLVD,RESEDA BLVD,136759,
-118.4952703,34.22016525,45047,8806414,2019,2019-03-07T00:00:00.000Z,1942,2019-01-22T00:00:00.000Z,720,39058,1797,2,5,7,1942,0,0,0,Q,0,17A95,ROSCOE BL,HAYVENHURST,1050,W,N,A,-,N,,0,0,,,0,,,,Y,3,0,4,2,A,-,16,29003,A,N,D,J,A,A,H,-,A,A,0,,,,,Y,,M,50,0,2,2,0,0,0,0,0,0,- ,- ,0,0,900,1,LOS ANGELES,LOS ANGELES,CA,-118.4952703,34.22016525,"ROSCOE BLVD & HAYVENHURST AVE, LOS ANGELES, CA",ROSCOE BLVD,HAYVENHURST AVE,105106,
-118.541453,34.22822571,45048,8806418,2019,2019-03-04T00:00:00.000Z,1942,2019-01-22T00:00:00.000Z,825,40574,1794,2,5,7,1942,0,0,0,Q,0,17A67,PARTHENIA ST,YOLANDA AV,300,W,N,A,-,N,,0,0,,,0,,,,N,4,0,2,3,A,-,4,21703,,N,-,C,A,-,H,-,A,D,0,,,,,Y,,D,22,0,0,2,0,0,0,0,0,0,- ,- ,0,0,900,1,LOS ANGELES,LOS ANGELES,CA,-118.541453,34.22822571,"PARTHENIA ST & YOLANDA AVE, LOS ANGELES, CA",PARTHENIA ST,YOLANDA AVE,136295,
-118.5535922,34.24999619,45049,8806473,2019,2019-03-04T00:00:00.000Z,1942,2019-01-31T00:00:00.000Z,645,39085,1764,4,5,7,1942,0,0,0,Q,0,17A81,TAMPA AV,LASSEN ST,0,,Y,B,-,N,,0,0,,,0,,,,Y,2,0,3,4,A,-,12,21453,A,N,D,C,A,A,H,-,A,A,0,,,,,Y,,D,22,1,0,2,0,0,0,0,0,0,- ,- ,0,0,900,1,LOS ANGELES,LOS ANGELES,CA,-118.5535922,34.24999619,"TAMPA AVE & LASSEN ST, LOS ANGELES, CA",TAMPA AVE,LASSEN ST,109260,
-118.4762822,34.242836,45050,8806477,2019,2019-04-30T00:00:00.000Z,1942,2019-01-25T00:00:00.000Z,830,30452,1779,5,5,7,1942,0,0,0,Q,0,17A95,HASKELL AV,PLUMMER ST,0,,Y,A,-,N,,0,0,,,0,,,,Y,4,0,2,2,A,-,12,21453,A,N,D,C,A,A,H,-,A,A,0,,,,,Y,,D,22,0,0,2,0,0,0,0,0,0,- ,- ,0,0,900,1,LOS ANGELES,LOS ANGELES,CA,-118.4762822,34.242836,"HASKELL AVE & PLUMMER ST, LOS ANGELES, CA",HASKELL AVE,PLUMMER ST,104980,
-118.2407602,34.05327606,45051,8806479,2019,2019-03-01T00:00:00.000Z,1942,2019-01-29T00:00:00.000Z,717,36238,112,2,5,7,1942,0,0,0,A,0,1A1,E TEMPLE ST,LOS ANGELES ST,73,E,N,A,-,N,,0,0,,,0,,,,N,0,0,0,1,A,-,8,22107,,N,E,I,A,A,H,-,A,D,0,,,,,Y,,I,12,0,0,0,0,0,0,0,0,0,- ,- ,0,0,900,1,LOS ANGELES,LOS ANGELES,CA,-118.2407602,34.05327606,"TEMPLE ST & LOS ANGELES ST, LOS ANGELES, CA",TEMPLE ST,LOS ANGELES ST,96498,
-118.3812683,34.17583466,45052,8806497,2019,2019-03-04T00:00:00.000Z,1942,2019-01-29T00:00:00.000Z,725,31931,1535,2,5,7,1942,0,0,0,O,0,15A39,LANKERSHIM BL,HATTERAS ST,25,N,N,B,-,N,,0,0,,,0,,,,N,4,0,3,2,A,-,3,22350,,N,C,C,A,A,H,-,A,A,0,,,Y,,Y,,A,1,0,0,3,0,0,0,0,0,1,- ,- ,0,0,900,1,LOS ANGELES,LOS ANGELES,CA,-118.3812683,34.17583466,"LANKERSHIM BLVD & HATTERAS ST, LOS ANGELES, CA",LANKERSHIM BLVD,HATTERAS ST,143347,
-118.3790522,34.15763474,45053,8806509,2019,2019-03-04T00:00:00.000Z,1942,2019-01-23T00:00:00.000Z,835,43359,1555,3,5,7,1942,0,0,0,O,0,15A39,RIVERSIDE DR,TUJUNGA,0,,Y,A,-,N,,0,0,,,0,,,,Y,3,0,1,2,A,-,9,21453,C,N,D,C,A,A,H,-,A,A,0,,,,,Y,Y,A,1,0,1,0,0,0,0,0,0,0,- ,- ,0,0,900,1,LOS ANGELES,LOS ANGELES,CA,-118.3790522,34.15763474,"RIVERSIDE DR & TUJUNGA AVE, LOS ANGELES, CA",RIVERSIDE DR,TUJUNGA AVE,104524,
-118.3615589,34.17610169,45054,8806537,2019,2019-03-04T00:00:00.000Z,1942,2019-01-24T00:00:00.000Z,850,38687,1539,4,5,7,1942,0,0,0,O,0,15A39,WHITNALL HWY,CAHUENGA BL,3,W,N,A,-,N,,0,0,,,0,,,,N,4,0,1,2,A,-,4,21703,,N,C,C,A,A,H,-,A,D,0,,,,,Y,,A,1,0,0,1,0,0,0,0,0,0,- ,- ,0,0,900,1,LOS ANGELES,LOS ANGELES,CA,-118.3615589,34.17610168,"WHITNALL HWY & CAHUENGA BLVD, LOS ANGELES, CA",WHITNALL HWY,CAHUENGA BLVD,115115,
-118.3867322,34.18488312,45055,8806549,2019,2019-03-04T00:00:00.000Z,1942,2019-01-21T00:00:00.000Z,800,42400,1526,1,5,7,1942,0,0,0,O,0,15A3,LANKERSHIM BL,SYLVAN ST,0,,Y,A,-,N,,0,0,,,0,,,,Y,4,0,1,2,A,-,9,21802,,N,D,C,A,A,H,-,A,A,0,,,,,Y,,A,1,0,0,1,0,0,0,0,0,0,- ,- ,0,0,900,1,LOS ANGELES,LOS ANGELES,CA,-118.3867322,34.18488312,"LANKERSHIM BLVD & SYLVAN ST, LOS ANGELES, CA",LANKERSHIM BLVD,SYLVAN ST,143250,
-118.2757285,34.05783081,45056,8806677,2019,2019-03-07T00:00:00.000Z,1942,2019-01-29T00:00:00.000Z,804,42932,246,2,5,7,1942,0,0,0,B,0,2A47,WILSHIRE BL,ALVARADO ST,65,E,N,A,-,N,,0,0,,,0,,,,N,2,0,1,2,A,-,11,21954,A,N,G,B,E,A,H,-,A,D,0,Y,,,,Y,Y,N,60,1,0,0,0,1,0,0,0,0,- ,- ,0,0,900,1,LOS ANGELES,LOS ANGELES,CA,-118.2757285,34.05783081,"WILSHIRE BLVD & ALVARADO ST, LOS ANGELES, CA",WILSHIRE BLVD,ALVARADO ST,131579,
-118.2992771,34.08303452,45057,8806730,2019,2019-03-05T00:00:00.000Z,1942,2019-01-10T00:00:00.000Z,850,38502,211,4,5,7,1942,0,0,0,B,0,2A1,N MARIPOSA AV,MELROSE AV,186,S,N,A,-,N,,0,0,,,0,,,,N,3,0,1,2,A,-,9,21804,B,N,D,G,A,A,H,-,A,D,0,,Y,,,Y,,A,1,0,1,0,0,0,0,1,0,0,- ,- ,0,0,900,1,LOS ANGELES,LOS ANGELES,CA,-118.2992771,34.08303452,"MARIPOSA AVE & MELROSE AVE, LOS ANGELES, CA",MARIPOSA AVE,MELROSE AVE,132213,
-118.2608521,33.99341583,45058,8806731,2019,2019-03-13T00:00:00.000Z,1942,2019-01-16T00:00:00.000Z,715,40611,1373,3,5,7,1942,0,0,0,M,0,13A85,MCKINLEY AV,54TH ST,0,,Y,C,-,N,,0,0,,,0,,,,N,4,0,1,2,A,-,10,21950,A,F,G,B,B,B,H,-,A,A,0,Y,,,,Y,,A,1,0,0,1,0,1,0,0,0,0,- ,- ,0,0,900,1,LOS ANGELES,LOS ANGELES,CA,-118.2608521,33.99341583,"MCKINLEY AVE & 54TH ST, LOS ANGELES, CA",MCKINLEY AVE,54TH ST,141709,
-118.2539317,34.03840637,45059,8806735,2019,2019-03-13T00:00:00.000Z,1942,2019-01-23T00:00:00.000Z,720,42932,1303,3,5,7,1942,0,0,0,M,0,13A13,MAPLE AV,OLYMPIC BL,50,N,N,A,-,N,,0,0,,,0,,,,N,4,0,1,3,A,-,3,22350,,F,C,C,A,A,H,-,A,D,0,,,,,Y,,-,99,0,0,1,0,0,0,0,0,0,- ,- ,0,0,900,1,LOS ANGELES,LOS ANGELES,CA,-118.2539317,34.03840637,"MAPLE AVE & OLYMPIC BLVD, LOS ANGELES, CA",MAPLE AVE,OLYMPIC BLVD,131562,