X,Y,OBJECTID,case_id,accident_year,proc_date,juris,collision_date,collision_time,officer_id,reporting_district,day_of_week,chp_shift,population,cnty_city_loc,special_cond,beat_type,chp_beat_type,city_division_lapd,chp_beat_class,beat_number,primary_rd,secondary_rd,distance,direction,intersection,weather_1,weather_2,state_hwy_ind,caltrans_county,caltrans_district,state_route,route_suffix,postmile_prefix,postmile,location_type,ramp_intersection,side_of_hwy,tow_away,collision_severity,number_killed,number_injured,party_count,primary_coll_factor,pcf_code_of_viol,pcf_viol_category,pcf_violation,pcf_viol_subsection,hit_and_run,type_of_collision,mviw,ped_action,road_surface,road_cond_1,road_cond_2,lighting,control_device,chp_road_type,pedestrian_accident,bicycle_accident,motorcycle_accident,truck_accident,not_private_property,alcohol_involved,stwd_vehtype_at_fault,chp_vehtype_at_fault,count_severe_inj,count_visible_inj,count_complaint_pain,count_ped_killed,count_ped_injured,count_bicyclist_killed,count_bicyclist_injured,count_mc_killed,count_mc_injured,primary_ramp,secondary_ramp,latitude,longitude,timecat,month_,city,county,state,point_x,point_y,match_addr,m_primaryrd,m_secondrd,int_id,Flag
-118.3880384,34.02959824,45105,8816708,2019,2019-03-12T00:00:00.000Z,1942,2019-01-27T00:00:00.000Z,820,41139,899,7,5,7,1942,0,0,0,H,0,8A95,VENICE BL,NATIONAL BL,100,E,N,A,-,N,,0,0,,,0,,,,Y,4,0,2,2,A,-,3,22350,,N,C,C,A,A,H,-,A,D,0,,,,,Y,,A,1,0,0,2,0,0,0,0,0,0,- ,- ,0,0,900,1,LOS ANGELES,LOS ANGELES,CA,-118.3880384,34.02959824,"VENICE BLVD & NATIONAL BLVD, LOS ANGELES, CA",VENICE BLVD,NATIONAL BLVD,102034,
-118.5360722,34.20172501,45106,8818089,2019,2019-03-25T00:00:00.000Z,1942,2019-01-28T00:00:00.000Z,754,27260,1025,1,5,7,1942,0,0,0,J,0,10A21,RESEDA,SHERMAN WAY,200,N,N,A,-,N,,0,0,,,0,,,,N,0,0,0,2,A,-,4,21703,,M,C,C,A,A,H,-,A,D,0,,,,,Y,,-,99,0,0,0,0,0,0,0,0,0,- ,- ,0,0,900,1,LOS ANGELES,LOS ANGELES,CA,-118.5360722,34.20172501,"RESEDA BLVD & SHERMAN WAY, LOS ANGELES, CA",RESEDA BLVD,SHERMAN WAY,116039,
-118.4836622,34.18662643,45107,8818093,2019,2019-03-25T00:00:00.000Z,1942,2019-01-28T00:00:00.000Z,850,40574,1049,1,5,7,1942,0,0,0,J,0,10A17,VICTORY BL,WOODLEY AV,0,,Y,A,-,N,,0,0,,,0,,,,N,0,0,0,2,A,-,8,22100,A,M,B,C,A,A,H,-,A,A,0,,,,,Y,,-,99,0,0,0,0,0,0,0,0,0,- ,- ,0,0,900,1,LOS ANGELES,LOS ANGELES,CA,-118.4836622,34.18662643,"VICTORY BLVD & WOODLEY AVE, LOS ANGELES, CA",VICTORY BLVD,WOODLEY AVE,122454,
-118.5348522,34.18318558,45108,8818105,2019,2019-03-25T00:00:00.000Z,1942,2019-01-30T00:00:00.000Z,755,31688,1034,3,5,7,1942,0,0,0,J,0,10A21,JOVAN ST,CANBY AV,0,,Y,B,-,N,,0,0,,,0,,,,N,0,0,0,2,A,-,9,21800,A,M,D,C,A,A,H,-,A,D,0,,,,,Y,,-,99,0,0,0,0,0,0,0,0,0,- ,- ,0,0,900,1,LOS ANGELES,LOS ANGELES,CA,-118.5348522,34.18318558,"JOVAN ST & CANBY AVE, LOS ANGELES, CA",JOVAN ST,CANBY AVE,97990,
-118.4488318,34.15093613,45109,8818129,2019,2019-03-25T00:00:00.000Z,1942,2019-01-23T00:00:00.000Z,740,31931,985,3,5,7,1942,0,0,0,I,0,9A89,VENTURA BL,VAN NUYS BL,40,W,N,A,-,N,,0,0,,,0,,,,N,0,0,0,2,A,-,3,22350,,M,C,C,A,A,H,-,A,A,0,,,,,Y,,-,99,0,0,0,0,0,0,0,0,0,- ,- ,0,0,900,1,LOS ANGELES,LOS ANGELES,CA,-118.4488318,34.15093613,"VENTURA BLVD & VAN NUYS BLVD, LOS ANGELES, CA",VENTURA BLVD,VAN NUYS BLVD,143339,
-118.3676696,34.1533165,45110,8818280,2019,2019-03-21T00:00:00.000Z,1942,2019-01-29T00:00:00.000Z,750,33700,1566,2,5,7,1942,0,0,0,O,0,15A67,LANKERSHIM BL,RIVERSIDE DR,430,N,N,B,-,N,,0,0,,,0,,,,N,0,0,0,2,A,-,5,21651,A,M,B,C,A,A,H,-,A,A,0,,,,,Y,,-,99,0,0,0,0,0,0,0,0,0,- ,- ,0,0,900,1,LOS ANGELES,LOS ANGELES,CA,-118.3676696,34.1533165,"LANKERSHIM BLVD & RIVERSIDE DR, LOS ANGELES, CA",LANKERSHIM BLVD,RIVERSIDE DR,150256,
-118.5185917,34.16252899,45111,8818292,2019,2019-03-21T00:00:00.000Z,1942,2019-01-10T00:00:00.000Z,845,31688,1075,4,5,7,1942,0,0,0,J,0,10A99,WHITE OAK AV,VENTURA BL,30,N,N,A,-,N,,0,0,,,0,,,,N,0,0,0,2,A,-,21,22106,,M,C,C,A,A,H,-,A,D,0,,,,,Y,,-,99,0,0,0,0,0,0,0,0,0,- ,- ,0,0,900,1,LOS ANGELES,LOS ANGELES,CA,-118.5185917,34.16252899,"WHITE OAK AVE & VENTURA BLVD, LOS ANGELES, CA",WHITE OAK AVE,VENTURA BLVD,115617,
-118.4904466,34.19389343,45112,8818296,2019,2019-04-09T00:00:00.000Z,1942,2019-01-29T00:00:00.000Z,745,33340,1008,2,5,7,1942,0,0,0,J,0,10A39,VANOWEN ST,ODESSA AV,71,W,N,A,-,N,,0,0,,,0,,,,N,0,0,0,3,A,-,8,22107,,M,C,E,A,A,H,-,A,D,0,,,,,Y,,-,99,0,0,0,0,0,0,0,0,0,- ,- ,0,0,900,1,LOS ANGELES,LOS ANGELES,CA,-118.4904466,34.19389343,"VANOWEN ST & ODESSA AVE, LOS ANGELES, CA",VANOWEN ST,ODESSA AVE,111939,
-118.2783022,33.98916626,45113,8819674,2019,2019-03-14T00:00:00.000Z,1942,2019-01-17T00:00:00.000Z,838,43619,1383,4,5,7,1942,0,0,0,M,0,13A93,S BROADWAY ST,SLAUSON AV,0,,Y,C,-,N,,0,0,,,0,,,,Y,4,0,1,2,A,-,12,21453,A,N,D,C,A,B,-,-,A,A,0,,,,,Y,,I,11,0,0,1,0,0,0,0,0,0,- ,- ,0,0,900,1,LOS ANGELES,LOS ANGELES,CA,-118.2783022,33.98916626,"BROADWAY & SLAUSON AVE, LOS ANGELES, CA",BROADWAY,SLAUSON AVE,103089,
-118.2831718,33.89613724,45114,8821504,2019,2019-03-25T00:00:00.000Z,1942,2019-01-17T00:00:00.000Z,800,42332,1148,4,5,7,1942,0,0,0,K,0,18A97,FIGUEROA ST,149TH ST,500,S,N,C,-,N,,0,0,,,0,,,,N,4,0,1,1,A,-,3,22350,,N,E,I,A,B,F,-,A,D,0,,,,,Y,,-,- ,0,0,1,0,0,0,0,0,0,- ,- ,0,0,900,1,LOS ANGELES,LOS ANGELES,CA,-118.2831718,33.89613724,"FIGUEROA ST & 149TH ST, LOS ANGELES, CA",FIGUEROA ST,149TH ST,99720,
-118.2617122,34.04369354,45115,8821512,2019,2019-03-25T00:00:00.000Z,1942,2019-01-29T00:00:00.000Z,650,38729,182,2,5,7,1942,0,0,0,A,0,1A61,OLYMPIC BL,S HOPE ST,0,,Y,A,-,N,,0,0,,,0,,,,Y,3,0,2,3,A,-,12,21453,A,N,D,C,A,A,H,-,A,A,0,,,,,Y,,A,1,0,1,1,0,0,0,0,0,0,- ,- ,0,0,900,1,LOS ANGELES,LOS ANGELES,CA,-118.2617122,34.04369354,"OLYMPIC BLVD & HOPE ST, LOS ANGELES, CA",OLYMPIC BLVD,HOPE ST,100005,
-118.2748837,34.04195023,45116,8821645,2019,2019-03-22T00:00:00.000Z,1942,2019-01-29T00:00:00.000Z,745,36238,299,2,5,7,1942,0,0,0,B,0,2A91,ALBANY ST,14TH ST,100,N,N,A,-,N,,0,0,,,0,,,,N,0,0,0,2,A,-,5,21650,,M,B,C,A,A,H,-,A,D,0,,,,,Y,,-,99,0,0,0,0,0,0,0,0,0,- ,- ,0,0,900,1,LOS ANGELES,LOS ANGELES,CA,-118.2748837,34.04195023,"ALBANY ST & 14TH ST, LOS ANGELES, CA",ALBANY ST,14TH ST,142171,
-118.2051421,34.0691452,45117,8823464,2019,2019-03-18T00:00:00.000Z,1942,2019-01-31T00:00:00.000Z,630,43301,LOSAN,4,5,7,1942,0,0,0,,0,4A58,THOMAS ST,BARBEE ST,0,,Y,A,-,N,,0,0,,,0,,,,N,0,0,0,3,A,-,3,22350,,M,C,C,A,A,H,-,C,A,0,,,,,Y,Y,-,,0,0,0,0,0,0,0,0,0,- ,- ,0,0,900,1,LOS ANGELES,LOS ANGELES,CA,-118.2051421,34.0691452,"THOMAS ST & BARBEE ST, LOS ANGELES, CA",THOMAS ST,BARBEE ST,104196,
-118.2194421,34.02807617,45118,8823472,2019,2019-03-18T00:00:00.000Z,1942,2019-01-29T00:00:00.000Z,810,37908,489,2,5,7,1942,0,0,0,,0,4A97,8TH ST,SOTO ST,0,,Y,A,-,N,,0,0,,,0,,,,N,0,0,0,2,A,-,4,21703,,M,C,C,A,A,H,-,A,A,0,,,,,Y,,-,99,0,0,0,0,0,0,0,0,0,- ,- ,0,0,900,1,LOS ANGELES,LOS ANGELES,CA,-118.2194421,34.02807617,"8TH ST & SOTO ST, LOS ANGELES, CA",8TH ST,SOTO ST,149298,
-118.2577122,34.04797363,45119,8830260,2019,2019-03-27T00:00:00.000Z,1942,2019-01-17T00:00:00.000Z,840,35748,162,4,5,7,1942,0,0,0,A,0,1A61,HOPE ST,7TH ST,0,,Y,B,C,N,,0,0,,,0,,,,Y,4,0,1,3,B,-,22,0,,F,C,C,A,B,H,-,A,A,0,,,,,Y,,-,- ,0,0,1,0,0,0,0,0,0,- ,- ,0,0,900,1,LOS ANGELES,LOS ANGELES,CA,-118.2577122,34.04797363,"HOPE ST & 7TH ST, LOS ANGELES, CA",HOPE ST,7TH ST,142162,
-118.4398958,34.04881668,45120,8830268,2019,2019-03-27T00:00:00.000Z,1942,2019-01-16T00:00:00.000Z,820,38764,835,3,5,7,1942,0,0,0,H,0,8A35WZ,SANTA MONICA BL,VETERAN AV,50,E,N,B,C,N,,0,0,,,0,,,,N,4,0,1,3,A,-,3,22350,,F,C,C,A,B,H,-,A,A,0,,,,,Y,,-,,0,0,1,0,0,0,0,0,0,- ,- ,0,0,900,1,LOS ANGELES,LOS ANGELES,CA,-118.4398958,34.04881668,"SANTA MONICA BLVD & VETERAN AVE, LOS ANGELES, CA",SANTA MONICA BLVD,VETERAN AVE,121936,
-118.1721891,34.11830521,45121,8830946,2019,2019-03-27T00:00:00.000Z,1942,2019-01-17T00:00:00.000Z,720,42762,1129,4,5,7,1942,0,0,0,K,0,11A89,HOUGH ST,SAN PASCUAL AV,20,E,N,B,C,N,,0,0,,,0,,,,N,0,0,0,2,A,-,10,21952,,N,G,B,D,B,H,-,A,D,0,Y,,,,Y,,-,- ,0,0,0,0,0,0,0,0,0,- ,- ,0,0,900,1,LOS ANGELES,LOS ANGELES,CA,-118.1721891,34.11830521,"HOUGH ST & SAN PASCUAL AVE, LOS ANGELES, CA",HOUGH ST,SAN PASCUAL AVE,96888,
-118.4182321,34.00623322,45122,8833212,2019,2019-04-09T00:00:00.000Z,1942,2019-01-14T00:00:00.000Z,840,42318,1449,1,5,7,1942,0,0,0,N,0,14A49,BLEDSOE AV,WASHINGTON PL,0,,Y,C,-,N,,0,0,,,0,,,,N,4,0,1,2,A,-,11,21954,A,N,G,B,D,B,H,-,A,D,0,Y,,,,Y,,N,60,0,0,1,0,1,0,0,0,0,- ,- ,0,0,900,1,LOS ANGELES,LOS ANGELES,CA,-118.4182321,34.00623322,"BLEDSOE AVE & WASHINGTON PL, LOS ANGELES, CA",BLEDSOE AVE,WASHINGTON PL,103954,
-118.3681321,34.05867386,45123,8838775,2019,2019-04-16T00:00:00.000Z,1942,2019-01-31T00:00:00.000Z,630,42901,752,4,5,7,1942,0,0,0,G,0,7A53,OLYMPIC BL,STEARNS DR,0,,Y,A,-,N,,0,0,,,0,,,,N,4,0,1,2,A,-,9,21801,A,N,D,C,A,A,H,-,A,D,0,,,,,Y,,A,1,0,0,1,0,0,0,0,0,0,- ,- ,0,0,900,1,LOS ANGELES,LOS ANGELES,CA,-118.3681321,34.05867386,"OLYMPIC BLVD & STEARNS DR, LOS ANGELES, CA",OLYMPIC BLVD,STEARNS DR,124468,
-118.2564722,33.99019623,45124,8839005,2019,2019-04-18T00:00:00.000Z,1942,2019-01-29T00:00:00.000Z,835,43374,1375,2,5,7,1942,0,0,0,M,0,13A93,CENTRAL AV,58TH ST,0,,Y,A,-,N,,0,0,,,0,,,,N,4,0,1,2,A,-,9,21801,,M,B,C,A,A,H,-,A,D,0,,,,,Y,,-,99,0,0,1,0,0,0,0,0,0,- ,- ,0,0,900,1,LOS ANGELES,LOS ANGELES,CA,-118.2564722,33.99019623,"CENTRAL AVE & 58TH ST, LOS ANGELES, CA",CENTRAL AVE,58TH ST,134567,
-118.2917922,34.10121536,45125,8849453,2019,2019-05-06T00:00:00.000Z,1942,2019-01-23T00:00:00.000Z,620,39972,1151,3,5,7,1942,0,0,0,K,0,11A51,HOLLYWOOD BL,VERMONT AV,0,,Y,A,-,N,,0,0,,,0,,,,N,3,0,1,2,A,-,10,21950,A,N,G,B,B,A,H,-,A,A,0,Y,,,,Y,,A,1,0,1,0,0,1,0,0,0,0,- ,- ,0,0,900,1,LOS ANGELES,LOS ANGELES,CA,-118.2917922,34.10121536,"HOLLYWOOD BLVD & VERMONT AVE, LOS ANGELES, CA",HOLLYWOOD BLVD,VERMONT AVE,135818,
-118.4744022,34.08543396,45126,8850703,2019,2019-04-30T00:00:00.000Z,1942,2019-01-25T00:00:00.000Z,815,27475,805,5,5,7,1942,0,0,0,H,0,,N SEPULVEDA BL,BEL TER,0,,Y,A,-,N,,0,0,,,0,,,,Y,4,0,1,2,A,-,8,22107,,N,D,C,A,A,H,-,A,A,0,,,,,Y,,A,1,0,0,1,0,0,0,0,0,0,- ,- ,0,0,900,1,LOS ANGELES,LOS ANGELES,CA,-118.4744022,34.08543396,"SEPULVEDA BLVD & BEL TER, LOS ANGELES, CA",SEPULVEDA BLVD,BEL TER,117808,
-118.2472063,34.0726738,45127,8855407,2019,2019-05-10T00:00:00.000Z,1942,2019-01-17T00:00:00.000Z,600,43532,1145,4,5,7,1942,0,0,0,K,0,11A37,STADIUM WY,ELYSIAN PARK DR,100,W,N,C,-,N,,0,0,,,0,,,,Y,4,0,1,1,C,-,18,0,,N,E,J,A,B,C,-,B,D,0,,,,,Y,,-,- ,0,0,1,0,0,0,0,0,0,- ,- ,0,0,900,1,LOS ANGELES,LOS ANGELES,CA,-118.2472063,34.0726738,"STADIUM WAY & ELYSIAN PARK AVE, LOS ANGELES, CA",STADIUM WAY,ELYSIAN PARK AVE,107566,
-118.4629083,34.00362396,45128,8856511,2019,2019-05-14T00:00:00.000Z,1942,2019-01-15T00:00:00.000Z,715,43251,1413,2,5,7,1942,0,0,0,N,0,14A25,SUNSET AV,ROSE AV,150,S,N,B,-,N,,0,0,,,0,,,,N,0,0,0,2,A,-,3,22350,,M,B,E,A,B,H,-,D,D,0,,,,,Y,Y,-,99,0,0,0,0,0,0,0,0,0,- ,- ,0,0,900,1,LOS ANGELES,LOS ANGELES,CA,-118.4629083,34.00362396,"SUNSET AVE & ROSE AVE, LOS ANGELES, CA",SUNSET AVE,ROSE AVE,1792,
-118.3966205,34.22527313,45162,8786789,2019,2019-02-12T00:00:00.000Z,1942,2019-01-28T00:00:00.000Z,935,40141,,1,5,7,1942,0,0,0,,0,10TL37,LAUREL CANYON BL,NEENACH ST,15,S,N,A,-,N,,0,0,,,0,,,,Y,0,0,0,1,A,-,8,22107,,M,E,I,A,A,H,-,A,A,0,,,,,Y,,D,22,0,0,0,0,0,0,0,0,0,- ,- ,0,0,1200,1,LOS ANGELES,LOS ANGELES,CA,-118.3966205,34.22527313,"LAUREL CANYON BLVD & NEENACH ST, LOS ANGELES, CA",LAUREL CANYON BLVD,NEENACH ST,129152,
-118.4934222,34.05930328,45163,8792754,2019,2019-02-20T00:00:00.000Z,1942,2019-01-16T00:00:00.000Z,1100,33060,803,3,5,7,1942,0,0,0,H,0,8A1,SUNSET BL,MANDEVILLE CANYON RD,500,E,N,C,-,N,,0,0,,,0,,,,Y,0,0,0,1,A,-,3,22350,,N,E,I,A,B,H,-,A,D,0,,,,,Y,,A,1,0,0,0,0,0,0,0,0,0,- ,- ,0,0,1200,1,LOS ANGELES,LOS ANGELES,CA,-118.4934222,34.05930328,"SUNSET BLVD & MANDEVILLE CANYON RD, LOS ANGELES, CA",SUNSET BLVD,MANDEVILLE CANYON RD,133556,
-118.4052493,34.15380859,45164,8793370,2019,2019-02-25T00:00:00.000Z,1942,2019-01-14T00:00:00.000Z,1135,33294,1562,1,5,7,1942,0,0,0,O,0,15A85,WHITSETT AV,SARAH ST,65,S,N,B,C,N,,0,0,,,0,,,,Y,3,0,1,1,A,-,3,22350,,N,E,I,A,B,F,-,A,A,0,,,,,Y,,A,1,0,1,0,0,0,0,0,0,0,- ,- ,0,0,1200,1,LOS ANGELES,LOS ANGELES,CA,-118.4052493,34.15380859,"WHITSETT AVE & SARAH ST, LOS ANGELES, CA",WHITSETT AVE,SARAH ST,108933,
-118.5482381,34.25233078,45165,8798552,2019,2019-02-14T00:00:00.000Z,1942,2019-01-02T00:00:00.000Z,950,40065,1765,3,5,7,1942,0,0,0,Q,0,17A35,MERRIDY ST,DONNA AV,20,W,N,A,-,N,,0,0,,,0,,,,Y,3,0,2,1,A,-,3,22350,,N,E,I,A,A,H,-,A,D,0,,,,,Y,,A,1,0,2,0,0,0,0,0,0,0,- ,- ,0,0,1200,1,LOS ANGELES,LOS ANGELES,CA,-118.5482381,34.25233078,"MERRIDY ST & DONNA AVE, LOS ANGELES, CA",MERRIDY ST,DONNA AVE,98080,
-118.2783922,33.94463348,45166,8798837,2019,2019-03-05T00:00:00.000Z,1942,2019-01-19T00:00:00.000Z,940,420661,,6,5,7,1942,0,0,0,,0,1.80E+16,BROADWAY,101ST ST,0,,Y,A,-,N,,0,0,,,0,,,,N,0,0,0,1,A,-,3,22350,,N,E,I,A,A,H,-,A,D,0,,,,,Y,,A,1,0,0,0,0,0,0,0,0,0,- ,- ,0,0,1200,1,LOS ANGELES,LOS ANGELES,CA,-118.2783922,33.94463348,"BROADWAY & 101ST ST, LOS ANGELES, CA",BROADWAY,101ST ST,119773,
-118.4874546,34.13484955,45167,8802642,2019,2019-03-12T00:00:00.000Z,1942,2019-01-12T00:00:00.000Z,1105,27792,1097,6,5,7,1942,0,0,0,J,0,10A99,N SEPULVEDA BL,ROYAL HILLS DR,200,S,N,B,C,N,,0,0,,,0,,,,Y,4,0,1,1,A,-,3,22350,,N,E,I,A,B,G,-,A,A,0,,,,Y,Y,,F,26,0,0,1,0,0,0,0,0,0,- ,- ,0,0,1200,1,LOS ANGELES,LOS ANGELES,CA,-118.4874546,34.13484955,"SEPULVEDA BLVD & ROYAL HILLS DR, LOS ANGELES, CA",SEPULVEDA BLVD,ROYAL HILLS DR,125547,
-118.2857524,33.73329926,45168,8803568,2019,2019-02-27T00:00:00.000Z,1942,2019-01-18T00:00:00.000Z,1130,40380,566,5,5,7,1942,0,0,0,E,0,5559,MESA ST,12TH ST,5,S,N,A,-,N,,0,0,,,0,,,,N,0,0,0,1,A,-,3,22350,,M,E,I,A,A,-,-,A,A,0,,,,,Y,,A,1,0,0,0,0,0,0,0,0,0,- ,- ,0,0,1200,1,LOS ANGELES,LOS ANGELES,CA,-118.2857524,33.73329926,"MESA ST & 12TH ST, LOS ANGELES, CA",MESA ST,12TH ST,96833,
-118.4510047,34.19935608,45169,8803638,2019,2019-02-27T00:00:00.000Z,1942,2019-01-18T00:00:00.000Z,1100,43149,914,5,5,7,1942,0,0,0,I,0,9A23,GAULT ST,VESPER AV,25,W,N,A,-,N,,0,0,,,0,,,,Y,4,0,2,1,A,-,3,22350,,N,E,I,A,A,H,-,A,D,0,,,,,Y,,A,1,0,0,2,0,0,0,0,0,0,- ,- ,0,0,1200,1,LOS ANGELES,LOS ANGELES,CA,-118.4510047,34.19935608,"GAULT ST & VESPER AVE, LOS ANGELES, CA",GAULT ST,VESPER AVE,105055,
-118.5361122,34.26716232,45170,8806355,2019,2019-03-05T00:00:00.000Z,1942,2019-01-15T00:00:00.000Z,1110,40937,1728,2,5,7,1942,0,0,0,Q,0,17A35,RESEDA BL,TRUBUNE ST,38,S,N,B,-,N,,0,0,,,0,,,,Y,4,0,1,1,A,-,3,22350,,N,E,I,A,B,H,-,A,D,0,,,,,Y,,A,1,0,0,1,0,0,0,0,0,0,- ,- ,0,0,1200,1,LOS ANGELES,LOS ANGELES,CA,-118.5361122,34.26716232,"RESEDA BLVD & TRIBUNE ST, LOS ANGELES, CA",RESEDA BLVD,TRIBUNE ST,101610,
-118.3673521,34.04841614,45171,8807724,2019,2019-03-07T00:00:00.000Z,1942,2019-01-30T00:00:00.000Z,1100,42901,762,3,5,7,1942,0,0,0,G,0,7A53,FAIRFAX AV,PICKFORD ST,314,N,N,A,-,N,,0,0,,,0,,,,N,4,0,1,1,C,-,18,0,,N,E,I,A,A,H,-,A,D,0,,,,,Y,,-,- ,0,0,1,0,0,0,0,0,0,- ,- ,0,0,1200,1,LOS ANGELES,LOS ANGELES,CA,-118.3673521,34.04841614,"FAIRFAX AVE & PICKFORD ST, LOS ANGELES, CA",FAIRFAX AVE,PICKFORD ST,124474,
-118.4392621,33.95170593,45172,8823706,2019,2019-03-18T00:00:00.000Z,1942,2019-01-12T00:00:00.000Z,1120,43457,1492,6,5,7,1942,0,0,0,N,0,14A73,WESTCHESTER PKWY,PERSHING DR,15,W,N,B,G,N,,0,0,,,0,,,,Y,0,0,0,1,A,-,3,22350,,N,E,I,A,B,H,-,A,A,0,,,,,Y,,A,1,0,0,0,0,0,0,0,0,0,- ,- ,0,0,1200,1,LOS ANGELES,LOS ANGELES,CA,-118.4392621,33.95170593,"WESTCHESTER PKY & PERSHING DR, LOS ANGELES, CA",WESTCHESTER PKY,PERSHING DR,134465,
-118.3068821,34.08623505,45173,8792771,2019,2019-02-15T00:00:00.000Z,1942,2019-01-12T00:00:00.000Z,1145,42359,678,6,5,7,1942,0,0,0,F,0,6A48,SERRANO PL,LEMON GROVE,0,,N,A,-,N,,0,0,,,0,,,,N,0,0,0,2,A,-,3,22350,,M,B,E,A,A,H,-,A,D,0,,,,,Y,,-,99,0,0,0,0,0,0,0,0,0,- ,- ,0,0,1200,1,LOS ANGELES,LOS ANGELES,CA,-118.3068821,34.08623505,"SERRANO PL & LEMON GROVE AVE, LOS ANGELES, CA",SERRANO PL,LEMON GROVE AVE,111141,
-118.3042234,33.72428894,45174,8798601,2019,2019-03-07T00:00:00.000Z,1942,2019-01-03T00:00:00.000Z,1150,42769,585,4,5,7,1942,0,0,0,,0,5A55,22ND ST,WALKER AV,235,W,N,A,-,N,,0,0,,,0,,,,N,0,0,0,3,-,-,- ,0,,N,B,C,A,A,H,-,A,D,0,,,,Y,Y,,-,- ,0,0,0,0,0,0,0,0,0,- ,- ,0,0,1200,1,LOS ANGELES,LOS ANGELES,CA,-118.3042234,33.72428894,"22ND ST & WALKER AVE, LOS ANGELES, CA",22ND ST,WALKER AVE,131683,
-118.4065821,34.17211914,45175,8805206,2019,2019-02-27T00:00:00.000Z,1942,2019-01-07T00:00:00.000Z,1010,32319,,1,5,7,1942,0,0,0,,0,21T63,BURBANK BL,WHITSETT,400,W,N,C,-,N,,0,0,,,0,,,,Y,3,0,1,3,A,-,3,22350,,N,A,E,A,B,H,-,A,D,0,,,,,Y,,A,1,0,1,0,0,0,0,0,0,0,- ,- ,0,0,1200,1,LOS ANGELES,LOS ANGELES,CA,-118.4065821,34.17211914,"BURBANK BLVD & WHITSETT AVE, LOS ANGELES, CA",BURBANK BLVD,WHITSETT AVE,118523,
-118.4484021,34.19392395,45176,8818109,2019,2019-04-08T00:00:00.000Z,1942,2019-01-22T00:00:00.000Z,1145,43575,VAN N,2,5,7,1942,0,0,0,,0,9A5,VANOWEN ST,VAN NUYS BL,100,E,N,A,-,N,,0,0,,,0,,,,N,0,0,0,3,A,-,3,22350,,M,B,E,A,-,H,-,A,D,0,,,,,Y,,-,99,0,0,0,0,0,0,0,0,0,- ,- ,0,0,1200,1,LOS ANGELES,LOS ANGELES,CA,-118.4484021,34.19392395,"VANOWEN ST & VAN NUYS BLVD, LOS ANGELES, CA",VANOWEN ST,VAN NUYS BLVD,101349,
-118.2478928,34.05084992,45177,8798376,2019,2019-02-12T00:00:00.000Z,1942,2019-01-15T00:00:00.000Z,1150,42131,133,2,5,7,1942,0,0,0,A,0,1A85,3RD ST,BROADWAY,50,E,N,A,-,N,,0,0,,,0,,,,N,0,0,0,2,A,-,21,22106,,M,B,C,A,A,H,-,A,A,0,,,,,Y,,-,99,0,0,0,0,0,0,0,0,0,- ,- ,0,0,1200,1,LOS ANGELES,LOS ANGELES,CA,-118.2478928,34.05084991,"3RD ST & BROADWAY, LOS ANGELES, CA",3RD ST,BROADWAY,99997,
-118.2897952,33.75647507,56377,8797376,2019,2019-05-10T00:00:00.000Z,1942,2019-01-02T00:00:00.000Z,1230,43073,529,3,5,7,1942,0,0,0,E,0,5Z3,JOHN S GIBSON BL,RT 110,0,,Y,A,-,Y,LA,7,110,-,R,1.607,R,4,N,N,3,0,2,2,A,-,9,21801,A,N,D,C,A,A,H,-,A,B,0,,,,,Y,,A,1,0,1,1,0,0,0,0,0,0,- ,- ,0,0,1500,1,LOS ANGELES,LOS ANGELES,CA,-118.2897952,33.75647507,"JOHN S GIBSON BLVD & RT 110 N/B ON, LOS ANGELES, CA",JOHN S GIBSON BLVD,RT 110 N/B ON,102852,
-118.4138001,34.15636725,56378,8826127,2019,2019-05-21T00:00:00.000Z,1942,2019-01-28T00:00:00.000Z,1400,33294,1562,1,5,7,1942,0,0,0,O,0,15A85,COLDWATER CANYON AV,KLING ST,200,N,N,A,-,Y,LA,7,101,-,-,14.011,R,4,S,N,0,0,0,2,A,-,8,22107,,M,B,C,A,A,H,-,A,A,0,,,,,Y,,-,99,0,0,0,0,0,0,0,0,0,- ,- ,0,0,1500,1,LOS ANGELES,LOS ANGELES,CA,-118.4138001,34.15636725,"COLDWATER CANYON AVE & RT 101 S/B OFF, LOS ANGELES, CA",COLDWATER CANYON AVE,RT 101 S/B OFF,98949,
-118.2410232,34.01498413,56379,8807278,2019,2019-03-01T00:00:00.000Z,1942,2019-01-11T00:00:00.000Z,1240,37540,1347,5,5,7,1942,0,0,0,M,0,13A27,E 24TH ST,ALAMEDA ST,409,W,N,A,-,N,,0,0,,,0,,,,N,4,0,1,2,A,-,4,21703,,N,D,C,A,A,H,-,A,D,0,,,,,Y,,-,- ,0,0,1,0,0,0,0,0,0,- ,- ,0,0,1500,1,LOS ANGELES,LOS ANGELES,CA,-118.2410232,34.01498413,"24TH ST & ALAMEDA ST, LOS ANGELES, CA",24TH ST,ALAMEDA ST,119692,