X,Y,OBJECTID,case_id,accident_year,proc_date,juris,collision_date,collision_time,officer_id,reporting_district,day_of_week,chp_shift,population,cnty_city_loc,special_cond,beat_type,chp_beat_type,city_division_lapd,chp_beat_class,beat_number,primary_rd,secondary_rd,distance,direction,intersection,weather_1,weather_2,state_hwy_ind,caltrans_county,caltrans_district,state_route,route_suffix,postmile_prefix,postmile,location_type,ramp_intersection,side_of_hwy,tow_away,collision_severity,number_killed,number_injured,party_count,primary_coll_factor,pcf_code_of_viol,pcf_viol_category,pcf_violation,pcf_viol_subsection,hit_and_run,type_of_collision,mviw,ped_action,road_surface,road_cond_1,road_cond_2,lighting,control_device,chp_road_type,pedestrian_accident,bicycle_accident,motorcycle_accident,truck_accident,not_private_property,alcohol_involved,stwd_vehtype_at_fault,chp_vehtype_at_fault,count_severe_inj,count_visible_inj,count_complaint_pain,count_ped_killed,count_ped_injured,count_bicyclist_killed,count_bicyclist_injured,count_mc_killed,count_mc_injured,primary_ramp,secondary_ramp,latitude,longitude,timecat,month_,city,county,state,point_x,point_y,match_addr,m_primaryrd,m_secondrd,int_id,Flag
-118.5159566,34.22858429,56380,8648623,2019,2019-02-15T00:00:00.000Z,1942,2019-01-26T00:00:00.000Z,1405,36733,1795,6,5,7,1942,0,0,0,Q,0,17A95,PARTHENIA ST,ENCINO AV,74,W,N,A,-,N,,0,0,,,0,,,,Y,1,2,4,2,A,-,3,22350,,N,C,C,A,A,H,-,A,D,0,,,,,Y,,A,1,3,0,1,0,0,0,0,0,0,- ,- ,0,0,1500,1,LOS ANGELES,LOS ANGELES,CA,-118.5159566,34.22858429,"PARTHENIA ST & ENCINO AVE, LOS ANGELES, CA",PARTHENIA ST,ENCINO AVE,132826,
-118.2918463,34.05090332,56382,8770840,2019,2019-01-31T00:00:00.000Z,1942,2019-01-03T00:00:00.000Z,1300,38025,1841,4,5,7,1942,0,0,0,R,0,18A41,11TH ST,VERMONT AV,65,W,N,A,-,N,,0,0,,,0,,,,Y,0,0,0,1,A,-,3,22350,,M,E,I,A,A,H,-,A,D,0,,,,,Y,,A,1,0,0,0,0,0,0,0,0,0,- ,- ,0,0,1500,1,LOS ANGELES,LOS ANGELES,CA,-118.2918463,34.05090332,"11TH ST & VERMONT AVE, LOS ANGELES, CA",11TH ST,VERMONT AVE,110490,
-118.2654822,34.04152298,56383,8807671,2019,2019-02-28T00:00:00.000Z,1942,2019-01-25T00:00:00.000Z,1410,40237,182,5,5,7,1942,0,0,0,A,0,1EL3,12TH ST,FLOWER ST,0,,Y,A,-,N,,0,0,,,0,,,,Y,3,0,2,2,A,-,12,21453,A,N,D,D,A,A,H,-,A,A,0,,,,,Y,,A,1,0,1,1,0,0,0,0,0,0,- ,- ,0,0,1500,1,LOS ANGELES,LOS ANGELES,CA,-118.2654822,34.04152298,"12TH ST & FLOWER ST, LOS ANGELES, CA",12TH ST,FLOWER ST,138630,
-118.3505833,34.09801483,56384,8774140,2019,2019-02-02T00:00:00.000Z,1942,2019-01-06T00:00:00.000Z,1400,39624,644,7,5,7,1942,0,0,0,F,0,6A45,W SUNSET BL,MARTEL AV,30,E,N,A,-,N,,0,0,,,0,,,,N,4,0,1,2,A,-,3,22350,,F,A,C,A,A,H,-,A,A,0,,,,,Y,,-,99,0,0,1,0,0,0,0,0,0,- ,- ,0,0,1500,1,LOS ANGELES,LOS ANGELES,CA,-118.3505833,34.09801483,"SUNSET BLVD & MARTEL AVE, LOS ANGELES, CA",SUNSET BLVD,MARTEL AVE,107727,
-118.3177321,34.04340744,56385,8774144,2019,2019-02-02T00:00:00.000Z,1942,2019-01-07T00:00:00.000Z,1255,31465,779,1,5,7,1942,0,0,0,G,0,7A69,ARLINGTON AV,VENICE BL,50,S,N,B,-,N,,0,0,,,0,,,,N,4,0,2,3,A,-,4,21703,,N,C,C,A,B,H,-,A,D,0,,,,,Y,,A,1,0,0,2,0,0,0,0,0,0,- ,- ,0,0,1500,1,LOS ANGELES,LOS ANGELES,CA,-118.3177321,34.04340744,"ARLINGTON AVE & VENICE BLVD, LOS ANGELES, CA",ARLINGTON AVE,VENICE BLVD,134971,
-118.3658722,34.07572937,56386,8774152,2019,2019-02-02T00:00:00.000Z,1942,2019-01-03T00:00:00.000Z,1400,39930,723,4,5,7,1942,0,0,0,G,0,7A21,N CRESCENT HEIGHTS BL,BEVERLY BL,130,S,N,A,-,N,,0,0,,,0,,,,Y,4,0,1,2,A,-,9,21804,A,F,D,C,A,A,H,-,A,D,0,,,Y,,Y,,C,3,0,0,1,0,0,0,0,0,1,- ,- ,0,0,1500,1,LOS ANGELES,LOS ANGELES,CA,-118.3658722,34.07572937,"CRESCENT HEIGHTS BLVD & BEVERLY BLVD, LOS ANGELES, CA",CRESCENT HEIGHTS BLVD,BEVERLY BLVD,135410,
-118.3876421,34.04110336,56387,8776116,2019,2019-02-05T00:00:00.000Z,1942,2019-01-04T00:00:00.000Z,1331,38721,887,5,5,7,1942,0,0,0,H,0,8A95,ROBERTSON BL,CADILLAC AV,0,,Y,A,-,N,,0,0,,,0,,,,N,3,0,2,2,A,-,9,21801,A,N,-,C,A,-,H,-,A,A,0,,,,,Y,,D,22,0,1,1,0,0,0,0,0,0,- ,- ,0,0,1500,1,LOS ANGELES,LOS ANGELES,CA,-118.3876421,34.04110336,"ROBERTSON BLVD & CADILLAC AVE, LOS ANGELES, CA",ROBERTSON BLVD,CADILLAC AVE,106901,
-118.3762022,34.05152512,56388,8776509,2019,2019-02-02T00:00:00.000Z,1942,2019-01-06T00:00:00.000Z,1223,41179,859,7,5,7,1942,0,0,0,H,0,8A59,S LA CIENEGA BL,SATURN ST,0,,Y,A,-,N,,0,0,,,0,,,,N,4,0,2,2,A,-,9,21801,A,N,D,C,A,A,H,-,A,D,0,,,,,Y,,A,8,0,0,2,0,0,0,0,0,0,- ,- ,0,0,1500,1,LOS ANGELES,LOS ANGELES,CA,-118.3762022,34.05152512,"LA CIENEGA BLVD & SATURN ST, LOS ANGELES, CA",LA CIENEGA BLVD,SATURN ST,117436,
-118.2739196,33.92366028,56389,8777170,2019,2019-02-04T00:00:00.000Z,1942,2019-01-09T00:00:00.000Z,1335,38025,1962,3,5,7,1942,0,0,0,,0,18A63,MAIN ST,120TH ST,20,S,N,A,-,N,,0,0,,,0,,,,N,4,0,4,2,A,-,3,22350,,N,C,C,A,A,H,-,A,A,0,,,,,Y,,I,11,0,0,4,0,0,0,0,0,0,- ,- ,0,0,1500,1,LOS ANGELES,LOS ANGELES,CA,-118.2739196,33.92366028,"MAIN ST & 120TH ST, LOS ANGELES, CA",MAIN ST,120TH ST,145398,
-118.3675412,34.22093582,56390,8778070,2019,2019-02-20T00:00:00.000Z,1942,2019-01-07T00:00:00.000Z,1450,35481,1689,1,5,7,1942,0,0,0,P,0,16A81,SUNLAND BL,ROSCOE BL,225,S,N,A,-,N,,0,0,,,0,,,,N,0,0,0,2,A,-,8,22107,,M,B,E,A,B,H,-,A,D,0,,,,,Y,,-,99,0,0,0,0,0,0,0,0,0,- ,- ,0,0,1500,1,LOS ANGELES,LOS ANGELES,CA,-118.3675412,34.22093582,"SUNLAND BLVD & ROSCOE BLVD, LOS ANGELES, CA",SUNLAND BLVD,ROSCOE BLVD,106283,
-118.4487037,34.15822983,56391,8778092,2019,2019-02-01T00:00:00.000Z,1942,2019-01-06T00:00:00.000Z,1355,35481,963,7,5,7,1942,0,0,0,I,0,9A63,VAN NUYS BL,RIVERSIDE DR,75,N,N,A,-,N,,0,0,,,0,,,,N,0,0,0,3,A,-,3,22350,,M,C,C,A,A,H,-,A,D,0,,,,,Y,,-,99,0,0,0,0,0,0,0,0,0,- ,- ,0,0,1500,1,LOS ANGELES,LOS ANGELES,CA,-118.4487037,34.15822983,"VAN NUYS BLVD & RIVERSIDE DR, LOS ANGELES, CA",VAN NUYS BLVD,RIVERSIDE DR,150384,
-118.5884575,34.19047928,56392,8778127,2019,2019-02-02T00:00:00.000Z,1942,2019-01-09T00:00:00.000Z,1325,38940,2157,3,5,7,1942,0,0,0,,0,21A57,DE SOTO AV,KITTRIDGE ST,250,S,N,A,-,N,,0,0,,,0,,,,N,0,0,0,2,A,-,7,21658,A,M,B,C,A,A,H,-,A,D,0,,,,,Y,Y,-,99,0,0,0,0,0,0,0,0,0,- ,- ,0,0,1500,1,LOS ANGELES,LOS ANGELES,CA,-118.5884575,34.19047928,"DE SOTO AVE & KITTRIDGE ST, LOS ANGELES, CA",DE SOTO AVE,KITTRIDGE ST,101017,
-118.2775445,33.95790482,56393,8778164,2019,2019-02-08T00:00:00.000Z,1942,2019-01-01T00:00:00.000Z,1415,37146,1802,2,5,7,1942,0,0,0,R,0,25TL22,87TH PL,BROADWAY,200,E,N,A,-,N,,0,0,,,0,,,,N,0,0,0,3,A,-,3,22350,,M,B,E,A,A,H,-,A,D,0,,,,,Y,,A,1,0,0,0,0,0,0,0,0,0,- ,- ,0,0,1500,1,LOS ANGELES,LOS ANGELES,CA,-118.2775445,33.95790482,"87TH PL & BROADWAY, LOS ANGELES, CA",87TH PL,BROADWAY,138215,
-118.5465393,34.29351425,56394,8778210,2019,2019-02-06T00:00:00.000Z,1942,2019-01-11T00:00:00.000Z,1455,39281,1703,5,5,7,1942,0,0,0,Q,0,17A35,BOWMORE AV,BOWMORE PL,64,S,N,A,-,N,,0,0,,,0,,,,N,4,0,1,2,A,-,3,22350,,F,C,C,A,A,H,-,A,A,0,,,,,Y,,-,99,0,0,1,0,0,0,0,0,0,- ,- ,0,0,1500,1,LOS ANGELES,LOS ANGELES,CA,-118.5465393,34.29351425,"BOWMORE AVE & BOWMORE PL, LOS ANGELES, CA",BOWMORE AVE,BOWMORE PL,108841,
-118.3713571,34.15035629,56395,8778280,2019,2019-01-30T00:00:00.000Z,1942,2019-01-05T00:00:00.000Z,1210,41514,1566,6,5,7,1942,0,0,0,O,0,15A67,MOORPARK ST,ENSIGN ST,50,W,N,B,-,N,,0,0,,,0,,,,N,4,0,1,3,A,-,7,21658,A,F,D,C,A,A,H,-,A,D,0,,,,,Y,,-,99,0,0,1,0,0,0,0,0,0,- ,- ,0,0,1500,1,LOS ANGELES,LOS ANGELES,CA,-118.3713571,34.15035629,"MOORPARK ST & ENSIGN AVE, LOS ANGELES, CA",MOORPARK ST,ENSIGN AVE,111527,
-118.4437722,34.31289673,56396,8778549,2019,2019-02-08T00:00:00.000Z,1942,2019-01-19T00:00:00.000Z,1445,39192,1916,6,5,7,1942,0,0,0,,0,19A7,POLK ST,DRONFIELD AV,0,,Y,A,-,N,,0,0,,,0,,,,Y,4,0,1,2,A,-,1,23152,A,F,A,C,A,A,H,-,A,A,0,,,,,Y,Y,D,22,0,0,1,0,0,0,0,0,0,- ,- ,0,0,1500,1,LOS ANGELES,LOS ANGELES,CA,-118.4437722,34.31289673,"POLK ST & DRONFIELD AVE, LOS ANGELES, CA",POLK ST,DRONFIELD AVE,115957,
-118.4312622,34.20481491,56397,8778841,2019,2019-02-02T00:00:00.000Z,1942,2019-01-22T00:00:00.000Z,1305,41158,909,2,5,7,1942,0,0,0,I,0,9A5,WOODMAN AV,VALERIO ST,0,,Y,A,-,N,,0,0,,,0,,,,Y,4,0,1,2,A,-,9,21801,A,F,A,C,A,A,H,-,A,A,0,,,,,Y,,A,7,0,0,1,0,0,0,0,0,0,- ,- ,0,0,1500,1,LOS ANGELES,LOS ANGELES,CA,-118.4312622,34.20481491,"WOODMAN AVE & VALERIO ST, LOS ANGELES, CA",WOODMAN AVE,VALERIO ST,146649,
-118.2892404,33.98264313,56399,8779111,2019,2019-02-13T00:00:00.000Z,1942,2019-01-10T00:00:00.000Z,1340,39397,1248,4,5,7,1942,0,0,0,L,0,12A49,MENLO AV,62ND PL,56,S,N,A,-,N,,0,0,,,0,,,,N,0,0,0,2,A,-,5,21650,,N,B,C,A,A,H,-,A,D,0,,,,Y,Y,,A,1,0,0,0,0,0,0,0,0,0,- ,- ,0,0,1500,1,LOS ANGELES,LOS ANGELES,CA,-118.2892404,33.98264313,"MENLO AVE & 62ND PL, LOS ANGELES, CA",MENLO AVE,62ND PL,113539,
-118.269609,33.97188568,56401,8779219,2019,2019-02-02T00:00:00.000Z,1942,2019-01-08T00:00:00.000Z,1354,41973,1259,2,5,7,1942,0,0,0,L,0,12A69,S SAN PEDRO ST,S 75TH ST,95,S,N,A,-,N,,0,0,,,0,,,,N,0,0,0,2,A,-,3,22350,,M,B,E,A,A,H,-,A,D,0,,,,,Y,,-,99,0,0,0,0,0,0,0,0,0,- ,- ,0,0,1500,1,LOS ANGELES,LOS ANGELES,CA,-118.269609,33.97188568,"SAN PEDRO ST & 75TH ST, LOS ANGELES, CA",SAN PEDRO ST,75TH ST,134575,
-118.2918814,33.99959946,56402,8779223,2019,2019-02-02T00:00:00.000Z,1942,2019-01-09T00:00:00.000Z,1445,37146,1205,3,5,7,1942,0,0,0,L,0,25TL22,W 48TH ST,VERMONT AV,100,W,N,A,-,N,,0,0,,,0,,,,N,0,0,0,2,A,-,21,22106,,M,D,E,A,A,H,-,A,D,0,,,,,Y,,-,99,0,0,0,0,0,0,0,0,0,- ,- ,0,0,1500,1,LOS ANGELES,LOS ANGELES,CA,-118.2918814,33.99959946,"48TH ST & VERMONT AVE, LOS ANGELES, CA",48TH ST,VERMONT AVE,96260,
-118.3101722,33.99506378,56403,8779227,2019,2019-02-02T00:00:00.000Z,1942,2019-01-09T00:00:00.000Z,1440,37146,1203,3,5,7,1942,0,0,0,L,0,25TL22,MANHATTAN PL,52ND ST,0,,Y,A,-,N,,0,0,,,0,,,,N,0,0,0,2,A,-,12,22450,A,M,D,C,A,A,H,-,A,A,0,,,,,Y,,-,99,0,0,0,0,0,0,0,0,0,- ,- ,0,0,1500,1,LOS ANGELES,LOS ANGELES,CA,-118.3101722,33.99506378,"MANHATTAN PL & 52ND ST, LOS ANGELES, CA",MANHATTAN PL,52ND ST,117329,
-118.3113621,33.99988174,56404,8779232,2019,2019-02-05T00:00:00.000Z,1942,2019-01-19T00:00:00.000Z,1300,41933,1203,6,5,7,1942,0,0,0,L,0,12A3,SAINT ANDREWS PL,48TH ST,63,S,N,A,-,N,,0,0,,,0,,,,Y,0,0,0,3,A,-,3,22350,,N,B,E,A,A,H,-,A,D,0,,,,,Y,,A,1,0,0,0,0,0,0,0,0,0,- ,- ,0,0,1500,1,LOS ANGELES,LOS ANGELES,CA,-118.3113621,33.99988174,"ST ANDREWS PL & 48TH ST, LOS ANGELES, CA",ST ANDREWS PL,48TH ST,131366,
-118.4930167,34.0583458,56405,8779239,2019,2019-02-02T00:00:00.000Z,1942,2019-01-12T00:00:00.000Z,1200,41376,825,6,5,7,1942,0,0,0,H,0,8A1,W SUNSET BL,ROCKINGHAM AVE,115,W,N,A,-,N,,0,0,,,0,,,,N,0,0,0,1,A,-,3,22350,,M,E,I,A,A,H,-,A,D,0,,,,,Y,,-,99,0,0,0,0,0,0,0,0,0,- ,- ,0,0,1500,1,LOS ANGELES,LOS ANGELES,CA,-118.4930167,34.05834579,"SUNSET BLVD & ROCKINGHAM AVE, LOS ANGELES, CA",SUNSET BLVD,ROCKINGHAM AVE,124959,
-118.2738183,34.06119156,56406,8779282,2019,2019-02-12T00:00:00.000Z,1942,2019-01-16T00:00:00.000Z,1340,43534,246,3,5,7,1942,0,0,0,B,0,2A5,ALVARADO ST,MARYLAND ST,30,S,N,C,-,N,,0,0,,,0,,,,N,0,0,0,2,D,-,0,0,,N,B,C,A,B,H,-,A,D,0,,,,,Y,,-,- ,0,0,0,0,0,0,0,0,0,- ,- ,0,0,1500,1,LOS ANGELES,LOS ANGELES,CA,-118.2738183,34.06119156,"ALVARADO ST & MARYLAND ST, LOS ANGELES, CA",ALVARADO ST,MARYLAND ST,149195,
-118.3440421,34.06912994,56407,8779320,2019,2019-02-05T00:00:00.000Z,1942,2019-01-19T00:00:00.000Z,1340,34959,726,6,5,7,1942,0,0,0,G,0,7A17,LA BREA AV,3RD ST,90,N,N,A,-,N,,0,0,,,0,,,,N,4,0,1,2,A,-,21,22106,,F,C,C,A,A,H,-,A,D,0,,,,,Y,,-,99,0,0,1,0,0,0,0,0,0,- ,- ,0,0,1500,1,LOS ANGELES,LOS ANGELES,CA,-118.3440421,34.06912994,"LA BREA AVE & 3RD ST, LOS ANGELES, CA",LA BREA AVE,3RD ST,142564,
-118.3614321,34.06294632,56408,8779332,2019,2019-02-05T00:00:00.000Z,1942,2019-01-17T00:00:00.000Z,1200,42656,743,4,5,7,1942,0,0,0,G,0,7A33,WILSHIRE BL,S FAIRFAX AV,0,,Y,C,-,N,,0,0,,,0,,,,Y,4,0,1,2,A,-,12,21453,A,N,D,C,A,B,H,-,A,A,0,,,,,Y,,-,- ,0,0,1,0,0,0,0,0,0,- ,- ,0,0,1500,1,LOS ANGELES,LOS ANGELES,CA,-118.3614321,34.06294632,"WILSHIRE BLVD & FAIRFAX AVE, LOS ANGELES, CA",WILSHIRE BLVD,FAIRFAX AVE,130218,
-118.2841651,34.04386139,56409,8779360,2019,2019-02-05T00:00:00.000Z,1942,2019-01-10T00:00:00.000Z,1418,41139,2088,4,5,7,1942,0,0,0,,0,20A97,HOOVER ST,VENICE BL,35,N,N,A,-,N,,0,0,,,0,,,,N,4,0,1,2,A,-,3,22350,,N,C,C,A,A,H,-,A,D,0,,,,,Y,,A,1,0,0,1,0,0,0,0,0,0,- ,- ,0,0,1500,1,LOS ANGELES,LOS ANGELES,CA,-118.2841651,34.04386139,"HOOVER ST & VENICE BLVD, LOS ANGELES, CA",HOOVER ST,VENICE BLVD,103604,
-118.2617452,34.07396317,56410,8779388,2019,2019-03-07T00:00:00.000Z,1942,2019-01-04T00:00:00.000Z,1250,42932,217,5,5,7,1942,0,0,0,B,0,2A17,GLENDALE BL,SANTA YNEZ ST,150,S,N,A,-,N,,0,0,,,0,,,,Y,4,0,1,2,C,-,18,0,,N,H,E,A,A,H,-,A,D,0,,,,,Y,,-,- ,0,0,1,0,0,0,0,0,0,- ,- ,0,0,1500,1,LOS ANGELES,LOS ANGELES,CA,-118.2617452,34.07396317,"GLENDALE BLVD & SANTA YNEZ ST, LOS ANGELES, CA",GLENDALE BLVD,SANTA YNEZ ST,118415,
-118.2655422,34.06945419,56411,8779392,2019,2019-02-12T00:00:00.000Z,1942,2019-01-05T00:00:00.000Z,1205,38502,236,6,5,7,1942,0,0,0,B,0,2A47,W TEMPLE ST,N BONNIE BRAE ST,0,,Y,A,-,N,,0,0,,,0,,,,Y,4,0,2,3,A,-,12,21453,A,N,D,C,A,A,H,-,A,A,0,,,,,Y,,A,7,0,0,2,0,0,0,0,0,0,- ,- ,0,0,1500,1,LOS ANGELES,LOS ANGELES,CA,-118.2655422,34.06945419,"TEMPLE ST & BONNIE BRAE ST, LOS ANGELES, CA",TEMPLE ST,BONNIE BRAE ST,143013,
-118.3447855,34.0562973,56412,8780350,2019,2019-01-18T00:00:00.000Z,1942,2019-01-03T00:00:00.000Z,1430,37900,745,4,5,7,1942,0,0,0,G,0,7A33,S SYCAMORE AV,LA BREA AV,78,E,N,A,-,N,,0,0,,,0,,,,N,0,0,0,2,A,-,21,22106,,N,H,E,A,A,H,-,A,A,0,,,,,Y,,A,1,0,0,0,0,0,0,0,0,0,- ,- ,0,0,1500,1,LOS ANGELES,LOS ANGELES,CA,-118.3447855,34.0562973,"SYCAMORE AVE & LA BREA AVE, LOS ANGELES, CA",SYCAMORE AVE,LA BREA AVE,131462,
-118.2632922,34.07478333,56413,8779400,2019,2019-02-12T00:00:00.000Z,1942,2019-01-06T00:00:00.000Z,1455,34426,217,7,5,7,1942,0,0,0,B,0,2A17,SANTA YNEZ AV,BONNIE BRAE AV,0,,Y,A,-,N,,0,0,,,0,,,,N,4,0,3,2,A,-,9,21802,A,N,D,C,A,A,H,-,A,A,0,,,,,Y,,A,1,0,0,3,0,0,0,0,0,0,- ,- ,0,0,1500,1,LOS ANGELES,LOS ANGELES,CA,-118.2632922,34.07478333,"SANTA YNEZ ST & BONNIE BRAE ST,, CA",SANTA YNEZ ST,BONNIE BRAE ST,143004,
-118.4661718,34.18873978,56414,8780418,2019,2019-02-12T00:00:00.000Z,1942,2019-01-03T00:00:00.000Z,1420,39473,932,4,5,7,1942,0,0,0,I,0,9A23,SEPULVEDA BL,HAYNES ST,100,N,N,A,-,N,,0,0,,,0,,,,Y,4,0,1,2,A,-,7,21658,A,N,B,C,A,-,H,-,A,A,0,,,,,Y,,D,22,0,0,1,0,0,0,0,0,0,- ,- ,0,0,1500,1,LOS ANGELES,LOS ANGELES,CA,-118.4661718,34.18873978,"SEPULVEDA BLVD & HAYNES ST, LOS ANGELES, CA",SEPULVEDA BLVD,HAYNES ST,109194,
-118.2763998,33.94555283,56415,8780880,2019,2019-02-26T00:00:00.000Z,1942,2019-01-10T00:00:00.000Z,1430,41973,1822,4,5,7,1942,0,0,0,R,0,18A17,W CENTURY BL,W SPRING ST,54,W,N,A,-,N,,0,0,,,0,,,,Y,4,0,1,3,A,-,3,22350,,N,C,E,A,A,H,-,A,D,0,,,,,Y,,A,1,0,0,1,0,0,0,0,0,0,- ,- ,0,0,1500,1,LOS ANGELES,LOS ANGELES,CA,-118.2763998,33.94555283,"CENTURY BLVD & SPRING ST, LOS ANGELES, CA",CENTURY BLVD,SPRING ST,131258,
-118.2782621,33.96018219,56416,8780884,2019,2019-02-05T00:00:00.000Z,1942,2019-01-04T00:00:00.000Z,1230,39397,1268,5,5,7,1942,0,0,0,L,0,12A67,S BROADWAY,MANCHESTER BL,35,N,N,A,-,N,,0,0,,,0,,,,N,4,0,1,3,A,-,21,22106,,F,C,C,A,A,H,-,A,A,0,,,,,Y,,-,99,0,0,1,0,0,0,0,0,0,- ,- ,0,0,1500,1,LOS ANGELES,LOS ANGELES,CA,-118.2782621,33.96018219,"BROADWAY & MANCHESTER AVE, LOS ANGELES, CA",BROADWAY,MANCHESTER AVE,117804,
-118.2925633,34.01086426,56417,8781029,2019,2019-02-04T00:00:00.000Z,1942,2019-01-02T00:00:00.000Z,1245,38503,397,3,5,7,1942,0,0,0,C,0,25T27,W MARTIN LUTHER KING JR BL,VERMONT AV,304,W,N,A,-,N,,0,0,,,0,,,,Y,3,0,2,3,A,-,8,22100,A,N,D,C,A,A,H,-,A,A,0,,,,,Y,Y,A,1,0,1,1,0,0,0,0,0,0,- ,- ,0,0,1500,1,LOS ANGELES,LOS ANGELES,CA,-118.2925633,34.01086426,"MARTIN LUTHER KING JR BLVD & VERMONT AVE, LOS ANGELES, CA",MARTIN LUTHER KING JR BLVD,VERMONT AVE,148827,
-118.3272298,33.9718132,56418,8781176,2019,2019-02-01T00:00:00.000Z,1942,2019-01-06T00:00:00.000Z,1230,38633,1251,7,5,7,1942,0,0,0,L,0,25MX82,75TH ST,8TH AV,225,W,N,A,-,N,,0,0,,,0,,,,N,0,0,0,2,A,-,3,22350,,M,-,E,A,A,H,-,A,A,0,,,,,Y,,-,99,0,0,0,0,0,0,0,0,0,- ,- ,0,0,1500,1,LOS ANGELES,LOS ANGELES,CA,-118.3272298,33.9718132,"75TH ST & 8TH AVE, LOS ANGELES, CA",75TH ST,8TH AVE,117093,
-118.4487953,34.22094727,56419,8781462,2019,2019-02-02T00:00:00.000Z,1942,2019-01-05T00:00:00.000Z,1230,33294,1994,6,5,7,1942,0,0,0,,0,19A93,VAN NUYS BL,ROSCOE BL,200,S,N,B,-,N,,0,0,,,0,,,,N,4,0,1,2,A,-,3,22350,,F,C,C,A,A,H,-,A,A,0,,,,,Y,,-,99,0,0,1,0,0,0,0,0,0,- ,- ,0,0,1500,1,LOS ANGELES,LOS ANGELES,CA,-118.4487953,34.22094727,"VAN NUYS BLVD & ROSCOE BLVD, LOS ANGELES, CA",VAN NUYS BLVD,ROSCOE BLVD,104975,
-118.5536022,34.2421875,56420,8781466,2019,2019-02-02T00:00:00.000Z,1942,2019-01-04T00:00:00.000Z,1230,36733,1764,5,5,7,1942,0,0,0,Q,0,17A81,TAMPA AV,PLUMMER ST,200,S,N,A,-,N,,0,0,,,0,,,,Y,3,0,3,2,A,-,9,21804,A,N,D,C,A,A,H,-,A,D,0,,,,,Y,,A,7,0,1,2,0,0,0,0,0,0,- ,- ,0,0,1500,1,LOS ANGELES,LOS ANGELES,CA,-118.5536022,34.2421875,"TAMPA AVE & PLUMMER ST, LOS ANGELES, CA",TAMPA AVE,PLUMMER ST,130344,
-118.5536022,34.242733,56421,8782251,2019,2019-02-02T00:00:00.000Z,1942,2019-01-10T00:00:00.000Z,1445,36733,1764,4,5,7,1942,0,0,0,Q,0,17A81,TAMPA AV,PLUMMER ST,0,,Y,A,-,N,,0,0,,,0,,,,Y,2,0,3,2,A,-,9,21801,A,N,A,C,A,A,H,-,A,A,0,,,,,Y,,A,7,1,1,1,0,0,0,0,0,0,- ,- ,0,0,1500,1,LOS ANGELES,LOS ANGELES,CA,-118.5536022,34.242733,"TAMPA AVE & PLUMMER ST, LOS ANGELES, CA",TAMPA AVE,PLUMMER ST,130344,
-118.469462,34.23553848,56422,8782674,2019,2019-02-04T00:00:00.000Z,1942,2019-01-08T00:00:00.000Z,1340,30830,1971,2,5,7,1942,0,0,0,,0,19A61,NORDHOFF ST,LANGDON AV,100,E,N,A,-,N,,0,0,,,0,,,,N,4,0,4,4,A,-,4,21703,,F,C,C,A,A,H,-,A,D,0,,,,,Y,,A,7,0,0,4,0,0,0,0,0,0,- ,- ,0,0,1500,1,LOS ANGELES,LOS ANGELES,CA,-118.469462,34.23553848,"NORDHOFF ST & LANGDON AVE, LOS ANGELES, CA",NORDHOFF ST,LANGDON AVE,143630,
-118.3965232,34.18686676,56423,8782944,2019,2019-02-06T00:00:00.000Z,1942,2019-01-02T00:00:00.000Z,1200,42529,1525,3,5,7,1942,0,0,0,O,0,15A67,LAUREL CANYON BL,VICTORY BL,70,N,N,A,-,N,,0,0,,,0,,,,N,4,0,1,2,A,-,4,21703,,F,C,D,A,A,H,-,A,D,0,,,,,Y,,-,99,0,0,1,0,0,0,0,0,0,- ,- ,0,0,1500,1,LOS ANGELES,LOS ANGELES,CA,-118.3965232,34.18686676,"LAUREL CANYON BLVD & VICTORY BLVD, LOS ANGELES, CA",LAUREL CANYON BLVD,VICTORY BLVD,137158,
-118.2060646,34.04953384,56424,8784280,2019,2019-02-14T00:00:00.000Z,1942,2019-01-10T00:00:00.000Z,1436,36460,457,4,5,7,1942,0,0,0,D,0,4A53,N SOTO ST,BOULDER,40,N,N,A,-,N,,0,0,,,0,,,,N,4,0,1,2,A,-,4,21703,,F,C,C,A,A,H,-,A,A,0,,,,,Y,,-,99,0,0,1,0,0,0,0,0,0,- ,- ,0,0,1500,1,LOS ANGELES,LOS ANGELES,CA,-118.2060646,34.04953384,"SOTO ST & BOULDER ST, LOS ANGELES, CA",SOTO ST,BOULDER ST,149225,
-118.3089221,34.02557373,56425,8784334,2019,2019-02-15T00:00:00.000Z,1942,2019-01-18T00:00:00.000Z,1310,37540,355,5,5,7,1942,0,0,0,C,0,3A55,W JEFFERSON BL,S WESTERN AV,0,,Y,A,-,N,,0,0,,,0,,,,Y,3,0,2,2,A,-,9,21801,A,N,D,C,A,A,H,-,A,A,0,,,,,Y,,A,7,0,1,1,0,0,0,0,0,0,- ,- ,0,0,1500,1,LOS ANGELES,LOS ANGELES,CA,-118.3089221,34.02557373,"JEFFERSON BLVD & WESTERN AVE, LOS ANGELES, CA",JEFFERSON BLVD,WESTERN AVE,106709,