X,Y,OBJECTID,case_id,accident_year,proc_date,juris,collision_date,collision_time,officer_id,reporting_district,day_of_week,chp_shift,population,cnty_city_loc,special_cond,beat_type,chp_beat_type,city_division_lapd,chp_beat_class,beat_number,primary_rd,secondary_rd,distance,direction,intersection,weather_1,weather_2,state_hwy_ind,caltrans_county,caltrans_district,state_route,route_suffix,postmile_prefix,postmile,location_type,ramp_intersection,side_of_hwy,tow_away,collision_severity,number_killed,number_injured,party_count,primary_coll_factor,pcf_code_of_viol,pcf_viol_category,pcf_violation,pcf_viol_subsection,hit_and_run,type_of_collision,mviw,ped_action,road_surface,road_cond_1,road_cond_2,lighting,control_device,chp_road_type,pedestrian_accident,bicycle_accident,motorcycle_accident,truck_accident,not_private_property,alcohol_involved,stwd_vehtype_at_fault,chp_vehtype_at_fault,count_severe_inj,count_visible_inj,count_complaint_pain,count_ped_killed,count_ped_injured,count_bicyclist_killed,count_bicyclist_injured,count_mc_killed,count_mc_injured,primary_ramp,secondary_ramp,latitude,longitude,timecat,month_,city,county,state,point_x,point_y,match_addr,m_primaryrd,m_secondrd,int_id,Flag
-118.3721824,34.11000824,56426,8784342,2019,2019-02-15T00:00:00.000Z,1942,2019-01-17T00:00:00.000Z,1330,37900,622,4,5,7,1942,0,0,0,F,0,6A31,LAUREL CANYON BL,PERCIVAL LN,150,N,N,C,-,N,,0,0,,,0,,,,Y,4,0,1,2,A,-,3,22350,,N,A,C,A,B,H,-,A,D,0,,,,,Y,,D,22,0,0,1,0,0,0,0,0,0,- ,- ,0,0,1500,1,LOS ANGELES,LOS ANGELES,CA,-118.3721824,34.11000824,"LAUREL CANYON BLVD & PERCIVAL PL, LOS ANGELES, CA",LAUREL CANYON BLVD,PERCIVAL PL,128804,
-118.3362305,34.11103439,56427,8784351,2019,2019-02-25T00:00:00.000Z,1942,2019-01-23T00:00:00.000Z,1355,41671,625,3,5,7,1942,0,0,0,F,0,6A31,HIGHLAND AV,PAT MOORE WY,106,S,N,A,-,N,,0,0,,,0,,,,N,0,0,0,2,A,-,1,23152,F,N,C,C,A,A,H,-,A,D,0,,,,,Y,,A,1,0,0,0,0,0,0,0,0,0,- ,- ,0,0,1500,1,LOS ANGELES,LOS ANGELES,CA,-118.3362305,34.11103439,"HIGHLAND AVE & PAT MOORE WAY, LOS ANGELES, CA",HIGHLAND AVE,PAT MOORE WAY,116133,
-118.3745894,34.05302429,56428,8784369,2019,2019-02-22T00:00:00.000Z,1942,2019-01-31T00:00:00.000Z,1459,12656,734,4,5,7,1942,0,0,0,G,0,7A53,W PICO BL,S ALFRED ST,197,E,N,B,-,N,,0,0,,,0,,,,Y,0,0,0,2,A,-,8,22107,,M,B,E,A,B,H,-,A,D,0,,,,Y,Y,,A,1,0,0,0,0,0,0,0,0,0,- ,- ,0,0,1500,1,LOS ANGELES,LOS ANGELES,CA,-118.3745894,34.05302429,"PICO BLVD & ALFRED ST, LOS ANGELES, CA",PICO BLVD,ALFRED ST,138490,
-118.2701407,33.93110657,56429,8784404,2019,2019-04-09T00:00:00.000Z,1942,2019-01-23T00:00:00.000Z,1330,43669,1842,3,5,7,1942,0,0,0,R,0,,IMPERIAL HWY,LANZIT ST,60,E,N,A,-,N,,0,0,,,0,,,,N,0,0,0,2,A,-,7,21658,A,M,B,C,A,A,H,-,A,D,0,,,,,Y,Y,-,99,0,0,0,0,0,0,0,0,0,- ,- ,0,0,1500,1,LOS ANGELES,LOS ANGELES,CA,-118.2701407,33.93110657,"IMPERIAL HWY & LANZIT AVE, LOS ANGELES, CA",IMPERIAL HWY,LANZIT AVE,124348,
-118.4252605,34.04165268,56430,8784454,2019,2019-02-13T00:00:00.000Z,1942,2019-01-24T00:00:00.000Z,1215,41671,884,4,5,7,1942,0,0,0,H,0,8A35,PICO BL,SELBY AV,130,E,N,A,-,N,,0,0,,,0,,,,N,0,0,0,2,A,-,21,22106,,M,H,E,A,A,H,-,A,D,0,,,,,Y,,-,99,0,0,0,0,0,0,0,0,0,- ,- ,0,0,1500,1,LOS ANGELES,LOS ANGELES,CA,-118.4252605,34.04165268,"PICO BLVD & SELBY AVE, LOS ANGELES, CA",PICO BLVD,SELBY AVE,118344,
-118.3267021,34.10161591,56431,8784501,2019,2019-02-13T00:00:00.000Z,1942,2019-01-09T00:00:00.000Z,1350,40260,637,3,5,7,1942,0,0,0,,0,6XL42,HOLLYWOOD BL,VINE ST,0,,Y,A,-,N,,0,0,,,0,,,,N,3,0,1,2,A,-,21,22106,,N,E,G,A,A,H,-,A,D,0,,Y,,,Y,,A,1,0,1,0,0,0,0,1,0,0,- ,- ,0,0,1500,1,LOS ANGELES,LOS ANGELES,CA,-118.3267021,34.10161591,"HOLLYWOOD BLVD & VINE ST, LOS ANGELES, CA",HOLLYWOOD BLVD,VINE ST,121977,
-118.3438291,34.09796524,56432,8784525,2019,2019-02-13T00:00:00.000Z,1942,2019-01-02T00:00:00.000Z,1440,40415,645,3,5,7,1942,0,0,0,F,0,6A36,SUNSET BL,LA BREA AV,98,E,N,A,-,N,,0,0,,,0,,,,N,4,0,1,2,A,-,11,21954,A,N,G,B,D,A,H,-,A,D,0,Y,,,,Y,,N,60,0,0,1,0,1,0,0,0,0,- ,- ,0,0,1500,1,LOS ANGELES,LOS ANGELES,CA,-118.3438291,34.09796524,"SUNSET BLVD & LA BREA AVE, LOS ANGELES, CA",SUNSET BLVD,LA BREA AVE,139249,
-118.3255521,34.0477066,56433,8784563,2019,2019-02-14T00:00:00.000Z,1942,2019-01-18T00:00:00.000Z,1245,41139,767,5,5,7,1942,0,0,0,G,0,7A69,PICO BL,BRONSON AV,0,,Y,A,-,N,,0,0,,,0,,,,Y,4,0,1,2,A,-,9,21801,A,N,D,C,A,A,H,-,A,D,0,,,,,Y,,A,1,0,0,1,0,0,0,0,0,0,- ,- ,0,0,1500,1,LOS ANGELES,LOS ANGELES,CA,-118.3255521,34.0477066,"PICO BLVD & BRONSON AVE, LOS ANGELES, CA",PICO BLVD,BRONSON AVE,103522,
-118.3269104,34.01832581,56434,8784565,2019,2019-02-13T00:00:00.000Z,1942,2019-01-22T00:00:00.000Z,1325,37146,374,2,5,7,1942,0,0,0,C,0,25T22,COLISEUM ST,WESTSIDE AV,61,E,N,A,-,N,,0,0,,,0,,,,N,4,0,1,2,A,-,3,22350,,N,C,C,A,A,H,-,A,D,0,,,,,Y,,A,1,0,0,1,0,0,0,0,0,0,- ,- ,0,0,1500,1,LOS ANGELES,LOS ANGELES,CA,-118.3269104,34.01832581,"COLISEUM ST & WESTSIDE AVE, LOS ANGELES, CA",COLISEUM ST,WESTSIDE AVE,131371,
-118.3078121,34.09075546,56435,8784590,2019,2019-02-14T00:00:00.000Z,1942,2019-01-09T00:00:00.000Z,1305,42895,678,3,5,7,1942,0,0,0,F,0,20A39W,SANTA MONICA BL,OXFORD AV,0,,Y,A,-,N,,0,0,,,0,,,,Y,4,0,1,2,A,-,9,21801,A,N,A,C,A,A,H,-,A,D,0,,,,,Y,,A,1,0,0,1,0,0,0,0,0,0,- ,- ,0,0,1500,1,LOS ANGELES,LOS ANGELES,CA,-118.3078121,34.09075546,"SANTA MONICA BLVD & OXFORD AVE, LOS ANGELES, CA",SANTA MONICA BLVD,OXFORD AVE,100523,
-118.29256,34.00367355,56436,8784634,2019,2019-02-14T00:00:00.000Z,1942,2019-01-12T00:00:00.000Z,1230,38794,396,6,5,7,1942,0,0,0,C,0,3A55,W VERNON AV,VERMONT AV,300,W,N,B,-,N,,0,0,,,0,,,,Y,3,0,4,2,A,-,3,22350,,N,C,C,A,A,H,-,A,A,0,,,,,Y,,A,1,0,1,3,0,0,0,0,0,0,- ,- ,0,0,1500,1,LOS ANGELES,LOS ANGELES,CA,-118.29256,34.00367355,"VERNON AVE & VERMONT AVE, LOS ANGELES, CA",VERNON AVE,VERMONT AVE,106854,
-118.1921021,34.11003494,56437,8784851,2019,2019-03-15T00:00:00.000Z,1942,2019-01-15T00:00:00.000Z,1230,42607,1139,2,5,7,1942,0,0,0,K,0,11A37,FIGUEROA ST,AVENUE 58,0,,Y,C,-,N,,0,0,,,0,,,,N,0,0,0,2,A,-,21,22106,,N,H,E,A,B,H,-,A,D,0,,,,Y,Y,,F,25,0,0,0,0,0,0,0,0,0,- ,- ,0,0,1500,1,LOS ANGELES,LOS ANGELES,CA,-118.1921021,34.11003494,"FIGUEROA ST & AVE 58, LOS ANGELES, CA",FIGUEROA ST,AVE 58,138854,
-118.1996421,34.12691498,56438,8784867,2019,2019-04-16T00:00:00.000Z,1942,2019-01-08T00:00:00.000Z,1350,42607,1126,2,5,7,1942,0,0,0,K,0,11A37,RABER ST,BARKER DR,0,,Y,A,-,N,,0,0,,,0,,,,N,0,0,0,2,A,-,3,22350,,N,B,E,A,A,C,-,A,D,0,,,,,Y,,D,22,0,0,0,0,0,0,0,0,0,- ,- ,0,0,1500,1,LOS ANGELES,LOS ANGELES,CA,-118.1996421,34.12691498,"RABER ST & BARKER DR, LOS ANGELES, CA",RABER ST,BARKER DR,128286,
-118.2923621,33.74330521,56439,8785379,2019,2019-02-08T00:00:00.000Z,1942,2019-01-02T00:00:00.000Z,1300,31878,,3,5,7,1942,0,0,0,,0,5L90,GAFFEY ST,1ST ST,0,,N,A,-,N,,0,0,,,0,,,,N,0,0,0,2,B,-,22,0,,N,C,C,A,A,H,-,A,D,0,,,,,Y,,-,- ,0,0,0,0,0,0,0,0,0,- ,- ,0,0,1500,1,LOS ANGELES,LOS ANGELES,CA,-118.2923621,33.74330521,"GAFFEY ST & 1ST ST, LOS ANGELES, CA",GAFFEY ST,1ST ST,132129,
-118.2923721,33.74057388,56440,8785532,2019,2019-02-07T00:00:00.000Z,1942,2019-01-10T00:00:00.000Z,1255,40404,557,4,5,7,1942,0,0,0,E,0,5A55,S GAFFEY ST,W 4TH ST,0,,Y,A,-,N,,0,0,,,0,,,,Y,3,0,1,2,A,-,9,21801,A,N,A,C,A,A,H,-,A,A,0,,,,,Y,,A,7,0,1,0,0,0,0,0,0,0,- ,- ,0,0,1500,1,LOS ANGELES,LOS ANGELES,CA,-118.2923721,33.74057388,"GAFFEY ST & 4TH ST, LOS ANGELES, CA",GAFFEY ST,4TH ST,135871,
-118.5103215,34.16093826,56441,8785596,2019,2019-02-14T00:00:00.000Z,1942,2019-01-18T00:00:00.000Z,1350,39192,1077,5,5,7,1942,0,0,0,J,0,10A99,VENTURA BL,LOUISE AV,150,W,N,A,-,N,,0,0,,,0,,,,Y,0,0,0,3,A,-,8,22107,,M,C,E,A,A,H,-,A,D,0,,,,,Y,,A,1,0,0,0,0,0,0,0,0,0,- ,- ,0,0,1500,1,LOS ANGELES,LOS ANGELES,CA,-118.5103215,34.16093826,"VENTURA BLVD & LOUISE AVE, LOS ANGELES, CA",VENTURA BLVD,LOUISE AVE,115391,
-118.4488046,34.20682144,56442,8785602,2019,2019-02-04T00:00:00.000Z,1942,2019-01-02T00:00:00.000Z,1245,43061,VNYS,3,5,7,1942,0,0,0,,0,905,VAN NUYS BL,COVELLO ST,100,S,N,A,-,N,,0,0,,,0,,,,N,4,0,3,3,A,-,4,21703,,N,C,C,A,A,H,-,A,A,0,,,,,Y,,A,1,0,0,3,0,0,0,0,0,0,- ,- ,0,0,1500,1,LOS ANGELES,LOS ANGELES,CA,-118.4488046,34.20682144,"VAN NUYS BLVD & COVELLO ST, LOS ANGELES, CA",VAN NUYS BLVD,COVELLO ST,105104,
-118.4342123,34.30439758,56443,8785792,2019,2019-02-02T00:00:00.000Z,1942,2019-01-20T00:00:00.000Z,1255,33294,1916,7,5,7,1942,0,0,0,,0,19A7,SPROULE AV,HUBBARD ST,115,N,N,A,-,N,,0,0,,,0,,,,Y,0,0,0,2,A,-,8,22107,,M,C,E,A,A,H,-,A,A,0,,,,,Y,,A,1,0,0,0,0,0,0,0,0,0,- ,- ,0,0,1500,1,LOS ANGELES,LOS ANGELES,CA,-118.4342123,34.30439758,"SPROULE AVE & HUBBARD ST, LOS ANGELES, CA",SPROULE AVE,HUBBARD ST,129745,
-118.5316362,34.20118332,56444,8785807,2019,2019-04-03T00:00:00.000Z,1942,2019-01-10T00:00:00.000Z,1245,42916,,4,5,7,1942,0,0,0,,0,0LA,SHERMAN WY,ETIWANDA AV,20,E,N,A,-,N,,0,0,,,0,,,,N,0,0,0,2,A,-,4,21703,,M,C,C,A,A,H,-,A,A,0,,,,,Y,,A,1,0,0,0,0,0,0,0,0,0,- ,- ,0,0,1500,1,LOS ANGELES,LOS ANGELES,CA,-118.5316362,34.20118332,"SHERMAN WAY & ETIWANDA AVE, LOS ANGELES, CA",SHERMAN WAY,ETIWANDA AVE,129872,
-118.2490693,34.05587769,56445,8786743,2019,2019-02-12T00:00:00.000Z,1942,2019-01-03T00:00:00.000Z,1215,41461,122,4,5,7,1942,0,0,0,A,0,1A29,1ST ST,GRAND AV,100,W,N,A,-,N,,0,0,,,0,,,,N,0,0,0,2,A,-,21,22106,,N,B,C,A,A,H,-,A,A,0,,,,,Y,,A,1,0,0,0,0,0,0,0,0,0,- ,- ,0,0,1500,1,LOS ANGELES,LOS ANGELES,CA,-118.2490693,34.05587769,"1ST ST & GRAND AVE (DOWNTOWN), LOS ANGELES, CA",1ST ST,GRAND AVE (DOWNTOWN),145716,
-118.258343,34.03692627,56446,8786758,2019,2019-02-11T00:00:00.000Z,1942,2019-01-13T00:00:00.000Z,1435,41461,185,7,5,7,1942,0,0,0,R,0,1X27,LOS ANGELES ST,12TH ST,5,N,N,A,-,N,,0,0,,,0,,,,,4,0,1,2,A,-,8,22107,,N,B,C,A,A,H,-,A,A,0,,,,,Y,,-,- ,0,0,1,0,0,0,0,0,0,- ,- ,0,0,1500,1,LOS ANGELES,LOS ANGELES,CA,-118.258343,34.03692627,"LOS ANGELES ST & 12TH ST, LOS ANGELES, CA",LOS ANGELES ST,12TH ST,142137,
-118.2614221,34.02954483,56447,8786844,2019,2019-02-20T00:00:00.000Z,1942,2019-01-11T00:00:00.000Z,1315,38729,195,5,5,7,1942,0,0,0,A,0,1A85,WASHINGTON BL,MAPLE AV,0,,Y,A,-,N,,0,0,,,0,,,,N,0,0,0,2,A,-,9,21453,C,M,D,C,A,A,H,-,A,A,0,,,,,Y,,-,99,0,0,0,0,0,0,0,0,0,- ,- ,0,0,1500,1,LOS ANGELES,LOS ANGELES,CA,-118.2614221,34.02954483,"WASHINGTON BLVD & MAPLE AVE, LOS ANGELES, CA",WASHINGTON BLVD,MAPLE AVE,147833,
-118.4506483,34.14704514,56448,8787069,2019,2019-03-12T00:00:00.000Z,1942,2019-01-30T00:00:00.000Z,1250,34420,991,3,5,7,1942,0,0,0,I,0,9A89,VALLEY VISTA BL,VAN NUYS BL,300,W,N,A,-,N,,0,0,,,0,,,,Y,3,0,1,3,A,-,1,23152,A,N,A,C,A,A,H,-,A,A,0,,,,Y,Y,Y,D,22,0,1,0,0,0,0,0,0,0,- ,- ,0,0,1500,1,LOS ANGELES,LOS ANGELES,CA,-118.4506483,34.14704514,"VALLEY VISTA BLVD & VAN NUYS BLVD, LOS ANGELES, CA",VALLEY VISTA BLVD,VAN NUYS BLVD,115201,
-118.2415913,33.78113556,56449,8788779,2019,2019-02-02T00:00:00.000Z,1942,2019-01-04T00:00:00.000Z,1200,43331,528,5,5,7,1942,0,0,0,E,0,5A26,ANAHEIM ST,HENRY FORD AV,40,E,N,A,-,N,,0,0,,,0,,,,N,4,0,1,2,A,-,21,22106,,F,D,C,A,A,H,-,A,A,0,,,,,Y,,-,99,0,0,1,0,0,0,0,0,0,- ,- ,0,0,1500,1,LOS ANGELES,LOS ANGELES,CA,-118.2415913,33.78113556,"ANAHEIM ST & HENRY FORD AVE, LOS ANGELES, CA",ANAHEIM ST,HENRY FORD AVE,141851,
-118.3311787,34.01091385,56450,8788858,2019,2019-02-11T00:00:00.000Z,1942,2019-01-04T00:00:00.000Z,1305,27259,393,5,5,7,1942,0,0,0,C,0,3A73,W MARTIN LUTHER KING JR BL,DEGNAN BL,80,E,N,A,-,N,,0,0,,,0,,,,N,4,0,1,2,A,-,8,22103,,F,B,C,A,A,H,-,A,D,0,,,,,Y,,-,99,0,0,1,0,0,0,0,0,0,- ,- ,0,0,1500,1,LOS ANGELES,LOS ANGELES,CA,-118.3311787,34.01091385,"MARTIN LUTHER KING JR BLVD & DEGNAN BLVD, LOS ANGELES, CA",MARTIN LUTHER KING JR BLVD,DEGNAN BLVD,124232,
-118.3526121,34.02876663,56451,8788872,2019,2019-04-04T00:00:00.000Z,1942,2019-01-02T00:00:00.000Z,1306,42164,312,3,5,7,1942,0,0,0,C,0,3A1-W2,WESTHAVEN ST,LA BREA AV,0,,Y,A,-,N,,0,0,,,0,,,,N,0,0,0,2,A,-,3,22350,,M,C,C,A,A,H,-,A,A,0,,,,,Y,,-,99,0,0,0,0,0,0,0,0,0,- ,- ,0,0,1500,1,LOS ANGELES,LOS ANGELES,CA,-118.3526121,34.02876663,"WESTHAVEN ST & LA BREA AVE, LOS ANGELES, CA",WESTHAVEN ST,LA BREA AVE,98624,
-118.5884522,34.19426727,56452,8790086,2019,2019-02-20T00:00:00.000Z,1942,2019-01-20T00:00:00.000Z,1330,43361,2157,7,5,7,1942,0,0,0,,0,21A42,DE SOTO AV,VANOWEN ST,180,N,N,A,-,N,,0,0,,,0,,,,N,4,0,1,2,A,-,3,22350,,F,C,C,A,A,-,-,A,D,0,,,,,Y,,A,1,0,0,1,0,0,0,0,0,0,- ,- ,0,0,1500,1,LOS ANGELES,LOS ANGELES,CA,-118.5884522,34.19426727,"DE SOTO AVE & VANOWEN ST, LOS ANGELES, CA",DE SOTO AVE,VANOWEN ST,98072,
-118.2809221,33.77898407,56453,8790204,2019,2019-02-12T00:00:00.000Z,1942,2019-01-20T00:00:00.000Z,1411,36737,521,7,5,7,1942,0,0,0,E,0,5,ANAHEIM ST,FIGUEROA PL,0,,Y,A,-,N,,0,0,,,0,,,,Y,4,0,1,2,A,-,9,21801,A,N,A,C,A,A,H,-,A,A,0,,,,,Y,,A,1,0,0,1,0,0,0,0,0,0,- ,- ,0,0,1500,1,LOS ANGELES,LOS ANGELES,CA,-118.2809221,33.77898407,"ANAHEIM ST & FIGUEROA PL, LOS ANGELES, CA",ANAHEIM ST,FIGUEROA PL,106753,
-118.2917921,33.97462463,56454,8791100,2019,2019-02-21T00:00:00.000Z,1942,2019-01-07T00:00:00.000Z,1420,42681,1245,1,5,7,1942,0,0,0,L,0,12XL4,FLORENCE,VERMONT,0,,Y,A,-,N,,0,0,,,0,,,,N,0,0,0,2,A,-,9,21801,A,M,D,C,A,A,H,-,A,A,0,,,,,Y,,-,99,0,0,0,0,0,0,0,0,0,- ,- ,0,0,1500,1,LOS ANGELES,LOS ANGELES,CA,-118.2917921,33.97462463,"FLORENCE AVE & VERMONT AVE, LOS ANGELES, CA",FLORENCE AVE,VERMONT AVE,116314,
-118.3248021,34.02559662,56455,8791125,2019,2019-02-04T00:00:00.000Z,1942,2019-01-15T00:00:00.000Z,1400,42785,354,2,5,7,1942,0,0,0,,0,3A73,JEFFERSON BL,7TH AV,0,,Y,B,C,N,,0,0,,,0,,,,N,4,0,1,2,A,-,9,21801,A,N,D,C,A,B,H,-,A,A,0,,,,,Y,,A,1,0,0,1,0,0,0,0,0,0,- ,- ,0,0,1500,1,LOS ANGELES,LOS ANGELES,CA,-118.3248021,34.02559662,"JEFFERSON BLVD & 7TH AVE, LOS ANGELES, CA",JEFFERSON BLVD,7TH AVE,120754,
-118.2960997,34.00368118,56456,8791131,2019,2019-02-05T00:00:00.000Z,1942,2019-01-20T00:00:00.000Z,1200,41729,397,7,5,7,1942,0,0,0,C,0,,VERNON AV,BUDLONG AV,60,W,N,A,-,N,,0,0,,,0,,,,N,0,0,0,2,A,-,3,22350,,M,C,C,A,-,H,-,A,D,0,,,,,Y,,-,99,0,0,0,0,0,0,0,0,0,- ,- ,0,0,1500,1,LOS ANGELES,LOS ANGELES,CA,-118.2960997,34.00368118,"VERNON AVE & BUDLONG AVE, LOS ANGELES, CA",VERNON AVE,BUDLONG AVE,127932,
-118.3203821,34.01078415,56457,8791137,2019,2019-02-04T00:00:00.000Z,1942,2019-01-11T00:00:00.000Z,1245,43271,394,5,5,7,1942,0,0,0,C,0,3A28,MARTIN LUTHER KING BL,3RD AV,0,,Y,A,-,N,,0,0,,,0,,,,Y,3,0,3,2,A,-,9,21802,A,N,B,C,A,A,H,-,A,D,0,,,,,Y,,-,,0,1,2,0,0,0,0,0,0,- ,- ,0,0,1500,1,LOS ANGELES,LOS ANGELES,CA,-118.3203821,34.01078415,"MARTIN LUTHER KING JR BLVD & 3RD AVE, LOS ANGELES, CA",MARTIN LUTHER KING JR BLVD,3RD AVE,99170,
-118.3305021,34.02560425,56458,8791149,2019,2019-02-04T00:00:00.000Z,1942,2019-01-19T00:00:00.000Z,1220,39397,334,6,5,7,1942,0,0,0,C,0,3A31,EDGEHILL DR,W JEFFERSON BL,0,,Y,A,-,N,,0,0,,,0,,,,N,4,0,1,2,A,-,9,21802,A,N,D,C,A,A,H,-,A,A,0,,,,,Y,,A,8,0,0,1,0,0,0,0,0,0,- ,- ,0,0,1500,1,LOS ANGELES,LOS ANGELES,CA,-118.3305021,34.02560425,"EDGEHILL DR & JEFFERSON BLVD, LOS ANGELES, CA",EDGEHILL DR,JEFFERSON BLVD,141778,
-118.2543467,33.94563675,56459,8791177,2019,2019-02-04T00:00:00.000Z,1942,2019-01-13T00:00:00.000Z,1230,27259,1824,7,5,7,1942,0,0,0,R,0,18A34,E CENTURY BL,CENTRAL AV,50,W,N,B,-,N,,0,0,,,0,,,,N,4,0,2,2,A,-,9,21804,A,F,D,C,A,A,H,-,A,D,0,,,,,Y,,-,99,0,0,2,0,0,0,0,0,0,- ,- ,0,0,1500,1,LOS ANGELES,LOS ANGELES,CA,-118.2543467,33.94563675,"CENTURY BLVD & CENTRAL AVE, LOS ANGELES, CA",CENTURY BLVD,CENTRAL AVE,145343,
-118.2651921,33.93819809,56460,8791185,2019,2019-02-04T00:00:00.000Z,1942,2019-01-19T00:00:00.000Z,1435,41933,1834,6,5,7,1942,0,0,0,R,0,18A34,AVALON BL,S 108TH ST,31,S,N,A,-,N,,0,0,,,0,,,,Y,4,0,1,2,A,-,3,22350,,N,C,C,A,A,H,-,A,D,0,,,,,Y,,A,1,0,0,1,0,0,0,0,0,0,- ,- ,0,0,1500,1,LOS ANGELES,LOS ANGELES,CA,-118.2651921,33.93819809,"AVALON BLVD & 108TH ST, LOS ANGELES, CA",AVALON BLVD,108TH ST,134609,
-118.3161221,33.95995331,56461,8791492,2019,2019-02-08T00:00:00.000Z,1942,2019-01-18T00:00:00.000Z,1235,37403,1263,5,5,7,1942,0,0,0,L,0,12A3,MANCHESTER AV,CIMARRON,0,,Y,A,-,N,,0,0,,,0,,,,Y,0,0,0,2,A,-,3,22350,,M,B,C,A,A,H,-,A,D,0,,,,,Y,,-,99,0,0,0,0,0,0,0,0,0,- ,- ,0,0,1500,1,LOS ANGELES,LOS ANGELES,CA,-118.3161221,33.95995331,"MANCHESTER AVE & CIMARRON ST, LOS ANGELES, CA",MANCHESTER AVE,CIMARRON ST,103124,
-118.2908701,33.99230957,56462,8791530,2019,2019-02-07T00:00:00.000Z,1942,2019-01-03T00:00:00.000Z,1210,43620,1218,4,5,7,1942,0,0,0,L,0,12A15,55TH ST,VERMONT AV,195,E,N,A,-,N,,0,0,,,0,,,,N,0,0,0,2,A,-,8,22107,,M,B,C,A,A,H,-,A,D,0,,,,,Y,,-,99,0,0,0,0,0,0,0,0,0,- ,- ,0,0,1500,1,LOS ANGELES,LOS ANGELES,CA,-118.2908701,33.99230957,"55TH ST & VERMONT AVE, LOS ANGELES, CA",55TH ST,VERMONT AVE,141762,
-118.3088075,33.9891243,56463,8791585,2019,2019-02-07T00:00:00.000Z,1942,2019-01-03T00:00:00.000Z,1320,42553,1213,4,5,7,1942,0,0,0,L,0,12A69,SLAUSON AV,S WESTERN AV,50,E,N,A,-,N,,0,0,,,0,,,,N,0,0,0,2,A,-,9,21801,A,M,C,C,A,A,H,-,A,A,0,,,,,Y,,-,99,0,0,0,0,0,0,0,0,0,- ,- ,0,0,1500,1,LOS ANGELES,LOS ANGELES,CA,-118.3088075,33.9891243,"SLAUSON AVE & WESTERN AVE, LOS ANGELES, CA",SLAUSON AVE,WESTERN AVE,134534,
-118.3090151,33.97063065,56464,8791612,2019,2019-05-04T00:00:00.000Z,1942,2019-01-03T00:00:00.000Z,1400,42589,1253,4,5,7,1942,0,0,0,L,0,18U4,WESTERN AV,76TH ST,100,S,N,A,-,N,,0,0,,,0,,,,Y,3,0,2,3,A,-,8,22107,,F,B,C,A,A,H,-,A,D,0,,,,,Y,Y,-,99,0,1,1,0,0,0,0,0,0,- ,- ,0,0,1500,1,LOS ANGELES,LOS ANGELES,CA,-118.3090151,33.97063065,"WESTERN AVE & 76TH ST, LOS ANGELES, CA",WESTERN AVE,76TH ST,117059,
-118.3177521,33.97367477,56465,8791616,2019,2019-02-08T00:00:00.000Z,1942,2019-01-22T00:00:00.000Z,1225,42689,1252,2,5,7,1942,0,0,0,L,0,12X4,VAN NESS AV,W 73RD ST,0,,Y,A,-,N,,0,0,,,0,,,,Y,4,0,1,3,A,-,12,22450,A,F,D,C,A,A,H,-,A,A,0,,,,,Y,,-,99,0,0,1,0,0,0,0,0,0,- ,- ,0,0,1500,1,LOS ANGELES,LOS ANGELES,CA,-118.3177521,33.97367477,"VAN NESS AVE & 73RD ST, LOS ANGELES, CA",VAN NESS AVE,73RD ST,134560,
-118.2959021,33.96001434,56466,8791659,2019,2019-02-06T00:00:00.000Z,1942,2019-01-01T00:00:00.000Z,1435,41791,1265,2,5,7,1942,0,0,0,L,0,12A31,MANCHESTER AV,BUDLONG AV,0,,Y,A,-,N,,0,0,,,0,,,,N,4,0,2,2,A,-,4,21703,,F,C,C,A,A,H,-,A,D,0,,,,,Y,Y,-,99,0,0,2,0,0,0,0,0,0,- ,- ,0,0,1500,1,LOS ANGELES,LOS ANGELES,CA,-118.2959021,33.96001434,"MANCHESTER AVE & BUDLONG AVE, LOS ANGELES, CA",MANCHESTER AVE,BUDLONG AVE,120695,
-118.2870912,33.96244049,56467,8791667,2019,2019-02-07T00:00:00.000Z,1942,2019-01-23T00:00:00.000Z,1420,38025,1267,3,5,7,1942,0,0,0,L,0,75T,HOOVER ST,84TH ST,5,S,N,A,-,N,,0,0,,,0,,,,N,3,0,2,3,A,-,10,21950,A,N,G,B,B,A,H,-,A,D,0,Y,,,,Y,,D,82,0,2,0,0,2,0,0,0,0,- ,- ,0,0,1500,1,LOS ANGELES,LOS ANGELES,CA,-118.2870912,33.96244049,"HOOVER ST & 84TH ST, LOS ANGELES, CA",HOOVER ST,84TH ST,99724,
-118.2782722,33.9623642,56468,8791671,2019,2019-02-06T00:00:00.000Z,1942,2019-01-26T00:00:00.000Z,1205,39745,1267,6,5,7,1942,0,0,0,L,0,12A67,S BROADWAY,W 84TH PL,0,,Y,A,-,N,,0,0,,,0,,,,Y,4,0,1,2,A,-,9,21802,A,N,D,C,A,A,H,-,A,A,0,,,,,Y,,A,1,0,0,1,0,0,0,0,0,0,- ,- ,0,0,1500,1,LOS ANGELES,LOS ANGELES,CA,-118.2782722,33.9623642,"BROADWAY & 84TH PL, LOS ANGELES, CA",BROADWAY,84TH PL,141927,
-118.2918082,33.97546768,56469,8791749,2019,2019-03-07T00:00:00.000Z,1942,2019-01-07T00:00:00.000Z,1445,42681,1245,1,5,7,1942,0,0,0,L,0,12XL5,VERMONT AV,71ST ST,10,S,N,A,-,N,,0,0,,,0,,,,N,4,0,1,3,A,-,4,21703,,N,C,C,A,A,H,-,A,D,0,,,,,Y,,A,7,0,0,1,0,0,0,0,0,0,- ,- ,0,0,1500,1,LOS ANGELES,LOS ANGELES,CA,-118.2918082,33.97546768,"VERMONT AVE & 71ST ST, LOS ANGELES, CA",VERMONT AVE,71ST ST,102315,