X,Y,OBJECTID,case_id,accident_year,proc_date,juris,collision_date,collision_time,officer_id,reporting_district,day_of_week,chp_shift,population,cnty_city_loc,special_cond,beat_type,chp_beat_type,city_division_lapd,chp_beat_class,beat_number,primary_rd,secondary_rd,distance,direction,intersection,weather_1,weather_2,state_hwy_ind,caltrans_county,caltrans_district,state_route,route_suffix,postmile_prefix,postmile,location_type,ramp_intersection,side_of_hwy,tow_away,collision_severity,number_killed,number_injured,party_count,primary_coll_factor,pcf_code_of_viol,pcf_viol_category,pcf_violation,pcf_viol_subsection,hit_and_run,type_of_collision,mviw,ped_action,road_surface,road_cond_1,road_cond_2,lighting,control_device,chp_road_type,pedestrian_accident,bicycle_accident,motorcycle_accident,truck_accident,not_private_property,alcohol_involved,stwd_vehtype_at_fault,chp_vehtype_at_fault,count_severe_inj,count_visible_inj,count_complaint_pain,count_ped_killed,count_ped_injured,count_bicyclist_killed,count_bicyclist_injured,count_mc_killed,count_mc_injured,primary_ramp,secondary_ramp,latitude,longitude,timecat,month_,city,county,state,point_x,point_y,match_addr,m_primaryrd,m_secondrd,int_id,Flag
-118.2729385,33.79059219,56470,8791884,2019,2019-03-12T00:00:00.000Z,1942,2019-01-19T00:00:00.000Z,1410,40748,515,6,5,7,1942,0,0,0,,0,5A15,RONAN AV,PACIFIC COAST HWY,15,E,N,A,-,Y,LA,7,1,-,-,11.085,I,6,N,N,4,0,1,2,A,-,8,22100,A,N,H,C,A,A,H,-,A,A,0,,,,,Y,,A,1,0,0,1,0,0,0,0,0,0,- ,- ,0,0,1500,1,LOS ANGELES,LOS ANGELES,CA,-118.2729385,33.79059219,"RONAN AVE & PACIFIC COAST HWY, LOS ANGELES, CA",RONAN AVE,PACIFIC COAST HWY,99676,
-118.4393532,34.30947495,56471,8791940,2019,2019-03-15T00:00:00.000Z,1942,2019-01-25T00:00:00.000Z,1450,42051,1916,5,5,7,1942,0,0,0,,0,19A7,DRONFIELD AV,ASTORIA ST,380,S,N,A,-,N,,0,0,,,0,,,,N,4,0,2,2,A,-,3,22350,,F,C,C,A,A,H,-,A,D,0,,,,,Y,,-,99,0,0,2,0,0,0,0,0,0,- ,- ,0,0,1500,1,LOS ANGELES,LOS ANGELES,CA,-118.4393532,34.30947495,"DRONFIELD AVE & ASTORIA ST, LOS ANGELES, CA",DRONFIELD AVE,ASTORIA ST,137024,
-118.2564821,33.96456909,56472,8791962,2019,2019-02-15T00:00:00.000Z,1942,2019-01-26T00:00:00.000Z,1230,43620,1269,6,5,7,1942,0,0,0,L,0,12A73,CENTRAL AV,82ND ST,50,S,N,A,-,N,,0,0,,,0,,,,Y,3,0,1,4,A,-,3,22350,,N,C,E,A,A,H,-,A,D,0,,,Y,,Y,,A,7,0,1,0,0,0,0,0,0,0,- ,- ,0,0,1500,1,LOS ANGELES,LOS ANGELES,CA,-118.2564821,33.96456909,"CENTRAL AVE & 82ND ST, LOS ANGELES, CA",CENTRAL AVE,82ND ST,110290,
-118.3784321,33.93097687,56473,8791968,2019,2019-02-11T00:00:00.000Z,1942,2019-01-12T00:00:00.000Z,1400,37700,1499,6,5,7,1942,0,0,0,N,0,14A67,AVIATION BL,IMPERIAL HWY,14,S,N,B,-,N,,0,0,,,0,,,,N,2,0,1,2,A,-,10,21950,A,N,G,B,B,B,H,-,A,A,0,Y,,,,Y,,D,22,1,0,0,0,1,0,0,0,0,- ,- ,0,0,1500,1,LOS ANGELES,LOS ANGELES,CA,-118.3784321,33.93097687,"AVIATION BLVD & IMPERIAL HWY, LOS ANGELES, CA",AVIATION BLVD,IMPERIAL HWY,120587,
-118.3004422,34.07764435,56474,8791989,2019,2019-02-14T00:00:00.000Z,1942,2019-01-16T00:00:00.000Z,1315,33472,2005,3,5,7,1942,0,0,0,,0,20A13,N NORMANDIE AV,OAKWOOD AV,0,,Y,C,-,N,,0,0,,,0,,,,Y,4,0,5,2,A,-,9,21801,A,N,A,C,A,B,H,-,A,A,0,,,,,Y,,D,83,0,0,5,0,0,0,0,0,0,- ,- ,0,0,1500,1,LOS ANGELES,LOS ANGELES,CA,-118.3004422,34.07764435,"NORMANDIE AVE & OAKWOOD AVE, LOS ANGELES, CA",NORMANDIE AVE,OAKWOOD AVE,121794,
-118.2890009,34.07296753,56475,8791993,2019,2019-02-26T00:00:00.000Z,1942,2019-01-23T00:00:00.000Z,1320,41376,2019,3,5,7,1942,0,0,0,,0,20A39,S MADISON AV,1ST ST,185,S,N,A,-,N,,0,0,,,0,,,,Y,0,0,0,3,A,-,17,21663,,N,E,I,A,A,H,-,A,-,0,,,,,Y,,A,7,0,0,0,0,0,0,0,0,0,- ,- ,0,0,1500,1,LOS ANGELES,LOS ANGELES,CA,-118.2890009,34.07296753,"MADISON AVE & 1ST ST, LOS ANGELES, CA",MADISON AVE,1ST ST,125341,
-118.2870623,33.96021271,56476,8792042,2019,2019-02-12T00:00:00.000Z,1942,2019-01-28T00:00:00.000Z,1310,41933,1267,1,5,7,1942,0,0,0,L,0,25TZ2,S HOOVER ST,MANCHESTER BL,63,N,N,A,-,N,,0,0,,,0,,,,N,0,0,0,2,A,-,3,22350,,M,C,C,A,A,G,-,A,A,0,,,,,Y,,A,1,0,0,0,0,0,0,0,0,0,- ,- ,0,0,1500,1,LOS ANGELES,LOS ANGELES,CA,-118.2870623,33.96021271,"HOOVER ST & MANCHESTER AVE, LOS ANGELES, CA",HOOVER ST,MANCHESTER AVE,141871,
-118.6277927,34.16438294,56477,8792091,2019,2019-02-26T00:00:00.000Z,1942,2019-01-07T00:00:00.000Z,1400,38940,2173,1,5,7,1942,0,0,0,,0,21A73,VENTURA BL,ROYER AV,325,W,N,B,-,N,,0,0,,,0,,,,Y,3,0,2,3,A,-,8,22102,,N,B,C,A,A,H,-,A,D,0,,,,,Y,Y,A,1,0,2,0,0,0,0,0,0,0,- ,- ,0,0,1500,1,LOS ANGELES,LOS ANGELES,CA,-118.6277927,34.16438293,"VENTURA BLVD & ROYER AVE, LOS ANGELES, CA",VENTURA BLVD,ROYER AVE,146884,
-118.6018866,34.22682953,56478,8792103,2019,2019-02-26T00:00:00.000Z,1942,2019-01-11T00:00:00.000Z,1310,36733,2105,5,5,7,1942,0,0,0,,0,21A5,N OWENSMOUTH AV,BRYANT ST,181,S,N,A,-,N,,0,0,,,0,,,,Y,2,0,1,3,A,-,3,22350,,N,C,E,A,A,H,-,A,D,0,,,,,Y,,A,1,1,0,0,0,0,0,0,0,0,- ,- ,0,0,1500,1,LOS ANGELES,LOS ANGELES,CA,-118.6018866,34.22682953,"OWENSMOUTH AVE & BRYANT ST, LOS ANGELES, CA",OWENSMOUTH AVE,BRYANT ST,102301,
-118.31223,33.97457123,56479,8792167,2019,2019-03-07T00:00:00.000Z,1942,2019-01-31T00:00:00.000Z,1330,43241,1253,4,5,7,1942,0,0,0,L,0,18X27,FLORENCE AV,GRAMERCY,350,E,N,A,-,N,,0,0,,,0,,,,Y,4,0,1,2,A,-,8,22107,,N,D,C,A,B,H,-,A,D,0,,,,,Y,,-,- ,0,0,1,0,0,0,0,0,0,- ,- ,0,0,1500,1,LOS ANGELES,LOS ANGELES,CA,-118.31223,33.97457123,"FLORENCE AVE & GRAMERCY PL, LOS ANGELES, CA",FLORENCE AVE,GRAMERCY PL,145193,
-118.4466956,34.11235809,56480,8792496,2019,2019-02-20T00:00:00.000Z,1942,2019-01-12T00:00:00.000Z,1220,37700,807,6,5,7,1942,0,0,0,H,0,8A29,N BEVERLY GLEN BL,BEVERLY GLEN PL,150,S,N,C,-,N,,0,0,,,0,,,,Y,3,0,1,1,A,-,5,21460,A,N,E,I,A,B,H,-,A,A,0,,,,,Y,,A,1,0,1,0,0,0,0,0,0,0,- ,- ,0,0,1500,1,LOS ANGELES,LOS ANGELES,CA,-118.4466956,34.11235809,"BEVERLY GLEN BLVD & BEVERLY GLEN PL, LOS ANGELES, CA",BEVERLY GLEN BLVD,BEVERLY GLEN PL,102042,
-118.4421021,34.07975388,56481,8792544,2019,2019-02-20T00:00:00.000Z,1942,2019-01-14T00:00:00.000Z,1205,40235,806,1,5,7,1942,0,0,0,H,0,8A29,N STONE CANYON RD,STRADA CORTA RD,0,,Y,C,-,N,,0,0,,,0,,,,N,3,0,1,2,A,-,9,21802,A,N,D,C,A,B,H,-,A,A,0,,,,,Y,,A,8,0,1,0,0,0,0,0,0,0,- ,- ,0,0,1500,1,LOS ANGELES,LOS ANGELES,CA,-118.4421021,34.07975388,"STONE CANYON RD & STRADA CORTA RD, LOS ANGELES, CA",STONE CANYON RD,STRADA CORTA RD,112841,
-118.2421761,34.11898804,56482,8792571,2019,2019-02-19T00:00:00.000Z,1942,2019-01-09T00:00:00.000Z,1300,42040,1124,3,5,7,1942,0,0,0,K,0,11A89,ESTARA AV,ANDRITA ST,3,E,N,A,-,N,,0,0,,,0,,,,N,3,0,1,2,A,-,10,21950,A,N,G,B,B,A,H,-,A,A,0,Y,,,,Y,,A,7,0,1,0,0,1,0,0,0,0,- ,- ,0,0,1500,1,LOS ANGELES,LOS ANGELES,CA,-118.2421761,34.11898804,"ESTARA AVE & ANDRITA ST, LOS ANGELES, CA",ESTARA AVE,ANDRITA ST,142543,
-118.2177022,34.08743668,56483,8792576,2019,2019-02-20T00:00:00.000Z,1942,2019-01-05T00:00:00.000Z,1405,34426,1178,6,5,7,1942,0,0,0,K,0,11A89,LORETO ST,FIGUEROA ST,0,,Y,C,-,N,,0,0,,,0,,,,N,0,0,0,2,A,-,9,21802,A,N,E,I,A,B,H,-,A,A,0,,,,,Y,,A,1,0,0,0,0,0,0,0,0,0,- ,- ,0,0,1500,1,LOS ANGELES,LOS ANGELES,CA,-118.2177022,34.08743668,"LORETO ST & FIGUEROA ST, LOS ANGELES, CA",LORETO ST,FIGUEROA ST,111330,
-118.2874422,34.09814453,56484,8792610,2019,2019-02-21T00:00:00.000Z,1942,2019-01-12T00:00:00.000Z,1410,43263,1162,6,5,7,1942,0,0,0,K,0,11A17,SUNSET BL,VIRGIL AV,0,,Y,A,-,N,,0,0,,,0,,,,Y,3,0,2,2,A,-,9,21801,A,N,A,C,A,A,H,-,A,A,0,,,,,Y,,A,1,0,1,1,0,0,0,0,0,0,- ,- ,0,0,1500,1,LOS ANGELES,LOS ANGELES,CA,-118.2874422,34.09814453,"SUNSET BLVD & VIRGIL AVE, LOS ANGELES, CA",SUNSET BLVD,VIRGIL AVE,139164,
-118.4060871,34.17211914,56485,8792712,2019,2019-02-21T00:00:00.000Z,1942,2019-01-07T00:00:00.000Z,1240,30830,1531,1,5,7,1942,0,0,0,O,0,15A43,BURBANK BL,WHITSETT AV,250,W,N,B,-,N,,0,0,,,0,,,,N,0,0,0,2,A,-,8,22107,,M,B,E,A,A,H,-,A,D,0,,,,,Y,,-,99,0,0,0,0,0,0,0,0,0,- ,- ,0,0,1500,1,LOS ANGELES,LOS ANGELES,CA,-118.4060871,34.17211914,"BURBANK BLVD & WHITSETT AVE, LOS ANGELES, CA",BURBANK BLVD,WHITSETT AVE,118523,
-118.372188,34.14118576,56486,8792716,2019,2019-02-21T00:00:00.000Z,1942,2019-01-08T00:00:00.000Z,1210,35481,1596,2,5,7,1942,0,0,0,O,0,15A85,VENTURA BL,FRUITLAND DR,55,W,N,A,-,N,,0,0,,,0,,,,N,0,0,0,2,A,-,8,22102,,M,D,C,A,A,H,-,A,D,0,,,,,Y,,-,99,0,0,0,0,0,0,0,0,0,- ,- ,0,0,1500,1,LOS ANGELES,LOS ANGELES,CA,-118.372188,34.14118576,"VENTURA BLVD & FRUITLAND DR, LOS ANGELES, CA",VENTURA BLVD,FRUITLAND DR,143213,
-118.4144076,34.21662521,56487,8792733,2019,2019-02-21T00:00:00.000Z,1942,2019-01-28T00:00:00.000Z,1240,41316,1501,1,5,7,1942,0,0,0,O,0,15A21,COLDWATER CANYON AV,STRATHERN ST,285,N,N,A,-,N,,0,0,,,0,,,,Y,0,0,0,1,B,-,22,0,,M,E,I,A,A,H,-,A,D,0,,,,,Y,,A,1,0,0,0,0,0,0,0,0,0,- ,- ,0,0,1500,1,LOS ANGELES,LOS ANGELES,CA,-118.4144076,34.21662521,"COLDWATER CANYON AVE & STRATHERN ST, LOS ANGELES, CA",COLDWATER CANYON AVE,STRATHERN ST,100871,
-118.4052522,34.15809631,56488,8792737,2019,2019-02-21T00:00:00.000Z,1942,2019-01-19T00:00:00.000Z,1345,39281,1541,6,5,7,1942,0,0,0,O,0,15A43,WHITSETT AV,LA MAIDA ST,153,S,N,A,-,N,,0,0,,,0,,,,Y,0,0,0,2,A,-,9,21804,A,M,D,C,A,A,H,-,A,D,0,,,,,Y,,-,99,0,0,0,0,0,0,0,0,0,- ,- ,0,0,1500,1,LOS ANGELES,LOS ANGELES,CA,-118.4052522,34.15809631,"WHITSETT AVE & LA MAIDA ST, LOS ANGELES, CA",WHITSETT AVE,LA MAIDA ST,112421,
-118.3440822,34.08856583,56489,8792742,2019,2019-02-20T00:00:00.000Z,1942,2019-01-28T00:00:00.000Z,1445,31465,705,1,5,7,1942,0,0,0,G,0,7A1,LA BREA AV,ROMAINE ST,120,S,N,A,-,N,,0,0,,,0,,,,N,0,0,0,2,A,-,9,21804,A,M,D,C,A,A,H,-,A,D,0,,,,,Y,,-,99,0,0,0,0,0,0,0,0,0,- ,- ,0,0,1500,1,LOS ANGELES,LOS ANGELES,CA,-118.3440822,34.08856583,"LA BREA AVE & ROMAINE ST, LOS ANGELES, CA",LA BREA AVE,ROMAINE ST,132032,
-118.4141623,34.20119476,56490,8792753,2019,2019-02-21T00:00:00.000Z,1942,2019-01-11T00:00:00.000Z,1250,38017,1512,5,5,7,1942,0,0,0,O,0,15A21,SHERMAN WY,COLDWATER CANYON AV,100,W,N,C,-,N,,0,0,,,0,,,,N,0,0,0,2,A,-,4,21703,,M,C,C,A,B,H,-,A,D,0,,,,,Y,,-,99,0,0,0,0,0,0,0,0,0,- ,- ,0,0,1500,1,LOS ANGELES,LOS ANGELES,CA,-118.4141623,34.20119476,"SHERMAN WAY & COLDWATER CANYON AVE, LOS ANGELES, CA",SHERMAN WAY,COLDWATER CANYON AVE,146672,
-118.4121133,34.05838776,56491,8792755,2019,2019-02-15T00:00:00.000Z,1942,2019-01-31T00:00:00.000Z,1315,41671,839,4,5,7,1942,0,0,0,H,0,8A95,OLYMPIC BL,CENTURY PARK EAST,51,W,N,C,-,N,,0,0,,,0,,,,N,0,0,0,2,A,-,3,22350,,M,C,C,A,B,H,-,A,D,0,,,,,Y,,-,99,0,0,0,0,0,0,0,0,0,- ,- ,0,0,1500,1,LOS ANGELES,LOS ANGELES,CA,-118.4121133,34.05838776,"OLYMPIC BLVD & CENTURY PARK E, LOS ANGELES, CA",OLYMPIC BLVD,CENTURY PARK E,121761,
-118.4798969,34.10691452,56492,8792758,2019,2019-02-20T00:00:00.000Z,1942,2019-01-16T00:00:00.000Z,1400,40452,804,3,5,7,1942,0,0,0,H,0,8A13,N SEPULVEDA BL,PROMONTORY RD,150,N,N,C,-,N,,0,0,,,0,,,,Y,0,0,0,1,A,-,3,22350,,N,E,I,A,B,H,-,A,D,0,,,,,Y,,A,1,0,0,0,0,0,0,0,0,0,- ,- ,0,0,1500,1,LOS ANGELES,LOS ANGELES,CA,-118.4798969,34.10691452,"SEPULVEDA BLVD & PROMONTORY RD, LOS ANGELES, CA",SEPULVEDA BLVD,PROMONTORY RD,1811,
-118.3810622,34.22747421,56493,8792910,2019,2019-02-26T00:00:00.000Z,1942,2019-01-15T00:00:00.000Z,1400,26319,1673,2,5,7,1942,0,0,0,P,0,16A77,SAN FERNANDO RD,TUXFORD ST,0,,Y,A,-,N,,0,0,,,0,,,,Y,3,0,1,2,A,-,9,21801,A,N,B,C,A,A,H,-,A,A,0,,,,,Y,,D,22,0,1,0,0,0,0,0,0,0,- ,- ,0,0,1500,1,LOS ANGELES,LOS ANGELES,CA,-118.3810622,34.22747421,"SAN FERNANDO RD & TUXFORD ST, LOS ANGELES, CA",SAN FERNANDO RD,TUXFORD ST,109400,
-118.472412,34.22829437,56494,8792930,2019,2019-02-26T00:00:00.000Z,1942,2019-01-27T00:00:00.000Z,1225,40165,1981,7,5,7,1942,0,0,0,,0,19A61,PARTHENIA ST,ORION AV,115,W,N,A,-,N,,0,0,,,0,,,,Y,2,0,1,4,A,-,8,22107,,N,B,C,A,A,H,-,A,D,0,,,,,Y,,D,22,1,0,0,0,0,0,0,0,0,- ,- ,0,0,1500,1,LOS ANGELES,LOS ANGELES,CA,-118.472412,34.22829437,"PARTHENIA ST & ORION AVE, LOS ANGELES, CA",PARTHENIA ST,ORION AVE,126156,
-118.4438259,34.298069,56495,8792942,2019,2019-02-26T00:00:00.000Z,1942,2019-01-23T00:00:00.000Z,1420,26319,1925,3,5,7,1942,0,0,0,,0,19A1,HERRICK AV,BEAVER ST,80,S,N,A,-,N,,0,0,,,0,,,,N,4,0,1,2,A,-,8,22107,,N,B,C,A,A,H,-,A,D,0,,,,,Y,,D,22,0,0,1,0,0,0,0,0,0,- ,- ,0,0,1500,1,LOS ANGELES,LOS ANGELES,CA,-118.4438259,34.298069,"HERRICK AVE & BEAVER ST, LOS ANGELES, CA",HERRICK AVE,BEAVER ST,101660,
-118.5623322,34.24991226,56496,8792954,2019,2019-02-26T00:00:00.000Z,1942,2019-01-10T00:00:00.000Z,1235,36733,1763,4,5,7,1942,0,0,0,Q,0,17A23,CORBIN AV,LASSEN ST,27,S,N,A,-,N,,0,0,,,0,,,,Y,4,0,2,2,A,-,3,22350,,N,C,C,A,A,H,-,A,A,0,,,,,Y,,D,22,0,0,2,0,0,0,0,0,0,- ,- ,0,0,1500,1,LOS ANGELES,LOS ANGELES,CA,-118.5623322,34.24991226,"CORBIN AVE & LASSEN ST, LOS ANGELES, CA",CORBIN AVE,LASSEN ST,133768,
-118.6061122,34.24007034,56497,8793004,2019,2019-03-06T00:00:00.000Z,1942,2019-01-16T00:00:00.000Z,1335,26319,1761,3,5,7,1942,0,0,0,Q,0,17A23,TOPANGA CANYON BL,PRAIRIE ST,359,N,N,B,-,N,,0,0,,,0,,,,Y,4,0,2,2,A,-,3,22350,,N,B,C,A,B,H,-,A,A,0,,,,Y,Y,,A,1,0,0,2,0,0,0,0,0,0,- ,- ,0,0,1500,1,LOS ANGELES,LOS ANGELES,CA,-118.6061122,34.24007034,"TOPANGA CANYON BLVD & PRAIRIE ST, LOS ANGELES, CA",TOPANGA CANYON BLVD,PRAIRIE ST,140694,
-118.3661297,34.15037537,56498,8793015,2019,2019-02-22T00:00:00.000Z,1942,2019-01-11T00:00:00.000Z,1300,37080,1566,5,5,7,1942,0,0,0,O,0,15A67,MOORPARK ST,LANKERSHIM BL,72,W,N,A,-,N,,0,0,,,0,,,,N,0,0,0,3,A,-,8,22107,,N,D,C,A,A,H,-,A,-,0,,,,,Y,,A,1,0,0,0,0,0,0,0,0,0,- ,- ,0,0,1500,1,LOS ANGELES,LOS ANGELES,CA,-118.3661297,34.15037537,"MOORPARK ST & LANKERSHIM BLVD, LOS ANGELES, CA",MOORPARK ST,LANKERSHIM BLVD,143135,
-118.5338122,34.23548508,56499,8793216,2019,2019-02-27T00:00:00.000Z,1942,2019-01-15T00:00:00.000Z,1330,39575,1785,2,5,7,1942,0,0,0,Q,0,17A67,NORDHOFF ST,DARBY AV,0,,Y,C,-,N,,0,0,,,0,,,,N,4,0,1,2,A,-,10,21950,A,N,G,B,B,B,H,-,A,D,0,Y,,,,Y,,A,1,0,0,1,0,1,0,0,0,0,- ,- ,0,0,1500,1,LOS ANGELES,LOS ANGELES,CA,-118.5338122,34.23548508,"NORDHOFF ST & DARBY AVE, LOS ANGELES, CA",NORDHOFF ST,DARBY AVE,125867,
-118.5110322,34.26483536,56500,8793248,2019,2019-02-26T00:00:00.000Z,1942,2019-01-02T00:00:00.000Z,1425,40398,1745,3,5,7,1942,0,0,0,Q,0,17A49,CHATSWORTH ST,LOUISE AV,0,,Y,A,-,N,,0,0,,,0,,,,N,4,0,3,2,A,-,12,21453,A,N,D,C,A,A,H,-,A,A,0,,,,,Y,,A,1,0,0,3,0,0,0,0,0,0,- ,- ,0,0,1500,1,LOS ANGELES,LOS ANGELES,CA,-118.5110322,34.26483536,"CHATSWORTH ST & LOUISE AVE, LOS ANGELES, CA",CHATSWORTH ST,LOUISE AVE,105189,
-118.3114021,34.25783539,56501,8793287,2019,2019-02-27T00:00:00.000Z,1942,2019-01-15T00:00:00.000Z,1440,30830,1656,2,5,7,1942,0,0,0,P,0,16A35,WYNGATE ST,MCVINE AV,0,,Y,B,C,N,,0,0,,,0,,,,Y,4,0,1,2,A,-,9,21802,A,N,D,C,A,B,H,-,A,A,0,,,,,Y,,A,1,0,0,1,0,0,0,0,0,0,- ,- ,0,0,1500,1,LOS ANGELES,LOS ANGELES,CA,-118.3114021,34.25783539,"WYNGATE ST & MCVINE AVE, LOS ANGELES, CA",WYNGATE ST,MCVINE AVE,115582,
-118.5623322,34.25725555,56502,8793288,2019,2019-02-27T00:00:00.000Z,1942,2019-01-19T00:00:00.000Z,1220,39192,1763,6,5,7,1942,0,0,0,Q,0,17A23,CORBIN AV,DEVONSHIRE ST,0,,Y,A,-,N,,0,0,,,0,,,,Y,4,0,1,2,A,-,9,21801,A,N,D,C,A,A,H,-,A,D,0,,,,,Y,,A,1,0,0,1,0,0,0,0,0,0,- ,- ,0,0,1500,1,LOS ANGELES,LOS ANGELES,CA,-118.5623322,34.25725555,"CORBIN AVE & DEVONSHIRE ST, LOS ANGELES, CA",CORBIN AVE,DEVONSHIRE ST,126765,
-118.5234522,34.26854324,56503,8793300,2019,2019-02-27T00:00:00.000Z,1942,2019-01-17T00:00:00.000Z,1445,39281,1735,4,5,7,1942,0,0,0,Q,0,17A35,ZELZAH AV,TULSA ST,0,,Y,C,-,N,,0,0,,,0,,,,Y,4,0,2,2,A,-,9,21802,A,N,A,C,A,B,H,-,A,A,0,,,,,Y,,A,7,0,0,2,0,0,0,0,0,0,- ,- ,0,0,1500,1,LOS ANGELES,LOS ANGELES,CA,-118.5234522,34.26854324,"ZELZAH AVE & TULSA ST, LOS ANGELES, CA",ZELZAH AVE,TULSA ST,147413,
-118.5361222,34.27177429,56504,8793305,2019,2019-02-28T00:00:00.000Z,1942,2019-01-10T00:00:00.000Z,1420,43037,1767,4,5,7,1942,0,0,0,Q,0,17X7,RESEDA,SAN FERNANDO MISSION BL,0,,Y,A,-,N,,0,0,,,0,,,,Y,3,0,1,2,A,-,9,21801,A,N,B,C,A,A,H,-,A,A,0,,,,,Y,,A,1,0,1,0,0,0,0,0,0,0,- ,- ,0,0,1500,1,LOS ANGELES,LOS ANGELES,CA,-118.5361222,34.27177429,"RESEDA BLVD & SAN FERNANDO MISSION BLVD, LOS ANGELES, CA",RESEDA BLVD,SAN FERNANDO MISSION BLVD,126599,
-118.4141222,34.25080109,56505,8793307,2019,2019-02-27T00:00:00.000Z,1942,2019-01-21T00:00:00.000Z,1320,37637,1653,1,5,7,1942,0,0,0,P,0,16A11,OSBORNE ST,TELFAIR AV,467,W,N,A,-,N,,0,0,,,0,,,,Y,3,0,2,2,A,-,4,21703,,N,C,D,A,A,H,-,A,D,0,,,,,Y,Y,A,1,0,1,1,0,0,0,0,0,0,- ,- ,0,0,1500,1,LOS ANGELES,LOS ANGELES,CA,-118.4141222,34.25080109,"OSBORNE ST & TELFAIR AVE, LOS ANGELES, CA",OSBORNE ST,TELFAIR AVE,105534,
-118.440944,34.23535156,56506,8793316,2019,2019-02-27T00:00:00.000Z,1942,2019-01-07T00:00:00.000Z,1310,42775,1975,1,5,7,1942,0,0,0,,0,19A75,NORDHOFF ST,WOODMAN AV,155,W,N,A,-,N,,0,0,,,0,,,,Y,4,0,1,3,A,-,9,21804,A,N,C,C,A,A,H,-,A,D,0,,,,,Y,,A,1,0,0,1,0,0,0,0,0,0,- ,- ,0,0,1500,1,LOS ANGELES,LOS ANGELES,CA,-118.440944,34.23535156,"NORDHOFF ST & WOODMAN AVE, LOS ANGELES, CA",NORDHOFF ST,WOODMAN AVE,140315,
-118.5375064,34.25725174,56507,8793319,2019,2019-03-20T00:00:00.000Z,1942,2019-01-20T00:00:00.000Z,1320,40165,1754,7,5,7,1942,0,0,0,Q,0,17A35,DEVONSHIRE ST,RESEDA BL,419,W,N,A,-,N,,0,0,,,0,,,,Y,2,0,1,2,A,-,9,21804,A,N,D,C,A,A,H,-,A,D,0,,,Y,,Y,,A,1,1,0,0,0,0,0,0,0,1,- ,- ,0,0,1500,1,LOS ANGELES,LOS ANGELES,CA,-118.5375064,34.25725174,"DEVONSHIRE ST & RESEDA BLVD, LOS ANGELES, CA",DEVONSHIRE ST,RESEDA BLVD,132827,
-118.2827521,34.01112366,56508,8793322,2019,2019-02-27T00:00:00.000Z,1942,2019-01-30T00:00:00.000Z,1230,38503,398,3,5,7,1942,0,0,0,C,0,25TL27,W MARTIN LUTHER KING JR BL,S FIGUEROA ST,0,,Y,B,-,N,,0,0,,,0,,,,N,4,0,1,2,A,-,12,21453,A,N,B,G,A,A,H,-,A,A,0,,Y,,,Y,,L,4,0,0,1,0,0,0,1,0,0,- ,- ,0,0,1500,1,LOS ANGELES,LOS ANGELES,CA,-118.2827521,34.01112366,"MARTIN LUTHER KING JR BLVD & FIGUEROA ST, LOS ANGELES, CA",MARTIN LUTHER KING JR BLVD,FIGUEROA ST,148988,
-118.5472822,34.27549362,56509,8793323,2019,2019-02-27T00:00:00.000Z,1942,2019-01-08T00:00:00.000Z,1440,40574,1712,2,5,7,1942,0,0,0,Q,0,17A35,RINALDI ST,WILBUR AV,0,,Y,A,-,N,,0,0,,,0,,,,Y,3,0,1,2,A,-,9,21801,A,N,B,C,A,A,H,-,A,A,0,,,,,Y,,A,1,0,1,0,0,0,0,0,0,0,- ,- ,0,0,1500,1,LOS ANGELES,LOS ANGELES,CA,-118.5472822,34.27549362,"RINALDI ST & WILBUR AVE, LOS ANGELES, CA",RINALDI ST,WILBUR AVE,129789,
-118.2880512,33.72696304,56510,8793330,2019,2019-02-27T00:00:00.000Z,1942,2019-01-22T00:00:00.000Z,1435,41933,567,2,5,7,1942,0,0,0,E,0,25T22,19TH ST,PACIFIC AV,18,W,N,A,-,N,,0,0,,,0,,,,N,3,0,1,2,A,-,10,21950,A,N,G,B,B,A,H,-,A,A,0,Y,,,,Y,,A,7,0,1,0,0,1,0,0,0,0,- ,- ,0,0,1500,1,LOS ANGELES,LOS ANGELES,CA,-118.2880512,33.72696304,"19TH ST & PACIFIC AVE, LOS ANGELES, CA",19TH ST,PACIFIC AVE,138693,
-118.5885622,34.24272537,56511,8793331,2019,2019-02-27T00:00:00.000Z,1942,2019-01-30T00:00:00.000Z,1445,38947,1762,3,5,7,1942,0,0,0,Q,0,17A81,DE SOTO AV,PLUMMER ST,0,,Y,A,-,N,,0,0,,,0,,,,Y,4,0,2,2,A,-,9,21801,A,N,A,C,A,A,H,-,A,A,0,,,,,Y,,A,7,0,0,2,0,0,0,0,0,0,- ,- ,0,0,1500,1,LOS ANGELES,LOS ANGELES,CA,-118.5885622,34.24272537,"DE SOTO AVE & PLUMMER ST, LOS ANGELES, CA",DE SOTO AVE,PLUMMER ST,133727,