X,Y,OBJECTID,case_id,accident_year,proc_date,juris,collision_date,collision_time,officer_id,reporting_district,day_of_week,chp_shift,population,cnty_city_loc,special_cond,beat_type,chp_beat_type,city_division_lapd,chp_beat_class,beat_number,primary_rd,secondary_rd,distance,direction,intersection,weather_1,weather_2,state_hwy_ind,caltrans_county,caltrans_district,state_route,route_suffix,postmile_prefix,postmile,location_type,ramp_intersection,side_of_hwy,tow_away,collision_severity,number_killed,number_injured,party_count,primary_coll_factor,pcf_code_of_viol,pcf_viol_category,pcf_violation,pcf_viol_subsection,hit_and_run,type_of_collision,mviw,ped_action,road_surface,road_cond_1,road_cond_2,lighting,control_device,chp_road_type,pedestrian_accident,bicycle_accident,motorcycle_accident,truck_accident,not_private_property,alcohol_involved,stwd_vehtype_at_fault,chp_vehtype_at_fault,count_severe_inj,count_visible_inj,count_complaint_pain,count_ped_killed,count_ped_injured,count_bicyclist_killed,count_bicyclist_injured,count_mc_killed,count_mc_injured,primary_ramp,secondary_ramp,latitude,longitude,timecat,month_,city,county,state,point_x,point_y,match_addr,m_primaryrd,m_secondrd,int_id,Flag
-118.5885622,34.23722458,56512,8793335,2019,2019-02-27T00:00:00.000Z,1942,2019-01-28T00:00:00.000Z,1450,30830,1781,1,5,7,1942,0,0,0,Q,0,17A81,DE SOTO AV,DEARBORN ST,0,,Y,A,-,N,,0,0,,,0,,,,Y,3,0,2,2,A,-,9,21801,A,N,D,C,A,A,H,-,A,D,0,,,,,Y,,A,1,0,1,1,0,0,0,0,0,0,- ,- ,0,0,1500,1,LOS ANGELES,LOS ANGELES,CA,-118.5885622,34.23722458,"DE SOTO AVE & DEARBORN ST, LOS ANGELES, CA",DE SOTO AVE,DEARBORN ST,123268,
-118.4611322,34.22831345,56513,8793336,2019,2019-02-27T00:00:00.000Z,1942,2019-01-07T00:00:00.000Z,1250,40065,1983,1,5,7,1942,0,0,0,,0,19A61,PARTHENIA ST,NOBLE AV,0,,Y,A,-,N,,0,0,,,0,,,,Y,4,0,1,2,A,-,12,21453,A,N,D,C,A,A,H,-,A,A,0,,,,,Y,,A,1,0,0,1,0,0,0,0,0,0,- ,- ,0,0,1500,1,LOS ANGELES,LOS ANGELES,CA,-118.4611322,34.22831345,"PARTHENIA ST & NOBLE AVE, LOS ANGELES, CA",PARTHENIA ST,NOBLE AVE,130210,
-118.4677778,34.22826386,56514,8793345,2019,2019-03-14T00:00:00.000Z,1942,2019-01-29T00:00:00.000Z,1346,40574,1981,2,5,7,1942,0,0,0,,0,19A61,PARTHENIA ST,SEPULVEDA BL,35,W,N,A,-,N,,0,0,,,0,,,,N,4,0,1,2,A,-,3,22350,,N,C,C,A,A,H,-,A,A,0,,,,,Y,,A,1,0,0,1,0,0,0,0,0,0,- ,- ,0,0,1500,1,LOS ANGELES,LOS ANGELES,CA,-118.4677778,34.22826385,"PARTHENIA ST & SEPULVEDA BLVD, LOS ANGELES, CA",PARTHENIA ST,SEPULVEDA BLVD,136583,
-118.443602,34.24001312,56515,8793348,2019,2019-02-27T00:00:00.000Z,1942,2019-01-08T00:00:00.000Z,1430,42348,1967,2,5,7,1942,0,0,0,,0,19EL2,WOODMAN AV,TERRA BELLA ST,50,N,N,A,-,N,,0,0,,,0,,,,Y,3,0,1,2,A,-,3,22350,,N,C,C,A,A,H,-,A,A,0,,,,,Y,,A,1,0,1,0,0,0,0,0,0,0,- ,- ,0,0,1500,1,LOS ANGELES,LOS ANGELES,CA,-118.443602,34.24001312,"WOODMAN AVE & TERRA BELLA ST, LOS ANGELES, CA",WOODMAN AVE,TERRA BELLA ST,123019,
-118.5553022,34.26624298,56516,8793359,2019,2019-02-27T00:00:00.000Z,1942,2019-01-21T00:00:00.000Z,1330,38285,1727,1,5,7,1942,0,0,0,Q,0,17A35,TAMPA AV,CHATSWORTH ST,0,,Y,A,-,N,,0,0,,,0,,,,Y,3,0,2,2,A,-,9,21801,A,N,D,C,A,A,H,-,A,A,0,,,,,Y,,A,7,0,1,1,0,0,0,0,0,0,- ,- ,0,0,1500,1,LOS ANGELES,LOS ANGELES,CA,-118.5553022,34.26624298,"TAMPA AVE & CHATSWORTH ST, LOS ANGELES, CA",TAMPA AVE,CHATSWORTH ST,112630,
-118.4404522,34.22160339,56517,8793369,2019,2019-03-13T00:00:00.000Z,1942,2019-01-23T00:00:00.000Z,1335,37686,1998,3,5,7,1942,0,0,0,,0,19A93,ROSCOE BL,HAZELTINE AV,0,,Y,A,-,N,,0,0,,,0,,,,Y,4,0,2,2,A,-,12,21453,A,N,D,C,A,A,H,-,A,A,0,,,,,Y,,-,- ,0,0,2,0,0,0,0,0,0,- ,- ,0,0,1500,1,LOS ANGELES,LOS ANGELES,CA,-118.4404522,34.22160339,"ROSCOE BLVD & HAZELTINE AVE, LOS ANGELES, CA",ROSCOE BLVD,HAZELTINE AVE,143153,
-118.3953922,34.1903038,56518,8793426,2019,2019-03-11T00:00:00.000Z,1942,2019-01-11T00:00:00.000Z,1440,43559,1525,5,5,7,1942,0,0,0,O,0,15A21,KITTRIDGE ST,AGNES AV,0,,Y,A,-,N,,0,0,,,0,,,,N,4,0,3,2,A,-,9,21802,A,N,D,C,A,A,H,-,A,A,0,,,,,Y,,A,1,0,0,3,0,0,0,0,0,0,- ,- ,0,0,1500,1,LOS ANGELES,LOS ANGELES,CA,-118.3953922,34.1903038,"KITTRIDGE ST & AGNES AVE, LOS ANGELES, CA",KITTRIDGE ST,AGNES AVE,125665,
-118.3965322,34.22164536,56519,8793429,2019,2019-02-26T00:00:00.000Z,1942,2019-01-02T00:00:00.000Z,1425,43153,1684,3,5,7,1942,0,0,0,P,0,16X2,LAUREL CANYON,ROSCOE BL,0,,Y,A,-,N,,0,0,,,0,,,,Y,4,0,1,2,A,-,9,21801,A,N,D,C,A,A,-,-,A,A,0,,,,,Y,,A,7,0,0,1,0,0,0,0,0,0,- ,- ,0,0,1500,1,LOS ANGELES,LOS ANGELES,CA,-118.3965322,34.22164536,"LAUREL CANYON BLVD & ROSCOE BLVD, LOS ANGELES, CA",LAUREL CANYON BLVD,ROSCOE BLVD,118801,
-118.5975622,34.18286514,56520,8793465,2019,2019-02-25T00:00:00.000Z,1942,2019-01-13T00:00:00.000Z,1205,36733,2158,7,5,7,1942,0,0,0,,0,21A97,CANOGA AV,ERWIN ST,0,,Y,B,-,N,,0,0,,,0,,,,Y,4,0,2,2,A,-,9,21801,A,N,A,C,A,A,H,-,A,A,0,,,,,Y,,A,7,0,0,2,0,0,0,0,0,0,- ,- ,0,0,1500,1,LOS ANGELES,LOS ANGELES,CA,-118.5975622,34.18286514,"CANOGA AVE & ERWIN ST, LOS ANGELES, CA",CANOGA AVE,ERWIN ST,151260,
-118.6047963,34.27230454,56521,8793503,2019,2019-02-25T00:00:00.000Z,1942,2019-01-08T00:00:00.000Z,1425,35391,1721,2,5,7,1942,0,0,0,Q,0,35M29,TOPANGA CANYON BL,SANTA SUSANA PASS RD,15,N,N,A,-,N,,0,0,,,0,,,,N,0,0,0,3,A,-,3,22350,,M,C,C,A,A,H,-,A,A,0,,,,,Y,,-,99,0,0,0,0,0,0,0,0,0,- ,- ,0,0,1500,1,LOS ANGELES,LOS ANGELES,CA,-118.6047963,34.27230453,"TOPANGA CANYON BLVD & SANTA SUSANA PASS RD, LOS ANGELES, CA",TOPANGA CANYON BLVD,SANTA SUSANA PASS RD,98295,
-118.3142313,34.09075165,56523,8793890,2019,2019-02-27T00:00:00.000Z,1942,2019-01-19T00:00:00.000Z,1240,43527,657,6,5,7,1942,0,0,0,F,0,6A67,SANTA MONICA BL,WILTON PL,200,W,N,A,-,N,,0,0,,,0,,,,N,0,0,0,3,A,-,7,21658,A,M,B,C,A,A,H,-,A,A,0,,,,,Y,,-,99,0,0,0,0,0,0,0,0,0,- ,- ,0,0,1500,1,LOS ANGELES,LOS ANGELES,CA,-118.3142313,34.09075165,"SANTA MONICA BLVD & WILTON PL, LOS ANGELES, CA",SANTA MONICA BLVD,WILTON PL,97026,
-118.2744037,33.78189087,56524,8793920,2019,2019-03-07T00:00:00.000Z,1942,2019-01-25T00:00:00.000Z,1440,36659,514,5,5,7,1942,0,0,0,,0,5A15,WILMINGTON BL,OPP ST,130,S,N,A,-,N,,0,0,,,0,,,,Y,0,0,0,2,A,-,3,22350,,N,C,C,A,A,H,-,A,D,0,,,,,Y,,A,1,0,0,0,0,0,0,0,0,0,- ,- ,0,0,1500,1,LOS ANGELES,LOS ANGELES,CA,-118.2744037,33.78189087,"WILMINGTON BLVD & OPP ST, LOS ANGELES, CA",WILMINGTON BLVD,OPP ST,145406,
-118.2544772,34.05511093,56525,8795484,2019,2019-05-02T00:00:00.000Z,1942,2019-01-07T00:00:00.000Z,1225,34853,142,1,5,7,1942,0,0,0,A,0,2A91,3RD ST,FIGUEROA ST,0,,Y,A,-,N,,0,0,,,0,,,,N,4,0,1,2,A,-,12,21453,A,M,D,D,A,A,H,-,A,A,0,,,,,Y,,-,99,0,0,1,0,0,0,0,0,0,- ,- ,0,0,1500,1,LOS ANGELES,LOS ANGELES,CA,-118.2544772,34.05511093,"3RD ST & FIGUEROA ST, LOS ANGELES, CA",3RD ST,FIGUEROA ST,121138,
-118.4303021,34.20941925,56526,8795588,2019,2019-02-08T00:00:00.000Z,1942,2019-01-11T00:00:00.000Z,1315,37080,1998,5,5,7,1942,0,0,0,,0,19A93,SATICOY ST,WOODMAN AV,200,E,N,A,-,N,,0,0,,,0,,,,N,0,0,0,2,A,-,5,21460,A,M,B,C,A,A,H,-,A,A,0,,,,,Y,,-,99,0,0,0,0,0,0,0,0,0,- ,- ,0,0,1500,1,LOS ANGELES,LOS ANGELES,CA,-118.4303021,34.20941925,"SATICOY ST & WOODMAN AVE, LOS ANGELES, CA",SATICOY ST,WOODMAN AVE,146748,
-118.34893,34.21348572,56527,8795669,2019,2019-02-08T00:00:00.000Z,1942,2019-01-21T00:00:00.000Z,1425,40165,1677,1,5,7,1942,0,0,0,P,0,16A77,GLENOAKS BL,HOLLYWOOD WY,5,S,N,A,-,N,,0,0,,,0,,,,N,0,0,0,2,A,-,8,22107,,M,B,G,A,A,H,-,A,D,0,,Y,,,Y,,-,99,0,0,0,0,0,0,0,0,0,- ,- ,0,0,1500,1,LOS ANGELES,LOS ANGELES,CA,-118.34893,34.21348572,"GLENOAKS BLVD & HOLLYWOOD WAY, LOS ANGELES, CA",GLENOAKS BLVD,HOLLYWOOD WAY,144235,
-118.2387321,34.06442642,56528,8795678,2019,2019-02-27T00:00:00.000Z,1942,2019-01-16T00:00:00.000Z,1205,37335,111,3,5,7,1942,0,0,0,A,0,2A42W4,HILL ST,COLLEGE ST,0,,Y,C,-,N,,0,0,,,0,,,,N,0,0,0,2,A,-,3,22350,,F,B,C,A,B,H,-,A,A,0,,,,,Y,,-,99,0,0,0,0,0,0,0,0,0,- ,- ,0,0,1500,1,LOS ANGELES,LOS ANGELES,CA,-118.2387321,34.06442642,"HILL ST & COLLEGE ST, LOS ANGELES, CA",HILL ST,COLLEGE ST,122028,
-118.2840095,33.93824005,56529,8796065,2019,2019-02-21T00:00:00.000Z,1942,2019-01-12T00:00:00.000Z,1415,37146,1841,6,5,7,1942,0,0,0,R,0,25T22,W 108TH ST,DENVER AV,250,E,N,B,C,N,,0,0,,,0,,,,N,0,0,0,1,C,-,18,0,,N,H,J,A,B,H,-,A,A,0,,,,,Y,,-,- ,0,0,0,0,0,0,0,0,0,- ,- ,0,0,1500,1,LOS ANGELES,LOS ANGELES,CA,-118.2840095,33.93824005,"108TH ST & DENVER AVE, LOS ANGELES, CA",108TH ST,DENVER AVE,110206,
-118.2072321,34.05651474,56530,8796223,2019,2019-02-12T00:00:00.000Z,1942,2019-01-08T00:00:00.000Z,1430,37952,445,2,5,7,1942,0,0,0,D,0,4A15,MARENGO ST,N CUMMINGS ST,0,,Y,A,-,N,,0,0,,,0,,,,N,0,0,0,2,A,-,9,21804,A,N,A,C,A,A,H,-,A,D,0,,,,,Y,,J,48,0,0,0,0,0,0,0,0,0,- ,- ,0,0,1500,1,LOS ANGELES,LOS ANGELES,CA,-118.2072321,34.05651474,"MARENGO ST & CUMMINGS ST, LOS ANGELES, CA",MARENGO ST,CUMMINGS ST,128183,
-118.3346394,34.01092529,56531,8796236,2019,2019-02-11T00:00:00.000Z,1942,2019-01-24T00:00:00.000Z,1400,39203,393,4,5,7,1942,0,0,0,C,0,3A99,MARTIN LUTHER KING BL,CRENSHAW BL,150,E,N,A,-,N,,0,0,,,0,,,,N,4,0,1,2,A,-,11,21954,A,N,G,B,E,A,H,-,A,A,0,Y,,,,Y,Y,N,60,0,0,1,0,1,0,0,0,0,- ,- ,0,0,1500,1,LOS ANGELES,LOS ANGELES,CA,-118.3346394,34.01092529,"MARTIN LUTHER KING JR BLVD & CRENSHAW BLVD, LOS ANGELES, CA",MARTIN LUTHER KING JR BLVD,CRENSHAW BLVD,148016,
-118.3078377,34.05522919,56532,8796246,2019,2019-02-15T00:00:00.000Z,1942,2019-01-02T00:00:00.000Z,1305,41671,2033,3,5,7,1942,0,0,0,,0,20A33,S OXFORD AV,JAMES M WOOD BL,228,S,N,A,-,N,,0,0,,,0,,,,Y,0,0,0,2,A,-,6,21750,A,N,B,C,A,A,H,-,A,D,0,,,,,Y,,A,1,0,0,0,0,0,0,0,0,0,- ,- ,0,0,1500,1,LOS ANGELES,LOS ANGELES,CA,-118.3078377,34.05522919,"OXFORD AVE & JAMES M WOOD BLVD, LOS ANGELES, CA",OXFORD AVE,JAMES M WOOD BLVD,99957,
-118.4443621,34.18665314,56533,8796386,2019,2019-02-27T00:00:00.000Z,1942,2019-01-03T00:00:00.000Z,1430,41158,935,4,5,7,1942,0,0,0,I,0,9A41,VICTORY BL,TYRONE AV,0,,Y,A,-,N,,0,0,,,0,,,,Y,4,0,2,2,A,-,12,21453,A,N,D,C,A,A,H,-,A,A,0,,,,,Y,,A,1,0,0,2,0,0,0,0,0,0,- ,- ,0,0,1500,1,LOS ANGELES,LOS ANGELES,CA,-118.4443621,34.18665314,"VICTORY BLVD & TYRONE AVE, LOS ANGELES, CA",VICTORY BLVD,TYRONE AVE,111578,
-118.1947102,34.07670212,56534,8796391,2019,2019-02-28T00:00:00.000Z,1942,2019-01-07T00:00:00.000Z,1225,40289,424,1,5,7,1942,0,0,0,D,0,4A15,N MISSION RD,SUPERIOR CT,45,N,N,A,-,N,,0,0,,,0,,,,N,0,0,0,2,A,-,8,22107,,N,B,C,A,A,H,-,A,D,0,,,,Y,Y,,F,26,0,0,0,0,0,0,0,0,0,- ,- ,0,0,1500,1,LOS ANGELES,LOS ANGELES,CA,-118.1947102,34.07670212,"MISSION RD & SUPERIOR CT, LOS ANGELES, CA",MISSION RD,SUPERIOR CT,132246,
-118.2564821,33.96853256,56536,8796754,2019,2019-03-04T00:00:00.000Z,1942,2019-01-31T00:00:00.000Z,1245,37961,1259,4,5,7,1942,0,0,0,L,0,12A39,CENTRAL AV,78TH ST,25,N,N,C,-,N,,0,0,,,0,,,,N,0,0,0,2,A,-,8,22102,,N,B,C,A,B,H,-,A,D,0,,,,,Y,,J,48,0,0,0,0,0,0,0,0,0,- ,- ,0,0,1500,1,LOS ANGELES,LOS ANGELES,CA,-118.2564821,33.96853256,"CENTRAL AVE & 78TH ST, LOS ANGELES, CA",CENTRAL AVE,78TH ST,134556,
-118.2784708,34.00196457,56537,8796803,2019,2019-02-13T00:00:00.000Z,1942,2019-01-04T00:00:00.000Z,1245,37540,1361,5,5,7,1942,0,0,0,M,0,13A61,W 46TH ST,BROADWAY,33,W,N,A,-,N,,0,0,,,0,,,,N,0,0,0,2,A,-,21,22106,,M,C,C,A,A,H,-,A,D,0,,,,,Y,,-,99,0,0,0,0,0,0,0,0,0,- ,- ,0,0,1500,1,LOS ANGELES,LOS ANGELES,CA,-118.2784708,34.00196457,"46TH ST & BROADWAY, LOS ANGELES, CA",46TH ST,BROADWAY,127940,
-118.468701,34.0595398,56538,8796827,2019,2019-02-14T00:00:00.000Z,1942,2019-01-12T00:00:00.000Z,1315,37740,827,6,5,7,1942,0,0,0,H,0,8A13,BARRINGTON AV,DUNSTAN WY,200,N,N,B,-,N,,0,0,,,0,,,,N,0,0,0,2,A,-,3,22350,,M,C,C,A,A,H,-,A,D,0,,,,,Y,,-,99,0,0,0,0,0,0,0,0,0,- ,- ,0,0,1500,1,LOS ANGELES,LOS ANGELES,CA,-118.468701,34.05953979,"BARRINGTON AVE & DUNSTAN WAY, LOS ANGELES, CA",BARRINGTON AVE,DUNSTAN WAY,144862,
-118.2646036,34.00387955,56539,8796843,2019,2019-02-13T00:00:00.000Z,1942,2019-01-04T00:00:00.000Z,1420,36460,1352,5,5,7,1942,0,0,0,M,0,13A61,E VERNON AV,AVALON,200,E,N,A,-,N,,0,0,,,0,,,,N,0,0,0,2,A,-,8,22107,,M,B,C,A,A,H,-,A,A,0,,,,,Y,,-,99,0,0,0,0,0,0,0,0,0,- ,- ,0,0,1500,1,LOS ANGELES,LOS ANGELES,CA,-118.2646036,34.00387955,"VERNON AVE & AVALON BLVD, LOS ANGELES, CA",VERNON AVE,AVALON BLVD,124415,
-118.2444513,34.00391007,56540,8796859,2019,2019-02-13T00:00:00.000Z,1942,2019-01-07T00:00:00.000Z,1330,36238,1367,1,5,7,1942,0,0,0,M,0,13A75,E VERNON AV,HONDURAS ST,100,W,N,B,-,N,,0,0,,,0,,,,N,0,0,0,2,A,-,3,22350,,M,B,E,A,A,H,-,A,D,0,,,,,Y,,-,99,0,0,0,0,0,0,0,0,0,- ,- ,0,0,1500,1,LOS ANGELES,LOS ANGELES,CA,-118.2444513,34.00391006,"VERNON AVE & HONDURAS ST, LOS ANGELES, CA",VERNON AVE,HONDURAS ST,145525,
-118.2652621,34.00387573,56541,8796875,2019,2019-02-13T00:00:00.000Z,1942,2019-01-12T00:00:00.000Z,1300,43036,1353,6,5,7,1942,0,0,0,M,0,13X71W,AVALON BL,VERNON AV,0,,Y,B,-,N,,0,0,,,0,,,,N,0,0,0,2,A,-,9,21801,A,M,A,C,A,A,H,-,A,A,0,,,,,Y,,-,99,0,0,0,0,0,0,0,0,0,- ,- ,0,0,1500,1,LOS ANGELES,LOS ANGELES,CA,-118.2652621,34.00387573,"AVALON BLVD & VERNON AVE, LOS ANGELES, CA",AVALON BLVD,VERNON AVE,124415,
-118.1683248,34.07448578,56542,8797042,2019,2019-02-14T00:00:00.000Z,1942,2019-01-17T00:00:00.000Z,1440,33950,439,4,5,7,1942,0,0,0,D,0,4A9,VALLEY BL,BORLAND ST,75,W,N,B,C,N,,0,0,,,0,,,,Y,4,0,1,3,A,-,3,22350,,N,F,E,A,B,H,-,A,A,0,,,,,Y,,A,7,0,0,1,0,0,0,0,0,0,- ,- ,0,0,1500,1,LOS ANGELES,LOS ANGELES,CA,-118.1683248,34.07448578,"VALLEY BLVD & BORLAND RD, LOS ANGELES, CA",VALLEY BLVD,BORLAND RD,114890,
-118.3225784,33.99317551,56543,8797057,2019,2019-02-14T00:00:00.000Z,1942,2019-01-30T00:00:00.000Z,1230,39745,1211,3,5,7,1942,0,0,0,L,0,12A31,W 54TH ST,5TH AV,11,W,N,A,-,N,,0,0,,,0,,,,N,4,0,2,2,A,-,4,21703,,N,C,C,A,A,H,-,A,A,0,,,,,Y,,A,7,0,0,2,0,0,0,0,0,0,- ,- ,0,0,1500,1,LOS ANGELES,LOS ANGELES,CA,-118.3225784,33.99317551,"54TH ST & 5TH AVE, LOS ANGELES, CA",54TH ST,5TH AVE,110068,
-118.2586622,33.99661636,56544,8797077,2019,2019-02-14T00:00:00.000Z,1942,2019-01-12T00:00:00.000Z,1440,40099,1363,6,5,7,1942,0,0,0,M,0,13A61,E 51ST ST,WADSWORTH AV,0,,Y,A,-,N,,0,0,,,0,,,,N,4,0,1,2,A,-,9,21802,A,N,D,C,A,A,H,-,A,A,0,,,,,Y,,A,1,0,0,1,0,0,0,0,0,0,- ,- ,0,0,1500,1,LOS ANGELES,LOS ANGELES,CA,-118.2586622,33.99661636,"51ST ST & WADSWORTH AVE, LOS ANGELES, CA",51ST ST,WADSWORTH AVE,103404,
-118.3151397,34.00005341,56545,8797089,2019,2019-02-14T00:00:00.000Z,1942,2019-01-27T00:00:00.000Z,1320,35197,1203,7,5,7,1942,0,0,0,L,0,12A3,48TH ST,WILTON PL,60,W,N,A,-,N,,0,0,,,0,,,,,2,0,1,2,A,-,3,22350,,N,D,E,A,A,H,-,A,-,0,,,,,Y,,A,1,1,0,0,0,0,0,0,0,0,- ,- ,0,0,1500,1,LOS ANGELES,LOS ANGELES,CA,-118.3151397,34.00005341,"48TH ST & WILTON PL, LOS ANGELES, CA",48TH ST,WILTON PL,145471,
-118.3144921,34.04717636,56546,8797099,2019,2019-02-19T00:00:00.000Z,1942,2019-01-16T00:00:00.000Z,1230,42656,2062,3,5,7,1942,0,0,0,,0,20A53,WILTON PL,PICO BL,0,,Y,C,-,N,,0,0,,,0,,,,N,4,0,1,2,A,-,10,21950,A,N,G,B,B,B,H,-,A,A,0,Y,,,,Y,,A,7,0,0,1,0,1,0,0,0,0,- ,- ,0,0,1500,1,LOS ANGELES,LOS ANGELES,CA,-118.3144921,34.04717636,"WILTON PL & PICO BLVD, LOS ANGELES, CA",WILTON PL,PICO BLVD,99972,
-118.3003221,33.96938324,56547,8797100,2019,2019-02-19T00:00:00.000Z,1942,2019-01-07T00:00:00.000Z,1310,43521,12A39,1,5,7,1942,0,0,0,L,0,12A57,NORMANDIE AV,78TH ST,0,,Y,B,-,N,,0,0,,,0,,,,,3,0,2,2,A,-,3,22350,,M,A,C,A,A,-,-,A,D,0,,,,,Y,,A,7,0,2,0,0,0,0,0,0,0,- ,- ,0,0,1500,1,LOS ANGELES,LOS ANGELES,CA,-118.3003221,33.96938324,"NORMANDIE AVE & 78TH ST, LOS ANGELES, CA",NORMANDIE AVE,78TH ST,110096,
-118.2652386,33.99246597,56548,8797101,2019,2019-02-14T00:00:00.000Z,1942,2019-01-13T00:00:00.000Z,1450,40882,1373,7,5,7,1942,0,0,0,M,0,13A13,55TH ST,AVALON BL,5,W,N,A,-,N,,0,0,,,0,,,,N,4,0,1,2,A,-,21,22106,,N,C,C,A,A,H,-,A,D,0,,,,,Y,,A,1,0,0,1,0,0,0,0,0,0,- ,- ,0,0,1500,1,LOS ANGELES,LOS ANGELES,CA,-118.2652386,33.99246597,"55TH ST & AVALON BLVD, LOS ANGELES, CA",55TH ST,AVALON BLVD,99566,
-118.2499221,34.02516556,56549,8797113,2019,2019-02-14T00:00:00.000Z,1942,2019-01-13T00:00:00.000Z,1350,41847,1317,7,5,7,1942,0,0,0,M,0,,CENTRAL AV,18TH ST,0,,Y,A,-,N,,0,0,,,0,,,,N,4,0,2,2,A,-,8,22107,,N,B,C,A,A,H,-,A,D,0,,,,,Y,,A,1,0,0,2,0,0,0,0,0,0,- ,- ,0,0,1500,1,LOS ANGELES,LOS ANGELES,CA,-118.2499221,34.02516556,"CENTRAL AVE & 18TH ST, LOS ANGELES, CA",CENTRAL AVE,18TH ST,113858,
-118.3091284,34.06114578,56550,8797134,2019,2019-03-18T00:00:00.000Z,1942,2019-01-03T00:00:00.000Z,1305,42232,2031,4,5,7,1942,0,0,0,,0,20A1,WESTERN AV,WILSHIRE BL,200,S,N,A,-,N,,0,0,,,0,,,,Y,4,0,1,2,A,-,9,21801,,N,B,C,A,A,H,-,A,D,0,,,,,Y,,A,1,0,0,1,0,0,0,0,0,0,- ,- ,0,0,1500,1,LOS ANGELES,LOS ANGELES,CA,-118.3091284,34.06114578,"WESTERN AVE & WILSHIRE BLVD, LOS ANGELES, CA",WESTERN AVE,WILSHIRE BLVD,140747,
-118.3002822,33.95999527,56551,8797141,2019,2019-02-20T00:00:00.000Z,1942,2019-01-09T00:00:00.000Z,1225,42962,1265,3,5,7,1942,0,0,0,L,0,12A73,MANCHESTER AV,NORMANDIE AV,0,,Y,A,-,N,,0,0,,,0,,,,Y,4,0,1,2,A,-,12,21453,A,N,D,C,A,A,H,-,A,A,0,,,,,Y,,A,1,0,0,1,0,0,0,0,0,0,- ,- ,0,0,1500,1,LOS ANGELES,LOS ANGELES,CA,-118.3002822,33.95999527,"MANCHESTER AVE & NORMANDIE AVE, LOS ANGELES, CA",MANCHESTER AVE,NORMANDIE AVE,145280,
-118.3225511,34.0545044,56552,8797153,2019,2019-02-20T00:00:00.000Z,1942,2019-01-04T00:00:00.000Z,1304,34959,2041,5,5,7,1942,0,0,0,,0,20A53,OLYMPIC BL,CRENSHAW BL,142,E,N,A,-,N,,0,0,,,0,,,,Y,4,0,2,2,A,-,3,22350,,N,C,C,A,A,H,-,A,D,0,,,,,Y,,A,1,0,0,2,0,0,0,0,0,0,- ,- ,0,0,1500,1,LOS ANGELES,LOS ANGELES,CA,-118.3225511,34.05450439,"OLYMPIC BLVD & CRENSHAW BLVD, LOS ANGELES, CA",OLYMPIC BLVD,CRENSHAW BLVD,134960,
-118.4449077,33.96172714,56553,8797174,2019,2019-02-15T00:00:00.000Z,1942,2019-01-12T00:00:00.000Z,1435,42685,1462,6,5,7,1942,0,0,0,N,0,8A59,CULVER BL,NICHOLSON ST,0,,Y,A,-,N,,0,0,,,0,,,,Y,2,0,1,2,A,-,9,21801,,N,A,C,A,A,H,-,A,A,0,,,Y,,Y,,A,1,1,0,0,0,0,0,0,0,1,- ,- ,0,0,1500,1,LOS ANGELES,LOS ANGELES,CA,-118.4449077,33.96172714,"CULVER BLVD & NICHOLSON ST, LOS ANGELES, CA",CULVER BLVD,NICHOLSON ST,123134,
-118.3078521,34.06174851,56554,8797193,2019,2019-02-20T00:00:00.000Z,1942,2019-01-10T00:00:00.000Z,1340,31465,2033,4,5,7,1942,0,0,0,,0,20A33,OXFORD AV,WILSHIRE BL,20,N,N,A,-,N,,0,0,,,0,,,,N,4,0,1,2,A,-,3,22350,,N,C,C,A,A,H,-,A,A,0,,,,,Y,,A,1,0,0,1,0,0,0,0,0,0,- ,- ,0,0,1500,1,LOS ANGELES,LOS ANGELES,CA,-118.3078521,34.0617485,"OXFORD AVE & WILSHIRE BLVD, LOS ANGELES, CA",OXFORD AVE,WILSHIRE BLVD,109204,
-118.29046,34.07313538,56555,8797197,2019,2019-02-20T00:00:00.000Z,1942,2019-01-14T00:00:00.000Z,1325,31465,2019,1,5,7,1942,0,0,0,,0,20A39,1ST ST,BIMINI PL,30,E,N,C,-,N,,0,0,,,0,,,,N,4,0,1,2,A,-,4,21703,,N,C,C,A,B,H,-,A,D,0,,,,,Y,,A,1,0,0,1,0,0,0,0,0,0,- ,- ,0,0,1500,1,LOS ANGELES,LOS ANGELES,CA,-118.29046,34.07313538,"1ST ST & BIMINI PL, LOS ANGELES, CA",1ST ST,BIMINI PL,118296,
-118.3009322,34.05971527,56556,8797312,2019,2019-02-25T00:00:00.000Z,1942,2019-01-14T00:00:00.000Z,1420,40452,2035,1,5,7,1942,0,0,0,,0,20A45,W 7TH ST,IROLO ST,0,,Y,C,-,N,,0,0,,,0,,,,N,4,0,1,2,A,-,12,21453,A,N,G,B,B,B,H,-,A,A,0,Y,,,,Y,,D,22,0,0,1,0,1,0,0,0,0,- ,- ,0,0,1500,1,LOS ANGELES,LOS ANGELES,CA,-118.3009322,34.05971527,"7TH ST & IROLO ST, LOS ANGELES, CA",7TH ST,IROLO ST,121093,
-118.1938363,34.04084778,56557,8797362,2019,2019-02-20T00:00:00.000Z,1942,2019-01-04T00:00:00.000Z,1415,37908,459,5,5,7,1942,0,0,0,D,0,4A97,BERNAL AV,CESAR CHAVEZ AV,80,N,N,A,-,N,,0,0,,,0,,,,N,0,0,0,1,C,-,18,0,,N,H,I,A,A,H,-,A,D,0,,,,Y,Y,,-,- ,0,0,0,0,0,0,0,0,0,- ,- ,0,0,1500,1,LOS ANGELES,LOS ANGELES,CA,-118.1938363,34.04084778,"BERNAL AVE & CESAR E CHAVEZ AVE, LOS ANGELES, CA",BERNAL AVE,CESAR E CHAVEZ AVE,117603,