X,Y,OBJECTID,case_id,accident_year,proc_date,juris,collision_date,collision_time,officer_id,reporting_district,day_of_week,chp_shift,population,cnty_city_loc,special_cond,beat_type,chp_beat_type,city_division_lapd,chp_beat_class,beat_number,primary_rd,secondary_rd,distance,direction,intersection,weather_1,weather_2,state_hwy_ind,caltrans_county,caltrans_district,state_route,route_suffix,postmile_prefix,postmile,location_type,ramp_intersection,side_of_hwy,tow_away,collision_severity,number_killed,number_injured,party_count,primary_coll_factor,pcf_code_of_viol,pcf_viol_category,pcf_violation,pcf_viol_subsection,hit_and_run,type_of_collision,mviw,ped_action,road_surface,road_cond_1,road_cond_2,lighting,control_device,chp_road_type,pedestrian_accident,bicycle_accident,motorcycle_accident,truck_accident,not_private_property,alcohol_involved,stwd_vehtype_at_fault,chp_vehtype_at_fault,count_severe_inj,count_visible_inj,count_complaint_pain,count_ped_killed,count_ped_injured,count_bicyclist_killed,count_bicyclist_injured,count_mc_killed,count_mc_injured,primary_ramp,secondary_ramp,latitude,longitude,timecat,month_,city,county,state,point_x,point_y,match_addr,m_primaryrd,m_secondrd,int_id,Flag
-118.4477775,33.99027252,56558,8797383,2019,2019-02-19T00:00:00.000Z,1942,2019-01-19T00:00:00.000Z,1420,41179,1444,6,5,7,1942,0,0,0,N,0,14A45,LINCOLN BL,WASHINGTON BL,78,S,N,A,-,N,,0,0,,,0,,,,N,4,0,1,4,A,-,7,21658,A,N,B,C,A,A,H,-,A,A,0,,,Y,,Y,,A,1,0,0,1,0,0,0,0,0,1,- ,- ,0,0,1500,1,LOS ANGELES,LOS ANGELES,CA,-118.4477775,33.99027252,"LINCOLN BLVD & WASHINGTON BLVD, LOS ANGELES, CA",LINCOLN BLVD,WASHINGTON BLVD,109444,
-118.3556021,34.01831436,56559,8797384,2019,2019-02-20T00:00:00.000Z,1942,2019-01-28T00:00:00.000Z,1200,42379,361,1,5,7,1942,0,0,0,C,0,03A,LA BREA AV,COLISEUM ST,0,,Y,A,-,N,,0,0,,,0,,,,N,4,0,1,2,A,-,12,21453,A,N,B,C,A,A,H,-,A,A,0,,,,,Y,,D,22,0,0,1,0,0,0,0,0,0,- ,- ,0,0,1500,1,LOS ANGELES,LOS ANGELES,CA,-118.3556021,34.01831436,"LA BREA AVE & COLISEUM ST, LOS ANGELES, CA",LA BREA AVE,COLISEUM ST,119588,
-118.4123121,33.97998428,56560,8797391,2019,2019-02-19T00:00:00.000Z,1942,2019-01-03T00:00:00.000Z,1220,40452,1464,4,5,7,1942,0,0,0,N,0,14A45,W JEFFERSON BL,GROSVENOR BL,0,,Y,A,-,N,,0,0,,,0,,,,Y,3,0,1,3,A,-,12,21453,A,N,D,C,A,A,H,-,A,A,0,,,,,Y,,A,1,0,1,0,0,0,0,0,0,0,- ,- ,0,0,1500,1,LOS ANGELES,LOS ANGELES,CA,-118.4123121,33.97998428,"JEFFERSON BLVD & GROSVENOR BLVD, LOS ANGELES, CA",JEFFERSON BLVD,GROSVENOR BLVD,109443,
-118.2777166,33.9746666,56561,8797411,2019,2019-02-20T00:00:00.000Z,1942,2019-01-11T00:00:00.000Z,1325,37505,1373,5,5,7,1942,0,0,0,M,0,13A85,FLORENCE AV,E BROADWAY,187,E,N,A,-,N,,0,0,,,0,,,,N,4,0,1,2,A,-,4,21703,,F,C,C,A,A,H,-,A,D,0,,,,,Y,,-,99,0,0,1,0,0,0,0,0,0,- ,- ,0,0,1500,1,LOS ANGELES,LOS ANGELES,CA,-118.2777166,33.9746666,"FLORENCE AVE & BROADWAY, LOS ANGELES, CA",FLORENCE AVE,BROADWAY,110084,
-118.2254421,34.04216385,56562,8797427,2019,2019-02-20T00:00:00.000Z,1942,2019-01-20T00:00:00.000Z,1340,37908,471,7,5,7,1942,0,0,0,D,0,4A53,ANDERSON ST,4TH ST,0,,Y,A,-,N,,0,0,,,0,,,,,3,0,2,3,A,-,12,21453,A,N,D,C,A,A,H,-,A,A,0,,,,,Y,,A,1,0,2,0,0,0,0,0,0,0,- ,- ,0,0,1500,1,LOS ANGELES,LOS ANGELES,CA,-118.2254421,34.04216385,"ANDERSON ST & 4TH ST, LOS ANGELES, CA",ANDERSON ST,4TH ST,116212,
-118.2121021,34.03276444,56563,8797535,2019,2019-02-11T00:00:00.000Z,1942,2019-01-01T00:00:00.000Z,1200,31324,477,2,5,7,1942,0,0,0,D,0,4A71,WHITTIER BL,ORME AV,0,,Y,A,-,N,,0,0,,,0,,,,N,4,0,2,2,A,-,9,21801,A,N,D,C,A,A,H,-,A,D,0,,,,,Y,,A,7,0,0,2,0,0,0,0,0,0,- ,- ,0,0,1500,1,LOS ANGELES,LOS ANGELES,CA,-118.2121021,34.03276443,"WHITTIER BLVD & ORME AVE, LOS ANGELES, CA",WHITTIER BLVD,ORME AVE,137193,
-118.3281751,33.99281311,56564,8797814,2019,2019-02-11T00:00:00.000Z,1942,2019-01-25T00:00:00.000Z,1245,33599,1211,5,5,7,1942,0,0,0,L,0,12A31,10TH AV,54TH ST,124,S,N,A,-,N,,0,0,,,0,,,,N,3,0,1,2,A,-,11,21954,A,N,G,B,E,A,H,-,A,D,0,Y,,,,Y,,N,60,0,1,0,0,1,0,0,0,0,- ,- ,0,0,1500,1,LOS ANGELES,LOS ANGELES,CA,-118.3281751,33.99281311,"10TH AVE & 54TH ST, LOS ANGELES, CA",10TH AVE,54TH ST,117073,
-118.3002021,34.00117111,56565,8797818,2019,2019-02-11T00:00:00.000Z,1942,2019-01-26T00:00:00.000Z,1325,33599,1204,6,5,7,1942,0,0,0,L,0,12A3,NORMANDIE AV,47TH ST,57,N,N,A,-,N,,0,0,,,0,,,,N,3,0,2,3,A,-,5,21650,,N,H,G,A,A,H,-,A,A,0,,Y,,,Y,,L,4,0,2,0,0,0,0,1,0,0,- ,- ,0,0,1500,1,LOS ANGELES,LOS ANGELES,CA,-118.3002021,34.00117111,"NORMANDIE AVE & 47TH ST, LOS ANGELES, CA",NORMANDIE AVE,47TH ST,138359,
-118.3866422,34.19394302,56566,8797829,2019,2019-02-11T00:00:00.000Z,1942,2019-01-26T00:00:00.000Z,1440,39473,1516,6,5,7,1942,0,0,0,O,0,15A27,TROOST AV,VANOWEN ST,0,,Y,A,-,N,,0,0,,,0,,,,Y,2,0,1,2,A,-,9,21802,A,N,D,C,A,A,H,-,A,A,0,,,Y,,Y,,A,1,1,0,0,0,0,0,0,0,1,- ,- ,0,0,1500,1,LOS ANGELES,LOS ANGELES,CA,-118.3866422,34.19394302,"TROOST AVE & VANOWEN ST, LOS ANGELES, CA",TROOST AVE,VANOWEN ST,118775,
-118.3309321,33.99495316,56567,8798057,2019,2019-02-06T00:00:00.000Z,1942,2019-01-25T00:00:00.000Z,1355,41933,1211,5,5,7,1942,0,0,0,L,0,25T22,CRENSHAW BL,W 52ND ST,0,,Y,A,-,N,,0,0,,,0,,,,Y,4,0,1,2,A,-,12,21453,A,N,D,C,A,A,D,-,A,A,0,,,,,Y,,A,7,0,0,1,0,0,0,0,0,0,- ,- ,0,0,1500,1,LOS ANGELES,LOS ANGELES,CA,-118.3309321,33.99495316,"CRENSHAW BLVD & 52ND ST, LOS ANGELES, CA",CRENSHAW BLVD,52ND ST,119928,
-118.3406821,34.01620483,56568,8798069,2019,2019-02-06T00:00:00.000Z,1942,2019-01-24T00:00:00.000Z,1410,37146,363,4,5,7,1942,0,0,0,C,0,25TL22,W 39TH ST,BUCKINGHAM RD,0,,Y,A,-,N,,0,0,,,0,,,,N,4,0,3,2,A,-,9,21802,A,N,D,C,A,A,H,-,A,A,0,,,,,Y,,A,1,0,0,3,0,0,0,0,0,0,- ,- ,0,0,1500,1,LOS ANGELES,LOS ANGELES,CA,-118.3406821,34.01620483,"39TH ST & BUCKINGHAM RD, LOS ANGELES, CA",39TH ST,BUCKINGHAM RD,96321,
-118.3004391,33.99687576,56569,8798101,2019,2019-02-13T00:00:00.000Z,1942,2019-01-26T00:00:00.000Z,1340,33599,1204,6,5,7,1942,0,0,0,L,0,12A3,51ST ST,NORMANDIE AV,75,W,N,A,-,N,,0,0,,,0,,,,N,0,0,0,2,A,-,21,22106,,M,B,C,A,A,H,-,A,D,0,,,,,Y,,-,99,0,0,0,0,0,0,0,0,0,- ,- ,0,0,1500,1,LOS ANGELES,LOS ANGELES,CA,-118.3004391,33.99687576,"51ST ST & NORMANDIE AVE, LOS ANGELES, CA",51ST ST,NORMANDIE AVE,103305,
-118.3762722,34.09741974,56570,8798152,2019,2019-02-08T00:00:00.000Z,1942,2019-01-09T00:00:00.000Z,1210,37900,632,3,5,7,1942,0,0,0,F,0,6A31,QUEENS RD,HAROLD WY,100,S,N,A,-,N,,0,0,,,0,,,,N,4,0,2,2,A,-,4,21703,,F,C,C,A,A,H,-,A,D,0,,,,,Y,,-,99,0,0,2,0,0,0,0,0,0,- ,- ,0,0,1500,1,LOS ANGELES,LOS ANGELES,CA,-118.3762722,34.09741974,"QUEENS RD & HAROLD WAY, LOS ANGELES, CA",QUEENS RD,HAROLD WAY,149850,
-118.1838475,34.12030029,56571,8798214,2019,2019-02-08T00:00:00.000Z,1942,2019-01-09T00:00:00.000Z,1455,36460,1127,3,5,7,1942,0,0,0,K,0,11A25,NORTH FIGUEROA ST,MERIDIAN ST,60,N,N,A,-,N,,0,0,,,0,,,,N,4,0,1,2,A,-,8,22107,,F,B,C,A,A,H,-,A,A,0,,,,,Y,,-,99,0,0,1,0,0,0,0,0,0,- ,- ,0,0,1500,1,LOS ANGELES,LOS ANGELES,CA,-118.1838475,34.12030029,"FIGUEROA ST & MERIDIAN ST, LOS ANGELES, CA",FIGUEROA ST,MERIDIAN ST,135218,
-118.1849933,34.10454559,56572,8798230,2019,2019-02-08T00:00:00.000Z,1942,2019-01-15T00:00:00.000Z,1450,40617,406,2,5,7,1942,0,0,0,D,0,4U1,VIA MARISOL,MONTEREY RD,10,W,N,B,C,N,,0,0,,,0,,,,N,4,0,1,2,A,-,3,22350,,N,C,C,A,B,H,-,A,A,0,,,,,Y,,A,1,0,0,1,0,0,0,0,0,0,- ,- ,0,0,1500,1,LOS ANGELES,LOS ANGELES,CA,-118.1849933,34.10454559,"VIA MARISOL & MONTEREY RD, LOS ANGELES, CA",VIA MARISOL,MONTEREY RD,107801,
-118.1879225,34.11728287,56573,8798372,2019,2019-02-12T00:00:00.000Z,1942,2019-01-01T00:00:00.000Z,1300,34458,1138,2,5,7,1942,0,0,0,K,0,11A37,MESA AV,YORK BL,275,S,N,A,-,N,,0,0,,,0,,,,Y,0,0,0,2,A,-,21,22106,,M,B,E,A,A,H,-,A,D,0,,,,,Y,,-,99,0,0,0,0,0,0,0,0,0,- ,- ,0,0,1500,1,LOS ANGELES,LOS ANGELES,CA,-118.1879225,34.11728287,"MESA AVE & YORK BLVD, LOS ANGELES, CA",MESA AVE,YORK BLVD,96677,
-118.3089622,34.0290947,56574,8798816,2019,2019-02-20T00:00:00.000Z,1942,2019-01-15T00:00:00.000Z,1315,38025,336,2,5,7,1942,0,0,0,C,0,3A31,WESTERN AV,29TH ST,0,,Y,B,-,N,,0,0,,,0,,,,N,0,0,0,2,A,-,9,21801,A,M,A,C,A,A,H,-,A,A,0,,,,,Y,,A,1,0,0,0,0,0,0,0,0,0,- ,- ,0,0,1500,1,LOS ANGELES,LOS ANGELES,CA,-118.3089622,34.0290947,"WESTERN AVE & 29TH ST, LOS ANGELES, CA",WESTERN AVE,29TH ST,96443,
-118.308928,34.01499176,56575,8798841,2019,2019-02-21T00:00:00.000Z,1942,2019-01-31T00:00:00.000Z,1300,33244,375,4,5,7,1942,0,0,0,,0,25TL26,WESTERN AV,39TH ST,138,N,N,B,C,N,,0,0,,,0,,,,N,0,0,0,2,A,-,17,22517,,M,H,E,A,B,H,-,A,D,0,,,,,Y,,-,99,0,0,0,0,0,0,0,0,0,- ,- ,0,0,1500,1,LOS ANGELES,LOS ANGELES,CA,-118.308928,34.01499176,"WESTERN AVE & 39TH ST, LOS ANGELES, CA",WESTERN AVE,39TH ST,117161,
-118.3351221,34.00848007,56576,8798853,2019,2019-02-21T00:00:00.000Z,1942,2019-01-03T00:00:00.000Z,1210,39203,393,4,5,7,1942,0,0,0,,0,3A99W2,CRENSHAW BL,STOCKER ST,5,N,N,A,-,N,,0,0,,,0,,,,Y,0,0,0,1,A,-,1,23152,A,M,E,I,A,A,H,-,A,A,0,,,,,Y,Y,A,1,0,0,0,0,0,0,0,0,0,- ,- ,0,0,1500,1,LOS ANGELES,LOS ANGELES,CA,-118.3351221,34.00848007,"CRENSHAW BLVD & STOCKER ST, LOS ANGELES, CA",CRENSHAW BLVD,STOCKER ST,105898,
-118.2220587,34.08356476,56577,8799070,2019,2019-03-07T00:00:00.000Z,1942,2019-01-06T00:00:00.000Z,1340,32973,1177,7,5,7,1942,0,0,0,K,0,11A89,W AVENUE26,FIGUEROA ST,150,E,N,B,-,N,,0,0,,,0,,,,N,4,0,1,2,A,-,9,21804,A,F,D,C,A,A,H,-,A,D,0,,,,,Y,,A,1,0,0,1,0,0,0,0,0,0,- ,- ,0,0,1500,1,LOS ANGELES,LOS ANGELES,CA,-118.2220587,34.08356476,"AVE 26 & FIGUEROA ST, LOS ANGELES, CA",AVE 26,FIGUEROA ST,121948,
-118.2822349,33.96504974,56578,8799263,2019,2019-02-27T00:00:00.000Z,1942,2019-01-30T00:00:00.000Z,1350,40971,1266,3,5,7,1942,0,0,0,L,0,12A67,W 82ND ST,FIGUEROA ST,145,E,N,A,-,N,,0,0,,,0,,,,Y,0,0,0,3,A,-,5,21650,,M,A,E,A,A,H,-,A,D,0,,,,,Y,,A,1,0,0,0,0,0,0,0,0,0,- ,- ,0,0,1500,1,LOS ANGELES,LOS ANGELES,CA,-118.2822349,33.96504974,"82ND ST & FIGUEROA ST, LOS ANGELES, CA",82ND ST,FIGUEROA ST,138302,
-118.3002922,33.97913361,56579,8799525,2019,2019-02-22T00:00:00.000Z,1942,2019-01-27T00:00:00.000Z,1315,41791,1245,7,5,7,1942,0,0,0,L,0,12A31,NORMANDIE AV,66TH ST,10,E,N,A,-,N,,0,0,,,0,,,,N,0,0,0,2,A,-,3,22350,,M,C,E,A,A,H,-,A,D,0,,,,,Y,,-,99,0,0,0,0,0,0,0,0,0,- ,- ,0,0,1500,1,LOS ANGELES,LOS ANGELES,CA,-118.3002922,33.97913361,"NORMANDIE AVE & 66TH ST, LOS ANGELES, CA",NORMANDIE AVE,66TH ST,134499,
-118.5622822,34.20822907,56580,8799863,2019,2019-02-20T00:00:00.000Z,1942,2019-01-16T00:00:00.000Z,1355,30830,2139,3,5,7,1942,0,0,0,,0,21A29,CORBIN AV,SATICOY ST,38,S,N,B,C,N,,0,0,,,0,,,,Y,4,0,3,2,A,-,3,22350,,N,B,C,A,B,H,-,A,D,0,,,,,Y,,A,7,0,0,3,0,0,0,0,0,0,- ,- ,0,0,1500,1,LOS ANGELES,LOS ANGELES,CA,-118.5622822,34.20822906,"CORBIN AVE & SATICOY ST, LOS ANGELES, CA",CORBIN AVE,SATICOY ST,111984,
-118.353629,34.02732468,56581,8799937,2019,2019-03-07T00:00:00.000Z,1942,2019-01-08T00:00:00.000Z,1300,43470,331,2,5,7,1942,0,0,0,C,0,3A63,LA BREA AV,ROSELAND ST,55,N,N,A,-,N,,0,0,,,0,,,,Y,4,0,2,3,A,-,4,21703,,N,C,C,A,A,H,-,A,D,0,,,,,Y,,A,1,0,0,2,0,0,0,0,0,0,- ,- ,0,0,1500,1,LOS ANGELES,LOS ANGELES,CA,-118.353629,34.02732468,"LA BREA AVE & ROSELAND ST, LOS ANGELES, CA",LA BREA AVE,ROSELAND ST,103326,
-118.2915822,33.90915299,56582,8799977,2019,2019-02-13T00:00:00.000Z,1942,2019-01-29T00:00:00.000Z,1355,41973,1871,2,5,7,1942,0,0,0,R,0,18A97,S VERMONT AV,W 135TH ST,0,,Y,A,-,N,,0,0,,,0,,,,Y,4,0,2,2,A,-,9,21801,A,N,D,C,A,A,H,-,A,A,0,,,,,Y,,A,7,0,0,2,0,0,0,0,0,0,- ,- ,0,0,1500,1,LOS ANGELES,LOS ANGELES,CA,-118.2915822,33.90915298,"VERMONT AVE & 135TH ST, LOS ANGELES, CA",VERMONT AVE,135TH ST,102272,
-118.2815822,34.00376511,56583,8799993,2019,2019-02-13T00:00:00.000Z,1942,2019-01-18T00:00:00.000Z,1420,38794,399,5,5,7,1942,0,0,0,C,0,3A31W2,W VERNON AV,FLOWER ST,0,,Y,A,-,N,,0,0,,,0,,,,Y,4,0,1,2,A,-,12,21453,A,N,D,C,A,A,H,-,A,A,0,,,,,Y,,A,1,0,0,1,0,0,0,0,0,0,- ,- ,0,0,1500,1,LOS ANGELES,LOS ANGELES,CA,-118.2815822,34.00376511,"VERNON AVE & FLOWER ST, LOS ANGELES, CA",VERNON AVE,FLOWER ST,102831,
-118.5622877,34.20861054,56584,8800140,2019,2019-02-13T00:00:00.000Z,1942,2019-01-16T00:00:00.000Z,1356,30830,2139,3,5,7,1942,0,0,0,,0,21A29,CORBIN AV,SATICOY ST,100,N,N,B,C,N,,0,0,,,0,,,,Y,4,0,2,1,A,-,3,22350,,N,E,I,A,B,H,-,A,D,0,,,,,Y,,A,7,0,0,2,0,0,0,0,0,0,- ,- ,0,0,1500,1,LOS ANGELES,LOS ANGELES,CA,-118.5622877,34.20861053,"CORBIN AVE & SATICOY ST, LOS ANGELES, CA",CORBIN AVE,SATICOY ST,111984,
-118.283991,34.02579498,56585,8800205,2019,2019-02-12T00:00:00.000Z,1942,2019-01-07T00:00:00.000Z,1251,43101,338,1,5,7,1942,0,0,0,C,0,3A63,S HOOVER,32ND ST,110,N,N,C,-,N,,0,0,,,0,,,,N,4,0,1,2,A,-,17,22517,,F,B,G,A,B,H,-,A,A,0,,Y,,,Y,,-,99,0,0,1,0,0,0,1,0,0,- ,- ,0,0,1500,1,LOS ANGELES,LOS ANGELES,CA,-118.283991,34.02579498,"HOOVER ST & 32ND ST, LOS ANGELES, CA",HOOVER ST,32ND ST,103654,
-118.2565522,33.93827438,56586,8800213,2019,2019-03-07T00:00:00.000Z,1942,2019-01-15T00:00:00.000Z,1210,38594,1834,2,5,7,1942,0,0,0,R,0,18A49,108TH ST,CLOVIS,0,,Y,B,-,N,,0,0,,,0,,,,N,4,0,1,2,A,-,5,21202,,N,D,G,A,A,H,-,A,A,0,,Y,,,Y,,A,1,0,0,1,0,0,0,1,0,0,- ,- ,0,0,1500,1,LOS ANGELES,LOS ANGELES,CA,-118.2565522,33.93827438,"108TH ST & CLOVIS AVE, LOS ANGELES, CA",108TH ST,CLOVIS AVE,127734,
-118.2827321,33.9164238,56587,8800567,2019,2019-02-20T00:00:00.000Z,1942,2019-01-03T00:00:00.000Z,1225,37634,1851,4,5,7,1942,0,0,0,R,0,18A51,FIGUEROA ST,EL SEGUNDO BL,0,,Y,A,-,N,,0,0,,,0,,,,Y,4,0,1,2,A,-,12,21453,A,N,B,C,A,A,H,-,A,A,0,,,,,Y,,A,1,0,0,1,0,0,0,0,0,0,- ,- ,0,0,1500,1,LOS ANGELES,LOS ANGELES,CA,-118.2827321,33.9164238,"FIGUEROA ST & EL SEGUNDO BLVD, LOS ANGELES, CA",FIGUEROA ST,EL SEGUNDO BLVD,99111,
-118.2916221,33.94545746,56588,8800622,2019,2019-02-21T00:00:00.000Z,1942,2019-01-05T00:00:00.000Z,1430,41917,1821,6,5,7,1942,0,0,0,R,0,18X48,VERMONT AV,CENTURY BL,10,S,N,A,-,N,,0,0,,,0,,,,N,4,0,1,2,A,-,3,22350,,F,C,C,A,A,H,-,A,D,0,,,,,Y,,-,99,0,0,1,0,0,0,0,0,0,- ,- ,0,0,1500,1,LOS ANGELES,LOS ANGELES,CA,-118.2916221,33.94545746,"VERMONT AVE & CENTURY BLVD, LOS ANGELES, CA",VERMONT AVE,CENTURY BLVD,112798,
-118.2639421,33.79917526,56589,8800626,2019,2019-03-18T00:00:00.000Z,1942,2019-01-26T00:00:00.000Z,1325,38715,518,6,5,7,1942,0,0,0,E,0,5A18,AVALON BL,LOMITA BL,0,,Y,A,-,N,,0,0,,,0,,,,Y,4,0,1,2,A,-,1,23152,A,N,A,C,A,A,H,-,A,A,0,,,,,Y,,A,1,0,0,1,0,0,0,0,0,0,- ,- ,0,0,1500,1,LOS ANGELES,LOS ANGELES,CA,-118.2639421,33.79917526,"AVALON BLVD & LOMITA BLVD, LOS ANGELES, CA",AVALON BLVD,LOMITA BLVD,110296,
-118.6455802,34.17165375,56590,8801045,2019,2019-02-21T00:00:00.000Z,1942,2019-01-11T00:00:00.000Z,1455,36733,2161,5,5,7,1942,0,0,0,,0,21A73,VALLEY CIRCLE BL,BURBANK BL,50,N,N,A,-,N,,0,0,,,0,,,,N,4,0,2,2,A,-,4,21703,,N,C,C,A,A,H,-,A,D,0,,,,,Y,,A,1,0,0,2,0,0,0,0,0,0,- ,- ,0,0,1500,1,LOS ANGELES,LOS ANGELES,CA,-118.6455802,34.17165375,"VALLEY CIRCLE BLVD & BURBANK BLVD, LOS ANGELES, CA",VALLEY CIRCLE BLVD,BURBANK BLVD,115176,
-118.3089722,33.9891243,56591,8801065,2019,2019-03-18T00:00:00.000Z,1942,2019-01-16T00:00:00.000Z,1330,,1233,3,5,7,1942,0,0,0,L,0,1ZA3,SLAUSON AV,WESTERN AV,0,,Y,C,-,N,,0,0,,,0,,,,N,4,0,1,2,A,-,9,21801,A,F,A,C,A,B,H,-,A,A,0,,,,,Y,,-,99,0,0,1,0,0,0,0,0,0,- ,- ,0,0,1500,1,LOS ANGELES,LOS ANGELES,CA,-118.3089722,33.9891243,"SLAUSON AVE & WESTERN AVE, LOS ANGELES, CA",SLAUSON AVE,WESTERN AVE,134534,
-118.4836922,34.20126343,56592,8802682,2019,2019-02-25T00:00:00.000Z,1942,2019-01-02T00:00:00.000Z,1200,30830,1029,3,5,7,1942,0,0,0,J,0,10A39,SHERMAN WY,WOODLEY AV,0,,Y,A,-,N,,0,0,,,0,,,,Y,4,0,4,4,A,-,9,21801,A,N,D,C,A,A,H,-,A,A,0,,,,,Y,,D,22,0,0,4,0,0,0,0,0,0,- ,- ,0,0,1500,1,LOS ANGELES,LOS ANGELES,CA,-118.4836922,34.20126343,"SHERMAN WAY & WOODLEY AVE, LOS ANGELES, CA",SHERMAN WAY,WOODLEY AVE,101496,
-118.4461179,34.1793747,56593,8803121,2019,2019-02-22T00:00:00.000Z,1942,2019-01-06T00:00:00.000Z,1430,39281,943,7,5,7,1942,0,0,0,I,0,9A41,OXNARD ST,TYRONE AV,535,W,N,A,-,N,,0,0,,,0,,,,N,4,0,1,2,A,-,7,21658,A,N,B,C,A,A,H,-,A,D,0,,,,,Y,,A,1,0,0,1,0,0,0,0,0,0,- ,- ,0,0,1500,1,LOS ANGELES,LOS ANGELES,CA,-118.4461179,34.17937469,"OXNARD ST & TYRONE AVE, LOS ANGELES, CA",OXNARD ST,TYRONE AVE,118495,
-118.5600322,34.17276382,56594,8803122,2019,2019-02-26T00:00:00.000Z,1942,2019-01-14T00:00:00.000Z,1400,39575,1061,1,5,7,1942,0,0,0,J,0,10A83,MELVIN AV,VENTURA BL,17,S,N,C,-,N,,0,0,,,0,,,,Y,3,0,3,2,A,-,8,22102,,N,D,C,A,B,H,-,A,D,0,,,,,Y,,A,8,0,2,1,0,0,0,0,0,0,- ,- ,0,0,1500,1,LOS ANGELES,LOS ANGELES,CA,-118.5600322,34.17276382,"MELVIN AVE & VENTURA BLVD, LOS ANGELES, CA",MELVIN AVE,VENTURA BLVD,104472,
-118.4440321,34.18665695,56595,8803133,2019,2019-03-20T00:00:00.000Z,1942,2019-01-02T00:00:00.000Z,1220,39473,935,3,5,7,1942,0,0,0,I,0,9A41,VICTORY BL,TYRONE AV,100,E,N,A,-,N,,0,0,,,0,,,,N,4,0,3,2,A,-,4,21703,,N,C,C,A,A,H,-,A,A,0,,,,,Y,,A,8,0,0,3,0,0,0,0,0,0,- ,- ,0,0,1500,1,LOS ANGELES,LOS ANGELES,CA,-118.4440321,34.18665695,"VICTORY BLVD & TYRONE AVE, LOS ANGELES, CA",VICTORY BLVD,TYRONE AVE,111578,
-118.5171622,34.16205597,56596,8803134,2019,2019-02-26T00:00:00.000Z,1942,2019-01-05T00:00:00.000Z,1445,39281,1077,6,5,7,1942,0,0,0,J,0,10A99,VENTURA BL,TEXHOMA AV,0,,Y,C,-,N,,0,0,,,0,,,,Y,4,0,1,2,A,-,3,22350,,N,D,C,A,B,H,-,A,A,0,,,,,Y,,A,7,0,0,1,0,0,0,0,0,0,- ,- ,0,0,1500,1,LOS ANGELES,LOS ANGELES,CA,-118.5171622,34.16205597,"VENTURA BLVD & TEXHOMA AVE, LOS ANGELES, CA",VENTURA BLVD,TEXHOMA AVE,147299,
-118.5141922,34.16150665,56597,8803147,2019,2019-02-26T00:00:00.000Z,1942,2019-01-10T00:00:00.000Z,1345,32774,1077,4,5,7,1942,0,0,0,J,0,10A99,VENTURA BL,ENCINO AV,0,,Y,A,-,N,,0,0,,,0,,,,N,3,0,1,3,A,-,10,21950,A,N,G,B,B,A,H,-,A,D,0,Y,,,,Y,,A,1,0,1,0,0,1,0,0,0,0,- ,- ,0,0,1500,1,LOS ANGELES,LOS ANGELES,CA,-118.5141922,34.16150665,"VENTURA BLVD & ENCINO AVE, LOS ANGELES, CA",VENTURA BLVD,ENCINO AVE,118951,
-118.4765022,34.22135544,56598,8803162,2019,2019-02-26T00:00:00.000Z,1942,2019-01-10T00:00:00.000Z,1410,42614,1009,4,5,7,1942,0,0,0,J,0,10X98,HASKELL AV,ROSCOE BL,10,E,N,A,-,N,,0,0,,,0,,,,Y,4,0,2,2,A,-,9,21801,A,N,A,C,A,A,H,-,A,A,0,,,,,Y,,A,1,0,0,2,0,0,0,0,0,0,- ,- ,0,0,1500,1,LOS ANGELES,LOS ANGELES,CA,-118.4765022,34.22135544,"HASKELL AVE & ROSCOE BLVD, LOS ANGELES, CA",HASKELL AVE,ROSCOE BLVD,104978,
-118.5588201,34.20114136,56599,8803174,2019,2019-02-26T00:00:00.000Z,1942,2019-01-13T00:00:00.000Z,1250,35481,1021,7,5,7,1942,0,0,0,J,0,10A21,SHERMAN WY,SHIRLEY AV,275,W,N,A,-,N,,0,0,,,0,,,,N,4,0,3,4,A,-,3,22350,,N,C,C,A,A,H,-,A,D,0,,,,,Y,,A,1,0,0,3,0,0,0,0,0,0,- ,- ,0,0,1500,1,LOS ANGELES,LOS ANGELES,CA,-118.5588201,34.20114136,"SHERMAN WAY & SHIRLEY AVE, LOS ANGELES, CA",SHERMAN WAY,SHIRLEY AVE,140085,
-118.5448022,34.19383621,56600,8803182,2019,2019-03-21T00:00:00.000Z,1942,2019-01-08T00:00:00.000Z,1220,40398,1023,2,5,7,1942,0,0,0,J,0,10A21,WILBUR AV,VANOWEN ST,0,,Y,A,-,N,,0,0,,,0,,,,N,4,0,2,2,A,-,12,21453,A,N,D,C,A,A,H,-,A,A,0,,,,,Y,,-,- ,0,0,2,0,0,0,0,0,0,- ,- ,0,0,1500,1,LOS ANGELES,LOS ANGELES,CA,-118.5448022,34.19383621,"WILBUR AVE & VANOWEN ST, LOS ANGELES, CA",WILBUR AVE,VANOWEN ST,147517,