X,Y,OBJECTID,case_id,accident_year,proc_date,juris,collision_date,collision_time,officer_id,reporting_district,day_of_week,chp_shift,population,cnty_city_loc,special_cond,beat_type,chp_beat_type,city_division_lapd,chp_beat_class,beat_number,primary_rd,secondary_rd,distance,direction,intersection,weather_1,weather_2,state_hwy_ind,caltrans_county,caltrans_district,state_route,route_suffix,postmile_prefix,postmile,location_type,ramp_intersection,side_of_hwy,tow_away,collision_severity,number_killed,number_injured,party_count,primary_coll_factor,pcf_code_of_viol,pcf_viol_category,pcf_violation,pcf_viol_subsection,hit_and_run,type_of_collision,mviw,ped_action,road_surface,road_cond_1,road_cond_2,lighting,control_device,chp_road_type,pedestrian_accident,bicycle_accident,motorcycle_accident,truck_accident,not_private_property,alcohol_involved,stwd_vehtype_at_fault,chp_vehtype_at_fault,count_severe_inj,count_visible_inj,count_complaint_pain,count_ped_killed,count_ped_injured,count_bicyclist_killed,count_bicyclist_injured,count_mc_killed,count_mc_injured,primary_ramp,secondary_ramp,latitude,longitude,timecat,month_,city,county,state,point_x,point_y,match_addr,m_primaryrd,m_secondrd,int_id,Flag
-118.5447422,34.17225647,56601,8803190,2019,2019-02-26T00:00:00.000Z,1942,2019-01-12T00:00:00.000Z,1350,41514,1063,6,5,7,1942,0,0,0,J,0,10A83,VENTURA BL,WILBUR AV,0,,Y,B,-,N,,0,0,,,0,,,,Y,4,0,1,2,A,-,12,21453,A,N,D,C,A,A,H,-,A,A,0,,,,,Y,,A,7,0,0,1,0,0,0,0,0,0,- ,- ,0,0,1500,1,LOS ANGELES,LOS ANGELES,CA,-118.5447422,34.17225647,"VENTURA BLVD & WILBUR AVE, LOS ANGELES, CA",VENTURA BLVD,WILBUR AVE,108645,
-118.4836716,34.1993103,56602,8803194,2019,2019-04-08T00:00:00.000Z,1942,2019-01-12T00:00:00.000Z,1330,37080,1029,6,5,7,1942,0,0,0,J,0,10A39,WOODLEY AV,GAULT ST,9,S,N,B,-,N,,0,0,,,0,,,,Y,4,0,2,2,A,-,9,21804,A,N,D,C,A,A,H,-,A,D,0,,,,,Y,,A,1,0,0,2,0,0,0,0,0,0,- ,- ,0,0,1500,1,LOS ANGELES,LOS ANGELES,CA,-118.4836716,34.1993103,"WOODLEY AVE & GAULT ST, LOS ANGELES, CA",WOODLEY AVE,GAULT ST,126129,
-118.4560933,34.15212631,56603,8803197,2019,2019-02-22T00:00:00.000Z,1942,2019-01-13T00:00:00.000Z,1420,39281,984,7,5,7,1942,0,0,0,I,0,9A89,VENTURA BL,WILLIS AV,260,W,N,A,-,N,,0,0,,,0,,,,Y,4,0,5,4,A,-,3,22350,,N,C,C,A,A,H,-,A,A,0,,,,,Y,,A,1,0,0,5,0,0,0,0,0,0,- ,- ,0,0,1500,1,LOS ANGELES,LOS ANGELES,CA,-118.4560933,34.15212631,"VENTURA BLVD & WILLIS AVE, LOS ANGELES, CA",VENTURA BLVD,WILLIS AVE,118759,
-118.5447822,34.18658447,56604,8803198,2019,2019-02-26T00:00:00.000Z,1942,2019-01-04T00:00:00.000Z,1445,38613,1033,5,5,7,1942,0,0,0,J,0,10A21,WILBUR AV,VICTORY BL,0,,Y,A,-,N,,0,0,,,0,,,,Y,3,0,2,2,A,-,12,21453,A,N,D,C,A,A,H,-,A,A,0,,,Y,,Y,,C,2,0,2,0,0,0,0,0,0,2,- ,- ,0,0,1500,1,LOS ANGELES,LOS ANGELES,CA,-118.5447822,34.18658447,"WILBUR AVE & VICTORY BLVD, LOS ANGELES, CA",WILBUR AVE,VICTORY BLVD,98094,
-118.4661899,34.17527008,56605,8803228,2019,2019-02-22T00:00:00.000Z,1942,2019-01-16T00:00:00.000Z,1220,32774,941,3,5,7,1942,0,0,0,I,0,9A41,SEPULVEDA BL,HATTERAS ST,170,S,N,C,-,N,,0,0,,,0,,,,Y,4,0,1,2,A,-,9,21804,A,N,D,C,A,B,H,-,A,D,0,,,,,Y,,A,1,0,0,1,0,0,0,0,0,0,- ,- ,0,0,1500,1,LOS ANGELES,LOS ANGELES,CA,-118.4661899,34.17527008,"SEPULVEDA BLVD & HATTERAS ST, LOS ANGELES, CA",SEPULVEDA BLVD,HATTERAS ST,101271,
-118.4487209,34.19337463,56606,8803539,2019,2019-02-28T00:00:00.000Z,1942,2019-01-24T00:00:00.000Z,1410,41316,926,4,5,7,1942,0,0,0,I,0,9A19,VAN NUYS BL,VANOWEN ST,200,S,N,A,-,N,,0,0,,,0,,,,N,4,0,1,2,B,-,22,0,,N,D,C,A,A,H,-,A,D,0,,,,,Y,,D,22,0,0,1,0,0,0,0,0,0,- ,- ,0,0,1500,1,LOS ANGELES,LOS ANGELES,CA,-118.4487209,34.19337463,"VAN NUYS BLVD & VANOWEN ST, LOS ANGELES, CA",VAN NUYS BLVD,VANOWEN ST,101349,
-118.4462522,34.20118332,56607,8803603,2019,2019-02-28T00:00:00.000Z,1942,2019-01-15T00:00:00.000Z,1340,37550,915,2,5,7,1942,0,0,0,I,0,15TL44,SHERMAN WAY,LENNOX AV,0,,Y,C,-,N,,0,0,,,0,,,,N,4,0,2,2,A,-,8,22107,,N,B,C,A,B,H,-,A,D,0,,,,,Y,,A,1,0,0,2,0,0,0,0,0,0,- ,- ,0,0,1500,1,LOS ANGELES,LOS ANGELES,CA,-118.4462522,34.20118332,"SHERMAN WAY & LENNOX AVE, LOS ANGELES, CA",SHERMAN WAY,LENNOX AVE,98056,
-118.4487169,34.16081238,56608,8803606,2019,2019-03-12T00:00:00.000Z,1942,2019-01-21T00:00:00.000Z,1210,42634,964,1,5,7,1942,0,0,0,I,0,9A79,VAN NUYS BL,ADDISON ST,150,S,N,A,-,N,,0,0,,,0,,,,Y,3,0,1,2,A,-,8,22107,,N,B,C,A,A,H,-,A,D,0,,,,,Y,,A,1,0,1,0,0,0,0,0,0,0,- ,- ,0,0,1500,1,LOS ANGELES,LOS ANGELES,CA,-118.4487169,34.16081238,"VAN NUYS BLVD & ADDISON ST, LOS ANGELES, CA",VAN NUYS BLVD,ADDISON ST,126170,
-118.4565763,34.15219116,56609,8803607,2019,2019-02-28T00:00:00.000Z,1942,2019-01-20T00:00:00.000Z,1235,41514,974,7,5,7,1942,0,0,0,I,0,9A63,KESTER AV,VENTURA BL,5,S,N,A,-,N,,0,0,,,0,,,,Y,4,0,1,1,A,-,8,22107,,N,E,I,A,A,H,-,A,A,0,,,,,Y,,A,1,0,0,1,0,0,0,0,0,0,- ,- ,0,0,1500,1,LOS ANGELES,LOS ANGELES,CA,-118.4565763,34.15219116,"KESTER AVE & VENTURA BLVD, LOS ANGELES, CA",KESTER AVE,VENTURA BLVD,122344,
-118.4482718,34.14892197,56610,8803610,2019,2019-02-27T00:00:00.000Z,1942,2019-01-27T00:00:00.000Z,1305,38017,985,7,5,7,1942,0,0,0,I,0,9A89,BENEFIT ST,VAN NUYS BL,275,E,N,A,-,N,,0,0,,,0,,,,N,3,0,2,2,A,-,9,21804,A,N,A,C,A,A,H,-,A,D,0,,,,,Y,,A,7,0,2,0,0,0,0,0,0,0,- ,- ,0,0,1500,1,LOS ANGELES,LOS ANGELES,CA,-118.4482718,34.14892197,"BENEFIT ST & VAN NUYS BLVD, LOS ANGELES, CA",BENEFIT ST,VAN NUYS BLVD,125813,
-118.4991933,34.20122528,56611,8803631,2019,2019-02-28T00:00:00.000Z,1942,2019-01-24T00:00:00.000Z,1245,38613,1028,4,5,7,1942,0,0,0,J,0,10A17,SHERMAN WY,FORBES AV,70,W,N,A,-,N,,0,0,,,0,,,,Y,4,0,2,2,A,-,7,21658,A,N,B,C,A,A,H,-,A,D,0,,,,,Y,,A,1,0,0,2,0,0,0,0,0,0,- ,- ,0,0,1500,1,LOS ANGELES,LOS ANGELES,CA,-118.4991933,34.20122528,"SHERMAN WAY & FORBES AVE, LOS ANGELES, CA",SHERMAN WAY,FORBES AVE,98368,
-118.2717122,34.1170845,56612,8804561,2019,2019-03-21T00:00:00.000Z,1942,2019-01-19T00:00:00.000Z,1315,41657,1122,6,5,7,1942,0,0,0,K,0,11X74,CRYSTAL SPRINGS DR,LOS FELIZ BL,0,,Y,A,-,N,,0,0,,,0,,,,N,4,0,1,2,A,-,3,22350,,N,-,C,A,A,H,-,A,B,0,,,,,Y,,A,1,0,0,1,0,0,0,0,0,0,- ,- ,0,0,1500,1,LOS ANGELES,LOS ANGELES,CA,-118.2717122,34.1170845,"CRYSTAL SPRINGS DR & LOS FELIZ BLVD, LOS ANGELES, CA",CRYSTAL SPRINGS DR,LOS FELIZ BLVD,105676,
-118.1991222,34.11341476,56613,8804589,2019,2019-03-11T00:00:00.000Z,1942,2019-01-28T00:00:00.000Z,1245,32973,1137,1,5,7,1942,0,0,0,K,0,11A37,N AVE 54,ALDAMA ST,0,,Y,A,-,N,,0,0,,,0,,,,N,4,0,1,2,A,-,12,22450,A,N,D,C,A,A,H,-,A,A,0,,,,,Y,,A,7,0,0,1,0,0,0,0,0,0,- ,- ,0,0,1500,1,LOS ANGELES,LOS ANGELES,CA,-118.1991222,34.11341476,"AVE 54 & ALDAMA ST, LOS ANGELES, CA",AVE 54,ALDAMA ST,114389,
-118.2976261,34.11003113,56614,8804593,2019,2019-03-11T00:00:00.000Z,1942,2019-01-26T00:00:00.000Z,1410,34426,1141,6,5,7,1942,0,0,0,K,0,11A1,LOS FELIZ BL,EDGEMONT ST,20,W,N,A,-,N,,0,0,,,0,,,,N,4,0,2,2,A,-,4,21703,,N,C,C,A,A,H,-,A,D,0,,,,,Y,,A,1,0,0,2,0,0,0,0,0,0,- ,- ,0,0,1500,1,LOS ANGELES,LOS ANGELES,CA,-118.2976261,34.11003113,"LOS FELIZ BLVD & EDGEMONT ST, LOS ANGELES, CA",LOS FELIZ BLVD,EDGEMONT ST,114753,
-118.3022895,34.14952469,56616,8804605,2019,2019-03-11T00:00:00.000Z,1942,2019-01-27T00:00:00.000Z,1450,40099,1101,7,5,7,1942,0,0,0,K,0,11A1,GRIFFITH PARK DR,MOUNT HOLLYWOOD DR,10,N,N,A,-,N,,0,0,,,0,,,,N,4,0,1,1,B,-,22,0,,N,H,J,A,A,H,-,A,D,0,,Y,,,Y,,L,4,0,0,1,0,0,0,1,0,0,- ,- ,0,0,1500,1,LOS ANGELES,LOS ANGELES,CA,-118.3022895,34.14952469,"GRIFFITH PARK DR & MOUNT HOLLYWOOD DR, LOS ANGELES, CA",GRIFFITH PARK DR,MOUNT HOLLYWOOD DR,109619,
-118.3140926,34.06719589,56617,8804808,2019,2019-02-14T00:00:00.000Z,1942,2019-01-19T00:00:00.000Z,1250,43351,2022,6,5,7,1942,0,0,0,,0,20A69,WILTON PL,4TH ST,22,N,N,A,-,N,,0,0,,,0,,,,N,4,0,1,3,A,-,4,21703,,F,C,C,A,A,H,-,A,A,0,,,,,Y,,-,99,0,0,1,0,0,0,0,0,0,- ,- ,0,0,1500,1,LOS ANGELES,LOS ANGELES,CA,-118.3140926,34.06719589,"WILTON PL & 4TH ST, LOS ANGELES, CA",WILTON PL,4TH ST,121895,
-118.544185,34.04394913,56618,8804816,2019,2019-02-14T00:00:00.000Z,1942,2019-01-31T00:00:00.000Z,1250,37700,822,4,5,7,1942,0,0,0,H,0,8A1,W SUNSET BL,ARNO WY,162,E,N,B,C,N,,0,0,,,0,,,,Y,2,0,1,1,A,-,3,22350,,N,E,I,A,B,H,-,A,D,0,,,,,Y,,A,7,1,0,0,0,0,0,0,0,0,- ,- ,0,0,1500,1,LOS ANGELES,LOS ANGELES,CA,-118.544185,34.04394913,"SUNSET BLVD & ARNO WAY, LOS ANGELES, CA",SUNSET BLVD,ARNO WAY,1826,
-118.3090721,34.05274963,56619,8804817,2019,2019-02-15T00:00:00.000Z,1942,2019-01-25T00:00:00.000Z,1355,40452,2062,5,5,7,1942,0,0,0,,0,20A53,S WESTERN AV,OLYMPIC BL,45,N,N,A,-,N,,0,0,,,0,,,,N,0,0,0,2,A,-,3,22350,,M,C,C,A,A,H,-,A,D,0,,,,,Y,,-,99,0,0,0,0,0,0,0,0,0,- ,- ,0,0,1500,1,LOS ANGELES,LOS ANGELES,CA,-118.3090721,34.05274963,"WESTERN AVE & OLYMPIC BLVD, LOS ANGELES, CA",WESTERN AVE,OLYMPIC BLVD,103517,
-118.3574664,34.01395416,56620,8804838,2019,2019-02-19T00:00:00.000Z,1942,2019-01-24T00:00:00.000Z,1230,42283,341,4,5,7,1942,0,0,0,C,0,12A83,SANCHEZ AV,VERONICA ST,200,N,N,A,-,N,,0,0,,,0,,,,Y,3,0,1,2,A,-,3,22350,,N,C,E,A,A,H,-,A,D,0,,,,,Y,,A,1,0,1,0,0,0,0,0,0,0,- ,- ,0,0,1500,1,LOS ANGELES,LOS ANGELES,CA,-118.3574664,34.01395416,"SANCHEZ DR & VERONICA ST, LOS ANGELES, CA",SANCHEZ DR,VERONICA ST,117118,
-118.3090921,34.05611801,56621,8804848,2019,2019-02-19T00:00:00.000Z,1942,2019-01-23T00:00:00.000Z,1215,41376,2033,3,5,7,1942,0,0,0,,0,20A33,WESTERN AV,9TH ST,100,N,N,A,-,N,,0,0,,,0,,,,N,4,0,1,3,A,-,9,21804,A,N,D,C,A,A,H,-,A,D,0,,,,,Y,,A,1,0,0,1,0,0,0,0,0,0,- ,- ,0,0,1500,1,LOS ANGELES,LOS ANGELES,CA,-118.3090921,34.05611801,"WESTERN AVE & JAMES M WOOD BLVD, LOS ANGELES, CA",WESTERN AVE,JAMES M WOOD BLVD,142104,
-118.3009232,34.05998993,56622,8804856,2019,2019-02-14T00:00:00.000Z,1942,2019-01-02T00:00:00.000Z,1420,37468,2034,3,5,7,1942,0,0,0,,0,20A44,IROLO ST,7TH ST,100,N,N,A,-,N,,0,0,,,0,,,,N,4,0,1,2,A,-,4,21703,,F,C,C,A,A,H,-,A,D,0,,,,,Y,Y,-,99,0,0,1,0,0,0,0,0,0,- ,- ,0,0,1500,1,LOS ANGELES,LOS ANGELES,CA,-118.3009232,34.05998993,"IROLO ST & 7TH ST, LOS ANGELES, CA",IROLO ST,7TH ST,121093,
-118.3788056,33.96072006,56623,8804859,2019,2019-02-19T00:00:00.000Z,1942,2019-01-15T00:00:00.000Z,1410,41671,1488,2,5,7,1942,0,0,0,N,0,14A67,OSAGE AV,MANCHESTER AV,275,N,N,C,-,N,,0,0,,,0,,,,Y,4,0,4,2,A,-,9,21804,A,N,D,C,A,B,H,-,A,D,0,,,,,Y,,A,7,0,0,4,0,0,0,0,0,0,- ,- ,0,0,1500,1,LOS ANGELES,LOS ANGELES,CA,-118.3788056,33.96072006,"OSAGE AVE & MANCHESTER AVE, LOS ANGELES, CA",OSAGE AVE,MANCHESTER AVE,148658,
-118.4448254,33.99811554,56624,8804879,2019,2019-02-19T00:00:00.000Z,1942,2019-01-22T00:00:00.000Z,1345,33648,1434,2,5,7,1942,0,0,0,N,0,14A13,VENICE BL,ASHWOOD AV,30,E,N,A,-,N,,0,0,,,0,,,,Y,4,0,1,2,C,-,18,0,,N,B,C,A,A,H,-,A,D,0,,,,,Y,,-,- ,0,0,1,0,0,0,0,0,0,- ,- ,0,0,1500,1,LOS ANGELES,LOS ANGELES,CA,-118.4448254,33.99811554,"VENICE BLVD & ASHWOOD AVE, LOS ANGELES, CA",VENICE BLVD,ASHWOOD AVE,132113,
-118.2462508,34.02941895,56625,8804880,2019,2019-02-14T00:00:00.000Z,1942,2019-01-15T00:00:00.000Z,1446,33950,1317,2,5,7,1942,0,0,0,M,0,13A9,E PICO BL,CENTRAL AV,75,W,N,C,-,N,,0,0,,,0,,,,N,4,0,1,2,A,-,9,21804,A,F,D,C,A,B,H,-,A,D,0,,,,,Y,,-,99,0,0,1,0,0,0,0,0,0,- ,- ,0,0,1500,1,LOS ANGELES,LOS ANGELES,CA,-118.2462508,34.02941895,"PICO BLVD & CENTRAL AVE, LOS ANGELES, CA",PICO BLVD,CENTRAL AVE,138670,
-118.592572,34.21986771,56626,8804930,2019,2019-03-06T00:00:00.000Z,1942,2019-01-29T00:00:00.000Z,1300,34420,2126,2,5,7,1942,0,0,0,,0,21A5,ROSCOE BL,VARIEL AV,100,E,N,B,-,N,,0,0,,,0,,,,Y,3,0,1,2,C,-,18,0,,N,B,E,A,A,H,-,A,A,0,,,,Y,Y,,-,- ,0,1,0,0,0,0,0,0,0,- ,- ,0,0,1500,1,LOS ANGELES,LOS ANGELES,CA,-118.592572,34.21986771,"ROSCOE BLVD & VARIEL AVE, LOS ANGELES, CA",ROSCOE BLVD,VARIEL AVE,147096,
-118.3949254,34.05565643,56627,8804949,2019,2019-03-18T00:00:00.000Z,1942,2019-01-30T00:00:00.000Z,1430,42373,857,3,5,7,1942,0,0,0,H,0,8X99,ELM DR,PICO BL,146,N,N,A,-,N,,0,0,,,0,,,,N,3,0,1,2,A,-,21,22106,,N,G,B,F,A,H,-,A,A,0,Y,,,,Y,,D,22,0,1,0,0,1,0,0,0,0,- ,- ,0,0,1500,1,LOS ANGELES,LOS ANGELES,CA,-118.3949254,34.05565643,"ELM DR & PICO BLVD, LOS ANGELES, CA",ELM DR,PICO BLVD,114730,
-118.4502592,34.24443436,56628,8805126,2019,2019-02-27T00:00:00.000Z,1942,2019-01-15T00:00:00.000Z,1410,41158,1963,2,5,7,1942,0,0,0,,0,19A75,VAN NUYS BL,NOVICE ST,280,N,N,C,-,N,,0,0,,,0,,,,N,4,0,1,2,B,-,22,0,,N,D,G,A,B,H,-,A,D,0,,Y,,,Y,Y,L,4,0,0,1,0,0,0,1,0,0,- ,- ,0,0,1500,1,LOS ANGELES,LOS ANGELES,CA,-118.4502592,34.24443436,"VAN NUYS BLVD & NOVICE ST, LOS ANGELES, CA",VAN NUYS BLVD,NOVICE ST,129591,
-118.3739224,34.14180756,56629,8805202,2019,2019-02-27T00:00:00.000Z,1942,2019-01-12T00:00:00.000Z,1230,39569,1596,6,5,7,1942,0,0,0,O,0,,VENTURA BL,ARCH DR,70,E,N,B,-,N,,0,0,,,0,,,,,3,0,1,2,A,-,3,22350,,N,D,E,A,B,H,-,A,D,0,,,,,Y,,A,1,0,1,0,0,0,0,0,0,0,- ,- ,0,0,1500,1,LOS ANGELES,LOS ANGELES,CA,-118.3739224,34.14180756,"VENTURA BLVD & ARCH DR, LOS ANGELES, CA",VENTURA BLVD,ARCH DR,108045,
-118.4052622,34.17203522,56630,8805210,2019,2019-03-13T00:00:00.000Z,1942,2019-01-02T00:00:00.000Z,1425,43424,1543,3,5,7,1942,0,0,0,O,0,15A39,WHITSETT AV,BURBANK BL,32,S,N,A,-,N,,0,0,,,0,,,,Y,4,0,1,2,A,-,5,21460,A,N,B,C,A,A,H,-,A,D,0,,,,,Y,,A,1,0,0,1,0,0,0,0,0,0,- ,- ,0,0,1500,1,LOS ANGELES,LOS ANGELES,CA,-118.4052622,34.17203522,"WHITSETT AVE & BURBANK BLVD, LOS ANGELES, CA",WHITSETT AVE,BURBANK BLVD,118523,
-118.3790221,34.13988495,56631,8805230,2019,2019-02-27T00:00:00.000Z,1942,2019-01-18T00:00:00.000Z,1445,40398,1583,5,5,7,1942,0,0,0,O,0,15A85,VENTURA BL,TUJUNGA AV,0,,Y,A,-,N,,0,0,,,0,,,,Y,3,0,2,3,A,-,9,21801,A,N,D,C,A,A,H,-,A,A,0,,,,,Y,,A,7,0,1,1,0,0,0,0,0,0,- ,- ,0,0,1500,1,LOS ANGELES,LOS ANGELES,CA,-118.3790221,34.13988495,"VENTURA BLVD & TUJUNGA AVE, LOS ANGELES, CA",VENTURA BLVD,TUJUNGA AVE,122226,
-118.4032811,34.18668366,56632,8805246,2019,2019-02-27T00:00:00.000Z,1942,2019-01-17T00:00:00.000Z,1355,40398,1532,4,5,7,1942,0,0,0,O,0,15A33,VICTORY BL,WILKINSON AV,270,E,N,B,-,N,,0,0,,,0,,,,N,4,0,1,2,A,-,8,22107,,N,D,C,A,B,H,-,A,D,0,,,,,Y,,A,1,0,0,1,0,0,0,0,0,0,- ,- ,0,0,1500,1,LOS ANGELES,LOS ANGELES,CA,-118.4032811,34.18668365,"VICTORY BLVD & WILKINSON AVE, LOS ANGELES, CA",VICTORY BLVD,WILKINSON AVE,108086,
-118.3968669,34.200634,56633,8805274,2019,2019-02-27T00:00:00.000Z,1942,2019-01-16T00:00:00.000Z,1430,41125,1503,3,5,7,1942,0,0,0,O,0,15A3,SHERMAN WY,LAUREL CANYON BL,100,W,N,C,-,N,,0,0,,,0,,,,Y,4,0,1,2,A,-,9,21801,A,N,A,C,A,B,H,-,A,D,0,,,,,Y,,A,1,0,0,1,0,0,0,0,0,0,- ,- ,0,0,1500,1,LOS ANGELES,LOS ANGELES,CA,-118.3968669,34.200634,"SHERMAN WAY & LAUREL CANYON BLVD, LOS ANGELES, CA",SHERMAN WAY,LAUREL CANYON BLVD,139646,
-118.4061725,34.20118713,56634,8805278,2019,2019-02-27T00:00:00.000Z,1942,2019-01-16T00:00:00.000Z,1355,42639,NHWD,3,5,7,1942,0,0,0,,0,15X5,SHERMAN WAY,WHITSETT AV,300,W,N,B,C,N,,0,0,,,0,,,,Y,4,0,1,2,A,-,5,21650,,N,B,C,A,B,H,-,A,D,0,,,,,Y,,A,1,0,0,1,0,0,0,0,0,0,- ,- ,0,0,1500,1,LOS ANGELES,LOS ANGELES,CA,-118.4061725,34.20118713,"SHERMAN WAY & WHITSETT AVE, LOS ANGELES, CA",SHERMAN WAY,WHITSETT AVE,118525,
-118.4180525,34.27960968,56635,8805328,2019,2019-02-26T00:00:00.000Z,1942,2019-01-25T00:00:00.000Z,1250,36733,1601,5,5,7,1942,0,0,0,P,0,16A11,PAXTON ST,GLENOAKS AV,20,W,N,A,-,N,,0,0,,,0,,,,N,0,0,0,1,A,-,8,22107,,M,E,I,A,A,H,-,A,A,0,,,,,Y,,-,99,0,0,0,0,0,0,0,0,0,- ,- ,0,0,1500,1,LOS ANGELES,LOS ANGELES,CA,-118.4180525,34.27960968,"PAXTON ST & GLENOAKS BLVD, LOS ANGELES, CA",PAXTON ST,GLENOAKS BLVD,119531,
-118.5974622,34.17722321,56636,8805453,2019,2019-03-19T00:00:00.000Z,1942,2019-01-10T00:00:00.000Z,1235,37492,2177,4,5,7,1942,0,0,0,,0,21A5,CANOGA AV,CALIFA ST,0,,Y,A,-,N,,0,0,,,0,,,,N,4,0,2,2,A,-,12,21453,A,N,D,C,A,A,H,-,A,A,0,,,,,Y,,A,1,0,0,2,0,0,0,0,0,0,- ,- ,0,0,1500,1,LOS ANGELES,LOS ANGELES,CA,-118.5974622,34.17722321,"CANOGA AVE & CALIFA ST, LOS ANGELES, CA",CANOGA AVE,CALIFA ST,112633,
-118.5797522,34.2011261,56637,8805461,2019,2019-02-21T00:00:00.000Z,1942,2019-01-28T00:00:00.000Z,1415,38947,2138,1,5,7,1942,0,0,0,,0,21A29,SHERMAN WY,MASON AV,0,,Y,A,-,N,,0,0,,,0,,,,Y,4,0,3,2,A,-,9,21801,A,N,A,C,A,A,H,-,A,A,0,,,,,Y,,A,1,0,0,3,0,0,0,0,0,0,- ,- ,0,0,1500,1,LOS ANGELES,LOS ANGELES,CA,-118.5797522,34.2011261,"SHERMAN WAY & MASON AVE, LOS ANGELES, CA",SHERMAN WAY,MASON AVE,140084,
-118.5753722,34.19923401,56638,8805469,2019,2019-02-21T00:00:00.000Z,1942,2019-01-18T00:00:00.000Z,1320,39192,2148,5,5,7,1942,0,0,0,,0,21A29,OSO AV,GAULT ST,0,,Y,A,-,N,,0,0,,,0,,,,N,4,0,2,2,A,-,9,21801,A,N,A,C,A,A,H,-,A,D,0,,,,,Y,,B,1,0,0,2,0,0,0,0,0,0,- ,- ,0,0,1500,1,LOS ANGELES,LOS ANGELES,CA,-118.5753722,34.19923401,"OSO AVE & GAULT ST, LOS ANGELES, CA",OSO AVE,GAULT ST,140168,
-118.5710422,34.20591354,56639,8805473,2019,2019-02-21T00:00:00.000Z,1942,2019-01-22T00:00:00.000Z,1300,39746,2139,2,5,7,1942,0,0,0,,0,21A29,RUNNYMEDE ST,WINNETKA AV,0,,Y,A,-,N,,0,0,,,0,,,,Y,4,0,3,3,A,-,9,21802,A,N,B,C,A,A,H,-,A,A,0,,,,,Y,,A,1,0,0,3,0,0,0,0,0,0,- ,- ,0,0,1500,1,LOS ANGELES,LOS ANGELES,CA,-118.5710422,34.20591354,"RUNNYMEDE ST & WINNETKA AVE, LOS ANGELES, CA",RUNNYMEDE ST,WINNETKA AVE,129510,
-118.6322022,34.20822525,56640,8805477,2019,2019-02-21T00:00:00.000Z,1942,2019-01-17T00:00:00.000Z,1315,36733,2111,4,5,7,1942,0,0,0,,0,21A1,WOODLAKE BL,SATICOY ST,0,,N,C,-,N,,0,0,,,0,,,,Y,3,0,4,2,A,-,12,22450,A,N,D,C,A,B,H,-,A,A,0,,,,,Y,,A,1,0,2,2,0,0,0,0,0,0,- ,- ,0,0,1500,1,LOS ANGELES,LOS ANGELES,CA,-118.6322022,34.20822525,"WOODLAKE AVE & SATICOY ST, LOS ANGELES, CA",WOODLAKE AVE,SATICOY ST,97887,
-118.2564133,34.00483322,56641,8805710,2019,2019-02-21T00:00:00.000Z,1942,2019-01-08T00:00:00.000Z,1410,43041,1346,2,5,7,1942,0,0,0,M,0,13X21,43RD PL,CENTRAL AV,30,E,N,B,-,N,,0,0,,,0,,,,N,4,0,1,2,A,-,10,21952,,N,G,B,F,A,H,-,A,D,0,Y,,,,Y,,A,1,0,0,1,0,1,0,0,0,0,- ,- ,0,0,1500,1,LOS ANGELES,LOS ANGELES,CA,-118.2564133,34.00483322,"43RD PL & CENTRAL AVE, LOS ANGELES, CA",43RD PL,CENTRAL AVE,145538,
-118.3717321,33.97737503,56642,8805714,2019,2019-02-19T00:00:00.000Z,1942,2019-01-15T00:00:00.000Z,1455,43088,1469,2,5,7,1942,0,0,0,N,0,14A67,S LA TIJERA BL,W CENTINELA AV,0,,Y,C,-,N,,0,0,,,0,,,,N,4,0,1,2,A,-,17,21451,A,N,D,G,A,B,H,-,A,A,0,,Y,,,Y,,A,1,0,0,1,0,0,0,1,0,0,- ,- ,0,0,1500,1,LOS ANGELES,LOS ANGELES,CA,-118.3717321,33.97737503,"LA TIJERA BLVD & CENTINELA AVE, LOS ANGELES, CA",LA TIJERA BLVD,CENTINELA AVE,96023,
-118.4716706,33.98741531,56643,8805722,2019,2019-02-19T00:00:00.000Z,1942,2019-01-25T00:00:00.000Z,1400,43434,1431,5,5,7,1942,0,0,0,N,0,14A28,VENICE WY,PACIFIC AV,100,E,N,A,-,N,,0,0,,,0,,,,N,4,0,1,2,A,-,11,21956,A,F,G,B,E,A,H,-,A,D,0,Y,,,,Y,,N,60,0,0,1,0,1,0,0,0,0,- ,- ,0,0,1500,1,LOS ANGELES,LOS ANGELES,CA,-118.4716706,33.98741531,"VENICE WAY & PACIFIC AVE, LOS ANGELES, CA",VENICE WAY,PACIFIC AVE,102198,
-118.4442857,34.06151581,56644,8805730,2019,2019-02-19T00:00:00.000Z,1942,2019-01-23T00:00:00.000Z,1230,43441,817,3,5,7,1942,0,0,0,H,0,8A24,GLENDON AV,KINROSS AV,275,N,N,A,-,N,,0,0,,,0,,,,Y,4,0,1,2,A,-,- ,0,,F,G,B,F,A,H,-,A,-,0,Y,,,,Y,,A,1,0,0,1,0,1,0,0,0,0,- ,- ,0,0,1500,1,LOS ANGELES,LOS ANGELES,CA,-118.4442857,34.06151581,"GLENDON AVE & KINROSS AVE, LOS ANGELES, CA",GLENDON AVE,KINROSS AVE,114604,