X,Y,OBJECTID,case_id,accident_year,proc_date,juris,collision_date,collision_time,officer_id,reporting_district,day_of_week,chp_shift,population,cnty_city_loc,special_cond,beat_type,chp_beat_type,city_division_lapd,chp_beat_class,beat_number,primary_rd,secondary_rd,distance,direction,intersection,weather_1,weather_2,state_hwy_ind,caltrans_county,caltrans_district,state_route,route_suffix,postmile_prefix,postmile,location_type,ramp_intersection,side_of_hwy,tow_away,collision_severity,number_killed,number_injured,party_count,primary_coll_factor,pcf_code_of_viol,pcf_viol_category,pcf_violation,pcf_viol_subsection,hit_and_run,type_of_collision,mviw,ped_action,road_surface,road_cond_1,road_cond_2,lighting,control_device,chp_road_type,pedestrian_accident,bicycle_accident,motorcycle_accident,truck_accident,not_private_property,alcohol_involved,stwd_vehtype_at_fault,chp_vehtype_at_fault,count_severe_inj,count_visible_inj,count_complaint_pain,count_ped_killed,count_ped_injured,count_bicyclist_killed,count_bicyclist_injured,count_mc_killed,count_mc_injured,primary_ramp,secondary_ramp,latitude,longitude,timecat,month_,city,county,state,point_x,point_y,match_addr,m_primaryrd,m_secondrd,int_id,Flag
-118.3878322,34.23369598,56735,8807857,2019,2019-03-11T00:00:00.000Z,1942,2019-01-30T00:00:00.000Z,1425,40141,1672,3,5,7,1942,0,0,0,P,0,16A77,LANKERSHIM BL,SAN FERNANDO RD,0,,Y,A,-,N,,0,0,,,0,,,,N,3,0,1,1,A,-,3,22350,,N,E,I,A,A,H,-,A,D,0,,,Y,,Y,,C,2,0,1,0,0,0,0,0,0,1,- ,- ,0,0,1500,1,LOS ANGELES,LOS ANGELES,CA,-118.3878322,34.23369598,"LANKERSHIM BLVD & SAN FERNANDO RD, LOS ANGELES, CA",LANKERSHIM BLVD,SAN FERNANDO RD,119311,
-118.4601185,34.15278244,56736,8807859,2019,2019-03-07T00:00:00.000Z,1942,2019-01-30T00:00:00.000Z,1405,39410,981,3,5,7,1942,0,0,0,I,0,9A89,VENTURA BL,LEMONA AV,150,W,N,A,-,N,,0,0,,,0,,,,N,3,0,1,2,A,-,8,22107,,N,H,G,A,A,H,-,A,A,0,,Y,,,Y,,L,4,0,1,0,0,0,0,1,0,0,- ,- ,0,0,1500,1,LOS ANGELES,LOS ANGELES,CA,-118.4601185,34.15278244,"VENTURA BLVD & LEMONA AVE, LOS ANGELES, CA",VENTURA BLVD,LEMONA AVE,125795,
-118.3719367,34.06414795,56737,8807883,2019,2019-03-06T00:00:00.000Z,1942,2019-01-07T00:00:00.000Z,1250,41376,742,1,5,7,1942,0,0,0,G,0,7A21,SAN VICENTE BL,WILSHIRE BL,50,S,N,B,-,N,,0,0,,,0,,,,N,3,0,1,2,A,-,3,22350,,N,C,C,A,B,H,-,A,D,0,,,Y,,Y,,C,2,0,1,0,0,0,0,0,0,1,- ,- ,0,0,1500,1,LOS ANGELES,LOS ANGELES,CA,-118.3719367,34.06414795,"SAN VICENTE BLVD (BEVERLY GROVE) & WILSHIRE BLVD, LOS ANGELES, CA",SAN VICENTE BLVD (BEVERLY GROVE),WILSHIRE BLVD,109545,
-118.3734021,34.08343506,56738,8807887,2019,2019-03-06T00:00:00.000Z,1942,2019-01-24T00:00:00.000Z,1450,37900,701,4,5,7,1942,0,0,0,G,0,7A1,MELROSE PL,MELROSE AV,0,,Y,A,-,N,,0,0,,,0,,,,Y,3,0,1,2,A,-,9,21802,A,N,D,C,A,A,H,-,A,A,0,,,Y,,Y,,A,8,0,1,0,0,0,0,0,0,1,- ,- ,0,0,1500,1,LOS ANGELES,LOS ANGELES,CA,-118.3734021,34.08343506,"MELROSE PL & MELROSE AVE, LOS ANGELES, CA",MELROSE PL,MELROSE AVE,1795,
-118.3460521,34.04417419,56739,8807891,2019,2019-03-06T00:00:00.000Z,1942,2019-01-25T00:00:00.000Z,1411,41671,774,5,5,7,1942,0,0,0,G,0,7A85,LA BREA AV,SAINT ELMO DR,0,,Y,A,-,N,,0,0,,,0,,,,Y,4,0,4,2,A,-,9,21801,A,N,D,C,A,A,H,-,A,D,0,,,,,Y,,A,7,0,0,4,0,0,0,0,0,0,- ,- ,0,0,1500,1,LOS ANGELES,LOS ANGELES,CA,-118.3460521,34.04417419,"LA BREA AVE & ST ELMO DR, LOS ANGELES, CA",LA BREA AVE,ST ELMO DR,142057,
-118.3766222,34.07603455,56740,8807911,2019,2019-03-06T00:00:00.000Z,1942,2019-01-17T00:00:00.000Z,1450,35203,721,4,5,7,1942,0,0,0,G,0,7A21,N LA CIENEGA BL,BEVERLY BL,0,,Y,B,-,N,,0,0,,,0,,,,Y,3,0,2,2,A,-,9,21801,A,N,D,C,A,A,H,-,A,A,0,,,,,Y,,A,1,0,1,1,0,0,0,0,0,0,- ,- ,0,0,1500,1,LOS ANGELES,LOS ANGELES,CA,-118.3766222,34.07603455,"LA CIENEGA BLVD & BEVERLY BLVD, LOS ANGELES, CA",LA CIENEGA BLVD,BEVERLY BLVD,110912,
-118.4465743,34.14760971,56741,8809359,2019,2019-05-18T00:00:00.000Z,1942,2019-01-26T00:00:00.000Z,1240,35675,984,6,5,7,1942,0,0,0,I,0,9A89W2,BEVERLY GLEN BL,GREENLEAF ST,35,S,N,A,-,N,,0,0,,,0,,,,N,4,0,4,4,A,-,3,22350,,N,C,C,A,A,H,-,A,D,0,,,,,Y,Y,A,1,0,0,4,0,0,0,0,0,0,- ,- ,0,0,1500,1,LOS ANGELES,LOS ANGELES,CA,-118.4465743,34.14760971,"BEVERLY GLEN BLVD & GREENLEAF ST, LOS ANGELES, CA",BEVERLY GLEN BLVD,GREENLEAF ST,112616,
-118.2634405,33.79114914,56743,8809759,2019,2019-03-08T00:00:00.000Z,1942,2019-01-06T00:00:00.000Z,1330,36659,516,7,5,7,1942,0,0,0,,0,5A15,PACIFIC COAST HWY,AVALON ST,30,W,N,A,-,N,,0,0,,,0,,,,N,0,0,0,2,A,-,9,21804,A,M,B,C,A,A,H,-,A,D,0,,,,,Y,,-,99,0,0,0,0,0,0,0,0,0,- ,- ,0,0,1500,1,LOS ANGELES,LOS ANGELES,CA,-118.2634405,33.79114914,"PACIFIC COAST HWY & AVALON BLVD, LOS ANGELES, CA",PACIFIC COAST HWY,AVALON BLVD,117210,
-118.5011122,34.1687851,56744,8809781,2019,2019-03-07T00:00:00.000Z,1942,2019-01-23T00:00:00.000Z,1300,33294,1068,3,5,7,1942,0,0,0,J,0,10A99,BALBOA BL,CLARK ST,0,,Y,A,-,N,,0,0,,,0,,,,Y,4,0,1,2,A,-,9,21801,A,N,A,C,A,A,H,-,A,A,0,,,,,Y,Y,A,1,0,0,1,0,0,0,0,0,0,- ,- ,0,0,1500,1,LOS ANGELES,LOS ANGELES,CA,-118.5011122,34.1687851,"BALBOA BLVD & CLARK ST, LOS ANGELES, CA",BALBOA BLVD,CLARK ST,143676,
-118.3003621,34.03996658,56745,8809948,2019,2019-03-12T00:00:00.000Z,1942,2019-01-31T00:00:00.000Z,1350,43623,2076,4,5,7,1942,0,0,0,,0,2A42,WASHINGTON BL,NORMANDIE AV,0,,Y,C,-,N,,0,0,,,0,,,,N,3,0,1,2,D,-,0,0,,F,H,G,A,B,H,-,A,D,0,,Y,,,Y,,-,- ,0,1,0,0,0,0,1,0,0,- ,- ,0,0,1500,1,LOS ANGELES,LOS ANGELES,CA,-118.3003621,34.03996658,"WASHINGTON BLVD & NORMANDIE AVE, LOS ANGELES, CA",WASHINGTON BLVD,NORMANDIE AVE,128090,
-118.2012621,34.03588486,56746,8810002,2019,2019-03-12T00:00:00.000Z,1942,2019-01-30T00:00:00.000Z,1240,39927,468,3,5,7,1942,0,0,0,,0,468,FRESNO ST,4TH ST,0,,Y,A,-,N,,0,0,,,0,,,,N,4,0,1,2,A,-,10,21950,A,F,G,B,B,A,H,-,A,A,0,Y,,,,Y,,-,99,0,0,1,0,1,0,0,0,0,- ,- ,0,0,1500,1,LOS ANGELES,LOS ANGELES,CA,-118.2012621,34.03588486,"FRESNO ST & 4TH ST, LOS ANGELES, CA",FRESNO ST,4TH ST,103595,
-118.2396822,34.01642609,56747,8810025,2019,2019-03-12T00:00:00.000Z,1942,2019-01-28T00:00:00.000Z,1344,31152,1309,1,5,7,1942,0,0,0,M,0,13A9,ALAMEDA ST,22ND ST,0,,Y,A,-,N,,0,0,,,0,,,,Y,4,0,1,2,A,-,9,21801,A,N,D,C,A,A,H,-,A,D,0,,,,,Y,,A,1,0,0,1,0,0,0,0,0,0,- ,- ,0,0,1500,1,LOS ANGELES,LOS ANGELES,CA,-118.2396822,34.01642609,"ALAMEDA ST & 22ND ST, LOS ANGELES, CA",ALAMEDA ST,22ND ST,131686,
-118.2564821,33.97498322,56748,8810029,2019,2019-03-12T00:00:00.000Z,1942,2019-01-23T00:00:00.000Z,1445,38729,1395,3,5,7,1942,0,0,0,M,0,13A93,CENTRAL AV,FLORENCE AV,80,N,N,A,-,N,,0,0,,,0,,,,N,4,0,1,3,A,-,3,22350,,N,C,C,A,A,H,-,A,D,0,,,,,Y,,A,1,0,0,1,0,0,0,0,0,0,- ,- ,0,0,1500,1,LOS ANGELES,LOS ANGELES,CA,-118.2564821,33.97498322,"CENTRAL AVE & FLORENCE AVE, LOS ANGELES, CA",CENTRAL AVE,FLORENCE AVE,131143,
-118.2669114,34.0317688,56749,8810039,2019,2019-03-14T00:00:00.000Z,1942,2019-01-22T00:00:00.000Z,1445,37952,1321,2,5,7,1942,0,0,0,M,0,13A13,S HALL ST,WASHINGTON BL,90,S,N,A,-,N,,0,0,,,0,,,,N,0,0,0,2,A,-,3,22350,,N,C,C,A,A,H,-,A,D,0,,,,,Y,,A,1,0,0,0,0,0,0,0,0,0,- ,- ,0,0,1500,1,LOS ANGELES,LOS ANGELES,CA,-118.2669114,34.0317688,"HILL ST & WASHINGTON BLVD, LOS ANGELES, CA",HILL ST,WASHINGTON BLVD,105717,
-118.2215314,34.04297638,56750,8810046,2019,2019-03-12T00:00:00.000Z,1942,2019-01-01T00:00:00.000Z,1350,38729,461,2,5,7,1942,0,0,0,D,0,4A71,4TH ST,PECAN ST,67,E,N,A,-,N,,0,0,,,0,,,,Y,3,0,1,2,A,-,8,22107,,F,B,C,A,A,H,-,A,D,0,,,,,Y,,-,99,0,1,0,0,0,0,0,0,0,- ,- ,0,0,1500,1,LOS ANGELES,LOS ANGELES,CA,-118.2215314,34.04297638,"4TH ST & PECAN ST, LOS ANGELES, CA",4TH ST,PECAN ST,117600,
-118.2079076,34.07373428,56751,8810051,2019,2019-03-08T00:00:00.000Z,1942,2019-01-23T00:00:00.000Z,1250,37505,422,3,5,7,1942,0,0,0,D,0,4A15,N BROADWAY,EASTLAKE AV,32,S,N,A,-,N,,0,0,,,0,,,,Y,0,0,0,2,A,-,9,21804,A,M,D,C,A,A,H,-,A,D,0,,,,,Y,,-,99,0,0,0,0,0,0,0,0,0,- ,- ,0,0,1500,1,LOS ANGELES,LOS ANGELES,CA,-118.2079076,34.07373428,"N BROADWAY & EASTLAKE AVE, LOS ANGELES, CA",N BROADWAY,EASTLAKE AVE,111237,
-118.3697039,34.10884476,56752,8810332,2019,2019-03-06T00:00:00.000Z,1942,2019-01-30T00:00:00.000Z,1200,37700,632,3,5,7,1942,0,0,0,F,0,6A31,LAUREL CANYON BL,KIRKWOOD DR,0,,Y,A,-,N,,0,0,,,0,,,,N,4,0,1,2,A,-,12,21453,A,N,D,C,A,A,H,-,A,A,0,,,Y,,Y,,-,- ,0,0,1,0,0,0,0,0,1,- ,- ,0,0,1500,1,LOS ANGELES,LOS ANGELES,CA,-118.3697039,34.10884476,"LAUREL CANYON BLVD & KIRKWOOD DR, LOS ANGELES, CA",LAUREL CANYON BLVD,KIRKWOOD DR,121830,
-118.3475995,34.04545975,56753,8810376,2019,2019-03-06T00:00:00.000Z,1942,2019-01-09T00:00:00.000Z,1300,38282,774,3,5,7,1942,0,0,0,G,0,7A85,VENICE BL,ORANGE DR,100,E,N,A,-,N,,0,0,,,0,,,,N,4,0,1,2,A,-,5,21202,A,N,B,G,A,A,H,-,A,D,0,,Y,,,Y,,L,4,0,0,1,0,0,0,1,0,0,- ,- ,0,0,1500,1,LOS ANGELES,LOS ANGELES,CA,-118.3475995,34.04545975,"VENICE BLVD & ORANGE DR, LOS ANGELES, CA",VENICE BLVD,ORANGE DR,119850,
-118.3583685,34.0608139,56754,8810388,2019,2019-03-06T00:00:00.000Z,1942,2019-01-23T00:00:00.000Z,1450,31465,743,3,5,7,1942,0,0,0,G,0,7A33,SPAULDING AV,8TH ST,12,E,N,A,-,N,,0,0,,,0,,,,N,4,0,1,2,A,-,10,21950,A,N,G,B,B,A,H,-,A,A,0,Y,,,,Y,,A,7,0,0,1,0,1,0,0,0,0,- ,- ,0,0,1500,1,LOS ANGELES,LOS ANGELES,CA,-118.3583685,34.0608139,"SPAULDING AVE & 8TH ST, LOS ANGELES, CA",SPAULDING AVE,8TH ST,142002,
-118.4345658,34.04644775,56755,8810728,2019,2019-03-13T00:00:00.000Z,1942,2019-01-29T00:00:00.000Z,1340,40235,835,2,5,7,1942,0,0,0,H,0,8A35,LA GRANGE AV,WESTWOOD BL,145,W,N,A,-,N,,0,0,,,0,,,,N,0,0,0,1,A,-,21,22106,,N,H,I,A,A,H,-,A,D,0,,,,,Y,,A,1,0,0,0,0,0,0,0,0,0,- ,- ,0,0,1500,1,LOS ANGELES,LOS ANGELES,CA,-118.4345658,34.04644775,"LA GRANGE AVE & WESTWOOD BLVD, LOS ANGELES, CA",LA GRANGE AVE,WESTWOOD BLVD,132346,
-118.3077167,34.10173798,56756,8810740,2019,2019-03-13T00:00:00.000Z,1942,2019-01-31T00:00:00.000Z,1445,40753,648,4,5,7,1942,0,0,0,,0,6A49,HOLLYWOOD BL,SERRANO AV,150,W,N,B,-,N,,0,0,,,0,,,,N,4,0,1,2,A,-,8,22102,,M,D,C,A,B,H,-,A,D,0,,,,,Y,,-,99,0,0,1,0,0,0,0,0,0,- ,- ,0,0,1500,1,LOS ANGELES,LOS ANGELES,CA,-118.3077167,34.10173798,"HOLLYWOOD BLVD & SERRANO AVE, LOS ANGELES, CA",HOLLYWOOD BLVD,SERRANO AVE,114851,
-118.3835862,34.05936432,56757,8810755,2019,2019-03-13T00:00:00.000Z,1942,2019-01-23T00:00:00.000Z,1340,40235,849,3,5,7,1942,0,0,0,H,0,8A59,OLYMPIC BL,ROBERTSON BL,20,E,N,A,-,N,,0,0,,,0,,,,N,4,0,2,2,A,-,3,22350,,N,C,C,A,A,H,-,A,D,0,,,,,Y,,A,1,0,0,2,0,0,0,0,0,0,- ,- ,0,0,1500,1,LOS ANGELES,LOS ANGELES,CA,-118.3835862,34.05936432,"OLYMPIC BLVD & ROBERTSON BLVD, LOS ANGELES, CA",OLYMPIC BLVD,ROBERTSON BLVD,117457,
-118.4161594,34.03081513,56758,8810844,2019,2019-03-11T00:00:00.000Z,1942,2019-01-24T00:00:00.000Z,1245,43444,893,4,5,7,1942,0,0,0,H,0,1427,NATIONAL BL,OVERLAND AV,50,E,N,A,-,N,,0,0,,,0,,,,N,0,0,0,2,A,-,7,21658,A,N,B,C,A,A,H,-,A,A,0,,,,Y,Y,,F,26,0,0,0,0,0,0,0,0,0,- ,- ,0,0,1500,1,LOS ANGELES,LOS ANGELES,CA,-118.4161594,34.03081512,"NATIONAL BLVD & OVERLAND AVE, LOS ANGELES, CA",NATIONAL BLVD,OVERLAND AVE,118360,
-118.3774721,34.03728485,56759,8810898,2019,2019-03-13T00:00:00.000Z,1942,2019-01-31T00:00:00.000Z,1430,42169,898,4,5,7,1942,0,0,0,H,0,8A59,LA CIENEGA BL,DAVID AV,0,,Y,A,-,N,,0,0,,,0,,,,Y,4,0,2,3,A,-,12,21453,A,N,D,C,A,B,H,-,A,A,0,,,,,Y,,A,1,0,0,2,0,0,0,0,0,0,- ,- ,0,0,1500,1,LOS ANGELES,LOS ANGELES,CA,-118.3774721,34.03728485,"LA CIENEGA BLVD & DAVID AVE, LOS ANGELES, CA",LA CIENEGA BLVD,DAVID AVE,134861,
-118.3091506,34.08535385,56760,8810906,2019,2019-03-13T00:00:00.000Z,1942,2019-01-26T00:00:00.000Z,1335,38007,678,6,5,7,1942,0,0,0,F,0,6A77,N WESTERN AV,INSTITUTE PL,30,S,N,A,-,N,,0,0,,,0,,,,N,4,0,2,3,A,-,3,22350,,N,C,C,A,A,H,-,A,D,0,,,,,Y,,A,1,0,0,2,0,0,0,0,0,0,- ,- ,0,0,1500,1,LOS ANGELES,LOS ANGELES,CA,-118.3091506,34.08535385,"WESTERN AVE & INSTITUTE PL, LOS ANGELES, CA",WESTERN AVE,INSTITUTE PL,146298,
-118.3078121,34.09075546,56761,8810918,2019,2019-03-13T00:00:00.000Z,1942,2019-01-31T00:00:00.000Z,1455,31465,678,4,5,7,1942,0,0,0,F,0,6A77,SANTA MONICA BL,OXFORD AV,0,,Y,B,-,N,,0,0,,,0,,,,N,4,0,1,2,A,-,4,21703,,N,C,C,A,B,H,-,A,A,0,,,,,Y,,A,1,0,0,1,0,0,0,0,0,0,- ,- ,0,0,1500,1,LOS ANGELES,LOS ANGELES,CA,-118.3078121,34.09075546,"SANTA MONICA BLVD & OXFORD AVE, LOS ANGELES, CA",SANTA MONICA BLVD,OXFORD AVE,100523,
-118.3657468,34.09788895,56762,8810934,2019,2019-04-05T00:00:00.000Z,1942,2019-01-28T00:00:00.000Z,1345,39624,632,1,5,7,1942,0,0,0,F,0,14TL49,N CRESCENT HEIGHTS BL,SUNSET BL,46,S,N,A,-,N,,0,0,,,0,,,,N,4,0,2,2,A,-,7,21658,A,N,B,C,A,A,H,-,A,A,0,,,,,Y,,-,- ,0,0,2,0,0,0,0,0,0,- ,- ,0,0,1500,1,LOS ANGELES,LOS ANGELES,CA,-118.3657468,34.09788895,"CRESCENT HEIGHTS BLVD & SUNSET BLVD, LOS ANGELES, CA",CRESCENT HEIGHTS BLVD,SUNSET BLVD,130202,
-118.3486222,34.21066666,56763,8812147,2019,2019-03-04T00:00:00.000Z,1942,2019-01-25T00:00:00.000Z,1200,40804,1699,5,5,7,1942,0,0,0,P,0,16X4,HOLLYWOOD WY,KESWICK ST,0,,Y,A,-,N,,0,0,,,0,,,,Y,3,0,1,2,D,-,0,0,,N,D,C,A,A,H,-,A,D,0,,,,,Y,,-,- ,0,1,0,0,0,0,0,0,0,- ,- ,0,0,1500,1,LOS ANGELES,LOS ANGELES,CA,-118.3486222,34.21066666,"HOLLYWOOD WAY & KESWICK ST, LOS ANGELES, CA",HOLLYWOOD WAY,KESWICK ST,102098,
-118.3090921,34.05584335,56764,8812262,2019,2019-02-28T00:00:00.000Z,1942,2019-01-18T00:00:00.000Z,1435,43367,2033,5,5,7,1942,0,0,0,,0,20A1,WESTERN AV,JAMES M WOOD BL,0,,Y,A,-,N,,0,0,,,0,,,,Y,4,0,1,2,A,-,9,21801,A,N,D,C,A,A,H,-,A,A,0,,,,,Y,,A,7,0,0,1,0,0,0,0,0,0,- ,- ,0,0,1500,1,LOS ANGELES,LOS ANGELES,CA,-118.3090921,34.05584335,"WESTERN AVE & JAMES M WOOD BLVD, LOS ANGELES, CA",WESTERN AVE,JAMES M WOOD BLVD,142104,
-118.2983821,34.03996658,56765,8812306,2019,2019-02-28T00:00:00.000Z,1942,2019-01-31T00:00:00.000Z,1320,42686,2076,4,5,7,1942,0,0,0,,0,20A1,WASHINGTON BL,MARIPOSA AV,0,,Y,B,-,N,,0,0,,,0,,,,N,3,0,1,2,A,-,3,22350,,F,H,G,A,B,H,-,A,D,0,,Y,,,Y,,-,99,0,1,0,0,0,0,1,0,0,- ,- ,0,0,1500,1,LOS ANGELES,LOS ANGELES,CA,-118.2983821,34.03996658,"WASHINGTON BLVD & MARIPOSA AVE, LOS ANGELES, CA",WASHINGTON BLVD,MARIPOSA AVE,145697,
-118.2720894,34.02637482,56766,8813051,2019,2019-03-12T00:00:00.000Z,1942,2019-01-18T00:00:00.000Z,1330,43615,1331,5,5,7,1942,0,0,0,M,0,13A43,ADAMS,GRAND,70,E,N,A,-,N,,0,0,,,0,,,,Y,4,0,1,3,A,-,3,22350,,N,C,E,A,A,H,-,A,D,0,,,,,Y,,A,7,0,0,1,0,0,0,0,0,0,- ,- ,0,0,1500,1,LOS ANGELES,LOS ANGELES,CA,-118.2720894,34.02637482,"ADAMS BLVD & GRAND AVE, LOS ANGELES, CA",ADAMS BLVD,GRAND AVE,117378,
-118.2795379,34.01712799,56767,8813125,2019,2019-03-11T00:00:00.000Z,1942,2019-01-17T00:00:00.000Z,1445,43619,1341,4,5,7,1942,0,0,0,M,0,13A93,W 37TH ST,S HOPE ST,50,W,N,B,-,N,,0,0,,,0,,,,Y,0,0,0,2,A,-,8,22100,B,M,D,C,A,B,H,-,A,A,0,,,,,Y,Y,-,99,0,0,0,0,0,0,0,0,0,- ,- ,0,0,1500,1,LOS ANGELES,LOS ANGELES,CA,-118.2795379,34.01712799,"37TH ST & HOPE ST, LOS ANGELES, CA",37TH ST,HOPE ST,128003,
-118.2739522,33.98241425,56768,8813133,2019,2019-03-11T00:00:00.000Z,1942,2019-01-18T00:00:00.000Z,1335,43619,1383,5,5,7,1942,0,0,0,M,0,13A93,E GAGE AV,S MAIN ST,0,,Y,A,-,N,,0,0,,,0,,,,N,0,0,0,2,A,-,9,21801,A,M,A,C,A,A,H,-,A,A,0,,,,,Y,Y,A,1,0,0,0,0,0,0,0,0,0,- ,- ,0,0,1500,1,LOS ANGELES,LOS ANGELES,CA,-118.2739522,33.98241425,"GAGE AVE & MAIN ST, LOS ANGELES, CA",GAGE AVE,MAIN ST,148760,
-118.2302763,34.01521683,56769,8813141,2019,2019-03-11T00:00:00.000Z,1942,2019-01-24T00:00:00.000Z,1420,34458,1309,4,5,7,1942,0,0,0,M,0,13A9,E 25TH ST,SANTA FE AV,20,E,N,A,-,N,,0,0,,,0,,,,N,0,0,0,1,A,-,3,22350,,M,E,I,A,A,H,-,A,D,0,,,,,Y,,-,99,0,0,0,0,0,0,0,0,0,- ,- ,0,0,1500,1,LOS ANGELES,LOS ANGELES,CA,-118.2302763,34.01521683,"25TH ST & SANTA FE AVE, LOS ANGELES, CA",25TH ST,SANTA FE AVE,135230,
-118.3869026,33.95981598,56770,8813213,2019,2019-03-07T00:00:00.000Z,1942,2019-01-29T00:00:00.000Z,1300,41671,1487,2,5,7,1942,0,0,0,N,0,14A67,MANCHESTER AV,WILEY POST AV,91,E,N,A,-,N,,0,0,,,0,,,,Y,3,0,2,2,A,-,5,21460,A,N,A,C,A,A,H,-,A,D,0,,,,,Y,,A,1,0,2,0,0,0,0,0,0,0,- ,- ,0,0,1500,1,LOS ANGELES,LOS ANGELES,CA,-118.3869026,33.95981598,"MANCHESTER AVE & WILEY POST AVE, LOS ANGELES, CA",MANCHESTER AVE,WILEY POST AVE,112624,
-118.2487728,34.02639389,56771,8813214,2019,2019-03-08T00:00:00.000Z,1942,2019-01-25T00:00:00.000Z,1215,40008,1317,5,5,7,1942,0,0,0,M,0,13A9,E 16TH ST,CENTRAL AV,10,E,N,A,-,N,,0,0,,,0,,,,N,0,0,0,1,A,-,8,22107,,N,E,I,A,A,H,-,A,D,0,,,,Y,Y,,G,27,0,0,0,0,0,0,0,0,0,- ,- ,0,0,1500,1,LOS ANGELES,LOS ANGELES,CA,-118.2487728,34.02639389,"16TH ST & CENTRAL AVE, LOS ANGELES, CA",16TH ST,CENTRAL AVE,149061,
-118.1873361,34.13935852,56773,8813909,2019,2019-03-21T00:00:00.000Z,1942,2019-01-21T00:00:00.000Z,1210,38050,1109,1,5,7,1942,0,0,0,K,0,11A17,NORTH FIGUEROA ST,COLORADO BL,450,N,N,A,-,N,,0,0,,,0,,,,Y,3,0,2,2,A,-,8,22102,,N,F,C,A,A,H,-,A,D,0,,,,,Y,,A,1,0,2,0,0,0,0,0,0,0,- ,- ,0,0,1500,1,LOS ANGELES,LOS ANGELES,CA,-118.1873361,34.13935852,"FIGUEROA ST & COLORADO BLVD, LOS ANGELES, CA",FIGUEROA ST,COLORADO BLVD,142301,
-118.5098822,34.20122528,56774,8814014,2019,2019-03-29T00:00:00.000Z,1942,2019-01-29T00:00:00.000Z,1330,41316,1027,2,5,7,1942,0,0,0,J,0,10A17,SHERMAN WY,LOUISE AV,0,,Y,A,-,N,,0,0,,,0,,,,Y,4,0,2,2,A,-,12,21453,A,N,D,C,A,A,H,-,A,A,0,,,,,Y,,A,1,0,0,2,0,0,0,0,0,0,- ,- ,0,0,1500,1,LOS ANGELES,LOS ANGELES,CA,-118.5098822,34.20122528,"SHERMAN WAY & LOUISE AVE, LOS ANGELES, CA",SHERMAN WAY,LOUISE AVE,101800,
-118.2995945,34.12071228,56775,8814291,2019,2019-03-18T00:00:00.000Z,1942,2019-01-19T00:00:00.000Z,1435,40275,1101,6,5,7,1942,0,0,0,K,0,11A1,OBSERVATOR RD,VERMONT CANYON RD,1100,S,N,A,-,N,,0,0,,,0,,,,N,0,0,0,2,A,-,8,22107,,N,B,E,A,A,H,-,A,D,0,,,,,Y,,I,10,0,0,0,0,0,0,0,0,0,- ,- ,0,0,1500,1,LOS ANGELES,LOS ANGELES,CA,-118.2995945,34.12071228,"OBSERVATORY RD & VERMONT CANYON RD, LOS ANGELES, CA",OBSERVATORY RD,VERMONT CANYON RD,116580,
-118.2445421,34.05099487,56776,8814296,2019,2019-03-18T00:00:00.000Z,1942,2019-01-30T00:00:00.000Z,1310,31713,135,3,5,7,1942,0,0,0,A,0,1A35,EAST 2ND ST,S MAIN ST,0,,Y,A,-,N,,0,0,,,0,,,,N,0,0,0,2,A,-,3,22350,,N,C,C,A,A,H,-,A,D,0,,,,,Y,,J,48,0,0,0,0,0,0,0,0,0,- ,- ,0,0,1500,1,LOS ANGELES,LOS ANGELES,CA,-118.2445421,34.05099487,"2ND ST & MAIN ST, LOS ANGELES, CA",2ND ST,MAIN ST,100013,
-118.2428782,34.12009811,56777,8814298,2019,2019-03-15T00:00:00.000Z,1942,2019-01-21T00:00:00.000Z,1404,31152,1124,1,5,7,1942,0,0,0,K,0,11A89,DREW ST,ESTARA AV,100,N,N,B,-,N,,0,0,,,0,,,,N,0,0,0,2,A,-,21,22106,,N,H,C,A,A,H,-,A,D,0,,,,,Y,,J,48,0,0,0,0,0,0,0,0,0,- ,- ,0,0,1500,1,LOS ANGELES,LOS ANGELES,CA,-118.2428782,34.12009811,"DREW ST & ESTARA AVE, LOS ANGELES, CA",DREW ST,ESTARA AVE,135415,
-118.2433381,34.00827789,56779,8815030,2019,2019-03-15T00:00:00.000Z,1942,2019-01-21T00:00:00.000Z,1440,34426,1367,1,5,7,1942,0,0,0,M,0,13A75,LONG BEACH AV,41ST ST,70,N,N,A,-,N,,0,0,,,0,,,,N,3,0,1,2,A,-,3,22350,,N,C,C,A,A,H,-,A,D,0,,,,,Y,,D,22,0,1,0,0,0,0,0,0,0,- ,- ,0,0,1500,1,LOS ANGELES,LOS ANGELES,CA,-118.2433381,34.00827789,"LONG BEACH AVE & 41ST ST, LOS ANGELES, CA",LONG BEACH AVE,41ST ST,145534,
-118.2614638,34.02956772,56780,8815038,2019,2019-03-08T00:00:00.000Z,1942,2019-01-25T00:00:00.000Z,1340,40275,1313,5,5,7,1942,0,0,0,M,0,13A13,EAST WASHINGTON BL,MAPLE AV,15,W,N,A,-,N,,0,0,,,0,,,,N,0,0,0,2,A,-,8,22107,,N,B,C,A,A,H,-,A,D,0,,,,Y,Y,,-,,0,0,0,0,0,0,0,0,0,- ,- ,0,0,1500,1,LOS ANGELES,LOS ANGELES,CA,-118.2614638,34.02956772,"WASHINGTON BLVD & MAPLE AVE, LOS ANGELES, CA",WASHINGTON BLVD,MAPLE AVE,147833,