X,Y,OBJECTID,case_id,accident_year,proc_date,juris,collision_date,collision_time,officer_id,reporting_district,day_of_week,chp_shift,population,cnty_city_loc,special_cond,beat_type,chp_beat_type,city_division_lapd,chp_beat_class,beat_number,primary_rd,secondary_rd,distance,direction,intersection,weather_1,weather_2,state_hwy_ind,caltrans_county,caltrans_district,state_route,route_suffix,postmile_prefix,postmile,location_type,ramp_intersection,side_of_hwy,tow_away,collision_severity,number_killed,number_injured,party_count,primary_coll_factor,pcf_code_of_viol,pcf_viol_category,pcf_violation,pcf_viol_subsection,hit_and_run,type_of_collision,mviw,ped_action,road_surface,road_cond_1,road_cond_2,lighting,control_device,chp_road_type,pedestrian_accident,bicycle_accident,motorcycle_accident,truck_accident,not_private_property,alcohol_involved,stwd_vehtype_at_fault,chp_vehtype_at_fault,count_severe_inj,count_visible_inj,count_complaint_pain,count_ped_killed,count_ped_injured,count_bicyclist_killed,count_bicyclist_injured,count_mc_killed,count_mc_injured,primary_ramp,secondary_ramp,latitude,longitude,timecat,month_,city,county,state,point_x,point_y,match_addr,m_primaryrd,m_secondrd,int_id,Flag
-118.5011573,34.21258545,56836,8803178,2019,2019-03-18T00:00:00.000Z,1942,2019-01-05T00:00:00.000Z,1640,38613,1007,6,5,7,1942,0,0,0,J,0,10A17,BALBOA BL,STAGG ST,200,S,N,C,-,N,,0,0,,,0,,,,Y,4,0,2,2,A,-,9,21804,A,N,B,C,A,B,H,-,B,D,0,,,,,Y,,A,1,0,0,2,0,0,0,0,0,0,- ,- ,0,0,1800,1,LOS ANGELES,LOS ANGELES,CA,-118.5011573,34.21258545,"BALBOA BLVD & STAGG ST, LOS ANGELES, CA",BALBOA BLVD,STAGG ST,119470,
-118.2642839,34.05272675,56837,8779421,2019,2019-02-11T00:00:00.000Z,1942,2019-01-02T00:00:00.000Z,1620,43206,249,3,5,7,1942,0,0,0,B,0,2A42,WILSHIRE BL,LUCAS AV,200,E,N,A,-,N,,0,0,,,0,,,,N,4,0,1,2,A,-,8,22107,,N,D,C,A,A,H,-,A,A,0,,,,,Y,,A,1,0,0,1,0,0,0,0,0,0,- ,- ,0,0,1800,1,LOS ANGELES,LOS ANGELES,CA,-118.2642839,34.05272675,"WILSHIRE BLVD & LUCAS AVE, LOS ANGELES, CA",WILSHIRE BLVD,LUCAS AVE,107026,
-118.5884522,34.19377518,56838,8805449,2019,2019-03-19T00:00:00.000Z,1942,2019-01-06T00:00:00.000Z,1730,43361,2157,7,5,7,1942,0,0,0,,0,21A42,DE SOTO AV,VANOWEN ST,0,,-,A,-,N,,0,0,,,0,,,,Y,4,0,1,2,A,-,6,21755,,N,B,C,A,A,H,-,C,B,0,,,Y,,Y,,-,,0,0,1,0,0,0,0,0,0,- ,- ,0,0,1800,1,LOS ANGELES,LOS ANGELES,CA,-118.5884522,34.19377518,"DE SOTO AVE & VANOWEN ST, LOS ANGELES, CA",DE SOTO AVE,VANOWEN ST,98072,
-118.2564909,33.95662308,56839,8772680,2019,2019-02-12T00:00:00.000Z,1942,2019-01-04T00:00:00.000Z,1510,41933,1804,5,5,7,1942,0,0,0,R,0,25T22,S CENTRAL  AV,88TH PL,39,N,N,A,-,N,,0,0,,,0,,,,Y,3,0,2,3,A,-,3,22350,,N,G,C,F,A,H,-,A,D,0,Y,,,Y,Y,,A,1,0,1,1,0,1,0,0,0,0,- ,- ,0,0,1800,1,LOS ANGELES,LOS ANGELES,CA,-118.2564909,33.95662308,"CENTRAL AVE & 88TH PL, LOS ANGELES, CA",CENTRAL AVE,88TH PL,117155,
-118.4417614,34.26231775,56841,8794142,2019,2019-03-14T00:00:00.000Z,1942,2019-01-10T00:00:00.000Z,1525,35391,1959,4,5,7,1942,0,0,0,,0,35M29,PAXTON ST,GOLDEN STATE FWY,50,W,N,A,-,Y,LA,7,5,-,-,39.281,R,4,S,Y,0,0,0,2,A,-,9,21804,A,M,D,C,A,A,H,-,A,A,0,,,,,Y,,-,99,0,0,0,0,0,0,0,0,0,- ,- ,0,0,1800,1,LOS ANGELES,LOS ANGELES,CA,-118.4417614,34.26231775,"PAXTON ST & RT 5 S/B OFF, LOS ANGELES, CA",PAXTON ST,RT 5 S/B OFF,144910,
-118.3776158,33.97209727,56842,8816646,2019,2019-05-22T00:00:00.000Z,1942,2019-01-24T00:00:00.000Z,1500,43088,1469,4,5,7,1942,0,0,0,N,0,14A67,S LA TIJERA BL,RT 405,45,S,N,A,-,Y,LA,7,405,-,-,24.641,R,4,N,N,4,0,1,2,A,-,3,22350,,N,C,C,A,A,H,-,A,A,0,,,,,Y,,A,1,0,0,1,0,0,0,0,0,0,- ,NO,0,0,1800,1,LOS ANGELES,LOS ANGELES,CA,-118.3776158,33.97209727,"LA TIJERA BLVD & RT 405 N/B ON, LOS ANGELES, CA",LA TIJERA BLVD,RT 405 N/B ON,106503,
-118.4138283,34.20146942,50015,8793406,2019,2019-02-25T00:00:00.000Z,1942,2019-01-10T00:00:00.000Z,1110,39746,1512,4,5,7,1942,0,0,0,O,0,35M65,COLDWATER CANYON AV,SHERMAN WAY,100,N,N,A,-,N,,0,0,,,0,,,,Y,4,0,1,2,A,-,9,21804,A,N,-,C,A,A,H,-,A,D,0,,,,,Y,,A,1,0,0,1,0,0,0,0,0,0,- ,- ,0,0,1200,1,LOS ANGELES,LOS ANGELES,CA,-118.4138283,34.20146942,"COLDWATER CANYON AVE & SHERMAN WAY, LOS ANGELES, CA",COLDWATER CANYON AVE,SHERMAN WAY,146672,
-118.2668061,34.0349118,50016,8795888,2019,2019-03-21T00:00:00.000Z,1942,2019-01-21T00:00:00.000Z,955,38050,192,1,5,7,1942,0,0,0,A,0,1A61,S GRAND AV,W 17TH ST,0,,Y,A,-,Y,LA,7,10,-,-,15.18,R,4,W,Y,4,0,2,2,A,-,17,21657,,N,D,C,A,A,H,-,A,A,0,,,,,Y,,A,7,0,0,2,0,0,0,0,0,0,- ,- ,0,0,1200,1,LOS ANGELES,LOS ANGELES,CA,-118.2668061,34.0349118,"GRAND AVE & RT 10/SEG WB, LOS ANGELES, CA",GRAND AVE,RT 10/SEG WB,595,
-118.4981922,34.2357254,50019,8648605,2019,2019-02-14T00:00:00.000Z,1942,2019-01-23T00:00:00.000Z,1040,38947,1796,3,5,7,1942,0,0,0,Q,0,17A95,NORDHOFF ST,PETIT AV,0,,Y,A,-,N,,0,0,,,0,,,,Y,1,1,1,2,A,-,9,21801,A,N,A,C,A,A,H,-,A,A,0,,,,,Y,Y,A,1,0,0,1,0,0,0,0,0,0,- ,- ,0,0,1200,1,LOS ANGELES,LOS ANGELES,CA,-118.4981922,34.2357254,"NORDHOFF ST & PETIT AVE, LOS ANGELES, CA",NORDHOFF ST,PETIT AVE,150538,
-118.3675324,34.17220306,50020,8761777,2019,2019-02-01T00:00:00.000Z,1942,2019-01-07T00:00:00.000Z,905,40065,1549,1,5,7,1942,0,0,0,O,0,15A39,BURBANK BL,SATSUMA AV,6,E,N,B,-,N,,0,0,,,0,,,,Y,3,0,1,2,A,-,8,22107,,F,D,C,A,A,H,-,A,D,0,,,Y,,Y,,A,1,0,1,0,0,0,0,0,0,1,- ,- ,0,0,1200,1,LOS ANGELES,LOS ANGELES,CA,-118.3675324,34.17220306,"BURBANK BLVD & SATSUMA AVE, LOS ANGELES, CA",BURBANK BLVD,SATSUMA AVE,97667,
-118.4178477,34.26649475,50021,8762014,2019,2019-02-14T00:00:00.000Z,1942,2019-01-01T00:00:00.000Z,1110,39281,1623,2,5,7,1942,0,0,0,P,0,16A23,CARL ST,PALA AV,71,W,N,A,-,N,,0,0,,,0,,,,N,0,0,0,3,A,-,5,21650,,M,B,E,A,A,H,-,A,A,0,,,,,Y,,-,99,0,0,0,0,0,0,0,0,0,- ,- ,0,0,1200,1,LOS ANGELES,LOS ANGELES,CA,-118.4178477,34.26649475,"CARL ST & PALA AVE, LOS ANGELES, CA",CARL ST,PALA AVE,133392,
-118.2610521,33.95924377,50022,8770527,2019,2019-02-13T00:00:00.000Z,1942,2019-01-02T00:00:00.000Z,1050,37724,1804,3,5,7,1942,0,0,0,R,0,18A3,MCKINLEY PL,87TH ST EAST,0,,Y,A,-,N,,0,0,,,0,,,,Y,0,0,0,2,A,-,12,22450,A,M,D,C,A,A,H,-,A,A,0,,,,Y,Y,,A,1,0,0,0,0,0,0,0,0,0,- ,- ,0,0,1200,1,LOS ANGELES,LOS ANGELES,CA,-118.2610521,33.95924377,"MCKINLEY PL & 87TH ST, LOS ANGELES, CA",MCKINLEY PL,87TH ST,110169,
-118.3045722,34.00371552,50023,8770843,2019,2019-02-02T00:00:00.000Z,1942,2019-01-03T00:00:00.000Z,915,33599,397,4,5,7,1942,0,0,0,C,0,3A99,DENKER AV,VERNON AV,0,,Y,A,-,N,,0,0,,,0,,,,N,4,0,1,2,A,-,10,21950,A,N,G,C,B,A,H,-,A,A,0,Y,,,,Y,,A,1,0,0,1,0,1,0,0,0,0,- ,- ,0,0,1200,1,LOS ANGELES,LOS ANGELES,CA,-118.3045722,34.00371552,"DENKER AVE & VERNON AVE, LOS ANGELES, CA",DENKER AVE,VERNON AVE,120916,
-118.4326917,33.95969391,50024,8774160,2019,2019-02-08T00:00:00.000Z,1942,2019-01-03T00:00:00.000Z,1113,38721,1473,4,5,7,1942,0,0,0,N,0,14A73,MANCHESTER AV,SARAN DR,12,W,N,A,-,N,,0,0,,,0,,,,N,3,0,1,2,A,-,3,22350,,N,C,C,A,A,H,-,A,A,0,,,Y,,Y,,A,1,0,1,0,0,0,0,0,0,1,- ,- ,0,0,1200,1,LOS ANGELES,LOS ANGELES,CA,-118.4326917,33.95969391,"MANCHESTER AVE & SARAN DR, LOS ANGELES, CA",MANCHESTER AVE,SARAN DR,137106,
-118.4800095,33.99736404,50025,8776112,2019,2019-02-11T00:00:00.000Z,1942,2019-01-08T00:00:00.000Z,1050,38721,1452,2,5,7,1942,0,0,0,N,0,14A11,VIA MARINA CT,PACIFIC AV,7,W,N,A,B,N,,0,0,,,0,,,,N,0,0,0,1,A,-,8,22107,,N,E,I,A,A,H,-,A,D,0,,,,,Y,,M,96,0,0,0,0,0,0,0,0,0,- ,- ,0,0,1200,1,LOS ANGELES,LOS ANGELES,CA,-118.4800095,33.99736404,"MARINE CT & PACIFIC AVE, LOS ANGELES, CA",MARINE CT,PACIFIC AVE,157811,
-118.5185022,34.18662643,50026,8776251,2019,2019-02-02T00:00:00.000Z,1942,2019-01-02T00:00:00.000Z,1125,40398,1037,3,5,7,1942,0,0,0,J,0,10A17,VICTORY BL,WHITE OAK AV,0,,Y,A,-,N,,0,0,,,0,,,,N,4,0,1,2,A,-,12,21453,A,N,D,C,A,A,H,-,A,A,0,,,,,Y,,A,1,0,0,1,0,0,0,0,0,0,- ,- ,0,0,1200,1,LOS ANGELES,LOS ANGELES,CA,-118.5185022,34.18662643,"VICTORY BLVD & WHITE OAK AVE, LOS ANGELES, CA",VICTORY BLVD,WHITE OAK AVE,98627,
-118.6060785,34.2545433,50027,8776319,2019,2019-02-02T00:00:00.000Z,1942,2019-01-03T00:00:00.000Z,1045,41158,1751,4,5,7,1942,0,0,0,Q,0,17A23,TOPANGA CANYON BL,CRAGGYVIEW ST,322,S,N,A,-,N,,0,0,,,0,,,,Y,2,0,1,5,A,-,9,21801,A,N,B,C,A,A,H,-,A,D,0,,,,,Y,,A,1,1,0,0,0,0,0,0,0,0,- ,- ,0,0,1200,1,LOS ANGELES,LOS ANGELES,CA,-118.6060785,34.2545433,"TOPANGA CANYON BLVD & CRAGGY VIEW ST, LOS ANGELES, CA",TOPANGA CANYON BLVD,CRAGGY VIEW ST,98556,
-118.3483123,34.06228638,50028,8776494,2019,2019-02-02T00:00:00.000Z,1942,2019-01-03T00:00:00.000Z,940,27475,735,4,5,7,1942,0,0,0,G,0,34M5,DUNSMUIR AV,WILSHIRE BL,8,S,N,A,-,N,,0,0,,,0,,,,N,4,0,1,2,A,-,12,21453,A,N,H,G,A,A,H,-,A,A,0,,Y,,,Y,,A,1,0,0,1,0,0,0,1,0,0,- ,- ,0,0,1200,1,LOS ANGELES,LOS ANGELES,CA,-118.3483123,34.06228638,"DUNSMUIR AVE & WILSHIRE BLVD, LOS ANGELES, CA",DUNSMUIR AVE,WILSHIRE BLVD,98779,
-118.4566621,34.04442596,50029,8776505,2019,2019-03-29T00:00:00.000Z,1942,2019-01-07T00:00:00.000Z,1115,39655,852,1,5,7,1942,0,0,0,H,0,8A53,OHIO AV,S BARRINGTON AV,0,,Y,B,C,N,,0,0,,,0,,,,Y,3,0,1,2,A,-,12,21453,A,N,D,C,A,B,H,-,A,A,0,,,,,Y,,-,- ,0,1,0,0,0,0,0,0,0,- ,- ,0,0,1200,1,LOS ANGELES,LOS ANGELES,CA,-118.4566621,34.04442596,"OHIO AVE & BARRINGTON AVE, LOS ANGELES, CA",OHIO AVE,BARRINGTON AVE,131890,
-118.4571022,34.03525543,50030,8776521,2019,2019-02-02T00:00:00.000Z,1942,2019-01-02T00:00:00.000Z,1158,41671,881,3,5,7,1942,0,0,0,H,0,8A53,MISSOURI AV,S BUNDY DR,0,,Y,A,-,N,,0,0,,,0,,,,N,3,0,1,2,A,-,10,21950,A,N,G,B,B,A,H,-,A,A,0,Y,,,,Y,,A,1,0,1,0,0,1,0,0,0,0,- ,- ,0,0,1200,1,LOS ANGELES,LOS ANGELES,CA,-118.4571022,34.03525543,"MISSOURI AVE & BUNDY DR, LOS ANGELES, CA",MISSOURI AVE,BUNDY DR,110845,
-118.2879221,33.73871231,50031,8776980,2019,2019-02-05T00:00:00.000Z,1942,2019-01-08T00:00:00.000Z,910,38025,564,2,5,7,1942,0,0,0,E,0,5A59,PACIFIC AV,6TH ST,15,S,N,A,-,N,,0,0,,,0,,,,N,4,0,1,2,A,-,3,22350,,N,C,C,A,A,H,-,A,A,0,,,,,Y,,A,1,0,0,1,0,0,0,0,0,0,- ,- ,0,0,1200,1,LOS ANGELES,LOS ANGELES,CA,-118.2879221,33.73871231,"PACIFIC AVE & 6TH ST, LOS ANGELES, CA",PACIFIC AVE,6TH ST,111079,
-118.2980622,33.98230362,50032,8777610,2019,2019-02-04T00:00:00.000Z,1942,2019-01-05T00:00:00.000Z,1040,37724,1245,6,5,7,1942,0,0,0,L,0,12A45,W GAGE AV,RAYMOND AV,0,,Y,B,-,N,,0,0,,,0,,,,Y,3,0,2,4,A,-,9,21802,A,N,D,C,A,A,H,-,A,A,0,,,,,Y,,A,1,0,1,1,0,0,0,0,0,0,- ,- ,0,0,1200,1,LOS ANGELES,LOS ANGELES,CA,-118.2980622,33.98230362,"GAGE AVE & RAYMOND AVE, LOS ANGELES, CA",GAGE AVE,RAYMOND AVE,120613,
-118.4574581,34.17883682,50033,8778001,2019,2019-02-13T00:00:00.000Z,1942,2019-01-03T00:00:00.000Z,900,27792,941,4,5,7,1942,0,0,0,I,0,9A41,KESTER AV,OXNARD ST,200,S,N,A,-,N,,0,0,,,0,,,,N,0,0,0,2,A,-,8,22107,,M,B,E,A,A,H,-,A,D,0,,,,,Y,,-,99,0,0,0,0,0,0,0,0,0,- ,- ,0,0,1200,1,LOS ANGELES,LOS ANGELES,CA,-118.4574581,34.17883682,"KESTER AVE & OXNARD ST, LOS ANGELES, CA",KESTER AVE,OXNARD ST,150552,
-118.2797821,33.74326325,50034,8778057,2019,2019-02-05T00:00:00.000Z,1942,2019-01-07T00:00:00.000Z,1040,37679,564,1,5,7,1942,0,0,0,E,0,5A59,N HARBOR BL,W 1ST ST,0,,Y,B,-,N,,0,0,,,0,,,,Y,3,0,2,2,A,-,9,21801,A,N,D,C,A,B,H,-,A,A,0,,,,,Y,,D,22,0,2,0,0,0,0,0,0,0,- ,- ,0,0,1200,1,LOS ANGELES,LOS ANGELES,CA,-118.2797821,33.74326324,"HARBOR BLVD & 1ST ST, LOS ANGELES, CA",HARBOR BLVD,1ST ST,112637,
-118.3472421,34.12847519,50035,8778074,2019,2019-02-05T00:00:00.000Z,1942,2019-01-12T00:00:00.000Z,1020,30452,1599,6,5,7,1942,0,0,0,O,0,15A67,CAHUENGA BL W,BARHAM BL,0,,Y,C,-,N,,0,0,,,0,,,,Y,4,0,1,2,A,-,12,21453,A,F,D,C,A,B,H,-,A,A,0,,,,,Y,,D,22,0,0,1,0,0,0,0,0,0,- ,- ,0,0,1200,1,LOS ANGELES,LOS ANGELES,CA,-118.3472421,34.12847519,"CAHUENGA BLVD W & BARHAM BLVD, LOS ANGELES, CA",CAHUENGA BLVD W,BARHAM BLVD,116071,
-118.2288021,33.93884659,50036,8778168,2019,2019-02-08T00:00:00.000Z,1942,2019-01-03T00:00:00.000Z,900,41492,1839,4,5,7,1942,0,0,0,R,0,DESK,S MONA BL,107TH ST,0,,-,A,-,N,,0,0,,,0,,,,N,0,0,0,2,D,-,0,0,,M,B,E,A,A,H,-,A,D,0,,,,,Y,,-,- ,0,0,0,0,0,0,0,0,0,- ,- ,0,0,1200,1,LOS ANGELES,LOS ANGELES,CA,-118.2288021,33.93884659,"MONA BLVD & 107TH ST, LOS ANGELES, CA",MONA BLVD,107TH ST,106164,
-118.3703622,34.20490646,50037,8778972,2019,2019-02-06T00:00:00.000Z,1942,2019-01-10T00:00:00.000Z,1040,38613,1506,4,5,7,1942,0,0,0,O,0,15A3,VINELAND AV,VALERIO ST,40,N,N,A,-,N,,0,0,,,0,,,,N,4,0,1,2,A,-,11,21954,A,F,G,-,D,A,H,-,A,A,0,Y,,,,Y,,N,60,0,0,1,0,1,0,0,0,0,- ,- ,0,0,1200,1,LOS ANGELES,LOS ANGELES,CA,-118.3703622,34.20490646,"VINELAND AVE & VALERIO ST, LOS ANGELES, CA",VINELAND AVE,VALERIO ST,111660,
-118.413072,34.04859924,50038,8779050,2019,2019-03-15T00:00:00.000Z,1942,2019-01-08T00:00:00.000Z,1120,35267,847,2,5,7,1942,0,0,0,H,0,8A35,W PICO BL,FOX HILLS DR,15,E,N,A,-,N,,0,0,,,0,,,,Y,0,0,0,2,A,-,8,22107,,M,B,C,A,A,H,-,A,D,0,,,,Y,Y,,A,1,0,0,0,0,0,0,0,0,0,- ,- ,0,0,1200,1,LOS ANGELES,LOS ANGELES,CA,-118.413072,34.04859924,"PICO BLVD & FOX HILLS DR, LOS ANGELES, CA",PICO BLVD,FOX HILLS DR,132343,
-118.3954735,34.05530548,50039,8779247,2019,2019-02-02T00:00:00.000Z,1942,2019-01-07T00:00:00.000Z,1130,31465,857,1,5,7,1942,0,0,0,H,0,8A95,BEVERLY DR,PICO BL,20,N,N,B,-,N,,0,0,,,0,,,,N,0,0,0,2,A,-,3,22350,,M,C,C,A,B,H,-,A,A,0,,,,,Y,,-,99,0,0,0,0,0,0,0,0,0,- ,- ,0,0,1200,1,LOS ANGELES,LOS ANGELES,CA,-118.3954735,34.05530548,"BEVERLY DR & PICO BLVD, LOS ANGELES, CA",BEVERLY DR,PICO BLVD,97222,
-118.461495,34.04501343,50040,8779267,2019,2019-04-03T00:00:00.000Z,1942,2019-01-19T00:00:00.000Z,945,34959,842,6,5,7,1942,0,0,0,H,0,8A53,WESTGATE AV,TEXAS AV,199,S,N,A,-,N,,0,0,,,0,,,,Y,0,0,0,2,A,-,6,21750,,M,B,C,A,A,H,-,A,D,0,,,,,Y,,A,1,0,0,0,0,0,0,0,0,0,- ,- ,0,0,1200,1,LOS ANGELES,LOS ANGELES,CA,-118.461495,34.04501343,"WESTGATE AVE & TEXAS AVE, LOS ANGELES, CA",WESTGATE AVE,TEXAS AVE,135312,
-118.3532654,34.04124832,50041,8779279,2019,2019-02-02T00:00:00.000Z,1942,2019-01-20T00:00:00.000Z,1055,39127,784,7,5,7,1942,0,0,0,G,0,7A73,WEST WASHINGTON BL,REDONDO BL,130,W,N,A,-,N,,0,0,,,0,,,,Y,0,0,0,2,A,-,8,22107,,M,D,E,A,A,H,-,A,D,0,,,,,Y,,A,1,0,0,0,0,0,0,0,0,0,- ,- ,0,0,1200,1,LOS ANGELES,LOS ANGELES,CA,-118.3532654,34.04124832,"WASHINGTON BLVD & REDONDO BLVD, LOS ANGELES, CA",WASHINGTON BLVD,REDONDO BLVD,121057,
-118.2065083,34.03023911,50042,8779317,2019,2019-02-12T00:00:00.000Z,1942,2019-01-26T00:00:00.000Z,1115,33311,477,6,5,7,1942,0,0,0,D,0,4A71,WHITTIER BL,EUCLID AV,300,E,N,A,-,N,,0,0,,,0,,,,N,0,0,0,3,A,-,0,22106,A,M,B,C,A,A,H,-,A,D,0,,,,,Y,,A,7,0,0,0,0,0,0,0,0,0,- ,- ,0,0,1200,1,LOS ANGELES,LOS ANGELES,CA,-118.2065083,34.03023911,"WHITTIER BLVD & EUCLID AVE, LOS ANGELES, CA",WHITTIER BLVD,EUCLID AVE,110565,
-118.3515721,34.04814529,50043,8779328,2019,2019-02-05T00:00:00.000Z,1942,2019-01-10T00:00:00.000Z,1155,37416,764,4,5,7,1942,0,0,0,G,0,7A53,W PICO BL,CLOVERDALE AV,13,S,N,A,-,N,,0,0,,,0,,,,Y,4,0,1,2,A,-,12,22450,A,N,D,C,A,A,H,-,A,A,0,,,,,Y,,A,7,0,0,1,0,0,0,0,0,0,- ,- ,0,0,1200,1,LOS ANGELES,LOS ANGELES,CA,-118.3515721,34.04814529,"PICO BLVD & CLOVERDALE AVE, LOS ANGELES, CA",PICO BLVD,CLOVERDALE AVE,106922,
-118.2651821,33.9310112,50044,8780294,2019,2019-02-21T00:00:00.000Z,1942,2019-01-06T00:00:00.000Z,1140,37724,1863,7,5,7,1942,0,0,0,R,0,18A63,AVALON BL,IMPERIAL HWY,12,S,N,A,-,N,,0,0,,,0,,,,N,0,0,0,2,A,-,3,22350,,N,C,C,A,A,H,-,A,D,0,,,,,Y,,J,48,0,0,0,0,0,0,0,0,0,- ,- ,0,0,1200,1,LOS ANGELES,LOS ANGELES,CA,-118.2651821,33.9310112,"AVALON BLVD & IMPERIAL HWY, LOS ANGELES, CA",AVALON BLVD,IMPERIAL HWY,103268,
-118.4158439,33.95354843,50045,8780323,2019,2019-01-23T00:00:00.000Z,1942,2019-01-03T00:00:00.000Z,1148,41671,1494,4,5,7,1942,0,0,0,N,0,LAX,WESTCHESTER PKWY,LOYOLA AV,425,E,N,A,-,N,,0,0,,,0,,,,N,0,0,0,2,A,-,3,22350,,M,A,C,A,A,H,-,A,D,0,,,,,Y,,A,1,0,0,0,0,0,0,0,0,0,- ,- ,0,0,1200,1,LOS ANGELES,LOS ANGELES,CA,-118.4158439,33.95354843,"WESTCHESTER PKY & LOYOLA BLVD, LOS ANGELES, CA",WESTCHESTER PKY,LOYOLA BLVD,119655,
-118.4193149,33.9531517,50046,8780358,2019,2019-01-23T00:00:00.000Z,1942,2019-01-03T00:00:00.000Z,1149,41671,1494,4,5,7,1942,0,0,0,N,0,1148,WESTCHESTER PKWY,NORTHSIDE PKWY,640,W,N,A,-,N,,0,0,,,0,,,,N,0,0,0,2,A,-,3,22350,,M,B,C,A,A,H,-,A,D,0,,,,,Y,,A,1,0,0,0,0,0,0,0,0,0,- ,- ,0,0,1200,1,LOS ANGELES,LOS ANGELES,CA,-118.4193149,33.9531517,"WESTCHESTER PKY & NORTHSIDE PKY, LOS ANGELES, CA",WESTCHESTER PKY,NORTHSIDE PKY,105619,
-118.4659412,34.15848541,50047,8781308,2019,2019-02-01T00:00:00.000Z,1942,2019-01-07T00:00:00.000Z,1015,30830,971,1,5,7,1942,0,0,0,,0,9A63,LA MAIDA ST,SEPULVEDA BL,70,E,N,B,-,N,,0,0,,,0,,,,N,0,0,0,2,A,-,8,22107,,M,A,E,A,A,H,-,A,D,0,,,,,Y,,-,99,0,0,0,0,0,0,0,0,0,- ,- ,0,0,1200,1,LOS ANGELES,LOS ANGELES,CA,-118.4659412,34.15848541,"LA MAIDA ST & SEPULVEDA BLVD, LOS ANGELES, CA",LA MAIDA ST,SEPULVEDA BLVD,118811,
-118.2779008,33.96007538,50048,8783755,2019,2019-02-02T00:00:00.000Z,1942,2019-01-10T00:00:00.000Z,920,37724,1802,4,5,7,1942,0,0,0,R,0,18A1,W MANCHESTER AV,BROADWAY,110,E,N,A,-,N,,0,0,,,0,,,,N,2,0,1,2,A,-,11,21955,,N,G,B,C,A,H,-,A,A,0,Y,,,,Y,,N,60,1,0,0,0,1,0,0,0,0,- ,- ,0,0,1200,1,LOS ANGELES,LOS ANGELES,CA,-118.2779008,33.96007538,"MANCHESTER AVE & BROADWAY, LOS ANGELES, CA",MANCHESTER AVE,BROADWAY,117804,
-118.2915621,34.01086426,50049,8784322,2019,2019-02-15T00:00:00.000Z,1942,2019-01-30T00:00:00.000Z,1105,42387,378,3,5,7,1942,0,0,0,C,0,3.00E+01,VERMONT AV,MARTIN LUTHER KING BL,0,,Y,A,-,N,,0,0,,,0,,,,N,4,0,1,2,A,-,9,21801,,N,D,C,A,A,H,-,A,A,0,,,,,Y,,D,22,0,0,1,0,0,0,0,0,0,- ,- ,0,0,1200,1,LOS ANGELES,LOS ANGELES,CA,-118.2915621,34.01086426,"VERMONT AVE & MARTIN LUTHER KING JR BLVD, LOS ANGELES, CA",VERMONT AVE,MARTIN LUTHER KING JR BLVD,148827,
-118.3308902,34.11186218,50050,8784350,2019,2019-02-28T00:00:00.000Z,1942,2019-01-09T00:00:00.000Z,1100,38282,626,3,5,7,1942,0,0,0,F,0,6A15,HOLLY DR,FINK PL,25,N,N,A,-,N,,0,0,,,0,,,,N,0,0,0,2,A,-,21,22106,,N,H,E,A,A,H,-,A,D,0,,,,,Y,,A,8,0,0,0,0,0,0,0,0,0,- ,- ,0,0,1200,1,LOS ANGELES,LOS ANGELES,CA,-118.3308902,34.11186218,"HOLLY DR & FINK PL, LOS ANGELES, CA",HOLLY DR,FINK PL,125398,
-118.3310879,34.08891678,50051,8784375,2019,2019-02-28T00:00:00.000Z,1942,2019-01-11T00:00:00.000Z,925,38282,656,5,5,7,1942,0,0,0,F,0,6A77,ROMAINE ST,WILCOX AV,26,W,N,B,-,N,,0,0,,,0,,,,N,0,0,0,2,A,-,8,22107,,N,B,E,A,A,H,-,A,D,0,,,,Y,Y,,F,26,0,0,0,0,0,0,0,0,0,- ,- ,0,0,1200,1,LOS ANGELES,LOS ANGELES,CA,-118.3310879,34.08891678,"ROMAINE ST & WILCOX AVE, LOS ANGELES, CA",ROMAINE ST,WILCOX AVE,149784,
-118.3595363,34.03248596,50052,8784399,2019,2019-02-20T00:00:00.000Z,1942,2019-01-10T00:00:00.000Z,1015,43590,311,4,5,7,1942,0,0,0,C,0,3A1,ADAMS BL,DUNSMUIR AV,20,E,N,A,-,N,,0,0,,,0,,,,Y,4,0,1,4,A,-,3,22350,,N,C,E,A,A,A,-,A,D,0,,,,,Y,,A,1,0,0,1,0,0,0,0,0,0,- ,- ,0,0,1200,1,LOS ANGELES,LOS ANGELES,CA,-118.3595363,34.03248596,"ADAMS BLVD & DUNSMUIR AVE, LOS ANGELES, CA",ADAMS BLVD,DUNSMUIR AVE,124507,
-118.2491322,33.94326401,50053,8784416,2019,2019-02-13T00:00:00.000Z,1942,2019-01-25T00:00:00.000Z,1110,37055,1837,5,5,7,1942,0,0,0,R,0,18A35,103RD ST,SUCCESS AV,0,,Y,A,-,N,,0,0,,,0,,,,N,0,0,0,2,A,-,3,22350,,M,C,C,A,A,H,-,A,D,0,,,,,Y,,-,99,0,0,0,0,0,0,0,0,0,- ,- ,0,0,1200,1,LOS ANGELES,LOS ANGELES,CA,-118.2491322,33.94326401,"103RD ST & SUCCESS AVE, LOS ANGELES, CA",103RD ST,SUCCESS AVE,124258,