X,Y,OBJECTID,case_id,accident_year,proc_date,juris,collision_date,collision_time,officer_id,reporting_district,day_of_week,chp_shift,population,cnty_city_loc,special_cond,beat_type,chp_beat_type,city_division_lapd,chp_beat_class,beat_number,primary_rd,secondary_rd,distance,direction,intersection,weather_1,weather_2,state_hwy_ind,caltrans_county,caltrans_district,state_route,route_suffix,postmile_prefix,postmile,location_type,ramp_intersection,side_of_hwy,tow_away,collision_severity,number_killed,number_injured,party_count,primary_coll_factor,pcf_code_of_viol,pcf_viol_category,pcf_violation,pcf_viol_subsection,hit_and_run,type_of_collision,mviw,ped_action,road_surface,road_cond_1,road_cond_2,lighting,control_device,chp_road_type,pedestrian_accident,bicycle_accident,motorcycle_accident,truck_accident,not_private_property,alcohol_involved,stwd_vehtype_at_fault,chp_vehtype_at_fault,count_severe_inj,count_visible_inj,count_complaint_pain,count_ped_killed,count_ped_injured,count_bicyclist_killed,count_bicyclist_injured,count_mc_killed,count_mc_injured,primary_ramp,secondary_ramp,latitude,longitude,timecat,month_,city,county,state,point_x,point_y,match_addr,m_primaryrd,m_secondrd,int_id,Flag
-118.3059757,34.09077454,50141,8794449,2019,2019-02-12T00:00:00.000Z,1942,2019-01-13T00:00:00.000Z,1147,35945,679,7,5,7,1942,0,0,0,F,0,6A79,SANTA MONICA BL,SERRANO AV,5,E,N,B,-,Y,,0,0,,,0,,,,N,3,0,7,2,A,-,3,22350,,N,C,C,A,A,H,-,A,A,0,,,,,Y,,I,20,0,1,6,0,0,0,0,0,0,- ,- ,0,0,1200,1,LOS ANGELES,LOS ANGELES,CA,-118.3059757,34.09077454,"SANTA MONICA BLVD & SERRANO AVE, LOS ANGELES, CA",SANTA MONICA BLVD,SERRANO AVE,132151,
-118.4287621,33.98122406,50142,8794483,2019,2019-03-22T00:00:00.000Z,1942,2019-01-05T00:00:00.000Z,1125,39624,1454,6,5,7,1942,0,0,0,N,0,14TL49,RT 90,CULVER BL,0,,Y,B,-,Y,LA,7,90,-,-,1.911,R,4,W,Y,4,0,5,2,A,-,12,21453,A,N,D,C,A,A,H,-,A,A,0,,,,,Y,,A,7,0,0,5,0,0,0,0,0,0,- ,- ,0,0,1200,1,LOS ANGELES,LOS ANGELES,CA,-118.4287621,33.98122406,"SR 90 E & CULVER BLVD, LOS ANGELES, CA",SR 90 E,CULVER BLVD,162885,
-118.5186122,34.2083931,50143,8794799,2019,2019-03-21T00:00:00.000Z,1942,2019-01-31T00:00:00.000Z,1150,43494,1017,4,5,7,1942,0,0,0,J,0,10A47,WHITE OAK AV,SATICOY ST,0,,-,C,-,N,,0,0,,,0,,,,Y,3,0,2,2,A,-,12,21453,A,N,D,C,A,B,H,-,A,A,0,,,,,Y,,-,- ,0,1,1,0,0,0,0,0,0,- ,- ,0,0,1200,1,LOS ANGELES,LOS ANGELES,CA,-118.5186122,34.2083931,"WHITE OAK AVE & SATICOY ST, LOS ANGELES, CA",WHITE OAK AVE,SATICOY ST,122847,
-118.3666222,34.15477371,50144,8795371,2019,2019-02-08T00:00:00.000Z,1942,2019-01-02T00:00:00.000Z,1115,39493,1557,3,5,7,1942,0,0,0,O,0,15A43,HORTENSE ST,RIVERTON AV,0,,Y,A,-,N,,0,0,,,0,,,,N,0,0,0,3,A,-,21,22106,,M,C,E,A,A,H,-,A,A,0,,,,,Y,,-,99,0,0,0,0,0,0,0,0,0,- ,- ,0,0,1200,1,LOS ANGELES,LOS ANGELES,CA,-118.3666222,34.15477371,"HORTENSE ST & RIVERTON AVE, LOS ANGELES, CA",HORTENSE ST,RIVERTON AVE,150255,
-118.5011122,34.1938858,50145,8795379,2019,2019-02-08T00:00:00.000Z,1942,2019-01-21T00:00:00.000Z,1020,39499,1047,1,5,7,1942,0,0,0,J,0,10A47,BALBOA BL,VANOWEN ST,0,,-,A,-,N,,0,0,,,0,,,,Y,0,0,0,2,A,-,3,22350,,M,C,C,A,A,H,-,A,A,0,,,,,Y,,A,1,0,0,0,0,0,0,0,0,0,- ,- ,0,0,1200,1,LOS ANGELES,LOS ANGELES,CA,-118.5011122,34.1938858,"BALBOA BLVD & VANOWEN ST, LOS ANGELES, CA",BALBOA BLVD,VANOWEN ST,133372,
-118.4719622,34.23555374,50146,8795408,2019,2019-02-11T00:00:00.000Z,1942,2019-01-13T00:00:00.000Z,1140,35481,1961,7,5,7,1942,0,0,0,,0,19A61,NORDHOFF ST,ORION AV,0,,Y,A,-,N,,0,0,,,0,,,,N,0,0,0,2,A,-,6,21755,A,M,B,C,A,A,H,-,A,D,0,,,,,Y,,-,99,0,0,0,0,0,0,0,0,0,- ,- ,0,0,1200,1,LOS ANGELES,LOS ANGELES,CA,-118.4719622,34.23555374,"NORDHOFF ST & ORION AVE, LOS ANGELES, CA",NORDHOFF ST,ORION AVE,122579,
-118.2788122,34.05337524,50147,8795674,2019,2019-03-05T00:00:00.000Z,1942,2019-01-17T00:00:00.000Z,1000,43305,LOSAN,4,5,7,1942,0,0,0,,0,2A47,JAMES M WOOD,ALVARADO ST,0,,Y,C,-,N,,0,0,,,0,,,,N,4,0,1,2,A,-,9,21801,A,N,D,C,A,B,-,-,A,A,0,,,,,Y,,A,1,0,0,1,0,0,0,0,0,0,- ,- ,0,0,1200,1,LOS ANGELES,LOS ANGELES,CA,-118.2788122,34.05337524,"JAMES M WOOD BLVD & ALVARADO ST, LOS ANGELES, CA",JAMES M WOOD BLVD,ALVARADO ST,134998,
-118.2656915,33.96284485,50148,8796107,2019,2019-02-11T00:00:00.000Z,1942,2019-01-19T00:00:00.000Z,925,27259,1269,6,5,7,1942,0,0,0,L,0,12A69,84TH ST,AVALON BL,170,W,N,A,-,N,,0,0,,,0,,,,Y,0,0,0,4,A,-,3,22350,,M,B,C,A,-,A,H,A,D,0,,,,,Y,,A,7,0,0,0,0,0,0,0,0,0,- ,- ,0,0,1200,1,LOS ANGELES,LOS ANGELES,CA,-118.2656915,33.96284485,"84TH ST & AVALON BLVD, LOS ANGELES, CA",84TH ST,AVALON BLVD,113754,
-118.2872288,34.00682449,50149,8796190,2019,2019-02-27T00:00:00.000Z,1942,2019-01-14T00:00:00.000Z,1130,33311,1346,1,5,7,1942,0,0,0,M,0,4A71,HOOPER ST,42ND ST,200,S,N,B,-,N,,0,0,,,0,,,,N,0,0,0,2,A,-,21,22106,,M,B,C,A,A,H,-,A,D,0,,,,,Y,,-,99,0,0,0,0,0,0,0,0,0,- ,- ,0,0,1200,1,LOS ANGELES,LOS ANGELES,CA,-118.2872288,34.00682449,"HOOVER ST & 42ND ST, LOS ANGELES, CA",HOOVER ST,42ND ST,124456,
-118.2608455,34.04837418,50150,8796257,2019,2019-02-15T00:00:00.000Z,1942,2019-01-14T00:00:00.000Z,930,34945,162,1,5,7,1942,0,0,0,A,0,2A45,FIGUEROA,8TH ST,200,N,N,C,-,N,,0,0,,,0,,,,N,0,0,0,2,A,-,3,22350,,N,C,C,A,B,H,-,A,D,0,,,,,Y,,A,1,0,0,0,0,0,0,0,0,0,- ,- ,0,0,1200,1,LOS ANGELES,LOS ANGELES,CA,-118.2608455,34.04837418,"FIGUEROA ST & 8TH ST, LOS ANGELES, CA",FIGUEROA ST,8TH ST,121148,
-118.300921,34.05747986,50151,8796277,2019,2019-02-15T00:00:00.000Z,1942,2019-01-10T00:00:00.000Z,1140,41671,2044,4,5,7,1942,0,0,0,,0,20A33,IROLO ST,8TH ST,78,S,N,A,-,N,,0,0,,,0,,,,N,0,0,0,2,A,-,3,22350,,N,C,C,A,A,H,-,A,D,0,,,,,Y,,A,1,0,0,0,0,0,0,0,0,0,- ,- ,0,0,1200,1,LOS ANGELES,LOS ANGELES,CA,-118.300921,34.05747986,"IROLO ST & 8TH ST, LOS ANGELES, CA",IROLO ST,8TH ST,106984,
-118.2322821,34.05887604,50152,8796319,2019,2019-03-19T00:00:00.000Z,1942,2019-01-25T00:00:00.000Z,1100,34332,119,5,5,7,1942,0,0,0,A,0,1A1,BAUCHET ST,N VIGNES ST,0,,Y,A,-,N,,0,0,,,0,,,,N,2,0,1,2,A,-,10,21950,A,N,G,B,B,A,H,-,A,A,0,Y,,,,Y,,A,1,1,0,0,0,1,0,0,0,0,- ,- ,0,0,1200,1,LOS ANGELES,LOS ANGELES,CA,-118.2322821,34.05887604,"BAUCHET ST & VIGNES ST, LOS ANGELES, CA",BAUCHET ST,VIGNES ST,114117,
-118.3247921,34.02964401,50153,8796340,2019,2019-02-26T00:00:00.000Z,1942,2019-01-31T00:00:00.000Z,1125,43659,335,4,5,7,1942,0,0,0,,0,3A63,7TH AV,MONT CLAIR ST,0,,Y,C,-,N,,0,0,,,0,,,,Y,4,0,1,2,A,-,9,21802,A,N,D,C,A,B,H,-,A,D,0,,,,,Y,,A,7,0,0,1,0,0,0,0,0,0,- ,- ,0,0,1200,1,LOS ANGELES,LOS ANGELES,CA,-118.3247921,34.02964401,"7TH AVE & MONTCLAIR ST, LOS ANGELES, CA",7TH AVE,MONTCLAIR ST,96435,
-118.2407665,34.05028534,50154,8796375,2019,2019-02-27T00:00:00.000Z,1942,2019-01-07T00:00:00.000Z,1030,40289,127,1,5,7,1942,0,0,0,A,0,1A1,E 1ST ST,S SAN PEDRO ST,50,E,N,B,-,N,,0,0,,,0,,,,N,0,0,0,2,A,-,8,22107,,N,B,E,A,B,H,-,A,D,0,,,,Y,Y,,D,22,0,0,0,0,0,0,0,0,0,- ,- ,0,0,1200,1,LOS ANGELES,LOS ANGELES,CA,-118.2407665,34.05028534,"1ST ST & SAN PEDRO ST, LOS ANGELES, CA",1ST ST,SAN PEDRO ST,102735,
-118.2463945,34.05418015,50155,8796380,2019,2019-02-28T00:00:00.000Z,1942,2019-01-03T00:00:00.000Z,925,42932,123,4,5,7,1942,0,0,0,A,0,1A1,W 1ST ST,HILL ST,80,E,N,A,-,N,,0,0,,,0,,,,N,0,0,0,2,C,-,18,0,,N,C,C,A,A,H,-,A,B,0,,,,,Y,,-,- ,0,0,0,0,0,0,0,0,0,- ,- ,0,0,1200,1,LOS ANGELES,LOS ANGELES,CA,-118.2463945,34.05418015,"1ST ST & HILL ST, LOS ANGELES, CA",1ST ST,HILL ST,121162,
-118.2879467,33.70938492,50156,8796770,2019,2019-03-05T00:00:00.000Z,1942,2019-01-17T00:00:00.000Z,1030,36553,589,4,5,7,1942,0,0,0,E,0,5A85,PACIFIC AV,38TH ST,91,S,N,C,-,N,,0,0,,,0,,,,N,0,0,0,2,A,-,8,22100,A,N,D,C,A,B,H,-,A,A,0,,,,,Y,,D,22,0,0,0,0,0,0,0,0,0,- ,- ,0,0,1200,1,LOS ANGELES,LOS ANGELES,CA,-118.2879467,33.70938492,"PACIFIC AVE & 38TH ST, LOS ANGELES, CA",PACIFIC AVE,38TH ST,138686,
-118.4214088,34.03035736,50157,8796814,2019,2019-02-14T00:00:00.000Z,1942,2019-01-20T00:00:00.000Z,1145,41671,1428,7,5,7,1942,0,0,0,N,0,14A27,NATIONAL BL,WESTWOOD BL,160,W,N,A,-,N,,0,0,,,0,,,,N,0,0,0,2,A,-,7,21658,A,M,B,C,A,A,H,-,A,D,0,,,,,Y,,-,99,0,0,0,0,0,0,0,0,0,- ,- ,0,0,1200,1,LOS ANGELES,LOS ANGELES,CA,-118.4214088,34.03035736,"NATIONAL BLVD & WESTWOOD BLVD, LOS ANGELES, CA",NATIONAL BLVD,WESTWOOD BLVD,135731,
-118.4487561,34.02296448,50158,8796834,2019,2019-02-14T00:00:00.000Z,1942,2019-01-26T00:00:00.000Z,935,36705,1401,6,5,7,1942,0,0,0,N,0,14A25,S CENTINELLA AV,OCEAN PARK DR,50,S,N,A,-,N,,0,0,,,0,,,,N,0,0,0,2,A,-,21,22106,,M,B,C,A,A,H,-,A,A,0,,,,,Y,,-,99,0,0,0,0,0,0,0,0,0,- ,- ,0,0,1200,1,LOS ANGELES,LOS ANGELES,CA,-118.4487561,34.02296448,"CENTINELA AVE & OCEAN PARK BLVD, LOS ANGELES, CA",CENTINELA AVE,OCEAN PARK BLVD,114370,
-118.2757895,33.77196884,50159,8796853,2019,2019-02-15T00:00:00.000Z,1942,2019-01-27T00:00:00.000Z,1140,43220,524,7,5,7,1942,0,0,0,,0,5A25,C ST,HAWAIIAN AV,126,E,N,A,-,N,,0,0,,,0,,,,Y,0,0,0,2,A,-,3,22350,,M,C,E,A,A,H,-,A,D,0,,,,,Y,,-,99,0,0,0,0,0,0,0,0,0,- ,- ,0,0,1200,1,LOS ANGELES,LOS ANGELES,CA,-118.2757895,33.77196884,"C ST & HAWAIIAN AVE, LOS ANGELES, CA",C ST,HAWAIIAN AVE,141818,
-118.2655255,34.00387192,50160,8796855,2019,2019-02-13T00:00:00.000Z,1942,2019-01-10T00:00:00.000Z,1120,32996,1352,4,5,7,1942,0,0,0,M,0,13A61,E VERNON AV,AVALON BL,80,W,N,A,-,N,,0,0,,,0,,,,Y,0,0,0,2,A,-,0,22320,,M,C,C,A,A,H,-,A,A,0,,,,,Y,,A,1,0,0,0,0,0,0,0,0,0,- ,- ,0,0,1200,1,LOS ANGELES,LOS ANGELES,CA,-118.2655255,34.00387192,"VERNON AVE & AVALON BLVD, LOS ANGELES, CA",VERNON AVE,AVALON BLVD,124415,
-118.2959321,34.01086044,50161,8796995,2019,2019-02-14T00:00:00.000Z,1942,2019-01-31T00:00:00.000Z,1100,42940,397,4,5,7,1942,0,0,0,C,0,3A62,BUDLONG AV,MARTIN LUTHER KING JR BL,2,S,N,C,-,N,,0,0,,,0,,,,N,0,0,0,2,A,-,8,22100,A,M,B,C,A,B,H,-,A,A,0,,,,,Y,,-,99,0,0,0,0,0,0,0,0,0,- ,- ,0,0,1200,1,LOS ANGELES,LOS ANGELES,CA,-118.2959321,34.01086044,"BUDLONG AVE & MARTIN LUTHER KING JR BLVD, LOS ANGELES, CA",BUDLONG AVE,MARTIN LUTHER KING JR BLVD,145335,
-118.2915522,34.02310562,50162,8797031,2019,2019-02-14T00:00:00.000Z,1942,2019-01-21T00:00:00.000Z,1015,30425,358,1,5,7,1942,0,0,0,C,0,3A55,VERMONT AV,36TH ST,0,,Y,B,C,N,,0,0,,,0,,,,N,0,0,0,2,A,-,8,22107,,M,B,C,A,B,H,-,A,A,0,,,,,Y,Y,-,- ,0,0,0,0,0,0,0,0,0,- ,- ,0,0,1200,1,LOS ANGELES,LOS ANGELES,CA,-118.2915522,34.02310562,"VERMONT AVE & 36TH ST, LOS ANGELES, CA",VERMONT AVE,36TH ST,131367,
-118.3163824,34.03997803,50163,8797047,2019,2019-02-19T00:00:00.000Z,1942,2019-01-23T00:00:00.000Z,900,40157,2091,3,5,7,1942,0,0,0,,0,20A71,VAN NESS AV,WASHINGTON BL,30,N,N,A,-,N,,0,0,,,0,,,,N,3,0,1,2,A,-,21,22106,,F,G,B,E,A,H,-,A,D,0,Y,,,,Y,,-,99,0,1,0,0,1,0,0,0,0,- ,- ,0,0,1200,1,LOS ANGELES,LOS ANGELES,CA,-118.3163824,34.03997803,"VAN NESS AVE & WASHINGTON BLVD, LOS ANGELES, CA",VAN NESS AVE,WASHINGTON BLVD,107008,
-118.2000022,34.05919647,50164,8797050,2019,2019-02-14T00:00:00.000Z,1942,2019-01-03T00:00:00.000Z,920,37451,448,4,5,7,1942,0,0,0,D,0,4A59,SOTO ST,LANCASTER ST,0,,Y,A,-,N,,0,0,,,0,,,,N,4,0,1,2,A,-,4,21703,,N,B,C,A,A,H,-,A,D,0,,,,,Y,,A,1,0,0,1,0,0,0,0,0,0,- ,- ,0,0,1200,1,LOS ANGELES,LOS ANGELES,CA,-118.2000022,34.05919647,"SOTO ST & LANCASTER AVE, LOS ANGELES, CA",SOTO ST,LANCASTER AVE,124669,
-118.3002651,33.98488998,50165,8797080,2019,2019-02-19T00:00:00.000Z,1942,2019-01-17T00:00:00.000Z,1000,43620,1235,4,5,7,1942,0,0,0,L,0,12A15,NORMANDIE AV,60  PL,45,S,N,C,-,N,,0,0,,,0,,,,N,4,0,1,2,A,-,0,21703,A,N,C,C,A,B,H,-,A,D,0,,,,,Y,,A,1,0,0,1,0,0,0,0,0,0,- ,- ,0,0,1200,1,LOS ANGELES,LOS ANGELES,CA,-118.3002651,33.98488998,"NORMANDIE AVE & 60TH PL, LOS ANGELES, CA",NORMANDIE AVE,60TH PL,120608,
-118.2734913,33.97468567,50166,8797085,2019,2019-02-14T00:00:00.000Z,1942,2019-01-12T00:00:00.000Z,1145,40289,1258,6,5,7,1942,0,0,0,L,0,12A57,EAST FLORENCE AV,S MAIN ST,140,E,N,B,-,N,,0,0,,,0,,,,Y,3,0,1,3,A,-,4,21703,,F,C,C,A,B,H,-,A,D,0,,,,,Y,,-,99,0,1,0,0,0,0,0,0,0,- ,- ,0,0,1200,1,LOS ANGELES,LOS ANGELES,CA,-118.2734913,33.97468567,"FLORENCE AVE & MAIN ST, LOS ANGELES, CA",FLORENCE AVE,MAIN ST,117104,
-118.355612,34.0182991,50168,8797810,2019,2019-02-11T00:00:00.000Z,1942,2019-01-23T00:00:00.000Z,950,41297,361,3,5,7,1942,0,0,0,C,0,3A1W2,LA BREA AV,COLISEUM ST,6,S,N,A,-,N,,0,0,,,0,,,,N,4,0,1,2,A,-,10,21950,A,N,G,B,B,A,H,-,A,A,0,Y,,,,Y,,A,1,0,0,1,0,1,0,0,0,0,- ,- ,0,0,1200,1,LOS ANGELES,LOS ANGELES,CA,-118.355612,34.0182991,"LA BREA AVE & COLISEUM ST, LOS ANGELES, CA",LA BREA AVE,COLISEUM ST,119588,
-118.4312591,34.15678024,50169,8797821,2019,2019-02-11T00:00:00.000Z,1942,2019-01-27T00:00:00.000Z,1030,40398,966,7,5,7,1942,0,0,0,I,0,9A63,WOODMAN AV,RIVERSIDE DR,300,S,N,A,-,N,,0,0,,,0,,,,N,4,0,1,3,A,-,21,22106,,F,C,C,A,A,H,-,A,D,0,,,,,Y,,-,99,0,0,1,0,0,0,0,0,0,- ,- ,0,0,1200,1,LOS ANGELES,LOS ANGELES,CA,-118.4312591,34.15678024,"WOODMAN AVE & RIVERSIDE DR, LOS ANGELES, CA",WOODMAN AVE,RIVERSIDE DR,133315,
-118.3407252,33.9853363,50170,8798097,2019,2019-02-13T00:00:00.000Z,1942,2019-01-13T00:00:00.000Z,1125,38025,1231,7,5,7,1942,0,0,0,L,0,12A31,W 60TH ST,RIMPAU BL,250,W,N,A,-,N,,0,0,,,0,,,,Y,0,0,0,1,A,-,3,22350,,M,E,I,A,A,H,-,A,D,0,,,,,Y,,A,1,0,0,0,0,0,0,0,0,0,- ,- ,0,0,1200,1,LOS ANGELES,LOS ANGELES,CA,-118.3407252,33.9853363,"60TH ST & RIMPAU BLVD, LOS ANGELES, CA",60TH ST,RIMPAU BLVD,96240,
-118.2504421,34.04324341,50171,8798194,2019,2019-02-08T00:00:00.000Z,1942,2019-01-06T00:00:00.000Z,930,40275,174,7,5,7,1942,0,0,0,A,0,1A85,EAST 7TH ST,S LOS ANGELES ST,0,,Y,A,-,N,,0,0,,,0,,,,Y,4,0,2,2,A,-,12,21453,A,N,D,C,A,A,H,-,A,A,0,,,,,Y,,A,1,0,0,2,0,0,0,0,0,0,- ,- ,0,0,1200,1,LOS ANGELES,LOS ANGELES,CA,-118.2504421,34.04324341,"7TH ST & LOS ANGELES ST, LOS ANGELES, CA",7TH ST,LOS ANGELES ST,128124,
-118.1900721,34.0631752,50172,8798234,2019,2019-02-08T00:00:00.000Z,1942,2019-01-17T00:00:00.000Z,1035,37451,437,4,5,7,1942,0,0,0,D,0,4A59,VALLEY BL,VINEBURN ST,0,,Y,C,-,N,,0,0,,,0,,,,Y,3,0,1,2,A,-,9,21801,A,N,D,C,A,B,H,-,A,A,0,,,,,Y,,A,1,0,1,0,0,0,0,0,0,0,- ,- ,0,0,1200,1,LOS ANGELES,LOS ANGELES,CA,-118.1900721,34.0631752,"VALLEY BLVD & VINEBURN AVE, LOS ANGELES, CA",VALLEY BLVD,VINEBURN AVE,149974,
-118.2651721,33.95019531,50173,8798519,2019,2019-03-19T00:00:00.000Z,1942,2019-01-14T00:00:00.000Z,910,42669,1824,1,5,7,1942,0,0,0,R,0,18A97,AVALON BL,95TH ST,0,,Y,C,-,N,,0,0,,,0,,,,Y,4,0,1,2,A,-,3,22350,A,N,D,C,A,B,H,-,A,D,0,,,,,Y,,A,1,0,0,1,0,0,0,0,0,0,- ,- ,0,0,1200,1,LOS ANGELES,LOS ANGELES,CA,-118.2651721,33.95019531,"AVALON BLVD & 95TH ST, LOS ANGELES, CA",AVALON BLVD,95TH ST,120753,
-118.2915822,33.90915299,50174,8798527,2019,2019-02-21T00:00:00.000Z,1942,2019-01-06T00:00:00.000Z,955,42925,1871,7,5,7,1942,0,0,0,R,0,18A41,VERMONT AV,135TH ST,0,,Y,B,-,N,,0,0,,,0,,,,Y,4,0,1,2,A,-,3,22350,,N,D,C,A,A,H,-,A,A,0,,,,,Y,,A,1,0,0,1,0,0,0,0,0,0,- ,- ,0,0,1200,1,LOS ANGELES,LOS ANGELES,CA,-118.2915822,33.90915298,"VERMONT AVE & 135TH ST, LOS ANGELES, CA",VERMONT AVE,135TH ST,102272,
-118.2664321,33.93009567,50175,8798579,2019,2019-02-14T00:00:00.000Z,1942,2019-01-09T00:00:00.000Z,1150,41917,1863,3,5,7,1942,0,0,0,R,0,19A26,TOWNE AV,115TH ST,0,,Y,A,-,N,,0,0,,,0,,,,N,0,0,0,2,A,-,12,22450,A,M,D,C,A,A,H,-,A,A,0,,,,,Y,,-,99,0,0,0,0,0,0,0,0,0,- ,- ,0,0,1200,1,LOS ANGELES,LOS ANGELES,CA,-118.2664321,33.93009567,"TOWNE AVE & 115TH ST, LOS ANGELES, CA",TOWNE AVE,115TH ST,99745,
-118.3314421,34.01091385,50176,8798849,2019,2019-03-05T00:00:00.000Z,1942,2019-01-28T00:00:00.000Z,1110,37724,393,1,5,7,1942,0,0,0,,0,3A73,W MARTIN LUTHER KING BL,DEGNAN BL,0,,Y,A,-,N,,0,0,,,0,,,,Y,0,0,0,2,A,-,12,21453,A,N,D,C,A,A,H,-,A,A,0,,,,,Y,,-,- ,0,0,0,0,0,0,0,0,0,- ,- ,0,0,1200,1,LOS ANGELES,LOS ANGELES,CA,-118.3314421,34.01091385,"MARTIN LUTHER KING JR BLVD & DEGNAN BLVD, LOS ANGELES, CA",MARTIN LUTHER KING JR BLVD,DEGNAN BLVD,124232,
-118.2494086,34.04954147,50177,8799061,2019,2019-03-29T00:00:00.000Z,1942,2019-01-23T00:00:00.000Z,934,31152,134,3,5,7,1942,0,0,0,A,0,1A41,4TH ST,BROADWAY,10,W,N,A,-,N,,0,0,,,0,,,,N,3,0,1,2,A,-,8,22107,,F,B,G,A,A,H,-,A,D,0,,Y,,,Y,,-,99,0,1,0,0,0,0,1,0,0,- ,- ,0,0,1200,1,LOS ANGELES,LOS ANGELES,CA,-118.2494086,34.04954147,"4TH ST & BROADWAY, LOS ANGELES, CA",4TH ST,BROADWAY,142160,
-118.2335521,33.92915344,50178,8799067,2019,2019-03-08T00:00:00.000Z,1942,2019-01-16T00:00:00.000Z,945,43190,9LAC,3,5,7,1942,0,0,0,,0,18A49,CROESUS AV,IMPERIAL HWY,0,,Y,C,-,N,,0,0,,,0,,,,Y,4,0,2,3,A,-,12,21453,,N,D,C,A,B,H,-,A,A,0,,,,,Y,,A,1,0,0,2,0,0,0,0,0,0,- ,- ,0,0,1200,1,LOS ANGELES,LOS ANGELES,CA,-118.2335521,33.92915344,"CROESUS AVE & IMPERIAL HWY, LOS ANGELES, CA",CROESUS AVE,IMPERIAL HWY,96270,
-118.5066222,34.27204514,50179,8799093,2019,2019-04-08T00:00:00.000Z,1942,2019-01-04T00:00:00.000Z,937,27260,1735,5,5,7,1942,0,0,0,Q,0,17A35,SAN FERNANDO MISSION BL,AMESTOY AV,0,,Y,A,-,N,,0,0,,,0,,,,N,3,0,1,2,A,-,7,21658,A,N,D,G,A,A,H,-,A,D,0,,Y,,,Y,,L,4,0,1,0,0,0,0,1,0,0,- ,- ,0,0,1200,1,LOS ANGELES,LOS ANGELES,CA,-118.5066222,34.27204514,"SAN FERNANDO MISSION BLVD & AMESTOY AVE, LOS ANGELES, CA",SAN FERNANDO MISSION BLVD,AMESTOY AVE,133511,
-118.4187043,34.03386307,50180,8799476,2019,2019-02-22T00:00:00.000Z,1942,2019-01-16T00:00:00.000Z,1140,42663,893,3,5,7,1942,0,0,0,H,0,8A59,OVERLAND AV,CLARKSON RD,219,N,N,C,-,N,,0,0,,,0,,,,N,3,0,1,2,A,-,11,21955,,N,G,B,D,B,H,-,A,A,0,Y,,,,Y,,N,60,0,1,0,0,1,0,0,0,0,- ,- ,0,0,1200,1,LOS ANGELES,LOS ANGELES,CA,-118.4187043,34.03386307,"OVERLAND AVE & CLARKSON RD, LOS ANGELES, CA",OVERLAND AVE,CLARKSON RD,128875,
-118.2740107,33.94374466,50181,8799545,2019,2019-03-01T00:00:00.000Z,1942,2019-01-14T00:00:00.000Z,950,37724,1822,1,5,7,1942,0,0,0,R,0,18A17,E 102ND ST E,MAIN ST,33,W,N,C,-,N,,0,0,,,0,,,,Y,0,0,0,1,A,-,8,22107,,N,E,I,A,B,H,-,A,D,0,,,,,Y,,A,1,0,0,0,0,0,0,0,0,0,- ,- ,0,0,1200,1,LOS ANGELES,LOS ANGELES,CA,-118.2740107,33.94374466,"102ND ST & MAIN ST, LOS ANGELES, CA",102ND ST,MAIN ST,134661,
-118.2728422,34.0111351,50182,8799603,2019,2019-02-25T00:00:00.000Z,1942,2019-01-04T00:00:00.000Z,950,37505,1342,5,5,7,1942,0,0,0,M,0,13A41,MARTIN LUTHER KING BL,W WOODLAWN AV,0,,Y,A,-,N,,0,0,,,0,,,,Y,3,0,1,2,A,-,12,21453,A,N,D,C,A,A,H,-,A,A,0,,,,,Y,,A,1,0,1,0,0,0,0,0,0,0,- ,- ,0,0,1200,1,LOS ANGELES,LOS ANGELES,CA,-118.2728422,34.0111351,"MARTIN LUTHER KING JR BLVD & WOODLAWN AVE, LOS ANGELES, CA",MARTIN LUTHER KING JR BLVD,WOODLAWN AVE,138417,
-118.2878753,33.89259338,50183,8799965,2019,2019-02-13T00:00:00.000Z,1942,2019-01-15T00:00:00.000Z,1130,43261,1881,2,5,7,1942,0,0,0,R,0,18A97,REDONDO BEACH,ORCHARD AV,150,W,N,B,-,N,,0,0,,,0,,,,N,4,0,1,2,A,-,4,21703,,F,C,C,A,B,H,-,A,A,0,,,,,Y,,-,99,0,0,1,0,0,0,0,0,0,- ,- ,0,0,1200,1,LOS ANGELES,LOS ANGELES,CA,-118.2878753,33.89259338,"REDONDO BEACH BLVD & ORCHARD AVE, LOS ANGELES, CA",REDONDO BEACH BLVD,ORCHARD AVE,124330,
-118.2541821,33.94563675,50184,8799969,2019,2019-02-13T00:00:00.000Z,1942,2019-01-22T00:00:00.000Z,1150,35901,1824,2,5,7,1942,0,0,0,R,0,18A1,CENTURY BL,CENTRAL AV,15,S,N,A,-,N,,0,0,,,0,,,,N,4,0,1,2,A,-,3,22350,,F,C,C,A,A,H,-,A,D,0,,,,,Y,,A,1,0,0,1,0,0,0,0,0,0,- ,- ,0,0,1200,1,LOS ANGELES,LOS ANGELES,CA,-118.2541821,33.94563675,"CENTURY BLVD & CENTRAL AVE, LOS ANGELES, CA",CENTURY BLVD,CENTRAL AVE,145343,
-118.4435222,34.23989487,50185,8800104,2019,2019-02-13T00:00:00.000Z,1942,2019-01-25T00:00:00.000Z,1000,40574,1966,5,5,7,1942,0,0,0,,0,35M57,TERRA BELLA ST,WOODMAN AV,0,,Y,A,-,N,,0,0,,,0,,,,Y,4,0,1,2,A,-,12,21453,A,F,D,C,A,A,H,-,A,A,0,,,,,Y,,-,99,0,0,1,0,0,0,0,0,0,- ,- ,0,0,1200,1,LOS ANGELES,LOS ANGELES,CA,-118.4435222,34.23989487,"TERRA BELLA ST & WOODMAN AVE, LOS ANGELES, CA",TERRA BELLA ST,WOODMAN AVE,123019,