X,Y,OBJECTID,case_id,accident_year,proc_date,juris,collision_date,collision_time,officer_id,reporting_district,day_of_week,chp_shift,population,cnty_city_loc,special_cond,beat_type,chp_beat_type,city_division_lapd,chp_beat_class,beat_number,primary_rd,secondary_rd,distance,direction,intersection,weather_1,weather_2,state_hwy_ind,caltrans_county,caltrans_district,state_route,route_suffix,postmile_prefix,postmile,location_type,ramp_intersection,side_of_hwy,tow_away,collision_severity,number_killed,number_injured,party_count,primary_coll_factor,pcf_code_of_viol,pcf_viol_category,pcf_violation,pcf_viol_subsection,hit_and_run,type_of_collision,mviw,ped_action,road_surface,road_cond_1,road_cond_2,lighting,control_device,chp_road_type,pedestrian_accident,bicycle_accident,motorcycle_accident,truck_accident,not_private_property,alcohol_involved,stwd_vehtype_at_fault,chp_vehtype_at_fault,count_severe_inj,count_visible_inj,count_complaint_pain,count_ped_killed,count_ped_injured,count_bicyclist_killed,count_bicyclist_injured,count_mc_killed,count_mc_injured,primary_ramp,secondary_ramp,latitude,longitude,timecat,month_,city,county,state,point_x,point_y,match_addr,m_primaryrd,m_secondrd,int_id,Flag
-118.5624141,34.20114136,50186,8803615,2019,2019-02-28T00:00:00.000Z,1942,2019-01-23T00:00:00.000Z,1000,27792,2139,3,5,7,1942,0,0,0,,0,21A29,SHERMAN WY,CORBIN AV,40,W,N,A,-,N,,0,0,,,0,,,,Y,4,0,3,3,A,-,4,21703,,N,C,C,A,A,H,-,A,A,0,,,,,Y,,A,7,0,0,3,0,0,0,0,0,0,- ,- ,0,0,1200,1,LOS ANGELES,LOS ANGELES,CA,-118.5624141,34.20114136,"SHERMAN WAY & CORBIN AVE, LOS ANGELES, CA",SHERMAN WAY,CORBIN AVE,119111,
-118.3076821,33.79488373,50187,8803637,2019,2019-03-04T00:00:00.000Z,1942,2019-01-22T00:00:00.000Z,900,41826,509,2,5,7,1942,0,0,0,E,0,5A59,WESTERN AV,253RD ST,50,N,N,A,-,N,,0,0,,,0,,,,N,4,0,2,3,A,-,3,22350,,N,C,C,A,A,H,-,A,D,0,,,,,Y,,D,22,0,0,2,0,0,0,0,0,0,- ,- ,0,0,1200,1,LOS ANGELES,LOS ANGELES,CA,-118.3076821,33.79488373,"WESTERN AVE & 253RD ST, LOS ANGELES, CA",WESTERN AVE,253RD ST,126699,
-118.4487122,34.1594162,50188,8803654,2019,2019-02-27T00:00:00.000Z,1942,2019-01-10T00:00:00.000Z,915,43149,963,4,5,7,1942,0,0,0,I,0,9A23,HUSTON AV,VAN NUYS BL,0,,Y,A,-,N,,0,0,,,0,,,,Y,4,0,2,2,A,-,12,21453,A,N,D,C,A,A,H,-,A,A,0,,,,,Y,,A,1,0,0,2,0,0,0,0,0,0,- ,- ,0,0,1200,1,LOS ANGELES,LOS ANGELES,CA,-118.4487122,34.1594162,"HUSTON ST & VAN NUYS BLVD, LOS ANGELES, CA",HUSTON ST,VAN NUYS BLVD,118736,
-118.4487322,34.17211533,50190,8803675,2019,2019-02-27T00:00:00.000Z,1942,2019-01-24T00:00:00.000Z,1025,33886,941,4,5,7,1942,0,0,0,I,0,9A41,BURBANK BL,VAN NUYS BL,0,,Y,A,-,N,,0,0,,,0,,,,Y,3,0,3,4,A,-,9,21801,A,N,D,C,A,A,H,-,A,A,0,,,,,Y,,B,1,0,1,2,0,0,0,0,0,0,- ,- ,0,0,1200,1,LOS ANGELES,LOS ANGELES,CA,-118.4487322,34.17211533,"BURBANK BLVD & VAN NUYS BLVD, LOS ANGELES, CA",BURBANK BLVD,VAN NUYS BLVD,104821,
-118.3040907,33.82452011,50191,8803729,2019,2019-02-28T00:00:00.000Z,1942,2019-01-14T00:00:00.000Z,1130,40997,507,1,5,7,1942,0,0,0,E,0,5A18,223RD ST,DENKER AV,100,W,N,C,-,N,,0,0,,,0,,,,N,3,0,1,2,A,-,8,22102,,N,D,C,A,B,H,-,A,D,0,,,,,Y,,A,7,0,1,0,0,0,0,0,0,0,- ,- ,0,0,1200,1,LOS ANGELES,LOS ANGELES,CA,-118.3040907,33.82452011,"223RD ST & DENKER AVE, LOS ANGELES, CA",223RD ST,DENKER AVE,145377,
-118.2527274,34.05694199,50192,8804210,2019,2019-03-04T00:00:00.000Z,1942,2019-01-31T00:00:00.000Z,930,34332,132,4,5,7,1942,0,0,0,A,0,1A1,S FIGUEROA ST,2ND ST,200,N,N,B,-,N,,0,0,,,0,,,,N,4,0,1,2,A,-,3,22350,,F,C,D,A,A,H,-,A,A,0,,,,,Y,,-,99,0,0,1,0,0,0,0,0,0,- ,- ,0,0,1200,1,LOS ANGELES,LOS ANGELES,CA,-118.2527274,34.05694199,"FIGUEROA ST & 2ND ST, LOS ANGELES, CA",FIGUEROA ST,2ND ST,107023,
-118.2758085,34.06460953,50193,8804417,2019,2019-03-12T00:00:00.000Z,1942,2019-01-23T00:00:00.000Z,1125,41876,235,3,5,7,1942,0,0,0,B,0,2A92,3RD ST,PARK VIEW ST,100,E,N,A,-,N,,0,0,,,0,,,,Y,0,0,0,3,A,-,3,22350,,M,C,C,A,A,H,-,A,D,0,,,,,Y,,A,1,0,0,0,0,0,0,0,0,0,- ,- ,0,0,1200,1,LOS ANGELES,LOS ANGELES,CA,-118.2758085,34.06460953,"3RD ST & PARK VIEW ST, LOS ANGELES, CA",3RD ST,PARK VIEW ST,114862,
-118.2710422,34.08707428,50194,8804569,2019,2019-03-21T00:00:00.000Z,1942,2019-01-20T00:00:00.000Z,1050,37540,1171,7,5,7,1942,0,0,0,K,0,11A71,WESTERLY TER,BERKELEY AV,0,,Y,A,-,N,,0,0,,,0,,,,N,3,0,1,2,A,-,9,21802,A,N,D,C,A,A,H,-,A,A,0,,,,,Y,,A,1,0,1,0,0,0,0,0,0,0,- ,- ,0,0,1200,1,LOS ANGELES,LOS ANGELES,CA,-118.2710422,34.08707428,"WESTERLY TER & BERKELEY AVE, LOS ANGELES, CA",WESTERLY TER,BERKELEY AVE,104310,
-118.2842221,34.05240631,50195,8804581,2019,2019-03-22T00:00:00.000Z,1942,2019-01-26T00:00:00.000Z,1055,43318,271,6,5,7,1942,0,0,0,B,0,2A17,HOOVER ST,OLYMPIC BL,0,S,N,A,-,N,,0,0,,,0,,,,N,4,0,2,2,A,-,4,21703,,N,C,C,A,A,H,-,A,A,0,,,,,Y,,A,1,0,0,2,0,0,0,0,0,0,- ,- ,0,0,1200,1,LOS ANGELES,LOS ANGELES,CA,-118.2842221,34.05240631,"HOOVER ST & OLYMPIC BLVD, LOS ANGELES, CA",HOOVER ST,OLYMPIC BLVD,103557,
-118.5185866,34.16340637,50196,8804754,2019,2019-03-07T00:00:00.000Z,1942,2019-01-11T00:00:00.000Z,955,32268,1075,5,5,7,1942,0,0,0,J,0,10A99,WHITE OAK AV,VENTURA BL,350,N,N,A,-,N,,0,0,,,0,,,,N,3,0,2,2,A,-,9,21801,A,N,D,C,A,A,H,-,A,D,0,,,,,Y,,A,1,0,1,1,0,0,0,0,0,0,- ,- ,0,0,1200,1,LOS ANGELES,LOS ANGELES,CA,-118.5185866,34.16340637,"WHITE OAK AVE & VENTURA BLVD, LOS ANGELES, CA",WHITE OAK AVE,VENTURA BLVD,115617,
-118.3759229,34.22372818,50197,8804770,2019,2019-03-07T00:00:00.000Z,1942,2019-01-18T00:00:00.000Z,1140,43426,FOOTH,5,5,7,1942,0,0,0,,0,1687,SAN FERNANDO RD,PENROSE AV,600,S,N,A,-,N,,0,0,,,0,,,,N,4,0,1,3,A,-,17,21658,B,N,B,E,A,A,H,-,A,D,0,,,,,Y,,A,1,0,0,1,0,0,0,0,0,0,- ,- ,0,0,1200,1,LOS ANGELES,LOS ANGELES,CA,-118.3759229,34.22372818,"SAN FERNANDO RD & PENROSE ST, LOS ANGELES, CA",SAN FERNANDO RD,PENROSE ST,125792,
-118.4059549,34.01938629,50198,8804828,2019,2019-02-14T00:00:00.000Z,1942,2019-01-04T00:00:00.000Z,1145,37700,1406,5,5,7,1942,0,0,0,N,0,14A27,VENICE BL,KEYSTONE AV,70,E,N,A,-,N,,0,0,,,0,,,,Y,3,0,3,3,A,-,3,22350,,N,A,C,A,A,H,-,A,D,0,,,,,Y,,A,1,0,2,1,0,0,0,0,0,0,- ,- ,0,0,1200,1,LOS ANGELES,LOS ANGELES,CA,-118.4059549,34.01938629,"VENICE BLVD & KEYSTONE AVE, LOS ANGELES, CA",VENICE BLVD,KEYSTONE AVE,101987,
-118.3916269,33.95979309,50199,8804840,2019,2019-02-14T00:00:00.000Z,1942,2019-01-17T00:00:00.000Z,1140,43517,1477,4,5,7,1942,0,0,0,N,0,14A67,W MANCHESTER AV,LA TIJERA,35,W,N,C,-,N,,0,0,,,0,,,,Y,4,0,1,2,A,-,8,22107,,N,E,I,A,B,H,-,A,D,0,,,,,Y,,-,,0,0,1,0,0,0,0,0,0,- ,- ,0,0,1200,1,LOS ANGELES,LOS ANGELES,CA,-118.3916269,33.95979309,"MANCHESTER AVE & LA TIJERA BLVD, LOS ANGELES, CA",MANCHESTER AVE,LA TIJERA BLVD,133591,
-118.5928422,34.19378662,50200,8804922,2019,2019-03-08T00:00:00.000Z,1942,2019-01-12T00:00:00.000Z,1115,39649,2157,6,5,7,1942,0,0,0,,0,21A57,VANOWEN ST,VARIEL AV,0,,Y,B,-,N,,0,0,,,0,,,,Y,3,0,1,3,A,-,3,22350,,N,B,C,A,B,-,-,A,A,0,,,,,Y,,A,1,0,1,0,0,0,0,0,0,0,- ,- ,0,0,1200,1,LOS ANGELES,LOS ANGELES,CA,-118.5928422,34.19378662,"VANOWEN ST & VARIEL AVE, LOS ANGELES, CA",VANOWEN ST,VARIEL AVE,147279,
-118.3774522,34.22477341,50201,8804941,2019,2019-03-06T00:00:00.000Z,1942,2019-01-29T00:00:00.000Z,905,39217,1687,2,5,7,1942,0,0,0,P,0,16A81,PENROSE ST,SAN FERNANDO RD,0,,Y,A,-,N,,0,0,,,0,,,,N,3,0,1,2,A,-,8,22107,,N,A,C,A,A,H,-,A,A,0,,,,,Y,,A,8,0,1,0,0,0,0,0,0,0,- ,- ,0,0,1200,1,LOS ANGELES,LOS ANGELES,CA,-118.3774522,34.22477341,"PENROSE ST & SAN FERNANDO RD, LOS ANGELES, CA",PENROSE ST,SAN FERNANDO RD,125792,
-118.2903322,34.06181335,50202,8804957,2019,2019-02-28T00:00:00.000Z,1942,2019-01-28T00:00:00.000Z,1010,34959,2029,1,5,7,1942,0,0,0,,0,20A39,SHATTO PL,WILSHIRE BL,0,,Y,A,-,N,,0,0,,,0,,,,N,4,0,1,2,A,-,10,21950,A,N,G,B,B,A,H,-,A,A,0,Y,,,Y,Y,,F,26,0,0,1,0,1,0,0,0,0,- ,- ,0,0,1200,1,LOS ANGELES,LOS ANGELES,CA,-118.2903322,34.06181335,"SHATTO PL & WILSHIRE BLVD, LOS ANGELES, CA",SHATTO PL,WILSHIRE BLVD,116407,
-118.5982285,34.19375992,50203,8805133,2019,2019-02-26T00:00:00.000Z,1942,2019-01-02T00:00:00.000Z,1140,41158,2158,3,5,7,1942,0,0,0,,0,21A97,VANOWEN ST,CANOGA AV,220,W,N,A,-,N,,0,0,,,0,,,,Y,0,0,0,2,A,-,9,21804,A,M,D,C,A,A,H,-,A,D,0,,,,,Y,,-,99,0,0,0,0,0,0,0,0,0,- ,- ,0,0,1200,1,LOS ANGELES,LOS ANGELES,CA,-118.5982285,34.19375992,"VANOWEN ST & CANOGA AVE, LOS ANGELES, CA",VANOWEN ST,CANOGA AVE,129670,
-118.4675722,34.2502861,50204,8805149,2019,2019-02-26T00:00:00.000Z,1942,2019-01-30T00:00:00.000Z,1000,38326,1962,3,5,7,1942,0,0,0,,0,19A61,SEPULVEDA BL,LASSEN ST,100,N,N,A,-,N,,0,0,,,0,,,,N,0,0,0,2,A,-,7,21658,A,M,B,C,A,A,H,-,A,D,0,,,,,Y,,-,99,0,0,0,0,0,0,0,0,0,- ,- ,0,0,1200,1,LOS ANGELES,LOS ANGELES,CA,-118.4675722,34.2502861,"SEPULVEDA BLVD & LASSEN ST, LOS ANGELES, CA",SEPULVEDA BLVD,LASSEN ST,98601,
-118.4571832,34.30083847,50205,8805157,2019,2019-02-26T00:00:00.000Z,1942,2019-01-29T00:00:00.000Z,1150,41316,1913,2,5,7,1942,0,0,0,,0,19A1,RALSTON AV,POLK ST,25,S,N,A,-,N,,0,0,,,0,,,,N,0,0,0,2,A,-,3,22350,,M,D,G,A,A,H,-,A,D,0,,Y,,,Y,,-,99,0,0,0,0,0,0,0,0,0,- ,- ,0,0,1200,1,LOS ANGELES,LOS ANGELES,CA,-118.4571832,34.30083847,"RALSTON AVE & POLK ST, LOS ANGELES, CA",RALSTON AVE,POLK ST,140312,
-118.4488022,34.21975327,50206,8805161,2019,2019-02-26T00:00:00.000Z,1942,2019-01-30T00:00:00.000Z,1030,40141,1994,3,5,7,1942,0,0,0,,0,19A93,VAN NUYS BL,TITUS ST,0,,Y,A,-,N,,0,0,,,0,,,,Y,0,0,0,2,A,-,12,21453,A,M,D,C,A,A,H,-,A,A,0,,,,,Y,,-,99,0,0,0,0,0,0,0,0,0,- ,- ,0,0,1200,1,LOS ANGELES,LOS ANGELES,CA,-118.4488022,34.21975327,"VAN NUYS BLVD & TITUS ST, LOS ANGELES, CA",VAN NUYS BLVD,TITUS ST,104998,
-118.5754322,34.22013474,50207,8805214,2019,2019-02-27T00:00:00.000Z,1942,2019-01-04T00:00:00.000Z,1045,33514,2189,5,5,7,1942,0,0,0,,0,21A29,ROSCOE BL,OSO AV,0,,Y,C,-,N,,0,0,,,0,,,,Y,3,0,4,2,A,-,12,21453,A,N,D,C,A,B,H,-,A,A,0,,,,,Y,,A,1,0,1,3,0,0,0,0,0,0,- ,- ,0,0,1200,1,LOS ANGELES,LOS ANGELES,CA,-118.5754322,34.22013474,"ROSCOE BLVD & OSO AVE, LOS ANGELES, CA",ROSCOE BLVD,OSO AVE,132931,
-118.3958322,34.14505386,50208,8805242,2019,2019-02-27T00:00:00.000Z,1942,2019-01-19T00:00:00.000Z,935,39217,1595,6,5,7,1942,0,0,0,O,0,15A85,LAUREL CANYON BL,VENTURA PL,0,,Y,A,-,N,,0,0,,,0,,,,Y,4,0,1,2,A,-,9,21801,A,N,D,C,A,A,H,-,A,A,0,,,,,Y,,A,1,0,0,1,0,0,0,0,0,0,- ,- ,0,0,1200,1,LOS ANGELES,LOS ANGELES,CA,-118.3958322,34.14505386,"LAUREL CANYON BLVD & VENTURA PL, LOS ANGELES, CA",LAUREL CANYON BLVD,VENTURA PL,144298,
-118.3774222,34.16490555,50209,8805254,2019,2019-02-27T00:00:00.000Z,1942,2019-01-04T00:00:00.000Z,1145,38403,1555,5,5,7,1942,0,0,0,O,0,15A67,MAGNOLIA BL,BAKMAN AV,0,,Y,A,-,N,,0,0,,,0,,,,Y,4,0,2,2,A,-,9,21801,A,N,D,C,A,A,H,-,A,A,0,,,,,Y,,A,1,0,0,2,0,0,0,0,0,0,- ,- ,0,0,1200,1,LOS ANGELES,LOS ANGELES,CA,-118.3774222,34.16490555,"MAGNOLIA BLVD & BAKMAN AVE, LOS ANGELES, CA",MAGNOLIA BLVD,BAKMAN AVE,115207,
-118.4052921,34.19395447,50210,8805266,2019,2019-02-27T00:00:00.000Z,1942,2019-01-19T00:00:00.000Z,1000,42417,1513,6,5,7,1942,0,0,0,O,0,15A3,VANOWEN ST,WHITSETT AV,0,,Y,A,-,N,,0,0,,,0,,,,N,4,0,1,2,A,-,8,22100,A,N,D,C,A,A,H,-,A,D,0,,,,,Y,,A,1,0,0,1,0,0,0,0,0,0,- ,- ,0,0,1200,1,LOS ANGELES,LOS ANGELES,CA,-118.4052921,34.19395447,"VANOWEN ST & WHITSETT AVE, LOS ANGELES, CA",VANOWEN ST,WHITSETT AVE,136218,
-118.4759922,34.27186585,50211,8805340,2019,2019-02-28T00:00:00.000Z,1942,2019-01-15T00:00:00.000Z,920,39058,1738,2,5,7,1942,0,0,0,Q,0,17A49,SAN FERNANDO MISSION BL,HASKELL AV,0,,Y,B,-,N,,0,0,,,0,,,,Y,4,0,1,3,A,-,12,21453,A,N,D,C,A,B,H,-,A,A,0,,,,,Y,,D,22,0,0,1,0,0,0,0,0,0,- ,- ,0,0,1200,1,LOS ANGELES,LOS ANGELES,CA,-118.4759922,34.27186584,"SAN FERNANDO MISSION BLVD & HASKELL AVE, LOS ANGELES, CA",SAN FERNANDO MISSION BLVD,HASKELL AVE,136667,
-118.6421722,34.23474884,50212,8805356,2019,2019-02-26T00:00:00.000Z,1942,2019-01-16T00:00:00.000Z,925,43591,2111,3,5,7,1942,0,0,0,,0,21A5,VALLEY CIR,WOOLSEY CANYON RD,180,N,N,B,C,N,,0,0,,,0,,,,Y,0,0,0,2,A,-,3,22350,,N,E,I,A,B,H,-,A,D,0,,,,,Y,,-,,0,0,0,0,0,0,0,0,0,- ,- ,0,0,1200,1,LOS ANGELES,LOS ANGELES,CA,-118.6421722,34.23474884,"VALLEY CIRCLE BLVD & WOOLSEY CANYON RD, LOS ANGELES, CA",VALLEY CIRCLE BLVD,WOOLSEY CANYON RD,123191,
-118.6234622,34.20825577,50213,8805441,2019,2019-02-21T00:00:00.000Z,1942,2019-01-13T00:00:00.000Z,1115,31859,2133,7,5,7,1942,0,0,0,,0,21A43,SATICOY ST,FALLBROOK AV,0,,Y,B,-,N,,0,0,,,0,,,,Y,4,0,1,2,A,-,9,21801,,N,A,C,A,A,H,-,A,A,0,,,,,Y,,A,1,0,0,1,0,0,0,0,0,0,- ,- ,0,0,1200,1,LOS ANGELES,LOS ANGELES,CA,-118.6234622,34.20825577,"SATICOY ST & FALLBROOK AVE, LOS ANGELES, CA",SATICOY ST,FALLBROOK AVE,111977,
-118.2739521,33.9824028,50214,8805686,2019,2019-02-19T00:00:00.000Z,1942,2019-01-14T00:00:00.000Z,1150,42245,1383,1,5,7,1942,0,0,0,M,0,13A9,MAIN AV,GAGE AV,5,S,N,C,-,N,,0,0,,,0,,,,N,4,0,1,2,A,-,10,21950,A,F,G,B,B,B,H,-,A,A,0,Y,,,,Y,,-,99,0,0,1,0,1,0,0,0,0,- ,- ,0,0,1200,1,LOS ANGELES,LOS ANGELES,CA,-118.2739521,33.9824028,"MAIN ST & GAGE AVE, LOS ANGELES, CA",MAIN ST,GAGE AVE,148760,
-118.4486478,34.05892944,50215,8805726,2019,2019-02-19T00:00:00.000Z,1942,2019-01-21T00:00:00.000Z,1015,38721,838,1,5,7,1942,0,0,0,H,0,8A29,KINROSS AV,VETERAN AV,0,,Y,A,-,N,,0,0,,,0,,,,N,4,0,1,2,A,-,17,21461,A,F,-,J,A,-,H,-,A,A,0,,,Y,,Y,,C,3,0,0,1,0,0,0,0,0,1,- ,- ,0,0,1200,1,LOS ANGELES,LOS ANGELES,CA,-118.4486478,34.05892944,"KINROSS AVE & VETERAN AVE, LOS ANGELES, CA",KINROSS AVE,VETERAN AVE,1852,
-118.5955821,34.18284988,50216,8805749,2019,2019-02-21T00:00:00.000Z,1942,2019-01-04T00:00:00.000Z,1140,32774,2158,5,5,7,1942,0,0,0,,0,21A97,ERWIN ST,CANOGA AV,600,E,N,A,-,N,,0,0,,,0,,,,N,0,0,0,2,A,-,3,22350,,M,C,C,A,A,H,-,A,D,0,,,,,Y,,-,99,0,0,0,0,0,0,0,0,0,- ,- ,0,0,1200,1,LOS ANGELES,LOS ANGELES,CA,-118.5955821,34.18284988,"ERWIN ST & CANOGA AVE, LOS ANGELES, CA",ERWIN ST,CANOGA AVE,151260,
-118.2695421,33.94076157,50217,8805982,2019,2019-02-22T00:00:00.000Z,1942,2019-01-17T00:00:00.000Z,1140,39616,1834,4,5,7,1942,0,0,0,R,0,,SAN PEDRO ST,105TH ST,100,S,N,B,C,N,,0,0,,,0,,,,Y,0,0,0,2,A,-,3,22350,,M,A,C,A,B,H,-,A,D,0,,,,,Y,,-,99,0,0,0,0,0,0,0,0,0,- ,- ,0,0,1200,1,LOS ANGELES,LOS ANGELES,CA,-118.2695421,33.94076157,"SAN PEDRO ST & 105TH ST, LOS ANGELES, CA",SAN PEDRO ST,105TH ST,99600,
-118.3934263,34.14369965,50218,8806291,2019,2019-02-28T00:00:00.000Z,1942,2019-01-26T00:00:00.000Z,1155,40165,1591,6,5,7,1942,0,0,0,O,0,15A85,VENTURA BL,VENTURA PL,20,E,N,A,-,N,,0,0,,,0,,,,N,4,0,1,2,A,-,3,22350,,N,C,C,A,A,H,-,A,D,0,,,,,Y,,A,1,0,0,1,0,0,0,0,0,0,- ,- ,0,0,1200,1,LOS ANGELES,LOS ANGELES,CA,-118.3934263,34.14369965,"VENTURA BLVD & VENTURA PL, LOS ANGELES, CA",VENTURA BLVD,VENTURA PL,148404,
-118.413705,34.14180756,50219,8806295,2019,2019-02-28T00:00:00.000Z,1942,2019-01-25T00:00:00.000Z,1135,37686,1591,5,5,7,1942,0,0,0,O,0,15A85,COLDWATER CANYON AV,HALKIRK ST,50,S,N,A,-,N,,0,0,,,0,,,,Y,3,0,2,3,A,-,4,21703,,N,C,C,A,A,H,-,A,D,0,,,,,Y,,A,1,0,1,1,0,0,0,0,0,0,- ,- ,0,0,1200,1,LOS ANGELES,LOS ANGELES,CA,-118.413705,34.14180756,"COLDWATER CANYON AVE & HALKIRK ST, LOS ANGELES, CA",COLDWATER CANYON AVE,HALKIRK ST,140534,
-118.3965222,34.18612671,50220,8806303,2019,2019-02-28T00:00:00.000Z,1942,2019-01-31T00:00:00.000Z,1130,41514,1524,4,5,7,1942,0,0,0,O,0,15A33,LAUREL CANYON BL,VICTORY BL,200,S,N,C,-,N,,0,0,,,0,,,,N,3,0,2,3,A,-,21,22106,,N,D,C,A,B,H,-,A,D,0,,,,,Y,,A,8,0,1,1,0,0,0,0,0,0,- ,- ,0,0,1200,1,LOS ANGELES,LOS ANGELES,CA,-118.3965222,34.18612671,"LAUREL CANYON BLVD & VICTORY BLVD, LOS ANGELES, CA",LAUREL CANYON BLVD,VICTORY BLVD,137158,
-118.5021422,34.27927399,50221,8806336,2019,2019-03-04T00:00:00.000Z,1942,2019-01-28T00:00:00.000Z,945,40574,1729,1,5,7,1942,0,0,0,Q,0,17A35,RINALDI ST,BALBOA BL,0,,Y,A,-,N,,0,0,,,0,,,,Y,4,0,1,2,A,-,9,21801,A,N,D,C,A,A,H,-,A,A,0,,,,,Y,Y,A,1,0,0,1,0,0,0,0,0,0,- ,- ,0,0,1200,1,LOS ANGELES,LOS ANGELES,CA,-118.5021422,34.27927399,"RINALDI ST & BALBOA BLVD, LOS ANGELES, CA",RINALDI ST,BALBOA BLVD,109034,
-118.5535945,34.23596954,50222,8806359,2019,2019-03-05T00:00:00.000Z,1942,2019-01-21T00:00:00.000Z,1025,38326,1783,1,5,7,1942,0,0,0,Q,0,17A67,TAMPA AV,NORDHOFF ST,180,N,N,A,-,N,,0,0,,,0,,,,Y,4,0,2,2,A,-,9,21804,A,N,D,C,A,A,H,-,A,D,0,,,,,Y,,A,1,0,0,2,0,0,0,0,0,0,- ,- ,0,0,1200,1,LOS ANGELES,LOS ANGELES,CA,-118.5535945,34.23596954,"TAMPA AVE & NORDHOFF ST, LOS ANGELES, CA",TAMPA AVE,NORDHOFF ST,130321,
-118.5710952,34.23888016,50223,8806410,2019,2019-03-07T00:00:00.000Z,1942,2019-01-16T00:00:00.000Z,925,39058,1772,3,5,7,1942,0,0,0,Q,0,17A81,WINNETKA AV,PRAIRIE ST,115,S,N,C,-,N,,0,0,,,0,,,,Y,4,0,1,2,A,-,8,22102,,N,D,C,A,B,H,-,A,A,0,,,,Y,Y,,F,27,0,0,1,0,0,0,0,0,0,- ,- ,0,0,1200,1,LOS ANGELES,LOS ANGELES,CA,-118.5710952,34.23888016,"WINNETKA AVE & PRAIRIE ST, LOS ANGELES, CA",WINNETKA AVE,PRAIRIE ST,102256,
-118.2688621,34.03699493,50224,8806467,2019,2019-03-11T00:00:00.000Z,1942,2019-01-26T00:00:00.000Z,1030,40237,192,6,5,7,1942,0,0,0,A,0,1X45,FLOWER ST,VENICE BL,0,,Y,A,-,N,,0,0,,,0,,,,N,4,0,1,2,A,-,12,21453,A,N,D,D,A,A,H,-,A,A,0,,,,,Y,,D,22,0,0,1,0,0,0,0,0,0,- ,- ,0,0,1200,1,LOS ANGELES,LOS ANGELES,CA,-118.2688621,34.03699493,"FLOWER ST & VENICE BLVD, LOS ANGELES, CA",FLOWER ST,VENICE BLVD,144229,
-118.2645521,34.03471375,50225,8806475,2019,2019-03-11T00:00:00.000Z,1942,2019-01-27T00:00:00.000Z,1130,40289,192,7,5,7,1942,0,0,0,A,0,1A61,HILL ST,VENICE BL,0,,Y,A,-,N,,0,0,,,0,,,,Y,3,0,2,2,A,-,12,21453,A,N,D,C,A,A,H,-,A,A,0,,,,,Y,,D,22,0,2,0,0,0,0,0,0,0,- ,- ,0,0,1200,1,LOS ANGELES,LOS ANGELES,CA,-118.2645521,34.03471375,"HILL ST & VENICE BLVD, LOS ANGELES, CA",HILL ST,VENICE BLVD,131571,
-118.3875446,34.18666458,50226,8806505,2019,2019-03-04T00:00:00.000Z,1942,2019-01-21T00:00:00.000Z,1000,40141,1525,1,5,7,1942,0,0,0,O,0,15A33,VICTORY BL,LANKERSHIM BL,75,E,N,A,-,N,,0,0,,,0,,,,Y,3,0,2,2,A,-,9,21804,A,N,D,C,A,A,H,-,A,D,0,,,,,Y,,A,7,0,1,1,0,0,0,0,0,0,- ,- ,0,0,1200,1,LOS ANGELES,LOS ANGELES,CA,-118.3875446,34.18666458,"VICTORY BLVD & LANKERSHIM BLVD, LOS ANGELES, CA",VICTORY BLVD,LANKERSHIM BLVD,122260,
-118.5710222,34.20832443,50227,8806541,2019,2019-03-04T00:00:00.000Z,1942,2019-01-22T00:00:00.000Z,906,27260,2139,2,5,7,1942,0,0,0,,0,21A29,SATICOY ST,WINNETKA AV,0,,Y,A,-,N,,0,0,,,0,,,,N,4,0,2,3,A,-,9,21801,A,N,D,C,A,A,H,-,A,A,0,,,,,Y,,A,1,0,0,2,0,0,0,0,0,0,- ,- ,0,0,1200,1,LOS ANGELES,LOS ANGELES,CA,-118.5710222,34.20832443,"SATICOY ST & WINNETKA AVE, LOS ANGELES, CA",SATICOY ST,WINNETKA AVE,143571,
-118.4791866,34.19389343,50228,8806643,2019,2019-03-07T00:00:00.000Z,1942,2019-01-17T00:00:00.000Z,926,27792,1039,4,5,7,1942,0,0,0,J,0,10A39,VANOWEN ST,GLORIA AV,35,E,N,B,C,N,,0,0,,,0,,,,N,4,0,4,4,A,-,4,21703,,N,C,C,A,B,F,-,A,D,0,,,,,Y,,A,1,0,0,4,0,0,0,0,0,0,- ,- ,0,0,1200,1,LOS ANGELES,LOS ANGELES,CA,-118.4791866,34.19389343,"VANOWEN ST & GLORIA AVE, LOS ANGELES, CA",VANOWEN ST,GLORIA AVE,101348,
-118.2704265,34.06651306,50229,8806681,2019,2019-03-11T00:00:00.000Z,1942,2019-01-26T00:00:00.000Z,1000,43534,236,6,5,7,1942,0,0,0,B,0,2A91,ALVARADO ST,BEVERLY BL,64,S,N,A,-,N,,0,0,,,0,,,,N,3,0,2,3,A,-,4,21703,,N,C,C,A,A,H,-,A,A,0,,,,,Y,,A,1,0,1,1,0,0,0,0,0,0,- ,- ,0,0,1200,1,LOS ANGELES,LOS ANGELES,CA,-118.2704265,34.06651306,"ALVARADO ST & BEVERLY BLVD, LOS ANGELES, CA",ALVARADO ST,BEVERLY BLVD,104085,