X,Y,OBJECTID,case_id,accident_year,proc_date,juris,collision_date,collision_time,officer_id,reporting_district,day_of_week,chp_shift,population,cnty_city_loc,special_cond,beat_type,chp_beat_type,city_division_lapd,chp_beat_class,beat_number,primary_rd,secondary_rd,distance,direction,intersection,weather_1,weather_2,state_hwy_ind,caltrans_county,caltrans_district,state_route,route_suffix,postmile_prefix,postmile,location_type,ramp_intersection,side_of_hwy,tow_away,collision_severity,number_killed,number_injured,party_count,primary_coll_factor,pcf_code_of_viol,pcf_viol_category,pcf_violation,pcf_viol_subsection,hit_and_run,type_of_collision,mviw,ped_action,road_surface,road_cond_1,road_cond_2,lighting,control_device,chp_road_type,pedestrian_accident,bicycle_accident,motorcycle_accident,truck_accident,not_private_property,alcohol_involved,stwd_vehtype_at_fault,chp_vehtype_at_fault,count_severe_inj,count_visible_inj,count_complaint_pain,count_ped_killed,count_ped_injured,count_bicyclist_killed,count_bicyclist_injured,count_mc_killed,count_mc_injured,primary_ramp,secondary_ramp,latitude,longitude,timecat,month_,city,county,state,point_x,point_y,match_addr,m_primaryrd,m_secondrd,int_id,Flag
-118.2733821,34.08294678,50230,8806685,2019,2019-03-01T00:00:00.000Z,1942,2019-01-30T00:00:00.000Z,1135,31324,205,3,5,7,1942,0,0,0,B,0,2A5,W SUNSET BL,PARKMAN AV,0,,Y,A,-,N,,0,0,,,0,,,,N,0,0,0,2,A,-,8,22107,,N,B,C,A,A,H,-,A,A,0,,,,Y,Y,,D,22,0,0,0,0,0,0,0,0,0,- ,- ,0,0,1200,1,LOS ANGELES,LOS ANGELES,CA,-118.2733821,34.08294678,"SUNSET BLVD & PARKMAN AVE, LOS ANGELES, CA",SUNSET BLVD,PARKMAN AVE,98964,
-118.2437595,34.05185318,50231,8806690,2019,2019-03-01T00:00:00.000Z,1942,2019-01-31T00:00:00.000Z,1000,38502,124,4,5,7,1942,0,0,0,A,0,1A1,MAIN ST,1ST ST,169,S,N,A,-,N,,0,0,,,0,,,,N,0,0,0,2,A,-,21,22106,,N,C,C,A,A,H,-,A,D,0,,,,,Y,,D,22,0,0,0,0,0,0,0,0,0,- ,- ,0,0,1200,1,LOS ANGELES,LOS ANGELES,CA,-118.2437595,34.05185318,"MAIN ST & 1ST ST, LOS ANGELES, CA",MAIN ST,1ST ST,128115,
-118.265769,34.06472015,50232,8806693,2019,2019-03-01T00:00:00.000Z,1942,2019-01-05T00:00:00.000Z,935,37505,237,6,5,7,1942,0,0,0,B,0,2A39,N UNION AV,BEVERLY,35,N,N,A,-,N,,0,0,,,0,,,,N,0,0,0,2,A,-,6,21750,A,N,B,C,A,A,H,-,A,D,0,,,,,Y,,A,8,0,0,0,0,0,0,0,0,0,- ,- ,0,0,1200,1,LOS ANGELES,LOS ANGELES,CA,-118.265769,34.06472015,"UNION AVE & BEVERLY BLVD, LOS ANGELES, CA",UNION AVE,BEVERLY BLVD,128665,
-118.2613352,34.07648087,50233,8806697,2019,2019-03-06T00:00:00.000Z,1942,2019-01-09T00:00:00.000Z,940,38982,218,3,5,7,1942,0,0,0,B,0,2A39,GLENDALE BL,PARK,43,N,N,A,-,N,,0,0,,,0,,,,N,4,0,4,3,A,-,3,22350,,N,-,C,A,-,H,-,A,D,0,,,,,Y,Y,D,22,0,0,4,0,0,0,0,0,0,- ,- ,0,0,1200,1,LOS ANGELES,LOS ANGELES,CA,-118.2613352,34.07648087,"GLENDALE BLVD & PARK AVE, LOS ANGELES, CA",GLENDALE BLVD,PARK AVE,104064,
-118.5272922,34.17225647,50234,8806718,2019,2019-03-07T00:00:00.000Z,1942,2019-01-22T00:00:00.000Z,1045,39473,1045,2,5,7,1942,0,0,0,J,0,10A83,LINDLEY AV,BURBANK BL,0,,Y,A,-,N,,0,0,,,0,,,,Y,4,0,2,2,A,-,9,21801,A,N,A,C,A,A,H,-,A,A,0,,,,,Y,,D,22,0,0,2,0,0,0,0,0,0,- ,- ,0,0,1200,1,LOS ANGELES,LOS ANGELES,CA,-118.5272922,34.17225647,"LINDLEY AVE & BURBANK BLVD, LOS ANGELES, CA",LINDLEY AVE,BURBANK BLVD,147225,
-118.2831022,34.06320572,50235,8806726,2019,2019-03-05T00:00:00.000Z,1942,2019-01-10T00:00:00.000Z,910,34458,241,4,5,7,1942,0,0,0,B,0,2A45,S LA FAYETTE PARK PL,W 6TH ST,0,,Y,A,-,N,,0,0,,,0,,,,Y,4,0,1,2,A,-,9,21802,A,N,D,C,A,A,H,-,A,A,0,,,,,Y,,A,1,0,0,1,0,0,0,0,0,0,- ,- ,0,0,1200,1,LOS ANGELES,LOS ANGELES,CA,-118.2831022,34.06320572,"LA FAYETTE PARK PL & 6TH ST, LOS ANGELES, CA",LA FAYETTE PARK PL,6TH ST,121728,
-118.2405843,34.03739166,50236,8806729,2019,2019-03-05T00:00:00.000Z,1942,2019-01-30T00:00:00.000Z,950,31713,158,3,5,7,1942,0,0,0,A,0,1A29,S CENTRAL AV,INDUSTRIAL ST,1,S,N,A,-,N,,0,0,,,0,,,,N,4,0,1,2,A,-,9,21804,A,N,H,G,A,A,H,-,A,D,0,,Y,,,Y,,L,4,0,0,1,0,0,0,1,0,0,- ,- ,0,0,1200,1,LOS ANGELES,LOS ANGELES,CA,-118.2405843,34.03739166,"CENTRAL AVE & INDUSTRIAL ST, LOS ANGELES, CA",CENTRAL AVE,INDUSTRIAL ST,124575,
-118.2321386,34.06964874,50237,8806733,2019,2019-03-05T00:00:00.000Z,1942,2019-01-26T00:00:00.000Z,1050,38982,118,6,5,7,1942,0,0,0,A,0,1A1,N BROADWAY,SAVOY,100,N,N,A,-,N,,0,0,,,0,,,,Y,3,0,1,2,A,-,9,21804,A,N,D,C,A,A,H,-,A,D,0,,,,,Y,,A,1,0,1,0,0,0,0,0,0,0,- ,- ,0,0,1200,1,LOS ANGELES,LOS ANGELES,CA,-118.2321386,34.06964874,"N BROADWAY & SAVOY ST, LOS ANGELES, CA",N BROADWAY,SAVOY ST,100638,
-118.4391926,34.29941559,50238,8806744,2019,2019-03-11T00:00:00.000Z,1942,2019-01-07T00:00:00.000Z,1010,36744,1916,1,5,7,1942,0,0,0,,0,19A1,GLENOAKS BL,HUBBARD ST,30,S,N,C,-,N,,0,0,,,0,,,,N,4,0,2,2,A,-,9,21801,A,N,A,C,A,B,H,-,A,D,0,,,,,Y,,A,1,0,0,2,0,0,0,0,0,0,- ,- ,0,0,1200,1,LOS ANGELES,LOS ANGELES,CA,-118.4391926,34.29941559,"GLENOAKS BLVD & HUBBARD ST, LOS ANGELES, CA",GLENOAKS BLVD,HUBBARD ST,119249,
-118.4481922,34.2470665,50239,8806748,2019,2019-03-11T00:00:00.000Z,1942,2019-01-05T00:00:00.000Z,1100,41784,1942,6,5,7,1942,0,0,0,,0,19A75,VAN NUYS BL,WOODMAN AV,0,,-,B,-,N,,0,0,,,0,,,,N,4,0,1,2,A,-,4,21703,,N,C,C,A,A,H,-,A,A,0,,,,,Y,,A,1,0,0,1,0,0,0,0,0,0,- ,- ,0,0,1200,1,LOS ANGELES,LOS ANGELES,CA,-118.4481922,34.2470665,"VAN NUYS BLVD & WOODMAN AVE, LOS ANGELES, CA",VAN NUYS BLVD,WOODMAN AVE,97924,
-118.2647622,34.03271484,50240,8806749,2019,2019-03-05T00:00:00.000Z,1942,2019-01-13T00:00:00.000Z,1025,40275,195,7,5,7,1942,0,0,0,A,0,1A85,S BROADWAY,W 18TH ST,0,,Y,B,-,N,,0,0,,,0,,,,Y,3,0,2,2,A,-,12,21453,A,N,D,C,A,A,H,-,A,A,0,,,,,Y,,A,7,0,1,1,0,0,0,0,0,0,- ,- ,0,0,1200,1,LOS ANGELES,LOS ANGELES,CA,-118.2647622,34.03271484,"BROADWAY & 18TH ST, LOS ANGELES, CA",BROADWAY,18TH ST,137201,
-118.2749022,34.05952454,50241,8806750,2019,2019-03-05T00:00:00.000Z,1942,2019-01-19T00:00:00.000Z,1115,40289,,6,5,7,1942,0,0,0,,0,,S ALVARADO ST,6TH ST,0,,Y,A,-,N,,0,0,,,0,,,,Y,3,0,1,2,A,-,9,21801,A,N,-,C,A,A,H,-,A,D,0,,,Y,,Y,,A,1,0,1,0,0,0,0,0,0,1,- ,- ,0,0,1200,1,LOS ANGELES,LOS ANGELES,CA,-118.2749022,34.05952454,"ALVARADO ST & 6TH ST, LOS ANGELES, CA",ALVARADO ST,6TH ST,103549,
-118.6408122,34.1791954,50242,8806752,2019,2019-03-11T00:00:00.000Z,1942,2019-01-18T00:00:00.000Z,1000,43395,2162,5,5,7,1942,0,0,0,,0,21A97,OXNARD ST,MANTON AV,0,,Y,B,-,N,,0,0,,,0,,,,,4,0,1,2,A,-,9,21802,A,N,D,C,A,A,-,-,A,D,0,,,,,Y,,A,1,0,0,1,0,0,0,0,0,0,- ,- ,0,0,1200,1,LOS ANGELES,LOS ANGELES,CA,-118.6408122,34.1791954,"OXNARD ST & MANTON AVE, LOS ANGELES, CA",OXNARD ST,MANTON AVE,132797,
-118.2592621,34.05004501,50243,8806753,2019,2019-03-05T00:00:00.000Z,1942,2019-01-13T00:00:00.000Z,930,31152,152,7,5,7,1942,0,0,0,A,0,1A41,FIGUEROA ST,WILSHIRE BL,0,,Y,B,-,N,,0,0,,,0,,,,Y,3,0,2,2,A,-,12,21453,A,N,D,C,A,A,H,-,A,A,0,,,,,Y,,A,1,0,1,1,0,0,0,0,0,0,- ,- ,0,0,1200,1,LOS ANGELES,LOS ANGELES,CA,-118.2592621,34.05004501,"FIGUEROA ST & WILSHIRE BLVD, LOS ANGELES, CA",FIGUEROA ST,WILSHIRE BLVD,107029,
-118.2477708,34.05504608,50244,8806765,2019,2019-03-05T00:00:00.000Z,1942,2019-01-09T00:00:00.000Z,1140,41348,132,3,5,7,1942,0,0,0,A,0,1A29,1ST ST,OLIVE,30,W,N,A,-,N,,0,0,,,0,,,,Y,3,0,1,1,A,-,3,22350,,N,E,I,A,A,H,-,A,D,0,,,,,Y,,A,1,0,1,0,0,0,0,0,0,0,- ,- ,0,0,1200,1,LOS ANGELES,LOS ANGELES,CA,-118.2477708,34.05504608,"1ST ST & OLIVE ST, LOS ANGELES, CA",1ST ST,OLIVE ST,121139,
-118.5622822,34.20352554,50245,8806776,2019,2019-03-11T00:00:00.000Z,1942,2019-01-13T00:00:00.000Z,945,39440,1011,7,5,7,1942,0,0,0,J,0,10A3,CORBIN AV,LEADWELL ST,0,,-,A,-,N,,0,0,,,0,,,,Y,3,0,2,2,A,-,9,21802,A,N,D,C,A,A,H,-,A,D,0,,,,,Y,,A,1,0,1,1,0,0,0,0,0,0,- ,- ,0,0,1200,1,LOS ANGELES,LOS ANGELES,CA,-118.5622822,34.20352554,"CORBIN AVE & LEADWELL ST, LOS ANGELES, CA",CORBIN AVE,LEADWELL ST,112117,
-118.2728819,33.77940369,50246,8806814,2019,2019-03-04T00:00:00.000Z,1942,2019-01-31T00:00:00.000Z,940,36659,522,4,5,7,1942,0,0,0,,0,5A15,ANAHEIM ST,GULF AV,3,W,N,B,-,N,,0,0,,,0,,,,N,4,0,1,2,A,-,10,21950,A,N,G,B,B,A,H,-,A,A,0,Y,,,,Y,,A,1,0,0,1,0,1,0,0,0,0,- ,- ,0,0,1200,1,LOS ANGELES,LOS ANGELES,CA,-118.2728819,33.77940369,"ANAHEIM ST & GULF AVE, LOS ANGELES, CA",ANAHEIM ST,GULF AVE,141854,
-118.2879421,33.73490524,50247,8806818,2019,2019-03-12T00:00:00.000Z,1942,2019-01-26T00:00:00.000Z,1155,42808,563,6,5,7,1942,0,0,0,E,0,5A29,PACIFIC AV,10TH ST,80,S,N,A,-,N,,0,0,,,0,,,,N,4,0,1,2,A,-,4,21703,,N,C,C,A,A,H,-,A,A,0,,,,,Y,,D,22,0,0,1,0,0,0,0,0,0,- ,- ,0,0,1200,1,LOS ANGELES,LOS ANGELES,CA,-118.2879421,33.73490524,"PACIFIC AVE & 10TH ST, LOS ANGELES, CA",PACIFIC AVE,10TH ST,125183,
-118.4062904,34.02761459,50248,8806840,2019,2019-02-28T00:00:00.000Z,1942,2019-01-12T00:00:00.000Z,1038,34959,1407,6,5,7,1942,0,0,0,N,0,14A27,PALMS BL,JASMINE AV,40,E,N,C,-,N,,0,0,,,0,,,,N,4,0,1,2,A,-,7,21658,A,N,C,C,A,B,H,-,A,D,0,,,,,Y,,A,1,0,0,1,0,0,0,0,0,0,- ,- ,0,0,1200,1,LOS ANGELES,LOS ANGELES,CA,-118.4062904,34.02761459,"PALMS BLVD & JASMINE AVE, LOS ANGELES, CA",PALMS BLVD,JASMINE AVE,124973,
-118.3091033,34.06162262,50249,8806855,2019,2019-02-28T00:00:00.000Z,1942,2019-01-27T00:00:00.000Z,1008,34959,2031,7,5,7,1942,0,0,0,,0,20A53,WESTERN AV,WILSHIRE BL,26,S,N,A,-,N,,0,0,,,0,,,,N,4,0,1,3,A,-,3,22350,,N,C,C,A,A,H,-,A,D,0,,,,,Y,,A,1,0,0,1,0,0,0,0,0,0,- ,- ,0,0,1200,1,LOS ANGELES,LOS ANGELES,CA,-118.3091033,34.06162262,"WESTERN AVE & WILSHIRE BLVD, LOS ANGELES, CA",WESTERN AVE,WILSHIRE BLVD,140747,
-118.4177822,33.99484634,50250,8806875,2019,2019-03-12T00:00:00.000Z,1942,2019-01-13T00:00:00.000Z,1035,39624,1456,7,5,7,1942,0,0,0,N,0,14TL49,INGLEWOOD BL,CULVER BL,0,,Y,A,-,N,,0,0,,,0,,,,Y,4,0,3,2,A,-,12,21453,A,N,D,C,A,A,H,-,A,A,0,,,,,Y,,-,- ,0,0,3,0,0,0,0,0,0,- ,- ,0,0,1200,1,LOS ANGELES,LOS ANGELES,CA,-118.4177822,33.99484634,"INGLEWOOD BLVD & CULVER BLVD, LOS ANGELES, CA",INGLEWOOD BLVD,CULVER BLVD,121341,
-118.3785021,33.94190598,50251,8806879,2019,2019-03-04T00:00:00.000Z,1942,2019-01-25T00:00:00.000Z,1030,39624,1497,5,5,7,1942,0,0,0,N,0,7723,AVIATION BL,104TH ST,22,S,N,A,-,N,,0,0,,,0,,,,N,4,0,1,2,A,-,7,21658,A,F,B,C,A,A,H,-,A,A,0,,,,,Y,,-,99,0,0,1,0,0,0,0,0,0,- ,- ,0,0,1200,1,LOS ANGELES,LOS ANGELES,CA,-118.3785021,33.94190598,"AVIATION BLVD & 104TH ST, LOS ANGELES, CA",AVIATION BLVD,104TH ST,117003,
-118.4138321,34.20119476,50252,8807642,2019,2019-04-02T00:00:00.000Z,1942,2019-01-26T00:00:00.000Z,1135,40352,15,6,5,7,1942,0,0,0,O,0,,SHERMAN WY,COLDWATER CANYON,0,,N,A,-,N,,0,0,,,0,,,,N,4,0,1,2,A,-,7,21658,A,N,B,C,A,A,-,-,A,A,0,,,,,Y,,-,,0,0,1,0,0,0,0,0,0,- ,- ,0,0,1200,1,LOS ANGELES,LOS ANGELES,CA,-118.4138322,34.20119476,"SHERMAN WAY & COLDWATER CANYON AVE, LOS ANGELES, CA",SHERMAN WAY,COLDWATER CANYON AVE,146672,
-118.2493821,34.04952622,50253,8807675,2019,2019-02-28T00:00:00.000Z,1942,2019-01-24T00:00:00.000Z,900,40237,134,4,5,7,1942,0,0,0,A,0,1A29,4TH ST,BROADWAY,0,,Y,A,-,N,,0,0,,,0,,,,N,4,0,1,2,A,-,10,21950,A,N,G,B,B,A,H,-,A,A,0,Y,,,,Y,,A,7,0,0,1,0,1,0,0,0,0,- ,- ,0,0,1200,1,LOS ANGELES,LOS ANGELES,CA,-118.2493821,34.04952621,"4TH ST & BROADWAY, LOS ANGELES, CA",4TH ST,BROADWAY,142160,
-118.3762206,34.05903244,50254,8807720,2019,2019-03-15T00:00:00.000Z,1942,2019-01-11T00:00:00.000Z,1040,36664,752,5,5,7,1942,0,0,0,G,0,7A53,S LA CIENEGA BL,OLYMPIC BL,150,S,N,A,-,N,,0,0,,,0,,,,Y,3,0,1,2,A,-,3,22350,,N,C,C,A,A,D,-,A,A,0,,,,,Y,,I,11,0,1,0,0,0,0,0,0,0,- ,- ,0,0,1200,1,LOS ANGELES,LOS ANGELES,CA,-118.3762206,34.05903244,"LA CIENEGA BLVD & OLYMPIC BLVD, LOS ANGELES, CA",LA CIENEGA BLVD,OLYMPIC BLVD,145573,
-118.2398799,34.04121018,50255,8807769,2019,2019-03-05T00:00:00.000Z,1942,2019-01-26T00:00:00.000Z,1130,39733,148,6,5,7,1942,0,0,0,A,0,1X45,CENTRAL AV,CERES AV,100,S,N,A,-,N,,0,0,,,0,,,,N,0,0,0,2,C,-,18,0,,M,H,G,A,A,H,-,A,D,0,,Y,,,Y,,-,- ,0,0,0,0,0,0,0,0,0,- ,- ,0,0,1200,1,LOS ANGELES,LOS ANGELES,CA,-118.2398799,34.04121017,"CENTRAL AVE & CERES AVE, LOS ANGELES, CA",CENTRAL AVE,CERES AVE,142172,
-118.3731621,34.07301331,50256,8807852,2019,2019-03-06T00:00:00.000Z,1942,2019-01-05T00:00:00.000Z,1100,41977,722,6,5,7,1942,0,0,0,G,0,7A21,W 3RD ST,S ORLANDO AV,0,,Y,A,-,N,,0,0,,,0,,,,Y,3,0,2,2,A,-,12,21453,A,N,D,C,A,A,H,-,A,A,0,,,,,Y,,A,1,0,1,1,0,0,0,0,0,0,- ,- ,0,0,1200,1,LOS ANGELES,LOS ANGELES,CA,-118.3731621,34.07301331,"3RD ST & ORLANDO AVE, LOS ANGELES, CA",3RD ST,ORLANDO AVE,142561,
-118.3655221,34.06338501,50257,8807907,2019,2019-03-06T00:00:00.000Z,1942,2019-01-20T00:00:00.000Z,1135,31465,742,7,5,7,1942,0,0,0,G,0,7A21,CRESCENT HEIGHTS BL,WILSHIRE BL,0,,Y,A,-,N,,0,0,,,0,,,,Y,4,0,1,2,A,-,9,21801,A,N,D,C,A,A,H,-,A,A,0,,,,,Y,,A,1,0,0,1,0,0,0,0,0,0,- ,- ,0,0,1200,1,LOS ANGELES,LOS ANGELES,CA,-118.3655221,34.06338501,"CRESCENT HEIGHTS BLVD & WILSHIRE BLVD, LOS ANGELES, CA",CRESCENT HEIGHTS BLVD,WILSHIRE BLVD,107505,
-118.2533936,34.06039047,50258,8809461,2019,2019-03-27T00:00:00.000Z,1942,2019-01-14T00:00:00.000Z,1045,43388,239,1,5,7,1942,0,0,0,B,0,2A56-W,MIGNONETTE ST,BEAUDRY AV,3,E,N,C,-,N,,0,0,,,0,,,,N,0,0,0,2,A,-,- ,0,,N,B,E,A,B,G,-,A,D,0,,,,,Y,,-,,0,0,0,0,0,0,0,0,0,- ,- ,0,0,1200,1,LOS ANGELES,LOS ANGELES,CA,-118.2533936,34.06039047,"MIGNONETTE ST & BEAUDRY AVE, LOS ANGELES, CA",MIGNONETTE ST,BEAUDRY AVE,121160,
-118.2392721,34.02452469,50259,8810003,2019,2019-03-11T00:00:00.000Z,1942,2019-01-27T00:00:00.000Z,1135,37540,1309,7,5,7,1942,0,0,0,M,0,13A9,S ALAMEDA ST,NEWTON ST,150,S,N,A,-,N,,0,0,,,0,,,,N,0,0,0,2,A,-,8,22107,,M,B,C,A,A,H,-,A,D,0,,,,,Y,,-,99,0,0,0,0,0,0,0,0,0,- ,- ,0,0,1200,1,LOS ANGELES,LOS ANGELES,CA,-118.2392721,34.02452469,"ALAMEDA ST & NEWTON ST, LOS ANGELES, CA",ALAMEDA ST,NEWTON ST,96351,
-118.2666267,34.05387878,50260,8810007,2019,2019-03-11T00:00:00.000Z,1942,2019-01-28T00:00:00.000Z,1100,36238,257,1,5,7,1942,0,0,0,B,0,2A69,WITMER ST,WILSHIRE BL,30,N,N,A,-,N,,0,0,,,0,,,,N,0,0,0,2,A,-,3,22350,,M,B,C,A,A,H,-,A,D,0,,,,,Y,,-,99,0,0,0,0,0,0,0,0,0,- ,- ,0,0,1200,1,LOS ANGELES,LOS ANGELES,CA,-118.2666267,34.05387878,"WITMER ST & WILSHIRE BLVD, LOS ANGELES, CA",WITMER ST,WILSHIRE BLVD,117574,
-118.2740024,34.00562668,50261,8810021,2019,2019-04-05T00:00:00.000Z,1942,2019-01-24T00:00:00.000Z,1045,37540,1351,4,5,7,1942,0,0,0,M,0,13A41,S MAIN ST,43RD ST,10,S,N,A,-,N,,0,0,,,0,,,,N,4,0,2,2,A,-,9,21802,A,N,B,C,A,A,H,-,A,D,0,,,,,Y,,-,- ,0,0,2,0,0,0,0,0,0,- ,- ,0,0,1200,1,LOS ANGELES,LOS ANGELES,CA,-118.2740024,34.00562668,"MAIN ST & 43RD ST, LOS ANGELES, CA",MAIN ST,43RD ST,138397,
-118.2002921,34.03546524,50262,8810022,2019,2019-03-12T00:00:00.000Z,1942,2019-01-27T00:00:00.000Z,1000,38502,465,7,5,7,1942,0,0,0,D,0,4A59,GRANDE VISTA AV,EAST 4TH ST,0,,Y,A,-,N,,0,0,,,0,,,,Y,4,0,2,2,A,-,9,21802,A,N,D,C,A,A,H,-,A,D,0,,,,,Y,,A,1,0,0,2,0,0,0,0,0,0,- ,- ,0,0,1200,1,LOS ANGELES,LOS ANGELES,CA,-118.2002921,34.03546524,"GRANDE VISTA AVE & 4TH ST, LOS ANGELES, CA",GRANDE VISTA AVE,4TH ST,135048,
-118.1989821,34.03088379,50263,8810034,2019,2019-03-12T00:00:00.000Z,1942,2019-01-27T00:00:00.000Z,945,39508,478,7,5,7,1942,0,0,0,D,0,4A97,S LORENA ST,EAST 6TH ST,0,,Y,A,-,N,,0,0,,,0,,,,N,3,0,1,2,A,-,10,21950,A,N,G,B,B,A,H,-,A,A,0,Y,,,,Y,,A,1,0,1,0,0,1,0,0,0,0,- ,- ,0,0,1200,1,LOS ANGELES,LOS ANGELES,CA,-118.1989821,34.03088379,"LORENA ST & 6TH ST, LOS ANGELES, CA",LORENA ST,6TH ST,131621,
-118.2646243,34.03288651,50264,8810037,2019,2019-03-12T00:00:00.000Z,1942,2019-01-25T00:00:00.000Z,915,40008,195,5,5,7,1942,0,0,0,A,0,1A85,S BROADWAY,18TH ST,75,N,N,A,-,N,,0,0,,,0,,,,Y,4,0,1,2,A,-,4,21703,,N,C,C,A,A,H,-,A,D,0,,,,,Y,,A,1,0,0,1,0,0,0,0,0,0,- ,- ,0,0,1200,1,LOS ANGELES,LOS ANGELES,CA,-118.2646243,34.03288651,"BROADWAY & 18TH ST, LOS ANGELES, CA",BROADWAY,18TH ST,137201,
-118.22381,34.05513382,50265,8810065,2019,2019-03-12T00:00:00.000Z,1942,2019-01-31T00:00:00.000Z,1110,40099,441,4,5,7,1942,0,0,0,D,0,4A15,N MISSION RD,RICHMOND ST,50,S,N,C,-,N,,0,0,,,0,,,,Y,3,0,1,1,A,-,3,22350,,N,H,I,A,B,H,-,A,D,0,,,,,Y,,A,1,0,1,0,0,0,0,0,0,0,- ,- ,0,0,1200,1,LOS ANGELES,LOS ANGELES,CA,-118.22381,34.05513382,"MISSION RD & RICHMOND ST, LOS ANGELES, CA",MISSION RD,RICHMOND ST,124645,
-118.313701,34.09805679,50266,8810166,2019,2019-03-12T00:00:00.000Z,1942,2019-01-07T00:00:00.000Z,920,42738,638,1,5,7,1942,0,0,0,F,0,6A49,SUNSET BL,WILTON PL,30,W,N,B,C,N,,0,0,,,0,,,,N,4,0,2,2,C,-,18,0,,N,C,C,A,B,H,-,A,A,0,,,,,Y,,-,- ,0,0,2,0,0,0,0,0,0,- ,- ,0,0,1200,1,LOS ANGELES,LOS ANGELES,CA,-118.313701,34.09805679,"SUNSET BLVD & WILTON PL, LOS ANGELES, CA",SUNSET BLVD,WILTON PL,128626,
-118.2432122,34.02066422,50267,8810561,2019,2019-03-13T00:00:00.000Z,1942,2019-01-16T00:00:00.000Z,1115,43036,1317,3,5,7,1942,0,0,0,M,0,13X17W,LONG BEACH AV,WASHINGTON BL,0,,Y,C,-,N,,0,0,,,0,,,,N,0,0,0,2,A,-,8,22107,,M,D,C,A,B,H,-,A,A,0,,,,,Y,,-,99,0,0,0,0,0,0,0,0,0,- ,- ,0,0,1200,1,LOS ANGELES,LOS ANGELES,CA,-118.2432122,34.02066422,"LONG BEACH AVE & WASHINGTON BLVD, LOS ANGELES, CA",LONG BEACH AVE,WASHINGTON BLVD,116152,
-118.3259701,34.09527588,50268,8810585,2019,2019-03-13T00:00:00.000Z,1942,2019-01-12T00:00:00.000Z,1025,39624,666,6,5,7,1942,0,0,0,F,0,14TL49,AFTON PL,VINE ST,210,E,N,C,-,N,,0,0,,,0,,,,N,0,0,0,2,A,-,3,22350,,M,B,E,A,B,H,-,A,D,0,,,,,Y,,-,99,0,0,0,0,0,0,0,0,0,- ,- ,0,0,1200,1,LOS ANGELES,LOS ANGELES,CA,-118.3259701,34.09527588,"AFTON PL & VINE ST, LOS ANGELES, CA",AFTON PL,VINE ST,98671,
-118.3324921,34.10016632,50269,8810824,2019,2019-03-11T00:00:00.000Z,1942,2019-01-29T00:00:00.000Z,1030,41715,646,2,5,7,1942,0,0,0,F,0,6A37,SCHRADER BL,SELMA AV,150,N,N,A,-,N,,0,0,,,0,,,,N,0,0,0,2,A,-,21,22106,,N,D,E,A,A,H,-,A,D,0,,,,,Y,,D,22,0,0,0,0,0,0,0,0,0,- ,- ,0,0,1200,1,LOS ANGELES,LOS ANGELES,CA,-118.3324922,34.10016632,"SCHRADER BLVD & SELMA AVE, LOS ANGELES, CA",SCHRADER BLVD,SELMA AVE,111415,
-118.3324921,34.09880829,50270,8810828,2019,2019-03-15T00:00:00.000Z,1942,2019-01-31T00:00:00.000Z,950,40157,646,4,5,7,1942,0,0,0,F,0,6A63,SCHRADER BL,SUNSET BL,300,N,N,C,-,N,,0,0,,,0,,,,N,4,0,1,2,A,-,21,22106,,N,B,C,A,B,H,-,A,D,0,,,,,Y,,M,44,0,0,1,0,0,0,0,0,0,- ,- ,0,0,1200,1,LOS ANGELES,LOS ANGELES,CA,-118.3324922,34.09880829,"SCHRADER BLVD & SUNSET BLVD, LOS ANGELES, CA",SCHRADER BLVD,SUNSET BLVD,143040,
-118.3320921,34.08529663,50271,8810902,2019,2019-03-13T00:00:00.000Z,1942,2019-01-30T00:00:00.000Z,940,30702,676,3,5,7,1942,0,0,0,F,0,6A77,HUDSON AV,WARING AV,0,,Y,A,-,N,,0,0,,,0,,,,Y,3,0,2,2,A,-,12,22450,A,N,D,C,A,A,H,-,A,A,0,,,,,Y,,A,1,0,2,0,0,0,0,0,0,0,- ,- ,0,0,1200,1,LOS ANGELES,LOS ANGELES,CA,-118.3320921,34.08529663,"HUDSON AVE & WARING AVE, LOS ANGELES, CA",HUDSON AVE,WARING AVE,114595,
-118.3295521,34.10070801,50272,8810922,2019,2019-03-13T00:00:00.000Z,1942,2019-01-31T00:00:00.000Z,910,41139,646,4,5,7,1942,0,0,0,F,0,6A63,N CAHUENGA BL,HOLLYWOOD BL,320,S,N,C,-,N,,0,0,,,0,,,,N,4,0,1,2,A,-,8,22107,,N,B,C,A,B,H,-,A,D,0,,,,,Y,,A,1,0,0,1,0,0,0,0,0,0,- ,- ,0,0,1200,1,LOS ANGELES,LOS ANGELES,CA,-118.3295521,34.10070801,"CAHUENGA BLVD & HOLLYWOOD BLVD, LOS ANGELES, CA",CAHUENGA BLVD,HOLLYWOOD BLVD,100805,