X,Y,OBJECTID,case_id,accident_year,proc_date,juris,collision_date,collision_time,officer_id,reporting_district,day_of_week,chp_shift,population,cnty_city_loc,special_cond,beat_type,chp_beat_type,city_division_lapd,chp_beat_class,beat_number,primary_rd,secondary_rd,distance,direction,intersection,weather_1,weather_2,state_hwy_ind,caltrans_county,caltrans_district,state_route,route_suffix,postmile_prefix,postmile,location_type,ramp_intersection,side_of_hwy,tow_away,collision_severity,number_killed,number_injured,party_count,primary_coll_factor,pcf_code_of_viol,pcf_viol_category,pcf_violation,pcf_viol_subsection,hit_and_run,type_of_collision,mviw,ped_action,road_surface,road_cond_1,road_cond_2,lighting,control_device,chp_road_type,pedestrian_accident,bicycle_accident,motorcycle_accident,truck_accident,not_private_property,alcohol_involved,stwd_vehtype_at_fault,chp_vehtype_at_fault,count_severe_inj,count_visible_inj,count_complaint_pain,count_ped_killed,count_ped_injured,count_bicyclist_killed,count_bicyclist_injured,count_mc_killed,count_mc_injured,primary_ramp,secondary_ramp,latitude,longitude,timecat,month_,city,county,state,point_x,point_y,match_addr,m_primaryrd,m_secondrd,int_id,Flag
-118.3136349,34.1006546,50273,8810942,2019,2019-03-13T00:00:00.000Z,1942,2019-01-07T00:00:00.000Z,910,40953,638,1,5,7,1942,0,0,0,F,0,6A49,N WILTON PL,CARLTON WY,65,N,N,B,C,N,,0,0,,,0,,,,N,4,0,2,3,C,-,18,0,,N,C,E,A,B,H,-,A,D,0,,,,,Y,,-,- ,0,0,2,0,0,0,0,0,0,- ,- ,0,0,1200,1,LOS ANGELES,LOS ANGELES,CA,-118.3136349,34.1006546,"WILTON PL & CARLTON WAY, LOS ANGELES, CA",WILTON PL,CARLTON WAY,114805,
-118.2536422,34.01583481,50274,8811720,2019,2019-04-04T00:00:00.000Z,1942,2019-01-16T00:00:00.000Z,1020,32237,1325,3,5,7,1942,0,0,0,M,0,13A15W,NOAMI AV,28TH,0,,Y,C,-,N,,0,0,,,0,,,,Y,4,0,1,2,A,-,12,22450,,N,D,C,A,B,H,-,A,D,0,,,,,Y,,A,1,0,0,1,0,0,0,0,0,0,- ,- ,0,0,1200,1,LOS ANGELES,LOS ANGELES,CA,-118.2536422,34.01583481,"NAOMI AVE & 28TH ST, LOS ANGELES, CA",NAOMI AVE,28TH ST,117385,
-118.2478112,34.00295639,50275,8813043,2019,2019-03-12T00:00:00.000Z,1942,2019-01-31T00:00:00.000Z,1150,37505,1347,4,5,7,1942,0,0,0,M,0,13A27,S COMPTON AV,45TH ST,10,S,N,A,-,N,,0,0,,,0,,,,N,4,0,1,2,A,-,9,21804,A,N,D,D,A,B,H,-,A,D,0,,,,,Y,,A,1,0,0,1,0,0,0,0,0,0,- ,- ,0,0,1200,1,LOS ANGELES,LOS ANGELES,CA,-118.2478112,34.00295639,"COMPTON AVE & 45TH ST, LOS ANGELES, CA",COMPTON AVE,45TH ST,117371,
-118.2739522,33.98058319,50276,8813169,2019,2019-03-11T00:00:00.000Z,1942,2019-01-23T00:00:00.000Z,915,39508,1394,3,5,7,1942,0,0,0,M,0,13A93,S MAIN ST,E 65TH ST,0,,Y,A,-,N,,0,0,,,0,,,,N,0,0,0,2,A,-,3,22350,,M,C,C,A,A,H,-,A,D,0,,,,,Y,,-,99,0,0,0,0,0,0,0,0,0,- ,- ,0,0,1200,1,LOS ANGELES,LOS ANGELES,CA,-118.2739522,33.98058319,"MAIN ST & 65TH ST, LOS ANGELES, CA",MAIN ST,65TH ST,127700,
-118.4070321,34.01878357,50277,8813205,2019,2019-03-07T00:00:00.000Z,1942,2019-01-28T00:00:00.000Z,1000,36553,1406,1,5,7,1942,0,0,0,N,0,14A27,VENICE BL,OVERLAND AV,0,,Y,A,-,N,,0,0,,,0,,,,Y,4,0,2,3,A,-,12,21453,A,N,D,C,A,A,H,-,A,A,0,,,,,Y,,A,1,0,0,2,0,0,0,0,0,0,- ,- ,0,0,1200,1,LOS ANGELES,LOS ANGELES,CA,-118.4070321,34.01878357,"VENICE BLVD & OVERLAND AVE, LOS ANGELES, CA",VENICE BLVD,OVERLAND AVE,117991,
-118.2564621,33.99300385,50278,8813210,2019,2019-03-13T00:00:00.000Z,1942,2019-01-18T00:00:00.000Z,1030,40693,1375,5,5,7,1942,0,0,0,M,0,13A75,55TH ST,CENTRAL AV,0,,Y,A,-,N,,0,0,,,0,,,,Y,3,0,1,2,A,-,9,21802,A,N,D,C,A,A,H,-,A,A,0,,,,,Y,,A,1,0,1,0,0,0,0,0,0,0,- ,- ,0,0,1200,1,LOS ANGELES,LOS ANGELES,CA,-118.2564621,33.99300385,"55TH ST & CENTRAL AVE, LOS ANGELES, CA",55TH ST,CENTRAL AVE,96062,
-118.2961421,34.0959053,50279,8814283,2019,2019-03-27T00:00:00.000Z,1942,2019-01-31T00:00:00.000Z,1155,42932,1163,4,5,7,1942,0,0,0,K,0,11A51,EDGEMONT ST,FOUNTAIN AV,190,N,N,C,-,N,,0,0,,,0,,,,N,0,0,0,1,A,-,3,22350,,N,E,J,A,B,H,-,A,D,0,,,,,Y,,A,1,0,0,0,0,0,0,0,0,0,- ,- ,0,0,1200,1,LOS ANGELES,LOS ANGELES,CA,-118.2961421,34.0959053,"EDGEMONT ST & FOUNTAIN AVE, LOS ANGELES, CA",EDGEMONT ST,FOUNTAIN AVE,139158,
-118.2874522,34.111866,50280,8814314,2019,2019-03-15T00:00:00.000Z,1942,2019-01-16T00:00:00.000Z,1000,13579,1142,3,5,7,1942,0,0,0,K,0,11A1,LOS FELIZ,HILLHURST,0,,Y,C,G,N,,0,0,,,0,,,,N,0,0,0,2,A,-,7,21658,A,M,B,C,A,B,H,-,A,D,0,,,,,Y,,-,99,0,0,0,0,0,0,0,0,0,- ,- ,0,0,1200,1,LOS ANGELES,LOS ANGELES,CA,-118.2874522,34.111866,"LOS FELIZ BLVD & HILLHURST AVE, LOS ANGELES, CA",LOS FELIZ BLVD,HILLHURST AVE,108205,
-118.1887121,34.08900452,50281,8814340,2019,2019-03-12T00:00:00.000Z,1942,2019-01-12T00:00:00.000Z,1120,38729,407,6,5,7,1942,0,0,0,D,0,4A3,MONTEREY RD,ARMOUR AV,0,,Y,C,-,N,,0,0,,,0,,,,N,0,0,0,1,A,-,1,23152,A,N,E,I,A,B,H,-,A,D,0,,,,,Y,Y,A,1,0,0,0,0,0,0,0,0,0,- ,- ,0,0,1200,1,LOS ANGELES,LOS ANGELES,CA,-118.1887121,34.08900452,"MONTEREY RD & ARMOUR AVE, LOS ANGELES, CA",MONTEREY RD,ARMOUR AVE,114771,
-118.4789721,34.19389343,50282,8814620,2019,2019-03-06T00:00:00.000Z,1942,2019-01-18T00:00:00.000Z,915,27792,1039,5,5,7,1942,0,0,0,J,0,10A39,VANOWEN ST,GLORIA AV,100,E,N,B,C,N,,0,0,,,0,,,,N,4,0,2,2,A,-,4,21703,,N,C,C,A,B,A,F,A,A,0,,,,,Y,,A,1,0,0,2,0,0,0,0,0,0,- ,- ,0,0,1200,1,LOS ANGELES,LOS ANGELES,CA,-118.4789721,34.19389343,"VANOWEN ST & GLORIA AVE, LOS ANGELES, CA",VANOWEN ST,GLORIA AVE,101348,
-118.5098822,34.20544434,50283,8814632,2019,2019-03-05T00:00:00.000Z,1942,2019-01-15T00:00:00.000Z,1150,41125,1017,2,5,7,1942,0,0,0,J,0,10A17,LOUISE AV,VALERIO ST,0,,Y,C,-,N,,0,0,,,0,,,,N,4,0,1,2,A,-,7,21658,A,N,D,G,A,B,H,-,A,D,0,,Y,,,Y,,L,4,0,0,1,0,0,0,1,0,0,- ,- ,0,0,1200,1,LOS ANGELES,LOS ANGELES,CA,-118.5098822,34.20544434,"LOUISE AVE & VALERIO ST, LOS ANGELES, CA",LOUISE AVE,VALERIO ST,129858,
-118.4403442,34.29851151,50284,8816374,2019,2019-03-08T00:00:00.000Z,1942,2019-01-09T00:00:00.000Z,940,31688,1915,3,5,7,1942,0,0,0,,0,19A1,HUBBARD ST,GLENOAKS BL,480,W,N,A,-,N,,0,0,,,0,,,,N,0,0,0,2,A,-,8,22107,,N,D,C,A,A,H,-,A,D,0,,,,,Y,,A,1,0,0,0,0,0,0,0,0,0,- ,- ,0,0,1200,1,LOS ANGELES,LOS ANGELES,CA,-118.4403442,34.29851151,"HUBBARD ST & GLENOAKS BLVD, LOS ANGELES, CA",HUBBARD ST,GLENOAKS BLVD,119249,
-118.4897622,34.04890442,50285,8816651,2019,2019-03-12T00:00:00.000Z,1942,2019-01-26T00:00:00.000Z,946,42901,825,6,5,7,1942,0,0,0,H,0,8A13,AVONDALE AV,SAN VICENTE BL,0,,Y,A,-,N,,0,0,,,0,,,,N,4,0,1,2,A,-,9,21802,A,N,D,G,A,A,H,-,A,A,0,,Y,,,Y,,A,7,0,0,1,0,0,0,1,0,0,- ,- ,0,0,1200,1,LOS ANGELES,LOS ANGELES,CA,-118.4897622,34.04890442,"AVONDALE AVE & SAN VICENTE BLVD, LOS ANGELES, CA",AVONDALE AVE,SAN VICENTE BLVD,137247,
-118.4796922,33.99702454,50286,8816658,2019,2019-03-13T00:00:00.000Z,1942,2019-01-30T00:00:00.000Z,1115,43522,1412,3,5,7,1942,0,0,0,N,0,14A11,PACIFIC AV,NAVY ST,0,,Y,A,-,N,,0,0,,,0,,,,N,4,0,1,3,A,-,9,21801,A,N,D,C,A,A,H,-,A,D,0,,,,,Y,,A,1,0,0,1,0,0,0,0,0,0,- ,- ,0,0,1200,1,LOS ANGELES,LOS ANGELES,CA,-118.4796922,33.99702454,"PACIFIC AVE & NAVY ST, LOS ANGELES, CA",PACIFIC AVE,NAVY ST,146054,
-118.4452222,34.07384491,50287,8816659,2019,2019-03-12T00:00:00.000Z,1942,2019-01-26T00:00:00.000Z,1055,34959,818,6,5,7,1942,0,0,0,H,0,8A29,SUNSET BL,WESTWOOD PLZ,0,,Y,A,-,N,,0,0,,,0,,,,Y,4,0,1,2,A,-,12,21453,A,N,D,C,A,A,H,-,A,A,0,,,,,Y,,A,1,0,0,1,0,0,0,0,0,0,- ,- ,0,0,1200,1,LOS ANGELES,LOS ANGELES,CA,-118.4452222,34.07384491,"SUNSET BLVD & WESTWOOD PLZ, LOS ANGELES, CA",SUNSET BLVD,WESTWOOD PLZ,1801,
-118.3921164,34.02726746,50288,8816666,2019,2019-04-05T00:00:00.000Z,1942,2019-01-30T00:00:00.000Z,1150,42136,1409,3,5,7,1942,0,0,0,N,0,14A25,VENICE,CULVER,200,E,N,A,-,N,,0,0,,,0,,,,Y,4,0,1,2,A,-,3,22350,,N,C,C,A,A,H,-,A,A,0,,,,,Y,,-,- ,0,0,1,0,0,0,0,0,0,- ,- ,0,0,1200,1,LOS ANGELES,LOS ANGELES,CA,-118.3921164,34.02726746,"VENICE BLVD & CULVER BLVD, LOS ANGELES, CA",VENICE BLVD,CULVER BLVD,123081,
-118.4512732,33.9932518,50289,8816670,2019,2019-03-14T00:00:00.000Z,1942,2019-01-11T00:00:00.000Z,1040,36553,1443,5,5,7,1942,0,0,0,N,0,14A45,LINCOLN BL,COEUR D ALENE,10,S,N,A,-,N,,0,0,,,0,,,,N,4,0,1,2,A,-,4,21703,,N,C,C,A,A,H,-,A,D,0,,,,,Y,,A,7,0,0,1,0,0,0,0,0,0,- ,- ,0,0,1200,1,LOS ANGELES,LOS ANGELES,CA,-118.4512732,33.9932518,"LINCOLN BLVD & COEUR D ALENE AVE, LOS ANGELES, CA",LINCOLN BLVD,COEUR D ALENE AVE,113169,
-118.4154652,34.21985626,50290,8818272,2019,2019-03-21T00:00:00.000Z,1942,2019-01-30T00:00:00.000Z,1000,40634,1501,3,5,7,1942,0,0,0,O,0,15A21,CANTARA ST,VAN NOORD AV,10,W,N,A,-,N,,0,0,,,0,,,,Y,0,0,0,2,A,-,3,22350,,M,C,C,A,A,H,-,A,A,0,,,,,Y,,-,99,0,0,0,0,0,0,0,0,0,- ,- ,0,0,1200,1,LOS ANGELES,LOS ANGELES,CA,-118.4154652,34.21985626,"CANTARA ST & VAN NOORD AVE, LOS ANGELES, CA",CANTARA ST,VAN NOORD AVE,115235,
-118.3768822,34.18293762,50291,8818300,2019,2019-03-21T00:00:00.000Z,1942,2019-01-13T00:00:00.000Z,900,43253,1527,7,5,7,1942,0,0,0,O,0,15A39,ELMER AV,ERWIN ST,35,S,N,A,-,N,,0,0,,,0,,,,N,0,0,0,2,A,-,8,22107,,M,A,E,A,A,H,-,A,D,0,,,,,Y,,-,99,0,0,0,0,0,0,0,0,0,- ,- ,0,0,1200,1,LOS ANGELES,LOS ANGELES,CA,-118.3768822,34.18293762,"ELMER AVE & ERWIN ST, LOS ANGELES, CA",ELMER AVE,ERWIN ST,101139,
-118.4380521,34.00151444,50292,8819203,2019,2019-03-21T00:00:00.000Z,1942,2019-01-18T00:00:00.000Z,1055,35817,1445,5,5,7,1942,0,0,0,N,0,14A11,VENICE BL,WADE ST,0,,Y,A,-,N,,0,0,,,0,,,,Y,3,0,1,3,A,-,4,21703,,N,C,C,A,A,H,-,A,A,0,,,,,Y,,A,1,0,1,0,0,0,0,0,0,0,- ,- ,0,0,1200,1,LOS ANGELES,LOS ANGELES,CA,-118.4380521,34.00151443,"VENICE BLVD & WADE ST, LOS ANGELES, CA",VENICE BLVD,WADE ST,103713,
-118.2484621,34.0127945,50293,8819678,2019,2019-03-13T00:00:00.000Z,1942,2019-01-30T00:00:00.000Z,1130,38729,1347,3,5,7,1942,0,0,0,M,0,13A27,COMPTON AV,32ND ST,0,,Y,A,-,N,,0,0,,,0,,,,N,0,0,0,2,A,-,9,21802,A,N,D,C,A,A,H,-,A,A,0,,,,Y,Y,,F,27,0,0,0,0,0,0,0,0,0,- ,- ,0,0,1200,1,LOS ANGELES,LOS ANGELES,CA,-118.2484621,34.01279449,"COMPTON AVE & 32ND ST, LOS ANGELES, CA",COMPTON AVE,32ND ST,103348,
-118.2306822,34.12514496,50294,8821203,2019,2019-03-29T00:00:00.000Z,1942,2019-01-25T00:00:00.000Z,1130,36072,1112,5,5,7,1942,0,0,0,K,0,11XL49,W AVENUE 40,YORK BL,0,,Y,A,-,N,,0,0,,,0,,,,N,3,0,1,2,A,-,5,21650,1,N,D,G,A,A,H,-,A,D,0,,Y,,,Y,,L,4,0,1,0,0,0,0,1,0,0,- ,- ,0,0,1200,1,LOS ANGELES,LOS ANGELES,CA,-118.2306822,34.12514496,"AVE 40 & YORK BLVD, LOS ANGELES, CA",AVE 40,YORK BLVD,142321,
-118.2787394,34.04133606,50295,8821480,2019,2019-03-25T00:00:00.000Z,1942,2019-01-07T00:00:00.000Z,950,37174,299,1,5,7,1942,0,0,0,B,0,2A91,VENICE BL,UNION AV,150,E,N,C,-,N,,0,0,,,0,,,,N,4,0,1,2,A,-,3,22350,,F,B,C,A,B,H,-,A,D,0,,,,,Y,,-,- ,0,0,1,0,0,0,0,0,0,- ,- ,0,0,1200,1,LOS ANGELES,LOS ANGELES,CA,-118.2787394,34.04133606,"VENICE BLVD & UNION AVE, LOS ANGELES, CA",VENICE BLVD,UNION AVE,145767,
-118.2776522,34.05070496,50296,8821657,2019,2019-03-22T00:00:00.000Z,1942,2019-01-22T00:00:00.000Z,1137,42823,275,2,5,7,1942,0,0,0,B,0,2A42,OLYMPIC BL,BONNIE BRAE ST,0,,Y,A,-,N,,0,0,,,0,,,,N,0,0,0,2,A,-,8,22107,,M,B,C,A,A,H,-,A,A,0,,,,,Y,,A,1,0,0,0,0,0,0,0,0,0,- ,- ,0,0,1200,1,LOS ANGELES,LOS ANGELES,CA,-118.2776522,34.05070496,"OLYMPIC BLVD & BONNIE BRAE ST, LOS ANGELES, CA",OLYMPIC BLVD,BONNIE BRAE ST,149203,
-118.2566621,34.05652618,50297,8821661,2019,2019-04-09T00:00:00.000Z,1942,2019-01-03T00:00:00.000Z,915,42696,249,4,5,7,1942,0,0,0,B,0,2A69,W 3RD ST,S BEAUDRY AV,0,,N,A,-,N,,0,0,,,0,,,,N,0,0,0,2,A,-,7,21658,A,M,B,C,A,A,H,-,A,A,0,,,,,Y,,-,- ,0,0,0,0,0,0,0,0,0,- ,- ,0,0,1200,1,LOS ANGELES,LOS ANGELES,CA,-118.2566621,34.05652618,"3RD ST & BEAUDRY AVE, LOS ANGELES, CA",3RD ST,BEAUDRY AVE,145714,
-118.3453311,34.10179901,50298,8830242,2019,2019-03-27T00:00:00.000Z,1942,2019-01-09T00:00:00.000Z,1105,43445,645,3,5,7,1942,0,0,0,F,0,6A22,LA BREA AV,HOLLYWOOD BL,85,N,N,A,-,N,,0,0,,,0,,,,N,0,0,0,2,A,-,9,21804,B,M,D,C,A,A,H,-,A,-,0,,,,,Y,Y,-,99,0,0,0,0,0,0,0,0,0,- ,- ,0,0,1200,1,LOS ANGELES,LOS ANGELES,CA,-118.3453311,34.10179901,"LA BREA AVE & HOLLYWOOD BLVD, LOS ANGELES, CA",LA BREA AVE,HOLLYWOOD BLVD,149900,
-118.2677822,34.01538467,50299,8830288,2019,2019-03-27T00:00:00.000Z,1942,2019-01-27T00:00:00.000Z,1130,43015,1342,7,5,7,1942,0,0,0,M,0,13A41,35TH ST,TRINITY AV,0,,Y,A,-,N,,0,0,,,0,,,,N,4,0,1,2,A,-,1,23152,D,N,D,C,A,A,H,-,A,A,0,,,,,Y,Y,A,1,0,0,1,0,0,0,0,0,0,- ,- ,0,0,1200,1,LOS ANGELES,LOS ANGELES,CA,-118.2677822,34.01538467,"35TH ST & TRINITY ST, LOS ANGELES, CA",35TH ST,TRINITY ST,99794,
-118.3091321,34.06352615,50300,8830306,2019,2019-03-27T00:00:00.000Z,1942,2019-01-24T00:00:00.000Z,1040,39127,2022,4,5,7,1942,0,0,0,,0,20A1,S WESTERN AV,W 6TH ST,0,,Y,A,-,N,,0,0,,,0,,,,Y,0,0,0,2,A,-,9,21801,A,M,D,C,A,A,H,-,A,A,0,,,,,Y,Y,-,99,0,0,0,0,0,0,0,0,0,- ,- ,0,0,1200,1,LOS ANGELES,LOS ANGELES,CA,-118.3091321,34.06352615,"WESTERN AVE & 6TH ST, LOS ANGELES, CA",WESTERN AVE,6TH ST,97228,
-118.262291,34.0375061,50301,8833264,2019,2019-04-09T00:00:00.000Z,1942,2019-01-29T00:00:00.000Z,915,41461,185,2,5,7,1942,0,0,0,A,0,1A85W2,HILL ST,PICO BL,60,S,N,A,-,N,,0,0,,,0,,,,N,4,0,1,2,A,-,7,21658,A,N,B,C,A,A,H,-,A,A,0,,,,,Y,,A,1,0,0,1,0,0,0,0,0,0,- ,- ,0,0,1200,1,LOS ANGELES,LOS ANGELES,CA,-118.262291,34.0375061,"HILL ST & PICO BLVD, LOS ANGELES, CA",HILL ST,PICO BLVD,149183,
-118.3683238,34.04078293,50302,8835284,2019,2019-04-17T00:00:00.000Z,1942,2019-01-30T00:00:00.000Z,900,43274,782,3,5,7,1942,0,0,0,G,0,7A53,VENICE BL,SAWYER,25,N,N,A,-,N,,0,0,,,0,,,,N,4,0,1,2,A,-,0,23123,5,N,C,C,A,A,H,-,A,D,0,,,,,Y,,D,22,0,0,1,0,0,0,0,0,0,- ,- ,0,0,1200,1,LOS ANGELES,LOS ANGELES,CA,-118.3683238,34.04078293,"VENICE BLVD & SAWYER ST, LOS ANGELES, CA",VENICE BLVD,SAWYER ST,117447,
-118.3734223,34.17221451,50303,8837816,2019,2019-04-23T00:00:00.000Z,1942,2019-01-13T00:00:00.000Z,1015,42195,1549,7,5,7,1942,0,0,0,O,0,15A85,BURBANK BL,FULCHER AV,200,E,N,A,-,N,,0,0,,,0,,,,Y,4,0,1,2,A,-,9,21804,A,N,A,C,A,A,H,-,A,D,0,,,,,Y,,A,1,0,0,1,0,0,0,0,0,0,- ,- ,0,0,1200,1,LOS ANGELES,LOS ANGELES,CA,-118.3734223,34.17221451,"BURBANK BLVD & FULCHER AVE, LOS ANGELES, CA",BURBANK BLVD,FULCHER AVE,111733,
-118.2448887,34.01090241,50304,8838202,2019,2019-05-14T00:00:00.000Z,1942,2019-01-30T00:00:00.000Z,1140,43601,1347,3,5,7,1942,0,0,0,M,0,13A43,MORGAN AV,32ND ST,300,S,N,A,-,N,,0,0,,,0,,,,N,0,0,0,2,A,-,21,22106,,M,C,E,A,A,H,-,A,A,0,,,,,Y,,A,1,0,0,0,0,0,0,0,0,0,- ,- ,0,0,1200,1,LOS ANGELES,LOS ANGELES,CA,-118.2448887,34.0109024,"MORGAN AVE & 32ND ST, LOS ANGELES, CA",MORGAN AVE,32ND ST,103388,
-118.3637721,34.08378601,50305,8841470,2019,2019-05-03T00:00:00.000Z,1942,2019-01-18T00:00:00.000Z,910,43605,701,5,5,7,1942,0,0,0,,0,7A53,MELROSE AV,EDINBURGH AV,0,,Y,A,-,N,,0,0,,,0,,,,N,3,0,1,2,A,-,9,21801,B,N,G,B,A,A,H,-,A,D,0,,,Y,,Y,,C,3,0,1,0,0,0,0,0,0,1,- ,- ,0,0,1200,1,LOS ANGELES,LOS ANGELES,CA,-118.3637721,34.08378601,"MELROSE AVE & EDINBURGH AVE, LOS ANGELES, CA",MELROSE AVE,EDINBURGH AVE,114380,
-118.3090921,34.05804443,50306,8850292,2019,2019-05-01T00:00:00.000Z,1942,2019-01-22T00:00:00.000Z,900,39655,2042,2,5,7,1942,0,0,0,,0,20A53,W 8TH ST,S WESTERN AV,0,,Y,A,-,N,,0,0,,,0,,,,N,0,0,0,2,A,-,8,22107,,M,B,C,A,A,H,-,A,A,0,,,,Y,Y,,G,27,0,0,0,0,0,0,0,0,0,- ,- ,0,0,1200,1,LOS ANGELES,LOS ANGELES,CA,-118.3090921,34.05804443,"8TH ST & WESTERN AVE, LOS ANGELES, CA",8TH ST,WESTERN AVE,110493,
-118.420106,34.01139069,50344,8780116,2019,2019-02-12T00:00:00.000Z,1942,2019-01-07T00:00:00.000Z,1245,35945,1436,1,5,7,1942,0,0,0,N,0,14A25,VENICE BL,SAWTELLE BL,95,W,N,B,C,N,,0,0,,,0,,,,Y,0,0,0,1,A,-,3,22350,,N,E,I,A,B,H,-,A,D,0,,,,,Y,,A,8,0,0,0,0,0,0,0,0,0,- ,- ,0,0,1500,1,LOS ANGELES,LOS ANGELES,CA,-118.420106,34.01139069,"VENICE BLVD & SAWTELLE BLVD, LOS ANGELES, CA",VENICE BLVD,SAWTELLE BLVD,101988,
-118.4688814,34.07510757,50345,8792746,2019,2019-02-20T00:00:00.000Z,1942,2019-01-12T00:00:00.000Z,1200,42656,813,6,5,7,1942,0,0,0,H,0,8A13,N CHURCH LN,N SEPULVEDA BL,250,W,N,B,-,N,,0,0,,,0,,,,N,0,0,0,1,A,-,8,22107,,N,E,I,A,B,H,-,A,D,0,,,,,Y,,A,7,0,0,0,0,0,0,0,0,0,- ,- ,0,0,1500,1,LOS ANGELES,LOS ANGELES,CA,-118.4688814,34.07510757,"CHURCH LN & SEPULVEDA BLVD, LOS ANGELES, CA",CHURCH LN,SEPULVEDA BLVD,124891,
-118.4436151,34.09246063,50346,8792750,2019,2019-02-20T00:00:00.000Z,1942,2019-01-07T00:00:00.000Z,1220,41003,806,1,5,7,1942,0,0,0,H,0,8A29,BEL AIR RD,BEL AIR CT,66,S,N,C,-,N,,0,0,,,0,,,,Y,0,0,0,1,A,-,3,22350,,N,E,I,A,B,H,-,A,D,0,,,,,Y,,A,1,0,0,0,0,0,0,0,0,0,- ,- ,0,0,1500,1,LOS ANGELES,LOS ANGELES,CA,-118.4436151,34.09246063,"BEL AIR RD & BEL AIR CT, LOS ANGELES, CA",BEL AIR RD,BEL AIR CT,110868,
-118.2307309,34.12513733,50347,8798832,2019,2019-02-20T00:00:00.000Z,1942,2019-01-06T00:00:00.000Z,1453,35444,1112,7,5,7,1942,0,0,0,K,0,11A17,YORK BL,AVENUE 40,15,S,N,F,-,N,,0,0,,,0,,,,Y,0,0,0,1,A,-,3,22350,,M,E,I,A,B,H,-,A,D,0,,,,,Y,Y,-,99,0,0,0,0,0,0,0,0,0,- ,- ,0,0,1500,1,LOS ANGELES,LOS ANGELES,CA,-118.2307309,34.12513733,"YORK BLVD & AVE 40, LOS ANGELES, CA",YORK BLVD,AVE 40,142321,
-118.3705272,34.20662308,50348,8821621,2019,2019-03-22T00:00:00.000Z,1942,2019-01-10T00:00:00.000Z,1415,43362,1506,4,5,7,1942,0,0,0,O,0,15A28,COHASSET ST,VINELAND,50,W,N,A,-,N,,0,0,,,0,,,,N,0,0,0,2,A,-,8,22102,,M,B,E,A,A,H,-,A,D,0,,,,,Y,,-,99,0,0,0,0,0,0,0,0,0,- ,- ,0,0,1500,1,LOS ANGELES,LOS ANGELES,CA,-118.3705272,34.20662308,"COHASSET ST & VINELAND AVE, LOS ANGELES, CA",COHASSET ST,VINELAND AVE,146813,
-118.2452516,34.03113937,50349,8838723,2019,2019-05-16T00:00:00.000Z,1942,2019-01-03T00:00:00.000Z,1330,38660,1303,4,5,7,1942,0,0,0,M,0,13A13,E 11TH ST,CENTRAL AV,151,W,N,A,-,N,,0,0,,,0,,,,N,2,0,1,3,A,-,6,21751,,N,G,B,E,A,H,-,A,D,0,Y,,,,Y,,A,7,1,0,0,0,1,0,0,0,0,- ,- ,0,0,1500,1,LOS ANGELES,LOS ANGELES,CA,-118.2452516,34.03113937,"11TH ST & CENTRAL AVE, LOS ANGELES, CA",11TH ST,CENTRAL AVE,131565,
-118.2701564,33.99552918,50350,8794554,2019,2019-02-19T00:00:00.000Z,1942,2019-01-14T00:00:00.000Z,1345,38137,1362,1,5,7,1942,0,0,0,M,0,13A63,SAN PEDRO ST,52ND ST,100,N,N,C,-,N,,0,0,,,0,,,,N,3,0,3,2,A,-,3,22350,A,N,C,E,A,B,H,-,A,A,0,,,,,Y,,A,1,0,1,2,0,0,0,0,0,0,- ,- ,0,0,1500,1,LOS ANGELES,LOS ANGELES,CA,-118.2701564,33.99552917,"SAN PEDRO ST & 52ND ST, LOS ANGELES, CA",SAN PEDRO ST,52ND ST,117434,
-118.5923738,34.21986771,50351,8804926,2019,2019-03-07T00:00:00.000Z,1942,2019-01-29T00:00:00.000Z,1330,38947,2126,2,5,7,1942,0,0,0,,0,21A5,ROSCOE BL,E VARIEL AV,160,E,N,A,-,N,,0,0,,,0,,,,Y,3,0,2,4,A,-,5,21650,,N,A,C,A,A,H,-,A,D,0,,,,Y,Y,,D,22,0,2,0,0,0,0,0,0,0,- ,- ,0,0,1500,1,LOS ANGELES,LOS ANGELES,CA,-118.5923738,34.21986771,"ROSCOE BLVD & VARIEL AVE, LOS ANGELES, CA",ROSCOE BLVD,VARIEL AVE,147096,
-118.43866,34.03515244,63896,8774156,2019,2019-02-02T00:00:00.000Z,1942,2019-01-04T00:00:00.000Z,1720,41054,884,5,5,7,1942,0,0,0,H,0,8A35,SAWTELLE BL,PICO BL,20,S,N,A,-,N,,0,0,,,0,,,,Y,4,0,2,2,A,-,4,21703,,F,C,C,A,A,H,-,C,D,0,,,,,Y,,-,99,0,0,2,0,0,0,0,0,0,- ,- ,0,0,1800,1,LOS ANGELES,LOS ANGELES,CA,-118.43866,34.03515244,"SAWTELLE BLVD & PICO BLVD, LOS ANGELES, CA",SAWTELLE BLVD,PICO BLVD,139299,
-118.3091933,34.03992462,63897,8776513,2019,2019-02-02T00:00:00.000Z,1942,2019-01-07T00:00:00.000Z,1530,42656,2093,1,5,7,1942,0,0,0,,0,20A71,WEST WASHINGTON BL,S WESTERN AV,55,W,N,B,-,N,,0,0,,,0,,,,N,4,0,1,3,A,-,3,22350,,F,C,C,A,A,H,-,A,A,0,,,,,Y,,-,99,0,0,1,0,0,0,0,0,0,- ,- ,0,0,1800,1,LOS ANGELES,LOS ANGELES,CA,-118.3091933,34.03992462,"WASHINGTON BLVD & WESTERN AVE, LOS ANGELES, CA",WASHINGTON BLVD,WESTERN AVE,121037,