X,Y,OBJECTID,case_id,accident_year,proc_date,juris,collision_date,collision_time,officer_id,reporting_district,day_of_week,chp_shift,population,cnty_city_loc,special_cond,beat_type,chp_beat_type,city_division_lapd,chp_beat_class,beat_number,primary_rd,secondary_rd,distance,direction,intersection,weather_1,weather_2,state_hwy_ind,caltrans_county,caltrans_district,state_route,route_suffix,postmile_prefix,postmile,location_type,ramp_intersection,side_of_hwy,tow_away,collision_severity,number_killed,number_injured,party_count,primary_coll_factor,pcf_code_of_viol,pcf_viol_category,pcf_violation,pcf_viol_subsection,hit_and_run,type_of_collision,mviw,ped_action,road_surface,road_cond_1,road_cond_2,lighting,control_device,chp_road_type,pedestrian_accident,bicycle_accident,motorcycle_accident,truck_accident,not_private_property,alcohol_involved,stwd_vehtype_at_fault,chp_vehtype_at_fault,count_severe_inj,count_visible_inj,count_complaint_pain,count_ped_killed,count_ped_injured,count_bicyclist_killed,count_bicyclist_injured,count_mc_killed,count_mc_injured,primary_ramp,secondary_ramp,latitude,longitude,timecat,month_,city,county,state,point_x,point_y,match_addr,m_primaryrd,m_secondrd,int_id,Flag
-118.4487909,34.20999146,63898,8778083,2019,2019-02-02T00:00:00.000Z,1942,2019-01-09T00:00:00.000Z,1750,33294,906,3,5,7,1942,0,0,0,I,0,9A5,VAN NUYS BL,KESWICK ST,100,S,N,A,-,N,,0,0,,,0,,,,N,0,0,0,2,A,-,6,21755,A,M,B,C,A,A,H,-,B,A,0,,,,,Y,,-,99,0,0,0,0,0,0,0,0,0,- ,- ,0,0,1800,1,LOS ANGELES,LOS ANGELES,CA,-118.4487909,34.20999146,"VAN NUYS BLVD & KESWICK ST, LOS ANGELES, CA",VAN NUYS BLVD,KESWICK ST,133061,
-118.4462423,34.20118332,63899,8778091,2019,2019-02-02T00:00:00.000Z,1942,2019-01-13T00:00:00.000Z,1600,41514,906,7,5,7,1942,0,0,0,I,0,9A5,SHERMAN WAY,LENNOX AV,3,E,N,B,-,N,,0,0,,,0,,,,Y,0,0,0,1,A,-,8,22107,,M,E,I,A,A,H,-,A,D,0,,,,,Y,,A,1,0,0,0,0,0,0,0,0,0,- ,- ,0,0,1800,1,LOS ANGELES,LOS ANGELES,CA,-118.4462423,34.20118332,"SHERMAN WAY & LENNOX AVE, LOS ANGELES, CA",SHERMAN WAY,LENNOX AVE,98056,
-118.2886344,34.25387192,63900,8778103,2019,2019-02-02T00:00:00.000Z,1942,2019-01-08T00:00:00.000Z,1630,40398,1657,2,5,7,1942,0,0,0,P,0,16A59,COMMERCE AV,VALMONT ST,575,N,N,A,-,N,,0,0,,,0,,,,N,0,0,0,2,A,-,21,22106,,M,C,E,A,A,H,-,A,D,0,,,,,Y,,A,8,0,0,0,0,0,0,0,0,0,- ,- ,0,0,1800,1,LOS ANGELES,LOS ANGELES,CA,-118.2886344,34.25387192,"COMMERCE AVE & VALMONT ST, LOS ANGELES, CA",COMMERCE AVE,VALMONT ST,136609,
-118.4138165,34.1844902,63901,8778107,2019,2019-02-02T00:00:00.000Z,1942,2019-01-07T00:00:00.000Z,1735,38017,1522,1,5,7,1942,0,0,0,O,0,15A21,COLDWATER CANYON AV,VICTORY BL,800,S,N,C,-,N,,0,0,,,0,,,,N,0,0,0,2,A,-,8,22107,,M,B,E,A,B,H,-,C,D,0,,,,,Y,,-,99,0,0,0,0,0,0,0,0,0,- ,- ,0,0,1800,1,LOS ANGELES,LOS ANGELES,CA,-118.4138165,34.1844902,"COLDWATER CANYON AVE & VICTORY BLVD, LOS ANGELES, CA",COLDWATER CANYON AVE,VICTORY BLVD,132823,
-118.4661031,34.20111466,63902,8778198,2019,2019-02-06T00:00:00.000Z,1942,2019-01-06T00:00:00.000Z,1545,39281,914,7,5,7,1942,0,0,0,I,0,9A23,SHERMAN WY,SEPULVEDA BL,30,E,N,A,-,N,,0,0,,,0,,,,N,4,0,1,2,A,-,7,21658,A,F,B,C,A,A,H,-,A,A,0,,,,,Y,,-,99,0,0,1,0,0,0,0,0,0,- ,- ,0,0,1800,1,LOS ANGELES,LOS ANGELES,CA,-118.4661031,34.20111465,"SHERMAN WAY & SEPULVEDA BLVD, LOS ANGELES, CA",SHERMAN WAY,SEPULVEDA BLVD,126709,
-118.2717021,33.96012497,63903,8778209,2019,2019-02-02T00:00:00.000Z,1942,2019-01-08T00:00:00.000Z,1630,41933,1802,2,5,7,1942,0,0,0,R,0,18A1,E MANCHESTER AV,WALL ST,0,,Y,A,-,N,,0,0,,,0,,,,Y,3,0,2,2,A,-,9,21801,A,N,D,C,A,A,H,-,A,D,0,,,,,Y,,A,7,0,1,1,0,0,0,0,0,0,- ,- ,0,0,1800,1,LOS ANGELES,LOS ANGELES,CA,-118.2717021,33.96012497,"MANCHESTER AVE & WALL ST, LOS ANGELES, CA",MANCHESTER AVE,WALL ST,103158,
-118.2942722,34.03274536,63904,8778215,2019,2019-02-05T00:00:00.000Z,1942,2019-01-05T00:00:00.000Z,1720,39735,3,6,5,7,1942,0,0,0,C,0,08T8,ADAMS BL,CATALINA ST,0,,Y,C,-,N,,0,0,,,0,,,,N,4,0,1,2,A,-,3,22350,,F,C,C,A,B,-,-,C,D,0,,,,,Y,,-,99,0,0,1,0,0,0,0,0,0,- ,- ,0,0,1800,1,LOS ANGELES,LOS ANGELES,CA,-118.2942722,34.03274536,"ADAMS BLVD & CATALINA ST, LOS ANGELES, CA",ADAMS BLVD,CATALINA ST,142088,
-118.4402397,34.19391632,63905,8778861,2019,2019-02-05T00:00:00.000Z,1942,2019-01-20T00:00:00.000Z,1605,35481,926,7,5,7,1942,0,0,0,I,0,9A19,VANOWEN ST,HAZELTINE AV,75,W,N,A,-,N,,0,0,,,0,,,,Y,4,0,4,3,A,-,1,23152,A,F,C,C,A,A,H,-,A,D,0,,,,,Y,Y,A,7,0,0,4,0,0,0,0,0,0,- ,- ,0,0,1800,1,LOS ANGELES,LOS ANGELES,CA,-118.4402397,34.19391632,"VANOWEN ST & HAZELTINE AVE, LOS ANGELES, CA",VANOWEN ST,HAZELTINE AVE,118769,
-118.3799127,34.17359924,63906,8778976,2019,2019-02-06T00:00:00.000Z,1942,2019-01-18T00:00:00.000Z,1720,36733,1535,5,5,7,1942,0,0,0,O,0,15A39,LANKERSHIM BL,COLLINS ST,149,S,N,A,-,N,,0,0,,,0,,,,N,4,0,1,2,A,-,3,22350,,F,C,G,A,A,H,-,C,D,0,,Y,,,Y,,-,99,0,0,1,0,0,0,1,0,0,- ,- ,0,0,1800,1,LOS ANGELES,LOS ANGELES,CA,-118.3799127,34.17359924,"LANKERSHIM BLVD & COLLINS ST, LOS ANGELES, CA",LANKERSHIM BLVD,COLLINS ST,108177,
-118.3193921,34.10525513,63907,8779201,2019,2019-02-05T00:00:00.000Z,1942,2019-01-08T00:00:00.000Z,1520,37900,638,2,5,7,1942,0,0,0,F,0,6A49,FRANKLIN AV,TAMARIND AV,0,,Y,A,-,N,,0,0,,,0,,,,Y,4,0,2,3,A,-,3,22350,,N,C,C,A,A,H,-,A,D,0,,,,,Y,,A,1,0,0,2,0,0,0,0,0,0,- ,- ,0,0,1800,1,LOS ANGELES,LOS ANGELES,CA,-118.3193921,34.10525513,"FRANKLIN AVE & TAMARIND AVE, LOS ANGELES, CA",FRANKLIN AVE,TAMARIND AVE,114779,
-118.2543098,33.93431091,63908,8779206,2019,2019-02-07T00:00:00.000Z,1942,2019-01-24T00:00:00.000Z,1610,37146,1846,4,5,7,1942,0,0,0,R,0,25TL22,CENTRAL AV,LANZIT AV,300,S,N,A,-,N,,0,0,,,0,,,,Y,3,0,4,2,A,-,0,21720,,N,D,J,A,A,H,-,A,D,0,,,Y,,Y,,C,3,0,1,3,0,0,0,0,0,1,- ,- ,0,0,1800,1,LOS ANGELES,LOS ANGELES,CA,-118.2543098,33.93431091,"CENTRAL AVE & LANZIT AVE, LOS ANGELES, CA",CENTRAL AVE,LANZIT AVE,138230,
-118.282716,33.96012116,63909,8779212,2019,2019-02-05T00:00:00.000Z,1942,2019-01-13T00:00:00.000Z,1635,41933,1802,7,5,7,1942,0,0,0,R,0,25T22,FIGUEROA ST,MANCHESTER AV,20,N,N,A,-,N,,0,0,,,0,,,,N,0,0,0,2,A,B,- ,0,,M,C,E,A,A,H,-,A,D,0,,,,,Y,,-,99,0,0,0,0,0,0,0,0,0,- ,- ,0,0,1800,1,LOS ANGELES,LOS ANGELES,CA,-118.282716,33.96012115,"FIGUEROA ST & MANCHESTER AVE, LOS ANGELES, CA",FIGUEROA ST,MANCHESTER AVE,106686,
-118.2660045,33.93296433,63910,8779216,2019,2019-02-05T00:00:00.000Z,1942,2019-01-25T00:00:00.000Z,1650,37146,1844,5,5,7,1942,0,0,0,R,0,25T22,112TH ST,AVALON BL,250,W,N,A,-,N,,0,0,,,0,,,,N,0,0,0,2,A,-,3,22350,,N,B,C,A,A,H,-,A,D,0,,,,,Y,,-,99,0,0,0,0,0,0,0,0,0,- ,- ,0,0,1800,1,LOS ANGELES,LOS ANGELES,CA,-118.2660045,33.93296432,"112TH ST & AVALON BLVD, LOS ANGELES, CA",112TH ST,AVALON BLVD,148840,
-118.4496022,34.04616547,63911,8779235,2019,2019-02-02T00:00:00.000Z,1942,2019-01-03T00:00:00.000Z,1700,38028,853,4,5,7,1942,0,0,0,H,0,8X52,SANTA MONICA BL,CORINTH AV,0,,Y,A,-,N,,0,0,,,0,,,,Y,0,0,0,2,A,-,3,22350,,M,D,C,A,A,H,-,A,A,0,,,,,Y,,-,99,0,0,0,0,0,0,0,0,0,- ,- ,0,0,1800,1,LOS ANGELES,LOS ANGELES,CA,-118.4496022,34.04616547,"SANTA MONICA BLVD & CORINTH AVE, LOS ANGELES, CA",SANTA MONICA BLVD,CORINTH AVE,114357,
-118.4610399,34.04447937,63912,8779251,2019,2019-02-02T00:00:00.000Z,1942,2019-01-08T00:00:00.000Z,1520,37740,842,2,5,7,1942,0,0,0,H,0,8A53,WESTGATE AV,ROCHESTER AV,25,N,N,A,-,N,,0,0,,,0,,,,N,0,0,0,2,A,-,21,22106,,M,H,C,A,A,H,-,A,D,0,,,,,Y,,-,99,0,0,0,0,0,0,0,0,0,- ,- ,0,0,1800,1,LOS ANGELES,LOS ANGELES,CA,-118.4610399,34.04447937,"WESTGATE AVE & ROCHESTER AVE, LOS ANGELES, CA",WESTGATE AVE,ROCHESTER AVE,110821,
-118.4803175,34.1076622,63913,8779271,2019,2019-02-02T00:00:00.000Z,1942,2019-01-16T00:00:00.000Z,1500,40452,804,3,5,7,1942,0,0,0,H,0,8A13,N SEPULVEDA BL,PROMONTARY RD,450,N,N,C,-,N,,0,0,,,0,,,,Y,0,0,0,1,A,-,3,22350,,N,F,I,A,B,H,-,A,D,0,,,,,Y,,A,1,0,0,0,0,0,0,0,0,0,- ,- ,0,0,1800,1,LOS ANGELES,LOS ANGELES,CA,-118.4803175,34.1076622,"SEPULVEDA BLVD & PROMONTORY RD, LOS ANGELES, CA",SEPULVEDA BLVD,PROMONTORY RD,1811,
-118.3860204,34.04717255,63914,8779275,2019,2019-02-02T00:00:00.000Z,1942,2019-01-17T00:00:00.000Z,1640,41376,889,4,5,7,1942,0,0,0,H,0,8A59,S ROBERTSON BL,MONTE MAR DR,145,N,N,A,-,N,,0,0,,,0,,,,N,0,0,0,2,A,-,6,21750,,M,B,C,A,A,H,-,C,D,0,,,,,Y,,-,99,0,0,0,0,0,0,0,0,0,- ,- ,0,0,1800,1,LOS ANGELES,LOS ANGELES,CA,-118.3860204,34.04717255,"ROBERTSON BLVD & MONTE MAR DR, LOS ANGELES, CA",ROBERTSON BLVD,MONTE MAR DR,110449,
-118.3614521,34.07819367,63915,8779292,2019,2019-02-05T00:00:00.000Z,1942,2019-01-11T00:00:00.000Z,1531,41179,713,5,5,7,1942,0,0,0,G,0,7A1,N FAIRFAX AV,OAKWOOD AV,0,,Y,A,-,N,,0,0,,,0,,,,Y,4,0,1,2,A,-,9,21801,A,N,D,C,A,A,H,-,A,A,0,,,Y,,Y,,A,1,0,0,1,0,0,0,0,0,1,- ,- ,0,0,1800,1,LOS ANGELES,LOS ANGELES,CA,-118.3614521,34.07819366,"FAIRFAX AVE & OAKWOOD AVE, LOS ANGELES, CA",FAIRFAX AVE,OAKWOOD AVE,103982,
-118.2906323,33.96245575,63916,8780873,2019,2019-02-25T00:00:00.000Z,1942,2019-01-27T00:00:00.000Z,1735,41747,1265,7,5,7,1942,0,0,0,L,0,12A53,W 84TH ST,VERMONT AV,313,E,N,A,-,N,,0,0,,,0,,,,N,0,0,0,2,A,-,13,22515,A,N,H,E,A,A,H,-,C,D,0,,,,,Y,,J,48,0,0,0,0,0,0,0,0,0,- ,- ,0,0,1800,1,LOS ANGELES,LOS ANGELES,CA,-118.2906323,33.96245575,"84TH ST & VERMONT AVE, LOS ANGELES, CA",84TH ST,VERMONT AVE,98770,
-118.5199722,34.24311447,63917,8781143,2019,2019-02-01T00:00:00.000Z,1942,2019-01-05T00:00:00.000Z,1650,41514,1787,6,5,7,1942,0,0,0,Q,0,17A67,PLUMMER ST,WHITE OAK AV,0,,Y,C,-,N,,0,0,,,0,,,,Y,2,0,2,2,A,-,1,23152,A,N,D,C,A,B,H,-,B,D,0,,,,,Y,Y,A,1,1,0,1,0,0,0,0,0,0,- ,- ,0,0,1800,1,LOS ANGELES,LOS ANGELES,CA,-118.5199722,34.24311447,"PLUMMER ST & WHITE OAK AVE, LOS ANGELES, CA",PLUMMER ST,WHITE OAK AVE,143764,
-118.3309421,33.99312592,63918,8781478,2019,2019-02-02T00:00:00.000Z,1942,2019-01-01T00:00:00.000Z,1700,39397,1211,2,5,7,1942,0,0,0,L,0,12A31,W 54TH ST,CRENSHAW BL,0,,Y,A,-,N,,0,0,,,0,,,,Y,4,0,2,3,A,-,12,21453,A,N,D,C,A,A,D,-,A,A,0,,,,,Y,,A,1,0,0,2,0,0,0,0,0,0,- ,- ,0,0,1800,1,LOS ANGELES,LOS ANGELES,CA,-118.3309421,33.99312592,"54TH ST & CRENSHAW BLVD, LOS ANGELES, CA",54TH ST,CRENSHAW BLVD,102335,
-118.3833722,34.15037537,63920,8782219,2019,2019-02-02T00:00:00.000Z,1942,2019-01-09T00:00:00.000Z,1720,33504,1563,3,5,7,1942,0,0,0,O,0,15A85,MOORPARK ST,BECK AV,0,,Y,A,-,N,,0,0,,,0,,,,Y,2,0,2,3,A,-,9,21801,A,N,A,C,A,A,H,-,C,D,0,,,,,Y,,A,7,1,0,1,0,0,0,0,0,0,- ,- ,0,0,1800,1,LOS ANGELES,LOS ANGELES,CA,-118.3833722,34.15037537,"MOORPARK ST & BECK AVE, LOS ANGELES, CA",MOORPARK ST,BECK AVE,150258,
-118.5754022,34.20832443,63921,8782247,2019,2019-02-02T00:00:00.000Z,1942,2019-01-02T00:00:00.000Z,1745,39271,2139,3,5,7,1942,0,0,0,,0,21A2W5,SATICOY ST,OSO AV,0,,Y,A,-,N,,0,0,,,0,,,,Y,4,0,2,2,A,-,9,21801,A,N,A,C,A,A,H,-,C,A,0,,,,,Y,,-,,0,0,2,0,0,0,0,0,0,- ,- ,0,0,1800,1,LOS ANGELES,LOS ANGELES,CA,-118.5754022,34.20832443,"SATICOY ST & OSO AVE, LOS ANGELES, CA",SATICOY ST,OSO AVE,101519,
-118.2156322,34.0736351,63922,8784001,2019,2019-02-12T00:00:00.000Z,1942,2019-01-20T00:00:00.000Z,1550,40164,415,7,5,7,1942,0,0,0,D,0,24TL56,BROADWAY,DALY ST,0,,Y,B,-,N,,0,0,,,0,,,,N,0,0,0,2,A,-,9,21801,A,M,B,C,A,A,H,-,A,A,0,,,,,Y,,-,99,0,0,0,0,0,0,0,0,0,- ,- ,0,0,1800,1,LOS ANGELES,LOS ANGELES,CA,-118.2156322,34.0736351,"N BROADWAY & DALY ST, LOS ANGELES, CA",N BROADWAY,DALY ST,111238,
-118.1964221,34.04175568,63923,8784268,2019,2019-02-14T00:00:00.000Z,1942,2019-01-21T00:00:00.000Z,1540,35230,459,1,5,7,1942,0,0,0,D,0,4A59,E CESAR CHAVEZ AV,N FRESNO ST,0,,Y,A,-,N,,0,0,,,0,,,,N,4,0,2,2,A,-,12,21453,A,N,D,C,A,A,H,-,A,A,0,,,,,Y,,A,1,0,0,2,0,0,0,0,0,0,- ,- ,0,0,1800,1,LOS ANGELES,LOS ANGELES,CA,-118.1964221,34.04175568,"CESAR E CHAVEZ AVE & FRESNO ST, LOS ANGELES, CA",CESAR E CHAVEZ AVE,FRESNO ST,133674,
-118.2197179,34.04304123,63924,8784276,2019,2019-04-08T00:00:00.000Z,1942,2019-01-17T00:00:00.000Z,1530,40099,462,4,5,7,1942,0,0,0,D,0,4A71,EAST 4TH ST,BOYLE AV,20,W,N,A,-,N,,0,0,,,0,,,,Y,4,0,4,6,A,-,3,22350,,N,C,C,A,B,H,-,A,A,0,,,,,Y,,A,7,0,0,4,0,0,0,0,0,0,- ,- ,0,0,1800,1,LOS ANGELES,LOS ANGELES,CA,-118.2197179,34.04304123,"4TH ST & BOYLE AVE, LOS ANGELES, CA",4TH ST,BOYLE AVE,117595,
-118.2088548,34.08683777,63925,8784284,2019,2019-02-14T00:00:00.000Z,1942,2019-01-05T00:00:00.000Z,1520,34426,401,6,5,7,1942,0,0,0,D,0,4A3,GRIFFIN AV,AVENUE 35,990,N,N,C,-,N,,0,0,,,0,,,,N,4,0,1,2,A,-,21,22106,,N,D,C,A,B,H,-,A,D,0,,,,,Y,,A,1,0,0,1,0,0,0,0,0,0,- ,- ,0,0,1800,1,LOS ANGELES,LOS ANGELES,CA,-118.2088548,34.08683777,"GRIFFIN AVE & AVE 35, LOS ANGELES, CA",GRIFFIN AVE,AVE 35,132218,
-118.5953336,34.20102692,63926,8784329,2019,2019-02-19T00:00:00.000Z,1942,2019-01-06T00:00:00.000Z,1555,44496,2146,7,5,7,1942,0,0,0,,0,21X62,SHERMAN WY,ETON AV,45,E,N,A,-,N,,0,0,,,0,,,,N,4,0,1,2,A,-,13,22515,B,N,C,E,A,A,H,-,A,-,0,,,,,Y,,I,11,0,0,1,0,0,0,0,0,0,- ,- ,0,0,1800,1,LOS ANGELES,LOS ANGELES,CA,-118.5953336,34.20102692,"SHERMAN WAY & ETON AVE, LOS ANGELES, CA",SHERMAN WAY,ETON AVE,133002,
-118.3091257,34.08350372,63927,8784338,2019,2019-02-14T00:00:00.000Z,1942,2019-01-14T00:00:00.000Z,1645,41446,678,1,5,7,1942,0,0,0,,0,6A67,MELROSE,WESTERN,5,E,N,C,-,N,,0,0,,,0,,,,Y,4,0,1,2,A,-,4,21703,,N,C,C,A,B,H,-,C,A,0,,,,Y,Y,,F,26,0,0,1,0,0,0,0,0,0,- ,- ,0,0,1800,1,LOS ANGELES,LOS ANGELES,CA,-118.3091257,34.08350372,"MELROSE AVE & WESTERN AVE, LOS ANGELES, CA",MELROSE AVE,WESTERN AVE,104128,
-118.4494063,34.03431702,63928,8784357,2019,2019-02-22T00:00:00.000Z,1942,2019-01-08T00:00:00.000Z,1510,41671,881,2,5,7,1942,0,0,0,H,0,8A53,STONER AV,OLYMPIC BL,292,N,N,A,-,N,,0,0,,,0,,,,N,0,0,0,1,A,-,21,22106,,N,H,I,A,A,H,-,A,D,0,,,,,Y,,D,22,0,0,0,0,0,0,0,0,0,- ,- ,0,0,1800,1,LOS ANGELES,LOS ANGELES,CA,-118.4494063,34.03431702,"STONER AVE & OLYMPIC BLVD, LOS ANGELES, CA",STONER AVE,OLYMPIC BLVD,142468,
-118.4391021,34.04156494,63929,8784365,2019,2019-02-26T00:00:00.000Z,1942,2019-01-10T00:00:00.000Z,1625,40452,883,4,5,7,1942,0,0,0,H,0,8A35,S SEPULVEDA BL,MISSISSIPPI AV,0,,Y,A,-,N,,0,0,,,0,,,,Y,4,0,1,3,A,-,8,22100,B,N,F,C,A,A,H,-,A,A,0,,,,,Y,,D,22,0,0,1,0,0,0,0,0,0,- ,- ,0,0,1800,1,LOS ANGELES,LOS ANGELES,CA,-118.4391021,34.04156494,"SEPULVEDA BLVD & MISSISSIPPI AVE, LOS ANGELES, CA",SEPULVEDA BLVD,MISSISSIPPI AVE,118251,
-118.3374651,34.09125519,63930,8784379,2019,2019-02-27T00:00:00.000Z,1942,2019-01-25T00:00:00.000Z,1515,37740,663,5,5,7,1942,0,0,0,F,0,6A63,MCCADDEN PL,SANTA MONICA BL,200,N,N,A,-,N,,0,0,,,0,,,,N,0,0,0,2,C,-,18,0,,N,H,E,A,A,H,-,A,D,0,,,,,Y,,-,- ,0,0,0,0,0,0,0,0,0,- ,- ,0,0,1800,1,LOS ANGELES,LOS ANGELES,CA,-118.3374651,34.09125519,"MCCADDEN PL & SANTA MONICA BLVD, LOS ANGELES, CA",MCCADDEN PL,SANTA MONICA BLVD,97169,
-118.3294627,34.07907105,63931,8784450,2019,2019-02-13T00:00:00.000Z,1942,2019-01-19T00:00:00.000Z,1720,42799,719,6,5,7,1942,0,0,0,G,0,7A22,N CAHUENGA BL,ROSEWOOD AV,50,N,N,A,-,N,,0,0,,,0,,,,Y,0,0,0,4,A,-,3,22350,,N,B,E,A,A,H,-,C,D,0,,,,,Y,,A,7,0,0,0,0,0,0,0,0,0,- ,- ,0,0,1800,1,LOS ANGELES,LOS ANGELES,CA,-118.3294627,34.07907104,"CAHUENGA BLVD & ROSEWOOD AVE, LOS ANGELES, CA",CAHUENGA BLVD,ROSEWOOD AVE,128724,
-118.353375,34.06746674,63933,8784508,2019,2019-02-15T00:00:00.000Z,1942,2019-01-24T00:00:00.000Z,1520,42656,734,4,5,7,1942,0,0,0,G,0,7A33,METROPOLITAN PL,CURSON AV,75,E,N,A,-,N,,0,0,,,0,,,,N,0,0,0,2,B,-,22,0,,M,B,C,A,A,H,-,A,D,0,,,,,Y,,-,,0,0,0,0,0,0,0,0,0,- ,- ,0,0,1800,1,LOS ANGELES,LOS ANGELES,CA,-118.353375,34.06746674,"METROPOLITAN PLZ & CURSON AVE, LOS ANGELES, CA",METROPOLITAN PLZ,CURSON AVE,104004,
-118.3111721,33.9814148,63934,8784515,2019,2019-02-15T00:00:00.000Z,1942,2019-01-30T00:00:00.000Z,1530,37403,1243,3,5,7,1942,0,0,0,L,0,12Z1,W 64TH ST,SAINT ANDREWS PL,0,,Y,A,-,N,,0,0,,,0,,,,Y,0,0,0,1,A,-,3,22350,,N,H,I,A,A,H,-,A,D,0,,,,,Y,,A,1,0,0,0,0,0,0,0,0,0,- ,- ,0,0,1800,1,LOS ANGELES,LOS ANGELES,CA,-118.3111721,33.98141479,"64TH ST & ST ANDREWS PL, LOS ANGELES, CA",64TH ST,ST ANDREWS PL,148685,
-118.2853025,34.00704193,63935,8784536,2019,2019-02-15T00:00:00.000Z,1942,2019-01-27T00:00:00.000Z,1704,41973,398,7,5,7,1942,0,0,0,C,0,3A99,W 42ND ST,E HOOVER ST,586,E,N,A,-,N,,0,0,,,0,,,,N,0,0,0,2,A,-,21,22106,,M,D,C,A,A,H,-,C,D,0,,,,,Y,,A,1,0,0,0,0,0,0,0,0,0,- ,- ,0,0,1800,1,LOS ANGELES,LOS ANGELES,CA,-118.2853025,34.00704193,"42ND ST & HOOVER ST, LOS ANGELES, CA",42ND ST,HOOVER ST,124456,
-118.3089721,33.98139954,63936,8784560,2019,2019-02-15T00:00:00.000Z,1942,2019-01-22T00:00:00.000Z,1705,43501,LAPDS,2,5,7,1942,0,0,0,,0,18A34,WESTERN AV,64TH ST,5,S,N,A,-,N,,0,0,,,0,,,,N,0,0,0,2,A,-,3,22350,,M,E,I,A,A,H,-,A,-,0,,,,,Y,,-,99,0,0,0,0,0,0,0,0,0,- ,- ,0,0,1800,1,LOS ANGELES,LOS ANGELES,CA,-118.3089721,33.98139954,"WESTERN AVE & 64TH ST, LOS ANGELES, CA",WESTERN AVE,64TH ST,127623,
-118.3024921,33.96272659,63937,8784585,2019,2019-02-13T00:00:00.000Z,1942,2019-01-30T00:00:00.000Z,1600,37146,1265,3,5,7,1942,0,0,0,L,0,25TL22,HALLDALE AV,W 84TH ST,0,,Y,A,-,N,,0,0,,,0,,,,N,4,0,2,2,A,-,9,21802,A,F,D,C,A,A,H,-,A,A,0,,,,,Y,,A,7,0,0,2,0,0,0,0,0,0,- ,- ,0,0,1800,1,LOS ANGELES,LOS ANGELES,CA,-118.3024921,33.96272659,"HALLDALE AVE & 84TH ST, LOS ANGELES, CA",HALLDALE AVE,84TH ST,113751,
-118.3603921,34.07609558,63938,8784616,2019,2019-02-19T00:00:00.000Z,1942,2019-01-18T00:00:00.000Z,1515,2602,724,5,5,7,1942,0,0,0,G,0,7A21,BEVERLY BL,ORANGE GROVE AV,0,,Y,A,-,N,,0,0,,,0,,,,Y,3,0,1,2,A,-,9,21801,B,N,D,C,A,A,H,-,A,D,0,,,Y,,Y,,A,1,0,1,0,0,0,0,0,0,1,- ,- ,0,0,1800,1,LOS ANGELES,LOS ANGELES,CA,-118.3603921,34.07609558,"BEVERLY BLVD & ORANGE GROVE AVE, LOS ANGELES, CA",BEVERLY BLVD,ORANGE GROVE AVE,139071,
-118.3372721,34.07618332,63939,8784618,2019,2019-02-14T00:00:00.000Z,1942,2019-01-29T00:00:00.000Z,1745,43321,727,2,5,7,1942,0,0,0,G,0,7A76,BEVERLY BL,MCCADDEN PL,0,,Y,A,-,N,,0,0,,,0,,,,Y,4,0,2,3,A,-,9,21802,A,F,D,C,A,A,H,-,C,A,0,,,,,Y,,A,1,0,0,2,0,0,0,0,0,0,- ,- ,0,0,1800,1,LOS ANGELES,LOS ANGELES,CA,-118.3372721,34.07618332,"BEVERLY BLVD & MCCADDEN PL, LOS ANGELES, CA",BEVERLY BLVD,MCCADDEN PL,128745,
-118.3648687,34.05593109,63940,8784620,2019,2019-02-19T00:00:00.000Z,1942,2019-01-20T00:00:00.000Z,1745,42788,752,7,5,7,1942,0,0,0,,0,7A22,FAIRFAX AV,WHITWORTH DR,72,N,N,A,-,N,,0,0,,,0,,,,N,4,0,3,3,A,-,3,22350,,N,C,C,A,A,H,-,C,A,0,,,,,Y,,A,1,0,0,3,0,0,0,0,0,0,- ,- ,0,0,1800,1,LOS ANGELES,LOS ANGELES,CA,-118.3648687,34.05593109,"FAIRFAX AVE & WHITWORTH DR, LOS ANGELES, CA",FAIRFAX AVE,WHITWORTH DR,106971,
-118.3429521,34.06490326,63941,8784624,2019,2019-02-14T00:00:00.000Z,1942,2019-01-25T00:00:00.000Z,1735,42424,737,5,5,7,1942,0,0,0,G,0,7X82,6TH ST,SYCAMORE AV,0,,Y,A,-,N,,0,0,,,0,,,,N,4,0,1,2,A,-,9,21802,A,N,A,C,A,A,H,-,C,A,0,,,,,Y,,A,1,0,0,1,0,0,0,0,0,0,- ,- ,0,0,1800,1,LOS ANGELES,LOS ANGELES,CA,-118.3429521,34.06490326,"6TH ST & SYCAMORE AVE, LOS ANGELES, CA",6TH ST,SYCAMORE AVE,125101,
-118.2802889,34.07061386,63942,8784631,2019,2019-02-14T00:00:00.000Z,1942,2019-01-07T00:00:00.000Z,1600,40099,233,1,5,7,1942,0,0,0,B,0,2A17,N OCCIDENTAL BL,BEVERLY BL,120,S,N,A,-,N,,0,0,,,0,,,,N,3,0,1,2,A,-,11,21954,A,N,G,B,E,A,H,-,A,D,0,Y,,,,Y,,N,60,0,1,0,0,1,0,0,0,0,- ,- ,0,0,1800,1,LOS ANGELES,LOS ANGELES,CA,-118.2802889,34.07061386,"OCCIDENTAL BLVD & BEVERLY BLVD, LOS ANGELES, CA",OCCIDENTAL BLVD,BEVERLY BLVD,102216,