X,Y,OBJECTID,case_id,accident_year,proc_date,juris,collision_date,collision_time,officer_id,reporting_district,day_of_week,chp_shift,population,cnty_city_loc,special_cond,beat_type,chp_beat_type,city_division_lapd,chp_beat_class,beat_number,primary_rd,secondary_rd,distance,direction,intersection,weather_1,weather_2,state_hwy_ind,caltrans_county,caltrans_district,state_route,route_suffix,postmile_prefix,postmile,location_type,ramp_intersection,side_of_hwy,tow_away,collision_severity,number_killed,number_injured,party_count,primary_coll_factor,pcf_code_of_viol,pcf_viol_category,pcf_violation,pcf_viol_subsection,hit_and_run,type_of_collision,mviw,ped_action,road_surface,road_cond_1,road_cond_2,lighting,control_device,chp_road_type,pedestrian_accident,bicycle_accident,motorcycle_accident,truck_accident,not_private_property,alcohol_involved,stwd_vehtype_at_fault,chp_vehtype_at_fault,count_severe_inj,count_visible_inj,count_complaint_pain,count_ped_killed,count_ped_injured,count_bicyclist_killed,count_bicyclist_injured,count_mc_killed,count_mc_injured,primary_ramp,secondary_ramp,latitude,longitude,timecat,month_,city,county,state,point_x,point_y,match_addr,m_primaryrd,m_secondrd,int_id,Flag
-118.3236521,34.03988648,63943,8784632,2019,2019-02-14T00:00:00.000Z,1942,2019-01-20T00:00:00.000Z,1505,42832,789,7,5,7,1942,0,0,0,,0,7A69,WASHINGTON BL,6TH AV,0,,Y,A,-,N,,0,0,,,0,,,,N,4,0,1,2,A,-,9,21801,A,N,D,C,A,A,H,-,A,A,0,,,Y,,Y,,C,2,0,0,1,0,0,0,0,0,1,- ,- ,0,0,1800,1,LOS ANGELES,LOS ANGELES,CA,-118.3236521,34.03988647,"WASHINGTON BLVD & 6TH AVE, LOS ANGELES, CA",WASHINGTON BLVD,6TH AVE,149173,
-118.3472495,34.06824493,63944,8784640,2019,2019-02-14T00:00:00.000Z,1942,2019-01-23T00:00:00.000Z,1545,42345,736,3,5,7,1942,0,0,0,G,0,7X27,COCHRAN AV,4TH ST,500,N,N,A,-,N,,0,0,,,0,,,,N,4,0,2,2,A,-,9,21801,A,N,A,C,A,A,H,-,A,D,0,,,,,Y,,A,1,0,0,2,0,0,0,0,0,0,- ,- ,0,0,1800,1,LOS ANGELES,LOS ANGELES,CA,-118.3472495,34.06824493,"COCHRAN AVE & 4TH ST, LOS ANGELES, CA",COCHRAN AVE,4TH ST,146171,
-118.5375525,34.23547745,63945,8785614,2019,2019-02-04T00:00:00.000Z,1942,2019-01-14T00:00:00.000Z,1555,33294,1785,1,5,7,1942,0,0,0,Q,0,17A67,NORDHOFF ST,BAIRD AV,100,W,N,C,-,N,,0,0,,,0,,,,N,4,0,1,2,A,-,3,22350,,F,C,C,A,B,H,-,A,A,0,,,,,Y,,-,99,0,0,1,0,0,0,0,0,0,- ,- ,0,0,1800,1,LOS ANGELES,LOS ANGELES,CA,-118.5375525,34.23547745,"NORDHOFF ST & BAIRD AVE, LOS ANGELES, CA",NORDHOFF ST,BAIRD AVE,104778,
-118.4487551,34.20022583,63946,8785622,2019,2019-05-07T00:00:00.000Z,1942,2019-01-02T00:00:00.000Z,1725,39410,914,3,5,7,1942,0,0,0,I,0,9A23,VAN NUYS BL,SHERMAN WY,350,S,N,A,-,N,,0,0,,,0,,,,N,4,0,1,2,A,-,3,22350,,N,C,C,A,A,H,-,C,A,0,,,,,Y,Y,-,99,0,0,1,0,0,0,0,0,0,- ,- ,0,0,1800,1,LOS ANGELES,LOS ANGELES,CA,-118.4487551,34.20022583,"VAN NUYS BLVD & SHERMAN WAY, LOS ANGELES, CA",VAN NUYS BLVD,SHERMAN WAY,105050,
-118.4396951,34.19391632,63947,8785779,2019,2019-02-02T00:00:00.000Z,1942,2019-01-16T00:00:00.000Z,1745,40398,926,3,5,7,1942,0,0,0,I,0,9A19,VANOWEN ST,HAZELTINE AV,90,E,N,C,-,N,,0,0,,,0,,,,N,0,0,0,2,A,-,21,22106,,M,D,C,A,B,H,-,C,D,0,,,,,Y,,-,99,0,0,0,0,0,0,0,0,0,- ,- ,0,0,1800,1,LOS ANGELES,LOS ANGELES,CA,-118.4396951,34.19391632,"VANOWEN ST & HAZELTINE AVE, LOS ANGELES, CA",VANOWEN ST,HAZELTINE AVE,118769,
-118.4268921,34.15761566,63948,8785791,2019,2019-02-02T00:00:00.000Z,1942,2019-01-18T00:00:00.000Z,1515,38017,966,5,5,7,1942,0,0,0,I,0,9A63,SUNNYSLOPE AV,RIVERSIDE DR,0,,Y,A,-,N,,0,0,,,0,,,,N,0,0,0,2,A,-,8,22107,,M,B,C,A,A,H,-,A,D,0,,,,,Y,,-,99,0,0,0,0,0,0,0,0,0,- ,- ,0,0,1800,1,LOS ANGELES,LOS ANGELES,CA,-118.4268921,34.15761566,"SUNNYSLOPE AVE & RIVERSIDE DR, LOS ANGELES, CA",SUNNYSLOPE AVE,RIVERSIDE DR,105337,
-118.4487222,34.16486359,63949,8785796,2019,2019-02-02T00:00:00.000Z,1942,2019-01-15T00:00:00.000Z,1510,38940,963,2,5,7,1942,0,0,0,I,0,9A63,VAN NUYS BL,MAGNOLIA BL,0,,Y,C,-,N,,0,0,,,0,,,,Y,0,0,0,3,A,-,12,21453,A,M,D,D,A,B,H,-,A,A,0,,,,,Y,Y,A,1,0,0,0,0,0,0,0,0,0,- ,- ,0,0,1800,1,LOS ANGELES,LOS ANGELES,CA,-118.4487222,34.16486359,"VAN NUYS BLVD & MAGNOLIA BLVD, LOS ANGELES, CA",VAN NUYS BLVD,MAGNOLIA BLVD,97806,
-118.3722226,34.23533249,63950,8785808,2019,2019-02-02T00:00:00.000Z,1942,2019-01-17T00:00:00.000Z,1555,40398,1675,4,5,7,1942,0,0,0,P,0,16A77,GLENOAKS BL,TUXFORD ST,405,N,N,B,-,N,,0,0,,,0,,,,Y,0,0,0,1,A,-,3,22350,,M,E,I,A,B,H,-,A,D,0,,,,,Y,,A,8,0,0,0,0,0,0,0,0,0,- ,- ,0,0,1800,1,LOS ANGELES,LOS ANGELES,CA,-118.3722226,34.23533249,"GLENOAKS BLVD & TUXFORD ST, LOS ANGELES, CA",GLENOAKS BLVD,TUXFORD ST,108850,
-118.5622822,34.20058441,63951,8785832,2019,2019-02-02T00:00:00.000Z,1942,2019-01-13T00:00:00.000Z,1540,36733,1021,7,5,7,1942,0,0,0,J,0,10A21,CORBIN AV,SHERMAN AVE \,200,S,N,B,-,N,,0,0,,,0,,,,N,0,0,0,2,A,-,4,21703,,M,C,C,A,A,H,-,A,D,0,,,,,Y,,-,99,0,0,0,0,0,0,0,0,0,- ,- ,0,0,1800,1,LOS ANGELES,LOS ANGELES,CA,-118.5622822,34.20058441,"CORBIN AVE & SHERMAN WAY, LOS ANGELES, CA",CORBIN AVE,SHERMAN WAY,119111,
-118.4944021,34.20817947,63952,8785836,2019,2019-02-02T00:00:00.000Z,1942,2019-01-11T00:00:00.000Z,1715,37080,1008,5,5,7,1942,0,0,0,J,0,10A39,HAYVENHURST AV,SATICOY ST,90,S,N,A,-,N,,0,0,,,0,,,,Y,0,0,0,2,A,-,4,21703,,M,C,C,A,A,H,-,C,D,0,,,,,Y,,-,99,0,0,0,0,0,0,0,0,0,- ,- ,0,0,1800,1,LOS ANGELES,LOS ANGELES,CA,-118.4944021,34.20817947,"HAYVENHURST AVE & SATICOY ST, LOS ANGELES, CA",HAYVENHURST AVE,SATICOY ST,122576,
-118.3616021,34.17221451,63953,8785990,2019,2019-02-06T00:00:00.000Z,1942,2019-01-20T00:00:00.000Z,1550,42844,1549,7,5,7,1942,0,0,0,O,0,15A39,BURBANK BL,CAHUENGA BL,0,,Y,A,-,N,,0,0,,,0,,,,Y,3,0,1,3,A,-,3,22350,,F,C,C,A,A,H,-,A,A,0,,,,,Y,,A,1,0,1,0,0,0,0,0,0,0,- ,- ,0,0,1800,1,LOS ANGELES,LOS ANGELES,CA,-118.3616021,34.17221451,"BURBANK BLVD & CAHUENGA BLVD, LOS ANGELES, CA",BURBANK BLVD,CAHUENGA BLVD,136154,
-118.3016473,34.0838089,63954,8786656,2019,2019-02-05T00:00:00.000Z,1942,2019-01-02T00:00:00.000Z,1745,39022,678,3,5,7,1942,0,0,0,F,0,6A77,N ARDMORE AV,MELROSE AV,100,N,N,A,-,N,,0,0,,,0,,,,N,0,0,0,3,A,-,4,21703,,M,C,C,A,A,H,-,C,D,0,,,,,Y,,-,99,0,0,0,0,0,0,0,0,0,- ,- ,0,0,1800,1,LOS ANGELES,LOS ANGELES,CA,-118.3016473,34.0838089,"ARDMORE AVE & MELROSE AVE, LOS ANGELES, CA",ARDMORE AVE,MELROSE AVE,114610,
-118.5325964,34.20266342,63955,8786793,2019,2019-02-11T00:00:00.000Z,1942,2019-01-28T00:00:00.000Z,1525,41316,1015,1,5,7,1942,0,0,0,J,0,10A3,DARBY PL,CANTLY ST,200,N,N,A,-,N,,0,0,,,0,,,,Y,3,0,1,2,A,-,1,23152,A,M,A,E,A,A,H,-,A,D,0,,,,,Y,Y,A,1,0,1,0,0,0,0,0,0,0,- ,- ,0,0,1800,1,LOS ANGELES,LOS ANGELES,CA,-118.5325964,34.20266342,"DARBY PL & CANTLAY ST, LOS ANGELES, CA",DARBY PL,CANTLAY ST,115817,
-118.241041,34.05351639,63956,8786860,2019,2019-02-06T00:00:00.000Z,1942,2019-01-14T00:00:00.000Z,1730,41956,,1,5,7,1942,0,0,0,,0,,TEMPLE ST,LOS ANGELES,50,W,N,A,-,N,,0,0,,,0,,,,N,0,0,0,2,A,-,8,22107,,N,B,C,A,B,H,-,C,A,0,,,,,Y,,A,1,0,0,0,0,0,0,0,0,0,- ,- ,0,0,1800,1,LOS ANGELES,LOS ANGELES,CA,-118.241041,34.05351639,"TEMPLE ST & LOS ANGELES ST, LOS ANGELES, CA",TEMPLE ST,LOS ANGELES ST,96498,
-118.256719,34.04735947,63957,8786915,2019,2019-02-11T00:00:00.000Z,1942,2019-01-10T00:00:00.000Z,1740,43422,162,4,5,7,1942,0,0,0,A,0,1A12,7TH ST,GRAND AV,40,W,N,A,-,N,,0,0,,,0,,,,N,4,0,1,2,A,-,8,22102,,N,D,G,A,A,H,-,C,D,0,,Y,,,Y,,A,1,0,0,1,0,0,0,1,0,0,- ,- ,0,0,1800,1,LOS ANGELES,LOS ANGELES,CA,-118.256719,34.04735947,"7TH ST & GRAND AVE (DOWNTOWN), LOS ANGELES, CA",7TH ST,GRAND AVE (DOWNTOWN),121150,
-118.2916115,34.02957535,63959,8786928,2019,2019-02-08T00:00:00.000Z,1942,2019-01-16T00:00:00.000Z,1730,42668,325,3,5,7,1942,0,0,0,C,0,325,28TH ST,VERMONT AV,15,W,N,C,-,N,,0,0,,,0,,,,N,4,0,1,2,A,-,8,22107,,F,G,B,B,B,H,-,C,A,0,Y,,,,Y,,-,99,0,0,1,0,1,0,0,0,0,- ,- ,0,0,1800,1,LOS ANGELES,LOS ANGELES,CA,-118.2916115,34.02957535,"28TH ST & VERMONT AVE, LOS ANGELES, CA",28TH ST,VERMONT AVE,99951,
-118.2005188,34.01652145,63960,8787077,2019,2019-03-12T00:00:00.000Z,1942,2019-01-06T00:00:00.000Z,1600,37952,499,7,5,7,1942,0,0,0,D,0,4A97,UNION PACIFIC AV,ESPERANZA ST,150,E,N,B,-,N,,0,0,,,0,,,,Y,3,0,1,2,A,-,8,22107,,N,C,E,A,A,H,-,A,D,0,,,,Y,Y,,A,1,0,1,0,0,0,0,0,0,0,- ,- ,0,0,1800,1,LOS ANGELES,LOS ANGELES,CA,-118.2005188,34.01652145,"UNION PACIFIC AVE & ESPERANZA ST, LOS ANGELES, CA",UNION PACIFIC AVE,ESPERANZA ST,98645,
-118.2474676,34.06363678,63961,8787097,2019,2019-02-08T00:00:00.000Z,1942,2019-01-01T00:00:00.000Z,1630,36238,111,2,5,7,1942,0,0,0,A,0,1A1,W SUNSET BL,FIGUEROA ST,500,W,N,A,-,N,,0,0,,,0,,,,Y,3,0,2,3,A,-,8,22102,,F,A,C,A,A,H,-,A,D,0,,,,,Y,,A,1,0,1,1,0,0,0,0,0,0,- ,- ,0,0,1800,1,LOS ANGELES,LOS ANGELES,CA,-118.2474676,34.06363678,"SUNSET BLVD & FIGUEROA ST, LOS ANGELES, CA",SUNSET BLVD,FIGUEROA ST,135877,
-118.2424021,34.05150604,63962,8787101,2019,2019-02-08T00:00:00.000Z,1942,2019-01-02T00:00:00.000Z,1745,40164,127,3,5,7,1942,0,0,0,A,0,24TL55,LOS ANGELES ST,1ST ST,0,,Y,A,B,N,,0,0,,,0,,,,Y,3,0,3,2,A,-,9,21801,A,N,D,C,A,A,H,-,C,A,0,,,,,Y,,A,1,0,2,1,0,0,0,0,0,0,- ,- ,0,0,1800,1,LOS ANGELES,LOS ANGELES,CA,-118.2424021,34.05150604,"LOS ANGELES ST & 1ST ST, LOS ANGELES, CA",LOS ANGELES ST,1ST ST,145730,
-118.2827121,33.96416473,63963,8787693,2019,2019-02-25T00:00:00.000Z,1942,2019-01-06T00:00:00.000Z,1700,42222,1267,7,5,7,1942,0,0,0,L,0,12A53,FIGUEROA ST,83RD ST,0,,Y,A,-,N,,0,0,,,0,,,,Y,4,0,1,2,A,-,9,21801,A,N,D,C,A,A,H,-,A,D,0,,,,,Y,,A,1,0,0,1,0,0,0,0,0,0,- ,- ,0,0,1800,1,LOS ANGELES,LOS ANGELES,CA,-118.2827121,33.96416473,"FIGUEROA ST & 83RD ST, LOS ANGELES, CA",FIGUEROA ST,83RD ST,96198,
-118.2962477,33.96001434,63964,8787705,2019,2019-02-25T00:00:00.000Z,1942,2019-01-05T00:00:00.000Z,1515,41933,1265,6,5,7,1942,0,0,0,L,0,25T22,W MANCHESTER AV,BUDLONG AV,105,W,N,B,-,N,,0,0,,,0,,,,N,4,0,2,2,A,-,3,22350,,N,C,C,A,A,H,-,A,A,0,,,,,Y,,A,7,0,0,2,0,0,0,0,0,0,- ,- ,0,0,1800,1,LOS ANGELES,LOS ANGELES,CA,-118.2962477,33.96001434,"MANCHESTER AVE & BUDLONG AVE, LOS ANGELES, CA",MANCHESTER AVE,BUDLONG AVE,120695,
-118.3166646,33.97459412,63965,8787709,2019,2019-02-25T00:00:00.000Z,1942,2019-01-05T00:00:00.000Z,1720,37146,1253,6,5,7,1942,0,0,0,L,0,25T22,FLORENCE AV,HAAS AV,60,E,N,B,C,N,,0,0,,,0,,,,N,4,0,1,2,A,-,21,22106,,F,D,C,A,B,H,-,A,D,0,,,,,Y,,-,99,0,0,1,0,0,0,0,0,0,- ,- ,0,0,1800,1,LOS ANGELES,LOS ANGELES,CA,-118.3166646,33.97459412,"FLORENCE AVE & HAAS AVE, LOS ANGELES, CA",FLORENCE AVE,HAAS AVE,96052,
-118.3001921,33.99728775,63966,8787810,2019,2019-02-02T00:00:00.000Z,1942,2019-01-04T00:00:00.000Z,1740,37146,1205,5,5,7,1942,0,0,0,L,0,25T22,NORMANDIE AV,51ST ST,150,N,N,A,-,N,,0,0,,,0,,,,N,0,0,0,2,A,-,3,22350,,M,B,E,A,A,H,-,A,D,0,,,,,Y,,-,99,0,0,0,0,0,0,0,0,0,- ,- ,0,0,1800,1,LOS ANGELES,LOS ANGELES,CA,-118.3001921,33.99728775,"NORMANDIE AVE & 51ST ST, LOS ANGELES, CA",NORMANDIE AVE,51ST ST,103305,
-118.2442202,33.94320297,63967,8787906,2019,2019-02-01T00:00:00.000Z,1942,2019-01-09T00:00:00.000Z,1640,37146,1826,3,5,7,1942,0,0,0,R,0,25TL22,E 103RD ST,GRANDEE AV,200,W,N,A,-,N,,0,0,,,0,,,,N,0,0,0,2,B,-,22,0,,M,D,E,A,A,H,-,A,D,0,,,,,Y,,-,99,0,0,0,0,0,0,0,0,0,- ,- ,0,0,1800,1,LOS ANGELES,LOS ANGELES,CA,-118.2442202,33.94320297,"103RD ST & GRANDEE AVE, LOS ANGELES, CA",103RD ST,GRANDEE AVE,96089,
-118.3909435,34.03526306,63968,8788120,2019,2019-02-01T00:00:00.000Z,1942,2019-01-07T00:00:00.000Z,1510,33169,898,1,5,7,1942,0,0,0,H,0,8A95,CATTARAUGUS AV,ROBERTSON BL,500,W,N,A,-,N,,0,0,,,0,,,,N,0,0,0,2,A,-,0,20015,A,M,A,E,A,A,H,-,A,D,0,,,,,Y,,-,- ,0,0,0,0,0,0,0,0,0,- ,- ,0,0,1800,1,LOS ANGELES,LOS ANGELES,CA,-118.3909435,34.03526306,"CATTARAUGUS AVE & ROBERTSON BLVD, LOS ANGELES, CA",CATTARAUGUS AVE,ROBERTSON BLVD,145576,
-118.3509221,34.03251648,63969,8788806,2019,2019-02-11T00:00:00.000Z,1942,2019-01-04T00:00:00.000Z,1520,42786,312,5,5,7,1942,0,0,0,C,0,3A73,ADAMS BL,LA BREA,0,,Y,A,-,N,,0,0,,,0,,,,Y,4,0,2,2,A,-,7,21658,A,F,F,C,A,A,H,-,A,A,0,,,,,Y,,-,99,0,0,2,0,0,0,0,0,0,- ,- ,0,0,1800,1,LOS ANGELES,LOS ANGELES,CA,-118.3509221,34.03251648,"ADAMS BLVD & LA BREA AVE, LOS ANGELES, CA",ADAMS BLVD,LA BREA AVE,96407,
-118.4465422,34.18665314,63970,8790047,2019,2019-02-07T00:00:00.000Z,1942,2019-01-22T00:00:00.000Z,1610,41158,935,2,5,7,1942,0,0,0,I,0,9A41,VICTORY BL,SYLMAR AV,0,,Y,A,-,N,,0,0,,,0,,,,N,4,0,1,2,A,-,10,21950,A,F,G,B,B,A,H,-,A,A,0,Y,,,,Y,,-,99,0,0,1,0,1,0,0,0,0,- ,- ,0,0,1800,1,LOS ANGELES,LOS ANGELES,CA,-118.4465422,34.18665314,"VICTORY BLVD & SYLMAR AVE, LOS ANGELES, CA",VICTORY BLVD,SYLMAR AVE,122488,
-118.2990293,33.72156525,63971,8790200,2019,2019-03-21T00:00:00.000Z,1942,2019-01-20T00:00:00.000Z,1515,43157,585,7,5,7,1942,0,0,0,E,0,5A85,25TH ST,ALMA ST,10,E,N,A,-,N,,0,0,,,0,,,,Y,3,0,1,2,A,-,12,21453,A,N,D,C,A,A,H,-,A,A,0,,,,,Y,Y,A,1,0,1,0,0,0,0,0,0,0,- ,- ,0,0,1800,1,LOS ANGELES,LOS ANGELES,CA,-118.2990293,33.72156525,"25TH ST & ALMA ST, LOS ANGELES, CA",25TH ST,ALMA ST,138666,
-118.2992789,33.85577774,63972,8790269,2019,2019-02-13T00:00:00.000Z,1942,2019-01-19T00:00:00.000Z,1530,38642,504,6,5,7,1942,0,0,0,E,0,5XL2,NORMANDIE AV,190TH ST,900,S,N,A,-,N,,0,0,,,0,,,,N,0,0,0,2,B,-,22,0,,M,C,E,A,A,H,-,A,D,0,,,,,Y,,-,99,0,0,0,0,0,0,0,0,0,- ,- ,0,0,1800,1,LOS ANGELES,LOS ANGELES,CA,-118.2992789,33.85577774,"NORMANDIE AVE & 190TH ST, LOS ANGELES, CA",NORMANDIE AVE,190TH ST,127785,
-118.3002021,34.00992584,63973,8790743,2019,2019-02-04T00:00:00.000Z,1942,2019-01-03T00:00:00.000Z,1705,39407,397,4,5,7,1942,0,0,0,,0,3A19,NORMANDIE AV,40TH PL,0,,Y,A,-,N,,0,0,,,0,,,,Y,4,0,3,3,A,-,8,22107,,N,D,C,A,A,H,-,C,A,0,,,,,Y,,-,,0,0,3,0,0,0,0,0,0,- ,- ,0,0,1800,1,LOS ANGELES,LOS ANGELES,CA,-118.3002021,34.00992584,"NORMANDIE AVE & 40TH PL, LOS ANGELES, CA",NORMANDIE AVE,40TH PL,96118,
-118.2980592,34.02550507,63974,8791460,2019,2019-02-08T00:00:00.000Z,1942,2019-01-22T00:00:00.000Z,1600,43273,357,2,5,7,1942,0,0,0,C,0,,JEFFERSON BL,RAYMOND AV,10,E,N,A,-,N,,0,0,,,0,,,,,0,0,0,2,A,-,3,22350,,N,B,C,A,A,H,-,A,D,0,,,,,Y,,A,1,0,0,0,0,0,0,0,0,0,- ,- ,0,0,1800,1,LOS ANGELES,LOS ANGELES,CA,-118.2980592,34.02550507,"JEFFERSON BLVD & RAYMOND AVE, LOS ANGELES, CA",JEFFERSON BLVD,RAYMOND AVE,138237,
-118.2700971,33.96016312,63975,8791597,2019,2019-02-07T00:00:00.000Z,1942,2019-01-21T00:00:00.000Z,1725,42180,1268,1,5,7,1942,0,0,0,L,0,12XL7,MANCHESTER AV,SAN PEDRO ST,193,W,N,A,-,N,,0,0,,,0,,,,N,0,0,0,2,A,-,7,21658,A,M,B,C,A,A,H,-,B,A,0,,,,,Y,,-,99,0,0,0,0,0,0,0,0,0,- ,- ,0,0,1800,1,LOS ANGELES,LOS ANGELES,CA,-118.2700971,33.96016312,"MANCHESTER AVE & SAN PEDRO ST, LOS ANGELES, CA",MANCHESTER AVE,SAN PEDRO ST,141770,
-118.2705496,33.9704628,63976,8791607,2019,2019-02-06T00:00:00.000Z,1942,2019-01-08T00:00:00.000Z,1710,41495,1258,2,5,7,1942,0,0,0,L,0,12A69W,76TH PL,SAN PEDRO ST,300,W,N,A,-,N,,0,0,,,0,,,,N,4,0,1,2,A,-,11,21954,A,F,G,B,D,A,H,-,B,D,0,Y,,,,Y,,N,60,0,0,1,0,1,0,0,0,0,- ,- ,0,0,1800,1,LOS ANGELES,LOS ANGELES,CA,-118.2705496,33.9704628,"76TH PL & SAN PEDRO ST, LOS ANGELES, CA",76TH PL,SAN PEDRO ST,145277,
-118.3089715,33.98318863,63977,8791608,2019,2019-02-07T00:00:00.000Z,1942,2019-01-21T00:00:00.000Z,1725,42214,1233,1,5,7,1942,0,0,0,L,0,12X52,WESTERN AV,62ND ST,20,S,N,A,G,N,,0,0,,,0,,,,Y,3,0,2,2,A,-,9,21801,A,N,D,C,A,A,H,-,A,A,0,,,,,Y,,A,1,0,1,1,0,0,0,0,0,0,- ,- ,0,0,1800,1,LOS ANGELES,LOS ANGELES,CA,-118.3089715,33.98318863,"WESTERN AVE & 62ND ST, LOS ANGELES, CA",WESTERN AVE,62ND ST,96010,
-118.2827121,33.99950028,63978,8791666,2019,2019-02-07T00:00:00.000Z,1942,2019-01-04T00:00:00.000Z,1730,41643,1257,5,5,7,1942,0,0,0,L,0,12A,FIGUEROA ST,48TH ST,60,S,N,A,-,N,,0,0,,,0,,,,N,3,0,1,2,A,-,9,21801,A,N,B,G,A,A,H,-,D,D,0,,Y,,,Y,,A,7,0,1,0,0,0,0,1,0,0,- ,- ,0,0,1800,1,LOS ANGELES,LOS ANGELES,CA,-118.2827121,33.99950027,"FIGUEROA ST & 48TH ST, LOS ANGELES, CA",FIGUEROA ST,48TH ST,96310,
-118.5368266,34.04878616,63979,8792512,2019,2019-02-20T00:00:00.000Z,1942,2019-01-14T00:00:00.000Z,1645,43024,822,1,5,7,1942,0,0,0,H,0,811,W SUNSET BL,MUSKINGUM AV,340,W,N,C,-,N,,0,0,,,0,,,,Y,4,0,4,3,A,-,3,22350,,N,A,C,A,B,H,-,C,D,0,,,,,Y,,A,1,0,0,4,0,0,0,0,0,0,- ,- ,0,0,1800,1,LOS ANGELES,LOS ANGELES,CA,-118.5368266,34.04878616,"SUNSET BLVD & MUSKINGUM AVE, LOS ANGELES, CA",SUNSET BLVD,MUSKINGUM AVE,117791,
-118.4224862,34.20118332,63980,8792514,2019,2019-02-21T00:00:00.000Z,1942,2019-01-28T00:00:00.000Z,1600,41514,1521,1,5,7,1942,0,0,0,O,0,15A21,SHERMAN WY,FULTON AV,20,E,N,A,-,N,,0,0,,,0,,,,N,4,0,1,2,A,-,3,22350,,F,C,C,A,A,H,-,A,A,0,,,,,Y,,A,1,0,0,1,0,0,0,0,0,0,- ,- ,0,0,1800,1,LOS ANGELES,LOS ANGELES,CA,-118.4224862,34.20118332,"SHERMAN WAY & FULTON AVE, LOS ANGELES, CA",SHERMAN WAY,FULTON AVE,132559,
-118.5131821,34.04680634,63981,8792524,2019,2019-02-20T00:00:00.000Z,1942,2019-01-05T00:00:00.000Z,1530,33060,824,6,5,7,1942,0,0,0,H,0,8A1,SUNSET BL,WILL ROGERS STATE PARK RD,100,W,N,C,-,N,,0,0,,,0,,,,Y,4,0,1,2,A,-,3,22350,,N,C,C,A,B,H,-,A,A,0,,,,,Y,,A,1,0,0,1,0,0,0,0,0,0,- ,- ,0,0,1800,1,LOS ANGELES,LOS ANGELES,CA,-118.5131821,34.04680634,"SUNSET BLVD & WILL ROGERS STATE PARK RD, LOS ANGELES, CA",SUNSET BLVD,WILL ROGERS STATE PARK RD,116660,
-118.4456822,34.12564468,63982,8792536,2019,2019-02-20T00:00:00.000Z,1942,2019-01-13T00:00:00.000Z,1510,35643,807,7,5,7,1942,0,0,0,H,0,8A29,BEVERLY GLEN BL,WINDTREE DR,0,,Y,B,-,N,,0,0,,,0,,,,Y,3,0,2,2,A,-,9,21802,A,N,D,C,A,A,H,-,A,A,0,,,,,Y,,A,7,0,1,1,0,0,0,0,0,0,- ,- ,0,0,1800,1,LOS ANGELES,LOS ANGELES,CA,-118.4456822,34.12564468,"BEVERLY GLEN BLVD & WINDTREE DR, LOS ANGELES, CA",BEVERLY GLEN BLVD,WINDTREE DR,128627,
-118.4685899,34.06375122,63983,8792548,2019,2019-02-20T00:00:00.000Z,1942,2019-01-11T00:00:00.000Z,1630,42655,827,5,5,7,1942,0,0,0,H,0,8A36,BARRINGTON AV,BARRINGTON PL,175,S,N,A,-,N,,0,0,,,0,,,,Y,3,0,2,2,A,-,9,21804,A,N,D,C,A,A,H,-,A,D,0,,,,,Y,,A,1,0,1,1,0,0,0,0,0,0,- ,- ,0,0,1800,1,LOS ANGELES,LOS ANGELES,CA,-118.4685899,34.06375122,"BARRINGTON AVE & BARRINGTON PL, LOS ANGELES, CA",BARRINGTON AVE,BARRINGTON PL,107316,
-118.2830622,34.09581375,63984,8792563,2019,2019-02-19T00:00:00.000Z,1942,2019-01-15T00:00:00.000Z,1630,37952,1171,2,5,7,1942,0,0,0,K,0,11A71,FOUNTAIN AV,TALMADGE ST,0,,Y,C,-,N,,0,0,,,0,,,,N,4,0,1,2,A,-,9,21801,A,N,D,C,A,B,H,-,A,D,0,,,,,Y,,A,1,0,0,1,0,0,0,0,0,0,- ,- ,0,0,1800,1,LOS ANGELES,LOS ANGELES,CA,-118.2830622,34.09581375,"FOUNTAIN AVE & TALMADGE ST, LOS ANGELES, CA",FOUNTAIN AVE,TALMADGE ST,142623,
-118.2508522,34.1011467,63985,8792567,2019,2019-02-19T00:00:00.000Z,1942,2019-01-08T00:00:00.000Z,1545,42040,1145,2,5,7,1942,0,0,0,K,0,11A71,RIVERSIDE DR,RIVERSIDE TER,0,,Y,B,-,N,,0,0,,,0,,,,N,4,0,1,2,A,-,8,22100,5,N,D,C,A,A,H,-,A,D,0,,,,,Y,,A,1,0,0,1,0,0,0,0,0,0,- ,- ,0,0,1800,1,LOS ANGELES,LOS ANGELES,CA,-118.2508522,34.1011467,"RIVERSIDE DR & RIVERSIDE TER, LOS ANGELES, CA",RIVERSIDE DR,RIVERSIDE TER,105739,
-118.2840851,34.09575272,63986,8792570,2019,2019-02-21T00:00:00.000Z,1942,2019-01-07T00:00:00.000Z,1525,42789,663,1,5,7,1942,0,0,0,F,0,6XL42,SUNSET BL,FOUNTAIN AV,30,S,N,A,-,N,,0,0,,,0,,,,N,4,0,2,2,A,-,3,22350,,F,C,C,A,A,H,-,A,A,0,,,,,Y,,A,1,0,0,2,0,0,0,0,0,0,- ,- ,0,0,1800,1,LOS ANGELES,LOS ANGELES,CA,-118.2840851,34.09575272,"SUNSET BLVD & FOUNTAIN AVE, LOS ANGELES, CA",SUNSET BLVD,FOUNTAIN AVE,135166,