X,Y,OBJECTID,case_id,accident_year,proc_date,juris,collision_date,collision_time,officer_id,reporting_district,day_of_week,chp_shift,population,cnty_city_loc,special_cond,beat_type,chp_beat_type,city_division_lapd,chp_beat_class,beat_number,primary_rd,secondary_rd,distance,direction,intersection,weather_1,weather_2,state_hwy_ind,caltrans_county,caltrans_district,state_route,route_suffix,postmile_prefix,postmile,location_type,ramp_intersection,side_of_hwy,tow_away,collision_severity,number_killed,number_injured,party_count,primary_coll_factor,pcf_code_of_viol,pcf_viol_category,pcf_violation,pcf_viol_subsection,hit_and_run,type_of_collision,mviw,ped_action,road_surface,road_cond_1,road_cond_2,lighting,control_device,chp_road_type,pedestrian_accident,bicycle_accident,motorcycle_accident,truck_accident,not_private_property,alcohol_involved,stwd_vehtype_at_fault,chp_vehtype_at_fault,count_severe_inj,count_visible_inj,count_complaint_pain,count_ped_killed,count_ped_injured,count_bicyclist_killed,count_bicyclist_injured,count_mc_killed,count_mc_injured,primary_ramp,secondary_ramp,latitude,longitude,timecat,month_,city,county,state,point_x,point_y,match_addr,m_primaryrd,m_secondrd,int_id,Flag
-118.3488271,34.10342789,63987,8792574,2019,2019-02-21T00:00:00.000Z,1942,2019-01-25T00:00:00.000Z,1600,40415,643,5,5,7,1942,0,0,0,F,0,6X25,FRANKLIN AV,FULLER AV,44,E,N,A,-,N,,0,0,,,0,,,,N,4,0,1,2,A,-,3,22350,,F,C,E,A,A,H,-,A,D,0,,,,,Y,,-,99,0,0,1,0,0,0,0,0,0,- ,- ,0,0,1800,1,LOS ANGELES,LOS ANGELES,CA,-118.3488271,34.10342789,"FRANKLIN AVE & FULLER AVE, LOS ANGELES, CA",FRANKLIN AVE,FULLER AVE,111225,
-118.2994322,34.09525299,63988,8792580,2019,2019-02-20T00:00:00.000Z,1942,2019-01-01T00:00:00.000Z,1610,37952,1161,2,5,7,1942,0,0,0,K,0,11A51,FOUNTAIN AV,N MARIPOSA AV,0,,Y,A,-,N,,0,0,,,0,,,,Y,0,0,0,2,A,-,9,21802,A,N,D,C,A,A,H,-,A,A,0,,,,,Y,,A,1,0,0,0,0,0,0,0,0,0,- ,- ,0,0,1800,1,LOS ANGELES,LOS ANGELES,CA,-118.2994322,34.09525299,"FOUNTAIN AVE & MARIPOSA AVE, LOS ANGELES, CA",FOUNTAIN AVE,MARIPOSA AVE,132146,
-118.2961722,34.09814453,63989,8792606,2019,2019-02-20T00:00:00.000Z,1942,2019-01-14T00:00:00.000Z,1705,40617,1151,1,5,7,1942,0,0,0,K,0,4A59,W SUNSET BL,N EDGEMONT ST,0,,Y,C,-,N,,0,0,,,0,,,,N,4,0,1,2,A,-,8,22107,,N,B,C,A,B,-,-,C,A,0,,,,,Y,,A,1,0,0,1,0,0,0,0,0,0,- ,- ,0,0,1800,1,LOS ANGELES,LOS ANGELES,CA,-118.2961722,34.09814453,"SUNSET BLVD & EDGEMONT ST, LOS ANGELES, CA",SUNSET BLVD,EDGEMONT ST,132465,
-118.2638321,34.08145523,63990,8792614,2019,2019-02-21T00:00:00.000Z,1942,2019-01-14T00:00:00.000Z,1550,41686,1181,1,5,7,1942,0,0,0,K,0,1181,MOHAWK ST,MONTANA ST,0,,Y,C,-,N,,0,0,,,0,,,,N,4,0,1,2,A,-,12,22450,A,N,D,C,A,B,H,-,A,D,0,,,,,Y,,A,1,0,0,1,0,0,0,0,0,0,- ,- ,0,0,1800,1,LOS ANGELES,LOS ANGELES,CA,-118.2638321,34.08145523,"MOHAWK ST & MONTANA ST, LOS ANGELES, CA",MOHAWK ST,MONTANA ST,142983,
-118.1965468,34.13937378,63991,8792626,2019,2019-02-21T00:00:00.000Z,1942,2019-01-28T00:00:00.000Z,1630,33950,1109,1,5,7,1942,0,0,0,K,0,11A17,COLORADO BL,LOS ROBLES ST,20,W,N,A,-,N,,0,0,,,0,,,,N,4,0,1,2,A,-,21,22106,,F,B,C,A,A,H,-,A,D,0,,,,,Y,,-,99,0,0,1,0,0,0,0,0,0,- ,- ,0,0,1800,1,LOS ANGELES,LOS ANGELES,CA,-118.1965468,34.13937378,"COLORADO BLVD & LOS ROBLES ST, LOS ANGELES, CA",COLORADO BLVD,LOS ROBLES ST,145925,
-118.2613021,34.09702301,63992,8792638,2019,2019-02-21T00:00:00.000Z,1942,2019-01-04T00:00:00.000Z,1615,42040,1144,5,5,7,1942,0,0,0,K,0,11A71,SILVER LAKE BL,EARL ST,0,,Y,A,-,N,,0,0,,,0,,,,N,4,0,1,2,A,-,3,22350,,N,C,C,A,A,H,-,A,D,0,,,,,Y,,A,1,0,0,1,0,0,0,0,0,0,- ,- ,0,0,1800,1,LOS ANGELES,LOS ANGELES,CA,-118.2613021,34.09702301,"SILVER LAKE BLVD & EARL ST, LOS ANGELES, CA",SILVER LAKE BLVD,EARL ST,149651,
-118.2390122,33.94062424,63993,8792691,2019,2019-02-21T00:00:00.000Z,1942,2019-01-21T00:00:00.000Z,1615,40936,RD182,1,5,7,1942,0,0,0,,0,18X48,WILMINGTON AV,105TH ST,0,,Y,A,-,N,,0,0,,,0,,,,N,0,0,0,2,A,-,21,22106,,M,B,C,A,A,-,-,A,A,0,,,,,Y,Y,-,99,0,0,0,0,0,0,0,0,0,- ,- ,0,0,1800,1,LOS ANGELES,LOS ANGELES,CA,-118.2390122,33.94062424,"WILMINGTON AVE & 105TH ST, LOS ANGELES, CA",WILMINGTON AVE,105TH ST,102635,
-118.3703622,34.18933106,63994,8792757,2019,2019-02-21T00:00:00.000Z,1942,2019-01-10T00:00:00.000Z,1650,38956,1527,4,5,7,1942,0,0,0,O,0,15A27,VINELAND AV,KITTRIDGE ST,355,S,N,A,-,N,,0,0,,,0,,,,N,0,0,0,2,A,-,21,22106,,M,C,E,A,A,H,-,B,D,0,,,,,Y,,-,99,0,0,0,0,0,0,0,0,0,- ,- ,0,0,1800,1,LOS ANGELES,LOS ANGELES,CA,-118.3703622,34.18933105,"VINELAND AVE & KITTRIDGE ST, LOS ANGELES, CA",VINELAND AVE,KITTRIDGE ST,115140,
-118.3158021,34.09805298,63995,8792779,2019,2019-02-15T00:00:00.000Z,1942,2019-01-14T00:00:00.000Z,1720,42359,668,1,5,7,1942,0,0,0,F,0,6A66,VAN NESS AV,SUNSET BL,0,,Y,C,-,N,,0,0,,,0,,,,N,0,0,0,2,A,-,3,22350,,M,C,C,A,B,H,-,C,A,0,,,,,Y,,-,99,0,0,0,0,0,0,0,0,0,- ,- ,0,0,1800,1,LOS ANGELES,LOS ANGELES,CA,-118.3158021,34.09805298,"VAN NESS AVE & SUNSET BLVD, LOS ANGELES, CA",VAN NESS AVE,SUNSET BLVD,125513,
-118.3135921,34.09473419,63996,8792791,2019,2019-02-15T00:00:00.000Z,1942,2019-01-15T00:00:00.000Z,1630,42570,668,2,5,7,1942,0,0,0,F,0,7A79,FOUNTAIN AV,WILTON PL,0,,N,B,C,N,,0,0,,,0,,,,N,0,0,0,2,A,-,8,22107,,M,B,E,A,B,H,-,A,D,0,,,,,Y,,-,99,0,0,0,0,0,0,0,0,0,- ,- ,0,0,1800,1,LOS ANGELES,LOS ANGELES,CA,-118.3135921,34.09473419,"FOUNTAIN AVE & WILTON PL, LOS ANGELES, CA",FOUNTAIN AVE,WILTON PL,149752,
-118.5024222,34.25025559,63997,8792950,2019,2019-02-26T00:00:00.000Z,1942,2019-01-07T00:00:00.000Z,1525,39410,1756,1,5,7,1942,0,0,0,Q,0,17A49,BALBOA BL,LASSEN ST,0,,Y,B,-,N,,0,0,,,0,,,,Y,4,0,1,2,A,-,9,21801,A,N,A,C,A,A,H,-,A,A,0,,,,,Y,,A,1,0,0,1,0,0,0,0,0,0,- ,- ,0,0,1800,1,LOS ANGELES,LOS ANGELES,CA,-118.5024222,34.25025558,"BALBOA BLVD & LASSEN ST, LOS ANGELES, CA",BALBOA BLVD,LASSEN ST,105159,
-118.4551991,34.28047562,63998,8792968,2019,2019-02-26T00:00:00.000Z,1942,2019-01-15T00:00:00.000Z,1515,39473,1936,2,5,7,1942,0,0,0,,0,19A43,LAUREL CANYON BL,RINALDI ST,300,N,N,C,-,N,,0,0,,,0,,,,Y,3,0,1,3,A,-,3,22350,,N,C,C,A,B,H,-,A,A,0,,,,,Y,,A,1,0,1,0,0,0,0,0,0,0,- ,- ,0,0,1800,1,LOS ANGELES,LOS ANGELES,CA,-118.4551991,34.28047562,"LAUREL CANYON BLVD & RINALDI ST, LOS ANGELES, CA",LAUREL CANYON BLVD,RINALDI ST,120237,
-118.4488022,34.21975327,63999,8792976,2019,2019-02-26T00:00:00.000Z,1942,2019-01-13T00:00:00.000Z,1500,41514,1994,7,5,7,1942,0,0,0,,0,19A93,VAN NUYS BL,TITUS ST,0,,Y,A,-,N,,0,0,,,0,,,,N,4,0,2,2,A,-,9,21801,A,N,D,C,A,A,H,-,A,A,0,,,,,Y,,A,1,0,0,2,0,0,0,0,0,0,- ,- ,0,0,1800,1,LOS ANGELES,LOS ANGELES,CA,-118.4488022,34.21975327,"VAN NUYS BLVD & TITUS ST, LOS ANGELES, CA",VAN NUYS BLVD,TITUS ST,104998,
-118.4496592,34.2353859,64000,8793000,2019,2019-02-26T00:00:00.000Z,1942,2019-01-27T00:00:00.000Z,1700,42051,1974,7,5,7,1942,0,0,0,,0,19A85,NORDHOFF ST,TERRA BELLA ST,10,E,N,A,-,N,,0,0,,,0,,,,N,4,0,1,2,A,-,1,23152,A,N,C,C,A,A,H,-,B,D,0,,,,,Y,Y,D,22,0,0,1,0,0,0,0,0,0,- ,- ,0,0,1800,1,LOS ANGELES,LOS ANGELES,CA,-118.4496592,34.23538589,"NORDHOFF ST & TERRA BELLA ST, LOS ANGELES, CA",NORDHOFF ST,TERRA BELLA ST,151264,
-118.5452385,34.22058487,64001,8793012,2019,2019-02-26T00:00:00.000Z,1942,2019-01-30T00:00:00.000Z,1705,30830,1003,3,5,7,1942,0,0,0,J,0,10A3,ROSCOE BL,WILBUR AV,120,W,N,A,-,N,,0,0,,,0,,,,Y,4,0,2,3,A,-,5,21460,A,N,A,C,A,A,H,-,A,A,0,,,,,Y,,D,22,0,0,2,0,0,0,0,0,0,- ,- ,0,0,1800,1,LOS ANGELES,LOS ANGELES,CA,-118.5452385,34.22058487,"ROSCOE BLVD & WILBUR AVE, LOS ANGELES, CA",ROSCOE BLVD,WILBUR AVE,101721,
-118.4102012,34.17940521,64002,8793019,2019,2019-03-21T00:00:00.000Z,1942,2019-01-10T00:00:00.000Z,1530,32774,1523,4,5,7,1942,0,0,0,O,0,15A33,OXNARD ST,BELLAIRE AV,230,W,N,A,-,N,,0,0,,,0,,,,N,0,0,0,2,C,-,18,0,,N,E,I,A,A,H,-,A,D,0,,,,Y,Y,,-,- ,0,0,0,0,0,0,0,0,0,- ,- ,0,0,1800,1,LOS ANGELES,LOS ANGELES,CA,-118.4102012,34.17940521,"OXNARD ST & BELLAIRE AVE, LOS ANGELES, CA",OXNARD ST,BELLAIRE AVE,129032,
-118.5973422,34.25723648,64003,8793268,2019,2019-02-26T00:00:00.000Z,1942,2019-01-10T00:00:00.000Z,1720,40613,1722,4,5,7,1942,0,0,0,Q,0,17G73,CANOGA AV,DEVONSHIRE ST,0,,Y,A,-,N,,0,0,,,0,,,,Y,3,0,1,2,A,-,9,21801,A,N,A,C,A,A,H,-,C,A,0,,,,,Y,Y,A,1,0,1,0,0,0,0,0,0,0,- ,- ,0,0,1800,1,LOS ANGELES,LOS ANGELES,CA,-118.5973422,34.25723648,"CANOGA AVE & DEVONSHIRE ST, LOS ANGELES, CA",CANOGA AVE,DEVONSHIRE ST,140862,
-118.4256572,34.24834824,64004,8793283,2019,2019-02-27T00:00:00.000Z,1942,2019-01-07T00:00:00.000Z,1710,39476,1651,1,5,7,1942,0,0,0,P,0,16A23,CRANFORD AV,KAGEL CANYON ST,176,N,N,A,-,N,,0,0,,,0,,,,N,4,0,1,2,A,-,0,20015,A,N,G,B,D,A,H,-,A,D,0,Y,,,,Y,Y,-,- ,0,0,1,0,1,0,0,0,0,- ,- ,0,0,1800,1,LOS ANGELES,LOS ANGELES,CA,-118.4256572,34.24834824,"CRANFORD AVE & KAGEL CANYON ST, LOS ANGELES, CA",CRANFORD AVE,KAGEL CANYON ST,151127,
-118.5536022,34.23547363,64005,8793285,2019,2019-02-28T00:00:00.000Z,1942,2019-01-07T00:00:00.000Z,1700,33512,1764,1,5,7,1942,0,0,0,Q,0,17XL24,TAMPA AV,NORDHOFF ST,0,,Y,A,-,N,,0,0,,,0,,,,N,4,0,3,2,A,-,0,21703,A,N,C,C,A,A,H,-,A,A,0,,,,,Y,,A,1,0,0,3,0,0,0,0,0,0,- ,- ,0,0,1800,1,LOS ANGELES,LOS ANGELES,CA,-118.5536022,34.23547363,"TAMPA AVE & NORDHOFF ST, LOS ANGELES, CA",TAMPA AVE,NORDHOFF ST,130321,
-118.4762743,34.25735474,64006,8793296,2019,2019-03-19T00:00:00.000Z,1942,2019-01-15T00:00:00.000Z,1721,39359,1759,2,5,7,1942,0,0,0,Q,0,17A49,DEVONSHIRE ST,HASKELL AV,40,W,N,B,C,N,,0,0,,,0,,,,N,4,0,1,2,A,-,3,22350,,N,C,C,A,B,H,-,C,A,0,,,,,Y,,A,1,0,0,1,0,0,0,0,0,0,- ,- ,0,0,1800,1,LOS ANGELES,LOS ANGELES,CA,-118.4762743,34.25735474,"DEVONSHIRE ST & HASKELL AVE, LOS ANGELES, CA",DEVONSHIRE ST,HASKELL AVE,112417,
-118.4664422,34.21806335,64007,8793308,2019,2019-02-27T00:00:00.000Z,1942,2019-01-30T00:00:00.000Z,1735,39746,1993,3,5,7,1942,0,0,0,,0,19A93,LANARK ST,SEPULVEDA BL,0,,Y,A,-,N,,0,0,,,0,,,,Y,3,0,2,2,A,-,1,23152,A,N,-,C,A,A,H,-,A,A,0,,,,,Y,Y,A,1,0,1,1,0,0,0,0,0,0,- ,- ,0,0,1800,1,LOS ANGELES,LOS ANGELES,CA,-118.4664422,34.21806335,"LANARK ST & SEPULVEDA BLVD, LOS ANGELES, CA",LANARK ST,SEPULVEDA BLVD,105641,
-118.463749,34.31833649,64009,8793328,2019,2019-02-27T00:00:00.000Z,1942,2019-01-09T00:00:00.000Z,1630,43557,1924,3,5,7,1942,0,0,0,,0,19A61,ROXFORD,GLENOAKS,25,W,N,A,-,N,,0,0,,,0,,,,Y,4,0,1,2,D,-,0,0,,N,A,C,A,A,H,-,A,D,0,,,,,Y,,-,- ,0,0,1,0,0,0,0,0,0,- ,- ,0,0,1800,1,LOS ANGELES,LOS ANGELES,CA,-118.463749,34.31833649,"ROXFORD ST & GLENOAKS BLVD, LOS ANGELES, CA",ROXFORD ST,GLENOAKS BLVD,126611,
-118.4138221,34.18668366,64010,8793337,2019,2019-03-14T00:00:00.000Z,1942,2019-01-21T00:00:00.000Z,1715,35481,,1,5,7,1942,0,0,0,,0,,VICTORY BL,COLDWATER CANYON AV,0,,Y,A,-,N,,0,0,,,0,,,,Y,4,0,2,2,-,-,- ,0,,N,D,C,A,A,H,-,A,A,0,,,,,Y,,-,- ,0,0,2,0,0,0,0,0,0,- ,- ,0,0,1800,1,LOS ANGELES,LOS ANGELES,CA,-118.4138221,34.18668365,"VICTORY BLVD & COLDWATER CANYON AVE, LOS ANGELES, CA",VICTORY BLVD,COLDWATER CANYON AVE,132823,
-118.5201873,34.2358551,64011,8793341,2019,2019-02-27T00:00:00.000Z,1942,2019-01-02T00:00:00.000Z,1705,30830,1788,3,5,7,1942,0,0,0,Q,0,17A95,NORDHOFF ST,WHITEOAK AV,50,W,N,A,-,N,,0,0,,,0,,,,Y,4,0,2,2,A,-,7,21658,A,N,B,C,A,A,H,-,C,A,0,,,,,Y,,-,- ,0,0,2,0,0,0,0,0,0,- ,- ,0,0,1800,1,LOS ANGELES,LOS ANGELES,CA,-118.5201873,34.2358551,"NORDHOFF ST & WHITE OAK AVE, LOS ANGELES, CA",NORDHOFF ST,WHITE OAK AVE,143462,
-118.4664422,34.21806335,64013,8793344,2019,2019-03-12T00:00:00.000Z,1942,2019-01-02T00:00:00.000Z,1500,41158,1993,3,5,7,1942,0,0,0,,0,19A93,SEPULVEDA BL,LANARK ST,0,,Y,A,-,N,,0,0,,,0,,,,Y,4,0,2,2,A,-,12,21453,A,N,D,C,A,A,H,-,A,A,0,,,,,Y,,-,- ,0,0,2,0,0,0,0,0,0,- ,- ,0,0,1800,1,LOS ANGELES,LOS ANGELES,CA,-118.4664422,34.21806335,"SEPULVEDA BLVD & LANARK ST, LOS ANGELES, CA",SEPULVEDA BLVD,LANARK ST,105641,
-118.5361022,34.25001526,64014,8793347,2019,2019-02-27T00:00:00.000Z,1942,2019-01-29T00:00:00.000Z,1710,30830,1767,2,5,7,1942,0,0,0,Q,0,17A67,RESEDA BL,LASSEN ST,0,,Y,A,-,N,,0,0,,,0,,,,Y,4,0,1,2,A,-,9,21801,A,N,D,C,A,A,H,-,A,A,0,,,,,Y,,A,1,0,0,1,0,0,0,0,0,0,- ,- ,0,0,1800,1,LOS ANGELES,LOS ANGELES,CA,-118.5361022,34.25001526,"RESEDA BLVD & LASSEN ST, LOS ANGELES, CA",RESEDA BLVD,LASSEN ST,129370,
-118.467348,34.25719452,64015,8793353,2019,2019-02-27T00:00:00.000Z,1942,2019-01-28T00:00:00.000Z,1535,39835,1952,1,5,7,1942,0,0,0,,0,19A43,SEPULVEDA BL,DEVONSHIRE ST,40,S,N,A,-,N,,0,0,,,0,,,,N,4,0,1,2,A,-,4,21703,,N,C,C,A,A,H,-,A,A,0,,,,,Y,,A,1,0,0,1,0,0,0,0,0,0,- ,- ,0,0,1800,1,LOS ANGELES,LOS ANGELES,CA,-118.467348,34.25719452,"SEPULVEDA BLVD & DEVONSHIRE ST, LOS ANGELES, CA",SEPULVEDA BLVD,DEVONSHIRE ST,105405,
-118.4654122,34.22825623,64016,8793356,2019,2019-03-13T00:00:00.000Z,1942,2019-01-16T00:00:00.000Z,1715,43542,1982,3,5,7,1942,0,0,0,,0,19A66,PARTHENIA ST,COLUMBUS AV,0,,Y,C,G,N,,0,0,,,0,,,,N,4,0,2,2,A,-,12,22450,A,N,-,C,A,B,H,-,D,D,0,,,,,Y,,-,,0,0,2,0,0,0,0,0,0,- ,- ,0,0,1800,1,LOS ANGELES,LOS ANGELES,CA,-118.4654122,34.22825623,"PARTHENIA ST & COLUMBUS AVE, LOS ANGELES, CA",PARTHENIA ST,COLUMBUS AVE,126158,
-118.4081422,34.28682327,64017,8793358,2019,2019-02-27T00:00:00.000Z,1942,2019-01-04T00:00:00.000Z,1730,32774,1602,5,5,7,1942,0,0,0,P,0,16A11,FOOTHILL BL,PAXTON ST,0,,Y,A,-,N,,0,0,,,0,,,,N,4,0,1,2,A,-,10,21950,A,N,G,B,B,A,H,-,C,D,0,Y,,,,Y,,A,1,0,0,1,0,1,0,0,0,0,- ,- ,0,0,1800,1,LOS ANGELES,LOS ANGELES,CA,-118.4081422,34.28682327,"FOOTHILL BLVD & PAXTON ST, LOS ANGELES, CA",FOOTHILL BLVD,PAXTON ST,147629,
-118.4350777,34.22857285,64018,8793361,2019,2019-02-27T00:00:00.000Z,1942,2019-01-12T00:00:00.000Z,1717,42618,1987,6,5,7,1942,0,0,0,,0,19X12,WOODMAN AV,CHASE ST,300,N,N,B,-,N,,0,0,,,0,,,,N,4,0,2,2,A,-,8,22107,,N,A,C,A,A,H,-,C,D,0,,,,,Y,,-,,0,0,2,0,0,0,0,0,0,- ,- ,0,0,1800,1,LOS ANGELES,LOS ANGELES,CA,-118.4350777,34.22857285,"WOODMAN AVE & CHASE ST, LOS ANGELES, CA",WOODMAN AVE,CHASE ST,101689,
-118.4471177,34.22157669,64019,8793364,2019,2019-02-25T00:00:00.000Z,1942,2019-01-31T00:00:00.000Z,1615,39575,1994,4,5,7,1942,0,0,0,,0,19A93,ROSCOE BL,VAN NUYS BL,508,E,N,B,-,N,,0,0,,,0,,,,N,4,0,1,2,B,-,22,0,,F,G,B,F,A,H,-,A,D,0,Y,,,,Y,,-,99,0,0,1,0,1,0,0,0,0,- ,- ,0,0,1800,1,LOS ANGELES,LOS ANGELES,CA,-118.4471177,34.22157669,"ROSCOE BLVD & VAN NUYS BLVD, LOS ANGELES, CA",ROSCOE BLVD,VAN NUYS BLVD,104975,
-118.3703521,34.18528366,64020,8793386,2019,2019-02-25T00:00:00.000Z,1942,2019-01-14T00:00:00.000Z,1605,33458,1527,1,5,7,1942,0,0,0,O,0,15A27,VINELAND AV,VICLAND PL,0,,Y,C,-,N,,0,0,,,0,,,,N,4,0,1,2,A,-,8,22107,,N,D,C,A,B,H,-,A,D,0,,,,,Y,,A,1,0,0,1,0,0,0,0,0,0,- ,- ,0,0,1800,1,LOS ANGELES,LOS ANGELES,CA,-118.3703521,34.18528366,"VINELAND AVE & VICLAND PL, LOS ANGELES, CA",VINELAND AVE,VICLAND PL,139716,
-118.2156868,34.02642059,64021,8793400,2019,2019-02-25T00:00:00.000Z,1942,2019-01-08T00:00:00.000Z,1720,39938,489,2,5,7,1942,0,0,0,D,0,4A97,8TH ST,ORME AV,43,E,N,A,-,N,,0,0,,,0,,,,N,2,0,1,2,A,-,11,21954,A,N,G,B,D,A,H,-,A,D,0,Y,,,,Y,,N,60,1,0,0,0,1,0,0,0,0,- ,- ,0,0,1800,1,LOS ANGELES,LOS ANGELES,CA,-118.2156868,34.02642059,"8TH ST & ORME AVE, LOS ANGELES, CA",8TH ST,ORME AVE,145588,
-118.3875755,34.14411163,64022,8793422,2019,2019-02-25T00:00:00.000Z,1942,2019-01-08T00:00:00.000Z,1630,42836,1538,2,5,7,1942,0,0,0,O,0,15A68,COLFAX AV,CHIQUTAS CT,150,S,N,A,-,N,,0,0,,,0,,,,Y,4,0,1,3,A,-,3,22350,,N,B,C,A,A,H,-,A,D,0,,,,,Y,,A,1,0,0,1,0,0,0,0,0,0,- ,- ,0,0,1800,1,LOS ANGELES,LOS ANGELES,CA,-118.3875755,34.14411163,"COLFAX AVE & CHIQUITA ST, LOS ANGELES, CA",COLFAX AVE,CHIQUITA ST,143212,
-118.2416894,33.78114319,64023,8793463,2019,2019-02-25T00:00:00.000Z,1942,2019-01-25T00:00:00.000Z,1500,40602,529,5,5,7,1942,0,0,0,E,0,DESK,E ANAHEIM ST,N HENRY FORD AV,10,E,N,A,-,N,,0,0,,,0,,,,N,0,0,0,2,A,-,0,20015,A,M,B,C,A,A,H,-,A,A,0,,,,,Y,,-,- ,0,0,0,0,0,0,0,0,0,- ,- ,0,0,1800,1,LOS ANGELES,LOS ANGELES,CA,-118.2416894,33.78114319,"ANAHEIM ST & HENRY FORD AVE, LOS ANGELES, CA",ANAHEIM ST,HENRY FORD AVE,141851,
-118.5709922,34.19211578,64024,8793481,2019,2019-02-25T00:00:00.000Z,1942,2019-01-07T00:00:00.000Z,1600,41125,2148,1,5,7,1942,0,0,0,,0,21A29,WINNETKA AV,ARCHWOOD ST,40,N,N,A,-,N,,0,0,,,0,,,,N,4,0,1,2,A,-,4,21703,,N,C,C,A,A,H,-,A,D,0,,,,,Y,,A,1,0,0,1,0,0,0,0,0,0,- ,- ,0,0,1800,1,LOS ANGELES,LOS ANGELES,CA,-118.5709922,34.19211578,"WINNETKA AVE & ARCHWOOD ST, LOS ANGELES, CA",WINNETKA AVE,ARCHWOOD ST,122168,
-118.5928315,34.18801117,64025,8793485,2019,2019-02-25T00:00:00.000Z,1942,2019-01-04T00:00:00.000Z,1705,38017,2158,5,5,7,1942,0,0,0,,0,21A97,VARIEL AV,VICTORY BL,115,S,N,B,-,N,,0,0,,,0,,,,N,4,0,1,2,A,-,9,21804,A,N,D,C,A,A,H,-,B,D,0,,,,,Y,,A,7,0,0,1,0,0,0,0,0,0,- ,- ,0,0,1800,1,LOS ANGELES,LOS ANGELES,CA,-118.5928315,34.18801117,"VARIEL AVE & VICTORY BLVD, LOS ANGELES, CA",VARIEL AVE,VICTORY BLVD,115050,
-118.5885977,34.25763702,64026,8793487,2019,2019-02-25T00:00:00.000Z,1942,2019-01-11T00:00:00.000Z,1500,41019,1723,5,5,7,1942,0,0,0,Q,0,17A35,DE SOTO AV,DEVONSHIRE ST,150,N,N,A,-,N,,0,0,,,0,,,,N,0,0,0,2,A,-,7,21658,A,M,B,C,A,A,H,-,A,A,0,,,,,Y,,-,99,0,0,0,0,0,0,0,0,0,- ,- ,0,0,1800,1,LOS ANGELES,LOS ANGELES,CA,-118.5885977,34.25763702,"DE SOTO AVE & DEVONSHIRE ST, LOS ANGELES, CA",DE SOTO AVE,DEVONSHIRE ST,116163,
-118.5273622,34.22872543,64027,8793495,2019,2019-02-25T00:00:00.000Z,1942,2019-01-09T00:00:00.000Z,1515,30830,1794,3,5,7,1942,0,0,0,Q,0,17A67,LINDLEY AV,PARTHENIA ST,30,N,N,A,-,N,,0,0,,,0,,,,N,0,0,0,2,A,-,8,22107,,M,B,C,A,A,H,-,A,A,0,,,,,Y,,-,99,0,0,0,0,0,0,0,0,0,- ,- ,0,0,1800,1,LOS ANGELES,LOS ANGELES,CA,-118.5273622,34.22872543,"LINDLEY AVE & PARTHENIA ST, LOS ANGELES, CA",LINDLEY AVE,PARTHENIA ST,147045,
-118.5349422,34.22470856,64028,8793499,2019,2019-02-26T00:00:00.000Z,1942,2019-01-07T00:00:00.000Z,1641,39291,1794,1,5,7,1942,0,0,0,Q,0,17X66,CANBY AV,CHASE ST,42,N,N,B,-,N,,0,0,,,0,,,,N,0,0,0,2,A,-,3,22350,A,M,-,-,A,B,H,-,B,-,0,,,,,Y,,-,99,0,0,0,0,0,0,0,0,0,- ,- ,0,0,1800,1,LOS ANGELES,LOS ANGELES,CA,-118.5349422,34.22470856,"CANBY AVE & CHASE ST, LOS ANGELES, CA",CANBY AVE,CHASE ST,140366,
-118.608527,34.1685791,64029,8793517,2019,2019-02-25T00:00:00.000Z,1942,2019-01-27T00:00:00.000Z,1750,42676,2185,7,5,7,1942,0,0,0,,0,21A2,VENTURA BL,GLADE AV,150,W,N,A,-,N,,0,0,,,0,,,,Y,4,0,1,2,A,-,0,20001,A,F,C,C,A,A,H,-,C,D,0,,,,,Y,,A,7,0,0,1,0,0,0,0,0,0,- ,- ,0,0,1800,1,LOS ANGELES,LOS ANGELES,CA,-118.608527,34.1685791,"VENTURA BLVD & GLADE AVE, LOS ANGELES, CA",VENTURA BLVD,GLADE AVE,139742,
-118.476004,34.25009537,64030,8793519,2019,2019-02-25T00:00:00.000Z,1942,2019-01-15T00:00:00.000Z,1720,39359,1778,2,5,7,1942,0,0,0,Q,0,17A95,LASSEN ST,HASKELL AV,60,E,N,B,C,N,,0,0,,,0,,,,N,0,0,0,2,A,-,4,21703,,N,C,C,A,B,H,-,C,D,0,,,,,Y,,A,1,0,0,0,0,0,0,0,0,0,- ,- ,0,0,1800,1,LOS ANGELES,LOS ANGELES,CA,-118.476004,34.25009537,"LASSEN ST & HASKELL AVE, LOS ANGELES, CA",LASSEN ST,HASKELL AVE,140068,
-118.2841221,34.03987503,64031,8793616,2019,2019-03-04T00:00:00.000Z,1942,2019-01-19T00:00:00.000Z,1730,41210,2099,6,5,7,1942,0,0,0,,0,8T635,WASHINGTON BL,HOOVER ST,0,,Y,A,-,N,,0,0,,,0,,,,Y,4,0,1,2,A,-,9,21801,A,N,D,C,A,A,H,-,B,A,0,,,,,Y,,A,1,0,0,1,0,0,0,0,0,0,- ,- ,0,0,1800,1,LOS ANGELES,LOS ANGELES,CA,-118.2841221,34.03987503,"WASHINGTON BLVD & HOOVER ST, LOS ANGELES, CA",WASHINGTON BLVD,HOOVER ST,103565,