X,Y,OBJECTID,case_id,accident_year,proc_date,juris,collision_date,collision_time,officer_id,reporting_district,day_of_week,chp_shift,population,cnty_city_loc,special_cond,beat_type,chp_beat_type,city_division_lapd,chp_beat_class,beat_number,primary_rd,secondary_rd,distance,direction,intersection,weather_1,weather_2,state_hwy_ind,caltrans_county,caltrans_district,state_route,route_suffix,postmile_prefix,postmile,location_type,ramp_intersection,side_of_hwy,tow_away,collision_severity,number_killed,number_injured,party_count,primary_coll_factor,pcf_code_of_viol,pcf_viol_category,pcf_violation,pcf_viol_subsection,hit_and_run,type_of_collision,mviw,ped_action,road_surface,road_cond_1,road_cond_2,lighting,control_device,chp_road_type,pedestrian_accident,bicycle_accident,motorcycle_accident,truck_accident,not_private_property,alcohol_involved,stwd_vehtype_at_fault,chp_vehtype_at_fault,count_severe_inj,count_visible_inj,count_complaint_pain,count_ped_killed,count_ped_injured,count_bicyclist_killed,count_bicyclist_injured,count_mc_killed,count_mc_injured,primary_ramp,secondary_ramp,latitude,longitude,timecat,month_,city,county,state,point_x,point_y,match_addr,m_primaryrd,m_secondrd,int_id,Flag
-118.4662222,34.21949768,64032,8793772,2019,2019-02-27T00:00:00.000Z,1942,2019-01-26T00:00:00.000Z,1600,43479,1993,6,5,7,1942,0,0,0,,0,19A75,SEPULVEDA PL,BURTON AV,210,S,N,A,-,N,,0,0,,,0,,,,Y,0,0,0,2,A,-,3,22350,,N,B,C,A,A,H,-,A,D,0,,,,,Y,,A,7,0,0,0,0,0,0,0,0,0,- ,- ,0,0,1800,1,LOS ANGELES,LOS ANGELES,CA,-118.4662222,34.21949768,"SEPULVEDA PL & BURTON ST, LOS ANGELES, CA",SEPULVEDA PL,BURTON ST,150758,
-118.2695622,33.92826462,64033,8793870,2019,2019-02-27T00:00:00.000Z,1942,2019-01-18T00:00:00.000Z,1500,41756,1862,5,5,7,1942,0,0,0,R,0,18A63,SAN PEDRO ST,116TH PL,0,,Y,A,-,N,,0,0,,,0,,,,N,0,0,0,2,A,-,9,21802,A,M,D,C,A,A,H,-,A,D,0,,,,,Y,,-,99,0,0,0,0,0,0,0,0,0,- ,- ,0,0,1800,1,LOS ANGELES,LOS ANGELES,CA,-118.2695621,33.92826462,"SAN PEDRO ST & 116TH PL, LOS ANGELES, CA",SAN PEDRO ST,116TH PL,110189,
-118.4416228,34.2624054,64034,8794148,2019,2019-02-21T00:00:00.000Z,1942,2019-01-07T00:00:00.000Z,1515,35481,1959,1,5,7,1942,0,0,0,,0,19A79,PAXTON ST,SHARP AV,40,E,N,A,-,N,,0,0,,,0,,,,N,0,0,0,2,A,-,4,21703,,M,C,C,A,B,H,-,A,D,0,,,,,Y,,-,99,0,0,0,0,0,0,0,0,0,- ,- ,0,0,1800,1,LOS ANGELES,LOS ANGELES,CA,-118.4416228,34.2624054,"PAXTON ST & SHARP AVE, LOS ANGELES, CA",PAXTON ST,SHARP AVE,127372,
-118.3001921,34.01207352,64035,8794487,2019,2019-02-19T00:00:00.000Z,1942,2019-01-17T00:00:00.000Z,1750,41143,377,4,5,7,1942,0,0,0,,0,3X94,NORMANDIE AV,BROWNING BL,0,,Y,B,-,N,,0,0,,,0,,,,Y,4,0,2,2,A,-,9,21802,A,N,D,C,A,B,H,-,C,D,0,,,,,Y,,A,1,0,0,2,0,0,0,0,0,0,- ,- ,0,0,1800,1,LOS ANGELES,LOS ANGELES,CA,-118.3001922,34.01207352,"NORMANDIE AVE & BROWNING BLVD, LOS ANGELES, CA",NORMANDIE AVE,BROWNING BLVD,148826,
-118.4675106,34.15401459,64036,8794546,2019,2019-03-21T00:00:00.000Z,1942,2019-01-30T00:00:00.000Z,1750,36336,981,3,5,7,1942,0,0,0,,0,9A89,VENTURA BL,SEPULVEDA BL,395,W,N,A,-,N,,0,0,,,0,,,,Y,4,0,2,3,A,-,7,21658,A,F,C,C,A,A,H,-,C,D,0,,,,,Y,,A,1,0,0,2,0,0,0,0,0,0,- ,- ,0,0,1800,1,LOS ANGELES,LOS ANGELES,CA,-118.4675106,34.15401459,"VENTURA BLVD & SEPULVEDA BLVD, LOS ANGELES, CA",VENTURA BLVD,SEPULVEDA BLVD,97641,
-118.3931821,33.95829392,64037,8794558,2019,2019-02-19T00:00:00.000Z,1942,2019-01-06T00:00:00.000Z,1520,38963,1497,7,5,7,1942,0,0,0,N,0,14A13,LA TIJERA BL,TRUXTON AV,0,,Y,A,-,N,,0,0,,,0,,,,N,4,0,1,2,A,-,9,21453,B,N,D,C,A,A,H,-,A,A,0,,,,,Y,,A,1,0,0,1,0,0,0,0,0,0,- ,- ,0,0,1800,1,LOS ANGELES,LOS ANGELES,CA,-118.3931821,33.95829391,"LA TIJERA BLVD & TRUXTON AVE, LOS ANGELES, CA",LA TIJERA BLVD,TRUXTON AVE,131077,
-118.3083433,33.83884811,64038,8795053,2019,2019-02-12T00:00:00.000Z,1942,2019-01-17T00:00:00.000Z,1530,41973,504,4,5,7,1942,0,0,0,E,0,,TORRANCE BL,E WESTERN AV,306,E,N,A,-,N,,0,0,,,0,,,,Y,0,0,0,2,A,-,3,22350,,N,C,C,A,-,H,-,A,D,0,,,,,Y,,A,1,0,0,0,0,0,0,0,0,0,- ,- ,0,0,1800,1,LOS ANGELES,LOS ANGELES,CA,-118.3083433,33.83884811,"TORRANCE BLVD & WESTERN AVE, LOS ANGELES, CA",TORRANCE BLVD,WESTERN AVE,105775,
-118.4488222,34.2083168,64039,8795400,2019,2019-02-11T00:00:00.000Z,1942,2019-01-04T00:00:00.000Z,1700,39192,1985,5,5,7,1942,0,0,0,,0,19A85,VAN NUYS BL,SATICOY ST,50,S,N,A,-,N,,0,0,,,0,,,,N,0,0,0,2,A,-,21,22106,,M,C,C,A,A,H,-,B,D,0,,,,,Y,,-,99,0,0,0,0,0,0,0,0,0,- ,- ,0,0,1800,1,LOS ANGELES,LOS ANGELES,CA,-118.4488222,34.2083168,"VAN NUYS BLVD & SATICOY ST, LOS ANGELES, CA",VAN NUYS BLVD,SATICOY ST,126111,
-118.4487822,34.21675491,64040,8795592,2019,2019-02-08T00:00:00.000Z,1942,2019-01-22T00:00:00.000Z,1745,38947,1995,2,5,7,1942,0,0,0,,0,19A93,VAN NUYS BL,LORNE ST,0,,Y,A,-,N,,0,0,,,0,,,,N,0,0,0,2,A,-,9,21802,A,M,D,C,A,A,H,-,C,A,0,,,,,Y,,-,99,0,0,0,0,0,0,0,0,0,- ,- ,0,0,1800,1,LOS ANGELES,LOS ANGELES,CA,-118.4487822,34.21675491,"VAN NUYS BLVD & LORNE ST, LOS ANGELES, CA",VAN NUYS BLVD,LORNE ST,126089,
-118.3549021,34.02549362,64041,8795682,2019,2019-02-14T00:00:00.000Z,1942,2019-01-01T00:00:00.000Z,1735,42205,331,2,5,7,1942,0,0,0,C,0,3A18,LA BREA AV,JEFFERSON BL,0,,Y,A,-,N,,0,0,,,0,,,,Y,4,0,2,3,A,-,9,21801,A,N,A,C,A,A,H,-,C,A,0,,,,,Y,,D,22,0,0,2,0,0,0,0,0,0,- ,- ,0,0,1800,1,LOS ANGELES,LOS ANGELES,CA,-118.3549021,34.02549362,"LA BREA AVE & JEFFERSON BLVD, LOS ANGELES, CA",LA BREA AVE,JEFFERSON BLVD,145296,
-118.3507057,34.03288651,64042,8795757,2019,2019-03-12T00:00:00.000Z,1942,2019-01-08T00:00:00.000Z,1750,39735,303,2,5,7,1942,0,0,0,C,0,312,LA BREA AV,ADAMS BL,150,N,N,A,-,N,,0,0,,,0,,,,Y,4,0,5,2,A,-,3,22350,,N,C,C,A,A,H,-,C,D,0,,,,,Y,,I,20,0,0,5,0,0,0,0,0,0,- ,- ,0,0,1800,1,LOS ANGELES,LOS ANGELES,CA,-118.3507057,34.03288651,"LA BREA AVE & ADAMS BLVD, LOS ANGELES, CA",LA BREA AVE,ADAMS BLVD,96407,
-118.3151357,34.08165741,64043,8796182,2019,2019-02-27T00:00:00.000Z,1942,2019-01-28T00:00:00.000Z,1600,38262,2001,1,5,7,1942,0,0,0,,0,20A1,CLINTON ST,VAN NESS AV,184,E,N,A,-,N,,0,0,,,0,,,,N,0,0,0,2,A,-,21,22106,,N,H,E,A,A,H,-,A,D,0,,,,,Y,,D,22,0,0,0,0,0,0,0,0,0,- ,- ,0,0,1800,1,LOS ANGELES,LOS ANGELES,CA,-118.3151357,34.08165741,"CLINTON ST & VAN NESS AVE, LOS ANGELES, CA",CLINTON ST,VAN NESS AVE,100583,
-118.2924021,33.7305069,64044,8796191,2019,2019-02-28T00:00:00.000Z,1942,2019-01-25T00:00:00.000Z,1515,39132,563,5,5,7,1942,0,0,0,E,0,5A85,S GAFFEY ST,15TH ST,40,S,N,A,-,N,,0,0,,,0,,,,N,0,0,0,2,A,-,3,22350,,N,B,E,A,B,H,-,A,D,0,,,,,Y,,I,19,0,0,0,0,0,0,0,0,0,- ,- ,0,0,1800,1,LOS ANGELES,LOS ANGELES,CA,-118.2924021,33.7305069,"GAFFEY ST & 15TH ST, LOS ANGELES, CA",GAFFEY ST,15TH ST,135089,
-118.2555121,34.04660416,64045,8796253,2019,2019-02-15T00:00:00.000Z,1942,2019-01-17T00:00:00.000Z,1750,43473,151,4,5,7,1942,0,0,0,A,0,1A2,7TH ST,OLIVE ST,0,,Y,A,-,N,,0,0,,,0,,,,N,0,0,0,2,A,-,7,21658,,N,B,C,A,A,H,-,C,A,0,,,,,Y,,I,20,0,0,0,0,0,0,0,0,0,- ,- ,0,0,1800,1,LOS ANGELES,LOS ANGELES,CA,-118.2555121,34.04660416,"7TH ST & OLIVE ST, LOS ANGELES, CA",7TH ST,OLIVE ST,142163,
-118.3312739,34.06198502,64046,8796335,2019,2019-02-26T00:00:00.000Z,1942,2019-01-07T00:00:00.000Z,1720,41376,738,1,5,7,1942,0,0,0,G,0,7A17,WILSHIRE BL,RIMPAU BL,130,E,N,B,-,N,,0,0,,,0,,,,N,0,0,0,2,A,-,6,21750,A,M,B,C,A,B,H,-,C,D,0,,,,,Y,,-,99,0,0,0,0,0,0,0,0,0,- ,- ,0,0,1800,1,LOS ANGELES,LOS ANGELES,CA,-118.3312739,34.06198502,"WILSHIRE BLVD & RIMPAU BLVD, LOS ANGELES, CA",WILSHIRE BLVD,RIMPAU BLVD,133926,
-118.3411149,34.03336716,64047,8796336,2019,2019-02-25T00:00:00.000Z,1942,2019-01-31T00:00:00.000Z,1750,39280,333,4,5,7,1942,0,0,0,C,0,3A18,WEST BL,ADAMS BL,350,N,N,B,-,N,,0,0,,,0,,,,N,0,0,0,2,A,-,8,22107,,N,B,C,A,A,H,-,C,D,0,,,,,Y,,I,20,0,0,0,0,0,0,0,0,0,- ,- ,0,0,1800,1,LOS ANGELES,LOS ANGELES,CA,-118.3411149,34.03336716,"WEST BLVD & ADAMS BLVD, LOS ANGELES, CA",WEST BLVD,ADAMS BLVD,138570,
-118.2917922,33.96546555,64048,8796562,2019,2019-03-06T00:00:00.000Z,1942,2019-01-30T00:00:00.000Z,1520,42060,1265,3,5,7,1942,0,0,0,L,0,12A69,81ST ST,VERMONT AV,0,,Y,A,-,N,,0,0,,,0,,,,N,4,0,1,2,A,-,9,21801,A,N,D,C,A,A,H,-,A,A,0,,,,,Y,,A,7,0,0,1,0,0,0,0,0,0,- ,- ,0,0,1800,1,LOS ANGELES,LOS ANGELES,CA,-118.2917922,33.96546555,"81ST ST & VERMONT AVE, LOS ANGELES, CA",81ST ST,VERMONT AVE,105803,
-118.2722979,34.02646637,64049,8796807,2019,2019-02-13T00:00:00.000Z,1942,2019-01-06T00:00:00.000Z,1625,40099,1331,7,5,7,1942,0,0,0,M,0,13A41,W ADAMS BL,GRAND AV,2,W,N,A,-,N,,0,0,,,0,,,,Y,0,0,0,1,A,-,3,22350,,M,E,I,A,A,H,-,A,A,0,,,,,Y,,-,99,0,0,0,0,0,0,0,0,0,- ,- ,0,0,1800,1,LOS ANGELES,LOS ANGELES,CA,-118.2722979,34.02646637,"ADAMS BLVD & GRAND AVE, LOS ANGELES, CA",ADAMS BLVD,GRAND AVE,117378,
-118.4476036,33.99369431,64050,8796842,2019,2019-02-14T00:00:00.000Z,1942,2019-01-28T00:00:00.000Z,1650,30264,1443,1,5,7,1942,0,0,0,N,0,14A13,GLYNDON AVE,ZANJA ST,35,N,N,A,-,N,,0,0,,,0,,,,N,0,0,0,1,A,-,21,22106,,M,H,J,A,A,H,-,A,D,0,,,,,Y,,-,99,0,0,0,0,0,0,0,0,0,- ,- ,0,0,1800,1,LOS ANGELES,LOS ANGELES,CA,-118.4476036,33.99369431,"GLYNDON AVE & ZANJA ST, LOS ANGELES, CA",GLYNDON AVE,ZANJA ST,96598,
-118.4352244,34.03702545,64051,8796870,2019,2019-02-14T00:00:00.000Z,1942,2019-01-22T00:00:00.000Z,1741,43465,835,2,5,7,1942,0,0,0,H,0,8A36,SEPULVEDA BL,PICO BL,35,N,N,A,-,N,,0,0,,,0,,,,N,0,0,0,2,A,-,4,21703,,N,C,C,A,A,H,-,C,A,0,,,,,Y,Y,A,1,0,0,0,0,0,0,0,0,0,- ,- ,0,0,1800,1,LOS ANGELES,LOS ANGELES,CA,-118.4352244,34.03702545,"SEPULVEDA BLVD & PICO BLVD, LOS ANGELES, CA",SEPULVEDA BLVD,PICO BLVD,135710,
-118.2839821,34.02549362,64052,8797035,2019,2019-02-14T00:00:00.000Z,1942,2019-01-30T00:00:00.000Z,1530,43574,328,3,5,7,1942,0,0,0,C,0,3A32,32ND ST,HOOVER ST,20,W,N,A,-,N,,0,0,,,0,,,,N,0,0,0,2,A,-,21,22106,,M,A,C,A,A,H,-,A,A,0,,,,,Y,,-,99,0,0,0,0,0,0,0,0,0,- ,- ,0,0,1800,1,LOS ANGELES,LOS ANGELES,CA,-118.2839821,34.02549362,"32ND ST & HOOVER ST, LOS ANGELES, CA",32ND ST,HOOVER ST,103654,
-118.3263153,34.0067215,64053,8797039,2019,2019-02-14T00:00:00.000Z,1942,2019-01-25T00:00:00.000Z,1600,42431,933,5,5,7,1942,0,0,0,I,0,3A58,9TH AV,GARTHWAITE AV,40,S,N,A,-,N,,0,0,,,0,,,,N,0,0,0,2,A,-,3,22350,,M,B,G,A,A,H,-,A,A,0,,,,,Y,,-,99,0,0,0,0,0,0,0,0,0,- ,- ,0,0,1800,1,LOS ANGELES,LOS ANGELES,CA,-118.3263153,34.0067215,"9TH AVE & GARTHWAITE AVE, LOS ANGELES, CA",9TH AVE,GARTHWAITE AVE,96130,
-118.2237922,34.05346298,64054,8797046,2019,2019-02-14T00:00:00.000Z,1942,2019-01-14T00:00:00.000Z,1640,35230,441,1,5,7,1942,0,0,0,D,0,4A15,E CESAR E CHAVEZ AV,GALLARDO ST,0,,Y,C,-,N,,0,0,,,0,,,,Y,4,0,4,2,A,-,9,21802,A,N,D,C,A,B,H,-,A,A,0,,,,,Y,,A,1,0,0,4,0,0,0,0,0,0,- ,- ,0,0,1800,1,LOS ANGELES,LOS ANGELES,CA,-118.2237922,34.05346298,"CESAR E CHAVEZ AVE & GALLARDO ST, LOS ANGELES, CA",CESAR E CHAVEZ AVE,GALLARDO ST,96686,
-118.2865617,33.96003723,64055,8797049,2019,2019-02-14T00:00:00.000Z,1942,2019-01-01T00:00:00.000Z,1700,43311,1267,2,5,7,1942,0,0,0,L,0,18X4,MANCHESTER AV,HOOVER ST,140,E,N,A,-,N,,0,0,,,0,,,,Y,4,0,2,2,A,-,5,21650,,F,A,C,A,A,H,-,C,A,0,,,,,Y,,A,1,0,0,2,0,0,0,0,0,0,- ,- ,0,0,1800,1,LOS ANGELES,LOS ANGELES,CA,-118.2865617,33.96003723,"MANCHESTER AVE & HOOVER ST, LOS ANGELES, CA",MANCHESTER AVE,HOOVER ST,141871,
-118.3545021,34.02931595,64056,8797052,2019,2019-03-05T00:00:00.000Z,1942,2019-01-22T00:00:00.000Z,1727,42300,312,2,5,7,1942,0,0,0,C,0,3XL18,ORANGE DR,WESTHAVEN DR,0,,Y,A,-,N,,0,0,,,0,,,,N,4,0,1,2,A,-,12,22450,A,N,D,C,A,A,H,-,B,A,0,,,,,Y,,-,- ,0,0,1,0,0,0,0,0,0,- ,- ,0,0,1800,1,LOS ANGELES,LOS ANGELES,CA,-118.3545021,34.02931595,"ORANGE DR & WESTHAVEN ST, LOS ANGELES, CA",ORANGE DR,WESTHAVEN ST,131537,
-118.3176529,33.98892975,64057,8797053,2019,2019-03-18T00:00:00.000Z,1942,2019-01-24T00:00:00.000Z,1630,39407,1232,4,5,7,1942,0,0,0,L,0,3X95,VAN NESS AV,SLAUSON AV,60,S,N,A,-,N,,0,0,,,0,,,,N,4,0,2,4,A,-,12,21453,A,N,C,C,A,A,H,-,A,A,0,,,,,Y,,A,1,0,0,2,0,0,0,0,0,0,- ,- ,0,0,1800,1,LOS ANGELES,LOS ANGELES,CA,-118.3176529,33.98892975,"VAN NESS AVE & SLAUSON AVE, LOS ANGELES, CA",VAN NESS AVE,SLAUSON AVE,109422,
-118.3105887,34.00460434,64058,8797060,2019,2019-03-13T00:00:00.000Z,1942,2019-01-30T00:00:00.000Z,1504,37146,395,3,5,7,1942,0,0,0,C,0,25TL22,W 43RD PL,WESTERN AV,500,W,N,A,-,N,,0,0,,,0,,,,N,4,0,1,2,A,-,3,22350,,F,C,C,A,A,H,-,A,D,0,,,,,Y,,-,99,0,0,1,0,0,0,0,0,0,- ,- ,0,0,1800,1,LOS ANGELES,LOS ANGELES,CA,-118.3105887,34.00460434,"43RD PL & WESTERN AVE, LOS ANGELES, CA",43RD PL,WESTERN AVE,134801,
-118.2825845,34.01400375,64059,8797064,2019,2019-02-19T00:00:00.000Z,1942,2019-01-25T00:00:00.000Z,1730,42668,359,5,5,7,1942,0,0,0,C,0,3A74,39TH ST,FIGUEROA AV,60,E,N,A,-,N,,0,0,,,0,,,,N,3,0,1,3,A,-,3,22350,,N,C,C,A,A,H,-,B,D,0,,,,,Y,,A,1,0,1,0,0,0,0,0,0,0,- ,- ,0,0,1800,1,LOS ANGELES,LOS ANGELES,CA,-118.2825845,34.01400375,"39TH ST & FIGUEROA ST, LOS ANGELES, CA",39TH ST,FIGUEROA ST,113838,
-118.2387322,33.99802399,64060,8797066,2019,2019-02-14T00:00:00.000Z,1942,2019-01-15T00:00:00.000Z,1700,43310,1367,2,5,7,1942,0,0,0,M,0,13X94,S ALAMEDA ST,E 50TH ST,0,,Y,C,-,N,,0,0,,,0,,,,Y,4,0,1,2,A,-,3,22350,,N,C,C,A,B,-,-,C,D,0,,,,,Y,,A,1,0,0,1,0,0,0,0,0,0,- ,- ,0,0,1800,1,LOS ANGELES,LOS ANGELES,CA,-118.2387322,33.99802399,"ALAMEDA ST & 50TH ST, LOS ANGELES, CA",ALAMEDA ST,50TH ST,145571,
-118.2809321,33.99330521,64061,8797093,2019,2019-02-14T00:00:00.000Z,1942,2019-01-26T00:00:00.000Z,1545,37880,1219,6,5,7,1942,0,0,0,L,0,12A73,54TH ST,FLOWER ST,0,,Y,A,-,N,,0,0,,,0,,,,Y,4,0,1,2,A,-,9,21802,A,N,A,C,A,A,-,-,A,A,0,,,,,Y,,A,1,0,0,1,0,0,0,0,0,0,- ,- ,0,0,1800,1,LOS ANGELES,LOS ANGELES,CA,-118.2809321,33.99330521,"54TH ST & FLOWER ST, LOS ANGELES, CA",54TH ST,FLOWER ST,138110,
-118.3078757,34.067482,64062,8797095,2019,2019-02-19T00:00:00.000Z,1942,2019-01-09T00:00:00.000Z,1610,40452,2023,3,5,7,1942,0,0,0,,0,20A13,S OXFORD AV,4TH ST,115,N,N,A,-,N,,0,0,,,0,,,,N,3,0,1,2,C,-,18,0,,N,H,G,A,A,H,-,A,D,0,,Y,,,Y,,-,- ,0,1,0,0,0,0,1,0,0,- ,- ,0,0,1800,1,LOS ANGELES,LOS ANGELES,CA,-118.3078757,34.06748199,"OXFORD AVE & 4TH ST, LOS ANGELES, CA",OXFORD AVE,4TH ST,121893,
-118.2783321,33.97483063,64063,8797096,2019,2019-02-19T00:00:00.000Z,1942,2019-01-27T00:00:00.000Z,1600,30264,1247,7,5,7,1942,0,0,0,L,0,14A67,BROADWAY,FLORENCE,60,N,N,A,-,N,,0,0,,,0,,,,N,4,0,1,2,A,-,3,22350,,N,C,C,A,A,A,-,A,D,0,,,,,Y,,A,1,0,0,1,0,0,0,0,0,0,- ,- ,0,0,1800,1,LOS ANGELES,LOS ANGELES,CA,-118.2783321,33.97483063,"BROADWAY & FLORENCE AVE, LOS ANGELES, CA",BROADWAY,FLORENCE AVE,110084,
-118.2739822,33.99422455,64064,8797105,2019,2019-02-14T00:00:00.000Z,1942,2019-01-09T00:00:00.000Z,1545,40693,1393,3,5,7,1942,0,0,0,M,0,13A93,53RD ST,MAIN ST,0,,Y,A,-,N,,0,0,,,0,,,,N,4,0,4,2,A,-,8,22107,,N,D,C,A,A,H,-,A,A,0,,,,,Y,,A,1,0,0,4,0,0,0,0,0,0,- ,- ,0,0,1800,1,LOS ANGELES,LOS ANGELES,CA,-118.2739822,33.99422455,"53RD ST & MAIN ST, LOS ANGELES, CA",53RD ST,MAIN ST,99841,
-118.3551586,34.02553558,64065,8797115,2019,2019-02-19T00:00:00.000Z,1942,2019-01-19T00:00:00.000Z,1600,42668,331,6,5,7,1942,0,0,0,C,0,3A58,JEFFERSON BL,LA BREA AV,80,W,N,A,-,N,,0,0,,,0,,,,N,3,0,1,2,A,-,9,21804,A,N,D,G,A,A,H,-,A,A,0,,Y,,,Y,,L,4,0,1,0,0,0,0,1,0,0,- ,- ,0,0,1800,1,LOS ANGELES,LOS ANGELES,CA,-118.3551586,34.02553558,"JEFFERSON BLVD & LA BREA AVE, LOS ANGELES, CA",JEFFERSON BLVD,LA BREA AVE,145296,
-118.2870522,33.98223496,64066,8797116,2019,2019-02-19T00:00:00.000Z,1942,2019-01-05T00:00:00.000Z,1530,41791,1249,6,5,7,1942,0,0,0,L,0,12A69,HOOVER ST,GAGE AV,0,,Y,C,-,N,,0,0,,,0,,,,N,4,0,2,2,A,-,9,21801,A,N,A,C,A,B,H,-,A,A,0,,,,,Y,,A,1,0,0,2,0,0,0,0,0,0,- ,- ,0,0,1800,1,LOS ANGELES,LOS ANGELES,CA,-118.2870522,33.98223495,"HOOVER ST & GAGE AVE, LOS ANGELES, CA",HOOVER ST,GAGE AVE,96071,
-118.2832259,34.00541687,64067,8797119,2019,2019-02-19T00:00:00.000Z,1942,2019-01-21T00:00:00.000Z,1700,42668,398,1,5,7,1942,0,0,0,C,0,3A64,43RD ST,FIGUEROA ST,150,W,N,A,-,N,,0,0,,,0,,,,N,4,0,1,2,A,-,3,22350,,F,A,G,A,A,H,-,A,D,0,,Y,,,Y,,-,99,0,0,1,0,0,0,1,0,0,- ,- ,0,0,1800,1,LOS ANGELES,LOS ANGELES,CA,-118.2832259,34.00541687,"43RD ST & FIGUEROA ST, LOS ANGELES, CA",43RD ST,FIGUEROA ST,103391,
-118.2891121,34.04849243,64068,8797138,2019,2019-02-15T00:00:00.000Z,1942,2019-01-15T00:00:00.000Z,1720,43309,2069,2,5,7,1942,0,0,0,,0,20A,WESTMORELAND AV,PICO BL,450,N,N,C,-,N,,0,0,,,0,,,,N,4,0,3,2,A,-,7,21658,A,N,B,C,A,B,G,-,C,B,0,,,,,Y,,A,7,0,0,3,0,0,0,0,0,0,- ,- ,0,0,1800,1,LOS ANGELES,LOS ANGELES,CA,-118.2891121,34.04849243,"WESTMORELAND AVE & PICO BLVD, LOS ANGELES, CA",WESTMORELAND AVE,PICO BLVD,117496,
-118.3030922,34.05767441,64069,8797142,2019,2019-02-15T00:00:00.000Z,1942,2019-01-11T00:00:00.000Z,1710,43405,2044,5,5,7,1942,0,0,0,,0,20A34,8TH ST,KINGSLEY DR,0,,Y,A,-,N,,0,0,,,0,,,,Y,4,0,1,2,A,-,8,22107,,N,D,C,A,A,H,-,C,A,0,,,,,Y,,A,1,0,0,1,0,0,0,0,0,0,- ,- ,0,0,1800,1,LOS ANGELES,LOS ANGELES,CA,-118.3030922,34.05767441,"8TH ST & KINGSLEY DR, LOS ANGELES, CA",8TH ST,KINGSLEY DR,113989,
-118.2856022,34.07349396,64070,8797146,2019,2019-02-15T00:00:00.000Z,1942,2019-01-12T00:00:00.000Z,1720,42718,2019,6,5,7,1942,0,0,0,,0,20A44,1ST ST,COMMONWEALTH AV,0,,Y,A,-,N,,0,0,,,0,,,,N,4,0,3,2,A,-,3,22350,,N,C,C,A,A,H,-,C,A,0,,,,,Y,,A,1,0,0,3,0,0,0,0,0,0,- ,- ,0,0,1800,1,LOS ANGELES,LOS ANGELES,CA,-118.2856022,34.07349396,"1ST ST & COMMONWEALTH AVE, LOS ANGELES, CA",1ST ST,COMMONWEALTH AVE,128641,
-118.3094075,34.03992081,64071,8797149,2019,2019-02-20T00:00:00.000Z,1942,2019-01-04T00:00:00.000Z,1715,40452,2093,5,5,7,1942,0,0,0,,0,20A71,WEST WASHINGTON BL,WESTERN AV,120,W,N,A,-,N,,0,0,,,0,,,,Y,3,0,2,2,A,-,8,22102,,N,D,C,A,A,H,-,C,A,0,,,,,Y,,A,1,0,1,1,0,0,0,0,0,0,- ,- ,0,0,1800,1,LOS ANGELES,LOS ANGELES,CA,-118.3094075,34.03992081,"WASHINGTON BLVD & WESTERN AVE, LOS ANGELES, CA",WASHINGTON BLVD,WESTERN AVE,121037,
-118.4603021,33.99710465,64072,8797165,2019,2019-02-20T00:00:00.000Z,1942,2019-01-21T00:00:00.000Z,1520,38088,143,1,5,7,1942,0,0,0,N,0,14A12,LINCOLN,MILWOOD,0,,Y,A,-,N,,0,0,,,0,,,,N,4,0,1,2,A,-,4,21703,,N,C,C,A,A,H,-,A,D,0,,,,,Y,,A,8,0,0,1,0,0,0,0,0,0,- ,- ,0,0,1800,1,LOS ANGELES,LOS ANGELES,CA,-118.4603021,33.99710464,"LINCOLN CT & MILWOOD AVE, LOS ANGELES, CA",LINCOLN CT,MILWOOD AVE,121529,
-118.4634205,33.98118591,64073,8797166,2019,2019-02-15T00:00:00.000Z,1942,2019-01-21T00:00:00.000Z,1725,42136,1441,1,5,7,1942,0,0,0,N,0,14A45,WASHINGTON BL,VIA DOLCE,50,E,N,G,-,N,,0,0,,,0,,,,N,4,0,2,2,A,-,9,21801,B,N,D,C,A,A,H,-,C,A,0,,,,,Y,,A,1,0,0,2,0,0,0,0,0,0,- ,- ,0,0,1800,1,LOS ANGELES,LOS ANGELES,CA,-118.4634205,33.98118591,"WASHINGTON BLVD & VIA DOLCE, LOS ANGELES, CA",WASHINGTON BLVD,VIA DOLCE,128234,
-118.2916621,34.06316757,64074,8797178,2019,2019-02-15T00:00:00.000Z,1942,2019-01-09T00:00:00.000Z,1730,42273,2038,3,5,7,1942,0,0,0,,0,20A39,VERMONT AV,WILSHIRE BL,500,N,N,A,-,N,,0,0,,,0,,,,N,4,0,2,2,A,-,3,22350,,F,C,C,A,A,H,-,C,D,0,,,,,Y,,-,99,0,0,2,0,0,0,0,0,0,- ,- ,0,0,1800,1,LOS ANGELES,LOS ANGELES,CA,-118.2916621,34.06316757,"VERMONT AVE & WILSHIRE BLVD, LOS ANGELES, CA",VERMONT AVE,WILSHIRE BLVD,140746,
-118.2841221,34.04047012,64075,8797189,2019,2019-02-20T00:00:00.000Z,1942,2019-01-10T00:00:00.000Z,1653,41179,2099,4,5,7,1942,0,0,0,,0,20A97,S HOOVER ST,WASHINGTON BL,217,N,N,A,-,N,,0,0,,,0,,,,Y,4,0,1,2,A,-,3,22350,,N,C,C,A,A,H,-,A,D,0,,,,,Y,,A,1,0,0,1,0,0,0,0,0,0,- ,- ,0,0,1800,1,LOS ANGELES,LOS ANGELES,CA,-118.2841221,34.04047012,"HOOVER ST & WASHINGTON BLVD, LOS ANGELES, CA",HOOVER ST,WASHINGTON BLVD,103565,