X,Y,OBJECTID,case_id,accident_year,proc_date,juris,collision_date,collision_time,officer_id,reporting_district,day_of_week,chp_shift,population,cnty_city_loc,special_cond,beat_type,chp_beat_type,city_division_lapd,chp_beat_class,beat_number,primary_rd,secondary_rd,distance,direction,intersection,weather_1,weather_2,state_hwy_ind,caltrans_county,caltrans_district,state_route,route_suffix,postmile_prefix,postmile,location_type,ramp_intersection,side_of_hwy,tow_away,collision_severity,number_killed,number_injured,party_count,primary_coll_factor,pcf_code_of_viol,pcf_viol_category,pcf_violation,pcf_viol_subsection,hit_and_run,type_of_collision,mviw,ped_action,road_surface,road_cond_1,road_cond_2,lighting,control_device,chp_road_type,pedestrian_accident,bicycle_accident,motorcycle_accident,truck_accident,not_private_property,alcohol_involved,stwd_vehtype_at_fault,chp_vehtype_at_fault,count_severe_inj,count_visible_inj,count_complaint_pain,count_ped_killed,count_ped_injured,count_bicyclist_killed,count_bicyclist_injured,count_mc_killed,count_mc_injured,primary_ramp,secondary_ramp,latitude,longitude,timecat,month_,city,county,state,point_x,point_y,match_addr,m_primaryrd,m_secondrd,int_id,Flag
-118.3855221,33.95993424,64076,8797285,2019,2019-02-26T00:00:00.000Z,1942,2019-01-08T00:00:00.000Z,1620,43393,1487,2,5,7,1942,0,0,0,N,0,14A49,W MANCHESTER AV,AIRPORT BL,0,,Y,A,-,N,,0,0,,,0,,,,N,3,0,1,2,A,-,8,22107,,N,D,G,A,A,H,-,A,A,0,,Y,,,Y,,I,11,0,1,0,0,0,0,1,0,0,- ,- ,0,0,1800,1,LOS ANGELES,LOS ANGELES,CA,-118.3855221,33.95993423,"MANCHESTER AVE & AIRPORT BLVD, LOS ANGELES, CA",MANCHESTER AVE,AIRPORT BLVD,137087,
-118.4160605,33.97819138,64077,8797379,2019,2019-02-20T00:00:00.000Z,1942,2019-01-02T00:00:00.000Z,1650,43522,1464,3,5,7,1942,0,0,0,N,0,14A12,JEFFERSON BL,VILLAGE DR,75,E,N,B,-,N,,0,0,,,0,,,,Y,4,0,2,2,A,-,3,22350,,N,C,C,A,A,H,-,B,D,0,,,,,Y,,D,22,0,0,2,0,0,0,0,0,0,- ,- ,0,0,1800,1,LOS ANGELES,LOS ANGELES,CA,-118.4160605,33.97819138,"JEFFERSON BLVD & VILLAGE DR, LOS ANGELES, CA",JEFFERSON BLVD,VILLAGE DR,137857,
-118.3091521,34.07366562,64078,8797778,2019,2019-02-11T00:00:00.000Z,1942,2019-01-22T00:00:00.000Z,1530,40452,2011,2,5,7,1942,0,0,0,,0,20A1,N WESTERN AV,1ST ST,7,S,N,A,-,N,,0,0,,,0,,,,N,4,0,1,2,A,-,10,21950,A,N,G,B,B,A,H,-,A,A,0,Y,,,,Y,,A,7,0,0,1,0,1,0,0,0,0,- ,- ,0,0,1800,1,LOS ANGELES,LOS ANGELES,CA,-118.3091521,34.07366562,"N WESTERN AVE & 1ST ST, LOS ANGELES, CA",N WESTERN AVE,1ST ST,107676,
-118.2589341,34.04110336,64079,8798259,2019,2019-03-07T00:00:00.000Z,1942,2019-01-10T00:00:00.000Z,1600,36460,185,4,5,7,1942,0,0,0,A,0,1A85,S HILL ST,OLYMPIC BL,230,S,N,A,-,N,,0,0,,,0,,,,N,3,0,1,2,D,-,0,0,,N,H,G,A,A,H,-,A,D,0,,Y,,,Y,,-,- ,0,1,0,0,0,0,1,0,0,- ,- ,0,0,1800,1,LOS ANGELES,LOS ANGELES,CA,-118.2589341,34.04110336,"HILL ST & OLYMPIC BLVD, LOS ANGELES, CA",HILL ST,OLYMPIC BLVD,149214,
-118.2200722,34.01735306,64080,8798348,2019,2019-02-12T00:00:00.000Z,1942,2019-01-10T00:00:00.000Z,1730,37908,497,4,5,7,1942,0,0,0,D,0,4A97,SOTO ST,WASHINGTON BL,0,,Y,A,-,N,,0,0,,,0,,,,N,0,0,0,2,A,-,12,21453,A,N,B,C,A,A,H,-,C,A,0,,,,,Y,Y,A,1,0,0,0,0,0,0,0,0,0,- ,- ,0,0,1800,1,LOS ANGELES,LOS ANGELES,CA,-118.2200722,34.01735306,"SOTO ST & WASHINGTON BLVD, LOS ANGELES, CA",SOTO ST,WASHINGTON BLVD,131484,
-118.4981922,34.2357254,64082,8798560,2019,2019-02-19T00:00:00.000Z,1942,2019-01-08T00:00:00.000Z,1505,35481,1796,2,5,7,1942,0,0,0,Q,0,17A95,NORDHOFF ST,PETIT AV,0,,Y,A,-,N,,0,0,,,0,,,,Y,4,0,3,2,A,-,12,21453,A,N,D,C,A,A,H,-,A,A,0,,,,,Y,,A,1,0,0,3,0,0,0,0,0,0,- ,- ,0,0,1800,1,LOS ANGELES,LOS ANGELES,CA,-118.4981922,34.2357254,"NORDHOFF ST & PETIT AVE, LOS ANGELES, CA",NORDHOFF ST,PETIT AVE,150538,
-118.500203,34.24299622,64083,8798571,2019,2019-02-14T00:00:00.000Z,1942,2019-01-01T00:00:00.000Z,1655,35481,1776,2,5,7,1942,0,0,0,Q,0,17A96,PLUMMER ST,PETIT AV,630,W,N,A,-,N,,0,0,,,0,,,,Y,0,0,0,2,A,-,3,22350,,N,C,C,A,A,H,-,C,D,0,,,,,Y,,A,1,0,0,0,0,0,0,0,0,0,- ,- ,0,0,1800,1,LOS ANGELES,LOS ANGELES,CA,-118.500203,34.24299622,"PLUMMER ST & PETIT AVE, LOS ANGELES, CA",PLUMMER ST,PETIT AVE,132876,
-118.3659021,34.1635437,64084,8798734,2019,2019-02-21T00:00:00.000Z,1942,2019-01-19T00:00:00.000Z,1600,39192,1557,6,5,7,1942,0,0,0,O,0,15A67,HARTSOOK ST,RIVERTON AV,0,,Y,A,-,N,,0,0,,,0,,,,Y,0,0,0,2,A,-,9,21802,A,M,A,C,A,A,H,-,A,D,0,,,,,Y,,-,99,0,0,0,0,0,0,0,0,0,- ,- ,0,0,1800,1,LOS ANGELES,LOS ANGELES,CA,-118.3659021,34.1635437,"HARTSOOK ST & RIVERTON AVE, LOS ANGELES, CA",HARTSOOK ST,RIVERTON AVE,146912,
-118.5153338,34.27080917,64085,8798742,2019,2019-02-21T00:00:00.000Z,1942,2019-01-29T00:00:00.000Z,1700,37613,1735,2,5,7,1942,0,0,0,Q,0,17A35,ENCINO AV,LUDLOW ST,35,S,N,A,-,N,,0,0,,,0,,,,Y,0,0,0,2,A,-,3,22350,,M,A,E,A,A,H,-,C,D,0,,,,,Y,,A,1,0,0,0,0,0,0,0,0,0,- ,- ,0,0,1800,1,LOS ANGELES,LOS ANGELES,CA,-118.5153338,34.27080917,"ENCINO AVE & LUDLOW ST, LOS ANGELES, CA",ENCINO AVE,LUDLOW ST,130060,
-118.2739011,33.95293045,64086,8798805,2019,2019-02-21T00:00:00.000Z,1942,2019-01-14T00:00:00.000Z,1730,37146,1802,1,5,7,1942,0,0,0,R,0,25T22,MAIN ST,92ND ST,35,N,N,B,C,N,,0,0,,,0,,,,N,0,0,0,2,A,-,5,21650,,M,A,C,A,B,H,-,A,A,0,,,,,Y,,-,99,0,0,0,0,0,0,0,0,0,- ,- ,0,0,1800,1,LOS ANGELES,LOS ANGELES,CA,-118.2739011,33.95293045,"MAIN ST & 92ND ST, LOS ANGELES, CA",MAIN ST,92ND ST,116122,
-118.2915514,34.03266144,64087,8798808,2019,2019-02-20T00:00:00.000Z,1942,2019-01-19T00:00:00.000Z,1500,42758,325,6,5,7,1942,0,0,0,C,0,3A19,VERMONT AV,ADAMS BL,30,S,N,A,-,N,,0,0,,,0,,,,N,0,0,0,2,A,-,9,21804,,M,D,D,A,A,-,-,A,A,0,,,,,Y,,-,99,0,0,0,0,0,0,0,0,0,- ,- ,0,0,1800,1,LOS ANGELES,LOS ANGELES,CA,-118.2915514,34.03266144,"VERMONT AVE & ADAMS BLVD, LOS ANGELES, CA",VERMONT AVE,ADAMS BLVD,121075,
-118.2385007,34.05865097,64088,8798840,2019,2019-02-20T00:00:00.000Z,1942,2019-01-27T00:00:00.000Z,1509,34426,111,7,5,7,1942,0,0,0,A,0,1A1,SPRING ST,CESAR CHAVEZ AV,168,N,N,A,-,N,,0,0,,,0,,,,N,0,0,0,2,A,-,8,22107,,M,C,C,A,A,H,-,A,D,0,,,,,Y,,-,99,0,0,0,0,0,0,0,0,0,- ,- ,0,0,1800,1,LOS ANGELES,LOS ANGELES,CA,-118.2385007,34.05865097,"N SPRING ST & CESAR E CHAVEZ AVE, LOS ANGELES, CA",N SPRING ST,CESAR E CHAVEZ AVE,110537,
-118.2609221,34.04829025,64089,8798864,2019,2019-03-14T00:00:00.000Z,1942,2019-01-24T00:00:00.000Z,1540,43390,161,4,5,7,1942,0,0,0,A,0,1X92,FIGUEROA ST,8TH ST,162,N,N,A,-,N,,0,0,,,0,,,,N,0,0,0,2,A,-,7,21658,A,M,B,C,A,A,H,-,A,D,0,,,,,Y,,-,99,0,0,0,0,0,0,0,0,0,- ,- ,0,0,1800,1,LOS ANGELES,LOS ANGELES,CA,-118.2609221,34.04829025,"FIGUEROA ST & 8TH ST, LOS ANGELES, CA",FIGUEROA ST,8TH ST,121148,
-118.2915722,34.03599548,64090,8798878,2019,2019-02-20T00:00:00.000Z,1942,2019-01-20T00:00:00.000Z,1520,42595,318,7,5,7,1942,0,0,0,C,0,3A34,VERMONT AV,22ND ST,0,,Y,A,-,N,,0,0,,,0,,,,N,0,0,0,2,A,-,9,21801,A,M,C,C,A,A,H,-,A,D,0,,,,,Y,,-,99,0,0,0,0,0,0,0,0,0,- ,- ,0,0,1800,1,LOS ANGELES,LOS ANGELES,CA,-118.2915722,34.03599548,"VERMONT AVE & 22ND ST, LOS ANGELES, CA",VERMONT AVE,22ND ST,148394,
-118.2428918,34.06587601,64091,8799102,2019,2019-03-07T00:00:00.000Z,1942,2019-01-24T00:00:00.000Z,1620,34458,101,4,5,7,1942,0,0,0,A,0,1A1,W COLLEGE ST,CHAVEZ RAVINE PL,10,E,N,A,-,N,,0,0,,,0,,,,Y,4,0,1,3,A,-,9,21802,,F,B,C,A,-,A,-,A,B,0,,,,,Y,,-,99,0,0,1,0,0,0,0,0,0,- ,- ,0,0,1800,1,LOS ANGELES,LOS ANGELES,CA,-118.2428918,34.06587601,"COLLEGE ST & CHAVEZ RAVINE PL, LOS ANGELES, CA",COLLEGE ST,CHAVEZ RAVINE PL,97030,
-118.2651821,33.94560623,64092,8799109,2019,2019-03-29T00:00:00.000Z,1942,2019-01-10T00:00:00.000Z,1600,41756,1823,4,5,7,1942,0,0,0,R,0,18A3,CENTURY BL,AVALON BL,0,,Y,A,-,N,,0,0,,,0,,,,N,4,0,1,2,A,-,10,21950,A,N,G,B,D,A,H,-,A,D,0,Y,,,,Y,,A,1,0,0,1,0,1,0,0,0,0,- ,- ,0,0,1800,1,LOS ANGELES,LOS ANGELES,CA,-118.2651821,33.94560623,"CENTURY BLVD & AVALON BLVD, LOS ANGELES, CA",CENTURY BLVD,AVALON BLVD,96139,
-118.2611776,34.02181625,64093,8799211,2019,2019-02-25T00:00:00.000Z,1942,2019-01-02T00:00:00.000Z,1550,40164,1303,3,5,7,1942,0,0,0,M,0,24TL55,SAN PEDRO ST,ADAMS BL,100,N,N,A,-,N,,0,0,,,0,,,,Y,4,0,3,2,A,-,9,21804,A,N,D,C,A,A,H,-,A,D,0,,,,,Y,,A,1,0,0,3,0,0,0,0,0,0,- ,- ,0,0,1800,1,LOS ANGELES,LOS ANGELES,CA,-118.2611776,34.02181625,"SAN PEDRO ST & ADAMS BLVD, LOS ANGELES, CA",SAN PEDRO ST,ADAMS BLVD,149024,
-118.2783421,34.01109314,64094,8799215,2019,2019-03-07T00:00:00.000Z,1942,2019-01-07T00:00:00.000Z,1650,36238,1341,1,5,7,1942,0,0,0,M,0,13A41,S BROADWAY,W MARTIN LUTHER KING JR BL,0,,Y,B,-,N,,0,0,,,0,,,,N,0,0,0,2,A,-,9,21453,B,N,D,C,A,A,H,-,A,A,0,,,,,Y,,A,7,0,0,0,0,0,0,0,0,0,- ,- ,0,0,1800,1,LOS ANGELES,LOS ANGELES,CA,-118.2783421,34.01109314,"BROADWAY & MARTIN LUTHER KING JR BLVD, LOS ANGELES, CA",BROADWAY,MARTIN LUTHER KING JR BLVD,116289,
-118.3386421,34.09438324,64095,8799500,2019,2019-02-21T00:00:00.000Z,1942,2019-01-11T00:00:00.000Z,1600,43498,646,5,5,7,1942,0,0,0,F,0,6A66,HIGHLAND AV,FOUNTAIN AV,0,,Y,A,-,N,,0,0,,,0,,,,N,4,0,1,2,A,-,10,21950,,F,G,B,B,A,H,-,A,A,0,Y,,,,Y,,-,99,0,0,1,0,1,0,0,0,0,- ,- ,0,0,1800,1,LOS ANGELES,LOS ANGELES,CA,-118.3386421,34.09438324,"HIGHLAND AVE & FOUNTAIN AVE, LOS ANGELES, CA",HIGHLAND AVE,FOUNTAIN AVE,104190,
-118.3161221,33.95995331,64096,8799604,2019,2019-03-01T00:00:00.000Z,1942,2019-01-19T00:00:00.000Z,1650,42962,1273,6,5,7,1942,0,0,0,L,0,RA51,MANCHESTER AV,CIMARRON ST,0,,Y,A,-,N,,0,0,,,0,,,,N,0,0,0,2,A,-,8,22107,,M,D,C,A,A,H,-,A,D,0,,,,,Y,,-,99,0,0,0,0,0,0,0,0,0,- ,- ,0,0,1800,1,LOS ANGELES,LOS ANGELES,CA,-118.3161221,33.95995331,"MANCHESTER AVE & CIMARRON ST, LOS ANGELES, CA",MANCHESTER AVE,CIMARRON ST,103124,
-118.2386776,34.03459549,64097,8799607,2019,2019-02-25T00:00:00.000Z,1942,2019-01-05T00:00:00.000Z,1615,37952,1307,6,5,7,1942,0,0,0,M,0,13A9,S ALAMEDA ST,7TH ST,150,S,N,C,-,N,,0,0,,,0,,,,Y,3,0,1,1,A,-,3,22350,,N,H,J,A,B,H,-,A,D,0,,,Y,,Y,,C,2,0,1,0,0,0,0,0,0,1,- ,- ,0,0,1800,1,LOS ANGELES,LOS ANGELES,CA,-118.2386776,34.03459549,"ALAMEDA ST & 7TH ST, LOS ANGELES, CA",ALAMEDA ST,7TH ST,149181,
-118.3467371,34.04240799,64098,8799480,2019,2019-02-21T00:00:00.000Z,1942,2019-01-25T00:00:00.000Z,1618,38015,774,5,5,7,1942,0,0,0,G,0,7A85,LA BREA,PICKFORD,5,N,N,A,-,N,,0,0,,,0,,,,N,3,0,1,2,A,-,12,22450,A,M,H,G,A,A,H,-,A,A,0,,Y,,,Y,,-,99,0,1,0,0,0,0,1,0,0,- ,- ,0,0,1800,1,LOS ANGELES,LOS ANGELES,CA,-118.3467371,34.04240799,"LA BREA AVE & PICKFORD ST,, CA",LA BREA AVE,PICKFORD ST,103455,
-118.2553159,34.03504181,64099,8799648,2019,2019-02-25T00:00:00.000Z,1942,2019-01-15T00:00:00.000Z,1730,43408,1303,2,5,7,1942,0,0,0,M,0,13A28,WALL ST,12TH ST,20,N,N,C,-,N,,0,0,,,0,,,,N,4,0,1,2,A,-,11,21955,,N,G,B,D,B,H,-,C,A,0,Y,,,,Y,,N,60,0,0,1,0,1,0,0,0,0,- ,- ,0,0,1800,1,LOS ANGELES,LOS ANGELES,CA,-118.2553159,34.03504181,"WALL ST & 12TH ST, LOS ANGELES, CA",WALL ST,12TH ST,142135,
-118.2783218,33.98604202,64100,8799668,2019,2019-02-25T00:00:00.000Z,1942,2019-01-01T00:00:00.000Z,1600,40099,1383,2,5,7,1942,0,0,0,M,0,13A93,S BROADWAY,59TH PL,10,N,N,A,-,N,,0,0,,,0,,,,Y,3,0,2,3,A,-,3,22350,,N,G,B,F,A,H,-,A,D,0,Y,,,,Y,,A,1,0,2,0,0,2,0,0,0,0,- ,- ,0,0,1800,1,LOS ANGELES,LOS ANGELES,CA,-118.2783218,33.98604202,"BROADWAY & 59TH PL, LOS ANGELES, CA",BROADWAY,59TH PL,110160,
-118.2629921,33.93831635,64101,8799949,2019,2019-02-12T00:00:00.000Z,1942,2019-01-24T00:00:00.000Z,1510,37055,1834,4,5,7,1942,0,0,0,R,0,18A63,108TH ST,STANFORD,0,,Y,A,-,N,,0,0,,,0,,,,N,3,0,2,2,A,-,5,21650,,N,D,C,A,A,H,-,A,D,0,,,,,Y,,A,1,0,1,1,0,0,0,0,0,0,- ,- ,0,0,1800,1,LOS ANGELES,LOS ANGELES,CA,-118.2629921,33.93831635,"108TH ST & STANFORD AVE, LOS ANGELES, CA",108TH ST,STANFORD AVE,120714,
-118.4945622,34.15786362,64102,8800112,2019,2019-02-13T00:00:00.000Z,1942,2019-01-23T00:00:00.000Z,1750,38012,1088,3,5,7,1942,0,0,0,J,0,10X88,VENTURA BL,RUBIO AV,0,,Y,A,-,N,,0,0,,,0,,,,N,3,0,2,4,A,-,4,21703,,F,C,C,A,A,H,-,C,A,0,,,,,Y,,-,99,0,1,1,0,0,0,0,0,0,- ,- ,0,0,1800,1,LOS ANGELES,LOS ANGELES,CA,-118.4945622,34.15786362,"VENTURA BLVD & RUBIO AVE, LOS ANGELES, CA",VENTURA BLVD,RUBIO AVE,143389,
-118.4673968,34.25770569,64103,8800173,2019,2019-02-12T00:00:00.000Z,1942,2019-01-05T00:00:00.000Z,1500,36733,1952,6,5,7,1942,0,0,0,,0,19A43,SEPULVEDA BL,DEVONSHIRE ST,150,N,N,B,-,N,,0,0,,,0,,,,N,4,0,1,2,A,-,9,21804,A,N,D,C,A,B,H,-,A,D,0,,,,,Y,,A,1,0,0,1,0,0,0,0,0,0,- ,- ,0,0,1800,1,LOS ANGELES,LOS ANGELES,CA,-118.4673968,34.25770569,"SEPULVEDA BLVD & DEVONSHIRE ST, LOS ANGELES, CA",SEPULVEDA BLVD,DEVONSHIRE ST,105405,
-118.3078522,34.05764389,64104,8800237,2019,2019-02-12T00:00:00.000Z,1942,2019-01-03T00:00:00.000Z,1535,42718,2033,4,5,7,1942,0,0,0,,0,20A44,OXFORD AV,8TH ST,0,,Y,A,-,N,,0,0,,,0,,,,N,2,0,1,2,A,-,10,21950,A,N,G,B,B,A,H,-,A,A,0,Y,,,,Y,,A,1,1,0,0,0,1,0,0,0,0,- ,- ,0,0,1800,1,LOS ANGELES,LOS ANGELES,CA,-118.3078522,34.05764389,"OXFORD AVE & 8TH ST, LOS ANGELES, CA",OXFORD AVE,8TH ST,149155,
-118.4465422,34.18665314,64105,8800338,2019,2019-02-19T00:00:00.000Z,1942,2019-01-22T00:00:00.000Z,1515,43481,935,2,5,7,1942,0,0,0,I,0,16A35,SYLMAR AV,VICTORY BL,0,,Y,A,-,N,,0,0,,,0,,,,N,4,0,1,2,A,-,10,21950,A,F,G,B,B,A,H,-,A,A,0,Y,,,,Y,,-,99,0,0,1,0,1,0,0,0,0,- ,- ,0,0,1800,1,LOS ANGELES,LOS ANGELES,CA,-118.4465422,34.18665314,"SYLMAR AVE & VICTORY BLVD, LOS ANGELES, CA",SYLMAR AVE,VICTORY BLVD,122488,
-118.4452909,34.30573273,64106,8800346,2019,2019-02-19T00:00:00.000Z,1942,2019-01-26T00:00:00.000Z,1510,42775,1916,6,5,7,1942,0,0,0,,0,19A43,ASTORIA ST,GLENOAKS BL,414,E,N,A,-,N,,0,0,,,0,,,,N,4,0,1,2,A,-,3,22350,,F,G,B,E,A,H,-,A,D,0,Y,,,,Y,,-,99,0,0,1,0,1,0,0,0,0,- ,- ,0,0,1800,1,LOS ANGELES,LOS ANGELES,CA,-118.4452909,34.30573273,"ASTORIA ST & GLENOAKS BLVD, LOS ANGELES, CA",ASTORIA ST,GLENOAKS BLVD,143827,
-118.2586321,33.95291519,64107,8800563,2019,2019-02-20T00:00:00.000Z,1942,2019-01-08T00:00:00.000Z,1550,42589,1806,2,5,7,1942,0,0,0,R,0,18X48,92ND ST,WADSWORTH,0,,Y,A,-,N,,0,0,,,0,,,,Y,3,0,1,2,A,-,9,21802,A,N,D,C,A,A,H,-,A,D,0,,,,,Y,,A,1,0,1,0,0,0,0,0,0,0,- ,- ,0,0,1800,1,LOS ANGELES,LOS ANGELES,CA,-118.2586321,33.95291519,"92ND ST & WADSWORTH AVE, LOS ANGELES, CA",92ND ST,WADSWORTH AVE,113659,
-118.2493021,33.92946625,64108,8800662,2019,2019-03-21T00:00:00.000Z,1942,2019-01-03T00:00:00.000Z,1650,42543,1846,4,5,7,1942,0,0,0,R,0,18A46,IMPERIAL HWY,SUCCESS,0,,Y,A,-,N,,0,0,,,0,,,,Y,4,0,3,2,A,-,9,21801,A,N,D,C,A,A,H,-,A,D,0,,,,,Y,Y,D,22,0,0,3,0,0,0,0,0,0,- ,- ,0,0,1800,1,LOS ANGELES,LOS ANGELES,CA,-118.2493021,33.92946625,"IMPERIAL HWY & SUCCESS AVE, LOS ANGELES, CA",IMPERIAL HWY,SUCCESS AVE,117289,
-118.6362308,34.15856552,64109,8801049,2019,2019-02-21T00:00:00.000Z,1942,2019-01-20T00:00:00.000Z,1620,37704,,7,5,7,1942,0,0,0,,0,,MULHOLLAND DR,CALABASAS RD,75,S,N,A,-,N,,0,0,,,0,,,,N,4,0,1,2,A,-,4,21703,,N,C,C,A,A,H,-,A,A,0,,,,,Y,,A,1,0,0,1,0,0,0,0,0,0,- ,- ,0,0,1800,1,LOS ANGELES,LOS ANGELES,CA,-118.6362308,34.15856552,"MULHOLLAND DR & CALABASAS RD, LOS ANGELES, CA",MULHOLLAND DR,CALABASAS RD,101052,
-118.3176821,33.99321365,64110,8801061,2019,2019-03-08T00:00:00.000Z,1942,2019-01-10T00:00:00.000Z,1740,42222,1211,4,5,7,1942,0,0,0,L,0,12X4,54TH ST,ARLINGTON AV,0,,Y,A,-,N,,0,0,,,0,,,,Y,4,0,2,2,A,-,8,22101,,N,A,C,A,A,H,-,C,D,0,,,,,Y,,A,1,0,0,2,0,0,0,0,0,0,- ,- ,0,0,1800,1,LOS ANGELES,LOS ANGELES,CA,-118.3176821,33.99321365,"54TH ST & ARLINGTON AVE, LOS ANGELES, CA",54TH ST,ARLINGTON AVE,117315,
-118.1922821,34.02070618,64111,8802242,2019,2019-04-05T00:00:00.000Z,1942,2019-01-27T00:00:00.000Z,1620,41574,D479,7,5,7,1942,0,0,0,,0,4U2,INDIANA ST,DENNISON ST,22,N,N,A,-,N,,0,0,,,0,,,,N,4,0,1,2,A,-,8,22107,,N,H,G,A,A,H,-,A,A,0,,Y,,,Y,,A,1,0,0,1,0,0,0,1,0,0,- ,- ,0,0,1800,1,LOS ANGELES,LOS ANGELES,CA,-118.1922821,34.02070618,"INDIANA ST & DENNISON ST, LOS ANGELES, CA",INDIANA ST,DENNISON ST,156920,
-118.4138004,34.15404129,64112,8803145,2019,2019-03-20T00:00:00.000Z,1942,2019-01-02T00:00:00.000Z,1745,42634,LOS A,3,5,7,1942,0,0,0,,0,9A19,COLD WATER CANYON AV,SARAH ST,20,N,N,A,-,N,,0,0,,,0,,,,Y,4,0,1,4,A,-,4,21703,,N,C,C,A,A,H,-,B,A,0,,,,,Y,,A,1,0,0,1,0,0,0,0,0,0,- ,- ,0,0,1800,1,LOS ANGELES,LOS ANGELES,CA,-118.4138004,34.15404129,"COLDWATER CANYON AVE & SARAH ST, LOS ANGELES, CA",COLDWATER CANYON AVE,SARAH ST,105412,
-118.4398173,34.15042877,64113,8803157,2019,2019-02-22T00:00:00.000Z,1942,2019-01-04T00:00:00.000Z,1530,43149,985,5,5,7,1942,0,0,0,,0,9463,MOOR PARK ST,HAZELTINE AV,50,E,N,A,-,N,,0,0,,,0,,,,N,4,0,1,2,A,-,4,21703,,N,C,C,A,A,H,-,A,A,0,,,,,Y,,A,1,0,0,1,0,0,0,0,0,0,- ,- ,0,0,1800,1,LOS ANGELES,LOS ANGELES,CA,-118.4398173,34.15042877,"MOORPARK ST & HAZELTINE AVE, LOS ANGELES, CA",MOORPARK ST,HAZELTINE AVE,151006,
-118.5427775,34.1714859,64114,8803158,2019,2019-02-27T00:00:00.000Z,1942,2019-01-09T00:00:00.000Z,1600,43421,LOSAN,3,5,7,1942,0,0,0,,0,1063,VENTURA BL,BURBANK BL,15,E,N,A,-,N,,0,0,,,0,,,,Y,3,0,2,3,A,-,12,21453,A,N,-,C,A,A,H,-,A,A,0,,,,,Y,,A,1,0,2,0,0,0,0,0,0,0,- ,- ,0,0,1800,1,LOS ANGELES,LOS ANGELES,CA,-118.5427775,34.1714859,"VENTURA BLVD & BURBANK BLVD, LOS ANGELES, CA",VENTURA BLVD,BURBANK BLVD,126146,
-118.4552522,34.15198517,64115,8803169,2019,2019-02-22T00:00:00.000Z,1942,2019-01-08T00:00:00.000Z,1555,33458,984,2,5,7,1942,0,0,0,I,0,94A89,VENTURA BL,WILLIS AV,0,,Y,A,-,N,,0,0,,,0,,,,N,3,0,1,2,A,-,9,21801,A,N,D,C,A,A,H,-,A,A,0,,,,,Y,,A,7,0,1,0,0,0,0,0,0,0,- ,- ,0,0,1800,1,LOS ANGELES,LOS ANGELES,CA,-118.4552522,34.15198517,"VENTURA BLVD & WILLIS AVE, LOS ANGELES, CA",VENTURA BLVD,WILLIS AVE,118759,
-118.4487822,34.21026611,64116,8803216,2019,2019-03-21T00:00:00.000Z,1942,2019-01-05T00:00:00.000Z,1505,41514,904,6,5,7,1942,0,0,0,I,0,9A5,VAN NUYS BL,KESWICK ST,0,,Y,B,-,N,,0,0,,,0,,,,N,3,0,3,2,A,-,12,21453,A,N,D,C,A,A,H,-,A,A,0,,,,,Y,,-,- ,0,1,2,0,0,0,0,0,0,- ,- ,0,0,1800,1,LOS ANGELES,LOS ANGELES,CA,-118.4487822,34.21026611,"VAN NUYS BLVD & KESWICK ST, LOS ANGELES, CA",VAN NUYS BLVD,KESWICK ST,133061,
-118.243412,33.78562927,64117,8803552,2019,2019-02-27T00:00:00.000Z,1942,2019-01-14T00:00:00.000Z,1655,36659,529,1,5,7,1942,0,0,0,,0,5A15,ALAMEDA ST,DENNI ST,75,N,N,C,-,N,,0,0,,,0,,,,N,0,0,0,2,A,-,7,21658,A,M,B,C,A,-,H,-,-,A,0,,,,,Y,Y,-,99,0,0,0,0,0,0,0,0,0,- ,- ,0,0,1800,1,LOS ANGELES,LOS ANGELES,CA,-118.243412,33.78562927,"ALAMEDA ST & DENNI ST, LOS ANGELES, CA",ALAMEDA ST,DENNI ST,96181,
-118.4490822,34.19845963,64118,8803602,2019,2019-02-27T00:00:00.000Z,1942,2019-01-31T00:00:00.000Z,1530,43370,914,4,5,7,1942,0,0,0,I,0,9A5,VOSE ST,VAN NUYS BL,100,W,N,A,-,N,,0,0,,,0,,,,Y,4,0,1,2,A,-,12,21453,A,N,D,C,A,A,H,-,A,A,0,,,,,Y,,A,1,0,0,1,0,0,0,0,0,0,- ,- ,0,0,1800,1,LOS ANGELES,LOS ANGELES,CA,-118.4490822,34.19845963,"VOSE ST & VAN NUYS BLVD, LOS ANGELES, CA",VOSE ST,VAN NUYS BLVD,147214,
-118.4273819,34.20117569,64119,8803611,2019,2019-03-13T00:00:00.000Z,1942,2019-01-16T00:00:00.000Z,1600,40398,919,3,5,7,1942,0,0,0,I,0,9A19,SHERMAN WY,ALLOTT AV,200,E,N,C,-,N,,0,0,,,0,,,,N,4,0,1,2,A,-,8,22107,,N,B,C,A,B,H,-,A,D,0,,,,,Y,,-,- ,0,0,1,0,0,0,0,0,0,- ,- ,0,0,1800,1,LOS ANGELES,LOS ANGELES,CA,-118.4273819,34.20117569,"SHERMAN WAY & ALLOTT AVE, LOS ANGELES, CA",SHERMAN WAY,ALLOTT AVE,143112,