X,Y,OBJECTID,case_id,accident_year,proc_date,juris,collision_date,collision_time,officer_id,reporting_district,day_of_week,chp_shift,population,cnty_city_loc,special_cond,beat_type,chp_beat_type,city_division_lapd,chp_beat_class,beat_number,primary_rd,secondary_rd,distance,direction,intersection,weather_1,weather_2,state_hwy_ind,caltrans_county,caltrans_district,state_route,route_suffix,postmile_prefix,postmile,location_type,ramp_intersection,side_of_hwy,tow_away,collision_severity,number_killed,number_injured,party_count,primary_coll_factor,pcf_code_of_viol,pcf_viol_category,pcf_violation,pcf_viol_subsection,hit_and_run,type_of_collision,mviw,ped_action,road_surface,road_cond_1,road_cond_2,lighting,control_device,chp_road_type,pedestrian_accident,bicycle_accident,motorcycle_accident,truck_accident,not_private_property,alcohol_involved,stwd_vehtype_at_fault,chp_vehtype_at_fault,count_severe_inj,count_visible_inj,count_complaint_pain,count_ped_killed,count_ped_injured,count_bicyclist_killed,count_bicyclist_injured,count_mc_killed,count_mc_injured,primary_ramp,secondary_ramp,latitude,longitude,timecat,month_,city,county,state,point_x,point_y,match_addr,m_primaryrd,m_secondrd,int_id,Flag
-118.4487791,34.20426559,64120,8803614,2019,2019-02-27T00:00:00.000Z,1942,2019-01-25T00:00:00.000Z,1510,41316,906,5,5,7,1942,0,0,0,I,0,9A5,VAN NUYS BL,VALERIO ST,200,S,N,A,-,N,,0,0,,,0,,,,N,4,0,1,2,A,-,5,21650,1,N,D,G,A,A,H,-,A,D,0,,Y,,,Y,,L,4,0,0,1,0,0,0,1,0,0,- ,- ,0,0,1800,1,LOS ANGELES,LOS ANGELES,CA,-118.4487791,34.20426559,"VAN NUYS BLVD & VALERIO ST, LOS ANGELES, CA",VAN NUYS BLVD,VALERIO ST,98053,
-118.4225222,34.17212677,64121,8803635,2019,2019-02-28T00:00:00.000Z,1942,2019-01-15T00:00:00.000Z,1510,41125,948,2,5,7,1942,0,0,0,I,0,9A37,BURBANK BL,FULTON AV,0,,Y,C,-,N,,0,0,,,0,,,,N,4,0,1,2,A,-,9,21801,A,N,D,C,A,B,H,-,A,A,0,,,,,Y,,A,1,0,0,1,0,0,0,0,0,0,- ,- ,0,0,1800,1,LOS ANGELES,LOS ANGELES,CA,-118.4225222,34.17212677,"BURBANK BLVD & FULTON AVE, LOS ANGELES, CA",BURBANK BLVD,FULTON AVE,114953,
-118.4548378,34.2012558,64122,8803639,2019,2019-02-28T00:00:00.000Z,1942,2019-01-10T00:00:00.000Z,1620,43515,914,4,5,7,1942,0,0,0,I,0,9A37,SHERMAN WAY,KESTER AV,798,E,N,A,-,N,,0,0,,,0,,,,N,4,0,1,2,A,-,3,22350,,N,C,C,A,A,H,-,A,A,0,,,,,Y,,A,1,0,0,1,0,0,0,0,0,0,- ,- ,0,0,1800,1,LOS ANGELES,LOS ANGELES,CA,-118.4548378,34.2012558,"SHERMAN WAY & KESTER AVE, LOS ANGELES, CA",SHERMAN WAY,KESTER AVE,126127,
-118.4249322,34.17940521,64123,8803643,2019,2019-03-13T00:00:00.000Z,1942,2019-01-16T00:00:00.000Z,1705,43091,VAN N,3,5,7,1942,0,0,0,,0,938,OXNARD ST,VARNA AV,0,,Y,B,C,N,,0,0,,,0,,,,N,4,0,1,2,A,-,10,21950,A,N,G,G,B,B,H,-,C,A,0,Y,,,,Y,,A,1,0,0,1,0,1,0,0,0,0,- ,- ,0,0,1800,1,LOS ANGELES,LOS ANGELES,CA,-118.4249322,34.17940521,"OXNARD ST & VARNA AVE, LOS ANGELES, CA",OXNARD ST,VARNA AVE,98851,
-118.4225422,34.15762329,64124,8803655,2019,2019-02-28T00:00:00.000Z,1942,2019-01-15T00:00:00.000Z,1720,26319,966,2,5,7,1942,0,0,0,I,0,9A63,FULTON AV,RIVERSIDE DR,0,,Y,B,-,N,,0,0,,,0,,,,N,4,0,1,2,A,-,10,21950,A,N,G,B,B,B,H,-,A,A,0,Y,,,,Y,,A,7,0,0,1,0,1,0,0,0,0,- ,- ,0,0,1800,1,LOS ANGELES,LOS ANGELES,CA,-118.4225422,34.15762329,"FULTON AVE & RIVERSIDE DR, LOS ANGELES, CA",FULTON AVE,RIVERSIDE DR,115875,
-118.4675463,34.15402222,64125,8803658,2019,2019-02-27T00:00:00.000Z,1942,2019-01-25T00:00:00.000Z,1555,41316,981,5,5,7,1942,0,0,0,I,0,9A89,VENTURA BL,DICKENS ST,70,W,N,A,-,N,,0,0,,,0,,,,Y,4,0,3,5,A,-,8,22107,,N,F,C,A,A,H,-,A,D,0,,,,,Y,,A,1,0,0,3,0,0,0,0,0,0,- ,- ,0,0,1800,1,LOS ANGELES,LOS ANGELES,CA,-118.4675463,34.15402222,"VENTURA BLVD & DICKENS ST, LOS ANGELES, CA",VENTURA BLVD,DICKENS ST,120573,
-118.4225522,34.1585846,64126,8803659,2019,2019-02-28T00:00:00.000Z,1942,2019-01-25T00:00:00.000Z,1600,42051,969,5,5,7,1942,0,0,0,I,0,9A37,FULTON AV,RIVERSIDE DR,350,N,N,A,-,N,,0,0,,,0,,,,N,4,0,2,2,A,-,3,22350,,N,C,C,A,A,H,-,A,D,0,,,,,Y,,A,8,0,0,2,0,0,0,0,0,0,- ,- ,0,0,1800,1,LOS ANGELES,LOS ANGELES,CA,-118.4225522,34.15858459,"FULTON AVE & RIVERSIDE DR, LOS ANGELES, CA",FULTON AVE,RIVERSIDE DR,115875,
-118.4596322,34.15270615,64127,8803662,2019,2019-03-12T00:00:00.000Z,1942,2019-01-11T00:00:00.000Z,1750,39087,981,5,5,7,1942,0,0,0,I,0,9X84,VENTURA BL,LEMONA AV,0,,Y,A,-,N,,0,0,,,0,,,,N,3,0,1,2,A,-,10,21950,A,N,G,B,B,A,H,-,C,D,0,Y,,,,Y,,A,1,0,1,0,0,1,0,0,0,0,- ,- ,0,0,1800,1,LOS ANGELES,LOS ANGELES,CA,-118.4596322,34.15270615,"VENTURA BLVD & LEMONA AVE, LOS ANGELES, CA",VENTURA BLVD,LEMONA AVE,125795,
-118.2267921,34.12121582,64128,8804401,2019,2019-03-11T00:00:00.000Z,1942,2019-01-29T00:00:00.000Z,1555,37952,1136,2,5,7,1942,0,0,0,K,0,11A17,EAGLE ROCK BL,AVENUE 41,130,N,N,A,-,N,,0,0,,,0,,,,N,0,0,0,2,A,-,8,22107,,N,B,E,A,A,H,-,A,D,0,,,,,Y,,D,22,0,0,0,0,0,0,0,0,0,- ,- ,0,0,1800,1,LOS ANGELES,LOS ANGELES,CA,-118.2267921,34.12121582,"EAGLE ROCK BLVD & AVE 41, LOS ANGELES, CA",EAGLE ROCK BLVD,AVE 41,151357,
-118.1803845,34.12356186,64129,8804425,2019,2019-03-15T00:00:00.000Z,1942,2019-01-28T00:00:00.000Z,1610,40099,1128,1,5,7,1942,0,0,0,K,0,11A25,LEWIS ST,EUNICE AV,20,S,N,A,-,N,,0,0,,,0,,,,Y,0,0,0,1,B,-,22,0,,N,H,I,A,A,H,-,A,D,0,,,,Y,Y,,F,26,0,0,0,0,0,0,0,0,0,- ,- ,0,0,1800,1,LOS ANGELES,LOS ANGELES,CA,-118.1803845,34.12356186,"LEWIS ST & EUNICE AVE, LOS ANGELES, CA",LEWIS ST,EUNICE AVE,139060,
-118.2602421,34.08167267,64130,8804565,2019,2019-03-28T00:00:00.000Z,1942,2019-01-26T00:00:00.000Z,1515,40164,1183,6,5,7,1942,0,0,0,K,0,24TL56,GLENDALE BL,SCOTT AV,100,S,N,A,-,N,,0,0,,,0,,,,Y,3,0,1,2,A,-,3,22350,,N,C,C,A,A,H,-,A,D,0,,,Y,,Y,,-,- ,0,1,0,0,0,0,0,0,1,- ,- ,0,0,1800,1,LOS ANGELES,LOS ANGELES,CA,-118.2602421,34.08167267,"GLENDALE BLVD & SCOTT AVE, LOS ANGELES, CA",GLENDALE BLVD,SCOTT AVE,102240,
-118.2727122,34.06295395,64131,8804573,2019,2019-03-21T00:00:00.000Z,1942,2019-01-03T00:00:00.000Z,1740,37409,236,4,5,7,1942,0,0,0,B,0,11XL42,3RD ST,ALVARADO ST,0,,Y,A,-,N,,0,0,,,0,,,,Y,2,0,1,2,A,-,9,21801,A,N,B,C,A,A,H,-,C,A,0,,,Y,,Y,,C,2,1,0,0,0,0,0,0,0,0,- ,- ,0,0,1800,1,LOS ANGELES,LOS ANGELES,CA,-118.2727122,34.06295395,"3RD ST & ALVARADO ST, LOS ANGELES, CA",3RD ST,ALVARADO ST,132160,
-118.2690322,34.13340378,64132,8804621,2019,2019-03-11T00:00:00.000Z,1942,2019-01-30T00:00:00.000Z,1535,39028,1102,3,5,7,1942,0,0,0,K,0,11EZ1,CHEVY CHASE DR,BRUNSWICK AV,0,,Y,A,-,N,,0,0,,,0,,,,N,3,0,1,2,A,-,9,21801,A,N,G,B,B,A,H,-,A,A,0,Y,,,,Y,,A,1,0,1,0,0,1,0,0,0,0,- ,- ,0,0,1800,1,LOS ANGELES,LOS ANGELES,CA,-118.2690322,34.13340378,"CHEVY CHASE DR & BRUNSWICK AVE, LOS ANGELES, CA",CHEVY CHASE DR,BRUNSWICK AVE,128571,
-118.44717,34.04500198,64133,8804804,2019,2019-02-14T00:00:00.000Z,1942,2019-01-22T00:00:00.000Z,1735,38028,853,2,5,7,1942,0,0,0,H,0,8A12,SAWTELLE BL,IOWA ST,150,S,N,A,-,N,,0,0,,,0,,,,N,4,0,1,2,A,-,5,21650,,F,A,C,A,A,H,-,C,D,0,,,,,Y,,-,99,0,0,1,0,0,0,0,0,0,- ,- ,0,0,1800,1,LOS ANGELES,LOS ANGELES,CA,-118.44717,34.04500198,"SAWTELLE BLVD & IOWA AVE, LOS ANGELES, CA",SAWTELLE BLVD,IOWA AVE,110822,
-118.2916621,34.06174088,64134,8804821,2019,2019-02-15T00:00:00.000Z,1942,2019-01-23T00:00:00.000Z,1600,43570,2038,3,5,7,1942,0,0,0,,0,20A16,VERMONT,WILSHIRE BL,20,S,N,A,-,N,,0,0,,,0,,,,N,0,0,0,2,A,-,7,21658,A,M,B,C,A,A,H,-,A,D,0,,,,,Y,,-,99,0,0,0,0,0,0,0,0,0,- ,- ,0,0,1800,1,LOS ANGELES,LOS ANGELES,CA,-118.2916621,34.06174088,"VERMONT AVE & WILSHIRE BLVD, LOS ANGELES, CA",VERMONT AVE,WILSHIRE BLVD,140746,
-118.3351386,34.01094437,64135,8804822,2019,2019-02-19T00:00:00.000Z,1942,2019-01-09T00:00:00.000Z,1745,43273,363,3,5,7,1942,0,0,0,C,0,03A,W MARTIN LUTHER KING BL,CRENSHAW BL,2,W,N,A,-,N,,0,0,,,0,,,,N,4,0,2,2,A,-,4,21703,,M,C,C,A,A,H,-,C,A,0,,,,,Y,,A,7,0,0,2,0,0,0,0,0,0,- ,- ,0,0,1800,1,LOS ANGELES,LOS ANGELES,CA,-118.3351386,34.01094437,"MARTIN LUTHER KING JR BLVD & CRENSHAW BLVD, LOS ANGELES, CA",MARTIN LUTHER KING JR BLVD,CRENSHAW BLVD,148016,
-118.3206035,34.02558518,64136,8804830,2019,2019-03-28T00:00:00.000Z,1942,2019-01-18T00:00:00.000Z,1520,42940,335,5,5,7,1942,0,0,0,C,0,3A62,JEFFERSON BL,4TH AV,200,E,N,A,-,N,,0,0,,,0,,,,Y,4,0,1,2,A,-,7,21658,A,N,B,C,A,A,H,-,A,D,0,,,,,Y,,-,- ,0,0,1,0,0,0,0,0,0,- ,- ,0,0,1800,1,LOS ANGELES,LOS ANGELES,CA,-118.3206035,34.02558517,"JEFFERSON BLVD & 4TH AVE, LOS ANGELES, CA",JEFFERSON BLVD,4TH AVE,145475,
-118.4004591,34.02253342,64137,8804835,2019,2019-02-19T00:00:00.000Z,1942,2019-01-09T00:00:00.000Z,1510,40452,1407,3,5,7,1942,0,0,0,N,0,14A27,VENICE BL,CLARINGTON AV,25,W,N,A,-,N,,0,0,,,0,,,,N,3,0,3,3,A,-,3,22350,,N,C,C,A,A,H,-,A,D,0,,,,,Y,,A,1,0,1,2,0,0,0,0,0,0,- ,- ,0,0,1800,1,LOS ANGELES,LOS ANGELES,CA,-118.4004591,34.02253342,"VENICE BLVD & CLARINGTON AVE, LOS ANGELES, CA",VENICE BLVD,CLARINGTON AVE,116016,
-118.2587785,34.02557755,64138,8804836,2019,2019-03-08T00:00:00.000Z,1942,2019-01-04T00:00:00.000Z,1510,40882,1323,5,5,7,1942,0,0,0,M,0,13A13,S SAN PEDRO ST,21ST ST,90,S,N,A,-,N,,0,0,,,0,,,,N,0,0,0,2,A,-,4,21703,,M,C,C,A,A,-,-,A,D,0,,,,,Y,,-,99,0,0,0,0,0,0,0,0,0,- ,- ,0,0,1800,1,LOS ANGELES,LOS ANGELES,CA,-118.2587785,34.02557755,"SAN PEDRO ST & 21ST ST, LOS ANGELES, CA",SAN PEDRO ST,21ST ST,138474,
-118.2954322,34.06176376,64139,8804844,2019,2019-02-19T00:00:00.000Z,1942,2019-01-31T00:00:00.000Z,1730,31465,2036,4,5,7,1942,0,0,0,,0,20A45,WILSHIRE BL,CATALINA ST,0,,Y,A,-,N,,0,0,,,0,,,,Y,4,0,4,2,A,-,9,21801,A,N,D,C,A,B,H,-,C,A,0,,,,,Y,,A,7,0,0,4,0,0,0,0,0,0,- ,- ,0,0,1800,1,LOS ANGELES,LOS ANGELES,CA,-118.2954322,34.06176376,"WILSHIRE BLVD & CATALINA ST, LOS ANGELES, CA",WILSHIRE BLVD,CATALINA ST,105951,
-118.2433421,34.00808334,64140,8804868,2019,2019-02-14T00:00:00.000Z,1942,2019-01-12T00:00:00.000Z,1650,37952,1347,6,5,7,1942,0,0,0,M,0,13A27,LONG BEACH AV,E 41ST ST,0,,Y,A,-,N,,0,0,,,0,,,,Y,3,0,1,2,A,-,12,21453,A,F,D,C,A,A,H,-,A,A,0,,,,,Y,,-,99,0,1,0,0,0,0,0,0,0,- ,- ,0,0,1800,1,LOS ANGELES,LOS ANGELES,CA,-118.2433421,34.00808334,"LONG BEACH AVE & 41ST ST, LOS ANGELES, CA",LONG BEACH AVE,41ST ST,145534,
-118.4597874,33.97476578,64141,8804875,2019,2019-02-19T00:00:00.000Z,1942,2019-01-18T00:00:00.000Z,1500,41139,1452,5,5,7,1942,0,0,0,N,0,14A11,KETCH CT,VIA DOLCE,152,W,N,A,-,N,,0,0,,,0,,,,N,4,0,1,2,A,-,21,22106,,N,H,C,A,A,H,-,A,D,0,,,,,Y,,A,1,0,0,1,0,0,0,0,0,0,- ,- ,0,0,1800,1,LOS ANGELES,LOS ANGELES,CA,-118.4597874,33.97476578,"KETCH CT & VIA DOLCE, LOS ANGELES, CA",KETCH CT,VIA DOLCE,151559,
-118.5710422,34.21621704,64142,8804914,2019,2019-02-26T00:00:00.000Z,1942,2019-01-19T00:00:00.000Z,1650,39281,2129,6,5,7,1942,0,0,0,,0,21A29,WINNETKA AV,STRATHERN ST,230,N,N,A,-,N,,0,0,,,0,,,,N,4,0,1,2,A,-,8,22107,,N,B,E,A,A,H,-,A,D,0,,,,,Y,,D,22,0,0,1,0,0,0,0,0,0,- ,- ,0,0,1800,1,LOS ANGELES,LOS ANGELES,CA,-118.5710422,34.21621704,"WINNETKA AVE & STRATHERN ST, LOS ANGELES, CA",WINNETKA AVE,STRATHERN ST,132950,
-118.3878121,34.21570587,64143,8804964,2019,2019-02-25T00:00:00.000Z,1942,2019-01-19T00:00:00.000Z,1515,43581,1684,6,5,7,1942,0,0,0,P,0,16A81,STRATHERN ST,LANKERSHIM BL,0,,Y,A,-,N,,0,0,,,0,,,,N,4,0,1,2,A,-,7,21658,A,F,B,C,A,A,H,-,A,D,0,,,,,Y,,-,99,0,0,1,0,0,0,0,0,0,- ,- ,0,0,1800,1,LOS ANGELES,LOS ANGELES,CA,-118.3878121,34.21570587,"STRATHERN ST & LANKERSHIM BLVD, LOS ANGELES, CA",STRATHERN ST,LANKERSHIM BLVD,118751,
-118.5622422,34.18465424,64144,8805129,2019,2019-02-26T00:00:00.000Z,1942,2019-01-12T00:00:00.000Z,1710,40398,2169,6,5,7,1942,0,0,0,,0,21A29,CORBIN AVE,TOPHAM ST,240,N,N,A,-,N,,0,0,,,0,,,,N,0,0,0,2,A,-,8,22107,,M,B,C,A,A,H,-,C,D,0,,,,,Y,,-,99,0,0,0,0,0,0,0,0,0,- ,- ,0,0,1800,1,LOS ANGELES,LOS ANGELES,CA,-118.5622422,34.18465424,"CORBIN AVE & TOPHAM ST, LOS ANGELES, CA",CORBIN AVE,TOPHAM ST,100989,
-118.6057902,34.18283463,64145,8805141,2019,2019-02-26T00:00:00.000Z,1942,2019-01-21T00:00:00.000Z,1645,40165,2156,1,5,7,1942,0,0,0,,0,21A57,ERWIN ST,TOPANGA CANYON BL,40,E,N,A,-,N,,0,0,,,0,,,,N,0,0,0,2,A,-,8,22107,,M,B,C,A,A,H,-,A,D,0,,,,,Y,,-,99,0,0,0,0,0,0,0,0,0,- ,- ,0,0,1800,1,LOS ANGELES,LOS ANGELES,CA,-118.6057902,34.18283463,"ERWIN ST & TOPANGA CANYON BLVD, LOS ANGELES, CA",ERWIN ST,TOPANGA CANYON BLVD,130531,
-118.4647075,34.21570206,64146,8805165,2019,2019-02-26T00:00:00.000Z,1942,2019-01-25T00:00:00.000Z,1630,37686,1993,5,5,7,1942,0,0,0,,0,19A93,MARSON ST,BURNET AV,350,W,N,A,-,N,,0,0,,,0,,,,N,0,0,0,2,A,-,8,22107,,M,B,E,A,A,H,-,A,D,0,,,,,Y,,-,99,0,0,0,0,0,0,0,0,0,- ,- ,0,0,1800,1,LOS ANGELES,LOS ANGELES,CA,-118.4647075,34.21570206,"MARSON ST & BURNET AVE, LOS ANGELES, CA",MARSON ST,BURNET AVE,97948,
-118.3785803,34.17214203,64147,8805262,2019,2019-02-27T00:00:00.000Z,1942,2019-01-17T00:00:00.000Z,1650,43062,1547,4,5,7,1942,0,0,0,O,0,15A33,BURBANK BL,TUJUNGA AV,140,E,N,B,-,N,,0,0,,,0,,,,N,4,0,1,2,A,-,10,21952,,N,G,B,D,B,H,-,B,D,0,Y,,,,Y,,-,,0,0,1,0,1,0,0,0,0,- ,- ,0,0,1800,1,LOS ANGELES,LOS ANGELES,CA,-118.3785803,34.17214203,"BURBANK BLVD & TUJUNGA AVE, LOS ANGELES, CA",BURBANK BLVD,TUJUNGA AVE,139746,
-118.6188064,34.16741943,64148,8805271,2019,2019-02-27T00:00:00.000Z,1942,2019-01-19T00:00:00.000Z,1640,33696,2175,6,5,7,1942,0,0,0,,0,17X64,SALE AV,VENTURA BL,0,,Y,A,-,N,,0,0,,,0,,,,N,3,0,1,2,A,-,9,21801,A,N,D,G,A,A,H,-,A,A,0,,Y,,,Y,,A,1,0,1,0,0,0,0,1,0,0,- ,- ,0,0,1800,1,LOS ANGELES,LOS ANGELES,CA,-118.6188064,34.16741943,"SALE AVE & VENTURA BLVD, LOS ANGELES, CA",SALE AVE,VENTURA BLVD,101106,
-118.5974812,34.19096756,64149,8805267,2019,2019-02-27T00:00:00.000Z,1942,2019-01-31T00:00:00.000Z,1705,35428,2158,4,5,7,1942,0,0,0,,0,,CANOGA AV,ROCKET DYNE ACCESS RD,0,,Y,A,B,N,,0,0,,,0,,,,N,3,0,1,2,A,-,9,21804,A,N,D,G,A,A,H,-,B,A,0,,Y,,,Y,,L,4,0,1,0,0,0,0,1,0,0,- ,- ,0,0,1800,1,LOS ANGELES,LOS ANGELES,CA,-118.5974812,34.19096756,"CANOGA AVE & ROCKETDYNE DWY, LOS ANGELES, CA",CANOGA AVE,ROCKETDYNE DWY,1825,
-118.5885322,34.21992493,64150,8805275,2019,2019-02-27T00:00:00.000Z,1942,2019-01-21T00:00:00.000Z,1535,40060,2126,1,5,7,1942,0,0,0,,0,21XL96,ROSCOE BL,DESOTO AV,0,,Y,A,-,N,,0,0,,,0,,,,N,4,0,1,2,A,-,- ,0,,N,D,G,A,A,H,-,A,D,0,,Y,,,Y,,L,4,0,0,1,0,0,0,1,0,0,- ,- ,0,0,1800,1,LOS ANGELES,LOS ANGELES,CA,-118.5885322,34.21992493,"ROSCOE BLVD & DE SOTO AVE, LOS ANGELES, CA",ROSCOE BLVD,DE SOTO AVE,111951,
-118.5975622,34.18286514,64151,8805457,2019,2019-02-21T00:00:00.000Z,1942,2019-01-31T00:00:00.000Z,1520,39473,2158,4,5,7,1942,0,0,0,,0,21A97,CANOGA AV,ERWIN ST,0,,Y,C,-,N,,0,0,,,0,,,,Y,3,0,2,3,A,-,9,21801,A,N,A,C,A,B,H,-,A,-,0,,,,,Y,,A,1,0,1,1,0,0,0,0,0,0,- ,- ,0,0,1800,1,LOS ANGELES,LOS ANGELES,CA,-118.5975622,34.18286514,"CANOGA AVE & ERWIN ST, LOS ANGELES, CA",CANOGA AVE,ERWIN ST,151260,
-118.6147022,34.2009964,64152,8805509,2019,2019-02-22T00:00:00.000Z,1942,2019-01-29T00:00:00.000Z,1530,38947,2134,2,5,7,1942,0,0,0,,0,21A1,SHOUP AV,SHERMAN WY,0,,Y,A,-,N,,0,0,,,0,,,,N,3,0,2,2,A,-,9,21801,A,N,A,C,A,A,H,-,A,A,0,,,,,Y,,A,1,0,1,1,0,0,0,0,0,0,- ,- ,0,0,1800,1,LOS ANGELES,LOS ANGELES,CA,-118.6147022,34.2009964,"SHOUP AVE & SHERMAN WAY, LOS ANGELES, CA",SHOUP AVE,SHERMAN WAY,97849,
-118.5886367,34.18481445,64153,8805510,2019,2019-02-21T00:00:00.000Z,1942,2019-01-15T00:00:00.000Z,1515,35481,2158,2,5,7,1942,0,0,0,,0,21A97,DE SOTO AV,EL RANCHO DR,27,N,N,C,-,N,,0,0,,,0,,,,Y,3,0,1,1,A,-,3,22350,,N,E,I,A,B,H,-,A,-,0,,,,,Y,,A,1,0,1,0,0,0,0,0,0,0,- ,- ,0,0,1800,1,LOS ANGELES,LOS ANGELES,CA,-118.5886367,34.18481445,"DE SOTO AVE & EL RANCHO DR, LOS ANGELES, CA",DE SOTO AVE,EL RANCHO DR,1807,
-118.5904321,34.17873764,64154,8805513,2019,2019-02-22T00:00:00.000Z,1942,2019-01-28T00:00:00.000Z,1635,38947,2177,1,5,7,1942,0,0,0,,0,21A97,DE SOTO AV,OXNARD ST,193,S,N,A,-,N,,0,0,,,0,,,,Y,4,0,1,2,A,-,3,22350,,N,D,C,A,A,H,-,A,A,0,,,,,Y,,A,1,0,0,1,0,0,0,0,0,0,- ,- ,0,0,1800,1,LOS ANGELES,LOS ANGELES,CA,-118.5904321,34.17873764,"DE SOTO AVE & OXNARD ST, LOS ANGELES, CA",DE SOTO AVE,OXNARD ST,111598,
-118.4442857,34.06151581,64155,8805734,2019,2019-02-19T00:00:00.000Z,1942,2019-01-28T00:00:00.000Z,1650,31465,817,1,5,7,1942,0,0,0,H,0,8A29,GLENDON AV,KINROSS AV,275,N,N,A,-,N,,0,0,,,0,,,,Y,4,0,1,2,A,-,0,22171,,F,G,B,F,A,H,-,A,-,0,Y,,,,Y,,A,1,0,0,1,0,1,0,0,0,0,- ,- ,0,0,1800,1,LOS ANGELES,LOS ANGELES,CA,-118.4442857,34.06151581,"GLENDON AVE & KINROSS AVE, LOS ANGELES, CA",GLENDON AVE,KINROSS AVE,114604,
-118.2653566,33.93392563,64156,8805974,2019,2019-02-22T00:00:00.000Z,1942,2019-01-03T00:00:00.000Z,1500,43529,1844,4,5,7,1942,0,0,0,R,0,18A1,111TH PL,AVALON,50,W,N,A,-,N,,0,0,,,0,,,,N,0,0,0,2,C,-,18,0,,N,D,C,A,A,H,-,A,D,0,,,,,Y,,-,- ,0,0,0,0,0,0,0,0,0,- ,- ,0,0,1800,1,LOS ANGELES,LOS ANGELES,CA,-118.2653566,33.93392563,"111TH PL & AVALON BLVD, LOS ANGELES, CA",111TH PL,AVALON BLVD,141792,
-118.2826793,33.96006775,64157,8805970,2019,2019-03-11T00:00:00.000Z,1942,2019-01-04T00:00:00.000Z,1735,41801,1801,5,5,7,1942,0,0,0,R,0,18A44,MANCHESTER,FIGUEROA,10,E,N,A,-,N,,0,0,,,0,,,,N,0,0,0,2,A,-,8,22107,,M,B,C,A,A,G,-,C,A,0,,,,,Y,,-,99,0,0,0,0,0,0,0,0,0,- ,- ,0,0,1800,1,LOS ANGELES,LOS ANGELES,CA,-118.2826793,33.96006775,"MANCHESTER AVE & FIGUEROA ST,, CA",MANCHESTER AVE,FIGUEROA ST,106686,
-118.2909757,33.88158798,64158,8805990,2019,2019-02-22T00:00:00.000Z,1942,2019-01-25T00:00:00.000Z,1715,40402,1881,5,5,7,1942,0,0,0,R,0,5G62,GARDENA BL,VERMONT,100,E,N,A,-,N,,0,0,,,0,,,,N,0,0,0,2,A,-,3,22350,,M,B,E,A,A,H,-,A,D,0,,,,,Y,Y,-,99,0,0,0,0,0,0,0,0,0,- ,- ,0,0,1800,1,LOS ANGELES,LOS ANGELES,CA,-118.2909757,33.88158798,"GARDENA BLVD & VERMONT AVE, LOS ANGELES, CA",GARDENA BLVD,VERMONT AVE,138148,
-118.2611229,34.04063797,64159,8806284,2019,2019-03-11T00:00:00.000Z,1942,2019-01-19T00:00:00.000Z,1500,37952,182,6,5,7,1942,0,0,0,A,0,1A61,S OLIVE ST,11TH ST,100,S,N,A,-,N,,0,0,,,0,,,,N,4,0,1,2,A,-,11,21956,A,N,G,B,E,A,H,-,A,D,0,Y,,,,Y,,N,60,0,0,1,0,1,0,0,0,0,- ,- ,0,0,1800,1,LOS ANGELES,LOS ANGELES,CA,-118.2611229,34.04063797,"OLIVE ST & 11TH ST, LOS ANGELES, CA",OLIVE ST,11TH ST,121156,
-118.4052622,34.18667603,64160,8806287,2019,2019-02-28T00:00:00.000Z,1942,2019-01-27T00:00:00.000Z,1715,39473,1523,7,5,7,1942,0,0,0,O,0,15A33,VICTORY BL,WHITSETT AV,0,,Y,A,-,N,,0,0,,,0,,,,Y,4,0,1,2,A,-,9,21801,A,N,A,C,A,A,H,-,B,A,0,,,,,Y,,A,1,0,0,1,0,0,0,0,0,0,- ,- ,0,0,1800,1,LOS ANGELES,LOS ANGELES,CA,-118.4052622,34.18667603,"VICTORY BLVD & WHITSETT AVE, LOS ANGELES, CA",VICTORY BLVD,WHITSETT AVE,122083,
-118.5239522,34.27938461,64161,8806328,2019,2019-03-04T00:00:00.000Z,1942,2019-01-26T00:00:00.000Z,1645,39082,1715,6,5,7,1942,0,0,0,Q,0,DEN,RINALDI ST,ZELZAH AV,0,,Y,A,-,N,,0,0,,,0,,,,Y,4,0,1,2,A,-,9,21801,A,N,D,C,A,A,H,-,A,A,0,,,,,Y,,A,1,0,0,1,0,0,0,0,0,0,- ,- ,0,0,1800,1,LOS ANGELES,LOS ANGELES,CA,-118.5239522,34.27938461,"RINALDI ST & ZELZAH AVE, LOS ANGELES, CA",RINALDI ST,ZELZAH AVE,133238,
-118.5798022,34.22006607,64162,8806340,2019,2019-03-04T00:00:00.000Z,1942,2019-01-26T00:00:00.000Z,1720,42866,1791,6,5,7,1942,0,0,0,Q,0,21X62,MASON AV,ROSCOE BL,0,,Y,A,-,N,,0,0,,,0,,,,N,4,0,3,2,A,-,4,21703,,N,C,C,A,A,H,-,C,A,0,,,Y,,Y,,C,2,0,0,3,0,0,0,0,0,1,- ,- ,0,0,1800,1,LOS ANGELES,LOS ANGELES,CA,-118.5798022,34.22006607,"MASON AVE & ROSCOE BLVD, LOS ANGELES, CA",MASON AVE,ROSCOE BLVD,122511,
-118.5412322,34.26451492,64163,8806352,2019,2019-03-04T00:00:00.000Z,1942,2019-01-30T00:00:00.000Z,1640,35391,1727,3,5,7,1942,0,0,0,Q,0,35M29,CHATSWORTH ST,CREBS AV,0,,Y,A,-,N,,0,0,,,0,,,,Y,4,0,2,2,A,-,9,21801,A,N,A,C,A,A,H,-,A,A,0,,,,,Y,,-,,0,0,2,0,0,0,0,0,0,- ,- ,0,0,1800,1,LOS ANGELES,LOS ANGELES,CA,-118.5412322,34.26451492,"CHATSWORTH ST & CREBS AVE, LOS ANGELES, CA",CHATSWORTH ST,CREBS AVE,147344,