X,Y,OBJECTID,case_id,accident_year,proc_date,juris,collision_date,collision_time,officer_id,reporting_district,day_of_week,chp_shift,population,cnty_city_loc,special_cond,beat_type,chp_beat_type,city_division_lapd,chp_beat_class,beat_number,primary_rd,secondary_rd,distance,direction,intersection,weather_1,weather_2,state_hwy_ind,caltrans_county,caltrans_district,state_route,route_suffix,postmile_prefix,postmile,location_type,ramp_intersection,side_of_hwy,tow_away,collision_severity,number_killed,number_injured,party_count,primary_coll_factor,pcf_code_of_viol,pcf_viol_category,pcf_violation,pcf_viol_subsection,hit_and_run,type_of_collision,mviw,ped_action,road_surface,road_cond_1,road_cond_2,lighting,control_device,chp_road_type,pedestrian_accident,bicycle_accident,motorcycle_accident,truck_accident,not_private_property,alcohol_involved,stwd_vehtype_at_fault,chp_vehtype_at_fault,count_severe_inj,count_visible_inj,count_complaint_pain,count_ped_killed,count_ped_injured,count_bicyclist_killed,count_bicyclist_injured,count_mc_killed,count_mc_injured,primary_ramp,secondary_ramp,latitude,longitude,timecat,month_,city,county,state,point_x,point_y,match_addr,m_primaryrd,m_secondrd,int_id,Flag
-118.4094421,34.15037537,64164,8806553,2019,2019-03-04T00:00:00.000Z,1942,2019-01-30T00:00:00.000Z,1740,39569,1581,3,5,7,1942,0,0,0,O,0,15A44,MOORPARK ST,BELLAIRE AV,0,,Y,B,-,N,,0,0,,,0,,,,Y,4,0,2,2,A,-,3,22350,,N,C,C,A,A,H,-,C,D,0,,,,,Y,,A,1,0,0,2,0,0,0,0,0,0,- ,- ,0,0,1800,1,LOS ANGELES,LOS ANGELES,CA,-118.4094421,34.15037537,"MOORPARK ST & BELLAIRE AVE, LOS ANGELES, CA",MOORPARK ST,BELLAIRE AVE,133349,
-118.4063622,34.18668366,64165,8806557,2019,2019-03-15T00:00:00.000Z,1942,2019-01-30T00:00:00.000Z,1500,36962,1523,3,5,7,1942,0,0,0,O,0,15X36,VICTORY BL,BABCOCK AV,0,,Y,A,-,N,,0,0,,,0,,,,Y,4,0,2,3,A,-,9,21804,A,N,D,C,A,A,H,-,A,D,0,,,,,Y,,-,,0,0,2,0,0,0,0,0,0,- ,- ,0,0,1800,1,LOS ANGELES,LOS ANGELES,CA,-118.4063622,34.18668365,"VICTORY BLVD & BABCOCK AVE, LOS ANGELES, CA",VICTORY BLVD,BABCOCK AVE,140765,
-118.2857321,33.73693466,64166,8806666,2019,2019-03-01T00:00:00.000Z,1942,2019-01-12T00:00:00.000Z,1700,42769,566,6,5,7,1942,0,0,0,E,0,5A59,8TH ST,MESA ST,0,,N,A,-,N,,0,0,,,0,,,,N,3,0,1,2,A,-,3,22350,,N,C,G,A,A,H,-,A,D,0,,Y,,,Y,,L,4,0,1,0,0,0,0,1,0,0,- ,- ,0,0,1800,1,LOS ANGELES,LOS ANGELES,CA,-118.2857321,33.73693466,"8TH ST & MESA ST, LOS ANGELES, CA",8TH ST,MESA ST,100337,
-118.2779721,34.01259613,64168,8806673,2019,2019-03-01T00:00:00.000Z,1942,2019-01-31T00:00:00.000Z,1630,34458,1341,4,5,7,1942,0,0,0,M,0,13A41,W 39TH ST,S BROADWAY,0,,Y,B,-,N,,0,0,,,0,,,,Y,0,0,0,4,A,-,9,21802,A,M,D,C,A,A,H,-,A,A,0,,,,,Y,,A,1,0,0,0,0,0,0,0,0,0,- ,- ,0,0,1800,1,LOS ANGELES,LOS ANGELES,CA,-118.2779721,34.01259613,"39TH ST & BROADWAY, LOS ANGELES, CA",39TH ST,BROADWAY,138391,
-118.2627712,34.06851959,64169,8806705,2019,2019-03-01T00:00:00.000Z,1942,2019-01-13T00:00:00.000Z,1600,36238,236,7,5,7,1942,0,0,0,B,0,2A47,W TEMPLE ST,BELMONT AV,65,E,N,B,-,N,,0,0,,,0,,,,N,0,0,0,2,A,-,21,22106,,N,C,C,A,A,H,-,A,D,0,,,,,Y,,I,9,0,0,0,0,0,0,0,0,0,- ,- ,0,0,1800,1,LOS ANGELES,LOS ANGELES,CA,-118.2627712,34.06851959,"TEMPLE ST & BELMONT AVE, LOS ANGELES, CA",TEMPLE ST,BELMONT AVE,105956,
-118.2702788,34.06664658,64171,8806709,2019,2019-03-01T00:00:00.000Z,1942,2019-01-13T00:00:00.000Z,1600,40099,236,7,5,7,1942,0,0,0,B,0,2A47,BEVERLY BL,ALVARADO BL,15,E,N,A,-,N,,0,0,,,0,,,,N,0,0,0,2,A,-,7,21658,A,N,B,C,A,A,H,-,A,A,0,,,,,Y,,I,20,0,0,0,0,0,0,0,0,0,- ,- ,0,0,1800,1,LOS ANGELES,LOS ANGELES,CA,-118.2702788,34.06664658,"BEVERLY BLVD & ALVARADO ST, LOS ANGELES, CA",BEVERLY BLVD,ALVARADO ST,104085,
-118.5098422,34.18661499,64172,8806714,2019,2019-03-06T00:00:00.000Z,1942,2019-01-25T00:00:00.000Z,1700,39281,1037,5,5,7,1942,0,0,0,J,0,10A17,VICTORY BL,LOUISE AV,0,,Y,A,-,N,,0,0,,,0,,,,Y,3,0,2,2,A,-,9,21801,A,N,A,C,A,A,H,-,B,A,0,,,,Y,Y,,F,26,0,1,1,0,0,0,0,0,0,- ,- ,0,0,1800,1,LOS ANGELES,LOS ANGELES,CA,-118.5098422,34.18661499,"VICTORY BLVD & LOUISE AVE, LOS ANGELES, CA",VICTORY BLVD,LOUISE AVE,102108,
-118.2476387,34.02764893,64173,8806723,2019,2019-03-07T00:00:00.000Z,1942,2019-01-25T00:00:00.000Z,1748,36460,1317,5,5,7,1942,0,0,0,M,0,13A9,S CENTRAL AV,14TH PL,25,N,N,A,-,N,,0,0,,,0,,,,N,4,0,1,2,A,-,3,22350,,F,C,C,A,A,H,-,C,D,0,,,,,Y,,-,99,0,0,1,0,0,0,0,0,0,- ,- ,0,0,1800,1,LOS ANGELES,LOS ANGELES,CA,-118.2476387,34.02764893,"CENTRAL AVE & 14TH PL, LOS ANGELES, CA",CENTRAL AVE,14TH PL,96520,
-118.5024922,34.24300385,64174,8806724,2019,2019-03-11T00:00:00.000Z,1942,2019-01-10T00:00:00.000Z,1740,37867,1775,4,5,7,1942,0,0,0,Q,0,17X82,PLUMMER ST,BALBOA BL,0,,Y,A,-,N,,0,0,,,0,,,,Y,4,0,1,2,A,-,9,21801,A,N,-,C,A,A,H,-,C,A,0,,,,,Y,,A,1,0,0,1,0,0,0,0,0,0,- ,- ,0,0,1800,1,LOS ANGELES,LOS ANGELES,CA,-118.5024922,34.24300385,"PLUMMER ST & BALBOA BLVD, LOS ANGELES, CA",PLUMMER ST,BALBOA BLVD,140285,
-118.4345301,34.25702667,64175,8806740,2019,2019-03-11T00:00:00.000Z,1942,2019-01-18T00:00:00.000Z,1750,43123,1641,5,5,7,1942,0,0,0,P,0,16A89,VAN NUYS BL,REMICK AV,300,W,N,A,-,N,,0,0,,,0,,,,N,4,0,2,2,A,-,3,22350,,N,C,C,A,A,H,-,C,D,0,,,,,Y,,A,1,0,0,2,0,0,0,0,0,0,- ,- ,0,0,1800,1,LOS ANGELES,LOS ANGELES,CA,-118.4345301,34.25702667,"VAN NUYS BLVD & REMICK AVE, LOS ANGELES, CA",VAN NUYS BLVD,REMICK AVE,101926,
-118.2672088,34.07155991,64176,8806742,2019,2019-03-05T00:00:00.000Z,1942,2019-01-09T00:00:00.000Z,1600,36460,235,3,5,7,1942,0,0,0,B,0,2A17,N ALVARADO ST,TEMPLE,533,N,N,A,-,N,,0,0,,,0,,,,N,4,0,1,2,A,-,9,21801,A,N,D,C,A,A,H,-,A,A,0,,,,,Y,,A,1,0,0,1,0,0,0,0,0,0,- ,- ,0,0,1800,1,LOS ANGELES,LOS ANGELES,CA,-118.2672088,34.07155991,"ALVARADO ST & TEMPLE ST, LOS ANGELES, CA",ALVARADO ST,TEMPLE ST,132136,
-118.6146122,34.17196655,64177,8806756,2019,2019-04-05T00:00:00.000Z,1942,2019-01-23T00:00:00.000Z,1710,34398,2175,3,5,7,1942,0,0,0,,0,11A73,SHOUP AV,BURBANK AV,0,,Y,A,-,N,,0,0,,,0,,,,Y,4,0,2,2,A,-,9,21801,A,N,D,C,A,A,H,-,B,A,0,,,,,Y,,-,,0,0,2,0,0,0,0,0,0,- ,- ,0,0,1800,1,LOS ANGELES,LOS ANGELES,CA,-118.6146122,34.17196655,"SHOUP AVE & BURBANK BLVD, LOS ANGELES, CA",SHOUP AVE,BURBANK BLVD,104624,
-118.2301922,34.07100678,64178,8806757,2019,2019-03-05T00:00:00.000Z,1942,2019-01-14T00:00:00.000Z,1725,37952,118,1,5,7,1942,0,0,0,A,0,1A1,N BROADWAY,SOLANO AV,0,,Y,C,-,N,,0,0,,,0,,,,N,4,0,1,2,A,-,10,21950,A,N,G,B,B,B,H,-,D,A,0,Y,,,,Y,,A,7,0,0,1,0,1,0,0,0,0,- ,- ,0,0,1800,1,LOS ANGELES,LOS ANGELES,CA,-118.2301922,34.07100677,"N BROADWAY & SOLANO AVE, LOS ANGELES, CA",N BROADWAY,SOLANO AVE,104193,
-118.2799121,34.05386353,64179,8806762,2019,2019-03-05T00:00:00.000Z,1942,2019-01-28T00:00:00.000Z,1615,37952,261,1,5,7,1942,0,0,0,B,0,2A45,S LAKE ST,JAMES M WOOD BL,0,,Y,A,-,N,,0,0,,,0,,,,N,3,0,1,2,A,-,9,21804,A,N,D,G,A,A,H,-,A,D,0,,Y,,,Y,,L,4,0,1,0,0,0,0,1,0,0,- ,- ,0,0,1800,1,LOS ANGELES,LOS ANGELES,CA,-118.2799121,34.05386353,"LAKE ST & JAMES M WOOD BLVD, LOS ANGELES, CA",LAKE ST,JAMES M WOOD BLVD,149200,
-118.2755022,34.05186462,64180,8806777,2019,2019-03-05T00:00:00.000Z,1942,2019-01-07T00:00:00.000Z,1755,37952,275,1,5,7,1942,0,0,0,B,0,2A75,JAMES M WOOD BL,S BURLINGTON AV,0,,Y,B,-,N,,0,0,,,0,,,,Y,4,0,1,3,A,-,1,23152,A,N,A,C,A,A,H,-,C,A,0,,,,,Y,Y,A,7,0,0,1,0,0,0,0,0,0,- ,- ,0,0,1800,1,LOS ANGELES,LOS ANGELES,CA,-118.2755022,34.05186462,"JAMES M WOOD BLVD & BURLINGTON AVE, LOS ANGELES, CA",JAMES M WOOD BLVD,BURLINGTON AVE,124595,
-118.4799081,34.13289642,64181,8806784,2019,2019-03-12T00:00:00.000Z,1942,2019-01-14T00:00:00.000Z,1610,42442,1099,1,5,7,1942,0,0,0,J,0,10X88,SEPULVEDA BL,DARTFORD,100,N,N,C,-,N,,0,0,,,0,,,,Y,3,0,2,2,A,-,3,22350,,N,A,C,A,B,H,-,A,D,0,,,,,Y,,A,1,0,1,1,0,0,0,0,0,0,- ,- ,0,0,1800,1,LOS ANGELES,LOS ANGELES,CA,-118.4799081,34.13289642,"SEPULVEDA BLVD & DARTFORD WAY, LOS ANGELES, CA",SEPULVEDA BLVD,DARTFORD WAY,125548,
-118.2408686,34.02921295,64182,8806790,2019,2019-03-05T00:00:00.000Z,1942,2019-01-31T00:00:00.000Z,1530,34458,1317,4,5,7,1942,0,0,0,M,0,13A9,E OLYMPIC BL,LONG BEACH AV,60,E,N,A,-,N,,0,0,,,0,,,,N,4,0,1,2,A,-,4,21703,,F,C,C,A,B,H,-,A,A,0,,,,,Y,,-,99,0,0,1,0,0,0,0,0,0,- ,- ,0,0,1800,1,LOS ANGELES,LOS ANGELES,CA,-118.2408686,34.02921295,"OLYMPIC BLVD & LONG BEACH AVE, LOS ANGELES, CA",OLYMPIC BLVD,LONG BEACH AVE,121990,
-118.3703437,33.97738648,64183,8806804,2019,2019-02-28T00:00:00.000Z,1942,2019-01-05T00:00:00.000Z,1645,43325,LOS A,6,5,7,1942,0,0,0,,0,14A9,LA CIENEGA BL,CENTINELLA AV,30,N,N,A,-,N,,0,0,,,0,,,,N,4,0,1,2,A,-,3,22350,,F,C,C,A,B,H,-,C,A,0,,,,,Y,,-,99,0,0,1,0,0,0,0,0,0,- ,- ,0,0,1800,1,LOS ANGELES,LOS ANGELES,CA,-118.3703437,33.97738647,"LA CIENEGA BLVD & CENTINELA AVE, LOS ANGELES, CA",LA CIENEGA BLVD,CENTINELA AVE,144207,
-118.4761021,33.99699402,64184,8806812,2019,2019-02-28T00:00:00.000Z,1942,2019-01-10T00:00:00.000Z,1725,43058,1413,4,5,7,1942,0,0,0,N,0,14A58,ROSE AV,3RD AV,0,,Y,B,-,N,,0,0,,,0,,,,N,4,0,1,2,A,-,9,21801,A,N,A,G,A,A,H,-,D,D,0,,Y,,,Y,,L,4,0,0,1,0,0,0,1,0,0,- ,- ,0,0,1800,1,LOS ANGELES,LOS ANGELES,CA,-118.4761021,33.99699402,"ROSE AVE & 3RD AVE, LOS ANGELES, CA",ROSE AVE,3RD AVE,124949,
-118.2739121,33.93100357,64185,8806817,2019,2019-03-19T00:00:00.000Z,1942,2019-01-05T00:00:00.000Z,1750,32142,1842,6,5,7,1942,0,0,0,R,0,1802,IMPERIAL HWY,MAIN ST,0,,Y,C,-,N,,0,0,,,0,,,,N,4,0,6,2,A,-,9,21801,A,N,B,D,A,B,H,-,C,A,0,,,,,Y,,A,1,0,0,6,0,0,0,0,0,0,- ,- ,0,0,1800,1,LOS ANGELES,LOS ANGELES,CA,-118.2739121,33.93100357,"IMPERIAL HWY & MAIN ST, LOS ANGELES, CA",IMPERIAL HWY,MAIN ST,106798,
-118.4683224,34.00149536,64186,8806828,2019,2019-02-28T00:00:00.000Z,1942,2019-01-27T00:00:00.000Z,1535,40452,1414,7,5,7,1942,0,0,0,N,0,14A13,LINCOLN BL,ROSE AV,130,N,N,A,-,N,,0,0,,,0,,,,N,4,0,1,2,A,-,9,21800,B,N,D,G,A,A,H,-,A,D,0,,Y,,,Y,,L,4,0,0,1,0,0,0,1,0,0,- ,- ,0,0,1800,1,LOS ANGELES,LOS ANGELES,CA,-118.4683224,34.00149536,"LINCOLN BLVD & ROSE AVE, LOS ANGELES, CA",LINCOLN BLVD,ROSE AVE,100323,
-118.2874839,34.04001617,64187,8806831,2019,2019-03-04T00:00:00.000Z,1942,2019-01-18T00:00:00.000Z,1500,35729,2088,5,5,7,1942,0,0,0,,0,20XL3,WASHINGTON BL,NEW ENGLAND ST,45,E,N,A,-,N,,0,0,,,0,,,,N,3,0,1,2,A,-,0,21760,,N,B,G,A,A,H,-,A,D,0,,Y,,,Y,,A,8,0,1,0,0,0,0,1,0,0,- ,- ,0,0,1800,1,LOS ANGELES,LOS ANGELES,CA,-118.2874839,34.04001617,"WASHINGTON BLVD & NEW ENGLAND ST, LOS ANGELES, CA",WASHINGTON BLVD,NEW ENGLAND ST,100064,
-118.310241,34.03991318,64188,8806835,2019,2019-03-13T00:00:00.000Z,1942,2019-01-08T00:00:00.000Z,1615,39854,2091,2,5,7,1942,0,0,0,,0,20A71,WASHINGTON BL,MANHATTAN PL,30,W,N,A,-,N,,0,0,,,0,,,,N,4,0,1,2,A,-,4,21703,,N,C,C,A,A,H,-,A,A,0,,,,,Y,,A,1,0,0,1,0,0,0,0,0,0,- ,- ,0,0,1800,1,LOS ANGELES,LOS ANGELES,CA,-118.310241,34.03991318,"WASHINGTON BLVD & MANHATTAN PL, LOS ANGELES, CA",WASHINGTON BLVD,MANHATTAN PL,107007,
-118.3043223,34.07624817,64189,8806851,2019,2019-03-04T00:00:00.000Z,1942,2019-01-24T00:00:00.000Z,1500,38007,2014,4,5,7,1942,0,0,0,,0,20A13,N HARVARD BL,BEVERLY BL,6,S,N,A,-,N,,0,0,,,0,,,,N,4,0,1,2,A,-,9,21801,A,N,D,G,A,A,H,-,A,D,0,,Y,,,Y,,A,1,0,0,1,0,0,0,1,0,0,- ,- ,0,0,1800,1,LOS ANGELES,LOS ANGELES,CA,-118.3043223,34.07624817,"HARVARD BLVD & BEVERLY BLVD, LOS ANGELES, CA",HARVARD BLVD,BEVERLY BLVD,132237,
-118.326682,34.09437561,64190,8806858,2019,2019-03-04T00:00:00.000Z,1942,2019-01-01T00:00:00.000Z,1700,43498,666,2,5,7,1942,0,0,0,F,0,6A66,FOUNTAIN AV,VINE ST,3,W,N,A,-,N,,0,0,,,0,,,,N,4,0,2,3,A,-,12,21453,A,N,G,B,B,A,H,-,C,A,0,Y,,,,Y,Y,-,99,0,0,2,0,2,0,0,0,0,- ,- ,0,0,1800,1,LOS ANGELES,LOS ANGELES,CA,-118.326682,34.09437561,"FOUNTAIN AVE & VINE ST, LOS ANGELES, CA",FOUNTAIN AVE,VINE ST,142846,
-118.3020022,34.05588532,64191,8806859,2019,2019-02-28T00:00:00.000Z,1942,2019-01-25T00:00:00.000Z,1720,38391,2044,5,5,7,1942,0,0,0,,0,20XL2,JAMES M WOOD BL,ARDMORE AV,0,,Y,A,-,N,,0,0,,,0,,,,N,4,0,2,2,A,-,9,21801,,N,D,C,A,A,H,-,A,A,0,,,,,Y,,A,1,0,0,2,0,0,0,0,0,0,- ,- ,0,0,1800,1,LOS ANGELES,LOS ANGELES,CA,-118.3020022,34.05588531,"JAMES M WOOD BLVD & ARDMORE AVE, LOS ANGELES, CA",JAMES M WOOD BLVD,ARDMORE AVE,117498,
-118.3366121,34.09797669,64192,8806862,2019,2019-03-04T00:00:00.000Z,1942,2019-01-07T00:00:00.000Z,1720,43527,646,1,5,7,1942,0,0,0,,0,6A77,SUNSET BL,LAS PALMAS AV,0,,Y,A,-,N,,0,0,,,0,,,,N,4,0,1,2,A,-,10,21950,C,N,G,B,-,B,H,-,B,A,0,Y,,,,Y,,-,99,0,0,1,0,1,0,0,0,0,- ,- ,0,0,1800,1,LOS ANGELES,LOS ANGELES,CA,-118.3366121,34.09797668,"SUNSET BLVD & LAS PALMAS AVE, LOS ANGELES, CA",SUNSET BLVD,LAS PALMAS AVE,114872,
-118.2521031,34.0417099,64193,8806889,2019,2019-03-01T00:00:00.000Z,1942,2019-01-10T00:00:00.000Z,1500,40164,174,4,5,7,1942,0,0,0,A,0,24TL56,8TH ST,LOS ANGELES ST,100,E,N,B,-,N,,0,0,,,0,,,,N,0,0,0,2,A,-,21,22106,,N,B,C,A,A,H,-,A,D,0,,,,,Y,,A,8,0,0,0,0,0,0,0,0,0,- ,- ,0,0,1800,1,LOS ANGELES,LOS ANGELES,CA,-118.2521031,34.0417099,"8TH ST & LOS ANGELES ST, LOS ANGELES, CA",8TH ST,LOS ANGELES ST,131595,
-118.2357254,34.05768204,64194,8806897,2019,2019-03-21T00:00:00.000Z,1942,2019-01-09T00:00:00.000Z,1710,41602,111,3,5,7,1942,0,0,0,A,0,1FB96,CESAR E CHAVEZ AV,UNION,81,E,N,A,-,N,,0,0,,,0,,,,Y,0,0,0,1,A,-,0,23123,A,N,E,I,A,A,H,-,B,D,0,,,,,Y,,A,1,0,0,0,0,0,0,0,0,0,- ,- ,0,0,1800,1,LOS ANGELES,LOS ANGELES,CA,-118.2357254,34.05768204,"CESAR E CHAVEZ AVE & UNION STATION DWY, LOS ANGELES, CA",CESAR E CHAVEZ AVE,UNION STATION DWY,950,
-118.2929464,33.73423386,64195,8806904,2019,2019-03-04T00:00:00.000Z,1942,2019-01-21T00:00:00.000Z,1720,38199,563,1,5,7,1942,0,0,0,E,0,5A25W3,11TH ST,GAFFEY,175,W,N,A,-,N,,0,0,,,0,,,,N,0,0,0,2,A,-,21,22106,,M,B,E,A,A,H,-,-,D,0,,,,,Y,,-,99,0,0,0,0,0,0,0,0,0,- ,- ,0,0,1800,1,LOS ANGELES,LOS ANGELES,CA,-118.2929464,33.73423386,"11TH ST & GAFFEY ST, LOS ANGELES, CA",11TH ST,GAFFEY ST,114880,
-118.2824861,34.06096268,64196,8806905,2019,2019-03-01T00:00:00.000Z,1942,2019-01-08T00:00:00.000Z,1645,37952,251,2,5,7,1942,0,0,0,B,0,2A45,WILSHIRE BL,RAMPART BL,50,W,N,A,-,N,,0,0,,,0,,,,N,0,0,0,2,A,-,21,22106,,M,H,C,A,A,H,-,A,A,0,,,,,Y,,-,99,0,0,0,0,0,0,0,0,0,- ,- ,0,0,1800,1,LOS ANGELES,LOS ANGELES,CA,-118.2824861,34.06096268,"WILSHIRE BLVD & RAMPART BLVD, LOS ANGELES, CA",WILSHIRE BLVD,RAMPART BLVD,128099,
-118.2650522,34.04195786,64197,8807573,2019,2019-03-05T00:00:00.000Z,1942,2019-01-11T00:00:00.000Z,1730,40099,182,5,5,7,1942,0,0,0,A,0,1A61,S FLOWER ST,12TH ST,205,N,N,A,-,N,,0,0,,,0,,,,N,4,0,2,4,A,-,4,21703,,N,C,C,A,A,H,-,C,A,0,,,,,Y,,A,7,0,0,2,0,0,0,0,0,0,- ,- ,0,0,1800,1,LOS ANGELES,LOS ANGELES,CA,-118.2650522,34.04195786,"FLOWER ST & 12TH ST, LOS ANGELES, CA",FLOWER ST,12TH ST,138630,
-118.2768322,34.05646515,64198,8807582,2019,2019-03-06T00:00:00.000Z,1942,2019-01-09T00:00:00.000Z,1715,40164,265,3,5,7,1942,0,0,0,B,0,24TL54,7TH ST,ALVARADO AV,0,,Y,B,-,N,,0,0,,,0,,,,N,0,0,0,2,A,-,8,22107,,N,B,C,A,A,H,-,C,A,0,,,,,Y,,A,1,0,0,0,0,0,0,0,0,0,- ,- ,0,0,1800,1,LOS ANGELES,LOS ANGELES,CA,-118.2768322,34.05646515,"7TH ST & ALVARADO ST, LOS ANGELES, CA",7TH ST,ALVARADO ST,121135,
-118.2993857,33.99095154,64199,8807595,2019,2019-03-06T00:00:00.000Z,1942,2019-01-31T00:00:00.000Z,1615,38331,1245,4,5,7,1942,0,0,0,L,0,12XL59,57TH ST,NORMANDIE AV,251,E,N,A,-,N,,0,0,,,0,,,,N,0,0,0,2,A,-,3,22350,,N,B,E,A,A,H,-,A,D,0,,,,,Y,,J,41,0,0,0,0,0,0,0,0,0,- ,- ,0,0,1800,1,LOS ANGELES,LOS ANGELES,CA,-118.2993857,33.99095154,"57TH ST & NORMANDIE AVE, LOS ANGELES, CA",57TH ST,NORMANDIE AVE,124126,
-118.2572821,34.04309082,64200,8807659,2019,2019-02-28T00:00:00.000Z,1942,2019-01-28T00:00:00.000Z,1510,40099,185,1,5,7,1942,0,0,0,A,0,1A85,W 9TH ST,HILL ST,50,W,N,A,-,N,,0,0,,,0,,,,N,4,0,2,2,A,-,3,22350,,N,C,C,A,A,H,-,A,D,0,,,,,Y,,A,1,0,0,2,0,0,0,0,0,0,- ,- ,0,0,1800,1,LOS ANGELES,LOS ANGELES,CA,-118.2572821,34.04309082,"9TH ST & HILL ST, LOS ANGELES, CA",9TH ST,HILL ST,114033,
-118.4487822,34.21026611,64201,8807699,2019,2019-03-07T00:00:00.000Z,1942,2019-01-29T00:00:00.000Z,1750,26319,906,2,5,7,1942,0,0,0,I,0,9A5,VAN NUYS BL,KESWICK ST,0,,Y,A,-,N,,0,0,,,0,,,,Y,4,0,3,2,A,-,9,21801,A,N,B,C,A,A,H,-,A,A,0,,,,,Y,,A,8,0,0,3,0,0,0,0,0,0,- ,- ,0,0,1800,1,LOS ANGELES,LOS ANGELES,CA,-118.4487822,34.21026611,"VAN NUYS BLVD & KESWICK ST, LOS ANGELES, CA",VAN NUYS BLVD,KESWICK ST,133061,
-118.3288121,34.08529663,64202,8807736,2019,2019-03-07T00:00:00.000Z,1942,2019-01-23T00:00:00.000Z,1620,41715,676,3,5,7,1942,0,0,0,F,0,6A77,CAHUENGA BL,WARING AV,0,,Y,A,-,N,,0,0,,,0,,,,N,3,0,1,2,A,-,10,21950,A,N,G,B,B,A,H,-,A,D,0,Y,,,,Y,,D,22,0,1,0,0,1,0,0,0,0,- ,- ,0,0,1800,1,LOS ANGELES,LOS ANGELES,CA,-118.3288121,34.08529663,"CAHUENGA BLVD & WARING AVE, LOS ANGELES, CA",CAHUENGA BLVD,WARING AVE,139197,
-118.3035322,34.10175324,64203,8807740,2019,2019-03-06T00:00:00.000Z,1942,2019-01-30T00:00:00.000Z,1610,31465,639,3,5,7,1942,0,0,0,F,0,6A49,HOLLYWOOD BL,KINGSLEY DR,0,,Y,A,-,N,,0,0,,,0,,,,N,3,0,1,2,A,-,9,21802,A,N,D,C,A,A,H,-,A,D,0,,,Y,,Y,,D,22,0,1,0,0,0,0,0,0,1,- ,- ,0,0,1800,1,LOS ANGELES,LOS ANGELES,CA,-118.3035322,34.10175323,"HOLLYWOOD BLVD & KINGSLEY DR, LOS ANGELES, CA",HOLLYWOOD BLVD,KINGSLEY DR,130574,
-118.2949392,34.08358383,64204,8807824,2019,2019-02-28T00:00:00.000Z,1942,2019-01-22T00:00:00.000Z,1705,40099,211,2,5,7,1942,0,0,0,B,0,2A1,MELROSE AV,HELIOTROPE DR,10,E,N,A,-,N,,0,0,,,0,,,,N,0,0,0,2,A,-,8,22107,,M,B,C,A,A,H,-,A,D,0,,,,,Y,,-,99,0,0,0,0,0,0,0,0,0,- ,- ,0,0,1800,1,LOS ANGELES,LOS ANGELES,CA,-118.2949392,34.08358383,"MELROSE AVE & HELIOTROPE DR, LOS ANGELES, CA",MELROSE AVE,HELIOTROPE DR,118205,
-118.3260121,34.07893372,64205,8807844,2019,2019-03-06T00:00:00.000Z,1942,2019-01-03T00:00:00.000Z,1750,37700,719,4,5,7,1942,0,0,0,G,0,7A17,N ARDEN BL,ROSEWOOD AV,3,W,N,A,-,N,,0,0,,,0,,,,N,3,0,1,2,A,-,10,21950,A,N,G,B,B,A,H,-,C,A,0,Y,,,,Y,,A,8,0,1,0,0,1,0,0,0,0,- ,- ,0,0,1800,1,LOS ANGELES,LOS ANGELES,CA,-118.3260121,34.07893372,"ARDEN BLVD & ROSEWOOD AVE, LOS ANGELES, CA",ARDEN BLVD,ROSEWOOD AVE,111195,
-118.3615321,34.08380508,64206,8807895,2019,2019-03-06T00:00:00.000Z,1942,2019-01-12T00:00:00.000Z,1500,39624,702,6,5,7,1942,0,0,0,G,0,14TL49,MELROSE AV,N FAIRFAX AV,0,,Y,C,-,N,,0,0,,,0,,,,N,4,0,2,2,A,-,9,21801,A,N,D,C,A,B,H,-,A,A,0,,,,,Y,,A,1,0,0,2,0,0,0,0,0,0,- ,- ,0,0,1800,1,LOS ANGELES,LOS ANGELES,CA,-118.3615321,34.08380508,"MELROSE AVE & FAIRFAX AVE, LOS ANGELES, CA",MELROSE AVE,FAIRFAX AVE,146061,
-118.3492792,34.04796219,64207,8807899,2019,2019-03-06T00:00:00.000Z,1942,2019-01-16T00:00:00.000Z,1640,31465,764,3,5,7,1942,0,0,0,G,0,7A53,PICO BL,REDONDO BL,10,E,N,C,-,N,,0,0,,,0,,,,N,4,0,1,2,A,-,11,21456,B,N,G,B,B,B,H,-,C,A,0,Y,,,,Y,,N,60,0,0,1,0,1,0,0,0,0,- ,- ,0,0,1800,1,LOS ANGELES,LOS ANGELES,CA,-118.3492792,34.04796219,"PICO BLVD & REDONDO BLVD, LOS ANGELES, CA",PICO BLVD,REDONDO BLVD,127999,
-118.3303715,34.06878662,64208,8807919,2019,2019-03-06T00:00:00.000Z,1942,2019-01-02T00:00:00.000Z,1500,31465,739,3,5,7,1942,0,0,0,G,0,7A17,RIMPAU BL,3RD ST,50,S,N,A,-,N,,0,0,,,0,,,,N,4,0,1,2,A,-,3,22350,,N,C,C,A,A,H,-,A,A,0,,,,,Y,,A,7,0,0,1,0,0,0,0,0,0,- ,- ,0,0,1800,1,LOS ANGELES,LOS ANGELES,CA,-118.3303715,34.06878662,"RIMPAU BLVD & 3RD ST, LOS ANGELES, CA",RIMPAU BLVD,3RD ST,104230,