X,Y,OBJECTID,case_id,accident_year,proc_date,juris,collision_date,collision_time,officer_id,reporting_district,day_of_week,chp_shift,population,cnty_city_loc,special_cond,beat_type,chp_beat_type,city_division_lapd,chp_beat_class,beat_number,primary_rd,secondary_rd,distance,direction,intersection,weather_1,weather_2,state_hwy_ind,caltrans_county,caltrans_district,state_route,route_suffix,postmile_prefix,postmile,location_type,ramp_intersection,side_of_hwy,tow_away,collision_severity,number_killed,number_injured,party_count,primary_coll_factor,pcf_code_of_viol,pcf_viol_category,pcf_violation,pcf_viol_subsection,hit_and_run,type_of_collision,mviw,ped_action,road_surface,road_cond_1,road_cond_2,lighting,control_device,chp_road_type,pedestrian_accident,bicycle_accident,motorcycle_accident,truck_accident,not_private_property,alcohol_involved,stwd_vehtype_at_fault,chp_vehtype_at_fault,count_severe_inj,count_visible_inj,count_complaint_pain,count_ped_killed,count_ped_injured,count_bicyclist_killed,count_bicyclist_injured,count_mc_killed,count_mc_injured,primary_ramp,secondary_ramp,latitude,longitude,timecat,month_,city,county,state,point_x,point_y,match_addr,m_primaryrd,m_secondrd,int_id,Flag
-118.2730121,34.03014374,64209,8808016,2019,2019-03-20T00:00:00.000Z,1942,2019-01-10T00:00:00.000Z,1715,40164,1321,4,5,7,1942,0,0,0,M,0,24TL56,W 23RD ST,S FLOWER ST,0,,Y,A,-,N,,0,0,,,0,,,,Y,1,1,0,2,A,-,3,22350,,F,G,B,B,A,H,-,C,A,0,Y,,,,Y,,I,10,0,0,0,1,0,0,0,0,0,- ,- ,0,0,1800,1,LOS ANGELES,LOS ANGELES,CA,-118.2730121,34.03014374,"23RD ST & FLOWER ST, LOS ANGELES, CA",23RD ST,FLOWER ST,145788,
-118.4836522,34.19389343,64210,8809181,2019,2019-03-22T00:00:00.000Z,1942,2019-01-14T00:00:00.000Z,1750,33294,1039,1,5,7,1942,0,0,0,J,0,09TL56,WOODLEY AV,VANOWEN ST,0,,Y,C,-,N,,0,0,,,0,,,,N,4,0,1,2,A,-,10,21950,A,N,G,B,B,B,H,-,C,A,0,Y,,,,Y,,A,1,0,0,1,0,1,0,0,0,0,- ,- ,0,0,1800,1,LOS ANGELES,LOS ANGELES,CA,-118.4836522,34.19389343,"WOODLEY AVE & VANOWEN ST, LOS ANGELES, CA",WOODLEY AVE,VANOWEN ST,150610,
-118.2905121,33.75377655,64211,8809684,2019,2019-03-07T00:00:00.000Z,1942,2019-01-10T00:00:00.000Z,1500,40997,557,4,5,7,1942,0,0,0,E,0,5FB28,PACIFIC AV,CHANNEL WY,0,,-,A,-,N,,0,0,,,0,,,,Y,0,0,0,2,A,-,1,23152,A,N,C,C,A,A,H,-,A,A,0,,,,,Y,Y,-,- ,0,0,0,0,0,0,0,0,0,- ,- ,0,0,1800,1,LOS ANGELES,LOS ANGELES,CA,-118.2905121,33.75377655,"PACIFIC AVE & CHANNEL ST, LOS ANGELES, CA",PACIFIC AVE,CHANNEL ST,114882,
-118.4610156,33.9825592,64212,8809704,2019,2019-03-07T00:00:00.000Z,1942,2019-01-09T00:00:00.000Z,1615,43058,14,3,5,7,1942,0,0,0,N,0,14A12,WASHINGTON BL,VIA MARINA,10,E,N,A,-,N,,0,0,,,0,,,,N,0,0,0,2,A,-,3,22350,,M,C,C,A,A,H,-,A,A,0,,,Y,,Y,,-,99,0,0,0,0,0,0,0,0,0,- ,- ,0,0,1800,1,LOS ANGELES,LOS ANGELES,CA,-118.4610156,33.9825592,"WASHINGTON BLVD & VIA MARINA, LOS ANGELES, CA",WASHINGTON BLVD,VIA MARINA,114147,
-118.5186122,34.2083931,64213,8809761,2019,2019-03-07T00:00:00.000Z,1942,2019-01-15T00:00:00.000Z,1720,42442,RD100,2,5,7,1942,0,0,0,,0,10X18,SATICOY ST,WHITE OAK AV,0,,Y,C,-,N,,0,0,,,0,,,,Y,3,0,2,2,A,-,9,21801,A,N,A,C,A,C,H,-,C,A,0,,,,,Y,,A,1,0,1,1,0,0,0,0,0,0,- ,- ,0,0,1800,1,LOS ANGELES,LOS ANGELES,CA,-118.5186122,34.2083931,"SATICOY ST & WHITE OAK AVE, LOS ANGELES, CA",SATICOY ST,WHITE OAK AVE,122847,
-118.5404422,34.21018601,64214,8809769,2019,2019-03-07T00:00:00.000Z,1942,2019-01-26T00:00:00.000Z,1535,40341,1003,6,5,7,1942,0,0,0,J,0,10A83,YOLANDA,KESWICK,0,,Y,A,-,N,,0,0,,,0,,,,Y,3,0,4,2,A,-,9,21802,A,N,D,C,A,A,-,-,A,D,0,,,,,Y,,-,- ,0,1,3,0,0,0,0,0,0,- ,- ,0,0,1800,1,LOS ANGELES,LOS ANGELES,CA,-118.5404422,34.210186,"YOLANDA AVE & KESWICK ST, LOS ANGELES, CA",YOLANDA AVE,KESWICK ST,126369,
-118.5098822,34.20730591,64215,8809777,2019,2019-03-07T00:00:00.000Z,1942,2019-01-25T00:00:00.000Z,1720,41758,1017,5,5,7,1942,0,0,0,J,0,10X18,LOUISE,SATICOY,400,S,N,A,-,N,,0,0,,,0,,,,N,4,0,1,2,A,-,8,22107,,N,B,C,A,A,H,-,C,A,0,,,,,Y,,A,1,0,0,1,0,0,0,0,0,0,- ,- ,0,0,1800,1,LOS ANGELES,LOS ANGELES,CA,-118.5098822,34.20730591,"LOUISE AVE & SATICOY ST, LOS ANGELES, CA",LOUISE AVE,SATICOY ST,133385,
-118.5272863,34.16905975,64216,8809785,2019,2019-03-07T00:00:00.000Z,1942,2019-01-24T00:00:00.000Z,1755,40388,1065,4,5,7,1942,0,0,0,J,0,10A99,LINDLEY AV,KILLION ST,640,S,N,A,-,N,,0,0,,,0,,,,Y,4,0,2,2,A,-,8,22103,,N,D,C,A,A,D,-,C,A,0,,,,,Y,,A,1,0,0,2,0,0,0,0,0,0,- ,- ,0,0,1800,1,LOS ANGELES,LOS ANGELES,CA,-118.5272863,34.16905975,"LINDLEY AVE & KILLION ST, LOS ANGELES, CA",LINDLEY AVE,KILLION ST,133139,
-118.2059142,34.03294754,64217,8810005,2019,2019-03-12T00:00:00.000Z,1942,2019-01-31T00:00:00.000Z,1640,32995,477,4,5,7,1942,0,0,0,,0,4A3,EUCLID AV,INEZ,38,N,N,A,-,N,,0,0,,,0,,,,Y,4,0,1,3,A,-,0,12500,A,N,B,C,A,A,H,-,A,D,0,,,,,Y,,A,1,0,0,1,0,0,0,0,0,0,- ,- ,0,0,1800,1,LOS ANGELES,LOS ANGELES,CA,-118.2059142,34.03294754,"EUCLID AVE & INEZ ST, LOS ANGELES, CA",EUCLID AVE,INEZ ST,121198,
-118.2892322,34.08358383,64218,8810009,2019,2019-03-12T00:00:00.000Z,1942,2019-01-29T00:00:00.000Z,1755,34458,212,2,5,7,1942,0,0,0,B,0,2A5,MELROSE AV,N MADISON AV,0,,Y,A,-,N,,0,0,,,0,,,,Y,3,0,1,2,A,-,9,21801,A,N,D,C,A,A,H,-,C,A,0,,,Y,,Y,,A,1,0,1,0,0,0,0,0,0,1,- ,- ,0,0,1800,1,LOS ANGELES,LOS ANGELES,CA,-118.2892322,34.08358383,"MELROSE AVE & MADISON AVE, LOS ANGELES, CA",MELROSE AVE,MADISON AVE,132195,
-118.2025021,34.05120468,64219,8810010,2019,2019-03-12T00:00:00.000Z,1942,2019-01-27T00:00:00.000Z,1545,40099,456,7,5,7,1942,0,0,0,D,0,4A59,N FICKETT ST,FAIRMOUNT ST,0,,Y,A,-,N,,0,0,,,0,,,,N,4,0,1,2,A,-,12,22450,A,F,D,C,A,A,H,-,A,A,0,,,,,Y,,-,99,0,0,1,0,0,0,0,0,0,- ,- ,0,0,1800,1,LOS ANGELES,LOS ANGELES,CA,-118.2025021,34.05120468,"FICKETT ST & FAIRMOUNT ST, LOS ANGELES, CA",FICKETT ST,FAIRMOUNT ST,103571,
-118.2722005,34.03414917,64220,8810017,2019,2019-03-12T00:00:00.000Z,1942,2019-01-23T00:00:00.000Z,1720,34458,1311,3,5,7,1942,0,0,0,M,0,13A13,S FIGUEROA ST,WASHINGTON BL,89,S,N,A,-,N,,0,0,,,0,,,,Y,4,0,1,3,A,-,21,22106,,N,C,C,A,A,H,-,B,D,0,,,,,Y,,A,1,0,0,1,0,0,0,0,0,0,- ,- ,0,0,1800,1,LOS ANGELES,LOS ANGELES,CA,-118.2722005,34.03414917,"FIGUEROA ST & WASHINGTON BLVD, LOS ANGELES, CA",FIGUEROA ST,WASHINGTON BLVD,124653,
-118.2612091,34.10900116,64221,8810030,2019,2019-03-12T00:00:00.000Z,1942,2019-01-27T00:00:00.000Z,1645,34426,1145,7,5,7,1942,0,0,0,K,0,11A71,RIVERSIDE DR,FLETCHER DR,1800,N,N,A,-,N,,0,0,,,0,,,,N,4,0,1,2,A,-,3,22350,,N,C,C,A,A,H,-,A,D,0,,,,,Y,,A,1,0,0,1,0,0,0,0,0,0,- ,- ,0,0,1800,1,LOS ANGELES,LOS ANGELES,CA,-118.2612091,34.10900116,"RIVERSIDE DR & FLETCHER DR, LOS ANGELES, CA",RIVERSIDE DR,FLETCHER DR,142594,
-118.2588921,34.03251648,64222,8810031,2019,2019-03-11T00:00:00.000Z,1942,2019-01-27T00:00:00.000Z,1710,37952,1313,7,5,7,1942,0,0,0,M,0,13A13,MAPLE AV,EAST 15TH ST,0,,Y,A,-,N,,0,0,,,0,,,,N,0,0,0,2,A,-,7,21658,A,M,B,C,A,A,H,-,B,D,0,,,,,Y,,-,99,0,0,0,0,0,0,0,0,0,- ,- ,0,0,1800,1,LOS ANGELES,LOS ANGELES,CA,-118.2588921,34.03251648,"MAPLE AVE & 15TH ST, LOS ANGELES, CA",MAPLE AVE,15TH ST,110528,
-118.202871,34.07380295,64223,8810042,2019,2019-03-12T00:00:00.000Z,1942,2019-01-14T00:00:00.000Z,1610,36238,424,1,5,7,1942,0,0,0,D,0,4A15,N BROADWAY,LINCOLN PARK AV,30,W,N,C,-,N,,0,0,,,0,,,,N,4,0,1,2,A,-,3,22350,,F,C,C,A,B,H,-,A,D,0,,,,,Y,,-,99,0,0,1,0,0,0,0,0,0,- ,- ,0,0,1800,1,LOS ANGELES,LOS ANGELES,CA,-118.202871,34.07380295,"N BROADWAY & LINCOLN PARK AVE, LOS ANGELES, CA",N BROADWAY,LINCOLN PARK AVE,132264,
-118.2799522,34.01108551,64224,8810053,2019,2019-03-12T00:00:00.000Z,1942,2019-01-16T00:00:00.000Z,1520,40404,1351,3,5,7,1942,0,0,0,M,0,13A41,W MARTIN LUTHER KING JR BL,S HILL ST,0,,Y,C,-,N,,0,0,,,0,,,,Y,4,0,1,2,A,-,9,21801,A,N,A,C,A,B,H,-,A,A,0,,,,,Y,,A,7,0,0,1,0,0,0,0,0,0,- ,- ,0,0,1800,1,LOS ANGELES,LOS ANGELES,CA,-118.2799522,34.01108551,"MARTIN LUTHER KING JR BLVD & HILL ST, LOS ANGELES, CA",MARTIN LUTHER KING JR BLVD,HILL ST,102680,
-118.1980505,34.05049133,64225,8810055,2019,2019-03-08T00:00:00.000Z,1942,2019-01-29T00:00:00.000Z,1510,37952,456,2,5,7,1942,0,0,0,D,0,4A59,WABASH AV,FOREST AV,20,W,N,A,-,N,,0,0,,,0,,,,N,0,0,0,3,A,-,3,22350,,M,C,C,A,A,H,-,A,D,0,,,,,Y,,-,99,0,0,0,0,0,0,0,0,0,- ,- ,0,0,1800,1,LOS ANGELES,LOS ANGELES,CA,-118.1980506,34.05049133,"WABASH AVE & FOREST AVE, LOS ANGELES, CA",WABASH AVE,FOREST AVE,121171,
-118.2189121,34.07316589,64226,8810071,2019,2019-03-08T00:00:00.000Z,1942,2019-01-18T00:00:00.000Z,1620,34426,421,5,5,7,1942,0,0,0,D,0,4A15,BROADWAY,AVENUE 21,0,,Y,A,-,N,,0,0,,,0,,,,N,0,0,0,2,A,-,12,21453,A,M,D,C,A,A,H,-,A,A,0,,,,,Y,,-,99,0,0,0,0,0,0,0,0,0,- ,- ,0,0,1800,1,LOS ANGELES,LOS ANGELES,CA,-118.2189121,34.07316589,"N BROADWAY & AVE 21, LOS ANGELES, CA",N BROADWAY,AVE 21,104236,
-118.3667521,34.09799576,64227,8810336,2019,2019-03-06T00:00:00.000Z,1942,2019-01-25T00:00:00.000Z,1520,37900,632,5,5,7,1942,0,0,0,F,0,6A31,W SUNSET BL,SELMA AV,0,,Y,A,-,N,,0,0,,,0,,,,N,4,0,1,2,A,-,9,21801,A,N,D,C,A,A,H,-,A,D,0,,,Y,,Y,,A,1,0,0,1,0,0,0,0,0,1,- ,- ,0,0,1800,1,LOS ANGELES,LOS ANGELES,CA,-118.3667521,34.09799576,"SUNSET BLVD & SELMA AVE, LOS ANGELES, CA",SUNSET BLVD,SELMA AVE,118242,
-118.3438852,34.05267716,64228,8810384,2019,2019-03-06T00:00:00.000Z,1942,2019-01-25T00:00:00.000Z,1640,38007,765,5,5,7,1942,0,0,0,G,0,7A47,S LA BREA AV,DOCKWEILER ST,250,N,N,A,-,N,,0,0,,,0,,,,N,4,0,2,2,A,-,9,21801,A,N,D,C,A,A,H,-,A,D,0,,,,,Y,,A,1,0,0,2,0,0,0,0,0,0,- ,- ,0,0,1800,1,LOS ANGELES,LOS ANGELES,CA,-118.3438852,34.05267715,"LA BREA AVE & DOCKWEILER ST, LOS ANGELES, CA",LA BREA AVE,DOCKWEILER ST,96371,
-118.4405854,33.98706436,64229,8810503,2019,2019-03-12T00:00:00.000Z,1942,2019-01-22T00:00:00.000Z,1635,35330,1453,2,5,7,1942,0,0,0,N,0,14A76,MAXELLA AV,GLENCOE AV,100,W,N,A,-,N,,0,0,,,0,,,,Y,0,0,0,2,A,-,3,22350,,M,D,G,A,A,H,-,A,B,0,,Y,,,Y,,-,99,0,0,0,0,0,0,0,0,0,- ,- ,0,0,1800,1,LOS ANGELES,LOS ANGELES,CA,-118.4405854,33.98706436,"MAXELLA AVE & GLENCOE AVE, LOS ANGELES, CA",MAXELLA AVE,GLENCOE AVE,110792,
-118.326617,34.08369446,64230,8810748,2019,2019-03-12T00:00:00.000Z,1942,2019-01-02T00:00:00.000Z,1640,42138,678,3,5,7,1942,0,0,0,F,0,6A79,VINE ST,MELROSE AV,80,N,N,A,-,N,,0,0,,,0,,,,N,0,0,0,2,A,-,6,21750,,N,D,C,A,A,H,-,B,D,0,,,,,Y,,A,1,0,0,0,0,0,0,0,0,0,- ,- ,0,0,1800,1,LOS ANGELES,LOS ANGELES,CA,-118.326617,34.08369446,"VINE ST & MELROSE AVE, LOS ANGELES, CA",VINE ST,MELROSE AVE,135606,
-118.4745722,34.05195618,64231,8810763,2019,2019-03-13T00:00:00.000Z,1942,2019-01-28T00:00:00.000Z,1515,43441,831,1,5,7,1942,0,0,0,H,0,8A13,S BUNDY DR,SAN VICENTE BL,0,,Y,A,-,N,,0,0,,,0,,,,N,3,0,1,1,A,-,3,22350,,N,H,J,A,A,H,-,A,A,0,,,Y,,Y,,C,2,0,1,0,0,0,0,0,0,1,- ,- ,0,0,1800,1,LOS ANGELES,LOS ANGELES,CA,-118.4745722,34.05195618,"BUNDY DR & SAN VICENTE BLVD, LOS ANGELES, CA",BUNDY DR,SAN VICENTE BLVD,98726,
-118.4403722,34.03874588,64232,8810767,2019,2019-03-13T00:00:00.000Z,1942,2019-01-24T00:00:00.000Z,1525,43011,882,4,5,7,1942,0,0,0,H,0,8X48,OLYMPIC BL,BELOIT AV,0,,Y,A,-,N,,0,0,,,0,,,,N,4,0,1,2,A,-,9,21801,,N,B,C,A,A,H,-,A,D,0,,,,,Y,,A,1,0,0,1,0,0,0,0,0,0,- ,- ,0,0,1800,1,LOS ANGELES,LOS ANGELES,CA,-118.4403722,34.03874588,"OLYMPIC BLVD & BELOIT AVE, LOS ANGELES, CA",OLYMPIC BLVD,BELOIT AVE,139275,
-118.3332451,34.0907135,64233,8810886,2019,2019-03-13T00:00:00.000Z,1942,2019-01-19T00:00:00.000Z,1600,42789,663,6,5,7,1942,0,0,0,F,0,6A36,SANTA MONICA BL,SEWARD ST,10,W,N,A,-,N,,0,0,,,0,,,,N,4,0,2,2,A,-,3,22350,,F,C,C,A,A,H,-,A,A,0,,,,,Y,,-,99,0,0,2,0,0,0,0,0,0,- ,- ,0,0,1800,1,LOS ANGELES,LOS ANGELES,CA,-118.3332451,34.0907135,"SANTA MONICA BLVD & SEWARD ST, LOS ANGELES, CA",SANTA MONICA BLVD,SEWARD ST,114591,
-118.4362248,34.1247406,64234,8810894,2019,2019-03-13T00:00:00.000Z,1942,2019-01-30T00:00:00.000Z,1600,35643,808,3,5,7,1942,0,0,0,H,0,8X75,BENEDICT CANYON DR,WALLINGFORD DR,1000,N,N,A,-,N,,0,0,,,0,,,,Y,4,0,1,2,A,-,5,21651,A,N,B,C,A,A,H,-,A,D,0,,,,,Y,,A,1,0,0,1,0,0,0,0,0,0,- ,- ,0,0,1800,1,LOS ANGELES,LOS ANGELES,CA,-118.4362248,34.1247406,"BENEDICT CANYON DR & WALLINGFORD DR, LOS ANGELES, CA",BENEDICT CANYON DR,WALLINGFORD DR,135541,
-118.3257921,34.09799576,64235,8810926,2019,2019-04-05T00:00:00.000Z,1942,2019-01-30T00:00:00.000Z,1535,42834,666,3,5,7,1942,0,0,0,F,0,6A67,W SUNSET BL,ARGYLE AV,185,W,N,B,-,N,,0,0,,,0,,,,N,4,0,1,2,A,-,7,21658,A,N,B,C,A,A,H,-,A,A,0,,,,,Y,,-,- ,0,0,1,0,0,0,0,0,0,- ,- ,0,0,1800,1,LOS ANGELES,LOS ANGELES,CA,-118.3257921,34.09799576,"SUNSET BLVD & ARGYLE AVE, LOS ANGELES, CA",SUNSET BLVD,ARGYLE AVE,132415,
-118.3288121,34.08529663,64236,8810930,2019,2019-03-13T00:00:00.000Z,1942,2019-01-23T00:00:00.000Z,1740,42458,676,3,5,7,1942,0,0,0,F,0,6A44,CAHUENGA BL,WARING AV,0,,Y,A,-,N,,0,0,,,0,,,,Y,4,0,1,3,A,-,9,21802,A,N,A,C,A,A,H,-,C,D,0,,,,,Y,,A,1,0,0,1,0,0,0,0,0,0,- ,- ,0,0,1800,1,LOS ANGELES,LOS ANGELES,CA,-118.3288121,34.08529663,"CAHUENGA BLVD & WARING AVE, LOS ANGELES, CA",CAHUENGA BLVD,WARING AVE,139197,
-118.3223821,34.10164642,64237,8810938,2019,2019-04-11T00:00:00.000Z,1942,2019-01-12T00:00:00.000Z,1609,41780,647,6,5,7,1942,0,0,0,F,0,6A22,GOWER,HOLLYWOOD BL,0,,Y,B,-,N,,0,0,,,0,,,,N,3,0,1,2,A,-,3,22350,,N,C,C,A,B,H,-,A,A,0,,,,,Y,,A,1,0,1,0,0,0,0,0,0,0,- ,- ,0,0,1800,1,LOS ANGELES,LOS ANGELES,CA,-118.3223821,34.10164642,"GOWER ST & HOLLYWOOD BLVD, LOS ANGELES, CA",GOWER ST,HOLLYWOOD BLVD,100491,
-118.3338074,34.00539017,64238,8811495,2019,2019-03-15T00:00:00.000Z,1942,2019-01-12T00:00:00.000Z,1505,41300,363,6,5,7,1942,0,0,0,,0,3A15,CRENSHAW BL,HOMELAND DR,15,N,N,B,-,N,,0,0,,,0,,,,Y,0,0,0,2,A,-,9,21804,A,M,D,C,A,A,H,-,A,A,0,,,,,Y,,-,99,0,0,0,0,0,0,0,0,0,- ,- ,0,0,1800,1,LOS ANGELES,LOS ANGELES,CA,-118.3338074,34.00539017,"CRENSHAW BLVD & HOMELAND DR, LOS ANGELES, CA",CRENSHAW BLVD,HOMELAND DR,134778,
-118.3771927,34.02195358,64239,8811507,2019,2019-03-15T00:00:00.000Z,1942,2019-01-09T00:00:00.000Z,1500,42067,321,3,5,7,1942,0,0,0,,0,,RODEO RD,JEFFERSON BL,15,E,N,A,-,N,,0,0,,,0,,,,N,0,0,0,1,A,-,8,22107,,M,-,I,A,A,H,-,A,A,0,,,,,Y,,-,99,0,0,0,0,0,0,0,0,0,- ,- ,0,0,1800,1,LOS ANGELES,LOS ANGELES,CA,-118.3771927,34.02195358,"RODEO RD & JEFFERSON BLVD, LOS ANGELES, CA",RODEO RD,JEFFERSON BLVD,163842,
-118.3971922,34.236763,64240,8812151,2019,2019-03-04T00:00:00.000Z,1942,2019-01-30T00:00:00.000Z,1720,40804,1663,3,5,7,1942,0,0,0,P,0,16X4,SHELDON ST,TELFAIR AV,0,,Y,A,-,N,,0,0,,,0,,,,N,4,0,1,2,A,-,3,22350,,N,C,C,A,A,H,-,B,A,0,,,,,Y,,A,1,0,0,1,0,0,0,0,0,0,- ,- ,0,0,1800,1,LOS ANGELES,LOS ANGELES,CA,-118.3971922,34.236763,"SHELDON ST & TELFAIR AVE, LOS ANGELES, CA",SHELDON ST,TELFAIR AVE,112217,
-118.3053525,34.05774689,64241,8812242,2019,2019-03-01T00:00:00.000Z,1942,2019-01-13T00:00:00.000Z,1615,43118,2033,7,5,7,1942,0,0,0,,0,20A45,HOBART BL,8TH ST,30,N,N,B,-,N,,0,0,,,0,,,,,4,0,2,2,A,-,4,21703,,N,C,C,A,A,H,-,A,A,0,,,,,Y,,A,1,0,0,2,0,0,0,0,0,0,- ,- ,0,0,1800,1,LOS ANGELES,LOS ANGELES,CA,-118.3053525,34.05774689,"HOBART BLVD & 8TH ST, LOS ANGELES, CA",HOBART BLVD,8TH ST,121090,
-118.3205421,34.05909348,64242,8812254,2019,2019-03-01T00:00:00.000Z,1942,2019-01-11T00:00:00.000Z,1755,+,2041,5,5,7,1942,0,0,0,,0,20A58,CRENSHAW BL,8TH ST,0,,Y,A,-,N,,0,0,,,0,,,,Y,4,0,1,2,A,-,12,21453,A,N,A,C,A,A,H,-,C,A,0,,,,,Y,,A,1,0,0,1,0,0,0,0,0,0,- ,- ,0,0,1800,1,LOS ANGELES,LOS ANGELES,CA,-118.3205421,34.05909348,"CRENSHAW BLVD & 8TH ST, LOS ANGELES, CA",CRENSHAW BLVD,8TH ST,128025,
-118.4493368,34.0376091,64243,8812270,2019,2019-02-28T00:00:00.000Z,1942,2019-01-28T00:00:00.000Z,1500,42470,881,1,5,7,1942,0,0,0,H,0,8A12,LA GRANGE AV,BARRY AV,2,E,N,A,-,N,,0,0,,,0,,,,N,4,0,1,2,A,-,5,21650,1,N,D,G,A,A,H,-,A,D,0,,Y,,,Y,,L,4,0,0,1,0,0,0,1,0,0,- ,- ,0,0,1800,1,LOS ANGELES,LOS ANGELES,CA,-118.4493368,34.0376091,"LA GRANGE AVE & BARRY AVE, LOS ANGELES, CA",LA GRANGE AVE,BARRY AVE,138921,
-118.4392148,34.06754684,64244,8812278,2019,2019-02-28T00:00:00.000Z,1942,2019-01-31T00:00:00.000Z,1712,41179,818,4,5,7,1942,0,0,0,H,0,8A29,HILGARD AV,MANNING AV,357,N,N,A,-,N,,0,0,,,0,,,,N,4,0,1,2,A,-,7,21658,A,N,B,C,A,A,H,-,C,D,0,,,Y,,Y,,A,1,0,0,1,0,0,0,0,0,1,- ,- ,0,0,1800,1,LOS ANGELES,LOS ANGELES,CA,-118.4392148,34.06754684,"HILGARD AVE & MANNING AVE, LOS ANGELES, CA",HILGARD AVE,MANNING AVE,149495,
-118.3836522,34.05936432,64245,8812290,2019,2019-02-28T00:00:00.000Z,1942,2019-01-23T00:00:00.000Z,1525,41439,858,3,5,7,1942,0,0,0,,0,8X75,ROBERTSON BL,OLYMPIC BL,0,,Y,A,-,N,,0,0,,,0,,,,N,3,0,1,2,A,-,10,21950,A,N,G,B,B,A,H,-,A,A,0,Y,,,,Y,,A,1,0,1,0,0,1,0,0,0,0,- ,- ,0,0,1800,1,LOS ANGELES,LOS ANGELES,CA,-118.3836522,34.05936432,"ROBERTSON BLVD & OLYMPIC BLVD, LOS ANGELES, CA",ROBERTSON BLVD,OLYMPIC BLVD,117457,
-118.2521521,34.00941086,64246,8813137,2019,2019-03-11T00:00:00.000Z,1942,2019-01-23T00:00:00.000Z,1530,40611,1345,3,5,7,1942,0,0,0,M,0,13X31,HOOPER AV,41ST ST,60,N,N,A,-,N,,0,0,,,0,,,,N,0,0,0,2,A,-,7,21658,A,M,B,C,A,A,H,-,A,A,0,,,,,Y,,-,99,0,0,0,0,0,0,0,0,0,- ,- ,0,0,1800,1,LOS ANGELES,LOS ANGELES,CA,-118.2521521,34.00941086,"HOOPER AVE & 41ST ST, LOS ANGELES, CA",HOOPER AVE,41ST ST,131421,
-118.3615931,34.17166519,64248,8815466,2019,2019-04-18T00:00:00.000Z,1942,2019-01-20T00:00:00.000Z,1551,42844,1549,7,5,7,1942,0,0,0,O,0,15A39,CAHUENGA BL,BURBANK BL,200,S,N,A,-,N,,0,0,,,0,,,,Y,0,0,0,2,B,-,22,0,,N,E,C,A,A,H,-,A,D,0,,,,,Y,,A,1,0,0,0,0,0,0,0,0,0,- ,- ,0,0,1800,1,LOS ANGELES,LOS ANGELES,CA,-118.3615931,34.17166519,"CAHUENGA BLVD & BURBANK BLVD, LOS ANGELES, CA",CAHUENGA BLVD,BURBANK BLVD,136154,
-118.1814328,34.1242981,64249,8815476,2019,2019-03-12T00:00:00.000Z,1942,2019-01-16T00:00:00.000Z,1515,35230,1128,3,5,7,1942,0,0,0,K,0,11A25,CHURCH ST,MARIE AV,15,E,N,C,-,N,,0,0,,,0,,,,N,0,0,0,2,A,-,6,21751,,M,B,C,A,B,H,-,A,D,0,,,,,Y,,-,99,0,0,0,0,0,0,0,0,0,- ,- ,0,0,1800,1,LOS ANGELES,LOS ANGELES,CA,-118.1814328,34.1242981,"CHURCH ST & MARIE AVE, LOS ANGELES, CA",CHURCH ST,MARIE AVE,135227,
-118.4647612,33.98754501,64250,8816253,2019,2019-03-13T00:00:00.000Z,1942,2019-01-28T00:00:00.000Z,1610,33648,1441,1,5,7,1942,0,0,0,N,0,14A11,SOUTH VENICE BL,WASHINGTON WY,30,W,N,A,-,N,,0,0,,,0,,,,N,4,0,2,2,A,-,8,22107,,N,B,C,A,A,H,-,A,D,0,,,,,Y,,D,22,0,0,2,0,0,0,0,0,0,- ,- ,0,0,1800,1,LOS ANGELES,LOS ANGELES,CA,-118.4647612,33.98754501,"VENICE BLVD & WASHINGTON WAY, LOS ANGELES, CA",VENICE BLVD,WASHINGTON WAY,128265,
-118.3784921,33.93448639,64251,8816273,2019,2019-03-15T00:00:00.000Z,1942,2019-01-24T00:00:00.000Z,1645,43517,1498,4,5,7,1942,0,0,0,N,0,14A58,AVIATION BL,111TH ST,0,,Y,A,-,N,,0,0,,,0,,,,Y,3,0,1,2,A,-,9,21801,A,N,D,C,A,A,H,-,A,A,0,,,,,Y,,I,9,0,1,0,0,0,0,0,0,0,- ,- ,0,0,1800,1,LOS ANGELES,LOS ANGELES,CA,-118.3784921,33.93448639,"AVIATION BLVD & 111TH ST, LOS ANGELES, CA",AVIATION BLVD,111TH ST,127601,
-118.3101721,33.7420044,64252,8816346,2019,2019-03-13T00:00:00.000Z,1942,2019-01-17T00:00:00.000Z,1740,43610,HARBO,4,5,7,1942,0,0,0,,0,5A24,WESTERN AV,WEYMOUTH AV,0,,Y,A,-,N,,0,0,,,0,,,,N,0,0,0,2,A,-,9,21453,C,N,D,C,A,B,H,-,C,A,0,,,,,Y,,A,7,0,0,0,0,0,0,0,0,0,- ,- ,0,0,1800,1,LOS ANGELES,LOS ANGELES,CA,-118.3101721,33.74200439,"WESTERN AVE & WEYMOUTH AVE, LOS ANGELES, CA",WESTERN AVE,WEYMOUTH AVE,109185,