X,Y,OBJECTID,case_id,accident_year,proc_date,juris,collision_date,collision_time,officer_id,reporting_district,day_of_week,chp_shift,population,cnty_city_loc,special_cond,beat_type,chp_beat_type,city_division_lapd,chp_beat_class,beat_number,primary_rd,secondary_rd,distance,direction,intersection,weather_1,weather_2,state_hwy_ind,caltrans_county,caltrans_district,state_route,route_suffix,postmile_prefix,postmile,location_type,ramp_intersection,side_of_hwy,tow_away,collision_severity,number_killed,number_injured,party_count,primary_coll_factor,pcf_code_of_viol,pcf_viol_category,pcf_violation,pcf_viol_subsection,hit_and_run,type_of_collision,mviw,ped_action,road_surface,road_cond_1,road_cond_2,lighting,control_device,chp_road_type,pedestrian_accident,bicycle_accident,motorcycle_accident,truck_accident,not_private_property,alcohol_involved,stwd_vehtype_at_fault,chp_vehtype_at_fault,count_severe_inj,count_visible_inj,count_complaint_pain,count_ped_killed,count_ped_injured,count_bicyclist_killed,count_bicyclist_injured,count_mc_killed,count_mc_injured,primary_ramp,secondary_ramp,latitude,longitude,timecat,month_,city,county,state,point_x,point_y,match_addr,m_primaryrd,m_secondrd,int_id,Flag
-118.2929414,33.98586655,64253,8816382,2019,2019-03-13T00:00:00.000Z,1942,2019-01-21T00:00:00.000Z,1730,42231,12301,1,5,7,1942,0,0,0,L,0,12X52,60TH ST,KANSAS AV,225,E,N,A,-,N,,0,0,,,0,,,,Y,0,0,0,3,A,-,3,22350,,N,A,E,A,A,H,-,C,D,0,,,,,Y,,A,1,0,0,0,0,0,0,0,0,0,- ,- ,0,0,1800,1,LOS ANGELES,LOS ANGELES,CA,-118.2929414,33.98586655,"60TH ST & KANSAS AVE, LOS ANGELES, CA",60TH ST,KANSAS AVE,134490,
-118.4516649,34.22555924,64254,8816390,2019,2019-03-08T00:00:00.000Z,1942,2019-01-01T00:00:00.000Z,1730,42890,,2,5,7,1942,0,0,0,,0,19X62,TOBIAS AV,CHASE ST,300,N,N,A,-,N,,0,0,,,0,,,,N,0,0,0,2,A,-,3,22350,,M,C,C,A,A,H,-,C,D,0,,,,,Y,Y,-,99,0,0,0,0,0,0,0,0,0,- ,- ,0,0,1800,1,LOS ANGELES,LOS ANGELES,CA,-118.4516649,34.22555923,"TOBIAS AVE & CHASE ST, LOS ANGELES, CA",TOBIAS AVE,CHASE ST,133010,
-118.4162122,34.05318451,64255,8816643,2019,2019-03-12T00:00:00.000Z,1942,2019-01-22T00:00:00.000Z,1745,39586,848,2,5,7,1942,0,0,0,H,0,8EL2,CENTURY PARK WEST,OLYMPIC BL,0,,Y,A,-,N,,0,0,,,0,,,,N,3,0,1,2,A,-,5,21650,,N,D,G,A,A,H,-,C,A,0,,Y,,,Y,,L,4,0,1,0,0,0,0,1,0,0,- ,- ,0,0,1800,1,LOS ANGELES,LOS ANGELES,CA,-118.4162122,34.05318451,"CENTURY PARK W & OLYMPIC BLVD, LOS ANGELES, CA",CENTURY PARK W,OLYMPIC BLVD,132209,
-118.4439022,34.08298492,64256,8816671,2019,2019-03-12T00:00:00.000Z,1942,2019-01-18T00:00:00.000Z,1700,43392,806,5,5,7,1942,0,0,0,H,0,8A12,BELLAGIO RD,STONE CANYON RD,0,,Y,A,-,N,,0,0,,,0,,,,Y,4,0,1,2,A,-,12,22450,A,N,B,C,A,A,H,-,A,A,0,,,,,Y,,A,1,0,0,1,0,0,0,0,0,0,- ,- ,0,0,1800,1,LOS ANGELES,LOS ANGELES,CA,-118.4439022,34.08298492,"BELLAGIO RD & STONE CANYON RD, LOS ANGELES, CA",BELLAGIO RD,STONE CANYON RD,116300,
-118.4626322,34.04804611,64257,8816675,2019,2019-03-12T00:00:00.000Z,1942,2019-01-16T00:00:00.000Z,1740,38028,841,3,5,7,1942,0,0,0,H,0,8X48,WILSHIRE BL,GRANVILLE AV,0,,Y,C,-,N,,0,0,,,0,,,,N,3,0,1,2,A,-,10,21950,A,N,G,B,B,B,H,-,C,A,0,Y,,,,Y,,A,1,0,1,0,0,1,0,0,0,0,- ,- ,0,0,1800,1,LOS ANGELES,LOS ANGELES,CA,-118.4626322,34.04804611,"WILSHIRE BLVD & GRANVILLE AVE, LOS ANGELES, CA",WILSHIRE BLVD,GRANVILLE AVE,103811,
-118.3730843,33.97724533,64258,8816678,2019,2019-03-13T00:00:00.000Z,1942,2019-01-21T00:00:00.000Z,1740,42970,1469,1,5,7,1942,0,0,0,N,0,14A49,CENTINELA AV,LA TIJERA BL,417,W,N,A,-,N,,0,0,,,0,,,,N,4,0,2,2,A,-,8,22107,,N,B,C,A,A,H,-,A,D,0,,,,,Y,Y,A,1,0,0,2,0,0,0,0,0,0,- ,- ,0,0,1800,1,LOS ANGELES,LOS ANGELES,CA,-118.3730843,33.97724533,"CENTINELA AVE & LA TIJERA BLVD, LOS ANGELES, CA",CENTINELA AVE,LA TIJERA BLVD,96023,
-118.4397421,34.0599556,64259,8816694,2019,2019-04-11T00:00:00.000Z,1942,2019-01-08T00:00:00.000Z,1745,43024,834,2,5,7,1942,0,0,0,H,0,8X99,WILSHIRE BL,MALCOLM AV,0,,Y,A,-,N,,0,0,,,0,,,,Y,4,0,2,2,A,-,9,21802,A,N,D,C,A,A,H,-,C,A,0,,,,,Y,,A,1,0,0,2,0,0,0,0,0,0,- ,- ,0,0,1800,1,LOS ANGELES,LOS ANGELES,CA,-118.4397421,34.0599556,"WILSHIRE BLVD & MALCOLM AVE, LOS ANGELES, CA",WILSHIRE BLVD,MALCOLM AVE,125241,
-118.4370722,34.04070664,64260,8816703,2019,2019-03-12T00:00:00.000Z,1942,2019-01-21T00:00:00.000Z,1635,39586,835,1,5,7,1942,0,0,0,H,0,8A36,OLYMPIC BL,BENTLEY AV,0,,Y,A,-,N,,0,0,,,0,,,,Y,3,0,1,2,A,-,9,21801,A,N,D,C,A,A,H,-,A,D,0,,,Y,,Y,,A,7,0,1,0,0,0,0,0,0,1,- ,- ,0,0,1800,1,LOS ANGELES,LOS ANGELES,CA,-118.4370722,34.04070663,"OLYMPIC BLVD & BENTLEY AVE, LOS ANGELES, CA",OLYMPIC BLVD,BENTLEY AVE,132231,
-118.4488321,34.02308655,64261,8816719,2019,2019-03-12T00:00:00.000Z,1942,2019-01-19T00:00:00.000Z,1640,38267,1401,6,5,7,1942,0,0,0,N,0,14A58,OCEAN PARK BL,CENTINELA AV,0,,Y,A,-,N,,0,0,,,0,,,,Y,4,0,1,2,A,-,9,21801,A,N,D,C,A,A,H,-,A,A,0,,,,,Y,,A,1,0,0,1,0,0,0,0,0,0,- ,- ,0,0,1800,1,LOS ANGELES,LOS ANGELES,CA,-118.4488321,34.02308655,"OCEAN PARK BLVD & CENTINELA AVE, LOS ANGELES, CA",OCEAN PARK BLVD,CENTINELA AVE,114370,
-118.4592221,34.0423851,64262,8816720,2019,2019-03-12T00:00:00.000Z,1942,2019-01-22T00:00:00.000Z,1655,43399,852,2,5,7,1942,0,0,0,H,0,8Z2,SANTA MONICA BL,S WESTGATE AV,0,,Y,A,-,N,,0,0,,,0,,,,Y,4,0,2,3,A,-,12,21453,A,N,D,C,A,A,H,-,A,A,0,,,,,Y,,A,1,0,0,2,0,0,0,0,0,0,- ,- ,0,0,1800,1,LOS ANGELES,LOS ANGELES,CA,-118.4592221,34.0423851,"SANTA MONICA BLVD & WESTGATE AVE, LOS ANGELES, CA",SANTA MONICA BLVD,WESTGATE AVE,131893,
-118.4216546,34.04972458,64263,8816731,2019,2019-03-08T00:00:00.000Z,1942,2019-01-21T00:00:00.000Z,1743,43464,847,1,5,7,1942,0,0,0,H,0,8A98,OLYMPIC BL,LINNINGTON AV,45,W,N,A,-,N,,0,0,,,0,,,,N,0,0,0,2,A,-,7,21658,A,N,B,C,A,A,H,-,C,A,0,,,,,Y,,A,7,0,0,0,0,0,0,0,0,0,- ,- ,0,0,1800,1,LOS ANGELES,LOS ANGELES,CA,-118.4216546,34.04972458,"OLYMPIC BLVD & LINNINGTON AVE, LOS ANGELES, CA",OLYMPIC BLVD,LINNINGTON AVE,118340,
-118.3714258,34.06432724,64264,8816739,2019,2019-03-08T00:00:00.000Z,1942,2019-01-22T00:00:00.000Z,1617,38262,722,2,5,7,1942,0,0,0,G,0,7A21,SAN VICENTE BL,SWEETZER AV,20,W,N,A,-,N,,0,0,,,0,,,,N,0,0,0,1,A,-,8,22107,,N,E,I,A,A,H,-,A,A,0,,,,,Y,,A,7,0,0,0,0,0,0,0,0,0,- ,- ,0,0,1800,1,LOS ANGELES,LOS ANGELES,CA,-118.3714258,34.06432724,"SAN VICENTE BLVD & SWEETZER AVE, LOS ANGELES, CA",SAN VICENTE BLVD,SWEETZER AVE,1886,
-118.4475064,34.1478653,64265,8818113,2019,2019-03-25T00:00:00.000Z,1942,2019-01-21T00:00:00.000Z,1600,42051,985,1,5,7,1942,0,0,0,I,0,9A89,GREENLEAF ST,BEVERLY GLEN AV,295,W,N,A,-,N,,0,0,,,0,,,,N,0,0,0,2,A,-,8,22107,,M,B,E,A,A,H,-,A,D,0,,,,,Y,,-,99,0,0,0,0,0,0,0,0,0,- ,- ,0,0,1800,1,LOS ANGELES,LOS ANGELES,CA,-118.4475064,34.1478653,"GREENLEAF ST & BEVERLY GLEN BLVD, LOS ANGELES, CA",GREENLEAF ST,BEVERLY GLEN BLVD,112616,
-118.4601128,34.20124817,64266,8818125,2019,2019-03-25T00:00:00.000Z,1942,2019-01-26T00:00:00.000Z,1530,33458,914,6,5,7,1942,0,0,0,I,0,9A23,SHERMAN WY,KESTER AV,800,W,N,A,-,N,,0,0,,,0,,,,N,0,0,0,3,A,-,8,22107,,M,B,E,A,A,H,-,A,D,0,,,,,Y,,-,99,0,0,0,0,0,0,0,0,0,- ,- ,0,0,1800,1,LOS ANGELES,LOS ANGELES,CA,-118.4601128,34.20124817,"SHERMAN WAY & KESTER AVE, LOS ANGELES, CA",SHERMAN WAY,KESTER AVE,126127,
-118.2469661,34.02832031,64267,8819670,2019,2019-03-13T00:00:00.000Z,1942,2019-01-31T00:00:00.000Z,1520,40164,1317,4,5,7,1942,0,0,0,M,0,24TL56,CENTRAL AV,14TH ST,50,S,N,B,-,N,,0,0,,,0,,,,N,0,0,0,2,A,-,7,21658,A,N,B,C,A,A,H,-,A,D,0,,,,,Y,,D,22,0,0,0,0,0,0,0,0,0,- ,- ,0,0,1800,1,LOS ANGELES,LOS ANGELES,CA,-118.2469661,34.02832031,"CENTRAL AVE & 14TH ST, LOS ANGELES, CA",CENTRAL AVE,14TH ST,121185,
-118.2026897,34.07380676,64268,8821256,2019,2019-04-19T00:00:00.000Z,1942,2019-01-31T00:00:00.000Z,1530,33485,424,4,5,7,1942,0,0,0,D,0,0W4,BROADWAY,LINCOLN PARK AV,25,E,N,A,-,N,,0,0,,,0,,,,N,0,0,0,2,A,-,3,22350,,M,C,E,A,A,H,-,A,A,0,,,,,Y,,-,99,0,0,0,0,0,0,0,0,0,- ,- ,0,0,1800,1,LOS ANGELES,LOS ANGELES,CA,-118.2026897,34.07380676,"N BROADWAY & LINCOLN PARK AVE, LOS ANGELES, CA",N BROADWAY,LINCOLN PARK AVE,132264,
-118.428578,34.2719574,64269,8821434,2019,2019-03-21T00:00:00.000Z,1942,2019-01-20T00:00:00.000Z,1630,43466,,7,5,7,1942,0,0,0,,0,16X8,PAXTON ST,SAN FERNANDO RD,50,W,N,A,-,N,,0,0,,,0,,,,N,0,0,0,2,A,-,8,22107,,M,D,C,A,A,H,-,A,A,0,,,,,Y,,A,1,0,0,0,0,0,0,0,0,0,- ,- ,0,0,1800,1,LOS ANGELES,LOS ANGELES,CA,-118.428578,34.2719574,"PAXTON ST & SAN FERNANDO RD, LOS ANGELES, CA",PAXTON ST,SAN FERNANDO RD,151165,
-118.2679521,34.06088638,64270,8821484,2019,2019-03-25T00:00:00.000Z,1942,2019-01-31T00:00:00.000Z,1510,43305,247,4,5,7,1942,0,0,0,B,0,2A47,S UNION AV,3RD ST,0,,N,B,-,N,,0,0,,,0,,,,N,3,0,1,2,A,-,11,21955,,N,G,B,D,A,H,-,A,D,0,Y,,,,Y,,N,60,0,1,0,0,1,0,0,0,0,- ,- ,0,0,1800,1,LOS ANGELES,LOS ANGELES,CA,-118.2679521,34.06088638,"UNION AVE & 3RD ST, LOS ANGELES, CA",UNION AVE,3RD ST,107018,
-118.2730221,34.06970596,64271,8821641,2019,2019-03-22T00:00:00.000Z,1942,2019-01-29T00:00:00.000Z,1615,34269,235,2,5,7,1942,0,0,0,B,0,2A17,N PARK VIEW ST,COUNCIL ST,0,,Y,A,-,N,,0,0,,,0,,,,N,0,0,0,2,A,-,12,22450,A,M,D,C,A,A,H,-,A,A,0,,,,,Y,,-,99,0,0,0,0,0,0,0,0,0,- ,- ,0,0,1800,1,LOS ANGELES,LOS ANGELES,CA,-118.2730222,34.06970596,"PARK VIEW ST & COUNCIL ST, LOS ANGELES, CA",PARK VIEW ST,COUNCIL ST,146237,
-118.3535816,34.08362579,64272,8823097,2019,2019-04-02T00:00:00.000Z,1942,2019-01-22T00:00:00.000Z,1610,38244,702,2,5,7,1942,0,0,0,G,0,7U2,MELROSE AV,GARDNER ST,100,W,N,A,-,N,,0,0,,,0,,,,N,0,0,0,2,A,-,3,22350,,M,B,E,A,A,H,-,A,D,0,,,,,Y,,-,99,0,0,0,0,0,0,0,0,0,- ,- ,0,0,1800,1,LOS ANGELES,LOS ANGELES,CA,-118.3535816,34.08362579,"MELROSE AVE & GARDNER ST, LOS ANGELES, CA",MELROSE AVE,GARDNER ST,124980,
-118.2053521,34.03769302,64273,8823468,2019,2019-03-18T00:00:00.000Z,1942,2019-01-27T00:00:00.000Z,1535,43093,467,7,5,7,1942,0,0,0,,0,4A56,SAVANNAH ST,4TH ST,0,,Y,A,-,N,,0,0,,,0,,,,N,0,0,0,2,A,-,8,22107,,M,C,C,A,A,H,-,A,A,0,,,,,Y,,-,99,0,0,0,0,0,0,0,0,0,- ,- ,0,0,1800,1,LOS ANGELES,LOS ANGELES,CA,-118.2053521,34.03769302,"SAVANNAH ST & 4TH ST, LOS ANGELES, CA",SAVANNAH ST,4TH ST,128153,
-118.4312622,34.17940521,64274,8825631,2019,2019-03-28T00:00:00.000Z,1942,2019-01-08T00:00:00.000Z,1700,39473,946,2,5,7,1942,0,0,0,I,0,9A37,OXNARD ST,WOODMAN AV,0,,Y,A,-,N,,0,0,,,0,,,,N,3,0,1,2,A,-,9,21804,A,F,H,G,A,A,H,-,A,A,0,,Y,,,Y,,L,4,0,1,0,0,0,0,1,0,0,- ,- ,0,0,1800,1,LOS ANGELES,LOS ANGELES,CA,-118.4312622,34.17940521,"OXNARD ST & WOODMAN AVE, LOS ANGELES, CA",OXNARD ST,WOODMAN AVE,97522,
-118.2916665,34.06449127,64275,8827444,2019,2019-04-02T00:00:00.000Z,1942,2019-01-25T00:00:00.000Z,1655,40452,2029,5,5,7,1942,0,0,0,,0,20A39,S VERMONT AV,6TH ST,320,N,N,A,-,N,,0,0,,,0,,,,N,0,0,0,2,A,-,5,21651,A,M,B,C,A,A,H,-,A,A,0,,,,,Y,,A,7,0,0,0,0,0,0,0,0,0,- ,- ,0,0,1800,1,LOS ANGELES,LOS ANGELES,CA,-118.2916665,34.06449127,"VERMONT AVE & 6TH ST, LOS ANGELES, CA",VERMONT AVE,6TH ST,104248,
-118.3788421,34.07637405,64276,8827676,2019,2019-04-04T00:00:00.000Z,1942,2019-01-09T00:00:00.000Z,1700,42799,711,3,5,7,1942,0,0,0,G,0,7A22,BEVERLY BL,BEVERLY PL,0,,Y,A,-,N,,0,0,,,0,,,,N,0,0,0,2,A,-,8,22107,A,N,B,C,A,A,H,-,B,D,0,,,,,Y,,-,,0,0,0,0,0,0,0,0,0,- ,- ,0,0,1800,1,LOS ANGELES,LOS ANGELES,CA,-118.3788421,34.07637405,"BEVERLY BLVD & BEVERLY PL, LOS ANGELES, CA",BEVERLY BLVD,BEVERLY PL,117977,
-118.361236,34.05316544,64277,8827679,2019,2019-04-04T00:00:00.000Z,1942,2019-01-18T00:00:00.000Z,1735,43183,753,5,5,7,1942,0,0,0,G,0,7X82,S SPAULDING AV,PACKARD ST,253,N,N,A,-,N,,0,0,,,0,,,,N,0,0,0,2,A,-,21,22106,,N,D,E,A,A,H,-,B,D,0,,,,,Y,,D,22,0,0,0,0,0,0,0,0,0,- ,- ,0,0,1800,1,LOS ANGELES,LOS ANGELES,CA,-118.361236,34.05316544,"SPAULDING AVE & PACKARD ST, LOS ANGELES, CA",SPAULDING AVE,PACKARD ST,138460,
-118.3578121,34.0403862,64278,8827747,2019,2019-04-04T00:00:00.000Z,1942,2019-01-25T00:00:00.000Z,1635,43321,783,5,5,7,1942,0,0,0,G,0,7A64W7,WASHINGTON,BURNSIDE,0,,Y,A,-,N,,0,0,,,0,,,,Y,4,0,1,2,A,-,9,21803,A,N,D,C,A,A,H,-,A,A,0,,,,,Y,,A,1,0,0,1,0,0,0,0,0,0,- ,- ,0,0,1800,1,LOS ANGELES,LOS ANGELES,CA,-118.3578121,34.0403862,"WASHINGTON BLVD & BURNSIDE AVE,, CA",WASHINGTON BLVD,BURNSIDE AVE,130812,
-118.3758836,34.05326462,64279,8827751,2019,2019-04-04T00:00:00.000Z,1942,2019-01-31T00:00:00.000Z,1500,40235,752,4,5,7,1942,0,0,0,G,0,7A53,PICO BL,LA CIENEGA BL,105,E,N,B,-,N,,0,0,,,0,,,,Y,3,0,3,5,A,-,3,22350,,N,C,C,A,B,H,-,A,D,0,,,,,Y,,A,1,0,2,1,0,0,0,0,0,0,- ,- ,0,0,1800,1,LOS ANGELES,LOS ANGELES,CA,-118.3758836,34.05326462,"PICO BLVD & LA CIENEGA BLVD, LOS ANGELES, CA",PICO BLVD,LA CIENEGA BLVD,96370,
-118.4487322,34.17211533,64280,8829842,2019,2019-04-18T00:00:00.000Z,1942,2019-01-31T00:00:00.000Z,1728,38135,914,4,5,7,1942,0,0,0,I,0,9X66,BURBANK BL,VAN NUYS BL,0,,Y,A,-,N,,0,0,,,0,,,,N,0,0,0,3,A,-,12,21453,A,M,C,A,A,A,H,-,B,A,0,,,,,Y,,-,99,0,0,0,0,0,0,0,0,0,- ,- ,0,0,1800,1,LOS ANGELES,LOS ANGELES,CA,-118.4487322,34.17211533,"BURBANK BLVD & VAN NUYS BLVD, LOS ANGELES, CA",BURBANK BLVD,VAN NUYS BLVD,104821,
-118.3350521,34.09978867,64281,8830254,2019,2019-03-27T00:00:00.000Z,1942,2019-01-27T00:00:00.000Z,1720,41619,,7,5,7,1942,0,0,0,,0,646,CHEROKEE AV,SELMA AV,30,N,N,A,-,N,,0,0,,,0,,,,N,0,0,0,2,A,-,8,22107,,M,B,E,A,A,H,-,C,D,0,,,,,Y,,-,99,0,0,0,0,0,0,0,0,0,- ,- ,0,0,1800,1,LOS ANGELES,LOS ANGELES,CA,-118.3350522,34.09978867,"CHEROKEE AVE & SELMA AVE, LOS ANGELES, CA",CHEROKEE AVE,SELMA AVE,111416,
-118.417905,34.04582596,64282,8830258,2019,2019-03-27T00:00:00.000Z,1942,2019-01-14T00:00:00.000Z,1635,41797,847,1,5,7,1942,0,0,0,H,0,7A84,PICO BL,BEVERLY GLEN,300,W,N,C,-,N,,0,0,,,0,,,,N,0,0,0,2,A,-,3,22350,,M,C,C,A,B,H,-,C,A,0,,,,,Y,,-,99,0,0,0,0,0,0,0,0,0,- ,- ,0,0,1800,1,LOS ANGELES,LOS ANGELES,CA,-118.417905,34.04582596,"PICO BLVD & BEVERLY GLEN BLVD, LOS ANGELES, CA",PICO BLVD,BEVERLY GLEN BLVD,128856,
-118.4468479,34.03473282,64283,8830262,2019,2019-03-27T00:00:00.000Z,1942,2019-01-10T00:00:00.000Z,1530,42843,881,4,5,7,1942,0,0,0,H,0,8X48,BARRY AV,OLYMPIC BL,40,S,N,A,-,N,,0,0,,,0,,,,N,0,0,0,2,A,-,3,22350,,M,B,C,A,A,H,-,A,A,0,,,,,Y,,-,99,0,0,0,0,0,0,0,0,0,- ,- ,0,0,1800,1,LOS ANGELES,LOS ANGELES,CA,-118.4468479,34.03473282,"BARRY AVE & OLYMPIC BLVD, LOS ANGELES, CA",BARRY AVE,OLYMPIC BLVD,121493,
-118.3177321,34.04100418,64284,8830278,2019,2019-03-27T00:00:00.000Z,1942,2019-01-07T00:00:00.000Z,1700,40235,779,1,5,7,1942,0,0,0,G,0,7A69,ARLINGTON AV,18TH ST,40,N,N,A,-,N,,0,0,,,0,,,,N,0,0,0,3,A,-,3,22350,,M,C,C,A,A,H,-,A,D,0,,,,,Y,,-,99,0,0,0,0,0,0,0,0,0,- ,- ,0,0,1800,1,LOS ANGELES,LOS ANGELES,CA,-118.3177321,34.04100418,"ARLINGTON AVE & 18TH ST, LOS ANGELES, CA",ARLINGTON AVE,18TH ST,124565,
-118.4689011,34.07710648,64285,8830890,2019,2019-03-27T00:00:00.000Z,1942,2019-01-28T00:00:00.000Z,1630,41376,805,1,5,7,1942,0,0,0,H,0,8A29,N SEPULVEDA BL,MORAGA DR,325,S,N,A,-,N,,0,0,,,0,,,,N,0,0,0,2,A,-,8,22107,,M,B,C,A,A,H,-,A,D,0,,,,,Y,,-,99,0,0,0,0,0,0,0,0,0,- ,- ,0,0,1800,1,LOS ANGELES,LOS ANGELES,CA,-118.4689011,34.07710648,"SEPULVEDA BLVD & MORAGA DR, LOS ANGELES, CA",SEPULVEDA BLVD,MORAGA DR,102194,
-118.2719321,34.05616379,64286,8830934,2019,2019-03-27T00:00:00.000Z,1942,2019-01-11T00:00:00.000Z,1515,37771,256,5,5,7,1942,0,0,0,B,0,2A1,WILSHIRE BL,LITTLE ST,0,,Y,B,-,N,,0,0,,,0,,,,N,0,0,0,2,A,-,0,21335,G,M,D,J,A,A,H,-,A,D,0,,,,,Y,,-,99,0,0,0,0,0,0,0,0,0,- ,- ,0,0,1800,1,LOS ANGELES,LOS ANGELES,CA,-118.2719321,34.05616379,"WILSHIRE BLVD & LITTLE ST, LOS ANGELES, CA",WILSHIRE BLVD,LITTLE ST,96481,
-118.2543385,34.04416657,64287,8833272,2019,2019-04-09T00:00:00.000Z,1942,2019-01-27T00:00:00.000Z,1730,37851,153,7,5,7,1942,0,0,0,A,0,1A12,BROADWAY,8TH,185,N,N,A,-,N,,0,0,,,0,,,,N,4,0,1,2,A,-,17,22517,,N,B,G,A,A,H,-,C,D,0,,Y,,,Y,,A,1,0,0,1,0,0,0,1,0,0,- ,- ,0,0,1800,1,LOS ANGELES,LOS ANGELES,CA,-118.2543385,34.04416656,"BROADWAY & 8TH ST, LOS ANGELES, CA",BROADWAY,8TH ST,145929,
-118.3327921,34.03676605,64288,8838652,2019,2019-04-16T00:00:00.000Z,1942,2019-01-30T00:00:00.000Z,1700,40096,788,3,5,7,1942,0,0,0,G,0,7A47,CRENSHAW BL,23RD ST,0,,Y,A,-,N,,0,0,,,0,,,,N,4,0,1,2,A,-,9,21801,A,N,D,C,A,A,H,-,A,D,0,,,,,Y,,A,1,0,0,1,0,0,0,0,0,0,- ,- ,0,0,1800,1,LOS ANGELES,LOS ANGELES,CA,-118.3327921,34.03676605,"CRENSHAW BLVD & 23RD ST, LOS ANGELES, CA",CRENSHAW BLVD,23RD ST,138539,
-118.2510521,34.03662491,64289,8839029,2019,2019-04-12T00:00:00.000Z,1942,2019-01-16T00:00:00.000Z,1750,43408,1303,3,5,7,1942,0,0,0,M,0,13A28,SAN PEDRO ST,9TH PL,0,,Y,C,-,N,,0,0,,,0,,,,N,0,0,0,2,A,-,4,21703,,M,C,C,A,B,H,-,C,A,0,,,,,Y,,-,99,0,0,0,0,0,0,0,0,0,- ,- ,0,0,1800,1,LOS ANGELES,LOS ANGELES,CA,-118.2510521,34.03662491,"SAN PEDRO ST & 9TH PL, LOS ANGELES, CA",SAN PEDRO ST,9TH PL,142144,
-118.4374821,34.00551605,64290,8843214,2019,2019-05-02T00:00:00.000Z,1942,2019-01-11T00:00:00.000Z,1725,41785,1434,5,5,7,1942,0,0,0,N,0,14A12,WASATCH AV,VICTORIA AV,0,,Y,A,-,N,,0,0,,,0,,,,N,0,0,0,2,A,-,12,22450,A,M,D,C,A,A,H,-,C,A,0,,,,,Y,,-,99,0,0,0,0,0,0,0,0,0,- ,- ,0,0,1800,1,LOS ANGELES,LOS ANGELES,CA,-118.4374821,34.00551605,"WASATCH AVE & VICTORIA AVE, LOS ANGELES, CA",WASATCH AVE,VICTORIA AVE,104019,
-118.3573931,34.24703217,64291,8849840,2019,2019-04-24T00:00:00.000Z,1942,2019-01-09T00:00:00.000Z,1650,32264,1655,3,5,7,1942,0,0,0,P,0,16X78,SUNLAND BL,WHEATLAND AV,30,E,N,A,-,N,,0,0,,,0,,,,N,4,0,1,2,A,-,3,22350,,F,C,C,A,A,H,-,A,D,0,,,,,Y,,-,99,0,0,1,0,0,0,0,0,0,- ,- ,0,0,1800,1,LOS ANGELES,LOS ANGELES,CA,-118.3573931,34.24703217,"SUNLAND BLVD & WHEATLAND AVE, LOS ANGELES, CA",SUNLAND BLVD,WHEATLAND AVE,108820,
-118.3484421,34.03847504,64292,8850695,2019,2019-04-30T00:00:00.000Z,1942,2019-01-28T00:00:00.000Z,1640,33169,784,1,5,7,1942,0,0,0,G,0,7A73,LA BREA AV,21ST ST,0,,Y,A,-,N,,0,0,,,0,,,,Y,4,0,1,2,A,-,9,21801,A,N,A,C,A,A,H,-,A,A,0,,,,,Y,,A,1,0,0,1,0,0,0,0,0,0,- ,- ,0,0,1800,1,LOS ANGELES,LOS ANGELES,CA,-118.3484421,34.03847504,"LA BREA AVE & 21ST ST, LOS ANGELES, CA",LA BREA AVE,21ST ST,96394,
-118.4227042,34.01981735,64293,8855490,2019,2019-05-10T00:00:00.000Z,1942,2019-01-22T00:00:00.000Z,1730,42284,1427,2,5,7,1942,0,0,0,N,0,14EL2,SEPULVEDA BL,PALMS BL,250,N,N,A,-,N,,0,0,,,0,,,,Y,0,0,0,2,A,-,5,21460,A,M,B,C,A,A,H,-,C,A,0,,,,,Y,,-,99,0,0,0,0,0,0,0,0,0,- ,- ,0,0,1800,1,LOS ANGELES,LOS ANGELES,CA,-118.4227042,34.01981735,"SEPULVEDA BLVD & PALMS BLVD, LOS ANGELES, CA",SEPULVEDA BLVD,PALMS BLVD,132006,
-118.4471726,33.98730087,64294,8856487,2019,2019-05-14T00:00:00.000Z,1942,2019-01-09T00:00:00.000Z,1715,43074,1444,3,5,7,1942,0,0,0,N,0,14A58,BERKELEY DR,STANFORD AV,100,W,N,B,-,N,,0,0,,,0,,,,N,0,0,0,2,A,-,8,22107,,M,B,E,A,A,H,-,C,A,0,,,,,Y,,-,99,0,0,0,0,0,0,0,0,0,- ,- ,0,0,1800,1,LOS ANGELES,LOS ANGELES,CA,-118.4471726,33.98730087,"BERKELEY DR & STANFORD AVE, LOS ANGELES, CA",BERKELEY DR,STANFORD AVE,114286,
-118.3716003,33.9774971,64295,8856491,2019,2019-05-14T00:00:00.000Z,1942,2019-01-06T00:00:00.000Z,1550,42249,1469,7,5,7,1942,0,0,0,N,0,14A45,LA TIJERA BL,CENTINELA AV,60,N,N,A,-,N,,0,0,,,0,,,,N,0,0,0,2,A,-,5,21651,A,M,B,C,A,A,H,-,A,A,0,,,,,Y,,-,99,0,0,0,0,0,0,0,0,0,- ,- ,0,0,1800,1,LOS ANGELES,LOS ANGELES,CA,-118.3716003,33.9774971,"LA TIJERA BLVD & CENTINELA AVE, LOS ANGELES, CA",LA TIJERA BLVD,CENTINELA AVE,96023,
-118.4336521,34.00373459,64296,8856495,2019,2019-05-14T00:00:00.000Z,1942,2019-01-08T00:00:00.000Z,1650,42154,1435,2,5,7,1942,0,0,0,N,0,14A73,CENTINELA AV,VENICE BL,0,,Y,A,-,N,,0,0,,,0,,,,N,0,0,0,2,A,-,9,21804,A,M,A,C,A,A,H,-,A,A,0,,,,,Y,,-,99,0,0,0,0,0,0,0,0,0,- ,- ,0,0,1800,1,LOS ANGELES,LOS ANGELES,CA,-118.4336521,34.00373459,"CENTINELA AVE & VENICE BLVD, LOS ANGELES, CA",CENTINELA AVE,VENICE BLVD,114537,