X,Y,OBJECTID,case_id,accident_year,proc_date,juris,collision_date,collision_time,officer_id,reporting_district,day_of_week,chp_shift,population,cnty_city_loc,special_cond,beat_type,chp_beat_type,city_division_lapd,chp_beat_class,beat_number,primary_rd,secondary_rd,distance,direction,intersection,weather_1,weather_2,state_hwy_ind,caltrans_county,caltrans_district,state_route,route_suffix,postmile_prefix,postmile,location_type,ramp_intersection,side_of_hwy,tow_away,collision_severity,number_killed,number_injured,party_count,primary_coll_factor,pcf_code_of_viol,pcf_viol_category,pcf_violation,pcf_viol_subsection,hit_and_run,type_of_collision,mviw,ped_action,road_surface,road_cond_1,road_cond_2,lighting,control_device,chp_road_type,pedestrian_accident,bicycle_accident,motorcycle_accident,truck_accident,not_private_property,alcohol_involved,stwd_vehtype_at_fault,chp_vehtype_at_fault,count_severe_inj,count_visible_inj,count_complaint_pain,count_ped_killed,count_ped_injured,count_bicyclist_killed,count_bicyclist_injured,count_mc_killed,count_mc_injured,primary_ramp,secondary_ramp,latitude,longitude,timecat,month_,city,county,state,point_x,point_y,match_addr,m_primaryrd,m_secondrd,int_id,Flag
-118.4836622,34.18917465,70652,8778853,2019,2019-02-02T00:00:00.000Z,1942,2019-01-18T00:00:00.000Z,1825,41316,1039,5,5,7,1942,0,0,0,J,0,10A39,WOODLEY AV,HAYNES ST,0,,Y,A,-,N,,0,0,,,0,,,,N,4,0,1,2,A,-,9,21802,A,N,D,C,A,A,H,-,D,A,0,,,,,Y,,-,99,0,0,1,0,0,0,0,0,0,- ,- ,0,0,2100,1,LOS ANGELES,LOS ANGELES,CA,-118.4836622,34.18917465,"WOODLEY AVE & HAYNES ST, LOS ANGELES, CA",WOODLEY AVE,HAYNES ST,111828,
-118.363316,34.13714218,70653,8778857,2019,2019-02-02T00:00:00.000Z,1942,2019-01-08T00:00:00.000Z,1940,40044,1566,2,5,7,1942,0,0,0,O,0,DESK,LANKERSHIM,VENTURA,20,S,N,A,-,N,,0,0,,,0,,,,N,4,0,1,2,A,-,0,20015,,F,C,C,A,A,H,-,C,D,0,,,,,Y,,-,- ,0,0,1,0,0,0,0,0,0,- ,- ,0,0,2100,1,LOS ANGELES,LOS ANGELES,CA,-118.363316,34.13714218,"LANKERSHIM BLVD & VENTURA BLVD, LOS ANGELES, CA",LANKERSHIM BLVD,VENTURA BLVD,129089,
-118.5011836,34.20870209,70654,8778879,2019,2019-02-12T00:00:00.000Z,1942,2019-01-15T00:00:00.000Z,1916,42251,1007,2,5,7,1942,0,0,0,J,0,10A17,BALBOA BL,SATICOY ST,108,N,N,C,-,N,,0,0,,,0,,,,Y,0,0,0,2,A,-,1,23152,A,M,C,C,A,B,H,-,C,A,0,,,,,Y,Y,A,7,0,0,0,0,0,0,0,0,0,- ,- ,0,0,2100,1,LOS ANGELES,LOS ANGELES,CA,-118.5011836,34.20870209,"BALBOA BLVD & SATICOY ST, LOS ANGELES, CA",BALBOA BLVD,SATICOY ST,147533,
-118.4094421,34.17212677,70655,8778980,2019,2019-02-06T00:00:00.000Z,1942,2019-01-15T00:00:00.000Z,2000,39493,1531,2,5,7,1942,0,0,0,O,0,15A43,BURBANK BL,BELLAIRE AV,0,,Y,C,-,N,,0,0,,,0,,,,N,4,0,1,2,A,-,5,21650,1,F,D,G,A,B,H,-,C,A,0,,Y,,,Y,,L,4,0,0,1,0,0,0,1,0,0,- ,- ,0,0,2100,1,LOS ANGELES,LOS ANGELES,CA,-118.4094421,34.17212677,"BURBANK BLVD & BELLAIRE AVE, LOS ANGELES, CA",BURBANK BLVD,BELLAIRE AVE,143126,
-118.4244053,34.19394684,70656,8778984,2019,2019-02-06T00:00:00.000Z,1942,2019-01-15T00:00:00.000Z,1925,42818,919,2,5,7,1942,0,0,0,I,0,9A19,VANOWEN ST,VARNA AV,96,E,N,C,-,N,,0,0,,,0,,,,N,3,0,1,2,A,-,11,21954,A,F,G,B,D,B,H,-,C,D,0,Y,,,,Y,,N,60,0,1,0,0,1,0,0,0,0,- ,- ,0,0,2100,1,LOS ANGELES,LOS ANGELES,CA,-118.4244053,34.19394684,"VANOWEN ST & VARNA AVE, LOS ANGELES, CA",VANOWEN ST,VARNA AVE,101174,
-118.3295821,34.03259659,70657,8779114,2019,2019-02-06T00:00:00.000Z,1942,2019-01-24T00:00:00.000Z,1930,43394,313,4,5,7,1942,0,0,0,C,0,3A15-W,W ADAMS BL,11TH AV,0,,Y,A,-,N,,0,0,,,0,,,,Y,3,0,1,6,A,-,0,22352,A,N,C,C,A,A,H,-,C,D,0,,,,,Y,,-,- ,0,1,0,0,0,0,0,0,0,- ,- ,0,0,2100,1,LOS ANGELES,LOS ANGELES,CA,-118.3295821,34.03259659,"ADAMS BLVD & 11TH AVE, LOS ANGELES, CA",ADAMS BLVD,11TH AVE,103492,
-118.2740701,33.93100357,70659,8779202,2019,2019-02-07T00:00:00.000Z,1942,2019-01-25T00:00:00.000Z,1825,42665,1841,5,5,7,1942,0,0,0,R,0,18A41,E IMPERIAL HWY,MAIN ST,48,W,N,A,-,N,,0,0,,,0,,,,N,4,0,1,2,A,-,3,22350,,N,C,C,A,A,H,-,C,D,0,,,,,Y,,A,1,0,0,1,0,0,0,0,0,0,- ,- ,0,0,2100,1,LOS ANGELES,LOS ANGELES,CA,-118.2740701,33.93100357,"IMPERIAL HWY & MAIN ST, LOS ANGELES, CA",IMPERIAL HWY,MAIN ST,106798,
-118.2995536,33.98910523,70660,8779236,2019,2019-02-05T00:00:00.000Z,1942,2019-01-18T00:00:00.000Z,1910,42282,1235,5,5,7,1942,0,0,0,L,0,12A45,SLAUSON AV,NORMANDIE AV,200,E,N,A,-,N,,0,0,,,0,,,,N,0,0,0,1,C,-,18,0,,N,H,J,A,A,A,-,C,D,0,,,,,Y,,-,- ,0,0,0,0,0,0,0,0,0,- ,- ,0,0,2100,1,LOS ANGELES,LOS ANGELES,CA,-118.2995536,33.98910522,"SLAUSON AVE & NORMANDIE AVE, LOS ANGELES, CA",SLAUSON AVE,NORMANDIE AVE,99523,
-118.2798621,34.05169678,70662,8779253,2019,2019-02-12T00:00:00.000Z,1942,2019-01-09T00:00:00.000Z,1800,43029,275,3,5,7,1942,0,0,0,B,0,2A76,OLYMPIC BL,ALVARADO,0,,N,A,-,N,,0,0,,,0,,,,N,0,0,0,2,A,-,7,21658,A,N,C,C,A,A,H,-,A,A,0,,,,,Y,,D,22,0,0,0,0,0,0,0,0,0,- ,- ,0,0,2100,1,LOS ANGELES,LOS ANGELES,CA,-118.2798621,34.05169678,"OLYMPIC BLVD & ALVARADO ST, LOS ANGELES, CA",OLYMPIC BLVD,ALVARADO ST,145718,
-118.2632922,34.06870651,70663,8779257,2019,2019-02-11T00:00:00.000Z,1942,2019-01-04T00:00:00.000Z,1820,42876,236,5,5,7,1942,0,0,0,B,0,2A47,TEMPLE ST,UNION AV,0,,Y,A,-,N,,0,0,,,0,,,,Y,4,0,1,2,A,-,9,21801,A,N,D,C,A,A,H,-,C,-,0,,,,,Y,,D,22,0,0,1,0,0,0,0,0,0,- ,- ,0,0,2100,1,LOS ANGELES,LOS ANGELES,CA,-118.2632922,34.06870651,"TEMPLE ST & UNION AVE, LOS ANGELES, CA",TEMPLE ST,UNION AVE,97077,
-118.326711,34.08347321,70664,8779259,2019,2019-02-02T00:00:00.000Z,1942,2019-01-11T00:00:00.000Z,1830,38090,719,5,5,7,1942,0,0,0,G,0,7A17,MELROSE AV,VINE ST,30,W,N,A,-,N,,0,0,,,0,,,,N,0,0,0,2,A,-,6,21750,,M,B,C,A,A,H,-,C,A,0,,,,,Y,,A,1,0,0,0,0,0,0,0,0,0,- ,- ,0,0,2100,1,LOS ANGELES,LOS ANGELES,CA,-118.326711,34.08347321,"MELROSE AVE & VINE ST, LOS ANGELES, CA",MELROSE AVE,VINE ST,135606,
-118.2799121,34.05386353,70665,8779265,2019,2019-03-18T00:00:00.000Z,1942,2019-01-03T00:00:00.000Z,2035,40730,261,4,5,7,1942,0,0,0,B,0,2A45,S LAKE ST,JAMES M WOOD BL,0,,Y,A,-,N,,0,0,,,0,,,,Y,4,0,1,2,A,-,9,21802,A,N,D,C,A,A,H,-,C,A,0,,,,,Y,,A,1,0,0,1,0,0,0,0,0,0,- ,- ,0,0,2100,1,LOS ANGELES,LOS ANGELES,CA,-118.2799121,34.05386353,"LAKE ST & JAMES M WOOD BLVD, LOS ANGELES, CA",LAKE ST,JAMES M WOOD BLVD,149200,
-118.3004222,34.04371643,70666,8779288,2019,2019-02-06T00:00:00.000Z,1942,2019-01-18T00:00:00.000Z,1805,41054,2074,5,5,7,1942,0,0,0,,0,20A71,VENICE BL,S NORMANDIE AV,0,,Y,A,-,N,,0,0,,,0,,,,Y,2,0,2,2,A,-,9,21801,A,N,A,C,A,A,H,-,C,A,0,,,Y,,Y,,A,1,1,0,1,0,0,0,0,0,1,- ,- ,0,0,2100,1,LOS ANGELES,LOS ANGELES,CA,-118.3004222,34.04371643,"VENICE BLVD & NORMANDIE AVE, LOS ANGELES, CA",VENICE BLVD,NORMANDIE AVE,128083,
-118.3272521,34.07601547,70667,8779312,2019,2019-02-05T00:00:00.000Z,1942,2019-01-10T00:00:00.000Z,1930,37575,719,4,5,7,1942,0,0,0,G,0,8TL35,BEVERLY BL,ROSSMORE AV,0,,Y,A,-,N,,0,0,,,0,,,,N,4,0,1,2,A,-,9,21801,A,N,D,C,A,A,H,-,D,A,0,,,,,Y,,A,1,0,0,1,0,0,0,0,0,0,- ,- ,0,0,2100,1,LOS ANGELES,LOS ANGELES,CA,-118.3272521,34.07601547,"BEVERLY BLVD & ROSSMORE AVE, LOS ANGELES, CA",BEVERLY BLVD,ROSSMORE AVE,114649,
-118.3962421,33.95990372,70668,8779319,2019,2019-02-07T00:00:00.000Z,1942,2019-01-10T00:00:00.000Z,1945,42273,1487,4,5,7,1942,0,0,0,N,0,14A67,SEPULVEDA BL,MANCHESTER AV,0,,Y,A,-,N,,0,0,,,0,,,,Y,4,0,3,2,A,-,9,21801,A,N,A,C,A,A,H,-,C,A,0,,,,,Y,,A,7,0,0,3,0,0,0,0,0,0,- ,- ,0,0,2100,1,LOS ANGELES,LOS ANGELES,CA,-118.3962421,33.95990372,"SEPULVEDA BLVD & MANCHESTER AVE, LOS ANGELES, CA",SEPULVEDA BLVD,MANCHESTER AVE,137089,
-118.2999503,34.03996658,70669,8779352,2019,2019-02-05T00:00:00.000Z,1942,2019-01-07T00:00:00.000Z,1945,36504,2093,1,5,7,1942,0,0,0,,0,20A71,WEST WASHINGTON BL,NORMANDIE AV,125,E,N,A,-,N,,0,0,,,0,,,,N,4,0,1,2,A,-,3,22350,,F,C,C,A,A,H,-,C,D,0,,,,,Y,,-,99,0,0,1,0,0,0,0,0,0,- ,- ,0,0,2100,1,LOS ANGELES,LOS ANGELES,CA,-118.2999503,34.03996658,"WASHINGTON BLVD & NORMANDIE AVE, LOS ANGELES, CA",WASHINGTON BLVD,NORMANDIE AVE,128090,
-118.2929421,34.06903458,70670,8779356,2019,2019-02-05T00:00:00.000Z,1942,2019-01-06T00:00:00.000Z,2020,41210,2026,7,5,7,1942,0,0,0,,0,14T47,NEW HAMPSHIRE AV,3RD ST,0,,Y,A,-,N,,0,0,,,0,,,,Y,4,0,2,2,A,-,3,22350,,F,C,C,A,A,H,-,C,A,0,,,,,Y,,A,7,0,0,2,0,0,0,0,0,0,- ,- ,0,0,2100,1,LOS ANGELES,LOS ANGELES,CA,-118.2929421,34.06903458,"NEW HAMPSHIRE AVE & 3RD ST, LOS ANGELES, CA",NEW HAMPSHIRE AVE,3RD ST,146369,
-118.2808075,34.05023193,70671,8779362,2019,2019-03-07T00:00:00.000Z,1942,2019-01-15T00:00:00.000Z,1840,43388,281,2,5,7,1942,0,0,0,B,0,2A56,ALVARADO ST,11TH ST,10,S,N,C,-,N,,0,0,,,0,,,,Y,4,0,2,2,A,-,12,21453,A,N,A,C,A,B,G,-,C,A,0,,,,,Y,,-,- ,0,0,2,0,0,0,0,0,0,- ,- ,0,0,2100,1,LOS ANGELES,LOS ANGELES,CA,-118.2808075,34.05023193,"ALVARADO ST & 11TH ST, LOS ANGELES, CA",ALVARADO ST,11TH ST,96485,
-118.2502632,34.06833267,70672,8779376,2019,2019-02-12T00:00:00.000Z,1942,2019-01-18T00:00:00.000Z,2029,39876,219,5,5,7,1942,0,0,0,B,0,24Q1,SUNSET BL,MARION,56,N,N,A,-,N,,0,0,,,0,,,,Y,4,0,1,2,A,-,8,22103,,N,D,C,A,A,H,-,C,A,0,,,,,Y,,A,1,0,0,1,0,0,0,0,0,0,- ,- ,0,0,2100,1,LOS ANGELES,LOS ANGELES,CA,-118.2502632,34.06833267,"SUNSET BLVD & MARION AVE, LOS ANGELES, CA",SUNSET BLVD,MARION AVE,114617,
-118.4371432,34.06060791,70673,8779410,2019,2019-02-11T00:00:00.000Z,1942,2019-01-19T00:00:00.000Z,1904,41671,828,6,5,7,1942,0,0,0,H,0,8A29,WILSHIRE BL,SELBY AV,273,E,N,A,-,N,,0,0,,,0,,,,N,4,0,1,2,A,-,17,21235,G,F,G,B,F,A,H,-,C,D,0,Y,,,,Y,,-,99,0,0,1,0,1,0,0,0,0,- ,- ,0,0,2100,1,LOS ANGELES,LOS ANGELES,CA,-118.4371432,34.06060791,"WILSHIRE BLVD & SELBY AVE, LOS ANGELES, CA",WILSHIRE BLVD,SELBY AVE,135591,
-118.310636,33.98912048,70674,8779418,2019,2019-02-11T00:00:00.000Z,1942,2019-01-09T00:00:00.000Z,1915,39299,1233,3,5,7,1942,0,0,0,L,0,12A45,W SLAUSON AV,MANHATTAN PL,150,W,N,A,-,N,,0,0,,,0,,,,N,4,0,1,2,B,-,22,0,,F,G,B,F,A,H,-,C,D,0,Y,,,,Y,,-,99,0,0,1,0,1,0,0,0,0,- ,- ,0,0,2100,1,LOS ANGELES,LOS ANGELES,CA,-118.310636,33.98912048,"SLAUSON AVE & MANHATTAN PL, LOS ANGELES, CA",SLAUSON AVE,MANHATTAN PL,99535,
-118.291748,33.95793533,70675,8779425,2019,2019-02-11T00:00:00.000Z,1942,2019-01-03T00:00:00.000Z,1930,42281,1801,4,5,7,1942,0,0,0,R,0,18A1,W 88TH ST,E VERMONT AV,20,W,N,A,-,N,,0,0,,,0,,,,N,3,0,1,2,A,-,10,21950,,F,G,B,B,A,H,-,B,A,0,Y,,,,Y,,-,99,0,1,0,0,1,0,0,0,0,- ,- ,0,0,2100,1,LOS ANGELES,LOS ANGELES,CA,-118.291748,33.95793533,"88TH ST & VERMONT AVE, LOS ANGELES, CA",88TH ST,VERMONT AVE,112797,
-118.3139574,34.01083374,70676,8779430,2019,2019-02-11T00:00:00.000Z,1942,2019-01-25T00:00:00.000Z,1810,39735,375,5,5,7,1942,0,0,0,C,0,3A98,MARTIN LUTHER KING JR BL,GRAMERCY PL,35,W,N,A,-,N,,0,0,,,0,,,,N,4,0,1,2,D,-,0,0,,N,G,B,D,A,H,-,D,D,0,Y,,,,Y,,-,- ,0,0,1,0,1,0,0,0,0,- ,- ,0,0,2100,1,LOS ANGELES,LOS ANGELES,CA,-118.3139574,34.01083374,"MARTIN LUTHER KING JR BLVD & GRAMERCY PL, LOS ANGELES, CA",MARTIN LUTHER KING JR BLVD,GRAMERCY PL,98623,
-118.3091268,33.99325562,70677,8780862,2019,2019-02-22T00:00:00.000Z,1942,2019-01-13T00:00:00.000Z,2000,42282,1213,7,5,7,1942,0,0,0,L,0,12A3,54TH ST,WESTERN AV,50,W,N,A,-,N,,0,0,,,0,,,,Y,0,0,0,2,A,-,1,23152,A,N,C,C,A,A,H,-,C,A,0,,,,,Y,Y,A,1,0,0,0,0,0,0,0,0,0,- ,- ,0,0,2100,1,LOS ANGELES,LOS ANGELES,CA,-118.3091268,33.99325562,"54TH ST & WESTERN AVE, LOS ANGELES, CA",54TH ST,WESTERN AVE,145214,
-118.2915693,34.01173782,70678,8780872,2019,2019-02-25T00:00:00.000Z,1942,2019-01-18T00:00:00.000Z,2035,41870,378,5,5,7,1942,0,0,0,C,0,3A57,VERMONT AV,BROWNING BL,126,S,N,A,-,N,,0,0,,,0,,,,Y,4,0,4,2,A,-,3,22350,,N,C,C,A,A,H,-,C,A,0,,,,,Y,,J,48,0,0,4,0,0,0,0,0,0,- ,- ,0,0,2100,1,LOS ANGELES,LOS ANGELES,CA,-118.2915693,34.01173782,"VERMONT AVE & BROWNING BLVD, LOS ANGELES, CA",VERMONT AVE,BROWNING BLVD,103307,
-118.3002022,34.00369644,70679,8781021,2019,2019-02-04T00:00:00.000Z,1942,2019-01-06T00:00:00.000Z,2040,39280,397,7,5,7,1942,0,0,0,C,0,3A58,VERNON AV,NORMANDIE AV,0,,Y,B,-,N,,0,0,,,0,,,,Y,4,0,1,2,A,-,9,21801,A,N,D,C,A,A,H,-,C,A,0,,,,,Y,,D,22,0,0,1,0,0,0,0,0,0,- ,- ,0,0,2100,1,LOS ANGELES,LOS ANGELES,CA,-118.3002022,34.00369644,"VERNON AVE & NORMANDIE AVE, LOS ANGELES, CA",VERNON AVE,NORMANDIE AVE,117361,
-118.3002022,34.00369644,70680,8781033,2019,2019-02-04T00:00:00.000Z,1942,2019-01-02T00:00:00.000Z,2025,43394,397,3,5,7,1942,0,0,0,C,0,3A73W3,NORMANDIE AV,VERNON AV,0,,Y,A,-,N,,0,0,,,0,,,,Y,4,0,1,2,A,-,3,22350,,N,C,C,A,A,H,-,C,A,0,,,,,Y,,A,1,0,0,1,0,0,0,0,0,0,- ,- ,0,0,2100,1,LOS ANGELES,LOS ANGELES,CA,-118.3002022,34.00369644,"NORMANDIE AVE & VERNON AVE, LOS ANGELES, CA",NORMANDIE AVE,VERNON AVE,117361,
-118.2694475,33.97214508,70681,8781172,2019,2019-02-01T00:00:00.000Z,1942,2019-01-02T00:00:00.000Z,1840,40971,1259,3,5,7,1942,0,0,0,L,0,12A69,E 75TH ST,SAN PEDRO ST,50,E,N,A,-,N,,0,0,,,0,,,,N,0,0,0,2,A,-,3,22350,,M,C,E,A,A,H,-,C,D,0,,,,,Y,,-,99,0,0,0,0,0,0,0,0,0,- ,- ,0,0,2100,1,LOS ANGELES,LOS ANGELES,CA,-118.2694475,33.97214508,"75TH ST & SAN PEDRO ST, LOS ANGELES, CA",75TH ST,SAN PEDRO ST,134575,
-118.3352221,33.98895645,70682,8781183,2019,2019-02-01T00:00:00.000Z,1942,2019-01-02T00:00:00.000Z,1920,42282,1232,3,5,7,1942,0,0,0,L,0,12A31,W SLAUSON AV,WEST BL,0,,Y,A,-,N,,0,0,,,0,,,,N,4,0,2,2,A,-,9,21801,A,N,D,C,A,A,H,-,C,A,0,,,,,Y,,A,1,0,0,2,0,0,0,0,0,0,- ,- ,0,0,2100,1,LOS ANGELES,LOS ANGELES,CA,-118.3352221,33.98895645,"SLAUSON AVE & WEST BLVD, LOS ANGELES, CA",SLAUSON AVE,WEST BLVD,134540,
-118.3965215,34.17322159,70683,8781556,2019,2019-02-15T00:00:00.000Z,1942,2019-01-05T00:00:00.000Z,2005,42029,1543,6,5,7,1942,0,0,0,O,0,15A43,LAUREL CANYON BL,BURBANK BL,400,N,N,C,-,N,,0,0,,,0,,,,Y,0,0,0,4,A,-,8,22107,,M,B,C,A,B,H,-,C,D,0,,,,,Y,,A,1,0,0,0,0,0,0,0,0,0,- ,- ,0,0,2100,1,LOS ANGELES,LOS ANGELES,CA,-118.3965215,34.17322159,"LAUREL CANYON BLVD & BURBANK BLVD, LOS ANGELES, CA",LAUREL CANYON BLVD,BURBANK BLVD,97420,
-118.2923721,33.73967362,70684,8781784,2019,2019-02-06T00:00:00.000Z,1942,2019-01-19T00:00:00.000Z,1850,42822,557,6,5,7,1942,0,0,0,E,0,5X64,GAFFEY ST,5TH ST,0,,Y,A,-,N,,0,0,,,0,,,,N,4,0,1,2,A,-,9,21801,A,N,D,C,A,A,H,-,C,A,0,,,,,Y,,A,1,0,0,1,0,0,0,0,0,0,- ,- ,0,0,2100,1,LOS ANGELES,LOS ANGELES,CA,-118.2923721,33.73967361,"GAFFEY ST & 5TH ST, LOS ANGELES, CA",GAFFEY ST,5TH ST,100810,
-118.4463475,34.20480347,70685,8782948,2019,2019-02-05T00:00:00.000Z,1942,2019-01-13T00:00:00.000Z,2015,38185,906,7,5,7,1942,0,0,0,I,0,9A5,VALERIO ST,LENNOX AV,250,W,N,B,-,N,,0,0,,,0,,,,Y,3,0,2,2,A,-,1,23152,A,N,D,C,A,A,H,-,C,A,0,,,,,Y,Y,A,7,0,1,1,0,0,0,0,0,0,- ,- ,0,0,2100,1,LOS ANGELES,LOS ANGELES,CA,-118.4463475,34.20480347,"VALERIO ST & LENNOX AVE, LOS ANGELES, CA",VALERIO ST,LENNOX AVE,129452,
-118.4923922,34.18663406,70686,8782960,2019,2019-02-05T00:00:00.000Z,1942,2019-01-12T00:00:00.000Z,2005,37613,1049,6,5,7,1942,0,0,0,J,0,10A17,VICTORY BL,HAYVENHURST AV,0,,Y,B,-,N,,0,0,,,0,,,,Y,4,0,3,2,A,-,1,23152,A,N,B,C,A,A,H,-,C,A,0,,,,,Y,Y,A,1,0,0,3,0,0,0,0,0,0,- ,- ,0,0,2100,1,LOS ANGELES,LOS ANGELES,CA,-118.4923922,34.18663406,"VICTORY BLVD & HAYVENHURST AVE, LOS ANGELES, CA",VICTORY BLVD,HAYVENHURST AVE,104843,
-118.2010121,34.02778626,70687,8784264,2019,2019-02-14T00:00:00.000Z,1942,2019-01-06T00:00:00.000Z,1840,41597,478,7,5,7,1942,0,0,0,D,0,424,WHITTIER BL,LORENA ST,0,,Y,A,-,N,,0,0,,,0,,,,N,3,0,1,2,A,-,10,21950,A,F,G,B,B,A,H,-,C,A,0,Y,,,,Y,Y,-,99,0,1,0,0,1,0,0,0,0,- ,- ,0,0,2100,1,LOS ANGELES,LOS ANGELES,CA,-118.2010121,34.02778625,"WHITTIER BLVD & LORENA ST, LOS ANGELES, CA",WHITTIER BLVD,LORENA ST,121262,
-118.3029459,33.97457123,70688,8784367,2019,2019-02-15T00:00:00.000Z,1942,2019-01-17T00:00:00.000Z,2020,39299,1245,4,5,7,1942,0,0,0,L,0,12A45,W FLORENCE AV,HALLDALE AV,150,W,N,A,-,N,,0,0,,,0,,,,Y,4,0,1,3,A,-,21,22106,,N,D,C,A,A,H,-,C,A,0,,,,,Y,,A,1,0,0,1,0,0,0,0,0,0,- ,- ,0,0,2100,1,LOS ANGELES,LOS ANGELES,CA,-118.3029459,33.97457123,"FLORENCE AVE & HALLDALE AVE, LOS ANGELES, CA",FLORENCE AVE,HALLDALE AVE,96014,
-118.2542421,33.93938065,70689,8784420,2019,2019-02-13T00:00:00.000Z,1942,2019-01-25T00:00:00.000Z,1945,39758,1836,5,5,7,1942,0,0,0,R,0,18A35,CENTRAL AV,107TH ST,50,N,N,A,-,N,,0,0,,,0,,,,N,0,0,0,2,A,-,7,21658,A,M,B,C,A,A,H,-,C,D,0,,,,,Y,Y,-,99,0,0,0,0,0,0,0,0,0,- ,- ,0,0,2100,1,LOS ANGELES,LOS ANGELES,CA,-118.2542421,33.93938065,"CENTRAL AVE & 107TH ST, LOS ANGELES, CA",CENTRAL AVE,107TH ST,120792,
-118.2833405,33.98237991,70690,8784487,2019,2019-02-15T00:00:00.000Z,1942,2019-01-29T00:00:00.000Z,1935,35393,1249,2,5,7,1942,0,0,0,L,0,12A49,W GAGE AV,FIGUEROA ST,200,W,N,A,-,N,,0,0,,,0,,,,N,0,0,0,2,A,-,7,21658,A,M,B,C,A,A,H,-,C,D,0,,,,,Y,,-,99,0,0,0,0,0,0,0,0,0,- ,- ,0,0,2100,1,LOS ANGELES,LOS ANGELES,CA,-118.2833405,33.98237991,"GAGE AVE & FIGUEROA ST, LOS ANGELES, CA",GAGE AVE,FIGUEROA ST,120663,
-118.3766114,34.07812882,70691,8784488,2019,2019-02-15T00:00:00.000Z,1942,2019-01-17T00:00:00.000Z,2045,43389,711,4,5,7,1942,0,0,0,G,0,7A1,LA CIENEGA BL,OAKWOOD AV,5,N,N,A,-,N,,0,0,,,0,,,,N,0,0,0,1,C,-,18,0,,N,H,A,A,A,A,-,C,A,0,,,,,Y,,-,- ,0,0,0,0,0,0,0,0,0,- ,- ,0,0,2100,1,LOS ANGELES,LOS ANGELES,CA,-118.3766114,34.07812881,"LA CIENEGA BLVD & OAKWOOD AVE, LOS ANGELES, CA",LA CIENEGA BLVD,OAKWOOD AVE,103984,
-118.3517521,34.04106522,70692,8784492,2019,2019-02-15T00:00:00.000Z,1942,2019-01-03T00:00:00.000Z,1800,43413,784,4,5,7,1942,0,0,0,G,0,7A22,WASHINGTON BL,ALSACE AV,0,,Y,A,-,N,,0,0,,,0,,,,Y,0,0,0,1,A,-,3,22350,,N,A,J,A,A,H,-,C,A,0,,,,,Y,,A,1,0,0,0,0,0,0,0,0,0,- ,- ,0,0,2100,1,LOS ANGELES,LOS ANGELES,CA,-118.3517521,34.04106522,"WASHINGTON BLVD & ALSACE AVE, LOS ANGELES, CA",WASHINGTON BLVD,ALSACE AVE,131511,
-118.3303136,33.99086762,70693,8784499,2019,2019-02-15T00:00:00.000Z,1942,2019-01-16T00:00:00.000Z,2025,39299,1211,3,5,7,1942,0,0,0,L,0,12A31,W 57TH ST,CRENSHAW BL,200,E,N,C,-,N,,0,0,,,0,,,,Y,0,0,0,1,A,-,3,22350,,N,E,I,A,B,H,-,C,D,0,,,,,Y,,A,1,0,0,0,0,0,0,0,0,0,- ,- ,0,0,2100,1,LOS ANGELES,LOS ANGELES,CA,-118.3303136,33.99086761,"57TH ST & CRENSHAW BLVD, LOS ANGELES, CA",57TH ST,CRENSHAW BLVD,98849,
-118.3698211,34.03999329,70694,8784516,2019,2019-02-15T00:00:00.000Z,1942,2019-01-24T00:00:00.000Z,1950,43270,782,4,5,7,1942,0,0,0,G,0,7A69,FAIRFAX AV,VENICE BL,15,N,N,A,-,N,,0,0,,,0,,,,N,0,0,0,2,A,-,3,22350,,M,C,C,A,A,H,-,C,A,0,,,,,Y,,-,99,0,0,0,0,0,0,0,0,0,- ,- ,0,0,2100,1,LOS ANGELES,LOS ANGELES,CA,-118.3698211,34.03999329,"FAIRFAX AVE & VENICE BLVD, LOS ANGELES, CA",FAIRFAX AVE,VENICE BLVD,134904,
-118.345839,34.1035614,70695,8784519,2019,2019-02-26T00:00:00.000Z,1942,2019-01-12T00:00:00.000Z,2050,41957,645,6,5,7,1942,0,0,0,F,0,6A45,LA BREA AV,FRANKLIN AV,50,S,N,A,-,N,,0,0,,,0,,,,N,0,0,0,2,A,-,3,22350,,M,C,C,A,A,H,-,C,A,0,,,,,Y,,A,1,0,0,0,0,0,0,0,0,0,- ,- ,0,0,2100,1,LOS ANGELES,LOS ANGELES,CA,-118.345839,34.1035614,"LA BREA AVE & FRANKLIN AVE, LOS ANGELES, CA",LA BREA AVE,FRANKLIN AVE,118236,
-118.3650315,34.05558014,70696,8784524,2019,2019-02-15T00:00:00.000Z,1942,2019-01-25T00:00:00.000Z,1955,40874,753,5,5,7,1942,0,0,0,G,0,3A1,S FAIRFAX AV,WHITWORTH DR,65,S,N,A,-,N,,0,0,,,0,,,,N,0,0,0,2,A,-,4,21703,,M,C,D,A,A,H,-,C,D,0,,,,,Y,,-,99,0,0,0,0,0,0,0,0,0,- ,- ,0,0,2100,1,LOS ANGELES,LOS ANGELES,CA,-118.3650315,34.05558014,"FAIRFAX AVE & WHITWORTH DR, LOS ANGELES, CA",FAIRFAX AVE,WHITWORTH DR,106971,