X,Y,OBJECTID,case_id,accident_year,proc_date,juris,collision_date,collision_time,officer_id,reporting_district,day_of_week,chp_shift,population,cnty_city_loc,special_cond,beat_type,chp_beat_type,city_division_lapd,chp_beat_class,beat_number,primary_rd,secondary_rd,distance,direction,intersection,weather_1,weather_2,state_hwy_ind,caltrans_county,caltrans_district,state_route,route_suffix,postmile_prefix,postmile,location_type,ramp_intersection,side_of_hwy,tow_away,collision_severity,number_killed,number_injured,party_count,primary_coll_factor,pcf_code_of_viol,pcf_viol_category,pcf_violation,pcf_viol_subsection,hit_and_run,type_of_collision,mviw,ped_action,road_surface,road_cond_1,road_cond_2,lighting,control_device,chp_road_type,pedestrian_accident,bicycle_accident,motorcycle_accident,truck_accident,not_private_property,alcohol_involved,stwd_vehtype_at_fault,chp_vehtype_at_fault,count_severe_inj,count_visible_inj,count_complaint_pain,count_ped_killed,count_ped_injured,count_bicyclist_killed,count_bicyclist_injured,count_mc_killed,count_mc_injured,primary_ramp,secondary_ramp,latitude,longitude,timecat,month_,city,county,state,point_x,point_y,match_addr,m_primaryrd,m_secondrd,int_id,Flag
-118.3089256,34.01843262,70697,8784540,2019,2019-02-15T00:00:00.000Z,1942,2019-01-14T00:00:00.000Z,2000,43106,,1,5,7,1942,0,0,0,,0,3A19,EXPOSITION BL,WESTERN AV,2,E,N,A,-,N,,0,0,,,0,,,,N,0,0,0,2,A,-,3,22350,,M,A,C,A,A,H,-,C,A,0,,,,,Y,Y,-,99,0,0,0,0,0,0,0,0,0,- ,- ,0,0,2100,1,LOS ANGELES,LOS ANGELES,CA,-118.3089256,34.01843262,"EXPOSITION BLVD & WESTERN AVE, LOS ANGELES, CA",EXPOSITION BLVD,WESTERN AVE,100768,
-118.372336,34.06490326,70698,8784494,2019,2019-02-13T00:00:00.000Z,1942,2019-01-09T00:00:00.000Z,1921,,743,3,5,7,1942,0,0,0,G,0,7A33,SAN VICENTE,ORANGE GROVE,60,E,N,A,-,N,,0,0,,,0,,,,N,4,0,1,2,A,-,5,21650,,N,H,G,A,A,H,-,C,A,0,,Y,,,Y,,L,4,0,0,1,0,0,0,1,0,0,- ,- ,0,0,2100,1,LOS ANGELES,LOS ANGELES,CA,-118.372336,34.06490326,"SAN VICENTE BLVD & ORANGE ST,, CA",SAN VICENTE BLVD,ORANGE ST,114442,
-118.3265121,33.98064423,70699,8784542,2019,2019-02-13T00:00:00.000Z,1942,2019-01-04T00:00:00.000Z,1815,42364,1242,5,5,7,1942,0,0,0,L,0,12A51,HYDE PARK BL,8TH AV,0,,Y,A,-,N,,0,0,,,0,,,,N,4,0,1,2,A,-,10,21950,A,N,G,B,B,A,H,-,C,A,0,Y,,,,Y,,A,7,0,0,1,0,1,0,0,0,0,- ,- ,0,0,2100,1,LOS ANGELES,LOS ANGELES,CA,-118.3265121,33.98064423,"HYDE PARK BLVD & 8TH AVE, LOS ANGELES, CA",HYDE PARK BLVD,8TH AVE,131097,
-118.3404521,34.08889389,70700,8784546,2019,2019-02-13T00:00:00.000Z,1942,2019-01-24T00:00:00.000Z,2040,37511,663,4,5,7,1942,0,0,0,F,0,6A63,N MANSFIELD AV,ROMAINE ST,0,,Y,A,-,N,,0,0,,,0,,,,N,4,0,1,2,A,-,12,22450,A,N,D,G,A,A,H,-,C,A,0,,Y,,,Y,,L,4,0,0,1,0,0,0,1,0,0,- ,- ,0,0,2100,1,LOS ANGELES,LOS ANGELES,CA,-118.3404521,34.08889389,"MANSFIELD AVE & ROMAINE ST, LOS ANGELES, CA",MANSFIELD AVE,ROMAINE ST,103888,
-118.3146321,34.08350372,70701,8784556,2019,2019-02-15T00:00:00.000Z,1942,2019-01-05T00:00:00.000Z,1910,36504,677,6,5,7,1942,0,0,0,F,0,20T59,MELROSE AV,RIDGEWOOD PL,0,,Y,C,-,N,,0,0,,,0,,,,Y,0,0,0,4,A,-,1,23152,A,N,B,C,A,B,H,-,C,D,0,,,,,Y,Y,A,1,0,0,0,0,0,0,0,0,0,- ,- ,0,0,2100,1,LOS ANGELES,LOS ANGELES,CA,-118.3146321,34.08350372,"MELROSE AVE & RIDGEWOOD PL, LOS ANGELES, CA",MELROSE AVE,RIDGEWOOD PL,149815,
-118.3204521,34.10524368,70702,8784574,2019,2019-02-14T00:00:00.000Z,1942,2019-01-17T00:00:00.000Z,2030,39022,638,4,5,7,1942,0,0,0,F,0,6A49,FRANKLIN AV,CHEREMOYA AV,0,,Y,B,-,N,,0,0,,,0,,,,Y,4,0,3,2,A,-,9,21801,A,N,A,C,A,A,H,-,C,D,0,,,,,Y,,A,1,0,0,3,0,0,0,0,0,0,- ,- ,0,0,2100,1,LOS ANGELES,LOS ANGELES,CA,-118.3204521,34.10524368,"FRANKLIN AVE & CHEREMOYA AVE, LOS ANGELES, CA",FRANKLIN AVE,CHEREMOYA AVE,100733,
-118.2736654,33.93100357,70703,8784576,2019,2019-02-21T00:00:00.000Z,1942,2019-01-25T00:00:00.000Z,1835,43311,,5,5,7,1942,0,0,0,,0,18X4,IMPERIAL HWY,MAIN ST,75,E,N,A,-,N,,0,0,,,0,,,,N,4,0,1,2,A,-,9,21804,A,N,D,D,A,A,H,-,C,D,0,,,,,Y,Y,A,1,0,0,1,0,0,0,0,0,0,- ,- ,0,0,2100,1,LOS ANGELES,LOS ANGELES,CA,-118.2736654,33.93100357,"IMPERIAL HWY & MAIN ST, LOS ANGELES, CA",IMPERIAL HWY,MAIN ST,106798,
-118.3656822,34.09800339,70704,8784598,2019,2019-02-14T00:00:00.000Z,1942,2019-01-04T00:00:00.000Z,1820,38074,RD632,5,5,7,1942,0,0,0,,0,6SL15,SUNSET BL,CRESCENT HEIGHTS BL,0,,Y,A,-,N,,0,0,,,0,,,,Y,4,0,1,2,A,-,12,21453,A,N,D,C,A,A,H,-,C,A,0,,,Y,,Y,,C,2,0,0,1,0,0,0,0,0,1,- ,- ,0,0,2100,1,LOS ANGELES,LOS ANGELES,CA,-118.3656822,34.09800339,"SUNSET BLVD & CRESCENT HEIGHTS BLVD, LOS ANGELES, CA",SUNSET BLVD,CRESCENT HEIGHTS BLVD,130202,
-118.3415592,34.09797287,70705,8784602,2019,2019-02-14T00:00:00.000Z,1942,2019-01-17T00:00:00.000Z,1805,39967,645,4,5,7,1942,0,0,0,F,0,7A34W4,SUNSET BL,ORANGE DR,10,E,N,B,C,N,,0,0,,,0,,,,N,4,0,3,3,A,-,4,21703,,N,C,C,A,B,H,-,C,A,0,,,,,Y,,A,1,0,0,3,0,0,0,0,0,0,- ,- ,0,0,2100,1,LOS ANGELES,LOS ANGELES,CA,-118.3415592,34.09797287,"SUNSET BLVD & ORANGE DR, LOS ANGELES, CA",SUNSET BLVD,ORANGE DR,118286,
-118.3445121,34.09918594,70706,8784621,2019,2019-02-26T00:00:00.000Z,1942,2019-01-12T00:00:00.000Z,2049,41957,645,6,5,7,1942,0,0,0,F,0,6A45,LA BREA AV,LANEWOOD AV,0,,Y,A,-,N,,0,0,,,0,,,,Y,4,0,1,3,A,-,9,21802,A,F,D,C,A,A,H,-,C,A,0,,,,,Y,,A,1,0,0,1,0,0,0,0,0,0,- ,- ,0,0,2100,1,LOS ANGELES,LOS ANGELES,CA,-118.3445121,34.09918594,"LA BREA AVE & LANEWOOD AVE, LOS ANGELES, CA",LA BREA AVE,LANEWOOD AVE,111204,
-118.3361721,34.10415649,70707,8784625,2019,2019-02-26T00:00:00.000Z,1942,2019-01-12T00:00:00.000Z,2052,41957,636,6,5,7,1942,0,0,0,F,0,6A15,LAS PALMAS AV,FRANKLIN PL,0,,Y,A,-,N,,0,0,,,0,,,,Y,4,0,2,3,A,-,9,21802,A,F,-,C,A,A,H,-,C,A,0,,,,,Y,,A,1,0,0,2,0,0,0,0,0,0,- ,- ,0,0,2100,1,LOS ANGELES,LOS ANGELES,CA,-118.3361721,34.10415649,"LAS PALMAS AVE & FRANKLIN PL, LOS ANGELES, CA",LAS PALMAS AVE,FRANKLIN PL,146485,
-118.2692487,34.05029678,70708,8784627,2019,2019-02-14T00:00:00.000Z,1942,2019-01-12T00:00:00.000Z,1945,43281,269,6,5,7,1942,0,0,0,B,0,2A45,W 8TH ST,WITMER,50,W,N,A,-,N,,0,0,,,0,,,,N,4,0,1,2,A,-,11,21954,A,N,G,B,E,A,H,-,C,D,0,Y,,,,Y,,A,1,0,0,1,0,1,0,0,0,0,- ,- ,0,0,2100,1,LOS ANGELES,LOS ANGELES,CA,-118.2692487,34.05029678,"8TH ST & WITMER ST, LOS ANGELES, CA",8TH ST,WITMER ST,138634,
-118.3761921,34.05238342,70709,8784628,2019,2019-02-14T00:00:00.000Z,1942,2019-01-09T00:00:00.000Z,1945,38476,762,3,5,7,1942,0,0,0,G,0,7A17,LA CIENEGA BL,ALCOTT ST,0,,Y,A,-,N,,0,0,,,0,,,,N,4,0,1,2,A,-,9,21801,A,N,D,C,A,A,H,-,D,A,0,,,,,Y,,A,1,0,0,1,0,0,0,0,0,0,- ,- ,0,0,2100,1,LOS ANGELES,LOS ANGELES,CA,-118.3761921,34.05238342,"LA CIENEGA BLVD & ALCOTT ST, LOS ANGELES, CA",LA CIENEGA BLVD,ALCOTT ST,99891,
-118.3772621,34.07203674,70710,8784636,2019,2019-02-14T00:00:00.000Z,1942,2019-01-15T00:00:00.000Z,1815,43413,721,2,5,7,1942,0,0,0,G,0,7A22,BURTON WY,SAN VICENTE BL,0,,Y,C,-,N,,0,0,,,0,,,,Y,4,0,1,2,A,-,12,21453,A,N,A,C,A,B,H,-,C,A,0,,,,,Y,,A,1,0,0,1,0,0,0,0,0,0,- ,- ,0,0,2100,1,LOS ANGELES,LOS ANGELES,CA,-118.3772621,34.07203674,"BURTON WAY & SAN VICENTE BLVD, LOS ANGELES, CA",BURTON WAY,SAN VICENTE BLVD,137268,
-118.2210279,34.12417221,70711,8784726,2019,2019-02-22T00:00:00.000Z,1942,2019-01-05T00:00:00.000Z,2045,33452,1136,6,5,7,1942,0,0,0,K,0,11A17,YORK BL,EAGLE ROCK BL,22,W,N,C,-,N,,0,0,,,0,,,,Y,0,0,0,2,A,-,3,22350,,N,E,I,A,B,H,-,C,A,0,,,,,Y,,D,22,0,0,0,0,0,0,0,0,0,- ,- ,0,0,2100,1,LOS ANGELES,LOS ANGELES,CA,-118.2210279,34.12417221,"YORK BLVD & EAGLE ROCK BLVD, LOS ANGELES, CA",YORK BLVD,EAGLE ROCK BLVD,144321,
-118.3003708,34.09811783,70712,8784795,2019,2019-02-26T00:00:00.000Z,1942,2019-01-15T00:00:00.000Z,1925,42876,1151,2,5,7,1942,0,0,0,K,0,11A51,SUNSET BL,NORMANDIE AV,55,E,N,C,-,N,,0,0,,,0,,,,N,2,0,1,2,A,-,11,21954,A,N,G,B,D,B,H,-,C,D,0,Y,,,,Y,,N,60,1,0,0,0,1,0,0,0,0,- ,- ,0,0,2100,1,LOS ANGELES,LOS ANGELES,CA,-118.3003708,34.09811783,"SUNSET BLVD & NORMANDIE AVE, LOS ANGELES, CA",SUNSET BLVD,NORMANDIE AVE,142971,
-118.3089721,33.83151245,70713,8785640,2019,2019-02-05T00:00:00.000Z,1942,2019-01-04T00:00:00.000Z,2010,38199,506,5,5,7,1942,0,0,0,E,0,5A1W3,WESTERN AV,CARSON ST,25,N,N,A,-,N,,0,0,,,0,,,,Y,3,0,1,2,A,-,9,21801,A,N,A,C,A,A,H,-,C,A,0,,,Y,,Y,,A,1,0,1,0,0,0,0,0,0,1,- ,- ,0,0,2100,1,LOS ANGELES,LOS ANGELES,CA,-118.3089721,33.83151245,"WESTERN AVE & CARSON ST, LOS ANGELES, CA",WESTERN AVE,CARSON ST,106776,
-118.5906122,34.19377518,70714,8785655,2019,2019-05-08T00:00:00.000Z,1942,2019-01-15T00:00:00.000Z,1900,37353,2157,2,5,7,1942,0,0,0,,0,21A57,VANOWEN ST,INDEPENDENCE AV,0,,Y,C,-,N,,0,0,,,0,,,,N,4,0,2,3,A,-,3,22350,,F,C,C,A,B,H,-,C,D,0,,,,,Y,,A,1,0,0,2,0,0,0,0,0,0,- ,- ,0,0,2100,1,LOS ANGELES,LOS ANGELES,CA,-118.5906122,34.19377518,"VANOWEN ST & INDEPENDENCE AVE, LOS ANGELES, CA",VANOWEN ST,INDEPENDENCE AVE,143720,
-118.280464,33.7377243,70715,8785738,2019,2019-02-13T00:00:00.000Z,1942,2019-01-10T00:00:00.000Z,1945,41870,567,4,5,7,1942,0,0,0,E,0,5A59,BEACON ST,7TH ST,30,S,N,A,-,N,,0,0,,,0,,,,N,0,0,0,2,A,-,3,22350,,M,C,E,A,A,H,-,A,D,0,,,,,Y,,A,7,0,0,0,0,0,0,0,0,0,- ,- ,0,0,2100,1,LOS ANGELES,LOS ANGELES,CA,-118.280464,33.7377243,"BEACON ST & 7TH ST, LOS ANGELES, CA",BEACON ST,7TH ST,100336,
-118.3039388,33.83924866,70716,8785742,2019,2019-02-13T00:00:00.000Z,1942,2019-01-12T00:00:00.000Z,1830,41870,504,6,5,7,1942,0,0,0,E,0,5A1,DENKER AV,209TH ST,250,S,N,A,-,N,,0,0,,,0,,,,N,0,0,0,2,A,-,5,21660,,M,B,C,A,A,H,-,B,D,0,,,,,Y,,-,99,0,0,0,0,0,0,0,0,0,- ,- ,0,0,2100,1,LOS ANGELES,LOS ANGELES,CA,-118.3039388,33.83924866,"DENKER AVE & 209TH ST, LOS ANGELES, CA",DENKER AVE,209TH ST,106635,
-118.4160421,34.18304443,70717,8785820,2019,2019-02-02T00:00:00.000Z,1942,2019-01-21T00:00:00.000Z,1915,37353,939,1,5,7,1942,0,0,0,I,0,9A37,VANNOORD AV,ERWIN ST,0,,N,A,-,N,,0,0,,,0,,,,Y,0,0,0,2,A,-,8,22107,,M,A,E,A,A,H,-,C,D,0,,,,,Y,,A,7,0,0,0,0,0,0,0,0,0,- ,- ,0,0,2100,1,LOS ANGELES,LOS ANGELES,CA,-118.4160421,34.18304443,"VAN NOORD AVE & ERWIN ST, LOS ANGELES, CA",VAN NOORD AVE,ERWIN ST,122213,
-118.4181731,34.18040848,70718,8785824,2019,2019-02-02T00:00:00.000Z,1942,2019-01-15T00:00:00.000Z,1850,38183,939,2,5,7,1942,0,0,0,I,0,9A37,ETHEL AV,AETNA ST,30,N,N,C,-,N,,0,0,,,0,,,,N,0,0,0,2,A,-,3,22350,,M,C,E,A,B,H,-,C,D,0,,,,,Y,,-,99,0,0,0,0,0,0,0,0,0,- ,- ,0,0,2100,1,LOS ANGELES,LOS ANGELES,CA,-118.4181731,34.18040848,"ETHEL AVE & AETNA ST, LOS ANGELES, CA",ETHEL AVE,AETNA ST,129014,
-118.5011836,34.20870209,70719,8785840,2019,2019-05-02T00:00:00.000Z,1942,2019-01-15T00:00:00.000Z,1914,42251,107,2,5,7,1942,0,0,0,J,0,10A17,BALBOA BL,SATICOY ST,108,N,N,C,-,N,,0,0,,,0,,,,Y,0,0,0,2,A,-,1,23152,A,M,C,C,A,B,H,-,C,A,0,,,,,Y,Y,A,7,0,0,0,0,0,0,0,0,0,- ,- ,0,0,2100,1,LOS ANGELES,LOS ANGELES,CA,-118.5011836,34.20870209,"BALBOA BLVD & SATICOY ST, LOS ANGELES, CA",BALBOA BLVD,SATICOY ST,147533,
-118.5022245,34.27175903,70721,8785884,2019,2019-02-04T00:00:00.000Z,1942,2019-01-14T00:00:00.000Z,2000,40028,,1,5,7,1942,0,0,0,,0,17A49,BALBOA BL,SAN FERNANDO MISSION,100,S,N,A,-,N,,0,0,,,0,,,,N,3,0,1,2,A,-,6,21750,A,F,B,G,A,B,H,-,C,D,0,,Y,,,Y,,-,99,0,1,0,0,0,0,1,0,0,- ,- ,0,0,2100,1,LOS ANGELES,LOS ANGELES,CA,-118.5022245,34.27175903,"BALBOA BLVD & SAN FERNANDO MISSION BLVD, LOS ANGELES, CA",BALBOA BLVD,SAN FERNANDO MISSION BLVD,119554,
-118.6211522,34.16810989,70722,8786125,2019,2019-02-13T00:00:00.000Z,1942,2019-01-18T00:00:00.000Z,1815,35410,2175,5,5,7,1942,0,0,0,,0,21A2,PONCE AV,MARIANO ST,75,S,N,A,-,N,,0,0,,,0,,,,N,4,0,1,2,A,-,9,21804,A,F,A,D,A,A,H,-,C,D,0,,,,,Y,,-,99,0,0,1,0,0,0,0,0,0,- ,- ,0,0,2100,1,LOS ANGELES,LOS ANGELES,CA,-118.6211522,34.16810989,"PONCE AVE & MARIANO ST, LOS ANGELES, CA",PONCE AVE,MARIANO ST,139765,
-118.2892635,33.97929382,70723,8786652,2019,2019-02-04T00:00:00.000Z,1942,2019-01-10T00:00:00.000Z,1800,36911,1248,4,5,7,1942,0,0,0,L,0,12A49,MENLO AV,66TH ST,50,N,N,B,-,N,,0,0,,,0,,,,N,0,0,0,2,A,-,0,20015,A,M,B,E,A,A,H,-,C,D,0,,,,,Y,,-,99,0,0,0,0,0,0,0,0,0,- ,- ,0,0,2100,1,LOS ANGELES,LOS ANGELES,CA,-118.2892635,33.97929382,"MENLO AVE & 66TH ST, LOS ANGELES, CA",MENLO AVE,66TH ST,148699,
-118.5885622,34.24272537,70724,8786722,2019,2019-02-11T00:00:00.000Z,1942,2019-01-25T00:00:00.000Z,2055,42309,1771,5,5,7,1942,0,0,0,Q,0,1781,DE SOTO AV,PLUMMER ST,0,,Y,B,-,N,,0,0,,,0,,,,Y,3,0,2,2,A,-,1,23152,A,N,D,C,A,A,H,-,C,A,0,,,,,Y,Y,A,1,0,2,0,0,0,0,0,0,0,- ,- ,0,0,2100,1,LOS ANGELES,LOS ANGELES,CA,-118.5885622,34.24272537,"DE SOTO AVE & PLUMMER ST, LOS ANGELES, CA",DE SOTO AVE,PLUMMER ST,133727,
-118.2398301,34.04210663,70725,8786747,2019,2019-03-01T00:00:00.000Z,1942,2019-01-08T00:00:00.000Z,1820,43422,158,2,5,7,1942,0,0,0,A,0,1A12,CENTRAL AV,5TH ST,150,N,N,A,-,N,,0,0,,,0,,,,N,0,0,0,1,A,-,8,22107,,N,E,J,A,A,H,-,C,D,0,,,,Y,Y,,G,25,0,0,0,0,0,0,0,0,0,- ,- ,0,0,2100,1,LOS ANGELES,LOS ANGELES,CA,-118.2398301,34.04210663,"CENTRAL AVE & 5TH ST, LOS ANGELES, CA",CENTRAL AVE,5TH ST,131561,
-118.3182158,34.00367355,70726,8786924,2019,2019-02-08T00:00:00.000Z,1942,2019-01-05T00:00:00.000Z,2025,40529,392,6,5,7,1942,0,0,0,C,0,3A73,ARLINGTON AV,VERNON AV,8,S,N,C,-,N,,0,0,,,0,,,,N,4,0,1,2,A,-,10,21950,A,N,G,B,B,B,H,-,C,A,0,Y,,,,Y,Y,A,1,0,0,1,0,1,0,0,0,0,- ,- ,0,0,2100,1,LOS ANGELES,LOS ANGELES,CA,-118.3182158,34.00367355,"ARLINGTON AVE & VERNON AVE, LOS ANGELES, CA",ARLINGTON AVE,VERNON AVE,106832,
-118.2917821,33.9682312,70727,8787682,2019,2019-02-02T00:00:00.000Z,1942,2019-01-08T00:00:00.000Z,2035,42665,1266,2,5,7,1942,0,0,0,L,0,12A67,VERMONT AV,79TH ST,159,N,N,A,-,N,,0,0,,,0,,,,N,2,0,1,2,A,-,11,21955,,N,G,B,D,A,H,-,C,D,0,Y,,,,Y,,N,60,1,0,0,0,1,0,0,0,0,- ,- ,0,0,2100,1,LOS ANGELES,LOS ANGELES,CA,-118.2917821,33.9682312,"VERMONT AVE & 79TH ST, LOS ANGELES, CA",VERMONT AVE,79TH ST,116334,
-118.491884,34.04831314,70728,8788116,2019,2019-02-01T00:00:00.000Z,1942,2019-01-08T00:00:00.000Z,1855,37575,831,2,5,7,1942,0,0,0,H,0,,26TH ST,SAN VICENTE BL,75,S,N,A,-,N,,0,0,,,0,,,,N,0,0,0,2,A,-,7,21658,A,M,B,C,A,A,H,-,C,D,0,,,,,Y,,-,99,0,0,0,0,0,0,0,0,0,- ,- ,0,0,2100,1,LOS ANGELES,LOS ANGELES,CA,-118.491884,34.04831314,"26TH ST & SAN VICENTE BLVD, LOS ANGELES, CA",26TH ST,SAN VICENTE BLVD,153688,
-118.2853041,33.79091644,70729,8788767,2019,2019-02-02T00:00:00.000Z,1942,2019-01-03T00:00:00.000Z,1935,39292,513,4,5,7,1942,0,0,0,E,0,5A11,PACIFIC COAST HWY,W SOLIMAR WY,30,E,N,A,-,N,,0,0,,,0,,,,Y,3,0,1,2,A,-,8,22107,,F,B,C,A,A,H,-,C,D,0,,,,,Y,,-,99,0,1,0,0,0,0,0,0,0,- ,- ,0,0,2100,1,LOS ANGELES,LOS ANGELES,CA,-118.2853041,33.79091644,"PACIFIC COAST HWY & SOLIMAR WAY, LOS ANGELES, CA",PACIFIC COAST HWY,SOLIMAR WAY,3143,
-118.2727312,33.92371368,70730,8789358,2019,2019-02-07T00:00:00.000Z,1942,2019-01-21T00:00:00.000Z,1800,42665,1862,1,5,7,1942,0,0,0,R,0,18A63,120TH ST,MAIN ST,362,E,N,A,-,N,,0,0,,,0,,,,N,2,0,2,2,A,-,8,22103,,N,D,C,A,A,H,-,D,A,0,,,Y,,Y,,A,1,1,0,1,0,0,0,0,0,1,- ,- ,0,0,2100,1,LOS ANGELES,LOS ANGELES,CA,-118.2727312,33.92371368,"120TH ST & MAIN ST, LOS ANGELES, CA",120TH ST,MAIN ST,145398,
-118.2923721,33.73786545,70731,8789822,2019,2019-02-05T00:00:00.000Z,1942,2019-01-26T00:00:00.000Z,2005,41072,565,6,5,7,1942,0,0,0,E,0,,GAFFEY ST,7TH ST,0,,Y,A,-,N,,0,0,,,0,,,,N,4,0,2,2,A,-,9,21801,A,N,A,C,A,A,H,-,C,A,0,,,,,Y,,A,7,0,0,2,0,0,0,0,0,0,- ,- ,0,0,2100,1,LOS ANGELES,LOS ANGELES,CA,-118.2923721,33.73786545,"GAFFEY ST & 7TH ST, LOS ANGELES, CA",GAFFEY ST,7TH ST,114858,
-118.5274307,34.1654892,70732,8790094,2019,2019-02-20T00:00:00.000Z,1942,2019-01-24T00:00:00.000Z,2040,42565,1075,4,5,7,1942,0,0,0,J,0,10A99,VENTURA BL,LINDLEY AV,45,W,N,A,-,N,,0,0,,,0,,,,N,4,0,1,2,A,-,3,22350,,F,C,C,A,A,H,-,C,A,0,,,,,Y,,-,99,0,0,1,0,0,0,0,0,0,- ,- ,0,0,2100,1,LOS ANGELES,LOS ANGELES,CA,-118.5274307,34.1654892,"VENTURA BLVD & LINDLEY AVE, LOS ANGELES, CA",VENTURA BLVD,LINDLEY AVE,105163,
-118.5011822,34.20123673,70733,8790106,2019,2019-02-20T00:00:00.000Z,1942,2019-01-20T00:00:00.000Z,2000,43038,10,7,5,7,1942,0,0,0,J,0,10A47,SHERMAN WY,BALBOA BL,0,,Y,A,-,N,,0,0,,,0,,,,N,4,0,1,2,A,-,3,22350,,N,C,C,A,A,H,-,C,A,0,,,,,Y,,A,1,0,0,1,0,0,0,0,0,0,- ,- ,0,0,2100,1,LOS ANGELES,LOS ANGELES,CA,-118.5011822,34.20123672,"SHERMAN WAY & BALBOA BLVD, LOS ANGELES, CA",SHERMAN WAY,BALBOA BLVD,129940,
-118.3058616,34.03269577,70734,8791047,2019,2019-02-13T00:00:00.000Z,1942,2019-01-16T00:00:00.000Z,1900,43227,316,3,5,7,1942,0,0,0,C,0,3419,ADAMS BL,LA SALLE,15,W,N,C,-,N,,0,0,,,0,,,,N,0,0,0,2,A,-,4,21703,,M,C,C,A,B,H,-,C,A,0,,,,,Y,,-,99,0,0,0,0,0,0,0,0,0,- ,- ,0,0,2100,1,LOS ANGELES,LOS ANGELES,CA,-118.3058616,34.03269577,"ADAMS BLVD & LA SALLE AVE, LOS ANGELES, CA",ADAMS BLVD,LA SALLE AVE,109207,
-118.2739521,33.97468567,70735,8791112,2019,2019-02-12T00:00:00.000Z,1942,2019-01-27T00:00:00.000Z,1820,42069,1258,7,5,7,1942,0,0,0,L,0,12A57,EAST FLORENCE AV,S MAIN ST,0,,Y,A,-,N,,0,0,,,0,,,,N,4,0,1,2,A,-,9,21801,A,N,C,C,A,A,H,-,C,A,0,,,,,Y,,D,22,0,0,1,0,0,0,0,0,0,- ,- ,0,0,2100,1,LOS ANGELES,LOS ANGELES,CA,-118.2739521,33.97468567,"FLORENCE AVE & MAIN ST, LOS ANGELES, CA",FLORENCE AVE,MAIN ST,117104,
-118.3248021,34.02293396,70736,8791121,2019,2019-02-04T00:00:00.000Z,1942,2019-01-16T00:00:00.000Z,1810,42594,354,3,5,7,1942,0,0,0,C,0,3Z6,7TH AV,36TH ST,0,,Y,C,-,N,,0,0,,,0,,,,N,4,0,2,2,A,-,17,24250,,N,D,C,A,B,H,-,C,A,0,,,,,Y,,A,1,0,0,2,0,0,0,0,0,0,- ,- ,0,0,2100,1,LOS ANGELES,LOS ANGELES,CA,-118.3248021,34.02293396,"7TH AVE & 36TH ST, LOS ANGELES, CA",7TH AVE,36TH ST,138191,
-118.2157021,34.03438568,70737,8791452,2019,2019-03-07T00:00:00.000Z,1942,2019-01-20T00:00:00.000Z,2030,43431,473,7,5,7,1942,0,0,0,D,0,4A7161,WHITTIER BL,SOTO ST,0,,-,A,-,N,,0,0,,,0,,,,N,0,0,0,2,A,-,3,22350,,M,B,C,A,A,H,-,C,D,0,,,,,Y,,-,99,0,0,0,0,0,0,0,0,0,- ,- ,0,0,2100,1,LOS ANGELES,LOS ANGELES,CA,-118.2157021,34.03438568,"WHITTIER BLVD & SOTO ST, LOS ANGELES, CA",WHITTIER BLVD,SOTO ST,110577,
-118.2871622,34.00371552,70738,8791603,2019,2019-02-06T00:00:00.000Z,1942,2019-01-17T00:00:00.000Z,2010,43230,1207,4,5,7,1942,0,0,0,L,0,12A15,VERNON AV,HOOVER ST,0,,Y,B,-,N,,0,0,,,0,,,,N,4,0,1,2,A,-,10,21950,A,M,G,B,B,B,H,-,C,A,0,Y,,,,Y,,-,99,0,0,1,0,1,0,0,0,0,- ,- ,0,0,2100,1,LOS ANGELES,LOS ANGELES,CA,-118.2871622,34.00371552,"VERNON AVE & HOOVER ST, LOS ANGELES, CA",VERNON AVE,HOOVER ST,113863,
-118.3330121,33.97451401,70739,8791604,2019,2019-02-07T00:00:00.000Z,1942,2019-01-22T00:00:00.000Z,1850,42180,1251,2,5,7,1942,0,0,0,L,0,12X42,FLORENCE AV,VICTORIA AV,0,,Y,A,-,N,,0,0,,,0,,,,N,4,0,3,2,A,-,9,21804,A,M,D,C,A,A,H,-,C,A,0,,,,,Y,,A,1,0,0,3,0,0,0,0,0,0,- ,- ,0,0,2100,1,LOS ANGELES,LOS ANGELES,CA,-118.3330121,33.97451401,"FLORENCE AVE & VICTORIA AVE, LOS ANGELES, CA",FLORENCE AVE,VICTORIA AVE,110093,
-118.2564821,33.96746445,70740,8791642,2019,2019-02-06T00:00:00.000Z,1942,2019-01-15T00:00:00.000Z,1815,42427,1259,2,5,7,1942,0,0,0,L,0,12X58,S CENTRAL AV,E 79TH ST,5,E,N,C,-,N,,0,0,,,0,,,,N,3,0,1,2,A,-,10,21950,,N,G,B,B,B,H,-,C,A,0,Y,,,,Y,,A,1,0,1,0,0,1,0,0,0,0,- ,- ,0,0,2100,1,LOS ANGELES,LOS ANGELES,CA,-118.2564821,33.96746445,"CENTRAL AVE & 79TH ST, LOS ANGELES, CA",CENTRAL AVE,79TH ST,134550,