X,Y,OBJECTID,case_id,accident_year,proc_date,juris,collision_date,collision_time,officer_id,reporting_district,day_of_week,chp_shift,population,cnty_city_loc,special_cond,beat_type,chp_beat_type,city_division_lapd,chp_beat_class,beat_number,primary_rd,secondary_rd,distance,direction,intersection,weather_1,weather_2,state_hwy_ind,caltrans_county,caltrans_district,state_route,route_suffix,postmile_prefix,postmile,location_type,ramp_intersection,side_of_hwy,tow_away,collision_severity,number_killed,number_injured,party_count,primary_coll_factor,pcf_code_of_viol,pcf_viol_category,pcf_violation,pcf_viol_subsection,hit_and_run,type_of_collision,mviw,ped_action,road_surface,road_cond_1,road_cond_2,lighting,control_device,chp_road_type,pedestrian_accident,bicycle_accident,motorcycle_accident,truck_accident,not_private_property,alcohol_involved,stwd_vehtype_at_fault,chp_vehtype_at_fault,count_severe_inj,count_visible_inj,count_complaint_pain,count_ped_killed,count_ped_injured,count_bicyclist_killed,count_bicyclist_injured,count_mc_killed,count_mc_injured,primary_ramp,secondary_ramp,latitude,longitude,timecat,month_,city,county,state,point_x,point_y,match_addr,m_primaryrd,m_secondrd,int_id,Flag
-118.3309321,33.99495316,70741,8791647,2019,2019-02-07T00:00:00.000Z,1942,2019-01-01T00:00:00.000Z,1800,42681,1211,2,5,7,1942,0,0,0,L,0,12X8,52ND ST,CRENSHAW BL,0,,Y,A,-,N,,0,0,,,0,,,,Y,4,0,1,2,A,-,12,21453,,N,D,C,A,A,H,-,C,A,0,,,,,Y,,A,1,0,0,1,0,0,0,0,0,0,- ,- ,0,0,2100,1,LOS ANGELES,LOS ANGELES,CA,-118.3309321,33.99495316,"52ND ST & CRENSHAW BLVD, LOS ANGELES, CA",52ND ST,CRENSHAW BLVD,119928,
-118.3247024,33.99317551,70742,8791654,2019,2019-02-06T00:00:00.000Z,1942,2019-01-28T00:00:00.000Z,1845,42282,1211,1,5,7,1942,0,0,0,L,0,12A31,W 54TH ST,7TH AV,6,E,N,A,-,N,,0,0,,,0,,,,N,4,0,1,2,A,-,5,21650,1,N,H,G,A,A,H,-,C,A,0,,Y,,,Y,,L,4,0,0,1,0,0,0,1,0,0,- ,- ,0,0,2100,1,LOS ANGELES,LOS ANGELES,CA,-118.3247024,33.99317551,"54TH ST & 7TH AVE, LOS ANGELES, CA",54TH ST,7TH AVE,113562,
-118.3089522,33.99692535,70743,8791697,2019,2019-03-07T00:00:00.000Z,1942,2019-01-15T00:00:00.000Z,1800,37865,1203,2,5,7,1942,0,0,0,L,0,12X32,WESTERN AV,51ST ST,0,,Y,C,-,N,,0,0,,,0,,,,N,4,0,1,2,A,-,12,21453,A,F,G,B,B,B,H,-,C,A,0,Y,,,,Y,,-,99,0,0,1,0,1,0,0,0,0,- ,- ,0,0,2100,1,LOS ANGELES,LOS ANGELES,CA,-118.3089522,33.99692535,"WESTERN AVE & 51ST ST, LOS ANGELES, CA",WESTERN AVE,51ST ST,124382,
-118.3436529,33.98620987,70744,8791733,2019,2019-03-07T00:00:00.000Z,1942,2019-01-27T00:00:00.000Z,2035,42098,1231,7,5,7,1942,0,0,0,L,0,12A31,W 59TH PL,ALVISO AV,100,E,N,A,-,N,,0,0,,,0,,,,Y,4,0,3,3,A,-,3,22350,,N,F,C,A,A,H,-,C,D,0,,,,,Y,Y,A,1,0,0,3,0,0,0,0,0,0,- ,- ,0,0,2100,1,LOS ANGELES,LOS ANGELES,CA,-118.3436529,33.98620987,"59TH PL & ALVISO AVE, LOS ANGELES, CA",59TH PL,ALVISO AVE,138078,
-118.2777321,33.79037476,70745,8791880,2019,2019-03-12T00:00:00.000Z,1942,2019-01-19T00:00:00.000Z,1845,38720,514,6,5,7,1942,0,0,0,E,0,5A58,FRIGATE AV,PACIFIC COAST HWY,0,,Y,A,-,Y,LA,7,1,-,-,11.36,I,6,S,N,4,0,1,2,A,-,9,21801,A,N,D,G,A,A,H,-,C,D,0,,Y,,,Y,,A,1,0,0,1,0,0,0,1,0,0,- ,- ,0,0,2100,1,LOS ANGELES,LOS ANGELES,CA,-118.2777321,33.79037476,"FRIGATE AVE & PACIFIC COAST HWY, LOS ANGELES, CA",FRIGATE AVE,PACIFIC COAST HWY,120872,
-118.278312,34.02458191,70746,8791954,2019,2019-02-15T00:00:00.000Z,1942,2019-01-31T00:00:00.000Z,1930,41844,328,4,5,7,1942,0,0,0,C,0,3A19,S FIGUEROA ST,30TH ST,187,S,N,A,-,N,,0,0,,,0,,,,Y,4,0,1,2,A,-,9,21804,A,N,D,C,A,A,H,-,C,D,0,,,,,Y,,A,1,0,0,1,0,0,0,0,0,0,- ,- ,0,0,2100,1,LOS ANGELES,LOS ANGELES,CA,-118.278312,34.02458191,"FIGUEROA ST & 30TH ST, LOS ANGELES, CA",FIGUEROA ST,30TH ST,145546,
-118.3177037,33.98390961,70747,8791970,2019,2019-02-14T00:00:00.000Z,1942,2019-01-25T00:00:00.000Z,1920,43078,1242,5,5,7,1942,0,0,0,L,0,12A51,S VAN NESS AV,SOUTHWEST DR,206,N,N,A,-,N,,0,0,,,0,,,,Y,0,0,0,2,A,-,1,23152,A,N,C,C,A,A,H,-,C,A,0,,,,,Y,Y,D,22,0,0,0,0,0,0,0,0,0,- ,- ,0,0,2100,1,LOS ANGELES,LOS ANGELES,CA,-118.3177037,33.98390961,"VAN NESS AVE & SOUTHWEST DR, LOS ANGELES, CA",VAN NESS AVE,SOUTHWEST DR,148682,
-118.310863,33.95996094,70748,8792030,2019,2019-02-12T00:00:00.000Z,1942,2019-01-08T00:00:00.000Z,1930,43384,1273,2,5,7,1942,0,0,0,L,0,12A93,MANCHESTER AV,SAINT ANDREWS,100,E,N,A,-,N,,0,0,,,0,,,,N,0,0,0,2,A,-,9,21801,A,N,D,C,A,A,H,-,C,D,0,,,,,Y,,A,1,0,0,0,0,0,0,0,0,0,- ,- ,0,0,2100,1,LOS ANGELES,LOS ANGELES,CA,-118.310863,33.95996094,"MANCHESTER AVE & ST ANDREWS PL, LOS ANGELES, CA",MANCHESTER AVE,ST ANDREWS PL,124182,
-118.2564821,33.96014404,70749,8792038,2019,2019-02-12T00:00:00.000Z,1942,2019-01-07T00:00:00.000Z,1940,42037,1269,1,5,7,1942,0,0,0,L,0,12A69,MANCHESTER AV,CENTRAL AV,0,,Y,A,-,N,,0,0,,,0,,,,N,0,0,0,2,A,-,12,21453,,M,A,C,A,A,-,-,C,A,0,,,,,Y,,-,99,0,0,0,0,0,0,0,0,0,- ,- ,0,0,2100,1,LOS ANGELES,LOS ANGELES,CA,-118.2564821,33.96014404,"MANCHESTER AVE & CENTRAL AVE, LOS ANGELES, CA",MANCHESTER AVE,CENTRAL AVE,120742,
-118.2834229,33.98418045,70750,8792045,2019,2019-02-11T00:00:00.000Z,1942,2019-01-14T00:00:00.000Z,2015,43230,1239,1,5,7,1942,0,0,0,L,0,12A15,61ST ST,FIGUEROA ST,225,W,N,C,-,N,,0,0,,,0,,,,N,0,0,0,2,A,-,5,21650,,M,B,E,A,B,H,-,C,D,0,,,,,Y,,-,99,0,0,0,0,0,0,0,0,0,- ,- ,0,0,2100,1,LOS ANGELES,LOS ANGELES,CA,-118.2834229,33.98418045,"61ST ST & FIGUEROA ST, LOS ANGELES, CA",61ST ST,FIGUEROA ST,134570,
-118.2731125,33.97128677,70751,8792061,2019,2019-02-11T00:00:00.000Z,1942,2019-01-26T00:00:00.000Z,2035,40529,1258,6,5,7,1942,0,0,0,L,0,25T29,E 76TH ST,MAIN ST,249,E,N,A,-,N,,0,0,,,0,,,,Y,0,0,0,5,A,-,1,23152,A,N,B,E,A,A,H,-,C,D,0,,,,,Y,,A,1,0,0,0,0,0,0,0,0,0,- ,- ,0,0,2100,1,LOS ANGELES,LOS ANGELES,CA,-118.2731125,33.97128677,"76TH ST & MAIN ST, LOS ANGELES, CA",76TH ST,MAIN ST,117087,
-118.3089625,33.98238754,70752,8792171,2019,2019-02-15T00:00:00.000Z,1942,2019-01-31T00:00:00.000Z,2010,35393,1243,4,5,7,1942,0,0,0,L,0,12A45,S WESTERN AV,GAGE AV,12,N,N,A,-,N,,0,0,,,0,,,,Y,4,0,1,2,A,-,1,23152,A,N,D,C,A,A,H,-,C,D,0,,,,,Y,Y,A,7,0,0,1,0,0,0,0,0,0,- ,- ,0,0,2100,1,LOS ANGELES,LOS ANGELES,CA,-118.3089625,33.98238754,"WESTERN AVE & GAGE AVE, LOS ANGELES, CA",WESTERN AVE,GAGE AVE,96001,
-118.2827286,33.96006393,70753,8792200,2019,2019-02-15T00:00:00.000Z,1942,2019-01-09T00:00:00.000Z,1855,40924,1267,3,5,7,1942,0,0,0,L,0,12A73,MANCHESTER AV,FIGUEROA ST,5,W,N,A,-,N,,0,0,,,0,,,,N,4,0,1,2,A,-,10,21950,A,N,G,B,B,A,H,-,C,A,0,Y,,,,Y,,A,1,0,0,1,0,1,0,0,0,0,- ,- ,0,0,2100,1,LOS ANGELES,LOS ANGELES,CA,-118.2827286,33.96006393,"MANCHESTER AVE & FIGUEROA ST, LOS ANGELES, CA",MANCHESTER AVE,FIGUEROA ST,106686,
-118.2202721,34.02053452,70754,8792485,2019,2019-02-21T00:00:00.000Z,1942,2019-01-02T00:00:00.000Z,1810,42649,,3,5,7,1942,0,0,0,,0,491,PICO BL,SOTO,18,W,N,A,-,N,,0,0,,,0,,,,N,4,0,1,2,A,-,5,21460,,N,B,C,A,A,H,-,C,-,0,,,,,Y,,A,1,0,0,1,0,0,0,0,0,0,- ,- ,0,0,2100,1,LOS ANGELES,LOS ANGELES,CA,-118.2202721,34.02053452,"PICO BLVD & SOTO ST, LOS ANGELES, CA",PICO BLVD,SOTO ST,99883,
-118.4412828,34.03817368,70755,8792500,2019,2019-03-13T00:00:00.000Z,1942,2019-01-11T00:00:00.000Z,2000,39081,882,5,5,7,1942,0,0,0,H,0,8A53,SAWTELLE BL,OLYMPIC BL,5,S,N,A,-,N,,0,0,,,0,,,,N,4,0,1,2,A,-,3,22350,,N,C,C,A,A,H,-,C,A,0,,,,,Y,,A,1,0,0,1,0,0,0,0,0,0,- ,- ,0,0,2100,1,LOS ANGELES,LOS ANGELES,CA,-118.4412828,34.03817368,"SAWTELLE BLVD & OLYMPIC BLVD, LOS ANGELES, CA",SAWTELLE BLVD,OLYMPIC BLVD,139396,
-118.4471521,34.03674316,70756,8792532,2019,2019-04-08T00:00:00.000Z,1942,2019-01-15T00:00:00.000Z,1925,40033,882,2,5,7,1942,0,0,0,H,0,8A53,MISSISSIPPI AV,FEDERAL AV,0,,Y,C,-,N,,0,0,,,0,,,,N,4,0,1,3,A,-,12,22450,A,N,D,C,A,B,H,-,C,C,0,,,,,Y,,A,1,0,0,1,0,0,0,0,0,0,- ,- ,0,0,2100,1,LOS ANGELES,LOS ANGELES,CA,-118.4471521,34.03674316,"MISSISSIPPI AVE & FEDERAL AVE, LOS ANGELES, CA",MISSISSIPPI AVE,FEDERAL AVE,96790,
-118.3953722,34.05117416,70757,8792540,2019,2019-04-08T00:00:00.000Z,1942,2019-01-09T00:00:00.000Z,1846,42610,857,3,5,7,1942,0,0,0,H,0,8A59,BEVERLY DR,CASHIO ST,459,S,N,A,-,N,,0,0,,,0,,,,Y,3,0,1,4,A,-,3,22350,,N,C,C,A,A,H,-,C,D,0,,,,,Y,,A,7,0,1,0,0,0,0,0,0,0,- ,- ,0,0,2100,1,LOS ANGELES,LOS ANGELES,CA,-118.3953722,34.05117416,"BEVERLY DR & CASHIO ST, LOS ANGELES, CA",BEVERLY DR,CASHIO ST,114732,
-118.2021922,34.10497665,70758,8792602,2019,2019-02-20T00:00:00.000Z,1942,2019-01-04T00:00:00.000Z,1902,42268,LAND,5,5,7,1942,0,0,0,,0,11A26,NORTH FIGUEROA ST,S AVE 50,0,,Y,A,-,N,,0,0,,,0,,,,N,4,0,1,2,A,-,4,21703,,N,C,C,A,A,H,-,C,A,0,,,,,Y,,A,8,0,0,1,0,0,0,0,0,0,- ,- ,0,0,2100,1,LOS ANGELES,LOS ANGELES,CA,-118.2021922,34.10497665,"FIGUEROA ST & AVE 50, LOS ANGELES, CA",FIGUEROA ST,AVE 50,142426,
-118.1893721,34.11807632,70759,8792625,2019,2019-02-20T00:00:00.000Z,1942,2019-01-06T00:00:00.000Z,1840,41657,1127,7,5,7,1942,0,0,0,K,0,11X74,ALDAMA ST,YORK BL,0,N,N,A,-,N,,0,0,,,0,,,,N,4,0,1,2,A,-,10,21950,A,N,G,B,B,A,H,-,C,D,0,Y,,,,Y,,A,1,0,0,1,0,1,0,0,0,0,- ,- ,0,0,2100,1,LOS ANGELES,LOS ANGELES,CA,-118.1893721,34.11807632,"ALDAMA ST & YORK BLVD, LOS ANGELES, CA",ALDAMA ST,YORK BLVD,103748,
-118.1814621,34.11440659,70760,8792634,2019,2019-02-21T00:00:00.000Z,1942,2019-01-19T00:00:00.000Z,2030,39938,1128,6,5,7,1942,0,0,0,K,0,11A25,YORK BL,AV 64,0,,Y,A,-,N,,0,0,,,0,,,,Y,4,0,3,2,A,-,9,21801,A,N,A,C,A,A,H,-,A,A,0,,,,,Y,,A,1,0,0,3,0,0,0,0,0,0,- ,- ,0,0,2100,1,LOS ANGELES,LOS ANGELES,CA,-118.1814621,34.11440659,"YORK BLVD & AVE 64, LOS ANGELES, CA",YORK BLVD,AVE 64,100192,
-118.2351721,33.95054627,70761,8792683,2019,2019-02-21T00:00:00.000Z,1942,2019-01-19T00:00:00.000Z,1915,43241,1827,6,5,7,1942,0,0,0,R,0,18A26,HICKORY ST,95TH ST,0,,Y,A,-,N,,0,0,,,0,,,,N,0,0,0,2,A,-,12,22450,A,M,D,C,A,A,H,-,C,D,0,,,,,Y,,-,99,0,0,0,0,0,0,0,0,0,- ,- ,0,0,2100,1,LOS ANGELES,LOS ANGELES,CA,-118.2351721,33.95054626,"HICKORY ST & 95TH ST, LOS ANGELES, CA",HICKORY ST,95TH ST,96268,
-118.3593742,34.16337967,70762,8792729,2019,2019-02-21T00:00:00.000Z,1942,2019-01-28T00:00:00.000Z,1950,38996,1559,1,5,7,1942,0,0,0,O,0,15A67,STROHM AV,OTSEGO ST,100,N,N,A,-,N,,0,0,,,0,,,,N,0,0,0,2,A,-,8,22107,,M,B,E,A,A,H,-,D,D,0,,,,,Y,,-,99,0,0,0,0,0,0,0,0,0,- ,- ,0,0,2100,1,LOS ANGELES,LOS ANGELES,CA,-118.3593742,34.16337967,"STROHM AVE & OTSEGO ST, LOS ANGELES, CA",STROHM AVE,OTSEGO ST,104661,
-118.3615425,34.16587448,70763,8792745,2019,2019-02-21T00:00:00.000Z,1942,2019-01-12T00:00:00.000Z,1815,40398,1549,6,5,7,1942,0,0,0,O,0,15A39,CAHUENGA BL,MAGNOLIA BL,350,N,N,A,-,N,,0,0,,,0,,,,N,0,0,0,2,A,-,8,22107,,M,C,C,A,A,H,-,C,D,0,,,,,Y,,-,99,0,0,0,0,0,0,0,0,0,- ,- ,0,0,2100,1,LOS ANGELES,LOS ANGELES,CA,-118.3615425,34.16587448,"CAHUENGA BLVD & MAGNOLIA BLVD, LOS ANGELES, CA",CAHUENGA BLVD,MAGNOLIA BLVD,150438,
-118.4464732,34.13056183,70764,8792763,2019,2019-02-15T00:00:00.000Z,1942,2019-01-11T00:00:00.000Z,1930,42815,807,5,5,7,1942,0,0,0,H,0,8A1,MULHOLLAND DR,BEVERLY GLEN BL,1350,W,N,A,-,N,,0,0,,,0,,,,N,0,0,0,2,A,-,8,22107,,M,B,C,A,A,H,-,D,D,0,,,,,Y,,-,99,0,0,0,0,0,0,0,0,0,- ,- ,0,0,2100,1,LOS ANGELES,LOS ANGELES,CA,-118.4464732,34.13056183,"MULHOLLAND DR & BEVERLY GLEN BLVD, LOS ANGELES, CA",MULHOLLAND DR,BEVERLY GLEN BLVD,102043,
-118.3660222,34.10361481,70765,8792775,2019,2019-02-15T00:00:00.000Z,1942,2019-01-13T00:00:00.000Z,1830,43498,622,7,5,7,1942,0,0,0,F,0,6A66,LAUREL CANYON BL,MOUNT OLYMPUS DR,0,,Y,A,-,N,,0,0,,,0,,,,N,0,0,0,2,A,-,9,21801,A,M,D,C,A,A,H,-,C,A,0,,,,,Y,,-,99,0,0,0,0,0,0,0,0,0,- ,- ,0,0,2100,1,LOS ANGELES,LOS ANGELES,CA,-118.3660222,34.10361481,"LAUREL CANYON BLVD & MOUNT OLYMPUS DR, LOS ANGELES, CA",LAUREL CANYON BLVD,MOUNT OLYMPUS DR,139326,
-118.4324231,34.2480545,70766,8793224,2019,2019-02-27T00:00:00.000Z,1942,2019-01-14T00:00:00.000Z,1935,42309,1969,1,5,7,1942,0,0,0,,0,19A79,ARLETA AV,TERRA BELLA ST,5,W,N,B,-,N,,0,0,,,0,,,,N,3,0,1,2,A,-,9,21804,A,N,H,G,A,B,H,-,C,A,0,,Y,,,Y,,L,4,0,1,0,0,0,0,1,0,0,- ,- ,0,0,2100,1,LOS ANGELES,LOS ANGELES,CA,-118.4324231,34.2480545,"ARLETA AVE & TERRA BELLA ST, LOS ANGELES, CA",ARLETA AVE,TERRA BELLA ST,98427,
-118.3550533,34.1018486,70767,8792795,2019,2019-03-07T00:00:00.000Z,1942,2019-01-29T00:00:00.000Z,1856,43669,622,2,5,7,1942,0,0,0,,0,6A48,CURSON S,HOLLYWOOD,70,N,N,A,-,N,,0,0,,,0,,,,N,0,0,0,2,A,-,- ,0,,M,B,E,A,A,H,-,C,D,0,,,,,Y,,A,1,0,0,0,0,0,0,0,0,0,- ,- ,0,0,2100,1,LOS ANGELES,LOS ANGELES,CA,-118.3550533,34.1018486,"CURSON AVE & HOLLYWOOD BLVD,, CA",CURSON AVE,HOLLYWOOD BLVD,104161,
-118.5039203,34.22118378,70768,8793252,2019,2019-02-26T00:00:00.000Z,1942,2019-01-13T00:00:00.000Z,1955,37304,1795,7,5,7,1942,0,0,0,Q,0,17A95,ROSCOE BL,BALBOA AV,378,W,N,A,-,N,,0,0,,,0,,,,Y,3,0,3,2,A,-,7,21658,A,N,B,C,A,A,H,-,C,A,0,,,,,Y,,A,1,0,1,2,0,0,0,0,0,0,- ,- ,0,0,2100,1,LOS ANGELES,LOS ANGELES,CA,-118.5039203,34.22118378,"ROSCOE BLVD & BALBOA BLVD, LOS ANGELES, CA",ROSCOE BLVD,BALBOA BLVD,115756,
-118.5536019,34.23099136,70769,8793281,2019,2019-02-28T00:00:00.000Z,1942,2019-01-11T00:00:00.000Z,1830,36946,1782,5,5,7,1942,0,0,0,Q,0,17X54,TAMPA AV,BUSINESS CENTER DR,10,N,N,B,-,N,,0,0,,,0,,,,Y,4,0,2,2,A,-,9,21801,A,N,D,C,A,A,H,-,C,A,0,,,,,Y,,A,1,0,0,2,0,0,0,0,0,0,- ,- ,0,0,2100,1,LOS ANGELES,LOS ANGELES,CA,-118.5536019,34.23099136,"TAMPA AVE & BUSINESS CENTER DR, LOS ANGELES, CA",TAMPA AVE,BUSINESS CENTER DR,109288,
-118.501231,34.27202988,70770,8793297,2019,2019-02-28T00:00:00.000Z,1942,2019-01-11T00:00:00.000Z,1800,38817,1735,5,5,7,1942,0,0,0,Q,0,17A35,SAN FERNANDO MISSION BL,BALBOA BL,300,E,N,A,-,N,,0,0,,,0,,,,Y,4,0,2,2,A,-,9,21804,A,N,D,C,A,A,H,-,C,D,0,,,,,Y,,A,1,0,0,2,0,0,0,0,0,0,- ,- ,0,0,2100,1,LOS ANGELES,LOS ANGELES,CA,-118.501231,34.27202988,"SAN FERNANDO MISSION BLVD & BALBOA BLVD, LOS ANGELES, CA",SAN FERNANDO MISSION BLVD,BALBOA BLVD,119554,
-118.4127321,34.28565598,70771,8793303,2019,2019-02-27T00:00:00.000Z,1942,2019-01-23T00:00:00.000Z,1900,40388,1601,3,5,7,1942,0,0,0,P,0,16A11,EUSTACE ST,DRONFIELD AV,0,,Y,A,-,N,,0,0,,,0,,,,Y,3,0,2,2,A,-,8,22103,,N,D,C,A,A,H,-,C,A,0,,,,,Y,,A,1,0,1,1,0,0,0,0,0,0,- ,- ,0,0,2100,1,LOS ANGELES,LOS ANGELES,CA,-118.4127321,34.28565598,"EUSTACE ST & DRONFIELD AVE, LOS ANGELES, CA",EUSTACE ST,DRONFIELD AVE,108951,
-118.5538004,34.24273682,70772,8793309,2019,2019-02-28T00:00:00.000Z,1942,2019-01-03T00:00:00.000Z,2015,33823,1764,4,5,7,1942,0,0,0,Q,0,17A81,PLUMMER ST,TAMPA AV,60,W,N,A,-,N,,0,0,,,0,,,,N,4,0,2,2,A,-,9,21801,A,N,D,C,A,A,H,-,C,A,0,,,,,Y,,-,,0,0,2,0,0,0,0,0,0,- ,- ,0,0,2100,1,LOS ANGELES,LOS ANGELES,CA,-118.5538004,34.24273682,"PLUMMER ST & TAMPA AVE, LOS ANGELES, CA",PLUMMER ST,TAMPA AVE,130344,
-118.4261122,34.24206543,70773,8793320,2019,2019-02-27T00:00:00.000Z,1942,2019-01-09T00:00:00.000Z,1810,36298,1969,3,5,7,1942,0,0,0,,0,19A66,OSBORNE ST,ARLETA AV,0,,Y,A,-,N,,0,0,,,0,,,,Y,3,0,2,2,A,-,9,21801,A,N,A,C,A,A,H,-,C,D,0,,,,,Y,,-,,0,1,1,0,0,0,0,0,0,- ,- ,0,0,2100,1,LOS ANGELES,LOS ANGELES,CA,-118.4261122,34.24206543,"OSBORNE ST & ARLETA AVE, LOS ANGELES, CA",OSBORNE ST,ARLETA AVE,123079,
-118.4535622,34.23542404,70774,8793352,2019,2019-02-27T00:00:00.000Z,1942,2019-01-13T00:00:00.000Z,1845,42890,1974,7,5,7,1942,0,0,0,,0,19A85,NORDHOFF ST,CEDROS AV,0,,Y,A,-,N,,0,0,,,0,,,,N,2,0,3,2,A,-,9,21801,A,N,-,C,A,-,A,-,C,A,0,,,,,Y,Y,A,1,1,1,1,0,0,0,0,0,0,- ,- ,0,0,2100,1,LOS ANGELES,LOS ANGELES,CA,-118.4535622,34.23542404,"NORDHOFF ST & CEDROS AVE, LOS ANGELES, CA",NORDHOFF ST,CEDROS AVE,122577,
-118.4487822,34.2179451,70775,8793357,2019,2019-02-27T00:00:00.000Z,1942,2019-01-30T00:00:00.000Z,1805,39835,1994,3,5,7,1942,0,0,0,,0,19A93,VAN NUYS BL,LANARK ST,0,,Y,A,-,N,,0,0,,,0,,,,Y,4,0,3,2,A,-,9,21801,A,N,D,C,A,A,H,-,C,A,0,,,,,Y,,A,7,0,0,3,0,0,0,0,0,0,- ,- ,0,0,2100,1,LOS ANGELES,LOS ANGELES,CA,-118.4487822,34.2179451,"VAN NUYS BLVD & LANARK ST, LOS ANGELES, CA",VAN NUYS BLVD,LANARK ST,140115,
-118.5710322,34.20113373,70776,8793368,2019,2019-03-11T00:00:00.000Z,1942,2019-01-07T00:00:00.000Z,2010,38196,2149,1,5,7,1942,0,0,0,,0,21X98,SHERMAN WAY,WINNETKA AV,0,,Y,A,-,N,,0,0,,,0,,,,N,4,0,1,2,A,-,9,21453,B,N,A,G,A,A,H,-,C,A,0,,Y,,,Y,,A,1,0,0,1,0,0,0,1,0,0,- ,- ,0,0,2100,1,LOS ANGELES,LOS ANGELES,CA,-118.5710322,34.20113373,"SHERMAN WAY & WINNETKA AVE, LOS ANGELES, CA",SHERMAN WAY,WINNETKA AVE,115444,
-118.4338022,34.31013489,70777,8793381,2019,2019-02-26T00:00:00.000Z,1942,2019-01-17T00:00:00.000Z,1910,42565,1918,4,5,7,1942,0,0,0,,0,19A7,SAYRE ST,FOOTHILL BL,0,,Y,B,-,N,,0,0,,,0,,,,Y,4,0,2,2,A,-,9,21801,A,N,D,A,A,A,H,-,-,A,0,,,,,Y,,A,1,0,0,2,0,0,0,0,0,0,- ,- ,0,0,2100,1,LOS ANGELES,LOS ANGELES,CA,-118.4338022,34.31013489,"SAYRE ST & FOOTHILL BLVD, LOS ANGELES, CA",SAYRE ST,FOOTHILL BLVD,98155,
-118.4144622,34.2927742,70778,8793385,2019,2019-02-26T00:00:00.000Z,1942,2019-01-04T00:00:00.000Z,1915,38751,MISN,5,5,7,1942,0,0,0,,0,1919,FOOTHILL,ARROYO,0,,Y,A,-,N,,0,0,,,0,,,,Y,2,0,1,2,A,-,9,21801,A,N,A,C,A,A,H,-,C,D,0,,,,,Y,,-,,1,0,0,0,0,0,0,0,0,- ,- ,0,0,2100,1,LOS ANGELES,LOS ANGELES,CA,-118.4144622,34.2927742,"FOOTHILL BLVD & ARROYO ST, LOS ANGELES, CA",FOOTHILL BLVD,ARROYO ST,136726,
-118.3970526,34.22557831,70779,8793393,2019,2019-02-26T00:00:00.000Z,1942,2019-01-05T00:00:00.000Z,1830,42939,1681,6,5,7,1942,0,0,0,P,0,16X4,LAUREL CANYON BL,WEBB AV,200,W,N,C,-,N,,0,0,,,0,,,,Y,4,0,1,2,B,-,22,0,,N,B,A,A,B,H,-,C,A,0,,,,,Y,,-,- ,0,0,1,0,0,0,0,0,0,- ,- ,0,0,2100,1,LOS ANGELES,LOS ANGELES,CA,-118.3970526,34.22557831,"LAUREL CANYON BLVD & WEBB AVE, LOS ANGELES, CA",LAUREL CANYON BLVD,WEBB AVE,129152,
-118.3753329,34.22635651,70780,8793397,2019,2019-02-26T00:00:00.000Z,1942,2019-01-03T00:00:00.000Z,1920,38349,1611,4,5,7,1942,0,0,0,P,0,,PENROSE,BRADLEY,655,S,N,A,-,N,,0,0,,,0,,,,N,4,0,2,2,A,-,5,21651,A,N,B,C,A,A,H,-,D,A,0,,,,,Y,,A,1,0,0,2,0,0,0,0,0,0,- ,- ,0,0,2100,1,LOS ANGELES,LOS ANGELES,CA,-118.3753329,34.22635651,"PENROSE ST & BRADLEY AVE, LOS ANGELES, CA",PENROSE ST,BRADLEY AVE,129868,
-118.380843,34.20118332,70781,8793402,2019,2019-02-25T00:00:00.000Z,1942,2019-01-09T00:00:00.000Z,1800,38956,1505,3,5,7,1942,0,0,0,O,0,15A3,SHERMAN WY,FARMDALE AV,130,E,N,A,-,N,,0,0,,,0,,,,Y,4,0,2,2,A,-,8,22107,,N,D,C,A,A,H,-,B,D,0,,,,,Y,,A,1,0,0,2,0,0,0,0,0,0,- ,- ,0,0,2100,1,LOS ANGELES,LOS ANGELES,CA,-118.380843,34.20118332,"SHERMAN WAY & FARMDALE AVE, LOS ANGELES, CA",SHERMAN WAY,FARMDALE AVE,108181,
-118.3809222,34.17940903,70782,8793410,2019,2019-02-25T00:00:00.000Z,1942,2019-01-05T00:00:00.000Z,1800,42057,1526,6,5,7,1942,0,0,0,O,0,15A21,OXNARD ST,FARMDALE AV,100,E,N,C,-,N,,0,0,,,0,,,,N,4,0,1,3,A,-,17,22109,,N,C,C,A,B,F,-,C,D,0,,,,,Y,,A,1,0,0,1,0,0,0,0,0,0,- ,- ,0,0,2100,1,LOS ANGELES,LOS ANGELES,CA,-118.3809222,34.17940903,"OXNARD ST & FARMDALE AVE, LOS ANGELES, CA",OXNARD ST,FARMDALE AVE,104694,
-118.5448022,34.19383621,70783,8793438,2019,2019-02-25T00:00:00.000Z,1942,2019-01-30T00:00:00.000Z,2000,40035,1023,3,5,7,1942,0,0,0,J,0,10EL1,VANOWEN ST,WILBUR AV,0,,Y,A,-,N,,0,0,,,0,,,,Y,2,0,2,3,A,-,9,21801,A,N,B,C,A,A,H,-,C,A,0,,,Y,,Y,,A,1,1,1,0,0,0,0,0,0,2,- ,- ,0,0,2100,1,LOS ANGELES,LOS ANGELES,CA,-118.5448022,34.19383621,"VANOWEN ST & WILBUR AVE, LOS ANGELES, CA",VANOWEN ST,WILBUR AVE,147517,
-118.5536022,34.23547363,70784,8793466,2019,2019-03-12T00:00:00.000Z,1942,2019-01-24T00:00:00.000Z,2041,42565,1783,4,5,7,1942,0,0,0,Q,0,17A67,TAMPA AV,NORDHOFF ST,0,,Y,A,-,N,,0,0,,,0,,,,N,0,0,0,2,A,-,8,22107,,N,D,C,A,A,H,-,C,A,0,,,,,Y,,-,99,0,0,0,0,0,0,0,0,0,- ,- ,0,0,2100,1,LOS ANGELES,LOS ANGELES,CA,-118.5536022,34.23547363,"TAMPA AVE & NORDHOFF ST, LOS ANGELES, CA",TAMPA AVE,NORDHOFF ST,130321,