X,Y,OBJECTID,case_id,accident_year,proc_date,juris,collision_date,collision_time,officer_id,reporting_district,day_of_week,chp_shift,population,cnty_city_loc,special_cond,beat_type,chp_beat_type,city_division_lapd,chp_beat_class,beat_number,primary_rd,secondary_rd,distance,direction,intersection,weather_1,weather_2,state_hwy_ind,caltrans_county,caltrans_district,state_route,route_suffix,postmile_prefix,postmile,location_type,ramp_intersection,side_of_hwy,tow_away,collision_severity,number_killed,number_injured,party_count,primary_coll_factor,pcf_code_of_viol,pcf_viol_category,pcf_violation,pcf_viol_subsection,hit_and_run,type_of_collision,mviw,ped_action,road_surface,road_cond_1,road_cond_2,lighting,control_device,chp_road_type,pedestrian_accident,bicycle_accident,motorcycle_accident,truck_accident,not_private_property,alcohol_involved,stwd_vehtype_at_fault,chp_vehtype_at_fault,count_severe_inj,count_visible_inj,count_complaint_pain,count_ped_killed,count_ped_injured,count_bicyclist_killed,count_bicyclist_injured,count_mc_killed,count_mc_injured,primary_ramp,secondary_ramp,latitude,longitude,timecat,month_,city,county,state,point_x,point_y,match_addr,m_primaryrd,m_secondrd,int_id,Flag
-118.5730033,34.20113373,70785,8793473,2019,2019-02-25T00:00:00.000Z,1942,2019-01-12T00:00:00.000Z,1850,40876,2148,6,5,7,1942,0,0,0,,0,21A29,SHERMAN WAY,WINNETKA AV,597,W,N,A,-,N,,0,0,,,0,,,,Y,3,0,3,3,A,-,9,21804,A,N,D,C,A,A,H,-,C,D,0,,,,,Y,,A,7,0,1,2,0,0,0,0,0,0,- ,- ,0,0,2100,1,LOS ANGELES,LOS ANGELES,CA,-118.5730033,34.20113373,"SHERMAN WAY & WINNETKA AVE, LOS ANGELES, CA",SHERMAN WAY,WINNETKA AVE,115444,
-118.5798057,34.24998474,70786,8793491,2019,2019-02-25T00:00:00.000Z,1942,2019-01-01T00:00:00.000Z,2015,32963,1753,2,5,7,1942,0,0,0,Q,0,17A23,LASSEN ST,MASON AV,5,E,N,A,-,N,,0,0,,,0,,,,N,0,0,0,2,A,-,9,21804,A,M,D,C,A,A,H,-,C,A,0,,,,,Y,,-,99,0,0,0,0,0,0,0,0,0,- ,- ,0,0,2100,1,LOS ANGELES,LOS ANGELES,CA,-118.5798057,34.24998474,"LASSEN ST & MASON AVE, LOS ANGELES, CA",LASSEN ST,MASON AVE,98675,
-118.2798314,33.95274735,70787,8793850,2019,2019-02-28T00:00:00.000Z,1942,2019-01-18T00:00:00.000Z,1845,32142,1802,5,5,7,1942,0,0,0,R,0,18U2,GRAND AV,92ND ST,14,S,N,A,-,N,,0,0,,,0,,,,Y,0,0,0,3,A,-,6,21750,,M,B,C,A,A,H,-,C,D,0,,,,,Y,,A,1,0,0,0,0,0,0,0,0,0,- ,- ,0,0,2100,1,LOS ANGELES,LOS ANGELES,CA,-118.2798314,33.95274734,"GRAND AVE & 92ND ST, LOS ANGELES, CA",GRAND AVE,92ND ST,120784,
-118.2785294,33.97080612,70788,8793905,2019,2019-02-27T00:00:00.000Z,1942,2019-01-30T00:00:00.000Z,1900,42009,1257,3,5,7,1942,0,0,0,L,0,12I90,76TH ST,BROADWAY ST,66,W,N,A,-,N,,0,0,,,0,,,,N,0,0,0,2,A,-,0,20015,A,M,B,C,A,A,H,-,D,D,0,,,,,Y,,-,99,0,0,0,0,0,0,0,0,0,- ,- ,0,0,2100,1,LOS ANGELES,LOS ANGELES,CA,-118.2785294,33.97080612,"76TH ST & BROADWAY, LOS ANGELES, CA",76TH ST,BROADWAY,96044,
-118.3223321,34.09801483,70789,8794234,2019,2019-02-21T00:00:00.000Z,1942,2019-01-23T00:00:00.000Z,1842,37323,RD064,3,5,7,1942,0,0,0,,0,6X26,SUNSET BL,GOWER ST,0,,Y,A,-,N,,0,0,,,0,,,,Y,4,0,1,2,A,-,6,21755,A,N,B,C,A,A,H,-,A,A,0,,,Y,,Y,,C,2,0,0,1,0,0,0,0,0,1,- ,- ,0,0,2100,1,LOS ANGELES,LOS ANGELES,CA,-118.3223321,34.09801483,"SUNSET BLVD & GOWER ST, LOS ANGELES, CA",SUNSET BLVD,GOWER ST,142995,
-118.4909665,34.31515884,70790,8795411,2019,2019-02-08T00:00:00.000Z,1942,2019-01-05T00:00:00.000Z,2040,43376,1934,6,5,7,1942,0,0,0,,0,19A43,SEPULVEDA BL,SAN FERNANDO MISSION,25,S,N,C,-,N,,0,0,,,0,,,,N,0,0,0,2,A,-,21,22106,,M,B,E,A,B,H,-,C,A,0,,,,,Y,,-,99,0,0,0,0,0,0,0,0,0,- ,- ,0,0,2100,1,LOS ANGELES,LOS ANGELES,CA,-118.4909665,34.31515884,"SEPULVEDA BLVD & SAN FERNANDO RD, LOS ANGELES, CA",SEPULVEDA BLVD,SAN FERNANDO RD,147375,
-118.3792822,34.12695313,70791,8795416,2019,2019-02-11T00:00:00.000Z,1942,2019-01-03T00:00:00.000Z,2050,42999,1503,4,5,7,1942,0,0,0,O,0,15A85,DONA DOROTEA DR,LAUREL CANYON BL,0,,Y,A,-,N,,0,0,,,0,,,,N,0,0,0,2,A,-,5,21650,,M,-,C,A,A,H,-,C,-,0,,,,,Y,,-,99,0,0,0,0,0,0,0,0,0,- ,- ,0,0,2100,1,LOS ANGELES,LOS ANGELES,CA,-118.3792822,34.12695313,"DONA DOROTEA DR & LAUREL CANYON BLVD, LOS ANGELES, CA",DONA DOROTEA DR,LAUREL CANYON BLVD,135745,
-118.4440852,34.217453,70793,8795432,2019,2019-02-11T00:00:00.000Z,1942,2019-01-15T00:00:00.000Z,2000,42053,1998,2,5,7,1942,0,0,0,,0,19A93,LANARK ST,LULLABY,10,W,N,C,-,N,,0,0,,,0,,,,N,3,0,1,2,A,-,7,21658,A,M,B,C,A,B,F,-,C,A,0,,,,,Y,,-,,0,1,0,0,0,0,0,0,0,- ,- ,0,0,2100,1,LOS ANGELES,LOS ANGELES,CA,-118.4440852,34.217453,"LANARK ST & LULLABY LN, LOS ANGELES, CA",LANARK ST,LULLABY LN,108305,
-118.4677422,34.22140503,70794,8795596,2019,2019-02-08T00:00:00.000Z,1942,2019-01-05T00:00:00.000Z,2020,43386,1983,6,5,7,1942,0,0,0,,0,19A61,SEPULVEDA BL,ROSCOE BL,0,,Y,C,-,N,,0,0,,,0,,,,N,0,0,0,2,A,-,3,22350,,M,C,C,A,B,H,-,C,D,0,,,,,Y,,-,99,0,0,0,0,0,0,0,0,0,- ,- ,0,0,2100,1,LOS ANGELES,LOS ANGELES,CA,-118.4677422,34.22140503,"SEPULVEDA BLVD & ROSCOE BLVD, LOS ANGELES, CA",SEPULVEDA BLVD,ROSCOE BLVD,104976,
-118.2915021,33.9836731,70795,8796078,2019,2019-02-20T00:00:00.000Z,1942,2019-01-06T00:00:00.000Z,1910,41056,1239,7,5,7,1942,0,0,0,L,0,25T21,S VERMONT AV,W 62ND ST,0,,Y,A,-,N,,0,0,,,0,,,,Y,4,0,2,5,A,-,8,22107,,N,B,C,A,A,H,-,C,D,0,,,,,Y,,A,1,0,0,2,0,0,0,0,0,0,- ,- ,0,0,2100,1,LOS ANGELES,LOS ANGELES,CA,-118.2915021,33.9836731,"VERMONT AVE & 62ND ST, LOS ANGELES, CA",VERMONT AVE,62ND ST,103056,
-118.2675169,34.03241348,70797,8796261,2019,2019-02-25T00:00:00.000Z,1942,2019-01-15T00:00:00.000Z,1900,42978,192,2,5,7,1942,0,0,0,A,0,1A61,S OLIVE ST,WASHINGTON BL,25,N,N,C,-,N,,0,0,,,0,,,,N,0,0,0,2,A,-,8,22107,,N,B,C,A,B,H,-,C,D,0,,,,,Y,,I,12,0,0,0,0,0,0,0,0,0,- ,- ,0,0,2100,1,LOS ANGELES,LOS ANGELES,CA,-118.2675169,34.03241348,"OLIVE ST & WASHINGTON BLVD, LOS ANGELES, CA",OLIVE ST,WASHINGTON BLVD,133702,
-118.2236221,34.08693314,70798,8796281,2019,2019-02-26T00:00:00.000Z,1942,2019-01-10T00:00:00.000Z,2020,36700,1177,4,5,7,1942,0,0,0,K,0,11A89,AVENUE 28,IDELL ST,0,,Y,A,-,N,,0,0,,,0,,,,N,4,0,1,2,A,-,11,21953,,N,G,B,B,A,H,-,C,A,0,Y,,,,Y,Y,N,60,0,0,1,0,1,0,0,0,0,- ,- ,0,0,2100,1,LOS ANGELES,LOS ANGELES,CA,-118.2236221,34.08693314,"AVE 28 & IDELL ST, LOS ANGELES, CA",AVE 28,IDELL ST,142941,
-118.3441221,34.09614563,70799,8796287,2019,2019-02-27T00:00:00.000Z,1942,2019-01-03T00:00:00.000Z,1820,37575,644,4,5,7,1942,0,0,0,F,0,6A45,LA BREA AV,DELONGPRE AV,0,,Y,A,-,N,,0,0,,,0,,,,N,0,0,0,2,D,-,0,0,,N,D,C,A,A,H,-,C,D,0,,,,,Y,,-,- ,0,0,0,0,0,0,0,0,0,- ,- ,0,0,2100,1,LOS ANGELES,LOS ANGELES,CA,-118.3441221,34.09614563,"LA BREA AVE & DE LONGPRE AVE, LOS ANGELES, CA",LA BREA AVE,DE LONGPRE AVE,125349,
-118.3446796,34.09796906,70800,8796334,2019,2019-02-26T00:00:00.000Z,1942,2019-01-23T00:00:00.000Z,2025,41957,645,3,5,7,1942,0,0,0,F,0,6A45,SUNSET BL,LA BREA AV,160,W,N,A,-,N,,0,0,,,0,,,,N,4,0,1,2,A,-,7,21658,A,N,B,C,A,A,H,-,C,A,0,,,,,Y,,J,48,0,0,1,0,0,0,0,0,0,- ,- ,0,0,2100,1,LOS ANGELES,LOS ANGELES,CA,-118.3446796,34.09796906,"SUNSET BLVD & LA BREA AVE, LOS ANGELES, CA",SUNSET BLVD,LA BREA AVE,139249,
-118.3000474,34.010849,70801,8796342,2019,2019-02-26T00:00:00.000Z,1942,2019-01-26T00:00:00.000Z,1830,42665,397,6,5,7,1942,0,0,0,C,0,3A99,MLK BL,NORMANDIE AV,47,E,N,A,-,N,,0,0,,,0,,,,N,0,0,0,2,A,-,5,21460,A,N,B,C,A,A,H,-,C,D,0,,,,,Y,,J,48,0,0,0,0,0,0,0,0,0,- ,- ,0,0,2100,1,LOS ANGELES,LOS ANGELES,CA,-118.3000474,34.010849,"MARTIN LUTHER KING JR BLVD & NORMANDIE AVE, LOS ANGELES, CA",MARTIN LUTHER KING JR BLVD,NORMANDIE AVE,117162,
-118.3463721,34.10528565,70802,8796350,2019,2019-02-26T00:00:00.000Z,1942,2019-01-12T00:00:00.000Z,2051,41957,622,6,5,7,1942,0,0,0,F,0,6A31,LA BREA AV,LA BREA TR,6,N,N,A,-,N,,0,0,,,0,,,,N,0,0,0,2,B,-,22,0,,M,D,C,A,A,H,-,C,B,0,,,,,Y,,J,48,0,0,0,0,0,0,0,0,0,- ,- ,0,0,2100,1,LOS ANGELES,LOS ANGELES,CA,-118.3463721,34.10528564,"LA BREA AVE & LA BREA TER, LOS ANGELES, CA",LA BREA AVE,LA BREA TER,167218,
-118.4453549,34.24476624,70803,8796382,2019,2019-02-27T00:00:00.000Z,1942,2019-01-30T00:00:00.000Z,1800,40065,1958,3,5,7,1942,0,0,0,,0,19A79,GULLO AV,DORRINGTON AV,39,E,N,A,-,N,,0,0,,,0,,,,N,0,0,0,2,A,-,21,22106,,N,C,C,A,A,H,-,C,A,0,,,,,Y,,J,48,0,0,0,0,0,0,0,0,0,- ,- ,0,0,2100,1,LOS ANGELES,LOS ANGELES,CA,-118.4453549,34.24476624,"GULLO AVE & DORRINGTON AVE, LOS ANGELES, CA",GULLO AVE,DORRINGTON AVE,105271,
-118.2393466,34.05536652,70804,8796384,2019,2019-03-14T00:00:00.000Z,1942,2019-01-04T00:00:00.000Z,1850,41661,111,5,5,7,1942,0,0,0,A,0,1A1,ARCADIA ST,LOS ANGELES ST,62,W,N,A,-,N,,0,0,,,0,,,,N,0,0,0,2,A,-,13,22515,B,N,C,E,A,A,H,-,B,D,0,,,,,Y,,D,22,0,0,0,0,0,0,0,0,0,- ,- ,0,0,2100,1,LOS ANGELES,LOS ANGELES,CA,-118.2393466,34.05536652,"ARCADIA ST & LOS ANGELES ST, LOS ANGELES, CA",ARCADIA ST,LOS ANGELES ST,121137,
-118.2085668,34.0571022,70805,8796396,2019,2019-02-27T00:00:00.000Z,1942,2019-01-16T00:00:00.000Z,1810,42040,445,3,5,7,1942,0,0,0,D,0,4A15,MARENGO ST,BRITTANIA ST,60,W,N,C,-,N,,0,0,,,0,,,,N,4,0,1,2,A,-,9,21804,A,N,D,C,A,B,H,-,C,D,0,,,,,Y,,J,43,0,0,1,0,0,0,0,0,0,- ,- ,0,0,2100,1,LOS ANGELES,LOS ANGELES,CA,-118.2085668,34.0571022,"MARENGO ST & BRITTANIA ST, LOS ANGELES, CA",MARENGO ST,BRITTANIA ST,128182,
-118.3324921,34.09798431,70806,8796673,2019,2019-04-03T00:00:00.000Z,1942,2019-01-14T00:00:00.000Z,1820,42465,666,1,5,7,1942,0,0,0,F,0,6A44,SUNSET BL,SCHRADER,0,,Y,B,C,N,,0,0,,,0,,,,Y,0,0,0,3,A,-,9,21801,A,N,D,C,A,B,-,-,C,D,0,,,,,Y,,A,1,0,0,0,0,0,0,0,0,0,- ,- ,0,0,2100,1,LOS ANGELES,LOS ANGELES,CA,-118.3324921,34.09798431,"SUNSET BLVD & SCHRADER BLVD, LOS ANGELES, CA",SUNSET BLVD,SCHRADER BLVD,143040,
-118.3703421,33.97730637,70807,8796806,2019,2019-02-14T00:00:00.000Z,1942,2019-01-27T00:00:00.000Z,1925,42451,1469,7,5,7,1942,0,0,0,N,0,14A67,CENTINELLA AV,LA CIENEGA BL,0,,Y,A,-,N,,0,0,,,0,,,,N,0,0,0,2,A,-,9,21801,A,M,D,C,A,A,H,-,C,D,0,,,,,Y,,-,99,0,0,0,0,0,0,0,0,0,- ,- ,0,0,2100,1,LOS ANGELES,LOS ANGELES,CA,-118.3703421,33.97730637,"CENTINELA AVE & LA CIENEGA BLVD, LOS ANGELES, CA",CENTINELA AVE,LA CIENEGA BLVD,144207,
-118.4118036,34.02494431,70808,8796811,2019,2019-02-13T00:00:00.000Z,1942,2019-01-29T00:00:00.000Z,1950,27199,1438,2,5,7,1942,0,0,0,N,0,14A27,OVERLAND AV,PALMS AV,100,N,N,A,-,N,,0,0,,,0,,,,N,0,0,0,2,A,-,8,22107,,M,B,E,A,A,H,-,C,D,0,,,,,Y,,-,99,0,0,0,0,0,0,0,0,0,- ,- ,0,0,2100,1,LOS ANGELES,LOS ANGELES,CA,-118.4118036,34.02494431,"OVERLAND AVE & PALMS BLVD, LOS ANGELES, CA",OVERLAND AVE,PALMS BLVD,149713,
-118.4004334,34.02568054,70809,8796815,2019,2019-02-13T00:00:00.000Z,1942,2019-01-29T00:00:00.000Z,2000,41957,1409,2,5,7,1942,0,0,0,N,0,14A27,REGENT ST,HUGHES AV,50,E,N,A,-,N,,0,0,,,0,,,,Y,0,0,0,3,A,-,1,23152,A,M,B,E,A,A,H,-,C,D,0,,,,,Y,Y,A,7,0,0,0,0,0,0,0,0,0,- ,- ,0,0,2100,1,LOS ANGELES,LOS ANGELES,CA,-118.4004334,34.02568054,"REGENT ST & HUGHES AVE, LOS ANGELES, CA",REGENT ST,HUGHES AVE,149715,
-118.2915573,34.01940537,70810,8796817,2019,2019-02-15T00:00:00.000Z,1942,2019-01-11T00:00:00.000Z,1800,42595,,5,5,7,1942,0,0,0,,0,,VERMONT AV,37TH ST,200,S,N,A,-,N,,0,0,,,0,,,,N,0,0,0,2,A,-,21,22106,,N,C,E,A,A,H,-,C,D,0,,,,,Y,,A,1,0,0,0,0,0,0,0,0,0,- ,- ,0,0,2100,1,LOS ANGELES,LOS ANGELES,CA,-118.2915573,34.01940536,"VERMONT AVE & 37TH PL, LOS ANGELES, CA",VERMONT AVE,37TH PL,110304,
-118.4707858,34.04124832,70811,8796823,2019,2019-02-14T00:00:00.000Z,1942,2019-01-15T00:00:00.000Z,1815,41957,841,2,5,7,1942,0,0,0,H,0,8A53,CENTINELLA AV,WILSHIRE BL,50,S,N,C,-,N,,0,0,,,0,,,,N,0,0,0,2,A,-,21,22106,,M,C,C,A,B,H,-,C,A,0,,,,,Y,,-,99,0,0,0,0,0,0,0,0,0,- ,- ,0,0,2100,1,LOS ANGELES,LOS ANGELES,CA,-118.4707858,34.04124832,"CENTINELA AVE & WILSHIRE BLVD, LOS ANGELES, CA",CENTINELA AVE,WILSHIRE BLVD,121471,
-118.4247871,34.00883865,70812,8796846,2019,2019-02-14T00:00:00.000Z,1942,2019-01-27T00:00:00.000Z,1820,39022,1449,7,5,7,1942,0,0,0,N,0,14A49,MCLAUGHLIN AV,VENICE BL,50,N,N,A,-,N,,0,0,,,0,,,,N,0,0,0,2,A,-,8,22107,,M,C,C,A,A,H,-,C,D,0,,,,,Y,,-,99,0,0,0,0,0,0,0,0,0,- ,- ,0,0,2100,1,LOS ANGELES,LOS ANGELES,CA,-118.4247871,34.00883865,"MCLAUGHLIN AVE & VENICE BLVD, LOS ANGELES, CA",MCLAUGHLIN AVE,VENICE BLVD,96647,
-118.2562416,33.99481583,70813,8796847,2019,2019-02-13T00:00:00.000Z,1942,2019-01-04T00:00:00.000Z,2025,30083,1373,5,5,7,1942,0,0,0,M,0,13A85,E 53RD ST,CENTRAL AV,70,E,N,A,-,N,,0,0,,,0,,,,N,0,0,0,2,A,-,5,21650,,M,D,C,A,A,H,-,C,D,0,,,,,Y,,-,99,0,0,0,0,0,0,0,0,0,- ,- ,0,0,2100,1,LOS ANGELES,LOS ANGELES,CA,-118.2562416,33.99481583,"53RD ST & CENTRAL AVE, LOS ANGELES, CA",53RD ST,CENTRAL AVE,124454,
-118.4396657,33.98657608,70814,8796850,2019,2019-02-14T00:00:00.000Z,1942,2019-01-25T00:00:00.000Z,1830,39022,1454,5,5,7,1942,0,0,0,N,0,14A45,GLENCOE AV,MAXELLA AV,300,S,N,A,-,N,,0,0,,,0,,,,N,0,0,0,2,A,-,21,22106,,M,C,E,A,A,H,-,C,D,0,,,,,Y,,-,99,0,0,0,0,0,0,0,0,0,- ,- ,0,0,2100,1,LOS ANGELES,LOS ANGELES,CA,-118.4396657,33.98657608,"GLENCOE AVE & MAXELLA AVE, LOS ANGELES, CA",GLENCOE AVE,MAXELLA AVE,110792,
-118.423447,34.0399971,70815,8796858,2019,2019-02-14T00:00:00.000Z,1942,2019-01-16T00:00:00.000Z,2005,42273,884,3,5,7,1942,0,0,0,H,0,8A35,OVERLAND AV,BLYTHE AV,150,S,N,C,-,N,,0,0,,,0,,,,Y,0,0,0,3,A,-,3,22350,,M,B,E,A,B,H,-,C,D,0,,,,,Y,,-,99,0,0,0,0,0,0,0,0,0,- ,- ,0,0,2100,1,LOS ANGELES,LOS ANGELES,CA,-118.423447,34.0399971,"OVERLAND AVE & BLYTHE AVE, LOS ANGELES, CA",OVERLAND AVE,BLYTHE AVE,97124,
-118.4653488,34.07349014,70816,8796862,2019,2019-02-14T00:00:00.000Z,1942,2019-01-11T00:00:00.000Z,1825,37511,815,5,5,7,1942,0,0,0,H,0,8A29,W SUNSET BL,SEPULVEDA BL,300,E,N,B,-,N,,0,0,,,0,,,,N,0,0,0,2,A,-,7,21658,A,M,B,C,A,A,H,-,C,D,0,,,,,Y,,-,,0,0,0,0,0,0,0,0,0,- ,- ,0,0,2100,1,LOS ANGELES,LOS ANGELES,CA,-118.4653488,34.07349014,"SUNSET BLVD & SEPULVEDA BLVD, LOS ANGELES, CA",SUNSET BLVD,SEPULVEDA BLVD,99158,
-118.3986121,34.03447342,70817,8796866,2019,2019-02-14T00:00:00.000Z,1942,2019-01-18T00:00:00.000Z,1910,42470,897,5,5,7,1942,0,0,0,H,0,8A98,CASTLE HEIGHTS AV,BURGEN AV,0,,N,A,-,N,,0,0,,,0,,,,N,0,0,0,2,A,-,3,22350,,M,C,E,A,A,H,-,C,D,0,,,,,Y,,-,99,0,0,0,0,0,0,0,0,0,- ,- ,0,0,2100,1,LOS ANGELES,LOS ANGELES,CA,-118.3986121,34.03447342,"CASTLE HEIGHTS AVE & BURGEN AVE, LOS ANGELES, CA",CASTLE HEIGHTS AVE,BURGEN AVE,128788,
-118.2911686,33.96244431,70818,8796984,2019,2019-02-14T00:00:00.000Z,1942,2019-01-20T00:00:00.000Z,2030,42519,1267,7,5,7,1942,0,0,0,L,0,3A31,84TH ST,VERMONT ST,150,E,N,B,-,N,,0,0,,,0,,,,N,0,0,0,2,A,-,8,22107,,M,C,E,A,A,H,-,C,D,0,,,,,Y,Y,-,99,0,0,0,0,0,0,0,0,0,- ,- ,0,0,2100,1,LOS ANGELES,LOS ANGELES,CA,-118.2911686,33.96244431,"84TH ST & VERMONT AVE, LOS ANGELES, CA",84TH ST,VERMONT AVE,98770,
-118.2973774,34.07629776,70819,8797024,2019,2019-02-14T00:00:00.000Z,1942,2019-01-13T00:00:00.000Z,1935,36504,2015,7,5,7,1942,0,0,0,,0,20A25,BEVERLY BL,EDGEMONT ST,50,E,N,B,-,N,,0,0,,,0,,,,Y,0,0,0,4,A,-,1,23152,A,N,B,C,A,A,H,-,C,D,0,,,,,Y,Y,A,1,0,0,0,0,0,0,0,0,0,- ,- ,0,0,2100,1,LOS ANGELES,LOS ANGELES,CA,-118.2973774,34.07629776,"BEVERLY BLVD & EDGEMONT ST, LOS ANGELES, CA",BEVERLY BLVD,EDGEMONT ST,114650,
-118.2694046,33.97298431,70820,8797045,2019,2019-02-14T00:00:00.000Z,1942,2019-01-18T00:00:00.000Z,1947,41562,1259,5,5,7,1942,0,0,0,L,0,12X18,74TH ST,SAN PEDRO,60,E,N,A,-,N,,0,0,,,0,,,,N,3,0,2,5,A,-,3,22350,,M,A,E,A,A,H,-,C,D,0,,,,,Y,,A,1,0,1,1,0,0,0,0,0,0,- ,- ,0,0,2100,1,LOS ANGELES,LOS ANGELES,CA,-118.2694046,33.97298431,"74TH ST & SAN PEDRO ST, LOS ANGELES, CA",74TH ST,SAN PEDRO ST,124174,
-118.2827621,34.01091766,70821,8797048,2019,2019-02-19T00:00:00.000Z,1942,2019-01-20T00:00:00.000Z,1940,42612,359,7,5,7,1942,0,0,0,C,0,12A53,FIGUEROA ST,MLK BL,75,S,N,A,-,N,,0,0,,,0,,,,N,4,0,2,2,A,-,7,21658,A,M,B,C,A,A,H,-,C,D,0,,,,,Y,,A,1,0,0,2,0,0,0,0,0,0,- ,- ,0,0,2100,1,LOS ANGELES,LOS ANGELES,CA,-118.2827621,34.01091766,"FIGUEROA ST & MARTIN LUTHER KING JR BLVD, LOS ANGELES, CA",FIGUEROA ST,MARTIN LUTHER KING JR BLVD,148988,
-118.1876122,34.08584595,70822,8797058,2019,2019-03-08T00:00:00.000Z,1942,2019-01-24T00:00:00.000Z,2000,43346,407,4,5,7,1942,0,0,0,,0,4A3,MONTEREY RD,HUNTINGTON DR,0,,Y,A,-,N,,0,0,,,0,,,,N,4,0,2,2,A,-,0,20015,A,N,B,C,A,A,H,-,C,A,0,,,,,Y,,A,1,0,0,2,0,0,0,0,0,0,- ,- ,0,0,2100,1,LOS ANGELES,LOS ANGELES,CA,-118.1876122,34.08584595,"MONTEREY RD & HUNTINGTON DR, LOS ANGELES, CA",MONTEREY RD,HUNTINGTON DR,119722,
-118.2690548,34.01115418,70823,8797061,2019,2019-02-14T00:00:00.000Z,1942,2019-01-05T00:00:00.000Z,1920,40325,1354,6,5,7,1942,0,0,0,M,0,13A41,E MARTIN LUTHER KING BL,ADAIR ST,66,E,N,C,-,N,,0,0,,,0,,,,Y,2,0,2,2,A,-,11,21954,A,N,G,B,D,B,H,-,C,A,0,Y,,Y,,Y,,N,60,1,1,0,0,1,0,0,0,1,- ,- ,0,0,2100,1,LOS ANGELES,LOS ANGELES,CA,-118.2690548,34.01115417,"MARTIN LUTHER KING JR BLVD & ADAIR ST, LOS ANGELES, CA",MARTIN LUTHER KING JR BLVD,ADAIR ST,130748,
-118.2518515,34.02782059,70824,8797062,2019,2019-02-14T00:00:00.000Z,1942,2019-01-15T00:00:00.000Z,1800,41956,1313,2,5,7,1942,0,0,0,M,0,1A2,GRIFFITH AV,16TH ST,15,S,N,C,-,N,,0,0,,,0,,,,N,4,0,3,2,A,-,3,22350,,N,C,C,A,B,H,-,C,A,0,,,,,Y,,A,1,0,0,3,0,0,0,0,0,0,- ,- ,0,0,2100,1,LOS ANGELES,LOS ANGELES,CA,-118.2518515,34.02782059,"GRIFFITH AVE & 16TH ST, LOS ANGELES, CA",GRIFFITH AVE,16TH ST,135040,
-118.2390922,34.02761459,70825,8797065,2019,2019-02-14T00:00:00.000Z,1942,2019-01-08T00:00:00.000Z,1805,42224,1394,2,5,7,1942,0,0,0,M,0,13X94,ALAMEDA ST,OLYMPIC BL,0,,Y,A,-,N,,0,0,,,0,,,,Y,3,0,1,2,A,-,12,21453,A,N,D,C,A,A,H,-,C,A,0,,,Y,,Y,,C,2,0,1,0,0,0,0,0,0,1,- ,- ,0,0,2100,1,LOS ANGELES,LOS ANGELES,CA,-118.2390922,34.02761459,"ALAMEDA ST & OLYMPIC BLVD, LOS ANGELES, CA",ALAMEDA ST,OLYMPIC BLVD,138644,
-118.3651932,34.02593994,70826,8797068,2019,2019-02-19T00:00:00.000Z,1942,2019-01-31T00:00:00.000Z,2030,42982,394,4,5,7,1942,0,0,0,C,0,3A15,JEFFERSON BL,HAUSER AV,12,E,N,A,-,N,,0,0,,,0,,,,N,4,0,1,2,A,-,9,21801,A,N,A,C,A,A,H,-,C,A,0,,,,,Y,,A,1,0,0,1,0,0,0,0,0,0,- ,- ,0,0,2100,1,LOS ANGELES,LOS ANGELES,CA,-118.3651932,34.02593994,"JEFFERSON BLVD & HAUSER BLVD, LOS ANGELES, CA",JEFFERSON BLVD,HAUSER BLVD,99785,
-118.2652722,34.01107407,70827,8797097,2019,2019-02-14T00:00:00.000Z,1942,2019-01-14T00:00:00.000Z,1840,43369,1343,1,5,7,1942,0,0,0,M,0,13X45,AVALON BL,MARTIN LUTHER KING BL,0,,Y,C,-,N,,0,0,,,0,,,,Y,3,0,1,2,A,-,9,21801,A,N,D,C,A,B,H,-,C,A,0,,,,,Y,,A,1,0,1,0,0,0,0,0,0,0,- ,- ,0,0,2100,1,LOS ANGELES,LOS ANGELES,CA,-118.2652722,34.01107407,"AVALON BLVD & MARTIN LUTHER KING JR BLVD, LOS ANGELES, CA",AVALON BLVD,MARTIN LUTHER KING JR BLVD,102662,
-118.3002221,33.98669434,70828,8797112,2019,2019-02-19T00:00:00.000Z,1942,2019-01-11T00:00:00.000Z,1830,42577,1235,5,5,7,1942,0,0,0,L,0,12X48,NORMANDIE,59TH PL,0,,Y,A,-,N,,0,0,,,0,,,,N,4,0,1,2,A,-,9,21801,A,N,D,C,A,A,H,-,C,A,0,,,,,Y,,A,1,0,0,1,0,0,0,0,0,0,- ,- ,0,0,2100,1,LOS ANGELES,LOS ANGELES,CA,-118.3002221,33.98669434,"NORMANDIE AVE & 59TH PL, LOS ANGELES, CA",NORMANDIE AVE,59TH PL,103052,
-118.2992122,34.06175613,70829,8797122,2019,2019-02-15T00:00:00.000Z,1942,2019-01-09T00:00:00.000Z,2010,42451,2027,3,5,7,1942,0,0,0,,0,20A45,WILSHIRE BL,MARIPOSA AV,0,,Y,-,-,N,,0,0,,,0,,,,N,4,0,4,4,A,-,12,21453,A,F,-,-,A,-,-,-,-,-,0,,,,,Y,,A,8,0,0,4,0,0,0,0,0,0,- ,- ,0,0,2100,1,LOS ANGELES,LOS ANGELES,CA,-118.2992122,34.06175613,"WILSHIRE BLVD & MARIPOSA AVE, LOS ANGELES, CA",WILSHIRE BLVD,MARIPOSA AVE,98533,