X,Y,OBJECTID,case_id,accident_year,proc_date,juris,collision_date,collision_time,officer_id,reporting_district,day_of_week,chp_shift,population,cnty_city_loc,special_cond,beat_type,chp_beat_type,city_division_lapd,chp_beat_class,beat_number,primary_rd,secondary_rd,distance,direction,intersection,weather_1,weather_2,state_hwy_ind,caltrans_county,caltrans_district,state_route,route_suffix,postmile_prefix,postmile,location_type,ramp_intersection,side_of_hwy,tow_away,collision_severity,number_killed,number_injured,party_count,primary_coll_factor,pcf_code_of_viol,pcf_viol_category,pcf_violation,pcf_viol_subsection,hit_and_run,type_of_collision,mviw,ped_action,road_surface,road_cond_1,road_cond_2,lighting,control_device,chp_road_type,pedestrian_accident,bicycle_accident,motorcycle_accident,truck_accident,not_private_property,alcohol_involved,stwd_vehtype_at_fault,chp_vehtype_at_fault,count_severe_inj,count_visible_inj,count_complaint_pain,count_ped_killed,count_ped_injured,count_bicyclist_killed,count_bicyclist_injured,count_mc_killed,count_mc_injured,primary_ramp,secondary_ramp,latitude,longitude,timecat,month_,city,county,state,point_x,point_y,match_addr,m_primaryrd,m_secondrd,int_id,Flag
-118.3030766,34.08353424,70830,8797126,2019,2019-02-15T00:00:00.000Z,1942,2019-01-19T00:00:00.000Z,1920,41054,2005,6,5,7,1942,0,0,0,,0,20A13,MELROSE AV,KINGSLEY AV,120,E,N,A,-,N,,0,0,,,0,,,,N,4,0,2,2,A,-,3,22350,,F,C,C,A,A,H,-,C,D,0,,,,,Y,,-,99,0,0,2,0,0,0,0,0,0,- ,- ,0,0,2100,1,LOS ANGELES,LOS ANGELES,CA,-118.3030766,34.08353424,"MELROSE AVE & KINGSLEY DR, LOS ANGELES, CA",MELROSE AVE,KINGSLEY DR,128706,
-118.3069022,34.0762558,70831,8797150,2019,2019-02-15T00:00:00.000Z,1942,2019-01-19T00:00:00.000Z,1800,43222,2013,6,5,7,1942,0,0,0,,0,20A58,BEVERLY BL,SERRANO AV,0,,Y,A,-,N,,0,0,,,0,,,,N,4,0,1,2,A,-,8,22107,,N,B,C,A,A,H,-,C,A,0,,,,,Y,,A,1,0,0,1,0,0,0,0,0,0,- ,- ,0,0,2100,1,LOS ANGELES,LOS ANGELES,CA,-118.3069022,34.0762558,"BEVERLY BLVD & SERRANO AVE, LOS ANGELES, CA",BEVERLY BLVD,SERRANO AVE,114652,
-118.2891921,34.0472641,70832,8797157,2019,2019-02-20T00:00:00.000Z,1942,2019-01-18T00:00:00.000Z,1835,43222,2079,5,5,7,1942,0,0,0,,0,20A58,PICO BL,WESTMORELAND AV,0,,Y,A,-,N,,0,0,,,0,,,,Y,2,0,1,2,A,-,9,21801,A,N,A,C,A,A,H,-,C,A,0,,,Y,,Y,,A,1,1,0,0,0,0,0,0,0,1,- ,- ,0,0,2100,1,LOS ANGELES,LOS ANGELES,CA,-118.2891921,34.0472641,"PICO BLVD & WESTMORELAND AVE, LOS ANGELES, CA",PICO BLVD,WESTMORELAND AVE,117496,
-118.4039233,34.02431488,70833,8797161,2019,2019-02-20T00:00:00.000Z,1942,2019-01-11T00:00:00.000Z,1910,41877,1407,5,5,7,1942,0,0,0,N,0,14A27,JASMINE AV,REGENT ST,200,N,N,A,-,N,,0,0,,,0,,,,Y,4,0,2,2,A,-,5,21752,,N,D,C,A,A,H,-,C,D,0,,,,,Y,,A,8,0,0,2,0,0,0,0,0,0,- ,- ,0,0,2100,1,LOS ANGELES,LOS ANGELES,CA,-118.4039233,34.02431488,"JASMINE AVE & REGENT ST, LOS ANGELES, CA",JASMINE AVE,REGENT ST,138985,
-118.4424921,33.95644379,70834,8797162,2019,2019-02-15T00:00:00.000Z,1942,2019-01-21T00:00:00.000Z,1830,43058,1472,1,5,7,1942,0,0,0,N,0,14A1,PERSHING DR,W MANCHESTER BL,0,,Y,A,-,N,,0,0,,,0,,,,N,4,0,1,2,A,-,3,22350,,N,C,A,A,A,H,-,C,D,0,,,,,Y,,A,1,0,0,1,0,0,0,0,0,0,- ,- ,0,0,2100,1,LOS ANGELES,LOS ANGELES,CA,-118.4424921,33.95644379,"PERSHING DR & MANCHESTER AVE, LOS ANGELES, CA",PERSHING DR,MANCHESTER AVE,110015,
-118.4695522,34.07779312,70835,8797371,2019,2019-02-20T00:00:00.000Z,1942,2019-01-22T00:00:00.000Z,1930,43510,805,2,5,7,1942,0,0,0,H,0,9A41,SEPULVEDA BL,MORAGA DR,0,,Y,A,-,N,,0,0,,,0,,,,N,0,0,0,2,A,-,7,21658,A,M,C,C,A,A,H,-,C,D,0,,,,,Y,,D,22,0,0,0,0,0,0,0,0,0,- ,- ,0,0,2100,1,LOS ANGELES,LOS ANGELES,CA,-118.4695522,34.07779312,"SEPULVEDA BLVD & MORAGA DR, LOS ANGELES, CA",SEPULVEDA BLVD,MORAGA DR,102194,
-118.2037966,34.04105377,70837,8797390,2019,2019-02-20T00:00:00.000Z,1942,2019-01-12T00:00:00.000Z,1800,40099,467,6,5,7,1942,0,0,0,D,0,4A71,E 1ST ST,SAVANNAH ST,60,W,N,A,-,N,,0,0,,,0,,,,N,0,0,0,3,A,-,3,22350,,M,B,E,A,A,H,-,C,D,0,,,,,Y,,-,99,0,0,0,0,0,0,0,0,0,- ,- ,0,0,2100,1,LOS ANGELES,LOS ANGELES,CA,-118.2037966,34.04105377,"1ST ST & SAVANNAH ST, LOS ANGELES, CA",1ST ST,SAVANNAH ST,110580,
-118.2440422,34.00551605,70838,8797415,2019,2019-02-20T00:00:00.000Z,1942,2019-01-01T00:00:00.000Z,1856,39938,1347,2,5,7,1942,0,0,0,M,0,13A27,E 43RD ST,HONDURAS ST,0,,N,A,-,N,,0,0,,,0,,,,Y,4,0,1,3,A,-,1,23152,A,N,C,C,A,A,H,-,C,D,0,,,,,Y,Y,A,7,0,0,1,0,0,0,0,0,0,- ,- ,0,0,2100,1,LOS ANGELES,LOS ANGELES,CA,-118.2440422,34.00551605,"43RD ST & HONDURAS ST, LOS ANGELES, CA",43RD ST,HONDURAS ST,145537,
-118.2565221,33.9886055,70839,8797435,2019,2019-03-06T00:00:00.000Z,1942,2019-01-12T00:00:00.000Z,1925,34426,1385,6,5,7,1942,0,0,0,M,0,13A85,S CENTRAL AV,E 58TH PL,0,,Y,A,-,N,,0,0,,,0,,,,N,4,0,1,2,A,-,9,21804,A,N,D,C,A,A,H,-,C,D,0,,,,,Y,,A,1,0,0,1,0,0,0,0,0,0,- ,- ,0,0,2100,1,LOS ANGELES,LOS ANGELES,CA,-118.2565221,33.9886055,"CENTRAL AVE & 58TH PL, LOS ANGELES, CA",CENTRAL AVE,58TH PL,130746,
-118.2826663,34.00375366,70840,8797806,2019,2019-02-11T00:00:00.000Z,1942,2019-01-24T00:00:00.000Z,1915,41870,1209,4,5,7,1942,0,0,0,L,0,12A15,W VERNON AV,FIGUEROA ST,20,E,N,A,-,N,,0,0,,,0,,,,N,4,0,1,2,A,-,10,21950,A,F,D,G,A,A,H,-,C,D,0,,Y,,,Y,,-,99,0,0,1,0,0,0,1,0,0,- ,- ,0,0,2100,1,LOS ANGELES,LOS ANGELES,CA,-118.2826663,34.00375366,"VERNON AVE & FIGUEROA ST, LOS ANGELES, CA",VERNON AVE,FIGUEROA ST,103353,
-118.3351521,34.02809525,70841,8798061,2019,2019-02-06T00:00:00.000Z,1942,2019-01-24T00:00:00.000Z,1820,42319,334,4,5,7,1942,0,0,0,C,0,3A34,CRENSHAW BL,30TH ST,175,N,N,A,-,N,,0,0,,,0,,,,Y,4,0,1,2,A,-,8,22107,,N,D,C,A,A,H,-,C,D,0,,,,,Y,,A,1,0,0,1,0,0,0,0,0,0,- ,- ,0,0,2100,1,LOS ANGELES,LOS ANGELES,CA,-118.3351521,34.02809525,"CRENSHAW BLVD & 30TH ST, LOS ANGELES, CA",CRENSHAW BLVD,30TH ST,103513,
-118.2870402,33.98841095,70842,8798073,2019,2019-02-06T00:00:00.000Z,1942,2019-01-11T00:00:00.000Z,1945,42997,1239,5,5,7,1942,0,0,0,L,0,12A53,HOOVER ST,58TH PL,50,N,N,A,-,N,,0,0,,,0,,,,Y,3,0,2,2,A,-,1,23152,A,N,C,C,A,A,H,-,A,A,0,,,,,Y,Y,A,1,0,1,1,0,0,0,0,0,0,- ,- ,0,0,2100,1,LOS ANGELES,LOS ANGELES,CA,-118.2870402,33.98841095,"HOOVER ST & 58TH PL, LOS ANGELES, CA",HOOVER ST,58TH PL,120623,
-118.3224217,34.10164642,70843,8798120,2019,2019-02-08T00:00:00.000Z,1942,2019-01-22T00:00:00.000Z,1900,42138,647,2,5,7,1942,0,0,0,F,0,6XL69,HOLLYWOOD BL,GOWER ST,12,W,N,A,-,N,,0,0,,,0,,,,N,4,0,4,2,A,-,3,22350,A,N,C,C,A,A,H,-,C,A,0,,,,,Y,,A,1,0,0,4,0,0,0,0,0,0,- ,- ,0,0,2100,1,LOS ANGELES,LOS ANGELES,CA,-118.3224217,34.10164642,"HOLLYWOOD BLVD & GOWER ST, LOS ANGELES, CA",HOLLYWOOD BLVD,GOWER ST,100491,
-118.3615821,34.10129547,70844,8798124,2019,2019-04-04T00:00:00.000Z,1942,2019-01-11T00:00:00.000Z,2000,38226,632,5,5,7,1942,0,0,0,F,0,6A77,HOLLYWOOD BL,FAIRFAX AV,0,,Y,A,-,N,,0,0,,,0,,,,Y,4,0,1,4,A,-,12,21453,A,N,D,C,A,A,H,-,C,A,0,,,,,Y,,A,1,0,0,1,0,0,0,0,0,0,- ,- ,0,0,2100,1,LOS ANGELES,LOS ANGELES,CA,-118.3615821,34.10129547,"HOLLYWOOD BLVD & FAIRFAX AVE, LOS ANGELES, CA",HOLLYWOOD BLVD,FAIRFAX AVE,104200,
-118.4473852,33.98988342,70845,8798144,2019,2019-02-08T00:00:00.000Z,1942,2019-01-19T00:00:00.000Z,1900,38090,1444,6,5,7,1942,0,0,0,N,0,14A45,LINCOLN BL,WASHINGTON BL,264,S,N,A,-,N,,0,0,,,0,,,,Y,4,0,2,6,A,-,1,23152,A,F,D,C,A,A,H,-,C,A,0,,,,,Y,,A,7,0,0,2,0,0,0,0,0,0,- ,- ,0,0,2100,1,LOS ANGELES,LOS ANGELES,CA,-118.4473852,33.98988342,"LINCOLN BLVD & WASHINGTON BLVD, LOS ANGELES, CA",LINCOLN BLVD,WASHINGTON BLVD,109444,
-118.2696709,33.97470474,70846,8798154,2019,2019-02-13T00:00:00.000Z,1942,2019-01-20T00:00:00.000Z,2025,42665,1259,7,5,7,1942,0,0,0,L,0,12A69,FLORENCE AV,SAN PEDRO ST,30,W,N,A,-,N,,0,0,,,0,,,,N,0,0,0,2,A,-,6,21750,A,M,C,C,A,A,H,-,C,D,0,,,,,Y,,-,99,0,0,0,0,0,0,0,0,0,- ,- ,0,0,2100,1,LOS ANGELES,LOS ANGELES,CA,-118.2696709,33.97470474,"FLORENCE AVE & SAN PEDRO ST, LOS ANGELES, CA",FLORENCE AVE,SAN PEDRO ST,117103,
-118.6558778,34.18442535,70847,8798166,2019,2019-02-08T00:00:00.000Z,1942,2019-01-30T00:00:00.000Z,1910,42565,2141,3,5,7,1942,0,0,0,,0,21A43,VALLEY CIRCLE BL,VICTORY BL,95,S,N,A,-,N,,0,0,,,0,,,,Y,4,0,2,2,A,-,3,22350,,F,C,C,A,A,H,-,C,A,0,,,,,Y,,A,1,0,0,2,0,0,0,0,0,0,- ,- ,0,0,2100,1,LOS ANGELES,LOS ANGELES,CA,-118.6558778,34.18442535,"VALLEY CIRCLE BLVD & VICTORY BLVD, LOS ANGELES, CA",VALLEY CIRCLE BLVD,VICTORY BLVD,101129,
-118.2718228,34.11671448,70848,8798226,2019,2019-02-08T00:00:00.000Z,1942,2019-01-11T00:00:00.000Z,1820,40325,1122,5,5,7,1942,0,0,0,K,0,11A1,LOS FELIZ BL,RIVERSIDE DR,140,W,N,B,-,N,,0,0,,,0,,,,Y,4,0,1,2,A,-,1,23152,E,N,C,C,A,A,H,-,C,A,0,,,,,Y,,A,1,0,0,1,0,0,0,0,0,0,- ,- ,0,0,2100,1,LOS ANGELES,LOS ANGELES,CA,-118.2718228,34.11671448,"LOS FELIZ BLVD & RIVERSIDE DR, LOS ANGELES, CA",LOS FELIZ BLVD,RIVERSIDE DR,105676,
-118.2463435,34.0626564,70849,8798255,2019,2019-02-13T00:00:00.000Z,1942,2019-01-15T00:00:00.000Z,1810,42657,111,2,5,7,1942,0,0,0,A,0,1A12,SUNSET BL,W FIGUEROA ST,5,W,N,B,C,N,,0,0,,,0,,,,N,4,0,1,2,A,-,17,21451,A,F,G,B,B,B,H,-,C,A,0,Y,,,,Y,,-,99,0,0,1,0,1,0,0,0,0,- ,- ,0,0,2100,1,LOS ANGELES,LOS ANGELES,CA,-118.2463435,34.0626564,"SUNSET BLVD & FIGUEROA ST, LOS ANGELES, CA",SUNSET BLVD,FIGUEROA ST,135877,
-118.2078021,34.04679489,70850,8798283,2019,2019-02-13T00:00:00.000Z,1942,2019-01-15T00:00:00.000Z,1820,37209,455,2,5,7,1942,0,0,0,D,0,4EL2,SOTO ST,CESAR CHAVEZ AV,0,,Y,C,-,N,,0,0,,,0,,,,N,3,0,1,2,A,-,11,21953,,N,G,B,B,B,F,-,C,A,0,Y,,,,Y,Y,N,60,0,1,0,0,1,0,0,0,0,- ,- ,0,0,2100,1,LOS ANGELES,LOS ANGELES,CA,-118.2078021,34.04679489,"SOTO ST & CESAR E CHAVEZ AVE, LOS ANGELES, CA",SOTO ST,CESAR E CHAVEZ AVE,103577,
-118.218813,34.02932358,70851,8798324,2019,2019-02-12T00:00:00.000Z,1942,2019-01-17T00:00:00.000Z,1910,39922,483,4,5,7,1942,0,0,0,,0,4A97,SOTO ST,8TH ST,494,N,N,B,-,N,,0,0,,,0,,,,N,0,0,0,1,A,-,- ,0,,N,H,A,A,B,A,-,D,D,0,,,,,Y,,-,- ,0,0,0,0,0,0,0,0,0,- ,- ,0,0,2100,1,LOS ANGELES,LOS ANGELES,CA,-118.218813,34.02932358,"SOTO ST & 8TH ST, LOS ANGELES, CA",SOTO ST,8TH ST,149298,
-118.218813,34.02932358,70852,8798328,2019,2019-02-12T00:00:00.000Z,1942,2019-01-17T00:00:00.000Z,1920,39922,483,4,5,7,1942,0,0,0,,0,4A97,SOTO ST,8TH ST,494,N,N,B,-,N,,0,0,,,0,,,,N,0,0,0,1,-,-,- ,0,,N,H,A,A,B,A,-,D,D,0,,,,,Y,,-,- ,0,0,0,0,0,0,0,0,0,- ,- ,0,0,2100,1,LOS ANGELES,LOS ANGELES,CA,-118.218813,34.02932358,"SOTO ST & 8TH ST, LOS ANGELES, CA",SOTO ST,8TH ST,149298,
-118.4487077,34.15169907,70853,8798332,2019,2019-02-12T00:00:00.000Z,1942,2019-01-30T00:00:00.000Z,2000,42818,974,3,5,7,1942,0,0,0,I,0,9A63,VAN NUYS BL,MOORPARK ST,75,S,N,A,-,N,,0,0,,,0,,,,Y,0,0,0,2,A,-,1,23152,A,M,C,C,A,A,H,-,A,D,0,,,,,Y,Y,A,1,0,0,0,0,0,0,0,0,0,- ,- ,0,0,2100,1,LOS ANGELES,LOS ANGELES,CA,-118.4487077,34.15169907,"VAN NUYS BLVD & MOORPARK ST, LOS ANGELES, CA",VAN NUYS BLVD,MOORPARK ST,129281,
-118.218813,34.02932358,70854,8798336,2019,2019-02-12T00:00:00.000Z,1942,2019-01-17T00:00:00.000Z,1800,39922,483,4,5,7,1942,0,0,0,,0,4A97,SOTO ST,8TH ST,494,N,N,B,-,N,,0,0,,,0,,,,N,0,0,0,1,C,-,18,0,,N,H,A,A,B,A,-,D,D,0,,,,,Y,,-,- ,0,0,0,0,0,0,0,0,0,- ,- ,0,0,2100,1,LOS ANGELES,LOS ANGELES,CA,-118.218813,34.02932358,"SOTO ST & 8TH ST, LOS ANGELES, CA",SOTO ST,8TH ST,149298,
-118.2194421,34.02807617,70855,8798340,2019,2019-02-12T00:00:00.000Z,1942,2019-01-17T00:00:00.000Z,1930,39922,483,4,5,7,1942,0,0,0,,0,4A97,SOTO ST,8TH ST,0,,Y,B,-,N,,0,0,,,0,,,,N,0,0,0,1,C,-,18,0,,N,H,A,A,B,A,-,D,D,0,,,,,Y,,-,- ,0,0,0,0,0,0,0,0,0,- ,- ,0,0,2100,1,LOS ANGELES,LOS ANGELES,CA,-118.2194421,34.02807617,"SOTO ST & 8TH ST, LOS ANGELES, CA",SOTO ST,8TH ST,149298,
-118.218813,34.02932358,70856,8798344,2019,2019-02-12T00:00:00.000Z,1942,2019-01-17T00:00:00.000Z,2020,39922,483,4,5,7,1942,0,0,0,,0,4A97,SOTO ST,8TH ST,494,N,N,B,-,N,,0,0,,,0,,,,N,0,0,0,1,-,-,- ,0,,N,H,A,A,B,A,-,D,D,0,,,,,Y,,-,- ,0,0,0,0,0,0,0,0,0,- ,- ,0,0,2100,1,LOS ANGELES,LOS ANGELES,CA,-118.218813,34.02932358,"SOTO ST & 8TH ST, LOS ANGELES, CA",SOTO ST,8TH ST,149298,
-118.2384577,34.03804779,70857,8798352,2019,2019-02-12T00:00:00.000Z,1942,2019-01-14T00:00:00.000Z,2040,42876,159,1,5,7,1942,0,0,0,A,0,1A29,ALAMEDA ST,6TH ST,43,S,N,A,-,N,,0,0,,,0,,,,Y,0,0,0,2,A,-,1,23152,A,N,B,C,A,A,H,-,C,D,0,,,,,Y,Y,A,1,0,0,0,0,0,0,0,0,0,- ,- ,0,0,2100,1,LOS ANGELES,LOS ANGELES,CA,-118.2384577,34.03804779,"ALAMEDA ST & 6TH ST, LOS ANGELES, CA",ALAMEDA ST,6TH ST,117622,
-118.2719991,34.10767746,70859,8798368,2019,2019-02-12T00:00:00.000Z,1942,2019-01-02T00:00:00.000Z,1800,31713,1144,3,5,7,1942,0,0,0,K,0,11A71,HYPERION AV,MONON ST,87,S,N,A,-,N,,0,0,,,0,,,,N,0,0,0,2,B,-,22,0,,M,B,E,A,A,H,-,C,-,0,,,,,Y,,-,99,0,0,0,0,0,0,0,0,0,- ,- ,0,0,2100,1,LOS ANGELES,LOS ANGELES,CA,-118.2719991,34.10767746,"HYPERION AVE & MONON ST, LOS ANGELES, CA",HYPERION AVE,MONON ST,146109,
-118.5928722,34.20627976,70860,8798447,2019,2019-02-19T00:00:00.000Z,1942,2019-01-20T00:00:00.000Z,1930,33504,2137,7,5,7,1942,0,0,0,,0,21A5,VARIEL AV,COHASSET ST,75,S,N,B,-,N,,0,0,,,0,,,,Y,0,0,0,3,A,-,1,23152,A,N,C,E,A,A,H,-,C,D,0,,,,,Y,Y,D,22,0,0,0,0,0,0,0,0,0,- ,- ,0,0,2100,1,LOS ANGELES,LOS ANGELES,CA,-118.5928722,34.20627975,"VARIEL AVE & COHASSET ST, LOS ANGELES, CA",VARIEL AVE,COHASSET ST,129508,
-118.5350916,34.22071457,70861,8798499,2019,2019-02-21T00:00:00.000Z,1942,2019-01-04T00:00:00.000Z,1850,40388,1794,5,5,7,1942,0,0,0,Q,0,17A67,ROSCOE BL,RESEDA BL,300,E,N,A,-,N,,0,0,,,0,,,,Y,3,0,4,4,A,-,3,22350,,N,C,C,A,A,H,-,C,A,0,,,,,Y,,A,1,0,1,3,0,0,0,0,0,0,- ,- ,0,0,2100,1,LOS ANGELES,LOS ANGELES,CA,-118.5350916,34.22071457,"ROSCOE BLVD & RESEDA BLVD, LOS ANGELES, CA",ROSCOE BLVD,RESEDA BLVD,136759,
-118.2738921,33.94827652,70862,8798511,2019,2019-03-19T00:00:00.000Z,1942,2019-01-05T00:00:00.000Z,1830,43241,1822,6,5,7,1942,0,0,0,R,0,18A26,MAIN ST,97TH ST,0,,Y,C,-,N,,0,0,,,0,,,,N,3,0,1,2,A,-,9,21801,A,N,D,C,A,B,H,-,C,D,0,,,,,Y,,A,1,0,1,0,0,0,0,0,0,0,- ,- ,0,0,2100,1,LOS ANGELES,LOS ANGELES,CA,-118.2738921,33.94827652,"MAIN ST & 97TH ST, LOS ANGELES, CA",MAIN ST,97TH ST,96075,
-118.5885622,34.23545456,70863,8798556,2019,2019-02-21T00:00:00.000Z,1942,2019-01-10T00:00:00.000Z,1815,32774,1781,4,5,7,1942,0,0,0,Q,0,17A81,DE SOTO AV,NORDHOFF ST,0,,Y,A,-,N,,0,0,,,0,,,,Y,4,0,1,3,A,-,12,21453,A,N,D,-,A,A,H,-,C,D,0,,,,,Y,,A,1,0,0,1,0,0,0,0,0,0,- ,- ,0,0,2100,1,LOS ANGELES,LOS ANGELES,CA,-118.5885622,34.23545456,"DE SOTO AVE & NORDHOFF ST, LOS ANGELES, CA",DE SOTO AVE,NORDHOFF ST,102204,
-118.2701474,34.24355316,70865,8798563,2019,2019-02-14T00:00:00.000Z,1942,2019-01-30T00:00:00.000Z,1955,42045,1669,3,5,7,1942,0,0,0,P,0,16A59,PALI AV,FOOTHILL BL,200,N,N,A,-,N,,0,0,,,0,,,,,0,0,0,2,A,-,1,23152,A,N,B,C,A,A,H,-,D,D,0,,,,,Y,Y,A,1,0,0,0,0,0,0,0,0,0,- ,- ,0,0,2100,1,LOS ANGELES,LOS ANGELES,CA,-118.2701474,34.24355316,"PALI AVE & FOOTHILL BLVD, LOS ANGELES, CA",PALI AVE,FOOTHILL BLVD,133612,
-118.5708441,34.22021484,70866,8798746,2019,2019-02-21T00:00:00.000Z,1942,2019-01-15T00:00:00.000Z,1900,41304,2118,2,5,7,1942,0,0,0,,0,21429,ROSCOE BL,WINNETKA AV,60,E,N,C,-,N,,0,0,,,0,,,,N,0,0,0,2,A,-,4,21703,,M,C,C,A,B,H,-,C,A,0,,,,,Y,,-,99,0,0,0,0,0,0,0,0,0,- ,- ,0,0,2100,1,LOS ANGELES,LOS ANGELES,CA,-118.5708441,34.22021484,"ROSCOE BLVD & WINNETKA AVE, LOS ANGELES, CA",ROSCOE BLVD,WINNETKA AVE,115376,
-118.6265106,34.17009354,70867,8798754,2019,2019-02-20T00:00:00.000Z,1942,2019-01-26T00:00:00.000Z,1820,36336,2173,6,5,7,1942,0,0,0,,0,21A73,DOLOROSA ST,FALLBROOK AV,960,W,N,A,-,N,,0,0,,,0,,,,Y,0,0,0,1,A,-,8,22107,,M,E,I,A,A,H,-,C,D,0,,,,,Y,,A,7,0,0,0,0,0,0,0,0,0,- ,- ,0,0,2100,1,LOS ANGELES,LOS ANGELES,CA,-118.6265106,34.17009354,"DOLOROSA ST & FALLBROOK AVE, LOS ANGELES, CA",DOLOROSA ST,FALLBROOK AVE,122277,
-118.3734017,34.14168167,70868,8798762,2019,2019-02-20T00:00:00.000Z,1942,2019-01-23T00:00:00.000Z,2030,33340,1596,3,5,7,1942,0,0,0,O,0,15A85,VENTURA BL,ARCH DR,235,E,N,A,-,N,,0,0,,,0,,,,N,0,0,0,2,A,-,8,22107,,M,B,E,A,A,H,-,A,D,0,,,,,Y,,-,99,0,0,0,0,0,0,0,0,0,- ,- ,0,0,2100,1,LOS ANGELES,LOS ANGELES,CA,-118.3734017,34.14168167,"VENTURA BLVD & ARCH DR, LOS ANGELES, CA",VENTURA BLVD,ARCH DR,108045,
-118.3089346,34.01082611,70869,8798804,2019,2019-02-20T00:00:00.000Z,1942,2019-01-12T00:00:00.000Z,1800,42317,374,6,5,7,1942,0,0,0,C,0,3A98,WESTERN,MLK,10,S,N,A,-,N,,0,0,,,0,,,,N,0,0,0,2,A,-,7,21658,A,M,B,C,A,A,H,-,A,D,0,,,,,Y,,-,99,0,0,0,0,0,0,0,0,0,- ,- ,0,0,2100,1,LOS ANGELES,LOS ANGELES,CA,-118.3089346,34.01082611,"WESTERN AVE & MARTIN LUTHER KING JR BLVD, LOS ANGELES, CA",WESTERN AVE,MARTIN LUTHER KING JR BLVD,131232,
-118.2558525,33.95213318,70870,8798815,2019,2019-02-21T00:00:00.000Z,1942,2019-01-05T00:00:00.000Z,2030,43501,LAPDS,6,5,7,1942,0,0,0,,0,18A34,S CENTRAL AV,93RD ST,165,N,N,C,-,N,,0,0,,,0,,,,Y,0,0,0,2,A,-,1,23152,A,N,C,C,A,B,H,-,C,D,0,,,,,Y,Y,A,1,0,0,0,0,0,0,0,0,0,- ,- ,0,0,2100,1,LOS ANGELES,LOS ANGELES,CA,-118.2558525,33.95213318,"CENTRAL AVE & 93RD ST, LOS ANGELES, CA",CENTRAL AVE,93RD ST,120785,
-118.2755886,33.92645645,70871,8798823,2019,2019-02-21T00:00:00.000Z,1942,2019-01-25T00:00:00.000Z,2020,42741,1862,5,5,7,1942,0,0,0,R,0,18A3,118TH ST,SPRING ST,150,E,N,A,-,N,,0,0,,,0,,,,N,0,0,0,3,A,-,1,23152,A,N,A,E,A,A,H,-,C,D,0,,,,,Y,,A,1,0,0,0,0,0,0,0,0,0,- ,- ,0,0,2100,1,LOS ANGELES,LOS ANGELES,CA,-118.2755886,33.92645645,"118TH ST & SPRING ST, LOS ANGELES, CA",118TH ST,SPRING ST,120769,
-118.2090221,34.12188339,70872,8798824,2019,2019-02-20T00:00:00.000Z,1942,2019-01-13T00:00:00.000Z,2015,41215,1125,7,5,7,1942,0,0,0,K,0,11A25,YORK BL,AVENUE 49,0,,Y,A,-,N,,0,0,,,0,,,,N,0,0,0,2,A,-,4,21703,,M,C,C,A,A,H,-,C,D,0,,,,,Y,,-,99,0,0,0,0,0,0,0,0,0,- ,- ,0,0,2100,1,LOS ANGELES,LOS ANGELES,CA,-118.2090221,34.12188339,"YORK BLVD & AVE 49, LOS ANGELES, CA",YORK BLVD,AVE 49,107211,
-118.2564921,33.95478058,70873,8798833,2019,2019-02-21T00:00:00.000Z,1942,2019-01-14T00:00:00.000Z,1830,32425,LOSAN,1,5,7,1942,0,0,0,,0,,CENTRAL AV,90TH ST,20,N,N,C,-,N,,0,0,,,0,,,,,0,0,0,2,A,-,21,22106,,M,H,-,A,B,-,-,C,D,0,,,,,Y,,-,99,0,0,0,0,0,0,0,0,0,- ,- ,0,0,2100,1,LOS ANGELES,LOS ANGELES,CA,-118.2564921,33.95478058,"CENTRAL AVE & 90TH ST, LOS ANGELES, CA",CENTRAL AVE,90TH ST,110172,
-118.2565821,34.10600662,70875,8799090,2019,2019-03-07T00:00:00.000Z,1942,2019-01-11T00:00:00.000Z,1850,41626,1145,5,5,7,1942,0,0,0,K,0,11A95,RIVERSIDE DR,FLETCHER DR,0,,Y,A,-,N,,0,0,,,0,,,,N,4,0,3,2,A,-,9,21801,A,N,A,C,A,A,H,-,C,A,0,,,,,Y,,-,- ,0,0,3,0,0,0,0,0,0,- ,- ,0,0,2100,1,LOS ANGELES,LOS ANGELES,CA,-118.2565821,34.10600662,"RIVERSIDE DR & FLETCHER DR, LOS ANGELES, CA",RIVERSIDE DR,FLETCHER DR,142594,
-118.245812,34.11487198,70876,8799443,2019,2019-02-22T00:00:00.000Z,1942,2019-01-18T00:00:00.000Z,1930,39395,1124,5,5,7,1942,0,0,0,K,0,11A89,N SAN FERNANDO RD,FLETCHER DR,10,S,N,A,-,N,,0,0,,,0,,,,N,4,0,1,2,A,-,10,21950,A,N,G,B,B,A,G,-,C,A,0,Y,,,,Y,,A,7,0,0,1,0,1,0,0,0,0,- ,- ,0,0,2100,1,LOS ANGELES,LOS ANGELES,CA,-118.245812,34.11487198,"SAN FERNANDO RD & FLETCHER DR, LOS ANGELES, CA",SAN FERNANDO RD,FLETCHER DR,103703,