X,Y,OBJECTID,case_id,accident_year,proc_date,juris,collision_date,collision_time,officer_id,reporting_district,day_of_week,chp_shift,population,cnty_city_loc,special_cond,beat_type,chp_beat_type,city_division_lapd,chp_beat_class,beat_number,primary_rd,secondary_rd,distance,direction,intersection,weather_1,weather_2,state_hwy_ind,caltrans_county,caltrans_district,state_route,route_suffix,postmile_prefix,postmile,location_type,ramp_intersection,side_of_hwy,tow_away,collision_severity,number_killed,number_injured,party_count,primary_coll_factor,pcf_code_of_viol,pcf_viol_category,pcf_violation,pcf_viol_subsection,hit_and_run,type_of_collision,mviw,ped_action,road_surface,road_cond_1,road_cond_2,lighting,control_device,chp_road_type,pedestrian_accident,bicycle_accident,motorcycle_accident,truck_accident,not_private_property,alcohol_involved,stwd_vehtype_at_fault,chp_vehtype_at_fault,count_severe_inj,count_visible_inj,count_complaint_pain,count_ped_killed,count_ped_injured,count_bicyclist_killed,count_bicyclist_injured,count_mc_killed,count_mc_injured,primary_ramp,secondary_ramp,latitude,longitude,timecat,month_,city,county,state,point_x,point_y,match_addr,m_primaryrd,m_secondrd,int_id,Flag
-118.2914921,33.98966599,70877,8799628,2019,2019-02-26T00:00:00.000Z,1942,2019-01-25T00:00:00.000Z,1855,42011,1218,5,5,7,1942,0,0,0,L,0,12A15,58TH ST,VERMONT AV,0,,Y,A,-,N,,0,0,,,0,,,,Y,4,0,3,2,A,-,9,21802,A,N,D,C,A,A,H,-,C,D,0,,,,,Y,,A,1,0,0,3,0,0,0,0,0,0,- ,- ,0,0,2100,1,LOS ANGELES,LOS ANGELES,CA,-118.2914921,33.98966599,"58TH ST & VERMONT AVE, LOS ANGELES, CA",58TH ST,VERMONT AVE,127744,
-118.256482,33.99663544,70878,8799640,2019,2019-02-25T00:00:00.000Z,1942,2019-01-04T00:00:00.000Z,1820,43408,1363,5,5,7,1942,0,0,0,M,0,13A28,E 51ST ST,S CENTRAL AV,3,W,N,A,-,N,,0,0,,,0,,,,N,4,0,1,2,A,-,5,21202,A,N,E,G,A,A,H,-,C,A,0,,Y,,,Y,,L,4,0,0,1,0,0,0,1,0,0,- ,- ,0,0,2100,1,LOS ANGELES,LOS ANGELES,CA,-118.256482,33.99663544,"51ST ST & CENTRAL AVE, LOS ANGELES, CA",51ST ST,CENTRAL AVE,124460,
-118.2565322,33.9857254,70879,8799660,2019,2019-02-25T00:00:00.000Z,1942,2019-01-05T00:00:00.000Z,1950,39395,1385,6,5,7,1942,0,0,0,M,0,13A85,S CENTRAL AV,E 60TH ST,0,,Y,C,-,N,,0,0,,,0,,,,N,4,0,1,2,A,-,3,22350,,N,C,C,A,B,H,-,E,D,0,,,,,Y,,A,7,0,0,1,0,0,0,0,0,0,- ,- ,0,0,2100,1,LOS ANGELES,LOS ANGELES,CA,-118.2565322,33.9857254,"CENTRAL AVE & 60TH ST, LOS ANGELES, CA",CENTRAL AVE,60TH ST,110114,
-118.2619321,34.0206337,70880,8799672,2019,2019-02-25T00:00:00.000Z,1942,2019-01-02T00:00:00.000Z,1955,35291,1333,3,5,7,1942,0,0,0,M,0,13A43,SAN PEDRO ST,E 27TH ST,0,,Y,A,-,N,,0,0,,,0,,,,N,3,0,1,3,A,-,9,21802,B,N,D,C,A,A,H,-,C,D,0,,,,,Y,,A,1,0,1,0,0,0,0,0,0,0,- ,- ,0,0,2100,1,LOS ANGELES,LOS ANGELES,CA,-118.2619321,34.0206337,"SAN PEDRO ST & 27TH ST, LOS ANGELES, CA",SAN PEDRO ST,27TH ST,96324,
-118.3121968,34.02555084,70881,8799941,2019,2019-02-12T00:00:00.000Z,1942,2019-01-30T00:00:00.000Z,1950,43654,355,3,5,7,1942,0,0,0,C,0,3A55,JEFFERSON BL,SAINT ANDREWS PL,50,W,N,A,-,N,,0,0,,,0,,,,N,2,0,1,2,A,-,4,21703,,N,C,C,A,A,H,-,C,A,0,,,,,Y,,A,1,1,0,0,0,0,0,0,0,0,- ,- ,0,0,2100,1,LOS ANGELES,LOS ANGELES,CA,-118.3121968,34.02555084,"JEFFERSON BLVD & ST ANDREWS PL, LOS ANGELES, CA",JEFFERSON BLVD,ST ANDREWS PL,110302,
-118.2680722,33.95806503,70882,8799961,2019,2019-02-12T00:00:00.000Z,1942,2019-01-13T00:00:00.000Z,1830,42011,1803,7,5,7,1942,0,0,0,R,0,18A3,E 87TH PL,CROCKER ST,0,,Y,A,-,N,,0,0,,,0,,,,N,4,0,1,2,A,-,9,21801,A,N,D,C,A,A,H,-,C,D,0,,,,,Y,,A,1,0,0,1,0,0,0,0,0,0,- ,- ,0,0,2100,1,LOS ANGELES,LOS ANGELES,CA,-118.2680722,33.95806503,"87TH PL & CROCKER ST, LOS ANGELES, CA",87TH PL,CROCKER ST,110170,
-118.2827521,33.88546372,70883,8799973,2019,2019-02-13T00:00:00.000Z,1942,2019-01-23T00:00:00.000Z,1815,42282,1881,3,5,7,1942,0,0,0,R,0,18A97,S FIGUEROA ST,W ALONDRA BL,0,,Y,A,-,N,,0,0,,,0,,,,Y,3,0,4,2,A,-,9,21801,A,N,D,C,A,A,H,-,C,A,0,,,,,Y,,A,7,0,1,3,0,0,0,0,0,0,- ,- ,0,0,2100,1,LOS ANGELES,LOS ANGELES,CA,-118.2827521,33.88546371,"FIGUEROA ST & ALONDRA BLVD, LOS ANGELES, CA",FIGUEROA ST,ALONDRA BLVD,99595,
-118.3002122,34.00551605,70884,8799989,2019,2019-02-13T00:00:00.000Z,1942,2019-01-18T00:00:00.000Z,1930,43139,397,5,5,7,1942,0,0,0,C,0,3A99,NORMANDIE AV,43RD ST,0,,Y,A,-,N,,0,0,,,0,,,,N,4,0,1,2,A,-,3,22350,,F,C,C,A,A,H,-,C,A,0,,,,,Y,,-,99,0,0,1,0,0,0,0,0,0,- ,- ,0,0,2100,1,LOS ANGELES,LOS ANGELES,CA,-118.3002122,34.00551605,"NORMANDIE AVE & 43RD ST, LOS ANGELES, CA",NORMANDIE AVE,43RD ST,131244,
-118.5273422,34.20119476,70885,8800116,2019,2019-02-13T00:00:00.000Z,1942,2019-01-24T00:00:00.000Z,1845,40006,1025,4,5,7,1942,0,0,0,J,0,10A21,SHERMAN WY,LINDLEY AV,0,,Y,A,-,N,,0,0,,,0,,,,N,4,0,2,2,A,-,8,22107,,F,D,C,A,A,H,-,C,A,0,,,,,Y,,A,1,0,0,2,0,0,0,0,0,0,- ,- ,0,0,2100,1,LOS ANGELES,LOS ANGELES,CA,-118.5273422,34.20119476,"SHERMAN WAY & LINDLEY AVE, LOS ANGELES, CA",SHERMAN WAY,LINDLEY AVE,112352,
-118.4846029,34.18662643,70886,8800124,2019,2019-02-13T00:00:00.000Z,1942,2019-01-27T00:00:00.000Z,1910,42251,1039,7,5,7,1942,0,0,0,J,0,10A39,VICTORY BL,WOODLEY AV,285,W,N,B,-,N,,0,0,,,0,,,,Y,3,0,3,2,A,-,9,21804,A,N,D,C,A,A,H,-,C,A,0,,,,,Y,Y,A,1,0,2,1,0,0,0,0,0,0,- ,- ,0,0,2100,1,LOS ANGELES,LOS ANGELES,CA,-118.4846029,34.18662643,"VICTORY BLVD & WOODLEY AVE, LOS ANGELES, CA",VICTORY BLVD,WOODLEY AVE,122454,
-118.4128657,34.29129028,70887,8800128,2019,2019-02-13T00:00:00.000Z,1942,2019-01-31T00:00:00.000Z,1855,42045,1601,4,5,7,1942,0,0,0,P,0,16A11,FOOTHILL BL,VAUGHN ST,720,N,N,A,-,N,,0,0,,,0,,,,N,3,0,1,2,A,-,8,22107,,F,D,C,A,A,H,-,C,D,0,,,Y,,Y,,A,1,0,1,0,0,0,0,0,0,0,- ,- ,0,0,2100,1,LOS ANGELES,LOS ANGELES,CA,-118.4128657,34.29129028,"FOOTHILL BLVD & VAUGHN ST, LOS ANGELES, CA",FOOTHILL BLVD,VAUGHN ST,130019,
-118.5030217,34.22849655,70888,8800148,2019,2019-02-13T00:00:00.000Z,1942,2019-01-01T00:00:00.000Z,1935,42344,1788,2,5,7,1942,0,0,0,Q,0,7A95,PARTHENIA ST,BALBOA BL,124,W,N,A,-,N,,0,0,,,0,,,,Y,4,0,1,2,A,-,1,23152,A,N,C,C,A,A,H,-,C,A,0,,,,,Y,Y,A,7,0,0,1,0,0,0,0,0,0,- ,- ,0,0,2100,1,LOS ANGELES,LOS ANGELES,CA,-118.5030217,34.22849655,"PARTHENIA ST & BALBOA BLVD, LOS ANGELES, CA",PARTHENIA ST,BALBOA BLVD,122462,
-118.4503219,34.22651672,70889,8800156,2019,2019-02-13T00:00:00.000Z,1942,2019-01-04T00:00:00.000Z,1830,38183,1985,5,5,7,1942,0,0,0,,0,19A85,VESPER AV,PARTHENIA ST,273,S,N,A,-,N,,0,0,,,0,,,,N,4,0,1,2,B,-,22,0,,N,D,C,A,A,H,-,C,D,0,,,,,Y,,A,7,0,0,1,0,0,0,0,0,0,- ,- ,0,0,2100,1,LOS ANGELES,LOS ANGELES,CA,-118.4503219,34.22651672,"VESPER AVE & PARTHENIA ST, LOS ANGELES, CA",VESPER AVE,PARTHENIA ST,133661,
-118.4261122,34.24206543,70890,8800169,2019,2019-02-12T00:00:00.000Z,1942,2019-01-05T00:00:00.000Z,1910,42565,1969,6,5,7,1942,0,0,0,,0,19A79,OSBORNE ST,ARLETA AV,0,,Y,C,-,N,,0,0,,,0,,,,Y,4,0,4,2,A,-,9,21801,A,N,D,C,A,B,H,-,C,A,0,,,,,Y,,A,1,0,0,4,0,0,0,0,0,0,- ,- ,0,0,2100,1,LOS ANGELES,LOS ANGELES,CA,-118.4261122,34.24206543,"OSBORNE ST & ARLETA AVE, LOS ANGELES, CA",OSBORNE ST,ARLETA AVE,123079,
-118.2815822,34.00376511,70891,8800209,2019,2019-02-12T00:00:00.000Z,1942,2019-01-17T00:00:00.000Z,1930,41844,399,4,5,7,1942,0,0,0,C,0,3A99,W VERNON AV,FLOWER ST,0,,Y,C,-,N,,0,0,,,0,,,,N,3,0,1,2,A,-,10,21950,A,N,G,B,B,B,H,-,C,A,0,Y,,,,Y,,A,7,0,1,0,0,1,0,0,0,0,- ,- ,0,0,2100,1,LOS ANGELES,LOS ANGELES,CA,-118.2815822,34.00376511,"VERNON AVE & FLOWER ST, LOS ANGELES, CA",VERNON AVE,FLOWER ST,102831,
-118.2564821,33.96713638,70892,8800233,2019,2019-02-12T00:00:00.000Z,1942,2019-01-15T00:00:00.000Z,2040,43230,1259,2,5,7,1942,0,0,0,L,0,12A69,CENTRAL AV,79TH ST,120,S,N,C,-,N,,0,0,,,0,,,,N,2,0,1,2,A,-,11,21954,A,N,G,B,D,B,H,-,C,A,0,Y,,,,Y,,N,60,1,0,0,0,1,0,0,0,0,- ,- ,0,0,2100,1,LOS ANGELES,LOS ANGELES,CA,-118.2564821,33.96713638,"CENTRAL AVE & 79TH ST, LOS ANGELES, CA",CENTRAL AVE,79TH ST,134550,
-118.4487341,34.18105316,70893,8800330,2019,2019-02-19T00:00:00.000Z,1942,2019-01-29T00:00:00.000Z,2030,43380,935,2,5,7,1942,0,0,0,I,0,9A5,VAN NUYS BL,BESSEMER ST,50,N,N,A,-,N,,0,0,,,0,,,,N,4,0,1,2,D,-,0,0,,F,D,G,A,A,H,-,C,D,0,,Y,,,Y,,-,- ,0,0,1,0,0,0,1,0,0,- ,- ,0,0,2100,1,LOS ANGELES,LOS ANGELES,CA,-118.4487341,34.18105316,"VAN NUYS BLVD & BESSEMER ST, LOS ANGELES, CA",VAN NUYS BLVD,BESSEMER ST,132857,
-118.3937621,34.23928452,70894,8800342,2019,2019-02-19T00:00:00.000Z,1942,2019-01-25T00:00:00.000Z,1815,32264,1663,5,5,7,1942,0,0,0,P,0,16EL1,SAN FERNANDO RD,SHELDON ST,0,,Y,A,-,N,,0,0,,,0,,,,N,4,0,1,2,A,-,9,21801,A,F,D,G,A,A,H,-,C,A,0,,Y,,,Y,,L,4,0,0,1,0,0,0,1,0,0,- ,- ,0,0,2100,1,LOS ANGELES,LOS ANGELES,CA,-118.3937621,34.23928452,"SAN FERNANDO RD & SHELDON ST, LOS ANGELES, CA",SAN FERNANDO RD,SHELDON ST,105198,
-118.480657,34.18663025,70895,8800673,2019,2019-03-21T00:00:00.000Z,1942,2019-01-10T00:00:00.000Z,1815,42564,1039,4,5,7,1942,0,0,0,J,0,10X94,VICTORY BL,GAVIOTA AV,250,E,N,A,-,N,,0,0,,,0,,,,N,3,0,2,3,A,-,5,21650,,N,A,C,A,A,H,-,B,A,0,,,,,Y,,A,1,0,2,0,0,0,0,0,0,0,- ,- ,0,0,2100,1,LOS ANGELES,LOS ANGELES,CA,-118.480657,34.18663025,"VICTORY BLVD & GAVIOTA AVE, LOS ANGELES, CA",VICTORY BLVD,GAVIOTA AVE,139910,
-118.2603085,33.78133011,70896,8800833,2019,2019-03-20T00:00:00.000Z,1942,2019-01-20T00:00:00.000Z,2050,40529,529,7,5,7,1942,0,0,0,E,0,5A17,E I ST,BROAD AV,184,E,N,A,-,N,,0,0,,,0,,,,N,4,0,1,2,C,-,18,0,,N,G,B,E,A,H,-,D,D,0,Y,,,,Y,Y,-,- ,0,0,1,0,1,0,0,0,0,- ,- ,0,0,2100,1,LOS ANGELES,LOS ANGELES,CA,-118.2603085,33.78133011,"I ST & BROAD AVE, LOS ANGELES, CA",I ST,BROAD AVE,124314,
-118.3002922,33.97850418,70897,8800841,2019,2019-02-21T00:00:00.000Z,1942,2019-01-31T00:00:00.000Z,1910,38331,1245,4,5,7,1942,0,0,0,L,0,12XL59,NORMANDIE AV,67TH ST,0,,Y,B,-,N,,0,0,,,0,,,,N,3,0,1,2,A,-,10,21950,A,F,G,B,B,A,H,-,B,A,0,Y,,,,Y,Y,-,99,0,1,0,0,1,0,0,0,0,- ,- ,0,0,2100,1,LOS ANGELES,LOS ANGELES,CA,-118.3002922,33.97850418,"NORMANDIE AVE & 67TH ST, LOS ANGELES, CA",NORMANDIE AVE,67TH ST,131098,
-118.3068521,33.95269394,70898,8801057,2019,2019-03-08T00:00:00.000Z,1942,2019-01-25T00:00:00.000Z,2000,40673,1273,5,5,7,1942,0,0,0,L,0,12A15,92ND ST,HARVARD BL,0,,Y,A,-,N,,0,0,,,0,,,,N,4,0,2,2,A,-,12,22450,,F,D,C,A,A,H,-,C,D,0,,,,,Y,,-,99,0,0,2,0,0,0,0,0,0,- ,- ,0,0,2100,1,LOS ANGELES,LOS ANGELES,CA,-118.3068521,33.95269394,"92ND ST & HARVARD BLVD, LOS ANGELES, CA",92ND ST,HARVARD BLVD,148736,
-118.6101346,34.19373703,70900,8802888,2019,2019-02-21T00:00:00.000Z,1942,2019-01-30T00:00:00.000Z,1850,38239,2145,3,5,7,1942,0,0,0,,0,21A56,VANOWEN ST,FARRALONE AV,75,E,N,A,-,N,,0,0,,,0,,,,Y,0,0,0,2,A,-,1,23152,A,N,C,C,A,A,H,-,C,D,0,,,,,Y,Y,-,,0,0,0,0,0,0,0,0,0,- ,- ,0,0,2100,1,LOS ANGELES,LOS ANGELES,CA,-118.6101346,34.19373703,"VANOWEN ST & FARRALONE AVE, LOS ANGELES, CA",VANOWEN ST,FARRALONE AVE,119015,
-118.3857265,34.14059067,70901,8802896,2019,2019-02-21T00:00:00.000Z,1942,2019-01-19T00:00:00.000Z,1935,41316,1595,6,5,7,1942,0,0,0,O,0,15A85,VENTURA BL,BLUE CANYON DR,300,W,N,A,-,N,,0,0,,,0,,,,N,0,0,0,2,A,-,1,23152,A,N,B,C,A,A,H,-,C,D,0,,,Y,,Y,Y,C,2,0,0,0,0,0,0,0,0,0,- ,- ,0,0,2100,1,LOS ANGELES,LOS ANGELES,CA,-118.3857265,34.14059067,"VENTURA BLVD & BLUE CANYON DR, LOS ANGELES, CA",VENTURA BLVD,BLUE CANYON DR,132581,
-118.5273422,34.20119476,70902,8802924,2019,2019-02-21T00:00:00.000Z,1942,2019-01-13T00:00:00.000Z,1830,38185,1025,7,5,7,1942,0,0,0,J,0,10A21,SHERMAN WY,LINDLEY AV,0,,Y,B,-,N,,0,0,,,0,,,,Y,0,0,0,2,A,-,9,21801,A,N,A,C,A,A,H,-,C,A,0,,,,,Y,,A,1,0,0,0,0,0,0,0,0,0,- ,- ,0,0,2100,1,LOS ANGELES,LOS ANGELES,CA,-118.5273422,34.20119476,"SHERMAN WAY & LINDLEY AVE, LOS ANGELES, CA",SHERMAN WAY,LINDLEY AVE,112352,
-118.4225621,34.19393539,70903,8803125,2019,2019-02-22T00:00:00.000Z,1942,2019-01-09T00:00:00.000Z,1945,36336,919,3,5,7,1942,0,0,0,I,0,9A19,VANOWEN ST,FULTON AV,0,,Y,A,-,N,,0,0,,,0,,,,Y,4,0,2,2,A,-,9,21801,A,N,A,C,A,A,H,-,C,A,0,,,,,Y,,A,1,0,0,2,0,0,0,0,0,0,- ,- ,0,0,2100,1,LOS ANGELES,LOS ANGELES,CA,-118.4225621,34.19393539,"VANOWEN ST & FULTON AVE, LOS ANGELES, CA",VANOWEN ST,FULTON AVE,102126,
-118.5072689,34.16048813,70904,8803142,2019,2019-02-26T00:00:00.000Z,1942,2019-01-14T00:00:00.000Z,1800,34674,1077,1,5,7,1942,0,0,0,J,0,10A99,VENTURA BL,AMESTOY AV,550,W,N,C,-,N,,0,0,,,0,,,,N,4,0,1,2,A,-,9,21801,A,N,D,C,A,B,H,-,C,D,0,,,,,Y,,A,1,0,0,1,0,0,0,0,0,0,- ,- ,0,0,2100,1,LOS ANGELES,LOS ANGELES,CA,-118.5072689,34.16048813,"VENTURA BLVD & AMESTOY AVE, LOS ANGELES, CA",VENTURA BLVD,AMESTOY AVE,97901,
-118.4138022,34.16866303,70905,8803153,2019,2019-02-22T00:00:00.000Z,1942,2019-01-04T00:00:00.000Z,1915,38321,939,5,5,7,1942,0,0,0,I,0,9X6,CHANDLER BL,COLDWATER CANYON AV,0,,Y,A,-,N,,0,0,,,0,,,,Y,4,0,7,3,A,-,9,21453,C,N,D,C,A,A,H,-,C,A,0,,,,,Y,,A,1,0,0,7,0,0,0,0,0,0,- ,- ,0,0,2100,1,LOS ANGELES,LOS ANGELES,CA,-118.4138022,34.16866302,"CHANDLER BLVD & COLDWATER CANYON AVE, LOS ANGELES, CA",CHANDLER BLVD,COLDWATER CANYON AVE,108031,
-118.5650119,34.17235565,70906,8803154,2019,2019-02-26T00:00:00.000Z,1942,2019-01-11T00:00:00.000Z,1905,38183,1061,5,5,7,1942,0,0,0,J,0,15T43,VENTURA BL,OAKDALE AV,265,E,N,A,-,N,,0,0,,,0,,,,Y,4,0,1,2,A,-,9,21801,A,N,D,C,A,A,H,-,C,D,0,,,,,Y,,A,1,0,0,1,0,0,0,0,0,0,- ,- ,0,0,2100,1,LOS ANGELES,LOS ANGELES,CA,-118.5650119,34.17235565,"VENTURA BLVD & OAKDALE AVE, LOS ANGELES, CA",VENTURA BLVD,OAKDALE AVE,97511,
-118.4138022,34.16852951,70907,8803161,2019,2019-03-18T00:00:00.000Z,1942,2019-01-04T00:00:00.000Z,2040,39087,969,5,5,7,1942,0,0,0,I,0,9X84,COLDWATER CANYON AV,CHANDLER BL,50,S,N,A,-,N,,0,0,,,0,,,,N,4,0,1,2,A,-,4,21703,,N,C,C,A,A,H,-,C,A,0,,,,,Y,,A,1,0,0,1,0,0,0,0,0,0,- ,- ,0,0,2100,1,LOS ANGELES,LOS ANGELES,CA,-118.4138022,34.16852951,"COLDWATER CANYON AVE & CHANDLER BLVD, LOS ANGELES, CA",COLDWATER CANYON AVE,CHANDLER BLVD,108031,
-118.4312804,34.20271683,70908,8803165,2019,2019-02-22T00:00:00.000Z,1942,2019-01-03T00:00:00.000Z,1945,38321,909,4,5,7,1942,0,0,0,I,0,9XL6,WOODMAN AV,WYANDOTTE ST,120,S,N,A,-,N,,0,0,,,0,,,,Y,4,0,1,2,A,-,9,21804,A,N,D,C,A,A,H,-,C,A,0,,,,,Y,,A,1,0,0,1,0,0,0,0,0,0,- ,- ,0,0,2100,1,LOS ANGELES,LOS ANGELES,CA,-118.4312804,34.20271683,"WOODMAN AVE & WYANDOTTE ST, LOS ANGELES, CA",WOODMAN AVE,WYANDOTTE ST,114937,
-118.4661822,34.18664551,70909,8803189,2019,2019-02-22T00:00:00.000Z,1942,2019-01-03T00:00:00.000Z,1855,40398,932,4,5,7,1942,0,0,0,I,0,9A23,SEPULVEDA BL,VICTORY BL,0,,Y,A,-,N,,0,0,,,0,,,,Y,4,0,4,3,A,-,12,21453,A,N,D,C,A,A,H,-,C,A,0,,,,,Y,,A,1,0,0,4,0,0,0,0,0,0,- ,- ,0,0,2100,1,LOS ANGELES,LOS ANGELES,CA,-118.4661822,34.18664551,"SEPULVEDA BLVD & VICTORY BLVD, LOS ANGELES, CA",SEPULVEDA BLVD,VICTORY BLVD,122417,
-118.2469013,33.79098129,70910,8803499,2019,2019-02-27T00:00:00.000Z,1942,2019-01-19T00:00:00.000Z,1830,39530,528,6,5,7,1942,0,0,0,E,0,5A24W5,PACIFIC COAST HWY,MAHAR AV,15,W,N,A,-,N,,0,0,,,0,,,,N,2,0,1,2,C,-,18,0,,F,G,B,D,A,-,-,C,D,0,Y,,,,Y,,-,- ,1,0,0,0,1,0,0,0,0,- ,- ,0,0,2100,1,LOS ANGELES,LOS ANGELES,CA,-118.2469013,33.79098129,"PACIFIC COAST HWY & MAHAR AVE, LOS ANGELES, CA",PACIFIC COAST HWY,MAHAR AVE,110282,
-118.239101,33.94308472,70911,8803503,2019,2019-02-27T00:00:00.000Z,1942,2019-01-17T00:00:00.000Z,2025,43401,1827,4,5,7,1942,0,0,0,R,0,16X95,WILMINGTON AV,103RD ST,15,S,N,A,-,N,,0,0,,,0,,,,N,4,0,1,2,A,-,3,22350,,F,C,C,A,A,H,-,C,A,0,,,,,Y,,-,99,0,0,1,0,0,0,0,0,0,- ,- ,0,0,2100,1,LOS ANGELES,LOS ANGELES,CA,-118.239101,33.94308472,"WILMINGTON AVE & 103RD ST, LOS ANGELES, CA",WILMINGTON AVE,103RD ST,141745,
-118.4574722,34.18665314,70912,8803618,2019,2019-02-27T00:00:00.000Z,1942,2019-01-27T00:00:00.000Z,1840,43095,932,7,5,7,1942,0,0,0,I,0,9A23,VICTORY BL,KESTER AV,0,,Y,A,-,N,,0,0,,,0,,,,Y,4,0,1,2,A,-,9,21801,A,N,D,C,A,A,H,-,C,A,0,,,,,Y,,A,7,0,0,1,0,0,0,0,0,0,- ,- ,0,0,2100,1,LOS ANGELES,LOS ANGELES,CA,-118.4574722,34.18665314,"VICTORY BLVD & KESTER AVE, LOS ANGELES, CA",VICTORY BLVD,KESTER AVE,146982,
-118.4312767,34.20202637,70913,8803623,2019,2019-02-28T00:00:00.000Z,1942,2019-01-20T00:00:00.000Z,2040,38183,909,7,5,7,1942,0,0,0,I,0,9A5,WOODMAN AV,SHERMAN WY,310,N,N,A,-,N,,0,0,,,0,,,,Y,4,0,5,2,A,-,9,21801,A,N,D,C,A,A,H,-,C,D,0,,,,,Y,,A,1,0,0,5,0,0,0,0,0,0,- ,- ,0,0,2100,1,LOS ANGELES,LOS ANGELES,CA,-118.4312767,34.20202637,"WOODMAN AVE & SHERMAN WAY, LOS ANGELES, CA",WOODMAN AVE,SHERMAN WAY,129131,
-118.4399922,34.16486359,70914,8803651,2019,2019-02-28T00:00:00.000Z,1942,2019-01-17T00:00:00.000Z,1925,40353,964,4,5,7,1942,0,0,0,I,0,9A63,HAZELTINE AV,MAGNOLIA BL,0,,Y,A,-,N,,0,0,,,0,,,,Y,4,0,1,2,A,-,12,21453,A,N,D,C,A,A,G,-,C,A,0,,,,,Y,,A,1,0,0,1,0,0,0,0,0,0,- ,- ,0,0,2100,1,LOS ANGELES,LOS ANGELES,CA,-118.4399922,34.16486359,"HAZELTINE AVE & MAGNOLIA BLVD, LOS ANGELES, CA",HAZELTINE AVE,MAGNOLIA BLVD,114993,
-118.4487624,34.20119858,70915,8803666,2019,2019-02-27T00:00:00.000Z,1942,2019-01-15T00:00:00.000Z,1955,41875,904,2,5,7,1942,0,0,0,I,0,9A5,VAN NUYS BL,SHERMAN WAY,5,N,N,C,-,N,,0,0,,,0,,,,N,3,0,1,2,A,-,10,21950,A,N,G,B,B,B,-,-,C,A,0,Y,,,,Y,,A,1,0,1,0,0,1,0,0,0,0,- ,- ,0,0,2100,1,LOS ANGELES,LOS ANGELES,CA,-118.4487624,34.20119858,"VAN NUYS BLVD & SHERMAN WAY, LOS ANGELES, CA",VAN NUYS BLVD,SHERMAN WAY,105050,
-118.2639721,33.80099487,70916,8804011,2019,2019-03-01T00:00:00.000Z,1942,2019-01-14T00:00:00.000Z,2023,43264,518,1,5,7,1942,0,0,0,E,0,,AVALON BL,248TH ST,0,,Y,A,-,N,,0,0,,,0,,,,N,0,0,0,2,A,-,9,21801,A,M,D,C,A,B,H,-,C,D,0,,,,,Y,,-,99,0,0,0,0,0,0,0,0,0,- ,- ,0,0,2100,1,LOS ANGELES,LOS ANGELES,CA,-118.2639721,33.80099487,"AVALON BLVD & 248TH ST, LOS ANGELES, CA",AVALON BLVD,248TH ST,110295,
-118.2478232,34.04092407,70917,8804214,2019,2019-03-04T00:00:00.000Z,1942,2019-01-31T00:00:00.000Z,1845,35291,176,4,5,7,1942,0,0,0,A,0,1A85,SAN JULIAN ST,7TH ST,140,W,N,B,-,N,,0,0,,,0,,,,Y,3,0,2,2,A,-,7,21658,A,N,B,E,A,A,H,-,C,D,0,,,,,Y,,A,1,0,1,1,0,0,0,0,0,0,- ,- ,0,0,2100,1,LOS ANGELES,LOS ANGELES,CA,-118.2478232,34.04092407,"SAN JULIAN ST & 7TH ST, LOS ANGELES, CA",SAN JULIAN ST,7TH ST,100049,
-118.2371022,34.10219574,70918,8804577,2019,2019-03-15T00:00:00.000Z,1942,2019-01-20T00:00:00.000Z,1930,41629,1134,7,5,7,1942,0,0,0,K,0,11A89,N SAN FERNANDO RD,DIVISION ST,0,,Y,A,-,N,,0,0,,,0,,,,Y,3,0,3,2,A,-,9,21801,A,N,A,C,A,A,H,-,C,A,0,,,,,Y,,A,1,0,1,2,0,0,0,0,0,0,- ,- ,0,0,2100,1,LOS ANGELES,LOS ANGELES,CA,-118.2371022,34.10219574,"SAN FERNANDO RD & DIVISION ST, LOS ANGELES, CA",SAN FERNANDO RD,DIVISION ST,142294,
-118.1844443,34.11547089,70919,8804629,2019,2019-03-11T00:00:00.000Z,1942,2019-01-16T00:00:00.000Z,2050,43280,1127,3,5,7,1942,0,0,0,K,0,11A25,NORTH FIGUEROA ST,YORK BL,20,W,N,C,-,N,,0,0,,,0,,,,N,4,0,1,2,A,-,17,21451,A,N,G,B,B,B,H,-,C,A,0,Y,,,,Y,,A,1,0,0,1,0,1,0,0,0,0,- ,- ,0,0,2100,1,LOS ANGELES,LOS ANGELES,CA,-118.1844443,34.11547089,"FIGUEROA ST & YORK BLVD, LOS ANGELES, CA",FIGUEROA ST,YORK BLVD,100340,
-118.4776574,33.99601364,70920,8804820,2019,2019-02-14T00:00:00.000Z,1942,2019-01-25T00:00:00.000Z,1815,41448,1412,5,5,7,1942,0,0,0,N,0,,MAIN ST,ROSE AV,50,S,N,A,-,N,,0,0,,,0,,,,N,4,0,3,2,A,-,3,22350,,F,C,C,A,A,H,-,C,A,0,,,,,Y,,-,99,0,0,3,0,0,0,0,0,0,- ,- ,0,0,2100,1,LOS ANGELES,LOS ANGELES,CA,-118.4776574,33.99601364,"MAIN ST & ROSE AVE, LOS ANGELES, CA",MAIN ST,ROSE AVE,110707,