X,Y,OBJECTID,case_id,accident_year,proc_date,juris,collision_date,collision_time,officer_id,reporting_district,day_of_week,chp_shift,population,cnty_city_loc,special_cond,beat_type,chp_beat_type,city_division_lapd,chp_beat_class,beat_number,primary_rd,secondary_rd,distance,direction,intersection,weather_1,weather_2,state_hwy_ind,caltrans_county,caltrans_district,state_route,route_suffix,postmile_prefix,postmile,location_type,ramp_intersection,side_of_hwy,tow_away,collision_severity,number_killed,number_injured,party_count,primary_coll_factor,pcf_code_of_viol,pcf_viol_category,pcf_violation,pcf_viol_subsection,hit_and_run,type_of_collision,mviw,ped_action,road_surface,road_cond_1,road_cond_2,lighting,control_device,chp_road_type,pedestrian_accident,bicycle_accident,motorcycle_accident,truck_accident,not_private_property,alcohol_involved,stwd_vehtype_at_fault,chp_vehtype_at_fault,count_severe_inj,count_visible_inj,count_complaint_pain,count_ped_killed,count_ped_injured,count_bicyclist_killed,count_bicyclist_injured,count_mc_killed,count_mc_injured,primary_ramp,secondary_ramp,latitude,longitude,timecat,month_,city,county,state,point_x,point_y,match_addr,m_primaryrd,m_secondrd,int_id,Flag
-118.2999922,34.04721451,70921,8804825,2019,2019-02-14T00:00:00.000Z,1942,2019-01-09T00:00:00.000Z,1920,43082,2074,3,5,7,1942,0,0,0,,0,20A33,W PICO BL,S NORMANDIE AV,0,,Y,A,-,N,,0,0,,,0,,,,N,0,0,0,3,A,-,12,21453,A,M,B,C,A,A,H,-,C,A,0,,,,,Y,,-,99,0,0,0,0,0,0,0,0,0,- ,- ,0,0,2100,1,LOS ANGELES,LOS ANGELES,CA,-118.2999922,34.04721451,"PICO BLVD & NORMANDIE AVE, LOS ANGELES, CA",PICO BLVD,NORMANDIE AVE,110458,
-118.2900321,34.00473785,70922,8804826,2019,2019-02-19T00:00:00.000Z,1942,2019-01-02T00:00:00.000Z,1825,42205,396,3,5,7,1942,0,0,0,,0,3A92,MENLO AV,W 43RD PL,60,N,N,A,-,N,,0,0,,,0,,,,N,4,0,1,2,A,-,9,21804,B,N,A,C,A,A,H,-,C,D,0,,,,,Y,,A,1,0,0,1,0,0,0,0,0,0,- ,- ,0,0,2100,1,LOS ANGELES,LOS ANGELES,CA,-118.2900321,34.00473785,"MENLO AVE & 43RD PL, LOS ANGELES, CA",MENLO AVE,43RD PL,117359,
-118.2465921,34.11563492,70923,8804832,2019,2019-02-14T00:00:00.000Z,1942,2019-01-06T00:00:00.000Z,1950,39647,1124,7,5,7,1942,0,0,0,K,0,11XL72,N SAN FERNANDO RD,ANDRITA ST,0,,Y,A,-,N,,0,0,,,0,,,,N,4,0,2,2,A,-,9,21801,A,N,A,C,A,A,H,-,C,D,0,,,,,Y,,A,1,0,0,2,0,0,0,0,0,0,- ,- ,0,0,2100,1,LOS ANGELES,LOS ANGELES,CA,-118.2465921,34.11563492,"SAN FERNANDO RD & ANDRITA ST, LOS ANGELES, CA",SAN FERNANDO RD,ANDRITA ST,146096,
-118.3963421,33.94440842,70924,8804839,2019,2019-02-19T00:00:00.000Z,1942,2019-01-06T00:00:00.000Z,1810,41785,1494,7,5,7,1942,0,0,0,N,0,14A28,S SEPULVEDA BL,CENTURY BL,400,S,N,A,-,N,,0,0,,,0,,,,Y,3,0,1,2,A,-,7,21658,A,N,F,C,A,A,H,-,C,D,0,,,,,Y,,A,1,0,1,0,0,0,0,0,0,0,- ,- ,0,0,2100,1,LOS ANGELES,LOS ANGELES,CA,-118.3963421,33.94440842,"SEPULVEDA BLVD & CENTURY BLVD, LOS ANGELES, CA",SEPULVEDA BLVD,CENTURY BLVD,133610,
-118.2937221,34.05265427,70925,8804841,2019,2019-02-14T00:00:00.000Z,1942,2019-01-16T00:00:00.000Z,1930,41978,2055,3,5,7,1942,0,0,0,,0,20A69,OLYMPIC BL,W BERENDO ST,0,,Y,C,-,N,,0,0,,,0,,,,N,0,0,0,2,A,-,9,21801,A,M,B,C,A,B,H,-,C,D,0,,,,,Y,,A,7,0,0,0,0,0,0,0,0,0,- ,- ,0,0,2100,1,LOS ANGELES,LOS ANGELES,CA,-118.2937221,34.05265427,"OLYMPIC BLVD & BERENDO ST, LOS ANGELES, CA",OLYMPIC BLVD,BERENDO ST,117463,
-118.4305566,33.99969864,70926,8804843,2019,2019-02-19T00:00:00.000Z,1942,2019-01-09T00:00:00.000Z,1845,37511,1445,3,5,7,1942,0,0,0,N,0,7T23,CENTINELA AV,WASHINGTON PL,100,N,N,A,-,N,,0,0,,,0,,,,N,4,0,1,2,A,-,21,22106,,F,B,C,A,A,H,-,C,A,0,,,,,Y,,-,99,0,0,1,0,0,0,0,0,0,- ,- ,0,0,2100,1,LOS ANGELES,LOS ANGELES,CA,-118.4305566,33.99969864,"CENTINELA AVE & WASHINGTON PL,, CA",CENTINELA AVE,WASHINGTON PL,157419,
-118.3190143,34.05225754,70927,8804849,2019,2019-02-15T00:00:00.000Z,1942,2019-01-12T00:00:00.000Z,1815,43472,2041,6,5,7,1942,0,0,0,,0,20A53,4TH AV,OLYMPIC BL,305,S,N,A,-,N,,0,0,,,0,,,,Y,0,0,0,2,A,-,5,21650,,M,B,E,A,A,H,-,D,D,0,,,,,Y,,A,1,0,0,0,0,0,0,0,0,0,- ,- ,0,0,2100,1,LOS ANGELES,LOS ANGELES,CA,-118.3190143,34.05225754,"4TH AVE & OLYMPIC BLVD, LOS ANGELES, CA",4TH AVE,OLYMPIC BLVD,96447,
-118.4181089,34.0330925,70928,8804867,2019,2019-02-19T00:00:00.000Z,1942,2019-01-15T00:00:00.000Z,2025,39022,1405,2,5,7,1942,0,0,0,N,0,14A27,OVERLAND AV,NATIONAL BL,285,N,N,C,-,N,,0,0,,,0,,,,Y,4,0,2,2,A,-,12,21453,A,N,A,C,A,B,H,-,C,A,0,,,,,Y,,A,1,0,0,2,0,0,0,0,0,0,- ,- ,0,0,2100,1,LOS ANGELES,LOS ANGELES,CA,-118.4181089,34.0330925,"OVERLAND AVE & NATIONAL BLVD, LOS ANGELES, CA",OVERLAND AVE,NATIONAL BLVD,118360,
-118.3732754,33.97600555,70929,8804869,2019,2019-02-14T00:00:00.000Z,1942,2019-01-17T00:00:00.000Z,2025,43471,1486,4,5,7,1942,0,0,0,N,0,14A67,LA TIJERA BL,KNOWLTON ST,50,S,N,B,-,N,,0,0,,,0,,,,N,0,0,0,2,A,-,21,22106,,N,C,C,A,B,H,-,C,D,0,,,,,Y,,A,1,0,0,0,0,0,0,0,0,0,- ,- ,0,0,2100,1,LOS ANGELES,LOS ANGELES,CA,-118.3732754,33.97600555,"LA TIJERA BLVD & KNOWLTON ST, LOS ANGELES, CA",LA TIJERA BLVD,KNOWLTON ST,134519,
-118.5098822,34.20840454,70930,8805186,2019,2019-02-27T00:00:00.000Z,1942,2019-01-31T00:00:00.000Z,2010,42597,10,4,5,7,1942,0,0,0,J,0,10A77,SATICOY ST,LOUISE AV,0,,Y,-,-,N,,0,0,,,0,,,,N,4,0,1,2,A,-,21,22106,,F,B,G,A,A,H,-,C,D,0,,Y,,,Y,Y,-,99,0,0,1,0,0,0,1,0,0,- ,- ,0,0,2100,1,LOS ANGELES,LOS ANGELES,CA,-118.5098822,34.20840454,"SATICOY ST & LOUISE AVE, LOS ANGELES, CA",SATICOY ST,LOUISE AVE,133385,
-118.5622522,34.18884659,70931,8805235,2019,2019-02-27T00:00:00.000Z,1942,2019-01-18T00:00:00.000Z,1810,38353,2159,5,5,7,1942,0,0,0,,0,21A5,CORBIN AV,HAMLIN ST,0,N,N,A,-,N,,0,0,,,0,,,,N,3,0,1,2,A,-,3,22350,,N,C,G,A,A,H,-,D,D,0,,Y,Y,,Y,,C,2,0,1,0,0,0,0,1,0,0,- ,- ,0,0,2100,1,LOS ANGELES,LOS ANGELES,CA,-118.5622522,34.18884659,"CORBIN AVE & HAMLIN ST, LOS ANGELES, CA",CORBIN AVE,HAMLIN ST,97474,
-118.4137034,34.14188385,70932,8805250,2019,2019-02-27T00:00:00.000Z,1942,2019-01-17T00:00:00.000Z,1850,42818,1591,4,5,7,1942,0,0,0,O,0,15A85,COLDWATER CANYON AV,HALKIRK ST,22,S,N,A,-,N,,0,0,,,0,,,,Y,3,0,1,2,A,-,8,22101,D,N,C,C,A,B,H,-,C,A,0,,,,,Y,,A,1,0,1,0,0,0,0,0,0,0,- ,- ,0,0,2100,1,LOS ANGELES,LOS ANGELES,CA,-118.4137034,34.14188385,"COLDWATER CANYON AVE & HALKIRK ST, LOS ANGELES, CA",COLDWATER CANYON AVE,HALKIRK ST,140534,
-118.590478,34.17912674,70933,8805489,2019,2019-03-19T00:00:00.000Z,1942,2019-01-10T00:00:00.000Z,1935,42747,2177,4,5,7,1942,0,0,0,,0,21A5,DE SOTO,OXNARD,50,S,N,A,-,N,,0,0,,,0,,,,Y,4,0,1,2,A,-,9,21801,A,N,A,C,A,A,H,-,C,A,0,,,,,Y,,-,- ,0,0,1,0,0,0,0,0,0,- ,- ,0,0,2100,1,LOS ANGELES,LOS ANGELES,CA,-118.590478,34.17912674,"DE SOTO AVE & OXNARD ST, LOS ANGELES, CA",DE SOTO AVE,OXNARD ST,111598,
-118.6047921,34.17531586,70934,8805493,2019,2019-02-21T00:00:00.000Z,1942,2019-01-17T00:00:00.000Z,1845,37704,2177,4,5,7,1942,0,0,0,,0,,MARYLEE ST,TOPANGA CANYON,300,E,N,B,-,N,,0,0,,,0,,,,N,4,0,1,2,A,-,8,22107,,N,D,C,A,B,H,-,C,D,0,,,,,Y,,A,1,0,0,1,0,0,0,0,0,0,- ,- ,0,0,2100,1,LOS ANGELES,LOS ANGELES,CA,-118.6047921,34.17531586,"MARYLEE ST & TOPANGA CANYON BLVD, LOS ANGELES, CA",MARYLEE ST,TOPANGA CANYON BLVD,98976,
-118.642735,34.18738937,70935,8805609,2019,2019-02-21T00:00:00.000Z,1942,2019-01-23T00:00:00.000Z,1930,39964,2142,3,5,7,1942,0,0,0,,0,21X72,PLATT,VICTORY,286,N,N,A,-,N,,0,0,,,0,,,,N,4,0,1,2,A,-,0,20015,,F,C,C,A,A,H,-,C,D,0,,,,,Y,,-,99,0,0,1,0,0,0,0,0,0,- ,- ,0,0,2100,1,LOS ANGELES,LOS ANGELES,CA,-118.642735,34.18738937,"PLATT AVE & VICTORY BLVD, LOS ANGELES, CA",PLATT AVE,VICTORY BLVD,108123,
-118.2783621,34.0074234,70936,8805682,2019,2019-02-19T00:00:00.000Z,1942,2019-01-10T00:00:00.000Z,1835,43109,1351,4,5,7,1942,0,0,0,M,0,1X6,BROADWAY AV,42ND ST,0,,Y,A,-,N,,0,0,,,0,,,,Y,2,0,1,2,A,-,9,21801,A,N,D,C,A,A,H,-,B,A,0,,,Y,,Y,,A,1,1,0,0,0,0,0,0,0,1,- ,- ,0,0,2100,1,LOS ANGELES,LOS ANGELES,CA,-118.2783621,34.0074234,"BROADWAY & 42ND ST, LOS ANGELES, CA",BROADWAY,42ND ST,110366,
-118.3089621,33.99325562,70937,8805690,2019,2019-02-19T00:00:00.000Z,1942,2019-01-24T00:00:00.000Z,2000,43664,1213,4,5,7,1942,0,0,0,L,0,12A93,54TH ST,WESTERN AV,0,,Y,A,-,N,,0,0,,,0,,,,N,4,0,1,2,A,-,10,21950,A,F,G,B,B,A,H,-,C,A,0,Y,,,,Y,,-,99,0,0,1,0,1,0,0,0,0,- ,- ,0,0,2100,1,LOS ANGELES,LOS ANGELES,CA,-118.3089621,33.99325562,"54TH ST & WESTERN AVE, LOS ANGELES, CA",54TH ST,WESTERN AVE,145214,
-118.3103397,33.9891243,70938,8805698,2019,2019-02-19T00:00:00.000Z,1942,2019-01-23T00:00:00.000Z,2005,43078,1213,3,5,7,1942,0,0,0,L,0,12A3,W SLAUSON AV,MANHATTAN PL,60,W,N,A,-,N,,0,0,,,0,,,,N,4,0,1,2,A,-,8,22100,A,N,D,C,A,A,H,-,C,D,0,,,Y,,Y,,C,3,0,0,1,0,0,0,0,0,1,- ,- ,0,0,2100,1,LOS ANGELES,LOS ANGELES,CA,-118.3103397,33.9891243,"SLAUSON AVE & MANHATTAN PL, LOS ANGELES, CA",SLAUSON AVE,MANHATTAN PL,99535,
-118.2870521,33.98231125,70939,8805702,2019,2019-02-19T00:00:00.000Z,1942,2019-01-15T00:00:00.000Z,1810,37146,1249,2,5,7,1942,0,0,0,L,0,25TL22,HOOVER ST,GAGE AV,28,N,N,C,-,N,,0,0,,,0,,,,N,4,0,1,2,A,-,9,21801,A,N,D,G,A,B,H,-,C,A,0,,Y,,,Y,,A,1,0,0,1,0,0,0,1,0,0,- ,- ,0,0,2100,1,LOS ANGELES,LOS ANGELES,CA,-118.2870521,33.98231125,"HOOVER ST & GAGE AVE, LOS ANGELES, CA",HOOVER ST,GAGE AVE,96071,
-118.3031005,33.97699356,70940,8805927,2019,2019-02-22T00:00:00.000Z,1942,2019-01-31T00:00:00.000Z,1820,36031,1243,4,5,7,1942,0,0,0,L,0,12XL59,W 69TH ST,HALLDALE AV,200,W,N,A,-,N,,0,0,,,0,,,,N,0,0,0,2,A,-,3,22350,,M,B,C,A,A,H,-,B,D,0,,,,,Y,,A,,0,0,0,0,0,0,0,0,0,- ,- ,0,0,2100,1,LOS ANGELES,LOS ANGELES,CA,-118.3031005,33.97699356,"69TH ST & HALLDALE AVE, LOS ANGELES, CA",69TH ST,HALLDALE AVE,148693,
-118.2430732,34.04574204,70941,8806288,2019,2019-03-11T00:00:00.000Z,1942,2019-01-16T00:00:00.000Z,1845,41629,139,3,5,7,1942,0,0,0,A,0,1A29,SAN PEDRO ST,4TH ST,42,S,N,C,-,N,,0,0,,,0,,,,N,3,0,1,2,A,-,11,21954,A,N,G,B,D,B,H,-,C,D,0,Y,,,,Y,,N,60,0,1,0,0,1,0,0,0,0,- ,- ,0,0,2100,1,LOS ANGELES,LOS ANGELES,CA,-118.2430732,34.04574203,"SAN PEDRO ST & 4TH ST, LOS ANGELES, CA",SAN PEDRO ST,4TH ST,114083,
-118.447115,34.24785614,70942,8806307,2019,2019-02-28T00:00:00.000Z,1942,2019-01-29T00:00:00.000Z,1940,40388,1963,2,5,7,1942,0,0,0,,0,19A75,VAN NUYS BL,WOODMAN AV,435,E,N,B,-,N,,0,0,,,0,,,,N,3,0,2,2,A,-,9,21804,A,N,D,C,A,A,H,-,C,A,0,,,,,Y,,A,1,0,1,1,0,0,0,0,0,0,- ,- ,0,0,2100,1,LOS ANGELES,LOS ANGELES,CA,-118.447115,34.24785614,"VAN NUYS BLVD & WOODMAN AVE, LOS ANGELES, CA",VAN NUYS BLVD,WOODMAN AVE,97924,
-118.5787304,34.22820664,70943,8806324,2019,2019-03-04T00:00:00.000Z,1942,2019-01-29T00:00:00.000Z,1815,,1791,2,5,7,1942,0,0,0,Q,0,19A61,PARTHENIA ST,DELCO AV,60,W,N,A,-,N,,0,0,,,0,,,,N,4,0,2,3,A,-,3,22350,,N,C,C,A,A,H,-,C,D,0,,,,,Y,,-,,0,0,2,0,0,0,0,0,0,- ,- ,0,0,2100,1,LOS ANGELES,LOS ANGELES,CA,-118.5787304,34.22820663,"PARTHENIA ST & DELCO AVE, LOS ANGELES, CA",PARTHENIA ST,DELCO AVE,140860,
-118.5623222,34.23547363,70944,8806332,2019,2019-03-04T00:00:00.000Z,1942,2019-01-28T00:00:00.000Z,1920,38183,1764,1,5,7,1942,0,0,0,Q,0,17A81,NORDHOFF PL,NORDHOFF ST,0,,Y,A,-,N,,0,0,,,0,,,,Y,3,0,2,2,A,-,9,21801,A,N,D,C,A,A,H,-,C,A,0,,,,,Y,,A,1,0,1,1,0,0,0,0,0,0,- ,- ,0,0,2100,1,LOS ANGELES,LOS ANGELES,CA,-118.5623222,34.23547363,"NORDHOFF PL & NORDHOFF ST, LOS ANGELES, CA",NORDHOFF PL,NORDHOFF ST,133774,
-118.5553022,34.26624298,70946,8806371,2019,2019-03-05T00:00:00.000Z,1942,2019-01-22T00:00:00.000Z,1840,33612,1727,2,5,7,1942,0,0,0,Q,0,17X66,TAMPA AV,CHATSWORTH ST,0,,Y,A,-,N,,0,0,,,0,,,,Y,4,0,1,2,A,-,9,21801,A,N,D,C,A,A,H,-,C,A,0,,,,,Y,,A,1,0,0,1,0,0,0,0,0,0,- ,- ,0,0,2100,1,LOS ANGELES,LOS ANGELES,CA,-118.5553022,34.26624298,"TAMPA AVE & CHATSWORTH ST, LOS ANGELES, CA",TAMPA AVE,CHATSWORTH ST,112630,
-118.519667,34.25761414,70948,8806379,2019,2019-03-18T00:00:00.000Z,1942,2019-01-22T00:00:00.000Z,1900,36542,1756,2,5,7,1942,0,0,0,Q,0,17A35,DEVONSHIRE ST,WHITE OAK AV,50,E,N,A,-,N,,0,0,,,0,,,,Y,3,0,1,2,A,-,3,22350,,N,C,C,A,A,H,-,C,A,0,,,,,Y,,A,1,0,1,0,0,0,0,0,0,0,- ,- ,0,0,2100,1,LOS ANGELES,LOS ANGELES,CA,-118.519667,34.25761414,"DEVONSHIRE ST & WHITE OAK AVE, LOS ANGELES, CA",DEVONSHIRE ST,WHITE OAK AVE,101567,
-118.5623222,34.22032547,70950,8806395,2019,2019-03-05T00:00:00.000Z,1942,2019-01-27T00:00:00.000Z,1845,41491,1792,7,5,7,1942,0,0,0,Q,0,17XL64,CORBIN AV,ROSCOE BL,0,,Y,A,-,N,,0,0,,,0,,,,Y,4,0,2,3,A,-,9,21801,A,N,A,C,A,A,H,-,B,A,0,,,,,Y,,A,1,0,0,2,0,0,0,0,0,0,- ,- ,0,0,2100,1,LOS ANGELES,LOS ANGELES,CA,-118.5623222,34.22032547,"CORBIN AVE & ROSCOE BLVD, LOS ANGELES, CA",CORBIN AVE,ROSCOE BLVD,136411,
-118.2631922,34.0573349,70951,8806412,2019,2019-03-01T00:00:00.000Z,1942,2019-01-16T00:00:00.000Z,1900,33130,248,3,5,7,1942,0,0,0,B,0,2A69,HARTFORD AV,4TH ST,0,,N,C,-,N,,0,0,,,0,,,,N,0,0,0,4,A,-,3,22350,,M,B,E,A,B,H,-,C,D,0,,,,,Y,,-,- ,0,0,0,0,0,0,0,0,0,- ,- ,0,0,2100,1,LOS ANGELES,LOS ANGELES,CA,-118.2631922,34.0573349,"HARTFORD AVE & 4TH ST, LOS ANGELES, CA",HARTFORD AVE,4TH ST,131643,
-118.5535822,34.22046661,70952,8806457,2019,2019-03-04T00:00:00.000Z,1942,2019-01-16T00:00:00.000Z,1910,42251,1001,3,5,7,1942,0,0,0,J,0,10A3,TAMPA AV,ROSCOE BL,0,,Y,C,-,N,,0,0,,,0,,,,Y,3,0,2,2,A,-,9,21801,A,N,A,C,A,B,H,-,C,A,0,,,,,Y,,A,1,0,1,1,0,0,0,0,0,0,- ,- ,0,0,2100,1,LOS ANGELES,LOS ANGELES,CA,-118.5535822,34.22046661,"TAMPA AVE & ROSCOE BLVD, LOS ANGELES, CA",TAMPA AVE,ROSCOE BLVD,122498,
-118.3704222,34.15036392,70953,8806513,2019,2019-03-04T00:00:00.000Z,1942,2019-01-24T00:00:00.000Z,1825,36962,1566,4,5,7,1942,0,0,0,O,0,15A68,MOORPARK ST,VINELAND AV,0,,Y,A,-,N,,0,0,,,0,,,,N,4,0,1,2,A,-,12,21453,A,N,D,G,A,A,H,-,C,A,0,,Y,,,Y,,L,4,0,0,1,0,0,0,1,0,0,- ,- ,0,0,2100,1,LOS ANGELES,LOS ANGELES,CA,-118.3704222,34.15036392,"MOORPARK ST & VINELAND AVE, LOS ANGELES, CA",MOORPARK ST,VINELAND AVE,105851,
-118.3965321,34.17212677,70954,8806525,2019,2019-03-04T00:00:00.000Z,1942,2019-01-28T00:00:00.000Z,2055,42296,1532,1,5,7,1942,0,0,0,O,0,15A33,LAUREL CANYON BL,BURBANK BL,0,,Y,A,-,N,,0,0,,,0,,,,N,4,0,4,2,A,-,9,21801,A,N,A,C,A,A,H,-,C,A,0,,,,,Y,,A,8,0,0,4,0,0,0,0,0,0,- ,- ,0,0,2100,1,LOS ANGELES,LOS ANGELES,CA,-118.3965321,34.17212677,"LAUREL CANYON BLVD & BURBANK BLVD, LOS ANGELES, CA",LAUREL CANYON BLVD,BURBANK BLVD,97420,
-118.3800438,34.17381668,70955,8806533,2019,2019-03-04T00:00:00.000Z,1942,2019-01-25T00:00:00.000Z,1840,43255,1535,5,5,7,1942,0,0,0,O,0,15A38,LANKERSHIM BL,COLLINS ST,60,S,N,A,-,N,,0,0,,,0,,,,Y,3,0,1,2,A,-,8,22107,,N,D,C,A,A,H,-,B,D,0,,,,,Y,,A,1,0,1,0,0,0,0,0,0,0,- ,- ,0,0,2100,1,LOS ANGELES,LOS ANGELES,CA,-118.3800438,34.17381668,"LANKERSHIM BLVD & COLLINS ST, LOS ANGELES, CA",LANKERSHIM BLVD,COLLINS ST,108177,
-118.2645521,34.03471375,70956,8806682,2019,2019-03-07T00:00:00.000Z,1942,2019-01-13T00:00:00.000Z,1820,37952,192,7,5,7,1942,0,0,0,A,0,1A61,W VENICE BL,S HILL ST,0,,Y,B,-,N,,0,0,,,0,,,,Y,4,0,2,3,A,-,12,21453,A,N,D,C,A,A,H,-,C,A,0,,,,,Y,,D,22,0,0,2,0,0,0,0,0,0,- ,- ,0,0,2100,1,LOS ANGELES,LOS ANGELES,CA,-118.2645521,34.03471375,"VENICE BLVD & HILL ST, LOS ANGELES, CA",VENICE BLVD,HILL ST,131571,
-118.2917322,34.08177567,70957,8806722,2019,2019-03-15T00:00:00.000Z,1942,2019-01-10T00:00:00.000Z,1850,39938,211,4,5,7,1942,0,0,0,B,0,2A1,N VERMONT AV,CLINTON ST,0,,Y,A,-,N,,0,0,,,0,,,,Y,4,0,1,2,A,-,9,21801,A,N,-,C,A,A,H,-,C,A,0,,,,,Y,,A,1,0,0,1,0,0,0,0,0,0,- ,- ,0,0,2100,1,LOS ANGELES,LOS ANGELES,CA,-118.2917322,34.08177567,"VERMONT AVE & CLINTON ST, LOS ANGELES, CA",VERMONT AVE,CLINTON ST,142864,
-118.2501567,34.00898361,70958,8806727,2019,2019-03-07T00:00:00.000Z,1942,2019-01-25T00:00:00.000Z,2005,33130,1346,5,5,7,1942,0,0,0,M,0,13A27,E 41ST ST,ASCOT AV,220,W,N,A,-,N,,0,0,,,0,,,,Y,4,0,1,3,A,-,1,23152,A,N,C,E,A,A,H,-,C,D,0,,,,,Y,Y,A,7,0,0,1,0,0,0,0,0,0,- ,- ,0,0,2100,1,LOS ANGELES,LOS ANGELES,CA,-118.2501567,34.00898361,"41ST ST & ASCOT AVE, LOS ANGELES, CA",41ST ST,ASCOT AVE,106863,
-118.2826921,33.97704315,70959,8806746,2019,2019-03-05T00:00:00.000Z,1942,2019-01-18T00:00:00.000Z,1920,42665,1249,5,5,7,1942,0,0,0,L,0,12A49,FIGUEROA ST,69TH ST,113,S,N,A,-,N,,0,0,,,0,,,,Y,2,0,5,2,A,-,1,23152,A,N,A,C,A,A,H,-,C,A,0,,,,,Y,Y,A,1,1,0,4,0,0,0,0,0,0,- ,- ,0,0,2100,1,LOS ANGELES,LOS ANGELES,CA,-118.2826921,33.97704315,"FIGUEROA ST & 69TH ST, LOS ANGELES, CA",FIGUEROA ST,69TH ST,99578,
-118.2680221,34.07026672,70960,8806754,2019,2019-03-05T00:00:00.000Z,1942,2019-01-16T00:00:00.000Z,2015,39938,216,3,5,7,1942,0,0,0,B,0,2A17,ALVARADO ST,TEMPLE ST,0,,Y,C,-,N,,0,0,,,0,,,,Y,4,0,1,2,A,-,9,21801,A,N,D,C,A,B,-,-,C,A,0,,,,,Y,,A,1,0,0,1,0,0,0,0,0,0,- ,- ,0,0,2100,1,LOS ANGELES,LOS ANGELES,CA,-118.2680221,34.07026672,"ALVARADO ST & TEMPLE ST, LOS ANGELES, CA",ALVARADO ST,TEMPLE ST,132136,
-118.2553521,34.05788422,70961,8806758,2019,2019-03-05T00:00:00.000Z,1942,2019-01-18T00:00:00.000Z,1900,30083,237,5,5,7,1942,0,0,0,B,0,2A39,S BEAUDRY AV,W 2ND ST,0,,Y,A,-,N,,0,0,,,0,,,,Y,3,0,2,3,A,-,12,21453,A,N,D,C,A,A,H,-,C,A,0,,,,,Y,,A,7,0,1,1,0,0,0,0,0,0,- ,- ,0,0,2100,1,LOS ANGELES,LOS ANGELES,CA,-118.2553521,34.05788422,"BEAUDRY AVE & 2ND ST, LOS ANGELES, CA",BEAUDRY AVE,2ND ST,124661,
-118.2381222,34.04898453,70962,8806761,2019,2019-03-05T00:00:00.000Z,1942,2019-01-14T00:00:00.000Z,1913,41661,128,1,5,7,1942,0,0,0,A,0,1A29,E 1ST ST,N ALAMEDA ST,0,,Y,B,-,N,,0,0,,,0,,,,Y,4,0,3,2,A,-,9,21801,A,N,D,C,A,B,H,-,C,A,0,,,,,Y,,A,1,0,0,3,0,0,0,0,0,0,- ,- ,0,0,2100,1,LOS ANGELES,LOS ANGELES,CA,-118.2381222,34.04898453,"1ST ST & ALAMEDA ST, LOS ANGELES, CA",1ST ST,ALAMEDA ST,124658,
-118.2765921,34.05235672,70963,8806766,2019,2019-03-05T00:00:00.000Z,1942,2019-01-25T00:00:00.000Z,1830,42915,275,5,5,7,1942,0,0,0,B,0,2A68,JAMES M WOOD ST,BONNIE BRAE ST,0,,Y,A,-,N,,0,0,,,0,,,,N,4,0,1,2,A,-,9,21802,B,N,D,C,A,-,H,-,A,D,0,,,,,Y,,A,1,0,0,1,0,0,0,0,0,0,- ,- ,0,0,2100,1,LOS ANGELES,LOS ANGELES,CA,-118.2765921,34.05235672,"JAMES M WOOD BLVD & BONNIE BRAE ST, LOS ANGELES, CA",JAMES M WOOD BLVD,BONNIE BRAE ST,117548,
-118.2733777,34.05090714,70964,8806773,2019,2019-03-05T00:00:00.000Z,1942,2019-01-07T00:00:00.000Z,1800,40099,275,1,5,7,1942,0,0,0,B,0,2A75,JAMES M WOOD BL,UNION AV,75,W,N,A,-,N,,0,0,,,0,,,,N,4,0,1,2,A,-,4,21703,,F,C,C,A,A,G,-,C,D,0,,,,,Y,,-,99,0,0,1,0,0,0,0,0,0,- ,- ,0,0,2100,1,LOS ANGELES,LOS ANGELES,CA,-118.2733777,34.05090714,"JAMES M WOOD BLVD & UNION AVE, LOS ANGELES, CA",JAMES M WOOD BLVD,UNION AVE,138622,
-118.2690322,34.07949448,70965,8806774,2019,2019-03-05T00:00:00.000Z,1942,2019-01-18T00:00:00.000Z,1935,43210,216,5,5,7,1942,0,0,0,,0,2A47,SUNSET BL,CORONADO ST,0,,Y,A,-,N,,0,0,,,0,,,,N,4,0,1,2,A,-,8,22102,,N,D,C,A,A,H,-,C,D,0,,,Y,,Y,Y,A,1,0,0,1,0,0,0,0,0,1,- ,- ,0,0,2100,1,LOS ANGELES,LOS ANGELES,CA,-118.2690322,34.07949448,"SUNSET BLVD & CORONADO ST, LOS ANGELES, CA",SUNSET BLVD,CORONADO ST,112695,
-118.5347822,34.20118332,70966,8806780,2019,2019-03-12T00:00:00.000Z,1942,2019-01-11T00:00:00.000Z,1855,42561,1025,5,5,7,1942,0,0,0,J,0,10X88,SHERMAN WY,CANBY AV,0,,Y,A,-,N,,0,0,,,0,,,,N,4,0,1,4,A,-,4,21703,,N,C,C,A,A,H,-,C,D,0,,,,,Y,,A,1,0,0,1,0,0,0,0,0,0,- ,- ,0,0,2100,1,LOS ANGELES,LOS ANGELES,CA,-118.5347822,34.20118332,"SHERMAN WAY & CANBY AVE, LOS ANGELES, CA",SHERMAN WAY,CANBY AVE,116038,
-118.2687619,33.78674316,70967,8806785,2019,2019-03-05T00:00:00.000Z,1942,2019-01-14T00:00:00.000Z,1856,43610,,1,5,7,1942,0,0,0,,0,5A24,L ST,RAVENNA AV,3,W,N,A,-,N,,0,0,,,0,,,,N,4,0,1,2,A,-,3,22350,,N,C,C,A,B,H,-,B,D,0,,,,,Y,,A,8,0,0,1,0,0,0,0,0,0,- ,- ,0,0,2100,1,LOS ANGELES,LOS ANGELES,CA,-118.2687619,33.78674316,"L ST & RAVENNA AVE, LOS ANGELES, CA",L ST,RAVENNA AVE,113713,