X,Y,OBJECTID,case_id,accident_year,proc_date,juris,collision_date,collision_time,officer_id,reporting_district,day_of_week,chp_shift,population,cnty_city_loc,special_cond,beat_type,chp_beat_type,city_division_lapd,chp_beat_class,beat_number,primary_rd,secondary_rd,distance,direction,intersection,weather_1,weather_2,state_hwy_ind,caltrans_county,caltrans_district,state_route,route_suffix,postmile_prefix,postmile,location_type,ramp_intersection,side_of_hwy,tow_away,collision_severity,number_killed,number_injured,party_count,primary_coll_factor,pcf_code_of_viol,pcf_viol_category,pcf_violation,pcf_viol_subsection,hit_and_run,type_of_collision,mviw,ped_action,road_surface,road_cond_1,road_cond_2,lighting,control_device,chp_road_type,pedestrian_accident,bicycle_accident,motorcycle_accident,truck_accident,not_private_property,alcohol_involved,stwd_vehtype_at_fault,chp_vehtype_at_fault,count_severe_inj,count_visible_inj,count_complaint_pain,count_ped_killed,count_ped_injured,count_bicyclist_killed,count_bicyclist_injured,count_mc_killed,count_mc_injured,primary_ramp,secondary_ramp,latitude,longitude,timecat,month_,city,county,state,point_x,point_y,match_addr,m_primaryrd,m_secondrd,int_id,Flag
-118.5317022,34.20118332,70968,8806788,2019,2019-03-12T00:00:00.000Z,1942,2019-01-05T00:00:00.000Z,1830,42487,1025,6,5,7,1942,0,0,0,J,0,10X18,ETIWANDA,SHERMAN WY,0,,-,A,-,N,,0,0,,,0,,,,Y,4,0,2,2,A,-,12,21453,,N,A,C,A,A,-,-,C,A,0,,,,,Y,,A,1,0,0,2,0,0,0,0,0,0,- ,- ,0,0,2100,1,LOS ANGELES,LOS ANGELES,CA,-118.5317022,34.20118332,"ETIWANDA AVE & SHERMAN WAY, LOS ANGELES, CA",ETIWANDA AVE,SHERMAN WAY,129872,
-118.2448139,34.04288483,70969,8806793,2019,2019-03-18T00:00:00.000Z,1942,2019-01-18T00:00:00.000Z,1955,33452,166,5,5,7,1942,0,0,0,A,0,1A35,S SAN PEDRO ST,6TH ST,270,N,N,A,-,N,,0,0,,,0,,,,N,3,0,1,1,A,-,- ,0,,N,H,-,A,A,H,-,C,D,0,,Y,,,Y,,L,4,0,1,0,0,0,0,1,0,0,- ,- ,0,0,2100,1,LOS ANGELES,LOS ANGELES,CA,-118.2448139,34.04288483,"SAN PEDRO ST & 6TH ST, LOS ANGELES, CA",SAN PEDRO ST,6TH ST,110552,
-118.3065627,34.05260849,70970,8806803,2019,2019-03-04T00:00:00.000Z,1942,2019-01-19T00:00:00.000Z,1940,43082,2053,6,5,7,1942,0,0,0,,0,20A33,OLYMPIC BL,SERRANO AV,70,W,N,A,-,N,,0,0,,,0,,,,Y,4,0,1,4,A,-,5,21460,A,N,B,C,A,A,H,-,C,D,0,,,,,Y,,A,1,0,0,1,0,0,0,0,0,0,- ,- ,0,0,2100,1,LOS ANGELES,LOS ANGELES,CA,-118.3065627,34.05260849,"OLYMPIC BLVD & SERRANO AVE, LOS ANGELES, CA",OLYMPIC BLVD,SERRANO AVE,138581,
-118.4653736,33.97996903,70971,8806808,2019,2019-02-28T00:00:00.000Z,1942,2019-01-12T00:00:00.000Z,1940,41785,1441,6,5,7,1942,0,0,0,N,0,14A12,WASHINGTON BL,STRONGS DR,20,W,N,B,-,N,,0,0,,,0,,,,N,3,0,1,2,A,-,8,22107,,N,G,B,D,B,H,-,C,D,0,Y,,,,Y,,A,8,0,1,0,0,1,0,0,0,0,- ,- ,0,0,2100,1,LOS ANGELES,LOS ANGELES,CA,-118.4653736,33.97996902,"WASHINGTON BLVD & STRONGS DR, LOS ANGELES, CA",WASHINGTON BLVD,STRONGS DR,110650,
-118.2993077,33.83150864,70972,8806810,2019,2019-03-04T00:00:00.000Z,1942,2019-01-25T00:00:00.000Z,1920,43603,506,5,5,7,1942,0,0,0,E,0,5A12,CARSON ST,NORMANDIE,20,W,N,A,-,N,,0,0,,,0,,,,N,4,0,2,3,A,-,21,22106,,N,C,C,A,A,H,-,C,A,0,,,,,Y,,A,1,0,0,2,0,0,0,0,0,0,- ,- ,0,0,2100,1,LOS ANGELES,LOS ANGELES,CA,-118.2993077,33.83150864,"CARSON ST & NORMANDIE AVE, LOS ANGELES, CA",CARSON ST,NORMANDIE AVE,98717,
-118.2916521,34.05978394,70973,8806815,2019,2019-03-04T00:00:00.000Z,1942,2019-01-16T00:00:00.000Z,1820,40947,2038,3,5,7,1942,0,0,0,,0,20A34,VERMONT AV,7TH ST,0,,Y,A,-,N,,0,0,,,0,,,,N,3,0,1,2,A,-,10,21950,A,N,G,B,B,B,A,-,C,A,0,Y,,,,Y,,A,1,0,1,0,0,1,0,0,0,0,- ,- ,0,0,2100,1,LOS ANGELES,LOS ANGELES,CA,-118.2916521,34.05978394,"VERMONT AVE & 7TH ST, LOS ANGELES, CA",VERMONT AVE,7TH ST,149151,
-118.4698821,34.00223541,70974,8806820,2019,2019-02-28T00:00:00.000Z,1942,2019-01-31T00:00:00.000Z,1850,42508,1415,4,5,7,1942,0,0,0,N,0,14X13,LINCOLN BL,COMMONWEALTH AV,0,,Y,A,-,N,,0,0,,,0,,,,N,3,0,1,2,A,-,11,21955,,N,G,B,D,A,H,-,C,D,0,Y,,,,Y,,N,60,0,1,0,0,1,0,0,0,0,- ,- ,0,0,2100,1,LOS ANGELES,LOS ANGELES,CA,-118.4698821,34.00223541,"LINCOLN BLVD & COMMONWEALTH AVE, LOS ANGELES, CA",LINCOLN BLVD,COMMONWEALTH AVE,142506,
-118.2984222,34.07276535,70975,8806823,2019,2019-03-04T00:00:00.000Z,1942,2019-01-16T00:00:00.000Z,1815,40386,2015,3,5,7,1942,0,0,0,,0,20A16,1ST ST,ALEXANDRIA AV,0,,Y,C,-,N,,0,0,,,0,,,,N,4,0,1,2,A,-,8,22107,,N,G,B,B,B,H,-,D,D,0,Y,,,,Y,,A,1,0,0,1,0,1,0,0,0,0,- ,- ,0,0,2100,1,LOS ANGELES,LOS ANGELES,CA,-118.2984222,34.07276535,"1ST ST & ALEXANDRIA AVE, LOS ANGELES, CA",1ST ST,ALEXANDRIA AVE,118256,
-118.2640601,33.79916763,70976,8806826,2019,2019-03-12T00:00:00.000Z,1942,2019-01-31T00:00:00.000Z,1807,43331,518,4,5,7,1942,0,0,0,E,0,5A18,LOMITA BL,AVALON BL,36,W,N,B,-,N,,0,0,,,0,,,,N,4,0,1,2,A,-,- ,0,,F,B,C,A,A,H,-,B,A,0,,,,,Y,,-,99,0,0,1,0,0,0,0,0,0,- ,- ,0,0,2100,1,LOS ANGELES,LOS ANGELES,CA,-118.2640601,33.79916763,"LOMITA BLVD & AVALON BLVD, LOS ANGELES, CA",LOMITA BLVD,AVALON BLVD,110296,
-118.3041881,34.067173,70977,8806839,2019,2019-03-04T00:00:00.000Z,1942,2019-01-29T00:00:00.000Z,1815,42413,2023,2,5,7,1942,0,0,0,,0,6A66,4TH ST,HARVARD,20,W,N,A,-,N,,0,0,,,0,,,,N,4,0,1,2,A,-,10,21950,A,N,G,B,B,A,H,-,C,D,0,Y,,,,Y,,A,1,0,0,1,0,1,0,0,0,0,- ,- ,0,0,2100,1,LOS ANGELES,LOS ANGELES,CA,-118.3041881,34.067173,"4TH ST & HARVARD BLVD, LOS ANGELES, CA",4TH ST,HARVARD BLVD,100680,
-118.3111721,34.05263519,70978,8806843,2019,2019-03-04T00:00:00.000Z,1942,2019-01-29T00:00:00.000Z,1800,38244,2062,2,5,7,1942,0,0,0,,0,7A34,SAINT ANDREWS PL,OLYMPIC BL,0,,Y,A,-,N,,0,0,,,0,,,,N,3,0,1,2,A,-,10,21950,A,N,G,B,B,A,H,-,C,A,0,Y,,,,Y,,A,1,0,1,0,0,1,0,0,0,0,- ,- ,0,0,2100,1,LOS ANGELES,LOS ANGELES,CA,-118.3111721,34.05263519,"ST ANDREWS PL & OLYMPIC BLVD, LOS ANGELES, CA",ST ANDREWS PL,OLYMPIC BLVD,110502,
-118.3452826,34.01815414,70979,8806845,2019,2019-03-11T00:00:00.000Z,1942,2019-01-13T00:00:00.000Z,2050,42665,362,7,5,7,1942,0,0,0,C,0,3A63,COLISEUM ST,CHESAPEAKE AV,34,S,N,A,-,N,,0,0,,,0,,,,Y,4,0,1,3,A,-,3,22350,,F,D,C,A,A,H,-,C,A,0,,,,,Y,,A,1,0,0,1,0,0,0,0,0,0,- ,- ,0,0,2100,1,LOS ANGELES,LOS ANGELES,CA,-118.3452826,34.01815414,"COLISEUM ST & CHESAPEAKE AVE, LOS ANGELES, CA",COLISEUM ST,CHESAPEAKE AVE,117355,
-118.2790122,34.02351379,70980,8806849,2019,2019-03-11T00:00:00.000Z,1942,2019-01-11T00:00:00.000Z,2000,39094,328,5,5,7,1942,0,0,0,C,0,3FB82,32ND ST,FIGUEROA ST,0,,Y,A,-,N,,0,0,,,0,,,,N,4,0,1,2,A,-,3,22350,,F,C,C,A,A,H,-,C,D,0,,,,,Y,,-,99,0,0,1,0,0,0,0,0,0,- ,- ,0,0,2100,1,LOS ANGELES,LOS ANGELES,CA,-118.2790122,34.02351379,"32ND ST & FIGUEROA ST, LOS ANGELES, CA",32ND ST,FIGUEROA ST,124435,
-118.2869621,33.95795441,70981,8806853,2019,2019-03-11T00:00:00.000Z,1942,2019-01-13T00:00:00.000Z,1815,41766,1801,7,5,7,1942,0,0,0,R,0,18A26,HOOVER ST,88TH ST,0,,Y,B,-,N,,0,0,,,0,,,,Y,3,0,2,2,A,-,12,21453,A,F,D,C,A,A,H,-,C,A,0,,,,,Y,,-,99,0,1,1,0,0,0,0,0,0,- ,- ,0,0,2100,1,LOS ANGELES,LOS ANGELES,CA,-118.2869621,33.95795441,"HOOVER ST & 88TH ST, LOS ANGELES, CA",HOOVER ST,88TH ST,134727,
-118.3016321,34.06899643,70982,8806867,2019,2019-03-04T00:00:00.000Z,1942,2019-01-24T00:00:00.000Z,1940,42042,2023,4,5,7,1942,0,0,0,,0,20A45,3RD ST,ARDMORE,0,,Y,A,-,N,,0,0,,,0,,,,N,4,0,1,2,A,-,9,21802,A,N,D,C,A,A,H,-,C,A,0,,,,,Y,,A,1,0,0,1,0,0,0,0,0,0,- ,- ,0,0,2100,1,LOS ANGELES,LOS ANGELES,CA,-118.3016321,34.06899643,"3RD ST & ARDMORE AVE, LOS ANGELES, CA",3RD ST,ARDMORE AVE,132304,
-118.3128621,34.06713486,70983,8806870,2019,2019-03-04T00:00:00.000Z,1942,2019-01-25T00:00:00.000Z,1820,38391,2022,5,5,7,1942,0,0,0,,0,20XL2,GRAMERCY PL,4TH ST,0,,Y,A,-,N,,0,0,,,0,,,,N,4,0,1,2,A,-,9,21802,A,N,D,C,A,A,H,-,A,A,0,,,,,Y,,A,1,0,0,1,0,0,0,0,0,0,- ,- ,0,0,2100,1,LOS ANGELES,LOS ANGELES,CA,-118.3128621,34.06713486,"GRAMERCY PL & 4TH ST, LOS ANGELES, CA",GRAMERCY PL,4TH ST,128814,
-118.2992122,34.06175613,70984,8806871,2019,2019-02-28T00:00:00.000Z,1942,2019-01-24T00:00:00.000Z,1935,43405,2027,4,5,7,1942,0,0,0,,0,20A88,WILSHIRE BL,MARIPOSA AV,0,,Y,A,-,N,,0,0,,,0,,,,N,4,0,1,3,A,-,9,21801,,N,D,C,A,A,H,-,C,A,0,,,Y,,Y,,A,1,0,0,1,0,0,0,0,0,1,- ,- ,0,0,2100,1,LOS ANGELES,LOS ANGELES,CA,-118.2992122,34.06175613,"WILSHIRE BLVD & MARIPOSA AVE, LOS ANGELES, CA",WILSHIRE BLVD,MARIPOSA AVE,98533,
-118.2228543,33.80456543,70985,8806873,2019,2019-03-15T00:00:00.000Z,1942,2019-01-06T00:00:00.000Z,1805,43610,,7,5,7,1942,0,0,0,,0,519,E SEPULVEDA BL,MIDDLE RD,36,W,N,A,-,N,,0,0,,,0,,,,N,4,0,1,2,A,-,3,22350,,N,C,C,A,A,H,-,C,A,0,,,,,Y,,A,7,0,0,1,0,0,0,0,0,0,- ,- ,0,0,2100,1,LOS ANGELES,LOS ANGELES,CA,-118.2228543,33.80456543,"SEPULVEDA BLVD & MIDDLE RD, LOS ANGELES, CA",SEPULVEDA BLVD,MIDDLE RD,2031,
-118.3053522,34.05766296,70986,8806878,2019,2019-03-04T00:00:00.000Z,1942,2019-01-07T00:00:00.000Z,1830,43082,2033,1,5,7,1942,0,0,0,,0,20A33,W 8TH ST,HOBART BL,15,S,N,B,-,N,,0,0,,,0,,,,Y,4,0,1,2,A,-,8,22107,,N,C,E,A,A,H,-,C,D,0,,,,,Y,,A,1,0,0,1,0,0,0,0,0,0,- ,- ,0,0,2100,1,LOS ANGELES,LOS ANGELES,CA,-118.3053522,34.05766296,"8TH ST & HOBART BLVD, LOS ANGELES, CA",8TH ST,HOBART BLVD,121090,
-118.5885422,34.22457504,70987,8806918,2019,2019-03-05T00:00:00.000Z,1942,2019-01-29T00:00:00.000Z,1830,38672,1791,2,5,7,1942,0,0,0,Q,0,19X88,DE SOTO AV,CHASE ST,0,,Y,A,-,N,,0,0,,,0,,,,Y,0,0,0,2,A,-,1,23152,A,N,C,C,A,A,H,-,C,A,0,,,,,Y,Y,A,1,0,0,0,0,0,0,0,0,0,- ,- ,0,0,2100,1,LOS ANGELES,LOS ANGELES,CA,-118.5885422,34.22457504,"DE SOTO AVE & CHASE ST, LOS ANGELES, CA",DE SOTO AVE,CHASE ST,104890,
-118.2661722,34.0545845,70988,8807619,2019,2019-02-28T00:00:00.000Z,1942,2019-01-16T00:00:00.000Z,1830,40730,257,3,5,7,1942,0,0,0,B,0,2A69,WITMER ST,SHATTO ST,0,,Y,C,-,N,,0,0,,,0,,,,N,3,0,1,2,A,-,10,21950,A,F,G,B,B,B,H,-,C,A,0,Y,,,,Y,,-,99,0,1,0,0,1,0,0,0,0,- ,- ,0,0,2100,1,LOS ANGELES,LOS ANGELES,CA,-118.2661722,34.0545845,"WITMER ST & SHATTO ST, LOS ANGELES, CA",WITMER ST,SHATTO ST,107025,
-118.2667202,34.03195953,70989,8807631,2019,2019-02-28T00:00:00.000Z,1942,2019-01-07T00:00:00.000Z,1855,39938,195,1,5,7,1942,0,0,0,A,0,1A85,WASHINGTON BL,HILL ST,18,E,N,A,-,N,,0,0,,,0,,,,N,2,0,1,2,C,-,18,0,,N,G,B,F,A,H,-,C,D,0,Y,,,,Y,,-,- ,1,0,0,0,1,0,0,0,0,- ,- ,0,0,2100,1,LOS ANGELES,LOS ANGELES,CA,-118.2667202,34.03195953,"WASHINGTON BLVD & HILL ST, LOS ANGELES, CA",WASHINGTON BLVD,HILL ST,105717,
-118.2667722,34.03198624,70990,8807643,2019,2019-03-19T00:00:00.000Z,1942,2019-01-29T00:00:00.000Z,1845,35291,1321,2,5,7,1942,0,0,0,M,0,13A13,WEST WASHINGTON BL,S HILL ST,0,,Y,B,-,N,,0,0,,,0,,,,N,4,0,1,2,A,-,10,21950,A,N,G,B,B,A,H,-,C,A,0,Y,,,,Y,,-,- ,0,0,1,0,1,0,0,0,0,- ,- ,0,0,2100,1,LOS ANGELES,LOS ANGELES,CA,-118.2667722,34.03198624,"WASHINGTON BLVD & HILL ST, LOS ANGELES, CA",WASHINGTON BLVD,HILL ST,105717,
-118.2402321,34.05854416,70991,8807655,2019,2019-02-28T00:00:00.000Z,1942,2019-01-27T00:00:00.000Z,2040,42926,111,7,5,7,1942,0,0,0,A,0,1A1,N BROADWAY,W CESAR E CHAVEZ AV,0,,Y,A,-,N,,0,0,,,0,,,,N,4,0,1,2,D,-,0,0,,N,G,B,B,A,H,-,C,A,0,Y,,,,Y,,-,- ,0,0,1,0,1,0,0,0,0,- ,- ,0,0,2100,1,LOS ANGELES,LOS ANGELES,CA,-118.2402321,34.05854416,"N BROADWAY & CESAR E CHAVEZ AVE, LOS ANGELES, CA",N BROADWAY,CESAR E CHAVEZ AVE,128106,
-118.2415422,34.04489517,70992,8807663,2019,2019-02-28T00:00:00.000Z,1942,2019-01-24T00:00:00.000Z,1830,38233,148,4,5,7,1942,0,0,0,A,0,1A29,EAST 4TH ST,CROCKER ST,0,,Y,A,-,N,,0,0,,,0,,,,Y,4,0,2,2,A,-,9,21802,A,N,D,C,A,A,H,-,C,D,0,,,,,Y,,A,1,0,0,2,0,0,0,0,0,0,- ,- ,0,0,2100,1,LOS ANGELES,LOS ANGELES,CA,-118.2415422,34.04489517,"4TH ST & CROCKER ST, LOS ANGELES, CA",4TH ST,CROCKER ST,114031,
-118.4517622,34.1504364,70993,8807707,2019,2019-03-07T00:00:00.000Z,1942,2019-01-28T00:00:00.000Z,1855,37304,984,1,5,7,1942,0,0,0,I,0,9A89,DICKENS ST,CEDROS ST,0,,Y,A,-,N,,0,0,,,0,,,,Y,3,0,1,2,A,-,9,21802,A,N,D,C,A,A,H,-,C,A,0,,,,,Y,,A,1,0,1,0,0,0,0,0,0,0,- ,- ,0,0,2100,1,LOS ANGELES,LOS ANGELES,CA,-118.4517622,34.1504364,"DICKENS ST & CEDROS AVE, LOS ANGELES, CA",DICKENS ST,CEDROS AVE,122345,
-118.3310721,34.03985596,70994,8807708,2019,2019-03-07T00:00:00.000Z,1942,2019-01-21T00:00:00.000Z,1900,42451,787,1,5,7,1942,0,0,0,G,0,7A85,CRENSHAW BL,WASHINGTON BL,0,,Y,A,-,N,,0,0,,,0,,,,N,4,0,1,2,A,-,12,21453,A,N,D,C,A,A,H,-,C,A,0,,,,,Y,,-,- ,0,0,1,0,0,0,0,0,0,- ,- ,0,0,2100,1,LOS ANGELES,LOS ANGELES,CA,-118.3310721,34.03985596,"CRENSHAW BLVD & WASHINGTON BLVD, LOS ANGELES, CA",CRENSHAW BLVD,WASHINGTON BLVD,103497,
-118.2577122,34.04797363,70995,8807765,2019,2019-03-05T00:00:00.000Z,1942,2019-01-24T00:00:00.000Z,1930,36025,162,4,5,7,1942,0,0,0,A,0,1A1,7TH ST,HOPE ST,0,,Y,A,-,N,,0,0,,,0,,,,N,0,0,0,2,A,-,4,21703,,M,C,C,A,A,H,-,B,A,0,,,,,Y,,-,99,0,0,0,0,0,0,0,0,0,- ,- ,0,0,2100,1,LOS ANGELES,LOS ANGELES,CA,-118.2577122,34.04797363,"7TH ST & HOPE ST, LOS ANGELES, CA",7TH ST,HOPE ST,142162,
-118.2544969,34.04956818,70996,8807793,2019,2019-03-05T00:00:00.000Z,1942,2019-01-18T00:00:00.000Z,1900,40730,152,5,5,7,1942,0,0,0,A,0,1A41,S GRAND AV,5TH ST,280,S,N,A,-,N,,0,0,,,0,,,,N,0,0,0,1,B,-,22,0,,N,C,J,A,A,H,-,C,D,0,,,,,Y,,A,1,0,0,0,0,0,0,0,0,0,- ,- ,0,0,2100,1,LOS ANGELES,LOS ANGELES,CA,-118.2544969,34.04956818,"GRAND AVE (DOWNTOWN) & 5TH ST, LOS ANGELES, CA",GRAND AVE (DOWNTOWN),5TH ST,142208,
-118.4289822,34.25580597,70997,8807851,2019,2019-03-07T00:00:00.000Z,1942,2019-01-31T00:00:00.000Z,1840,40639,1641,4,5,7,1942,0,0,0,P,0,16A23,PIERCE ST,LAUREL CANYON BL,0,,Y,A,-,N,,0,0,,,0,,,,Y,2,0,4,3,A,-,0,23103,A,N,D,C,A,A,H,-,C,A,0,,,,,Y,,A,1,1,1,2,0,0,0,0,0,0,- ,- ,0,0,2100,1,LOS ANGELES,LOS ANGELES,CA,-118.4289822,34.25580597,"PIERCE ST & LAUREL CANYON BLVD, LOS ANGELES, CA",PIERCE ST,LAUREL CANYON BLVD,115977,
-118.4138021,34.15761566,70998,8807863,2019,2019-03-07T00:00:00.000Z,1942,2019-01-25T00:00:00.000Z,1910,42251,969,5,5,7,1942,0,0,0,I,0,9A37,RIVERSIDE DR,COLDWATER CANYON AV,0,,Y,B,-,N,,0,0,,,0,,,,N,3,0,2,3,A,-,9,21801,A,N,D,G,A,A,H,-,C,A,0,,,Y,,Y,,A,1,0,1,1,0,0,0,0,0,1,- ,- ,0,0,2100,1,LOS ANGELES,LOS ANGELES,CA,-118.4138021,34.15761566,"RIVERSIDE DR & COLDWATER CANYON AVE, LOS ANGELES, CA",RIVERSIDE DR,COLDWATER CANYON AVE,101853,
-118.3386621,34.06492615,70999,8807879,2019,2019-03-06T00:00:00.000Z,1942,2019-01-06T00:00:00.000Z,1805,41376,738,7,5,7,1942,0,0,0,G,0,7A17,S HIGHLAND AV,W 6TH ST,0,,Y,A,-,N,,0,0,,,0,,,,Y,4,0,1,4,A,-,12,21453,A,N,D,C,A,A,H,-,C,A,0,,,,,Y,,A,1,0,0,1,0,0,0,0,0,0,- ,- ,0,0,2100,1,LOS ANGELES,LOS ANGELES,CA,-118.3386621,34.06492615,"HIGHLAND AVE & 6TH ST, LOS ANGELES, CA",HIGHLAND AVE,6TH ST,144387,
-118.3670621,34.05853653,71000,8807903,2019,2019-03-06T00:00:00.000Z,1942,2019-01-14T00:00:00.000Z,1850,42273,752,1,5,7,1942,0,0,0,G,0,7A53,OLYMPIC BL,POINT VIEW ST,0,,Y,A,-,N,,0,0,,,0,,,,Y,4,0,1,2,A,-,9,21801,A,N,D,C,A,B,H,-,C,D,0,,,,,Y,,A,1,0,0,1,0,0,0,0,0,0,- ,- ,0,0,2100,1,LOS ANGELES,LOS ANGELES,CA,-118.3670621,34.05853653,"OLYMPIC BLVD & POINT VIEW ST, LOS ANGELES, CA",OLYMPIC BLVD,POINT VIEW ST,131461,
-118.4596322,34.15270615,71002,8809351,2019,2019-05-18T00:00:00.000Z,1942,2019-01-27T00:00:00.000Z,1820,42285,971,7,5,7,1942,0,0,0,I,0,9X14,VENTURA BL,LEMONA AV,0,,Y,-,-,N,,0,0,,,0,,,,N,3,0,2,3,A,-,10,21950,A,N,G,B,B,A,H,-,C,D,0,Y,,,,Y,,A,1,0,2,0,0,2,0,0,0,0,- ,- ,0,0,2100,1,LOS ANGELES,LOS ANGELES,CA,-118.4596322,34.15270615,"VENTURA BLVD & LEMONA AVE, LOS ANGELES, CA",VENTURA BLVD,LEMONA AVE,125795,
-118.2916526,34.06141281,71003,8809720,2019,2019-03-07T00:00:00.000Z,1942,2019-01-16T00:00:00.000Z,1930,39317,2038,3,5,7,1942,0,0,0,,0,34Q68,VERMONT AV,WILSHIRE BL,140,S,N,C,-,N,,0,0,,,0,,,,Y,0,0,0,2,A,-,1,23152,A,N,C,C,A,B,H,-,C,A,0,,,,,Y,Y,A,1,0,0,0,0,0,0,0,0,0,- ,- ,0,0,2100,1,LOS ANGELES,LOS ANGELES,CA,-118.2916526,34.06141281,"VERMONT AVE & WILSHIRE BLVD, LOS ANGELES, CA",VERMONT AVE,WILSHIRE BLVD,140746,
-118.2879621,33.73241425,71004,8809751,2019,2019-03-08T00:00:00.000Z,1942,2019-01-24T00:00:00.000Z,1935,43264,HARBO,4,5,7,1942,0,0,0,,0,563,13TH ST,PACIFIC AV,0,,Y,A,-,N,,0,0,,,0,,,,N,0,0,0,2,A,-,9,21804,A,M,D,C,A,A,H,-,C,D,0,,,,,Y,,-,,0,0,0,0,0,0,0,0,0,- ,- ,0,0,2100,1,LOS ANGELES,LOS ANGELES,CA,-118.2879621,33.73241425,"13TH ST & PACIFIC AVE, LOS ANGELES, CA",13TH ST,PACIFIC AVE,135546,
-118.5011822,34.20840454,71005,8809765,2019,2019-03-07T00:00:00.000Z,1942,2019-01-16T00:00:00.000Z,1830,42481,1007,3,5,7,1942,0,0,0,J,0,10X98,SATICOY,BALBOA,0,,Y,C,-,N,,0,0,,,0,,,,Y,4,0,2,3,A,-,3,22350,,N,C,C,A,B,-,-,C,A,0,,,,,Y,Y,-,,0,0,2,0,0,0,0,0,0,- ,- ,0,0,2100,1,LOS ANGELES,LOS ANGELES,CA,-118.5011822,34.20840454,"SATICOY ST & BALBOA BLVD, LOS ANGELES, CA",SATICOY ST,BALBOA BLVD,147533,
-118.6048122,34.27226639,71006,8809943,2019,2019-03-08T00:00:00.000Z,1942,2019-01-31T00:00:00.000Z,2000,42584,1721,4,5,7,1942,0,0,0,Q,0,21A1,SANTA SUSANA PASS RD,TOPANGA CANYON BL,0,,-,A,-,N,,0,0,,,0,,,,N,0,0,0,2,A,-,3,22350,A,M,C,C,A,A,H,-,C,D,0,,,,,Y,,-,99,0,0,0,0,0,0,0,0,0,- ,- ,0,0,2100,1,LOS ANGELES,LOS ANGELES,CA,-118.6048122,34.27226639,"SANTA SUSANA PASS RD & TOPANGA CANYON BLVD, LOS ANGELES, CA",SANTA SUSANA PASS RD,TOPANGA CANYON BLVD,98295,
-118.2812333,34.05813599,71007,8810013,2019,2019-03-12T00:00:00.000Z,1942,2019-01-28T00:00:00.000Z,1950,33130,261,1,5,7,1942,0,0,0,B,0,2A45,S CARONDELET ST,7TH ST,98,S,N,A,-,N,,0,0,,,0,,,,Y,4,0,3,2,A,-,3,22350,,N,C,C,A,A,H,-,C,D,0,,,,,Y,,A,1,0,0,3,0,0,0,0,0,0,- ,- ,0,0,2100,1,LOS ANGELES,LOS ANGELES,CA,-118.2812333,34.05813599,"CARONDELET ST & 7TH ST, LOS ANGELES, CA",CARONDELET ST,7TH ST,110535,
-118.2729622,34.03296661,71008,8810033,2019,2019-03-12T00:00:00.000Z,1942,2019-01-26T00:00:00.000Z,1820,34426,1321,6,5,7,1942,0,0,0,M,0,13A13,FIGUEROA ST,20TH ST,0,,Y,A,-,N,,0,0,,,0,,,,N,4,0,3,4,A,-,7,21658,A,N,B,C,A,A,H,-,A,D,0,,,Y,,Y,,A,7,0,0,3,0,0,0,0,0,3,- ,- ,0,0,2100,1,LOS ANGELES,LOS ANGELES,CA,-118.2729622,34.03296661,"FIGUEROA ST & 20TH ST, LOS ANGELES, CA",FIGUEROA ST,20TH ST,110527,
-118.2379834,33.9896431,71009,8810041,2019,2019-03-12T00:00:00.000Z,1942,2019-01-17T00:00:00.000Z,1915,41629,1377,4,5,7,1942,0,0,0,M,0,13A75,ALAMEDA ST,SLAUSON AV,158,N,N,A,-,N,,0,0,,,0,,,,Y,4,0,1,2,A,-,5,21651,A,F,A,C,A,B,H,-,C,D,0,,,,,Y,,-,99,0,0,1,0,0,0,0,0,0,- ,- ,0,0,2100,1,LOS ANGELES,LOS ANGELES,CA,-118.2379834,33.9896431,"ALAMEDA ST & SLAUSON AVE, LOS ANGELES, CA",ALAMEDA ST,SLAUSON AVE,106165,
-118.207621,34.07374191,71010,8810047,2019,2019-03-08T00:00:00.000Z,1942,2019-01-31T00:00:00.000Z,1910,40325,422,4,5,7,1942,0,0,0,D,0,4A15,N BROADWAY,EASTLAKE AV,55,E,N,A,-,N,,0,0,,,0,,,,Y,0,0,0,2,A,-,9,21804,A,M,D,C,A,A,H,-,C,A,0,,,,,Y,,-,99,0,0,0,0,0,0,0,0,0,- ,- ,0,0,2100,1,LOS ANGELES,LOS ANGELES,CA,-118.207621,34.07374191,"N BROADWAY & EASTLAKE AVE, LOS ANGELES, CA",N BROADWAY,EASTLAKE AVE,111237,
-118.1961953,34.07448196,71011,8810067,2019,2019-03-08T00:00:00.000Z,1942,2019-01-23T00:00:00.000Z,1925,39395,424,3,5,7,1942,0,0,0,D,0,4A15,N MISSION RD,BROADWAY,250,N,N,A,-,N,,0,0,,,0,,,,Y,0,0,0,2,A,-,4,21703,,M,C,C,A,A,H,-,C,D,0,,,,,Y,,A,1,0,0,0,0,0,0,0,0,0,- ,- ,0,0,2100,1,LOS ANGELES,LOS ANGELES,CA,-118.1961953,34.07448196,"MISSION RD & N BROADWAY, LOS ANGELES, CA",MISSION RD,N BROADWAY,118330,