X,Y,OBJECTID,case_id,accident_year,proc_date,juris,collision_date,collision_time,officer_id,reporting_district,day_of_week,chp_shift,population,cnty_city_loc,special_cond,beat_type,chp_beat_type,city_division_lapd,chp_beat_class,beat_number,primary_rd,secondary_rd,distance,direction,intersection,weather_1,weather_2,state_hwy_ind,caltrans_county,caltrans_district,state_route,route_suffix,postmile_prefix,postmile,location_type,ramp_intersection,side_of_hwy,tow_away,collision_severity,number_killed,number_injured,party_count,primary_coll_factor,pcf_code_of_viol,pcf_viol_category,pcf_violation,pcf_viol_subsection,hit_and_run,type_of_collision,mviw,ped_action,road_surface,road_cond_1,road_cond_2,lighting,control_device,chp_road_type,pedestrian_accident,bicycle_accident,motorcycle_accident,truck_accident,not_private_property,alcohol_involved,stwd_vehtype_at_fault,chp_vehtype_at_fault,count_severe_inj,count_visible_inj,count_complaint_pain,count_ped_killed,count_ped_injured,count_bicyclist_killed,count_bicyclist_injured,count_mc_killed,count_mc_injured,primary_ramp,secondary_ramp,latitude,longitude,timecat,month_,city,county,state,point_x,point_y,match_addr,m_primaryrd,m_secondrd,int_id,Flag
-118.2267221,34.05240631,71012,8810073,2019,2019-03-12T00:00:00.000Z,1942,2019-01-29T00:00:00.000Z,1850,33130,451,2,5,7,1942,0,0,0,D,0,4A71,N MISSION RD,E ALISO ST,0,,Y,A,-,N,,0,0,,,0,,,,Y,4,0,1,2,A,-,9,21801,A,N,A,C,A,A,H,-,B,A,0,,,,,Y,,A,1,0,0,1,0,0,0,0,0,0,- ,- ,0,0,2100,1,LOS ANGELES,LOS ANGELES,CA,-118.2267221,34.05240631,"MISSION RD & ALISO ST, LOS ANGELES, CA",MISSION RD,ALISO ST,135068,
-118.3491121,34.05728531,71013,8810348,2019,2019-03-06T00:00:00.000Z,1942,2019-01-30T00:00:00.000Z,1940,38090,745,3,5,7,1942,0,0,0,G,0,7A33,W OLYMPIC BL,S COCHRAN AV,0,,Y,A,-,N,,0,0,,,0,,,,Y,4,0,3,2,A,-,9,21801,A,N,D,C,A,A,H,-,C,D,0,,,,,Y,Y,A,1,0,0,3,0,0,0,0,0,0,- ,- ,0,0,2100,1,LOS ANGELES,LOS ANGELES,CA,-118.3491121,34.05728531,"OLYMPIC BLVD & COCHRAN AVE, LOS ANGELES, CA",OLYMPIC BLVD,COCHRAN AVE,113959,
-118.3189221,34.04353333,71014,8810352,2019,2019-03-06T00:00:00.000Z,1942,2019-01-31T00:00:00.000Z,1950,41210,769,4,5,7,1942,0,0,0,G,0,8TL35,VENICE BL,2ND AV,0,,Y,A,-,N,,0,0,,,0,,,,Y,4,0,2,2,A,-,9,21802,A,N,D,C,A,A,H,-,C,A,0,,,,,Y,,A,1,0,0,2,0,0,0,0,0,0,- ,- ,0,0,2100,1,LOS ANGELES,LOS ANGELES,CA,-118.3189221,34.04353333,"VENICE BLVD & 2ND AVE, LOS ANGELES, CA",VENICE BLVD,2ND AVE,138597,
-118.3647721,34.04267502,71015,8810360,2019,2019-03-06T00:00:00.000Z,1942,2019-01-21T00:00:00.000Z,1820,42799,782,1,5,7,1942,0,0,0,G,0,7A22,THURMAN AV,VENICE BL,0,,Y,A,-,N,,0,0,,,0,,,,N,2,0,1,2,A,-,5,21650,,N,B,C,A,A,H,-,C,B,0,,,Y,,Y,,C,3,1,0,0,0,0,0,0,0,1,- ,- ,0,0,2100,1,LOS ANGELES,LOS ANGELES,CA,-118.3647721,34.04267502,"THURMAN AVE & VENICE BLVD, LOS ANGELES, CA",THURMAN AVE,VENICE BLVD,113930,
-118.3440521,34.07444382,71016,8810364,2019,2019-03-06T00:00:00.000Z,1942,2019-01-26T00:00:00.000Z,1810,37700,726,6,5,7,1942,0,0,0,G,0,7A17,N LA BREA AV,1ST ST,317,N,N,A,-,N,,0,0,,,0,,,,Y,3,0,2,3,A,-,8,22107,,N,C,C,A,A,H,-,C,D,0,,,,,Y,,A,1,0,1,1,0,0,0,0,0,0,- ,- ,0,0,2100,1,LOS ANGELES,LOS ANGELES,CA,-118.3440522,34.07444382,"LA BREA AVE & 1ST ST, LOS ANGELES, CA",LA BREA AVE,1ST ST,135428,
-118.3571918,34.04787445,71017,8810368,2019,2019-03-06T00:00:00.000Z,1942,2019-01-25T00:00:00.000Z,2020,41054,764,5,5,7,1942,0,0,0,G,0,7A53,HAUSER BL,PICO BL,309,S,N,A,-,N,,0,0,,,0,,,,N,3,0,1,2,A,-,11,21955,,N,G,B,D,A,H,-,C,D,0,Y,,,,Y,,N,60,0,1,0,0,1,0,0,0,0,- ,- ,0,0,2100,1,LOS ANGELES,LOS ANGELES,CA,-118.3571918,34.04787445,"HAUSER BLVD & PICO BLVD, LOS ANGELES, CA",HAUSER BLVD,PICO BLVD,96347,
-118.3271973,34.08073807,71018,8810380,2019,2019-03-06T00:00:00.000Z,1942,2019-01-20T00:00:00.000Z,1950,41054,719,7,5,7,1942,0,0,0,G,0,7A17,N ROSSMORE AV,CLINTON ST,330,S,N,A,-,N,,0,0,,,0,,,,N,4,0,1,2,A,-,8,22103,,N,B,C,A,A,H,-,C,A,0,,,Y,,Y,,A,1,0,0,1,0,0,0,0,0,1,- ,- ,0,0,2100,1,LOS ANGELES,LOS ANGELES,CA,-118.3271973,34.08073807,"ROSSMORE AVE & CLINTON ST, LOS ANGELES, CA",ROSSMORE AVE,CLINTON ST,118225,
-118.2834308,33.73601532,71019,8810495,2019,2019-03-12T00:00:00.000Z,1942,2019-01-11T00:00:00.000Z,2020,42063,,5,5,7,1942,0,0,0,,0,5A59,9TH ST,CENTRE,40,E,N,A,-,N,,0,0,,,0,,,,N,0,0,0,2,A,-,3,22350,,M,B,E,A,A,-,-,C,D,0,,,,,Y,,-,99,0,0,0,0,0,0,0,0,0,- ,- ,0,0,2100,1,LOS ANGELES,LOS ANGELES,CA,-118.2834308,33.73601532,"9TH ST & CENTRE ST, LOS ANGELES, CA",9TH ST,CENTRE ST,100338,
-118.3404988,34.07617569,71020,8810593,2019,2019-04-02T00:00:00.000Z,1942,2019-01-14T00:00:00.000Z,1845,37575,717,1,5,7,1942,0,0,0,G,0,,BEVERLY BL,MANSFIELD AV,89,E,N,A,-,N,,0,0,,,0,,,,N,0,0,0,1,C,-,18,0,,N,H,J,A,A,A,-,C,D,0,,,,,Y,,-,- ,0,0,0,0,0,0,0,0,0,- ,- ,0,0,2100,1,LOS ANGELES,LOS ANGELES,CA,-118.3404988,34.07617569,"BEVERLY BLVD & MANSFIELD AVE, LOS ANGELES, CA",BEVERLY BLVD,MANSFIELD AVE,149638,
-118.3404988,34.07617569,71021,8810597,2019,2019-04-02T00:00:00.000Z,1942,2019-01-14T00:00:00.000Z,1925,37575,717,1,5,7,1942,0,0,0,G,0,,BEVERLY BL,MANSFIELD AV,89,E,N,A,-,N,,0,0,,,0,,,,N,0,0,0,1,C,-,18,0,,N,H,J,A,B,A,-,D,D,0,,,,,Y,,-,- ,0,0,0,0,0,0,0,0,0,- ,- ,0,0,2100,1,LOS ANGELES,LOS ANGELES,CA,-118.3404988,34.07617569,"BEVERLY BLVD & MANSFIELD AVE, LOS ANGELES, CA",BEVERLY BLVD,MANSFIELD AVE,149638,
-118.3404988,34.07617569,71022,8810601,2019,2019-03-13T00:00:00.000Z,1942,2019-01-14T00:00:00.000Z,1800,36504,727,1,5,7,1942,0,0,0,G,0,7A17,BEVERLY BL,MANSFIELD AV,89,E,N,B,-,N,,0,0,,,0,,,,Y,0,0,0,1,C,-,18,0,,N,H,J,A,B,A,-,C,D,0,,,,,Y,,-,- ,0,0,0,0,0,0,0,0,0,- ,- ,0,0,2100,1,LOS ANGELES,LOS ANGELES,CA,-118.3404988,34.07617569,"BEVERLY BLVD & MANSFIELD AVE, LOS ANGELES, CA",BEVERLY BLVD,MANSFIELD AVE,149638,
-118.3404988,34.07617569,71023,8810605,2019,2019-04-02T00:00:00.000Z,1942,2019-01-14T00:00:00.000Z,1913,36504,727,1,5,7,1942,0,0,0,G,0,7A17,BEVERLY BL,MANSFIELD AV,89,E,N,C,-,N,,0,0,,,0,,,,N,0,0,0,1,C,-,18,0,,N,H,J,A,B,A,-,C,D,0,,,,,Y,,-,- ,0,0,0,0,0,0,0,0,0,- ,- ,0,0,2100,1,LOS ANGELES,LOS ANGELES,CA,-118.3404988,34.07617569,"BEVERLY BLVD & MANSFIELD AVE, LOS ANGELES, CA",BEVERLY BLVD,MANSFIELD AVE,149638,
-118.3404988,34.07617569,71024,8810609,2019,2019-04-03T00:00:00.000Z,1942,2019-01-14T00:00:00.000Z,1920,36504,727,1,5,7,1942,0,0,0,G,0,7A17,BEVERLY BL,MANSFIELD AV,89,E,N,C,-,N,,0,0,,,0,,,,Y,0,0,0,1,C,-,18,0,,N,H,J,A,B,A,-,C,D,0,,,,,Y,,-,- ,0,0,0,0,0,0,0,0,0,- ,- ,0,0,2100,1,LOS ANGELES,LOS ANGELES,CA,-118.3404988,34.07617569,"BEVERLY BLVD & MANSFIELD AVE, LOS ANGELES, CA",BEVERLY BLVD,MANSFIELD AVE,149638,
-118.3519885,34.08359146,71025,8810613,2019,2019-03-13T00:00:00.000Z,1942,2019-01-05T00:00:00.000Z,1940,38090,702,6,5,7,1942,0,0,0,G,0,7A1,MELROSE AV,VISTA ST,80,E,N,C,-,N,,0,0,,,0,,,,N,0,0,0,2,A,-,3,22350,,M,C,C,A,B,H,-,C,D,0,,,,,Y,,-,99,0,0,0,0,0,0,0,0,0,- ,- ,0,0,2100,1,LOS ANGELES,LOS ANGELES,CA,-118.3519885,34.08359146,"MELROSE AVE & VISTA ST, LOS ANGELES, CA",MELROSE AVE,VISTA ST,96829,
-118.4328521,34.07759476,71027,8810848,2019,2019-04-30T00:00:00.000Z,1942,2019-01-24T00:00:00.000Z,1925,42198,819,4,5,7,1942,0,0,0,H,0,8A29,BEVERLY GLEN,CHARING CROSS RD,0,,Y,A,-,N,,0,0,,,0,,,,N,0,0,0,2,A,-,9,21804,,N,D,C,A,A,H,-,C,A,0,,,,,Y,,A,1,0,0,0,0,0,0,0,0,0,- ,- ,0,0,2100,1,LOS ANGELES,LOS ANGELES,CA,-118.4328521,34.07759476,"BEVERLY GLEN BLVD & CHARING CROSS RD, LOS ANGELES, CA",BEVERLY GLEN BLVD,CHARING CROSS RD,124953,
-118.4617483,34.04872513,71028,8810882,2019,2019-03-13T00:00:00.000Z,1942,2019-01-20T00:00:00.000Z,1900,42423,842,7,5,7,1942,0,0,0,H,0,8A66,WILSHIRE BL,STONER AV,20,E,N,A,-,N,,0,0,,,0,,,,Y,3,0,1,2,A,-,7,21658,A,N,C,C,A,A,H,-,C,D,0,,,Y,,Y,,A,7,0,1,0,0,0,0,0,0,1,- ,- ,0,0,2100,1,LOS ANGELES,LOS ANGELES,CA,-118.4617483,34.04872513,"WILSHIRE BLVD & STONER AVE, LOS ANGELES, CA",WILSHIRE BLVD,STONER AVE,107297,
-118.2840481,34.02373123,71029,8811082,2019,2019-03-13T00:00:00.000Z,1942,2019-01-25T00:00:00.000Z,1910,43587,338,5,5,7,1942,0,0,0,,0,3A57,HOOVER,JEFFERSON,12,N,N,A,-,N,,0,0,,,0,,,,Y,4,0,1,3,D,-,0,0,,F,C,C,A,A,H,-,C,A,0,,,,,Y,Y,-,- ,0,0,1,0,0,0,0,0,0,- ,- ,0,0,2100,1,LOS ANGELES,LOS ANGELES,CA,-118.2840481,34.02373123,"HOOVER ST & JEFFERSON BLVD,, CA",HOOVER ST,JEFFERSON BLVD,140947,
-118.2937033,34.04420471,71031,8812258,2019,2019-02-28T00:00:00.000Z,1942,2019-01-17T00:00:00.000Z,1800,42328,2076,4,5,7,1942,0,0,0,,0,20A1,VENICE BL,CATALINA ST,200,E,N,A,-,N,,0,0,,,0,,,,N,4,0,1,2,A,-,11,21954,A,N,G,B,E,A,H,-,C,D,0,Y,,,,Y,Y,N,60,0,0,1,0,1,0,0,0,0,- ,- ,0,0,2100,1,LOS ANGELES,LOS ANGELES,CA,-118.2937033,34.04420471,"VENICE BLVD & CATALINA ST, LOS ANGELES, CA",VENICE BLVD,CATALINA ST,103528,
-118.3140921,34.06713486,71032,8812266,2019,2019-02-28T00:00:00.000Z,1942,2019-01-20T00:00:00.000Z,1930,41107,2022,7,5,7,1942,0,0,0,,0,2022,WILTON PL,4TH ST,0,,Y,A,-,N,,0,0,,,0,,,,N,4,0,1,2,A,-,10,21950,A,N,G,B,B,A,H,-,C,A,0,Y,,,,Y,,A,1,0,0,1,0,1,0,0,0,0,- ,- ,0,0,2100,1,LOS ANGELES,LOS ANGELES,CA,-118.3140921,34.06713486,"WILTON PL & 4TH ST, LOS ANGELES, CA",WILTON PL,4TH ST,121895,
-118.3051768,34.04720306,71033,8812298,2019,2019-02-28T00:00:00.000Z,1942,2019-01-28T00:00:00.000Z,2040,41924,2074,1,5,7,1942,0,0,0,,0,20A39,PICO BL,HOBART BL,35,E,N,A,-,N,,0,0,,,0,,,,Y,3,0,1,2,A,-,9,21801,A,N,D,C,A,A,H,-,C,D,0,,,Y,,Y,,A,1,0,1,0,0,0,0,0,0,1,- ,- ,0,0,2100,1,LOS ANGELES,LOS ANGELES,CA,-118.3051768,34.04720306,"PICO BLVD & HOBART BLVD, LOS ANGELES, CA",PICO BLVD,HOBART BLVD,131554,
-118.3505286,34.06232452,71035,8812314,2019,2019-02-28T00:00:00.000Z,1942,2019-01-30T00:00:00.000Z,1800,41804,735,3,5,7,1942,0,0,0,G,0,7A64,WILSHIRE BL,RIDGELEY DR,5,W,N,A,-,N,,0,0,,,0,,,,N,3,0,1,2,A,-,9,21804,A,F,B,G,A,A,H,-,C,A,0,,Y,,,Y,,L,4,0,1,0,0,0,0,1,0,0,- ,- ,0,0,2100,1,LOS ANGELES,LOS ANGELES,CA,-118.3505286,34.06232452,"WILSHIRE BLVD & RIDGELEY DR, LOS ANGELES, CA",WILSHIRE BLVD,RIDGELEY DR,112809,
-118.4626322,34.04804611,71036,8812318,2019,2019-02-28T00:00:00.000Z,1942,2019-01-31T00:00:00.000Z,2000,41054,842,4,5,7,1942,0,0,0,H,0,8A53,GRANVILLE AV,WILSHIRE BL,0,,Y,C,-,N,,0,0,,,0,,,,N,4,0,1,2,A,-,10,21950,A,F,G,B,B,B,H,-,C,A,0,Y,,,,Y,,-,99,0,0,1,0,1,0,0,0,0,- ,- ,0,0,2100,1,LOS ANGELES,LOS ANGELES,CA,-118.4626322,34.04804611,"GRANVILLE AVE & WILSHIRE BLVD, LOS ANGELES, CA",GRANVILLE AVE,WILSHIRE BLVD,103811,
-118.3586521,34.04394531,71037,8813201,2019,2019-03-07T00:00:00.000Z,1942,2019-01-31T00:00:00.000Z,1915,39022,773,4,5,7,1942,0,0,0,G,0,7A73,VENICE BL,HAUSER BL,0,,Y,B,-,N,,0,0,,,0,,,,Y,4,0,5,2,A,-,9,21801,A,N,A,C,A,A,H,-,C,A,0,,,,,Y,,A,1,0,0,5,0,0,0,0,0,0,- ,- ,0,0,2100,1,LOS ANGELES,LOS ANGELES,CA,-118.3586521,34.04394531,"VENICE BLVD & HAUSER BLVD, LOS ANGELES, CA",VENICE BLVD,HAUSER BLVD,142047,
-118.2786658,33.77201462,71038,8813977,2019,2019-03-07T00:00:00.000Z,1942,2019-01-28T00:00:00.000Z,1830,39745,524,1,5,7,1942,0,0,0,E,0,5A25,FIGUEROA ST,HARRY BRIDGES BL,255,N,N,A,-,N,,0,0,,,0,,,,N,0,0,0,1,C,-,18,0,,N,E,J,A,A,B,-,D,D,0,,,,,Y,,-,- ,0,0,0,0,0,0,0,0,0,- ,- ,0,0,2100,1,LOS ANGELES,LOS ANGELES,CA,-118.2786658,33.77201462,"FIGUEROA ST & HARRY BRIDGES BLVD, LOS ANGELES, CA",FIGUEROA ST,HARRY BRIDGES BLVD,117208,
-118.2565221,33.98000336,71039,8813063,2019,2019-04-12T00:00:00.000Z,1942,2019-01-31T00:00:00.000Z,2030,43585,1395,4,5,7,1942,0,0,0,M,0,13A85,CENTRAL AV,66TH ST,0,,Y,A,-,N,,0,0,,,0,,,,Y,2,0,2,2,A,-,9,21804,A,N,D,C,A,A,H,-,B,D,0,,,,,Y,,A,1,1,0,1,0,0,0,0,0,0,- ,- ,0,0,2100,1,LOS ANGELES,LOS ANGELES,CA,-118.2565221,33.98000336,"CENTRAL AVE & 66TH ST,, CA",CENTRAL AVE,66TH ST,151823,
-118.2040195,34.0572052,71040,8814332,2019,2019-03-12T00:00:00.000Z,1942,2019-01-08T00:00:00.000Z,1913,38233,443,2,5,7,1942,0,0,0,D,0,4A15,CORNWELL ST,CHARLOTTE,50,S,N,A,-,N,,0,0,,,0,,,,N,0,0,0,2,A,-,8,22107,,M,B,E,A,A,H,-,C,D,0,,,,,Y,,-,99,0,0,0,0,0,0,0,0,0,- ,- ,0,0,2100,1,LOS ANGELES,LOS ANGELES,CA,-118.2040195,34.0572052,"CORNWELL ST & CHARLOTTE ST, LOS ANGELES, CA",CORNWELL ST,CHARLOTTE ST,96546,
-118.5360522,34.19560623,71041,8814628,2019,2019-03-05T00:00:00.000Z,1942,2019-01-17T00:00:00.000Z,1925,42875,LAPD,4,5,7,1942,0,0,0,,0,1035,RESEDA,BASSETT ST,25,S,N,A,-,N,,0,0,,,0,,,,Y,4,0,3,2,A,-,9,21804,A,N,D,C,A,A,H,-,C,D,0,,,,,Y,,A,1,0,0,3,0,0,0,0,0,0,- ,- ,0,0,2100,1,LOS ANGELES,LOS ANGELES,CA,-118.5360522,34.19560623,"RESEDA BLVD & BASSETT ST, LOS ANGELES, CA",RESEDA BLVD,BASSETT ST,133336,
-118.2196121,34.0334053,71042,8814966,2019,2019-03-13T00:00:00.000Z,1942,2019-01-28T00:00:00.000Z,1810,37852,462,1,5,7,1942,0,0,0,D,0,4A71,EAST 7TH ST,S BOYLE AV,0,,Y,A,-,N,,0,0,,,0,,,,N,3,0,1,2,A,-,10,21950,A,N,G,B,B,A,H,-,C,A,0,Y,,,,Y,,D,22,0,1,0,0,1,0,0,0,0,- ,- ,0,0,2100,1,LOS ANGELES,LOS ANGELES,CA,-118.2196121,34.0334053,"7TH ST & BOYLE AVE, LOS ANGELES, CA",7TH ST,BOYLE AVE,110566,
-118.383445,34.21438217,71043,8815462,2019,2019-03-13T00:00:00.000Z,1942,2019-01-28T00:00:00.000Z,1800,41093,1685,1,5,7,1942,0,0,0,P,0,16A81,BECK AV,N ARMINTA ST,188,N,N,A,-,N,,0,0,,,0,,,,Y,0,0,0,3,A,-,1,23152,B,N,C,E,A,A,H,-,C,D,0,,,,,Y,Y,-,- ,0,0,0,0,0,0,0,0,0,- ,- ,0,0,2100,1,LOS ANGELES,LOS ANGELES,CA,-118.383445,34.21438217,"BECK AVE & ARMINTA ST, LOS ANGELES, CA",BECK AVE,ARMINTA ST,139812,
-118.2627677,34.08357239,71044,8815472,2019,2019-03-12T00:00:00.000Z,1942,2019-01-19T00:00:00.000Z,2030,40164,1172,6,5,7,1942,0,0,0,K,0,24TL56,MOHAWK ST,MAYBERRY ST,10,S,N,A,-,N,,0,0,,,0,,,,N,0,0,0,2,A,-,8,22107,,M,B,E,A,A,H,-,C,D,0,,,,,Y,,-,99,0,0,0,0,0,0,0,0,0,- ,- ,0,0,2100,1,LOS ANGELES,LOS ANGELES,CA,-118.2627677,34.08357239,"MOHAWK ST & MAYBERRY ST, LOS ANGELES, CA",MOHAWK ST,MAYBERRY ST,135807,
-118.2113105,34.09097672,71045,8815484,2019,2019-03-12T00:00:00.000Z,1942,2019-01-22T00:00:00.000Z,2010,38233,1179,2,5,7,1942,0,0,0,K,0,11A89,NORTH FIGUEROA ST,PASADENA AV,15,N,N,A,-,N,,0,0,,,0,,,,N,0,0,0,2,A,-,8,22107,,M,B,C,A,A,H,-,C,D,0,,,,,Y,,-,99,0,0,0,0,0,0,0,0,0,- ,- ,0,0,2100,1,LOS ANGELES,LOS ANGELES,CA,-118.2113105,34.09097672,"FIGUEROA ST & PASADENA AVE, LOS ANGELES, CA",FIGUEROA ST,PASADENA AVE,111329,
-118.3595195,34.02990723,71046,8816358,2019,2019-03-13T00:00:00.000Z,1942,2019-01-24T00:00:00.000Z,1850,43254,311,4,5,7,1942,0,0,0,C,0,3A74,CARLIN ST,COCHRAN AV,15,W,N,A,-,N,,0,0,,,0,,,,Y,0,0,0,2,A,-,3,22350,,M,B,C,A,A,H,-,C,D,0,,,,,Y,,-,99,0,0,0,0,0,0,0,0,0,- ,- ,0,0,2100,1,LOS ANGELES,LOS ANGELES,CA,-118.3595195,34.02990723,"CARLIN ST & COCHRAN AVE, LOS ANGELES, CA",CARLIN ST,COCHRAN AVE,134942,
-118.4478422,34.04076386,71047,8816647,2019,2019-03-12T00:00:00.000Z,1942,2019-01-22T00:00:00.000Z,1810,42582,882,2,5,7,1942,0,0,0,H,0,8A53,S BUTLER AV,MISSOURI AV,0,,Y,A,-,N,,0,0,,,0,,,,N,4,0,1,2,A,-,21,22106,,N,D,G,A,A,H,-,D,A,0,,Y,,,Y,,A,7,0,0,1,0,0,0,1,0,0,- ,- ,0,0,2100,1,LOS ANGELES,LOS ANGELES,CA,-118.4478422,34.04076385,"BUTLER AVE & MISSOURI AVE, LOS ANGELES, CA",BUTLER AVE,MISSOURI AVE,128449,
-118.4713713,33.98661041,71048,8816650,2019,2019-03-14T00:00:00.000Z,1942,2019-01-27T00:00:00.000Z,1840,41785,1431,7,5,7,1942,0,0,0,N,0,14A28,PACIFIC AV,18TH AV,11,S,N,A,-,N,,0,0,,,0,,,,N,4,0,1,2,A,-,4,21703,,N,C,C,A,A,H,-,C,D,0,,,,,Y,,A,1,0,0,1,0,0,0,0,0,0,- ,- ,0,0,2100,1,LOS ANGELES,LOS ANGELES,CA,-118.4713713,33.98661041,"PACIFIC AVE & 18TH AVE, LOS ANGELES, CA",PACIFIC AVE,18TH AVE,117701,
-118.4412921,34.03818512,71049,8816655,2019,2019-03-12T00:00:00.000Z,1942,2019-01-26T00:00:00.000Z,1930,37511,882,6,5,7,1942,0,0,0,H,0,8A53,SAWTELLE BL,W OLYMPIC BL,0,,Y,A,-,N,,0,0,,,0,,,,N,4,0,1,2,A,-,9,21801,A,N,A,C,A,A,H,-,C,A,0,,,Y,,Y,,A,1,0,0,1,0,0,0,0,0,1,- ,- ,0,0,2100,1,LOS ANGELES,LOS ANGELES,CA,-118.4412921,34.03818512,"SAWTELLE BLVD & OLYMPIC BLVD, LOS ANGELES, CA",SAWTELLE BLVD,OLYMPIC BLVD,139396,
-118.4243,34.01719666,71050,8816662,2019,2019-03-14T00:00:00.000Z,1942,2019-01-29T00:00:00.000Z,2030,42273,1436,2,5,7,1942,0,0,0,N,0,14A25,SAWTELLE BL,WESTMINSTER AV,200,N,N,A,-,N,,0,0,,,0,,,,Y,4,0,2,2,A,-,9,21804,A,N,D,C,A,A,H,-,C,D,0,,,,,Y,,A,1,0,0,2,0,0,0,0,0,0,- ,- ,0,0,2100,1,LOS ANGELES,LOS ANGELES,CA,-118.4243,34.01719666,"SAWTELLE BLVD & WESTMINSTER AVE, LOS ANGELES, CA",SAWTELLE BLVD,WESTMINSTER AVE,125022,
-118.4364254,34.04930115,71051,8816667,2019,2019-03-12T00:00:00.000Z,1942,2019-01-21T00:00:00.000Z,1810,38961,835,1,5,7,1942,0,0,0,,0,8A29,WESTWOOD BL,SANTA MONICA BL,250,S,N,A,G,N,,0,0,,,0,,,,N,4,0,1,1,A,-,3,22350,,N,H,I,A,A,H,-,C,D,0,,,Y,,Y,,C,3,0,0,1,0,0,0,0,0,1,- ,- ,0,0,2100,1,LOS ANGELES,LOS ANGELES,CA,-118.4364254,34.04930115,"WESTWOOD BLVD & SANTA MONICA BLVD, LOS ANGELES, CA",WESTWOOD BLVD,SANTA MONICA BLVD,111314,
-118.4119821,34.05847549,71052,8816674,2019,2019-04-05T00:00:00.000Z,1942,2019-01-08T00:00:00.000Z,1800,43302,839,2,5,7,1942,0,0,0,H,0,8A1,OLYMPIC BL,CENTURY PARK EAST,0,,Y,A,-,N,,0,0,,,0,,,,N,4,0,1,2,A,-,7,21658,,N,B,C,A,A,H,-,C,A,0,,,,,Y,,A,1,0,0,1,0,0,0,0,0,0,- ,- ,0,0,2100,1,LOS ANGELES,LOS ANGELES,CA,-118.4119821,34.05847549,"OLYMPIC BLVD & CENTURY PARK E, LOS ANGELES, CA",OLYMPIC BLVD,CENTURY PARK E,121761,
-118.4541321,34.04460907,71053,8816691,2019,2019-03-12T00:00:00.000Z,1942,2019-01-18T00:00:00.000Z,1950,42662,852,5,5,7,1942,0,0,0,H,0,8A53,SANTA MONICA BL,FEDERAL AV,50,W,N,A,-,N,,0,0,,,0,,,,Y,3,0,1,2,A,-,8,22107,,N,B,C,A,A,H,-,C,D,0,,,Y,,Y,,A,1,0,1,0,0,0,0,0,0,1,- ,- ,0,0,2100,1,LOS ANGELES,LOS ANGELES,CA,-118.4541321,34.04460907,"SANTA MONICA BLVD & FEDERAL AVE, LOS ANGELES, CA",SANTA MONICA BLVD,FEDERAL AVE,110820,
-118.4330421,33.97597504,71054,8816711,2019,2019-03-12T00:00:00.000Z,1942,2019-01-28T00:00:00.000Z,1925,38088,1454,1,5,7,1942,0,0,0,N,0,14X56,CULVER BL,LINCOLN,0,,Y,A,-,N,,0,0,,,0,,,,N,3,0,1,2,A,-,7,21658,A,N,D,C,A,A,H,-,C,D,0,,,,,Y,,A,7,0,1,0,0,0,0,0,0,0,- ,NO,0,0,2100,1,LOS ANGELES,LOS ANGELES,CA,-118.4330421,33.97597504,"CULVER BLVD & LINCOLN BLVD, LOS ANGELES, CA",CULVER BLVD,LINCOLN BLVD,158705,
-118.4546794,34.06653214,71055,8816727,2019,2019-03-08T00:00:00.000Z,1942,2019-01-21T00:00:00.000Z,1915,43323,816,1,5,7,1942,0,0,0,H,0,8A36,VETERAN AV,LEVERING AV,100,S,N,A,-,N,,0,0,,,0,,,,Y,4,0,1,1,A,-,3,22350,,N,H,J,A,A,C,-,C,A,0,,,,,Y,,A,1,0,0,1,0,0,0,0,0,0,- ,- ,0,0,2100,1,LOS ANGELES,LOS ANGELES,CA,-118.4546794,34.06653214,"VETERAN AVE & LEVERING AVE, LOS ANGELES, CA",VETERAN AVE,LEVERING AVE,135265,
-118.4895627,34.05633545,71056,8816735,2019,2019-03-08T00:00:00.000Z,1942,2019-01-21T00:00:00.000Z,2050,42451,824,1,5,7,1942,0,0,0,H,0,8A1,SUNSET BL,BRISTOL AV,212,W,N,A,-,N,,0,0,,,0,,,,N,0,0,0,1,C,-,18,0,,N,E,J,A,A,H,-,C,D,0,,,,,Y,,-,- ,0,0,0,0,0,0,0,0,0,- ,- ,0,0,2100,1,LOS ANGELES,LOS ANGELES,CA,-118.4895627,34.05633545,"SUNSET BLVD & BRISTOL CIR, LOS ANGELES, CA",SUNSET BLVD,BRISTOL CIR,124852,
-118.4103992,34.02230072,71057,8816767,2019,2019-03-08T00:00:00.000Z,1942,2019-01-23T00:00:00.000Z,2000,41210,1438,3,5,7,1942,0,0,0,N,0,7T23,CHARNOCK RD,OVERLAND AV,148,W,N,A,-,N,,0,0,,,0,,,,Y,0,0,0,4,A,-,1,23152,A,N,B,E,A,A,H,-,C,D,0,,,,,Y,Y,A,7,0,0,0,0,0,0,0,0,0,- ,- ,0,0,2100,1,LOS ANGELES,LOS ANGELES,CA,-118.4103992,34.02230072,"CHARNOCK RD & OVERLAND AVE, LOS ANGELES, CA",CHARNOCK RD,OVERLAND AVE,117964,
-118.4752623,34.19391251,71058,8818121,2019,2019-03-25T00:00:00.000Z,1942,2019-01-26T00:00:00.000Z,1820,39223,1029,6,5,7,1942,0,0,0,J,0,10X18,VANOWEN ST,HASKELL AV,100,W,N,A,-,N,,0,0,,,0,,,,N,0,0,0,2,A,-,8,22107,,M,B,C,A,A,H,-,C,D,0,,,,,Y,,-,99,0,0,0,0,0,0,0,0,0,- ,- ,0,0,2100,1,LOS ANGELES,LOS ANGELES,CA,-118.4752623,34.19391251,"VANOWEN ST & HASKELL AVE, LOS ANGELES, CA",VANOWEN ST,HASKELL AVE,150608,