X,Y,OBJECTID,case_id,accident_year,proc_date,juris,collision_date,collision_time,officer_id,reporting_district,day_of_week,chp_shift,population,cnty_city_loc,special_cond,beat_type,chp_beat_type,city_division_lapd,chp_beat_class,beat_number,primary_rd,secondary_rd,distance,direction,intersection,weather_1,weather_2,state_hwy_ind,caltrans_county,caltrans_district,state_route,route_suffix,postmile_prefix,postmile,location_type,ramp_intersection,side_of_hwy,tow_away,collision_severity,number_killed,number_injured,party_count,primary_coll_factor,pcf_code_of_viol,pcf_viol_category,pcf_violation,pcf_viol_subsection,hit_and_run,type_of_collision,mviw,ped_action,road_surface,road_cond_1,road_cond_2,lighting,control_device,chp_road_type,pedestrian_accident,bicycle_accident,motorcycle_accident,truck_accident,not_private_property,alcohol_involved,stwd_vehtype_at_fault,chp_vehtype_at_fault,count_severe_inj,count_visible_inj,count_complaint_pain,count_ped_killed,count_ped_injured,count_bicyclist_killed,count_bicyclist_injured,count_mc_killed,count_mc_injured,primary_ramp,secondary_ramp,latitude,longitude,timecat,month_,city,county,state,point_x,point_y,match_addr,m_primaryrd,m_secondrd,int_id,Flag
-118.4229182,34.19392395,71059,8818304,2019,2019-03-21T00:00:00.000Z,1942,2019-01-26T00:00:00.000Z,1945,40353,919,6,5,7,1942,0,0,0,I,0,9A19,VANOWEN ST,FULTON AV,108,W,N,A,-,N,,0,0,,,0,,,,N,0,0,0,2,A,-,8,22107,,M,B,C,A,A,H,-,C,D,0,,,,,Y,,-,99,0,0,0,0,0,0,0,0,0,- ,- ,0,0,2100,1,LOS ANGELES,LOS ANGELES,CA,-118.4229182,34.19392395,"VANOWEN ST & FULTON AVE, LOS ANGELES, CA",VANOWEN ST,FULTON AVE,102126,
-118.3116597,34.25965881,71060,8821438,2019,2019-03-21T00:00:00.000Z,1942,2019-01-18T00:00:00.000Z,2020,42356,1656,5,5,7,1942,0,0,0,P,0,16A35,FOOTHILL BL,MCVINE AV,78,W,N,A,-,N,,0,0,,,0,,,,Y,0,0,0,2,A,-,8,22107,,M,A,C,A,A,H,-,C,A,0,,,,,Y,,-,99,0,0,0,0,0,0,0,0,0,- ,- ,0,0,2100,1,LOS ANGELES,LOS ANGELES,CA,-118.3116597,34.25965881,"FOOTHILL BLVD & MCVINE AVE, LOS ANGELES, CA",FOOTHILL BLVD,MCVINE AVE,108882,
-118.4103065,34.20953369,71061,8821468,2019,2019-03-25T00:00:00.000Z,1942,2019-01-31T00:00:00.000Z,2025,39868,1502,4,5,7,1942,0,0,0,O,0,15A39,BELLAIRE AV,WIXOM ST,400,S,N,A,-,N,,0,0,,,0,,,,Y,3,0,1,2,A,-,0,23124,6,M,B,E,A,A,H,-,C,D,0,,,,,Y,,A,1,0,1,0,0,0,0,0,0,0,- ,- ,0,0,2100,1,LOS ANGELES,LOS ANGELES,CA,-118.4103065,34.20953369,"BELLAIRE AVE & WIXOM ST, LOS ANGELES, CA",BELLAIRE AVE,WIXOM ST,125561,
-118.2748722,34.07251358,71062,8821488,2019,2019-05-08T00:00:00.000Z,1942,2019-01-16T00:00:00.000Z,1810,43400,233,3,5,7,1942,0,0,0,,0,2A2,W TEMPLE ST,RAMPART BL,0,,Y,C,-,N,,0,0,,,0,,,,N,2,0,1,2,A,-,12,21453,A,N,A,G,A,B,H,-,C,A,0,,Y,,,Y,,-,- ,1,0,0,0,0,0,1,0,0,- ,- ,0,0,2100,1,LOS ANGELES,LOS ANGELES,CA,-118.2748722,34.07251358,"TEMPLE ST & RAMPART BLVD, LOS ANGELES, CA",TEMPLE ST,RAMPART BLVD,97315,
-118.1780649,34.08135986,71063,8821520,2019,2019-03-25T00:00:00.000Z,1942,2019-01-31T00:00:00.000Z,1850,41574,427,4,5,7,1942,0,0,0,D,0,4A78,N EASTERN AV,GAMBIER ST,122,N,N,A,-,N,,0,0,,,0,,,,Y,3,0,2,2,A,-,9,21804,A,N,D,C,A,A,-,-,C,-,0,,,,,Y,,A,7,0,1,1,0,0,0,0,0,0,- ,- ,0,0,2100,1,LOS ANGELES,LOS ANGELES,CA,-118.1780649,34.08135986,"EASTERN AVE & GAMBIER ST, LOS ANGELES, CA",EASTERN AVE,GAMBIER ST,111453,
-118.2643678,34.05939865,71064,8821605,2019,2019-04-09T00:00:00.000Z,1942,2019-01-16T00:00:00.000Z,1900,30892,248,3,5,7,1942,0,0,0,B,0,3L90,3RD ST,COLUMBIA AV,15,E,N,C,-,N,,0,0,,,0,,,,N,0,0,0,2,A,-,0,20015,A,M,C,C,A,B,H,-,C,A,0,,,,,Y,,-,99,0,0,0,0,0,0,0,0,0,- ,- ,0,0,2100,1,LOS ANGELES,LOS ANGELES,CA,-118.2643678,34.05939865,"3RD ST & COLUMBIA AVE, LOS ANGELES, CA",3RD ST,COLUMBIA AVE,124586,
-118.2896498,34.07632065,71065,8821653,2019,2019-03-22T00:00:00.000Z,1942,2019-01-18T00:00:00.000Z,1900,34592,212,5,5,7,1942,0,0,0,B,0,20L90,BEVERLY BL,MADISON AV,60,W,N,A,-,N,,0,0,,,0,,,,N,0,0,0,2,A,-,0,20015,A,M,C,C,A,A,H,-,C,D,0,,,,,Y,,-,99,0,0,0,0,0,0,0,0,0,- ,- ,0,0,2100,1,LOS ANGELES,LOS ANGELES,CA,-118.2896498,34.07632065,"BEVERLY BLVD & MADISON AVE, LOS ANGELES, CA",BEVERLY BLVD,MADISON AVE,100587,
-118.2786021,34.07025528,71066,8821673,2019,2019-03-22T00:00:00.000Z,1942,2019-01-03T00:00:00.000Z,1840,43572,215,4,5,7,1942,0,0,0,B,0,11A1,LAFAYETTE PARK PL,BEVERLY BL,0,,Y,A,-,N,,0,0,,,0,,,,N,0,0,0,2,A,-,21,22106,,M,D,C,A,A,-,-,C,D,0,,,,,Y,Y,A,1,0,0,0,0,0,0,0,0,0,- ,- ,0,0,2100,1,LOS ANGELES,LOS ANGELES,CA,-118.2786021,34.07025528,"LA FAYETTE PARK PL & BEVERLY BLVD, LOS ANGELES, CA",LA FAYETTE PARK PL,BEVERLY BLVD,143012,
-118.2386422,34.03500366,71067,8823805,2019,2019-03-26T00:00:00.000Z,1942,2019-01-17T00:00:00.000Z,1820,33130,1307,4,5,7,1942,0,0,0,M,0,13A9,EAST 7TH ST,S ALAMEDA ST,0,,Y,A,-,N,,0,0,,,0,,,,N,3,0,1,2,A,-,11,21955,,F,G,B,D,A,H,-,B,D,0,Y,,,,Y,Y,N,60,0,1,0,0,1,0,0,0,0,- ,- ,0,0,2100,1,LOS ANGELES,LOS ANGELES,CA,-118.2386422,34.03500366,"7TH ST & ALAMEDA ST, LOS ANGELES, CA",7TH ST,ALAMEDA ST,149181,
-118.3351221,34.00846481,71068,8825671,2019,2019-03-28T00:00:00.000Z,1942,2019-01-10T00:00:00.000Z,2045,39678,393,4,5,7,1942,0,0,0,C,0,383,CRENSHAW BL,STOCKER ST,0,,Y,A,-,N,,0,0,,,0,,,,Y,4,0,1,3,A,-,9,21801,A,N,A,C,A,A,H,-,C,A,0,,,,,Y,,A,1,0,0,1,0,0,0,0,0,0,- ,- ,0,0,2100,1,LOS ANGELES,LOS ANGELES,CA,-118.3351221,34.00846481,"CRENSHAW BLVD & STOCKER ST, LOS ANGELES, CA",CRENSHAW BLVD,STOCKER ST,105898,
-118.3327921,34.03676605,71069,8827755,2019,2019-04-04T00:00:00.000Z,1942,2019-01-29T00:00:00.000Z,1814,43508,702,2,5,7,1942,0,0,0,G,0,7Z4,CRENSHAW BL,23RD ST,0,,Y,A,-,N,,0,0,,,0,,,,Y,4,0,2,2,A,-,8,22107,,N,A,C,A,A,H,-,C,D,0,,,,,Y,,A,1,0,0,2,0,0,0,0,0,0,- ,- ,0,0,2100,1,LOS ANGELES,LOS ANGELES,CA,-118.3327921,34.03676605,"CRENSHAW BLVD & 23RD ST, LOS ANGELES, CA",CRENSHAW BLVD,23RD ST,138539,
-118.3761921,34.05238342,71070,8827759,2019,2019-05-02T00:00:00.000Z,1942,2019-01-24T00:00:00.000Z,1951,43270,762,4,5,7,1942,0,0,0,G,0,7A53,S LA CIENEGA BL,ALCOTT ST,0,,Y,A,-,N,,0,0,,,0,,,,Y,4,0,1,2,A,-,9,21801,A,N,D,C,A,A,H,-,C,D,0,,,,,Y,,A,1,0,0,1,0,0,0,0,0,0,- ,- ,0,0,2100,1,LOS ANGELES,LOS ANGELES,CA,-118.3761921,34.05238342,"LA CIENEGA BLVD & ALCOTT ST, LOS ANGELES, CA",LA CIENEGA BLVD,ALCOTT ST,99891,
-118.3442121,34.05033493,71071,8830244,2019,2019-03-27T00:00:00.000Z,1942,2019-01-19T00:00:00.000Z,1840,38244,765,6,5,7,1942,0,0,0,G,0,7A84,SAN VICENTE BL,LA BREA AV,0,,Y,A,-,N,,0,0,,,0,,,,N,3,0,1,2,A,-,8,22107,,F,B,C,A,A,H,-,C,A,0,,,Y,,Y,,-,99,0,1,0,0,0,0,0,0,1,- ,- ,0,0,2100,1,LOS ANGELES,LOS ANGELES,CA,-118.3442121,34.05033493,"SAN VICENTE BLVD & LA BREA AVE, LOS ANGELES, CA",SAN VICENTE BLVD,LA BREA AVE,102253,
-118.2574196,34.01984406,71072,8830257,2019,2019-03-27T00:00:00.000Z,1942,2019-01-25T00:00:00.000Z,1830,42930,,5,5,7,1942,0,0,0,,0,13X28,ADAMS,GRIFFITH,25,E,N,A,-,N,,0,0,,,0,,,,N,4,0,1,3,A,-,3,22350,,N,C,C,A,A,H,-,C,D,0,,,,,Y,,A,1,0,0,1,0,0,0,0,0,0,- ,- ,0,0,2100,1,LOS ANGELES,LOS ANGELES,CA,-118.2574196,34.01984406,"ADAMS BLVD & GRIFFITH AVE,, CA",ADAMS BLVD,GRIFFITH AVE,145564,
-118.2411921,34.03677368,71073,8830272,2019,2019-03-27T00:00:00.000Z,1942,2019-01-31T00:00:00.000Z,1850,43408,1307,4,5,7,1942,0,0,0,M,0,13A28,7TH ST,CENTRAL AV,0,,Y,B,-,N,,0,0,,,0,,,,N,4,0,2,2,A,-,12,21453,A,N,D,C,A,A,H,-,C,A,0,,,,,Y,,A,1,0,0,2,0,0,0,0,0,0,- ,- ,0,0,2100,1,LOS ANGELES,LOS ANGELES,CA,-118.2411921,34.03677368,"7TH ST & CENTRAL AVE, LOS ANGELES, CA",7TH ST,CENTRAL AVE,140789,
-118.3371584,34.08345413,71074,8830274,2019,2019-03-27T00:00:00.000Z,1942,2019-01-16T00:00:00.000Z,1825,33757,706,3,5,7,1942,0,0,0,G,0,7A17,MELROSE AV,MC CADDEN PL,80,E,N,C,-,N,,0,0,,,0,,,,N,0,0,0,2,A,-,3,22350,,M,C,C,A,B,H,-,C,D,0,,,,,Y,,-,99,0,0,0,0,0,0,0,0,0,- ,- ,0,0,2100,1,LOS ANGELES,LOS ANGELES,CA,-118.3371584,34.08345413,"MELROSE AVE & MCCADDEN PL, LOS ANGELES, CA",MELROSE AVE,MCCADDEN PL,149817,
-118.2418022,34.03721619,71075,8830280,2019,2019-03-27T00:00:00.000Z,1942,2019-01-24T00:00:00.000Z,1815,40611,1307,4,5,7,1942,0,0,0,M,0,13X31,7TH ST,MERCHANT ST,0,,Y,A,-,N,,0,0,,,0,,,,N,4,0,1,2,A,-,9,21801,,N,D,G,A,A,H,-,C,D,0,,Y,,,Y,,A,1,0,0,1,0,0,0,1,0,0,- ,- ,0,0,2100,1,LOS ANGELES,LOS ANGELES,CA,-118.2418022,34.03721619,"7TH ST & MERCHANT ST, LOS ANGELES, CA",7TH ST,MERCHANT ST,138610,
-118.3490811,34.0573616,71076,8830286,2019,2019-03-27T00:00:00.000Z,1942,2019-01-15T00:00:00.000Z,1925,42549,745,2,5,7,1942,0,0,0,G,0,7A47W3,COCHRAN AV,OLYMPIC BL,30,N,N,C,-,N,,0,0,,,0,,,,N,0,0,0,2,A,-,9,21801,A,M,D,C,A,B,H,-,C,A,0,,,,,Y,,A,1,0,0,0,0,0,0,0,0,0,- ,- ,0,0,2100,1,LOS ANGELES,LOS ANGELES,CA,-118.3490811,34.0573616,"COCHRAN AVE & OLYMPIC BLVD, LOS ANGELES, CA",COCHRAN AVE,OLYMPIC BLVD,113959,
-118.2700821,34.03746414,71077,8830294,2019,2019-03-27T00:00:00.000Z,1942,2019-01-31T00:00:00.000Z,1830,36120,191,4,5,7,1942,0,0,0,,0,2A68,VENICE BL,FIGUEROA ST,0,,Y,A,-,N,,0,0,,,0,,,,N,0,0,0,2,A,-,7,21658,A,M,B,C,A,A,H,-,C,A,0,,,,,Y,Y,-,- ,0,0,0,0,0,0,0,0,0,- ,- ,0,0,2100,1,LOS ANGELES,LOS ANGELES,CA,-118.2700821,34.03746414,"VENICE BLVD & FIGUEROA ST, LOS ANGELES, CA",VENICE BLVD,FIGUEROA ST,124652,
-118.2954522,34.07270432,71078,8830302,2019,2019-03-27T00:00:00.000Z,1942,2019-01-05T00:00:00.000Z,1955,38090,2017,6,5,7,1942,0,0,0,,0,20A25,W 1ST ST,CATALINA ST,0,E,N,C,-,N,,0,0,,,0,,,,N,0,0,0,2,A,-,3,22350,,M,B,E,A,B,H,-,C,D,0,,,,,Y,,-,99,0,0,0,0,0,0,0,0,0,- ,- ,0,0,2100,1,LOS ANGELES,LOS ANGELES,CA,-118.2954522,34.07270432,"1ST ST & CATALINA ST, LOS ANGELES, CA",1ST ST,CATALINA ST,118257,
-118.3232021,34.05177307,71079,8830318,2019,2019-03-27T00:00:00.000Z,1942,2019-01-12T00:00:00.000Z,1810,42956,759,6,5,7,1942,0,0,0,G,0,7A84,BRONSON AV,COUNTRY CLUB DR,0,,Y,A,-,N,,0,0,,,0,,,,N,0,0,0,2,A,-,6,21750,A,M,B,C,A,A,H,-,C,D,0,,,,,Y,,-,99,0,0,0,0,0,0,0,0,0,- ,- ,0,0,2100,1,LOS ANGELES,LOS ANGELES,CA,-118.3232021,34.05177307,"BRONSON AVE & COUNTRY CLUB DR, LOS ANGELES, CA",BRONSON AVE,COUNTRY CLUB DR,128081,
-118.2620121,34.01361466,71081,8838676,2019,2019-04-15T00:00:00.000Z,1942,2019-01-17T00:00:00.000Z,1822,42224,NEWT,4,5,7,1942,0,0,0,,0,13X94,36TH ST,GRIFFITH AV,0,,Y,A,-,N,,0,0,,,0,,,,N,4,0,1,2,A,-,10,21950,A,N,G,B,B,B,H,-,C,A,0,Y,,,,Y,,A,7,0,0,1,0,1,0,0,0,0,- ,- ,0,0,2100,1,LOS ANGELES,LOS ANGELES,CA,-118.2620121,34.01361465,"36TH ST & GRIFFITH AVE, LOS ANGELES, CA",36TH ST,GRIFFITH AVE,138390,
-118.2521421,34.00021362,71082,8839021,2019,2019-04-12T00:00:00.000Z,1942,2019-01-14T00:00:00.000Z,1830,43103,1365,1,5,7,1942,0,0,0,M,0,13X28,HOOPER AV,48TH ST,0,,N,C,-,N,,0,0,,,0,,,,N,0,0,0,2,A,-,- ,0,,M,B,E,A,B,H,-,C,D,0,,,,,Y,,-,99,0,0,0,0,0,0,0,0,0,- ,- ,0,0,2100,1,LOS ANGELES,LOS ANGELES,CA,-118.2521421,34.00021362,"HOOPER AVE & 48TH ST, LOS ANGELES, CA",HOOPER AVE,48TH ST,113845,
-118.456977,34.2012558,71083,8839668,2019,2019-04-17T00:00:00.000Z,1942,2019-01-21T00:00:00.000Z,2050,27806,LA,1,5,7,1942,0,0,0,,0,914,SHERMAN WAY,KESTER AV,150,E,N,A,-,N,,0,0,,,0,,,,N,0,0,0,2,A,-,9,21804,A,M,B,C,A,A,H,-,B,D,0,,,,,Y,,-,99,0,0,0,0,0,0,0,0,0,- ,- ,0,0,2100,1,LOS ANGELES,LOS ANGELES,CA,-118.456977,34.2012558,"SHERMAN WAY & KESTER AVE, LOS ANGELES, CA",SHERMAN WAY,KESTER AVE,126127,
-118.3338351,34.09798431,71084,8850285,2019,2019-05-01T00:00:00.000Z,1942,2019-01-31T00:00:00.000Z,1850,41210,646,4,5,7,1942,0,0,0,,0,8TL35,W SUNSET BL,CASSIL PL,10,W,N,A,-,N,,0,0,,,0,,,,N,0,0,0,2,A,-,5,21460,A,M,B,C,A,A,H,-,C,A,0,,,,,Y,,-,99,0,0,0,0,0,0,0,0,0,- ,- ,0,0,2100,1,LOS ANGELES,LOS ANGELES,CA,-118.3338351,34.09798431,"SUNSET BLVD & CASSIL PL, LOS ANGELES, CA",SUNSET BLVD,CASSIL PL,111385,
-118.3498621,34.08354569,71085,8850691,2019,2019-04-30T00:00:00.000Z,1942,2019-01-22T00:00:00.000Z,1845,42273,702,2,5,7,1942,0,0,0,G,0,7A1,MELROSE AV,FULLER AV,0,,Y,A,-,N,,0,0,,,0,,,,Y,4,0,1,2,A,-,9,21802,A,N,A,C,A,A,H,-,C,A,0,,,Y,,Y,,A,1,0,0,1,0,0,0,0,0,1,- ,- ,0,0,2100,1,LOS ANGELES,LOS ANGELES,CA,-118.3498621,34.08354568,"MELROSE AVE & FULLER AVE, LOS ANGELES, CA",MELROSE AVE,FULLER AVE,142515,
-118.3361621,34.05697632,71086,8850711,2019,2019-04-30T00:00:00.000Z,1942,2019-01-23T00:00:00.000Z,2000,27199,747,3,5,7,1942,0,0,0,G,0,7A47,W OLYMPIC BL,KENISTON AV,0,,Y,A,-,N,,0,0,,,0,,,,N,2,0,1,2,A,-,10,21950,A,N,G,B,B,A,H,-,C,D,0,Y,,,,Y,,A,1,1,0,0,0,1,0,0,0,0,- ,- ,0,0,2100,1,LOS ANGELES,LOS ANGELES,CA,-118.3361621,34.05697632,"OLYMPIC BLVD & KENISTON AVE, LOS ANGELES, CA",OLYMPIC BLVD,KENISTON AVE,131548,
-118.2042885,34.12281799,71087,8855411,2019,2019-05-10T00:00:00.000Z,1942,2019-01-29T00:00:00.000Z,1920,43532,1125,2,5,7,1942,0,0,0,K,0,11A25,N AVE 51,STRATFORD RD,5,N,N,A,-,N,,0,0,,,0,,,,N,4,0,1,2,A,-,8,22107,,N,G,B,B,A,H,-,C,A,0,Y,,,,Y,,A,7,0,0,1,0,1,0,0,0,0,- ,- ,0,0,2100,1,LOS ANGELES,LOS ANGELES,CA,-118.2042885,34.12281799,"AVE 51 & STRATFORD RD, LOS ANGELES, CA",AVE 51,STRATFORD RD,103907,
-118.420357,34.03011322,71116,8648606,2019,2019-02-14T00:00:00.000Z,1942,2019-01-23T00:00:00.000Z,2210,40010,1428,3,5,7,1942,0,0,0,N,0,14A27,WESTWOOD BL,GLENDON AV,54,S,N,A,-,N,,0,0,,,0,,,,Y,1,1,0,1,A,-,3,22350,,N,E,I,A,A,H,-,D,D,0,,,,,Y,,D,22,0,0,0,0,0,0,0,0,0,- ,- ,0,0,2400,1,LOS ANGELES,LOS ANGELES,CA,-118.420357,34.03011322,"WESTWOOD BLVD & GLENDON AVE, LOS ANGELES, CA",WESTWOOD BLVD,GLENDON AVE,104223,
-118.2616694,33.79108429,71117,8778219,2019,2019-03-08T00:00:00.000Z,1942,2019-01-02T00:00:00.000Z,2130,41844,517,3,5,7,1942,0,0,0,E,0,5A17,BROAD AV,PACIFIC COAST HWY,66,S,N,A,-,Y,LA,7,1,-,-,10.436,I,6,S,Y,4,0,1,1,A,-,1,23152,A,N,E,I,A,A,H,-,C,D,0,,,,,Y,Y,A,1,0,0,1,0,0,0,0,0,0,- ,- ,0,0,2400,1,LOS ANGELES,LOS ANGELES,CA,-118.2616694,33.79108429,"BROAD AVE & PACIFIC COAST HWY, LOS ANGELES, CA",BROAD AVE,PACIFIC COAST HWY,116147,
-118.2610225,34.04074478,71118,8779372,2019,2019-02-21T00:00:00.000Z,1942,2019-01-08T00:00:00.000Z,2100,42129,182,2,5,7,1942,0,0,0,A,0,1A61,OLIVE ST,11TH ST,50,S,N,A,-,N,,0,0,,,0,,,,Y,0,0,0,1,C,-,18,0,,N,E,I,A,A,C,-,C,D,0,,,,,Y,,-,- ,0,0,0,0,0,0,0,0,0,- ,- ,0,0,2400,1,LOS ANGELES,LOS ANGELES,CA,-118.2610225,34.04074478,"OLIVE ST & 11TH ST, LOS ANGELES, CA",OLIVE ST,11TH ST,121156,
-118.5018122,34.21871567,71119,8786121,2019,2019-02-13T00:00:00.000Z,1942,2019-01-03T00:00:00.000Z,2225,34561,1008,4,5,7,1942,0,0,0,J,0,10A39,BALBOA BL,BALBOA PL,310,N,N,A,-,N,,0,0,,,0,,,,Y,4,0,1,1,A,-,1,23152,A,N,E,I,A,A,H,-,C,D,0,,,,,Y,,A,1,0,0,1,0,0,0,0,0,0,- ,- ,0,0,2400,1,LOS ANGELES,LOS ANGELES,CA,-118.5018122,34.21871567,"BALBOA BLVD & BALBOA PL, LOS ANGELES, CA",BALBOA BLVD,BALBOA PL,140374,
-118.483329,34.20126343,71120,8793461,2019,2019-03-11T00:00:00.000Z,1942,2019-01-26T00:00:00.000Z,2135,42309,1018,6,5,7,1942,0,0,0,J,0,10A39,SHERMAN WY,WOODLEY AV,110,E,N,B,-,N,,0,0,,,0,,,,Y,2,0,1,1,C,-,18,0,,N,E,I,A,A,H,-,C,D,0,,,,,Y,,-,- ,1,0,0,0,0,0,0,0,0,- ,- ,0,0,2400,1,LOS ANGELES,LOS ANGELES,CA,-118.483329,34.20126343,"SHERMAN WAY & WOODLEY AVE, LOS ANGELES, CA",SHERMAN WAY,WOODLEY AVE,101496,
-118.5357021,34.17995453,71121,8802904,2019,2019-02-21T00:00:00.000Z,1942,2019-01-08T00:00:00.000Z,2300,41316,1043,2,5,7,1942,0,0,0,J,0,10A83,OXNARD ST,RESEDA BL,100,E,N,A,-,N,,0,0,,,0,,,,Y,0,0,0,1,A,-,8,22107,,N,E,I,A,A,H,-,C,D,0,,,,,Y,,A,7,0,0,0,0,0,0,0,0,0,- ,- ,0,0,2400,1,LOS ANGELES,LOS ANGELES,CA,-118.5357021,34.17995453,"OXNARD ST & RESEDA BLVD, LOS ANGELES, CA",OXNARD ST,RESEDA BLVD,129576,
-118.2967375,33.74644852,71122,8803307,2019,2019-02-27T00:00:00.000Z,1942,2019-01-11T00:00:00.000Z,2300,35722,555,5,5,7,1942,0,0,0,,0,5A55,MEYLER ST,OLIVER ST,130,S,N,B,-,N,,0,0,,,0,,,,Y,0,0,0,1,D,-,0,0,,M,E,I,A,D,B,-,D,D,0,,,,,Y,,-,- ,0,0,0,0,0,0,0,0,0,- ,- ,0,0,2400,1,LOS ANGELES,LOS ANGELES,CA,-118.2967375,33.74644852,"MEYLER ST & OLIVER ST, LOS ANGELES, CA",MEYLER ST,OLIVER ST,97327,
-118.3154332,34.0398941,71123,8804873,2019,2019-02-15T00:00:00.000Z,1942,2019-01-18T00:00:00.000Z,2335,42451,2091,5,5,7,1942,0,0,0,,0,20A71,WASHINGTON BL,CIMARRON ST,27,E,N,A,-,N,,0,0,,,0,,,,N,0,0,0,1,A,-,3,22350,,M,E,I,A,A,H,-,C,D,0,,,,,Y,,A,1,0,0,0,0,0,0,0,0,0,- ,- ,0,0,2400,1,LOS ANGELES,LOS ANGELES,CA,-118.3154332,34.0398941,"WASHINGTON BLVD & CIMARRON ST, LOS ANGELES, CA",WASHINGTON BLVD,CIMARRON ST,124567,
-118.3744417,34.24283218,71124,8821426,2019,2019-03-21T00:00:00.000Z,1942,2019-01-28T00:00:00.000Z,2250,41622,,1,5,7,1942,0,0,0,,0,16X78,PEORIA ST,GLENOAKS,1300,E,N,A,-,N,,0,0,,,0,,,,Y,0,0,0,1,A,-,3,22350,,M,E,I,A,A,H,-,C,D,0,,,,,Y,,-,99,0,0,0,0,0,0,0,0,0,- ,- ,0,0,2400,1,LOS ANGELES,LOS ANGELES,CA,-118.3744417,34.24283218,"PEORIA ST & GLENOAKS BLVD, LOS ANGELES, CA",PEORIA ST,GLENOAKS BLVD,98278,
-118.2826821,33.98204041,71125,8837868,2019,2019-04-19T00:00:00.000Z,1942,2019-01-16T00:00:00.000Z,2330,40053,1249,3,5,7,1942,0,0,0,L,0,ESQ23,S FIGUEROA ST,W GAGE AV,125,S,N,A,-,N,,0,0,,,0,,,,N,0,0,0,1,B,-,22,0,,N,E,I,A,A,H,-,C,D,0,,,,,Y,,J,48,0,0,0,0,0,0,0,0,0,- ,- ,0,0,2400,1,LOS ANGELES,LOS ANGELES,CA,-118.2826821,33.98204041,"FIGUEROA ST & GAGE AVE, LOS ANGELES, CA",FIGUEROA ST,GAGE AVE,120663,
-118.3267628,34.0108757,71126,8779220,2019,2019-02-05T00:00:00.000Z,1942,2019-01-25T00:00:00.000Z,2250,43324,373,5,5,7,1942,0,0,0,C,0,3A63,MARTIN LUTHER KING JR BL,WESTSIDE AV,100,E,N,A,-,N,,0,0,,,0,,,,N,0,0,0,2,A,-,7,21658,A,M,B,C,A,A,H,-,C,D,0,,,,,Y,,A,1,0,0,0,0,0,0,0,0,0,- ,- ,0,0,2400,1,LOS ANGELES,LOS ANGELES,CA,-118.3267628,34.0108757,"MARTIN LUTHER KING JR BLVD & WESTSIDE AVE, LOS ANGELES, CA",MARTIN LUTHER KING JR BLVD,WESTSIDE AVE,120760,
-118.4414764,34.22833252,71127,8806385,2019,2019-02-26T00:00:00.000Z,1942,2019-01-04T00:00:00.000Z,2325,38183,1987,5,5,7,1942,0,0,0,,0,19A75,GRAMMAR PL,MURIETTA AV,48,E,N,A,-,N,,0,0,,,0,,,,Y,0,0,0,1,A,-,1,23152,A,N,E,I,A,A,H,-,C,D,0,,,,,Y,Y,A,1,0,0,0,0,0,0,0,0,0,- ,- ,0,0,2400,1,LOS ANGELES,LOS ANGELES,CA,-118.4414764,34.22833252,"GRAMMAR PL & MURIETTA AVE, LOS ANGELES, CA",GRAMMAR PL,MURIETTA AVE,150905,
-118.2941321,34.00907135,71128,8778088,2019,2019-02-01T00:00:00.000Z,1942,2019-01-05T00:00:00.000Z,2330,43437,397,6,5,7,1942,0,0,0,C,0,3A99,WALTON AV,41ST ST,10,N,N,C,-,N,,0,0,,,0,,,,Y,0,0,0,3,A,-,3,22350,,M,C,E,A,B,H,-,C,D,0,,,,,Y,,-,99,0,0,0,0,0,0,0,0,0,- ,- ,0,0,2400,1,LOS ANGELES,LOS ANGELES,CA,-118.2941321,34.00907135,"WALTON AVE & 41ST ST, LOS ANGELES, CA",WALTON AVE,41ST ST,127762,
-118.2729251,33.93100739,71129,8784105,2019,2019-03-08T00:00:00.000Z,1942,2019-01-05T00:00:00.000Z,2150,42188,SOE,6,5,7,1942,0,0,0,,0,1862,IMPERIAL HWY,MAIN ST,300,E,N,C,-,N,,0,0,,,0,,,,Y,0,0,0,2,A,-,3,22350,,M,B,E,A,B,-,-,C,D,0,,,,,Y,,A,1,0,0,0,0,0,0,0,0,0,- ,- ,0,0,2400,1,LOS ANGELES,LOS ANGELES,CA,-118.2729251,33.93100739,"IMPERIAL HWY & MAIN ST, LOS ANGELES, CA",IMPERIAL HWY,MAIN ST,106798,
-118.5586027,34.22822571,71130,8793276,2019,2019-02-27T00:00:00.000Z,1942,2019-01-03T00:00:00.000Z,2335,43177,1732,4,5,7,1942,0,0,0,Q,0,17A95,PARTHENIA ST,SHIRLEY AV,200,W,N,A,-,N,,0,0,,,0,,,,N,4,0,3,3,A,-,9,21804,A,N,D,C,A,A,H,-,C,D,0,,,,,Y,,A,1,0,0,3,0,0,0,0,0,0,- ,- ,0,0,2400,1,LOS ANGELES,LOS ANGELES,CA,-118.5586027,34.22822571,"PARTHENIA ST & SHIRLEY AVE, LOS ANGELES, CA",PARTHENIA ST,SHIRLEY AVE,123333,