X,Y,OBJECTID,case_id,accident_year,proc_date,juris,collision_date,collision_time,officer_id,reporting_district,day_of_week,chp_shift,population,cnty_city_loc,special_cond,beat_type,chp_beat_type,city_division_lapd,chp_beat_class,beat_number,primary_rd,secondary_rd,distance,direction,intersection,weather_1,weather_2,state_hwy_ind,caltrans_county,caltrans_district,state_route,route_suffix,postmile_prefix,postmile,location_type,ramp_intersection,side_of_hwy,tow_away,collision_severity,number_killed,number_injured,party_count,primary_coll_factor,pcf_code_of_viol,pcf_viol_category,pcf_violation,pcf_viol_subsection,hit_and_run,type_of_collision,mviw,ped_action,road_surface,road_cond_1,road_cond_2,lighting,control_device,chp_road_type,pedestrian_accident,bicycle_accident,motorcycle_accident,truck_accident,not_private_property,alcohol_involved,stwd_vehtype_at_fault,chp_vehtype_at_fault,count_severe_inj,count_visible_inj,count_complaint_pain,count_ped_killed,count_ped_injured,count_bicyclist_killed,count_bicyclist_injured,count_mc_killed,count_mc_injured,primary_ramp,secondary_ramp,latitude,longitude,timecat,month_,city,county,state,point_x,point_y,match_addr,m_primaryrd,m_secondrd,int_id,Flag
-118.5325922,34.21926498,71131,8794602,2019,2019-02-28T00:00:00.000Z,1942,2019-01-19T00:00:00.000Z,2235,41713,1005,6,5,7,1942,0,0,0,J,0,10X18,CANTARA ST,DARBY PL,0,,N,A,-,N,,0,0,,,0,,,,Y,0,0,0,5,A,-,1,23152,A,N,A,C,A,A,H,-,C,D,0,,,,,Y,,A,1,0,0,0,0,0,0,0,0,0,- ,- ,0,0,2400,1,LOS ANGELES,LOS ANGELES,CA,-118.5325922,34.21926498,"CANTARA ST & DARBY PL, LOS ANGELES, CA",CANTARA ST,DARBY PL,140377,
-118.2809664,33.77987215,71132,8795870,2019,2019-03-21T00:00:00.000Z,1942,2019-01-25T00:00:00.000Z,2350,39292,513,5,5,7,1942,0,0,0,,0,5AU,I ST,FIGUEROA PL,0,,Y,A,-,Y,LA,7,110,-,-,3.43,R,4,S,Y,4,0,1,2,A,-,1,23152,A,N,H,E,A,A,H,-,C,D,0,,,,,Y,Y,A,1,0,0,1,0,0,0,0,0,0,- ,- ,0,0,2400,1,LOS ANGELES,LOS ANGELES,CA,-118.2809664,33.77987215,"FIGUEROA PL & RT 110 S/B OFF NEAR ANAHEIM, LOS ANGELES, CA",FIGUEROA PL,RT 110 S/B OFF NEAR ANAHEIM,148896,
-118.4502792,34.23617554,71133,8805325,2019,2019-02-28T00:00:00.000Z,1942,2019-01-27T00:00:00.000Z,2115,42818,1964,7,5,7,1942,0,0,0,,0,19A75,VAN NUYS BL,NORDHOFF ST,285,N,N,A,-,N,,0,0,,,0,,,,N,0,0,0,2,B,-,22,0,,M,C,E,A,A,H,-,C,D,0,,,,,Y,,-,99,0,0,0,0,0,0,0,0,0,- ,- ,0,0,2400,1,LOS ANGELES,LOS ANGELES,CA,-118.4502792,34.23617554,"VAN NUYS BLVD & NORDHOFF ST, LOS ANGELES, CA",VAN NUYS BLVD,NORDHOFF ST,105003,
-118.2872355,33.74600601,71134,8809739,2019,2019-03-08T00:00:00.000Z,1942,2019-01-25T00:00:00.000Z,2120,43223,555,5,5,7,1942,0,0,0,E,0,5A55,OFARRELL ST,PACIFIC AV,200,E,N,A,-,N,,0,0,,,0,,,,Y,0,0,0,4,A,-,1,23152,A,N,B,E,A,A,H,-,C,D,0,,,,,Y,Y,-,- ,0,0,0,0,0,0,0,0,0,- ,- ,0,0,2400,1,LOS ANGELES,LOS ANGELES,CA,-118.2872355,33.74600601,"OFARRELL ST & PACIFIC AVE, LOS ANGELES, CA",OFARRELL ST,PACIFIC AVE,100503,
-118.3176963,34.03634307,74638,8797130,2019,2019-03-22T00:00:00.000Z,1942,2019-01-20T00:00:00.000Z,2125,41107,2091,7,5,7,1942,0,0,0,,0,2091,ARLINGTON AV,RT 10,0,,Y,A,-,Y,LA,7,10,-,R,12.453,R,4,E,N,4,0,2,2,A,-,8,22100,,F,C,C,A,A,-,-,C,A,0,,,,,Y,,-,99,0,0,2,0,0,0,0,0,0,- ,- ,0,0,2400,1,LOS ANGELES,LOS ANGELES,CA,-118.3176963,34.03634307,"ARLINGTON AVE & RT 10 E/B ON, LOS ANGELES, CA",ARLINGTON AVE,RT 10 E/B ON,123866,
-118.3659221,34.08373642,74665,8807696,2019,2019-03-15T00:00:00.000Z,1942,2019-01-30T00:00:00.000Z,1235,31465,701,3,5,7,1942,0,0,0,G,0,7A1,MELROSE AV,CRESCENT HEIGHTS BL,0,,Y,A,-,N,,0,0,,,0,,,,N,4,0,1,2,A,-,9,21801,A,N,A,C,A,A,H,-,A,A,0,,,,Y,Y,,A,1,0,0,1,0,0,0,0,0,0,- ,- ,0,0,1500,1,LOS ANGELES,LOS ANGELES,CA,-118.3659221,34.08373642,"MELROSE AVE & CRESCENT HEIGHTS BLVD, LOS ANGELES, CA",MELROSE AVE,CRESCENT HEIGHTS BLVD,146062,
-118.32485,34.07555389,74724,8807700,2019,2019-03-11T00:00:00.000Z,1942,2019-01-11T00:00:00.000Z,1445,41179,719,5,5,7,1942,0,0,0,G,0,7A17,N LUCERNE BL,BEVERLY BL,238,S,N,A,-,N,,0,0,,,0,,,,N,0,0,0,2,A,-,8,22107,,N,B,C,A,A,H,-,A,D,0,,,,Y,Y,,A,1,0,0,0,0,0,0,0,0,0,- ,- ,0,0,1500,1,LOS ANGELES,LOS ANGELES,CA,-118.32485,34.07555389,"LUCERNE BLVD & BEVERLY BLVD, LOS ANGELES, CA",LUCERNE BLVD,BEVERLY BLVD,146403,
-118.4707802,34.00014114,74725,8809712,2019,2019-03-07T00:00:00.000Z,1942,2019-01-29T00:00:00.000Z,1300,43132,1414,2,5,7,1942,0,0,0,N,0,14A13,BERNARD AV,ROSE AV,100,N,N,A,-,N,,0,0,,,0,,,,N,0,0,0,2,A,-,8,22107,,M,B,E,A,A,H,-,A,D,0,,,,,Y,,-,99,0,0,0,0,0,0,0,0,0,- ,- ,0,0,1500,1,LOS ANGELES,LOS ANGELES,CA,-118.4707802,34.00014114,"BERNARD AVE & ROSE AVE, LOS ANGELES, CA",BERNARD AVE,ROSE AVE,149514,
-118.3012367,33.72733307,74726,8809755,2019,2019-03-08T00:00:00.000Z,1942,2019-01-24T00:00:00.000Z,1230,39397,585,4,5,7,1942,0,0,0,E,0,5A85,S LELAND DR,19TH ST,120,N,N,A,-,N,,0,0,,,0,,,,N,0,0,0,2,A,-,5,21650,,M,A,E,A,A,H,-,A,D,0,,,,,Y,,-,,0,0,0,0,0,0,0,0,0,- ,- ,0,0,1500,1,LOS ANGELES,LOS ANGELES,CA,-118.3012367,33.72733307,"LELAND ST & 19TH ST, LOS ANGELES, CA",LELAND ST,19TH ST,107129,
-118.3483021,34.06230545,74727,8810392,2019,2019-03-06T00:00:00.000Z,1942,2019-01-21T00:00:00.000Z,1235,31465,735,1,5,7,1942,0,0,0,G,0,7A33,DUNSMUIR AV,WILSHIRE BL,6,E,N,A,-,N,,0,0,,,0,,,,N,3,0,1,2,A,-,10,21950,A,N,G,B,B,A,H,-,A,A,0,Y,,,,Y,,A,1,0,1,0,0,1,0,0,0,0,- ,- ,0,0,1500,1,LOS ANGELES,LOS ANGELES,CA,-118.3483021,34.06230545,"DUNSMUIR AVE & WILSHIRE BLVD, LOS ANGELES, CA",DUNSMUIR AVE,WILSHIRE BLVD,98779,
-118.3351221,34.04518509,74728,8810512,2019,2019-03-08T00:00:00.000Z,1942,2019-01-29T00:00:00.000Z,1220,41376,776,2,5,7,1942,0,0,0,G,0,7A85,LOMITA ST,WEST BL,0,,Y,A,-,N,,0,0,,,0,,,,Y,0,0,0,1,C,-,18,0,,N,E,I,A,A,H,-,A,D,0,,,,,Y,,-,- ,0,0,0,0,0,0,0,0,0,- ,- ,0,0,1500,1,LOS ANGELES,LOS ANGELES,CA,-118.3351221,34.04518509,"LOMITA ST & WEST BLVD, LOS ANGELES, CA",LOMITA ST,WEST BLVD,121119,
-118.2722921,34.02646637,74729,8813059,2019,2019-03-12T00:00:00.000Z,1942,2019-01-17T00:00:00.000Z,1233,43484,1331,4,5,7,1942,0,0,0,M,0,13A41,W ADAMS BL,S GRAND AV,0,,Y,B,C,N,,0,0,,,0,,,,N,4,0,1,2,A,-,3,22350,,N,A,C,A,B,F,-,A,A,0,,,,,Y,,A,1,0,0,1,0,0,0,0,0,0,- ,- ,0,0,1500,1,LOS ANGELES,LOS ANGELES,CA,-118.2722921,34.02646637,"ADAMS BLVD & GRAND AVE, LOS ANGELES, CA",ADAMS BLVD,GRAND AVE,117378,
-118.2728322,34.00816345,74730,8813095,2019,2019-04-17T00:00:00.000Z,1942,2019-01-19T00:00:00.000Z,1444,34426,1354,6,5,7,1942,0,0,0,M,0,13A41,WOODLAWN AV,41ST PL,0,,Y,A,-,N,,0,0,,,0,,,,N,4,0,1,2,A,-,9,21804,A,N,D,G,A,A,H,-,A,A,0,,Y,,,Y,,-,- ,0,0,1,0,0,0,1,0,0,- ,- ,0,0,1500,1,LOS ANGELES,LOS ANGELES,CA,-118.2728322,34.00816345,"WOODLAWN AVE & 41ST PL, LOS ANGELES, CA",WOODLAWN AVE,41ST PL,145533,
-118.1703502,34.08937454,74731,8814324,2019,2019-04-04T00:00:00.000Z,1942,2019-01-11T00:00:00.000Z,1435,34426,426,5,5,7,1942,0,0,0,D,0,4A9,HUNTINGTON DR,VAN HORNE AV,132,E,N,A,-,N,,0,0,,,0,,,,N,0,0,0,1,A,-,3,22350,,N,E,-,A,A,H,-,A,D,0,,,,,Y,,A,7,0,0,0,0,0,0,0,0,0,- ,- ,0,0,1500,1,LOS ANGELES,LOS ANGELES,CA,-118.1703502,34.08937454,"HUNTINGTON DR & VAN HORNE AVE, LOS ANGELES, CA",HUNTINGTON DR,VAN HORNE AVE,164160,
-118.256606,34.0341835,74732,8814971,2019,2019-03-08T00:00:00.000Z,1942,2019-01-27T00:00:00.000Z,1415,34426,1303,7,5,7,1942,0,0,0,M,0,13A13,PICO BL,WALL ST,38,W,N,A,-,N,,0,0,,,0,,,,N,0,0,0,2,A,-,4,21703,,N,B,C,A,A,H,-,A,D,0,,,,,Y,,A,1,0,0,0,0,0,0,0,0,0,- ,- ,0,0,1500,1,LOS ANGELES,LOS ANGELES,CA,-118.256606,34.0341835,"PICO BLVD & WALL ST, LOS ANGELES, CA",PICO BLVD,WALL ST,99984,
-118.2103922,34.07370377,74733,8814974,2019,2019-03-13T00:00:00.000Z,1942,2019-01-25T00:00:00.000Z,1310,34426,415,5,5,7,1942,0,0,0,D,0,4A15,BROADWAY,JOHNSTON ST,0,,Y,A,-,N,,0,0,,,0,,,,N,2,0,1,2,A,-,11,21456,B,N,G,B,B,A,H,-,A,A,0,Y,,,,Y,,N,60,1,0,0,0,1,0,0,0,0,- ,- ,0,0,1500,1,LOS ANGELES,LOS ANGELES,CA,-118.2103922,34.07370377,"N BROADWAY & JOHNSTON ST, LOS ANGELES, CA",N BROADWAY,JOHNSTON ST,128770,
-118.4458829,34.10421753,74734,8816682,2019,2019-03-14T00:00:00.000Z,1942,2019-01-24T00:00:00.000Z,1245,38282,807,4,5,7,1942,0,0,0,H,0,8A29,BEVERLY GLEN BL,HEBRON LN,50,S,N,A,-,N,,0,0,,,0,,,,Y,3,0,1,2,A,-,8,22107,,N,C,E,A,A,H,-,A,D,0,,,,,Y,,A,1,0,1,0,0,0,0,0,0,0,- ,- ,0,0,1500,1,LOS ANGELES,LOS ANGELES,CA,-118.4458829,34.10421753,"BEVERLY GLEN BLVD & HEBRON LN, LOS ANGELES, CA",BEVERLY GLEN BLVD,HEBRON LN,132122,
-118.3805821,34.05416489,74735,8816714,2019,2019-03-14T00:00:00.000Z,1942,2019-01-06T00:00:00.000Z,1245,31465,859,7,5,7,1942,0,0,0,H,0,8A59,PICO BL,BEDFORD ST,0,,Y,A,-,N,,0,0,,,0,,,,N,4,0,3,2,A,-,12,21453,A,N,D,C,A,A,H,-,A,B,0,,,,,Y,,A,1,0,0,3,0,0,0,0,0,0,- ,- ,0,0,1500,1,LOS ANGELES,LOS ANGELES,CA,-118.3805821,34.05416489,"PICO BLVD & BEDFORD ST, LOS ANGELES, CA",PICO BLVD,BEDFORD ST,96343,
-118.2453312,34.04218292,74736,8828037,2019,2019-04-10T00:00:00.000Z,1942,2019-01-03T00:00:00.000Z,1345,38214,156,4,5,7,1942,0,0,0,A,0,1FB1,SAN PEDRO ST,6TH ST,30,S,N,A,-,N,,0,0,,,0,,,,N,4,0,1,2,A,-,8,22107,,F,-,J,A,A,H,-,A,A,0,,,,,Y,,-,,0,0,1,0,0,0,0,0,0,- ,- ,0,0,1500,1,LOS ANGELES,LOS ANGELES,CA,-118.2453312,34.04218292,"SAN PEDRO ST & 6TH ST, LOS ANGELES, CA",SAN PEDRO ST,6TH ST,110552,
-118.4312423,34.15036392,74737,8829841,2019,2019-04-11T00:00:00.000Z,1942,2019-01-24T00:00:00.000Z,1220,41316,989,4,5,7,1942,0,0,0,I,0,9A89,WOODMAN AV,MOORPARK ST,10,N,N,A,-,N,,0,0,,,0,,,,N,0,0,0,2,A,-,4,21703,,M,C,C,A,A,H,-,A,A,0,,,,,Y,,-,99,0,0,0,0,0,0,0,0,0,- ,- ,0,0,1500,1,LOS ANGELES,LOS ANGELES,CA,-118.4312423,34.15036392,"WOODMAN AVE & MOORPARK ST, LOS ANGELES, CA",WOODMAN AVE,MOORPARK ST,144003,
-118.2896379,34.04180908,74742,8648601,2019,2019-02-14T00:00:00.000Z,1942,2019-01-11T00:00:00.000Z,2350,41054,2088,5,5,7,1942,0,0,0,,0,20A97,W WESTMORELAND AV,18TH ST,74,N,N,B,-,N,,0,0,,,0,,,,Y,1,1,0,2,A,-,1,23152,A,F,G,B,D,A,H,-,C,D,0,Y,,,,Y,Y,A,1,0,0,0,1,0,0,0,0,0,- ,- ,0,0,2400,1,LOS ANGELES,LOS ANGELES,CA,-118.2896379,34.04180908,"WESTMORELAND AVE & 18TH ST, LOS ANGELES, CA",WESTMORELAND AVE,18TH ST,114001,
-118.5297717,34.03290939,74743,8648602,2019,2019-02-14T00:00:00.000Z,1942,2019-01-15T00:00:00.000Z,2205,38688,822,2,5,7,1942,0,0,0,H,0,,PACIFIC COAST HWY,TEMESCAL CANYON RD,2124,S,N,C,-,N,,0,0,,,0,,,,Y,1,1,0,2,A,-,11,21954,A,N,G,B,E,B,D,-,C,D,0,Y,,,,Y,,N,60,0,0,0,1,0,0,0,0,0,- ,- ,0,0,2400,1,LOS ANGELES,LOS ANGELES,CA,-118.5297717,34.03290939,"PACIFIC COAST HWY & TEMESCAL CANYON RD, LOS ANGELES, CA",PACIFIC COAST HWY,TEMESCAL CANYON RD,105590,
-118.2963679,33.74240494,74744,8648624,2019,2019-02-26T00:00:00.000Z,1942,2019-01-06T00:00:00.000Z,2345,41072,557,7,5,7,1942,0,0,0,E,0,5A55,2ND ST,MEYLER ST,114,E,N,B,-,N,,0,0,,,0,,,,Y,1,1,0,7,A,-,3,22350,,N,B,E,A,A,H,-,C,A,0,,,,,Y,,D,22,0,0,0,0,0,0,0,0,0,- ,- ,0,0,2400,1,LOS ANGELES,LOS ANGELES,CA,-118.2963679,33.74240494,"2ND ST & MEYLER ST, LOS ANGELES, CA",2ND ST,MEYLER ST,111073,
-118.3965718,34.22164536,74745,8761761,2019,2019-02-01T00:00:00.000Z,1942,2019-01-06T00:00:00.000Z,2130,42344,1684,7,5,7,1942,0,0,0,P,0,16A81,ROSCOE BL,LAUREL CANYON BL,12,W,N,C,-,N,,0,0,,,0,,,,N,3,0,1,2,A,-,10,21950,A,F,G,B,B,B,H,-,C,A,0,Y,,,,Y,,-,99,0,1,0,0,1,0,0,0,0,- ,- ,0,0,2400,1,LOS ANGELES,LOS ANGELES,CA,-118.3965718,34.22164536,"ROSCOE BLVD & LAUREL CANYON BLVD, LOS ANGELES, CA",ROSCOE BLVD,LAUREL CANYON BLVD,118801,
-118.4176022,34.03243637,74746,8774626,2019,2019-01-15T00:00:00.000Z,1942,2019-01-01T00:00:00.000Z,2130,33757,893,2,5,7,1942,0,0,0,H,0,8A35,OVERLAND AV,NATIONAL BL,0,,Y,A,-,N,,0,0,,,0,,,,Y,3,0,2,3,A,-,1,23152,A,N,D,C,A,A,H,-,C,A,0,,,,,Y,Y,A,1,0,1,1,0,0,0,0,0,0,- ,- ,0,0,2400,1,LOS ANGELES,LOS ANGELES,CA,-118.4176022,34.03243637,"OVERLAND AVE & NATIONAL BLVD, LOS ANGELES, CA",OVERLAND AVE,NATIONAL BLVD,118360,
-118.3101722,33.99506378,74747,8776482,2019,2019-02-02T00:00:00.000Z,1942,2019-01-04T00:00:00.000Z,2200,40673,1213,5,5,7,1942,0,0,0,L,0,12A39,52ND ST,MANHATTAN PL,0,,Y,A,-,N,,0,0,,,0,,,,N,2,0,1,2,A,-,12,22450,A,N,D,G,A,A,H,-,C,A,0,,Y,,,Y,Y,L,4,1,0,0,0,0,0,1,0,0,- ,- ,0,0,2400,1,LOS ANGELES,LOS ANGELES,CA,-118.3101722,33.99506378,"52ND ST & MANHATTAN PL, LOS ANGELES, CA",52ND ST,MANHATTAN PL,117329,
-118.3069421,34.08351517,74750,8776549,2019,2019-02-02T00:00:00.000Z,1942,2019-01-08T00:00:00.000Z,2345,41978,678,2,5,7,1942,0,0,0,F,0,14T47,MELROSE AV,N SERRANO AV,0,,Y,A,-,N,,0,0,,,0,,,,Y,4,0,2,3,A,-,1,23152,A,N,B,C,A,A,H,-,C,D,0,,,Y,,Y,Y,A,1,0,0,2,0,0,0,0,0,1,- ,- ,0,0,2400,1,LOS ANGELES,LOS ANGELES,CA,-118.3069421,34.08351517,"MELROSE AVE & SERRANO AVE, LOS ANGELES, CA",MELROSE AVE,SERRANO AVE,135609,
-118.5578522,34.17276382,74752,8778119,2019,2019-02-02T00:00:00.000Z,1942,2019-01-05T00:00:00.000Z,2310,42029,1061,6,5,7,1942,0,0,0,J,0,10A83,VENTURA BL,SHIRLEY AV,0,,Y,B,-,N,,0,0,,,0,,,,N,0,0,0,2,A,-,12,21453,A,M,B,C,A,B,H,-,C,A,0,,,,,Y,,-,99,0,0,0,0,0,0,0,0,0,- ,- ,0,0,2400,1,LOS ANGELES,LOS ANGELES,CA,-118.5578522,34.17276382,"VENTURA BLVD & SHIRLEY AVE, LOS ANGELES, CA",VENTURA BLVD,SHIRLEY AVE,143140,
-118.5273246,34.19792938,74753,8778131,2019,2019-02-02T00:00:00.000Z,1942,2019-01-08T00:00:00.000Z,2310,3929,1025,2,5,7,1942,0,0,0,J,0,17X66,LINDLEY AV,HART ST,162,N,N,A,-,N,,0,0,,,0,,,,N,0,0,0,2,A,-,3,22350,A,M,B,E,A,A,H,-,C,A,0,,,,,Y,,-,99,0,0,0,0,0,0,0,0,0,- ,- ,0,0,2400,1,LOS ANGELES,LOS ANGELES,CA,-118.5273246,34.19792938,"LINDLEY AVE & HART ST, LOS ANGELES, CA",LINDLEY AVE,HART ST,112354,
-118.3615122,34.15220642,74754,8778206,2019,2019-02-06T00:00:00.000Z,1942,2019-01-11T00:00:00.000Z,2255,38349,1569,5,5,7,1942,0,0,0,O,0,15A67,RIVERSIDE DR,E CAHUENGA BL,0,,Y,A,-,N,,0,0,,,0,,,,Y,4,0,1,2,A,-,12,21453,A,F,D,C,A,A,H,-,C,A,0,,,,,Y,,-,99,0,0,1,0,0,0,0,0,0,- ,- ,0,0,2400,1,LOS ANGELES,LOS ANGELES,CA,-118.3615122,34.15220642,"RIVERSIDE DR & CAHUENGA BLVD, LOS ANGELES, CA",RIVERSIDE DR,CAHUENGA BLVD,136061,
-118.4942889,34.22066116,74755,8778477,2019,2019-02-01T00:00:00.000Z,1942,2019-01-12T00:00:00.000Z,2225,37304,1009,6,5,7,1942,0,0,0,J,0,10A39,ROSCOE BL,HAYVENHURST AV,700,W,N,A,-,N,,0,0,,,0,,,,Y,0,0,0,1,A,-,3,22350,,M,E,-,A,A,H,-,C,D,0,,,,,Y,,A,1,0,0,0,0,0,0,0,0,0,- ,- ,0,0,2400,1,LOS ANGELES,LOS ANGELES,CA,-118.4942889,34.22066116,"ROSCOE BLVD & HAYVENHURST AVE, LOS ANGELES, CA",ROSCOE BLVD,HAYVENHURST AVE,105106,
-118.4377422,34.30081558,74756,8778833,2019,2019-02-02T00:00:00.000Z,1942,2019-01-22T00:00:00.000Z,2200,37353,1916,2,5,7,1942,0,0,0,,0,19A7,HUBBARD ST,FELLOWS AV,0,,Y,A,-,N,,0,0,,,0,,,,N,3,0,1,2,A,-,9,21801,A,F,A,C,A,A,H,-,C,D,0,,,Y,,Y,,C,2,0,1,0,0,0,0,0,0,1,- ,- ,0,0,2400,1,LOS ANGELES,LOS ANGELES,CA,-118.4377422,34.30081558,"HUBBARD ST & FELLOWS AVE, LOS ANGELES, CA",HUBBARD ST,FELLOWS AVE,129761,
-118.4061322,34.20497513,74757,8778845,2019,2019-02-02T00:00:00.000Z,1942,2019-01-22T00:00:00.000Z,2112,38183,1502,2,5,7,1942,0,0,0,O,0,15T43,SATICOY SOUTH ST,WHITSETT AV,2,E,N,A,-,N,,0,0,,,0,,,,Y,4,0,1,1,A,-,3,22350,,F,E,J,A,A,H,-,C,D,0,,,,,Y,,A,1,0,0,1,0,0,0,0,0,0,- ,- ,0,0,2400,1,LOS ANGELES,LOS ANGELES,CA,-118.4061322,34.20497513,"SATICOY ST S & WHITSETT AVE, LOS ANGELES, CA",SATICOY ST S,WHITSETT AVE,148145,
-118.3015012,34.02717209,74758,8779210,2019,2019-02-08T00:00:00.000Z,1942,2019-01-25T00:00:00.000Z,2110,43587,337,5,5,7,1942,0,0,0,,0,3A57,BRIGHTON AV,30TH ST,48,S,N,A,-,N,,0,0,,,0,,,,Y,0,0,0,4,A,-,1,23152,A,N,-,E,A,A,H,-,C,A,0,,,,,Y,Y,A,1,0,0,0,0,0,0,0,0,0,- ,- ,0,0,2400,1,LOS ANGELES,LOS ANGELES,CA,-118.3015012,34.02717209,"BRIGHTON AVE & 30TH ST, LOS ANGELES, CA",BRIGHTON AVE,30TH ST,117512,
-118.3128239,34.01862335,74759,8779228,2019,2019-02-05T00:00:00.000Z,1942,2019-01-26T00:00:00.000Z,2100,42906,355,6,5,7,1942,0,0,0,C,0,3A55,RUTHELEN ST,EXPOSITION BL,50,N,N,A,-,N,,0,0,,,0,,,,Y,0,0,0,2,A,-,1,23152,A,N,B,E,A,A,H,-,C,D,0,,,,,Y,Y,A,1,0,0,0,0,0,0,0,0,0,- ,- ,0,0,2400,1,LOS ANGELES,LOS ANGELES,CA,-118.3128239,34.01862335,"RUTHELEN ST & EXPOSITION BLVD, LOS ANGELES, CA",RUTHELEN ST,EXPOSITION BLVD,144459,
-118.3731822,34.07601547,74760,8779255,2019,2019-02-02T00:00:00.000Z,1942,2019-01-10T00:00:00.000Z,2100,37511,722,4,5,7,1942,0,0,0,G,0,7A21,N ORLANDO AV,BEVERLY BL,15,S,N,A,-,N,,0,0,,,0,,,,N,0,0,0,2,A,-,21,22106,,M,D,C,A,A,H,-,C,D,0,,,,,Y,,-,99,0,0,0,0,0,0,0,0,0,- ,- ,0,0,2400,1,LOS ANGELES,LOS ANGELES,CA,-118.3731822,34.07601547,"ORLANDO AVE & BEVERLY BLVD, LOS ANGELES, CA",ORLANDO AVE,BEVERLY BLVD,149573,
-118.2849819,34.04003143,74761,8779296,2019,2019-02-05T00:00:00.000Z,1942,2019-01-15T00:00:00.000Z,2300,41978,2099,2,5,7,1942,0,0,0,,0,20A97,WEST WASHINGTON BL,ARAPAHOE ST,76,E,N,C,-,N,,0,0,,,0,,,,Y,3,0,2,3,A,-,3,22350,,F,C,E,A,B,H,-,C,D,0,,,,,Y,,A,1,0,2,0,0,0,0,0,0,0,- ,- ,0,0,2400,1,LOS ANGELES,LOS ANGELES,CA,-118.2849819,34.04003143,"WASHINGTON BLVD & ARAPAHOE ST, LOS ANGELES, CA",WASHINGTON BLVD,ARAPAHOE ST,117633,
-118.3451722,34.08345795,74762,8779324,2019,2019-02-05T00:00:00.000Z,1942,2019-01-18T00:00:00.000Z,2125,37511,705,5,5,7,1942,0,0,0,G,0,7A1,N DETROIT ST,MELROSE AV,5,N,N,A,-,N,,0,0,,,0,,,,N,4,0,1,2,A,-,3,22350,,F,D,C,A,A,H,-,C,D,0,,,,,Y,,A,1,0,0,1,0,0,0,0,0,0,- ,- ,0,0,2400,1,LOS ANGELES,LOS ANGELES,CA,-118.3451722,34.08345795,"DETROIT ST & MELROSE AVE, LOS ANGELES, CA",DETROIT ST,MELROSE AVE,149550,
-118.2831522,34.07223511,74763,8779371,2019,2019-02-13T00:00:00.000Z,1942,2019-01-11T00:00:00.000Z,2315,43063,231,5,5,7,1942,0,0,0,,0,2A17,BEVERLY,DILLON ST,0,,Y,B,-,N,,0,0,,,0,,,,Y,4,0,1,2,A,-,21,22106,,N,D,C,A,A,H,-,C,D,0,,,,,Y,,A,1,0,0,1,0,0,0,0,0,0,- ,- ,0,0,2400,1,LOS ANGELES,LOS ANGELES,CA,-118.2831522,34.07223511,"BEVERLY BLVD & DILLON ST, LOS ANGELES, CA",BEVERLY BLVD,DILLON ST,146544,
-118.3364535,34.10981751,74764,8779438,2019,2019-02-11T00:00:00.000Z,1942,2019-01-10T00:00:00.000Z,2300,38090,635,4,5,7,1942,0,0,0,F,0,6A31,N HIGHLAND AV,ODIN ST,30,S,N,A,-,N,,0,0,,,0,,,,N,4,0,1,2,A,-,11,21955,,N,G,B,D,A,H,-,C,A,0,Y,,,,Y,,N,60,0,0,1,0,1,0,0,0,0,- ,- ,0,0,2400,1,LOS ANGELES,LOS ANGELES,CA,-118.3364535,34.1098175,"HIGHLAND AVE & ODIN ST, LOS ANGELES, CA",HIGHLAND AVE,ODIN ST,164241,
-118.3440421,34.07615662,74765,8780327,2019,2019-01-18T00:00:00.000Z,1942,2019-01-02T00:00:00.000Z,2310,33757,727,3,5,7,1942,0,0,0,G,0,7A17,LA BREA AV,BEVERLY BL,0,,Y,A,-,N,,0,0,,,0,,,,Y,4,0,2,4,A,-,1,23152,A,F,D,C,A,A,H,-,C,A,0,,,,,Y,Y,A,1,0,0,2,0,0,0,0,0,0,- ,- ,0,0,2400,1,LOS ANGELES,LOS ANGELES,CA,-118.3440421,34.07615662,"LA BREA AVE & BEVERLY BLVD, LOS ANGELES, CA",LA BREA AVE,BEVERLY BLVD,117975,
-118.2951709,34.05263519,74766,8780426,2019,2019-02-12T00:00:00.000Z,1942,2019-01-05T00:00:00.000Z,2145,42451,2058,6,5,7,1942,0,0,0,,0,20A69,OLYMPIC BL,CATALINA ST,118,W,N,A,-,N,,0,0,,,0,,,,N,0,0,0,3,A,-,1,23152,A,M,B,C,A,B,H,-,C,D,0,,,,,Y,Y,A,1,0,0,0,0,0,0,0,0,0,- ,- ,0,0,2400,1,LOS ANGELES,LOS ANGELES,CA,-118.2951709,34.05263519,"OLYMPIC BLVD & CATALINA ST, LOS ANGELES, CA",OLYMPIC BLVD,CATALINA ST,110454,
-118.2915067,33.99181747,74767,8780966,2019,2019-02-13T00:00:00.000Z,1942,2019-01-01T00:00:00.000Z,2335,41870,1215,2,5,7,1942,0,0,0,L,0,12A15,S VERMONT AV,56TH ST,150,N,N,A,-,N,,0,0,,,0,,,,Y,0,0,0,2,A,-,1,23152,A,N,C,E,A,A,H,-,C,D,0,,,,,Y,Y,A,7,0,0,0,0,0,0,0,0,0,- ,- ,0,0,2400,1,LOS ANGELES,LOS ANGELES,CA,-118.2915067,33.99181747,"VERMONT AVE & 56TH ST, LOS ANGELES, CA",VERMONT AVE,56TH ST,99612,