X,Y,OBJECTID,case_id,accident_year,proc_date,juris,collision_date,collision_time,officer_id,reporting_district,day_of_week,chp_shift,population,cnty_city_loc,special_cond,beat_type,chp_beat_type,city_division_lapd,chp_beat_class,beat_number,primary_rd,secondary_rd,distance,direction,intersection,weather_1,weather_2,state_hwy_ind,caltrans_county,caltrans_district,state_route,route_suffix,postmile_prefix,postmile,location_type,ramp_intersection,side_of_hwy,tow_away,collision_severity,number_killed,number_injured,party_count,primary_coll_factor,pcf_code_of_viol,pcf_viol_category,pcf_violation,pcf_viol_subsection,hit_and_run,type_of_collision,mviw,ped_action,road_surface,road_cond_1,road_cond_2,lighting,control_device,chp_road_type,pedestrian_accident,bicycle_accident,motorcycle_accident,truck_accident,not_private_property,alcohol_involved,stwd_vehtype_at_fault,chp_vehtype_at_fault,count_severe_inj,count_visible_inj,count_complaint_pain,count_ped_killed,count_ped_injured,count_bicyclist_killed,count_bicyclist_injured,count_mc_killed,count_mc_injured,primary_ramp,secondary_ramp,latitude,longitude,timecat,month_,city,county,state,point_x,point_y,match_addr,m_primaryrd,m_secondrd,int_id,Flag
-118.2916221,33.95198441,74768,8781793,2019,2019-03-18T00:00:00.000Z,1942,2019-01-27T00:00:00.000Z,2225,41072,1801,7,5,7,1942,0,0,0,R,0,18A1,VERMONT AV,93RD ST,40,N,N,A,-,N,,0,0,,,0,,,,Y,0,0,0,2,A,-,3,22350,,M,B,E,A,A,H,-,C,A,0,,,,Y,Y,,A,1,0,0,0,0,0,0,0,0,0,- ,- ,0,0,2400,1,LOS ANGELES,LOS ANGELES,CA,-118.2916221,33.95198441,"VERMONT AVE & 93RD ST, LOS ANGELES, CA",VERMONT AVE,93RD ST,151454,
-118.4171211,34.27813721,74769,8782682,2019,2019-02-04T00:00:00.000Z,1942,2019-01-11T00:00:00.000Z,2255,40388,1612,5,5,7,1942,0,0,0,P,0,16A11,MONTFORD ST,GLENOAKS BL,90,W,N,B,-,N,,0,0,,,0,,,,N,4,0,1,2,A,-,1,23152,A,N,A,E,A,A,H,-,C,D,0,,,,,Y,Y,A,1,0,0,1,0,0,0,0,0,0,- ,- ,0,0,2400,1,LOS ANGELES,LOS ANGELES,CA,-118.4171211,34.27813721,"MONTFORD ST & GLENOAKS BLVD, LOS ANGELES, CA",MONTFORD ST,GLENOAKS BLVD,144022,
-118.5990496,34.20088577,74770,8782889,2019,2019-02-04T00:00:00.000Z,1942,2019-01-03T00:00:00.000Z,2230,38183,2136,4,5,7,1942,0,0,0,,0,21A5,ALABAMA AV,SHERMAN WY,54,S,N,A,-,N,,0,0,,,0,,,,N,0,0,0,2,A,-,3,22350,,M,B,E,A,A,H,-,C,D,0,,,,,Y,,-,99,0,0,0,0,0,0,0,0,0,- ,- ,0,0,2400,1,LOS ANGELES,LOS ANGELES,CA,-118.5990496,34.20088577,"ALABAMA AVE & SHERMAN WAY, LOS ANGELES, CA",ALABAMA AVE,SHERMAN WAY,129605,
-118.4177398,34.27768326,74771,8782936,2019,2019-02-05T00:00:00.000Z,1942,2019-01-11T00:00:00.000Z,2300,40388,1612,5,5,7,1942,0,0,0,P,0,16A11,MONTFORD ST,GLENOAKS BL,340,W,N,B,-,N,,0,0,,,0,,,,N,4,0,1,2,A,-,1,23152,A,N,A,E,A,A,H,-,C,D,0,,,,,Y,Y,A,1,0,0,1,0,0,0,0,0,0,- ,- ,0,0,2400,1,LOS ANGELES,LOS ANGELES,CA,-118.4177398,34.27768326,"MONTFORD ST & GLENOAKS BLVD, LOS ANGELES, CA",MONTFORD ST,GLENOAKS BLVD,144022,
-118.3812101,34.15748596,74772,8782940,2019,2019-02-05T00:00:00.000Z,1942,2019-01-12T00:00:00.000Z,2310,41316,1553,6,5,7,1942,0,0,0,O,0,15A43,FARMDALE AV,RIVERSIDE DR,50,S,N,A,-,N,,0,0,,,0,,,,Y,3,0,1,3,A,-,1,23152,A,N,A,E,A,A,H,-,C,D,0,,,,,Y,Y,A,1,0,1,0,0,0,0,0,0,0,- ,- ,0,0,2400,1,LOS ANGELES,LOS ANGELES,CA,-118.3812101,34.15748596,"FARMDALE AVE & RIVERSIDE DR, LOS ANGELES, CA",FARMDALE AVE,RIVERSIDE DR,118508,
-118.3079868,34.0255661,74773,8783675,2019,2019-02-02T00:00:00.000Z,1942,2019-01-06T00:00:00.000Z,2320,43561,337,7,5,7,1942,0,0,0,C,0,3A55,JEFFERSON,HOBART,50,W,N,B,-,N,,0,0,,,0,,,,Y,0,0,0,2,A,-,5,21650,,M,D,E,A,-,H,-,C,D,0,,,,,Y,,-,99,0,0,0,0,0,0,0,0,0,- ,- ,0,0,2400,1,LOS ANGELES,LOS ANGELES,CA,-118.3079868,34.0255661,"JEFFERSON BLVD & HOBART BLVD,, CA",JEFFERSON BLVD,HOBART BLVD,138567,
-118.2277594,34.04773331,74774,8784013,2019,2019-02-12T00:00:00.000Z,1942,2019-01-12T00:00:00.000Z,2305,33452,461,6,5,7,1942,0,0,0,D,0,4A71,E 1ST ST,MISSION RD,10,E,N,A,-,N,,0,0,,,0,,,,N,0,0,0,2,A,-,0,21650,A,M,D,G,A,A,H,-,C,A,0,,Y,Y,,Y,,L,4,0,0,0,0,0,0,0,0,0,- ,- ,0,0,2400,1,LOS ANGELES,LOS ANGELES,CA,-118.2277594,34.04773331,"1ST ST & MISSION RD, LOS ANGELES, CA",1ST ST,MISSION RD,114057,
-118.1923221,34.02393341,74775,8784030,2019,2019-02-13T00:00:00.000Z,1942,2019-01-11T00:00:00.000Z,2100,43054,479,5,5,7,1942,0,0,0,,0,4A97,INDIANA AV,WHITTIER BL,0,,Y,A,-,N,,0,0,,,0,,,,Y,0,0,0,2,A,-,9,21801,A,M,A,C,A,A,H,-,C,A,0,,,,,Y,,-,99,0,0,0,0,0,0,0,0,0,- ,- ,0,0,2400,1,LOS ANGELES,LOS ANGELES,CA,-118.1923221,34.02393341,"INDIANA ST & WHITTIER BLVD, LOS ANGELES, CA",INDIANA ST,WHITTIER BLVD,138485,
-118.2544021,33.92371368,74776,8784109,2019,2019-02-15T00:00:00.000Z,1942,2019-01-24T00:00:00.000Z,2150,41800,1864,4,5,7,1942,0,0,0,R,0,1.80E+16,CENTRAL AV,E 120TH ST,0,,Y,A,-,N,,0,0,,,0,,,,Y,4,0,1,3,A,-,0,23123,A,N,D,C,A,A,H,-,C,A,0,,,,,Y,,D,22,0,0,1,0,0,0,0,0,0,- ,- ,0,0,2400,1,LOS ANGELES,LOS ANGELES,CA,-118.2544021,33.92371368,"CENTRAL AVE & 120TH ST, LOS ANGELES, CA",CENTRAL AVE,120TH ST,145902,
-118.2110922,34.03229523,74777,8784260,2019,2019-02-14T00:00:00.000Z,1942,2019-01-02T00:00:00.000Z,2150,38330,477,3,5,7,1942,0,0,0,D,0,4A71,WHITTIER BL,MARIETTA ST,0,,Y,A,-,N,,0,0,,,0,,,,Y,3,0,1,2,A,-,9,21801,A,N,A,C,A,A,H,-,C,D,0,,,,,Y,,A,1,0,1,0,0,0,0,0,0,0,- ,- ,0,0,2400,1,LOS ANGELES,LOS ANGELES,CA,-118.2110922,34.03229523,"WHITTIER BLVD & MARIETTA ST, LOS ANGELES, CA",WHITTIER BLVD,MARIETTA ST,138651,
-118.3295881,34.09797669,74778,8784395,2019,2019-02-14T00:00:00.000Z,1942,2019-01-11T00:00:00.000Z,2145,38090,666,5,5,7,1942,0,0,0,,0,6A67,W SUNSET BL,CAHUENGA BL,20,W,N,A,-,N,,0,0,,,0,,,,Y,0,0,0,2,A,-,1,23152,A,N,B,C,A,A,H,-,C,A,0,,,,,Y,,D,22,0,0,0,0,0,0,0,0,0,- ,- ,0,0,2400,1,LOS ANGELES,LOS ANGELES,CA,-118.3295881,34.09797668,"SUNSET BLVD & CAHUENGA BLVD, LOS ANGELES, CA",SUNSET BLVD,CAHUENGA BLVD,139481,
-118.367127,34.08371353,74779,8784401,2019,2019-02-15T00:00:00.000Z,1942,2019-01-14T00:00:00.000Z,2320,41957,701,1,5,7,1942,0,0,0,G,0,7A1,MELROSE AV,KILKEA DR,50,W,N,A,-,N,,0,0,,,0,,,,Y,0,0,0,3,A,-,1,23152,A,M,B,-,A,A,H,-,C,D,0,,,,,Y,Y,A,1,0,0,0,0,0,0,0,0,0,- ,- ,0,0,2400,1,LOS ANGELES,LOS ANGELES,CA,-118.367127,34.08371353,"MELROSE AVE & KILKEA DR, LOS ANGELES, CA",MELROSE AVE,KILKEA DR,135405,
-118.3813535,34.04862976,74780,8784458,2019,2019-02-13T00:00:00.000Z,1942,2019-01-25T00:00:00.000Z,2340,41054,859,5,5,7,1942,0,0,0,H,0,8A59,S BEDFORD ST,AIRDROME ST,200,N,N,A,-,N,,0,0,,,0,,,,Y,0,0,0,2,A,-,3,22350,,M,B,E,A,A,H,-,C,D,0,,,,,Y,,A,1,0,0,0,0,0,0,0,0,0,- ,- ,0,0,2400,1,LOS ANGELES,LOS ANGELES,CA,-118.3813535,34.04862976,"BEDFORD ST & AIRDROME ST, LOS ANGELES, CA",BEDFORD ST,AIRDROME ST,124471,
-118.3392386,34.04949951,74781,8784500,2019,2019-02-15T00:00:00.000Z,1942,2019-01-26T00:00:00.000Z,2225,39022,765,6,5,7,1942,0,0,0,G,0,7A47,KENISTON AV,SAN VICENTE BL,330,N,N,A,-,N,,0,0,,,0,,,,N,0,0,0,2,A,-,8,22107,,M,B,E,A,A,H,-,C,D,0,,,,,Y,,-,99,0,0,0,0,0,0,0,0,0,- ,- ,0,0,2400,1,LOS ANGELES,LOS ANGELES,CA,-118.3392386,34.04949951,"KENISTON AVE & SAN VICENTE BLVD, LOS ANGELES, CA",KENISTON AVE,SAN VICENTE BLVD,144389,
-118.3002622,34.02911377,74782,8784544,2019,2019-02-15T00:00:00.000Z,1942,2019-01-15T00:00:00.000Z,2310,31814,337,2,5,7,1942,0,0,0,C,0,25T90,W 29TH ST,N NORMANDIE AV,0,,N,C,-,N,,0,0,,,0,,,,N,0,0,0,2,A,-,0,20015,A,M,B,D,A,B,H,-,C,-,0,,,,,Y,,-,99,0,0,0,0,0,0,0,0,0,- ,- ,0,0,2400,1,LOS ANGELES,LOS ANGELES,CA,-118.3002622,34.02911377,"29TH ST & NORMANDIE AVE, LOS ANGELES, CA",29TH ST,NORMANDIE AVE,128067,
-118.3067463,33.97455597,74783,8784483,2019,2019-02-15T00:00:00.000Z,1942,2019-01-24T00:00:00.000Z,2145,42443,1253,4,5,7,1942,0,0,0,L,0,12L90,FLORENCE AV,HAVARD BL,20,E,N,A,-,N,,0,0,,,0,,,,N,0,0,0,3,A,-,0,20015,A,M,B,C,A,A,H,-,C,D,0,,,,,Y,,-,- ,0,0,0,0,0,0,0,0,0,- ,- ,0,0,2400,1,LOS ANGELES,LOS ANGELES,CA,-118.3067463,33.97455597,"FLORENCE AVE & HARVARD BLVD,, CA",FLORENCE AVE,HARVARD BLVD,110092,
-118.3002648,34.0254631,74784,8784548,2019,2019-02-15T00:00:00.000Z,1942,2019-01-31T00:00:00.000Z,2200,4206,357,4,5,7,1942,0,0,0,C,0,3A57,NORMANDIE AV,JEFFERSON,22,S,N,A,-,N,,0,0,,,0,,,,N,0,0,0,2,A,-,4,21703,,M,C,C,A,A,H,-,C,A,0,,,,,Y,Y,-,99,0,0,0,0,0,0,0,0,0,- ,- ,0,0,2400,1,LOS ANGELES,LOS ANGELES,CA,-118.3002648,34.0254631,"NORMANDIE AVE & JEFFERSON BLVD, LOS ANGELES, CA",NORMANDIE AVE,JEFFERSON BLVD,124366,
-118.3590921,34.00082398,74785,8784552,2019,2019-02-15T00:00:00.000Z,1942,2019-01-17T00:00:00.000Z,2340,39299,391,4,5,7,1942,0,0,0,C,0,3A41,S LA BREA AV,DON LORENZO DR,0,,Y,A,-,N,,0,0,,,0,,,,Y,0,0,0,2,A,-,8,22107,,N,C,C,A,B,H,-,C,A,0,,,,,Y,,A,1,0,0,0,0,0,0,0,0,0,- ,- ,0,0,2400,1,LOS ANGELES,LOS ANGELES,CA,-118.3590921,34.00082397,"LA BREA AVE & DON LORENZO DR, LOS ANGELES, CA",LA BREA AVE,DON LORENZO DR,130294,
-118.3986121,34.05238342,74786,8784567,2019,2019-02-14T00:00:00.000Z,1942,2019-01-28T00:00:00.000Z,2100,40690,857,1,5,7,1942,0,0,0,H,0,8A95,BEVERWIL DR,CASHIO ST,0,,Y,A,-,,,0,0,,,0,,,,Y,3,0,1,2,A,-,9,21801,A,N,D,C,A,A,H,-,C,A,0,,,,,Y,Y,A,1,0,1,0,0,0,0,0,0,0,- ,- ,0,0,2400,1,LOS ANGELES,LOS ANGELES,CA,-118.3986121,34.05238342,"BEVERWIL DR & CASHIO ST, LOS ANGELES, CA",BEVERWIL DR,CASHIO ST,111179,
-118.2783243,33.97454834,74787,8784581,2019,2019-02-13T00:00:00.000Z,1942,2019-01-15T00:00:00.000Z,2215,42011,1256,2,5,7,1942,0,0,0,L,0,12A57,S BROADWAY,FLORENCE AV,43,S,N,C,-,N,,0,0,,,0,,,,N,4,0,1,2,A,-,5,21650,,N,A,C,A,B,H,-,C,D,0,,,,,Y,,A,1,0,0,1,0,0,0,0,0,0,- ,- ,0,0,2400,1,LOS ANGELES,LOS ANGELES,CA,-118.2783243,33.97454834,"BROADWAY & FLORENCE AVE, LOS ANGELES, CA",BROADWAY,FLORENCE AVE,110084,
-118.3518221,33.98887634,74788,8784609,2019,2019-02-13T00:00:00.000Z,1942,2019-01-29T00:00:00.000Z,2153,43078,1231,2,5,7,1942,0,0,0,L,0,12XL57,SLAUSON AV,ANGELES VISTA DR,0,,Y,A,-,N,,0,0,,,0,,,,Y,4,0,2,2,A,-,9,21801,A,N,D,C,A,A,H,-,C,A,0,,,,,Y,Y,A,1,0,0,2,0,0,0,0,0,0,- ,- ,0,0,2400,1,LOS ANGELES,LOS ANGELES,CA,-118.3518221,33.98887634,"SLAUSON AVE & ANGELES VISTA BLVD, LOS ANGELES, CA",SLAUSON AVE,ANGELES VISTA BLVD,103072,
-118.3540451,34.08363724,74789,8784610,2019,2019-02-14T00:00:00.000Z,1942,2019-01-27T00:00:00.000Z,2150,40690,702,7,5,7,1942,0,0,0,G,0,7A1,MELROSE AV,SIERRA BONITA AV,75,E,N,A,-,N,,0,0,,,0,,,,N,3,0,2,3,A,-,1,23152,A,N,B,C,A,A,H,-,C,D,0,,,,,Y,Y,A,1,0,1,1,0,0,0,0,0,0,- ,- ,0,0,2400,1,LOS ANGELES,LOS ANGELES,CA,-118.3540451,34.08363724,"MELROSE AVE & SIERRA BONITA AVE, LOS ANGELES, CA",MELROSE AVE,SIERRA BONITA AVE,142514,
-118.3176521,34.02554321,74790,8784638,2019,2019-04-02T00:00:00.000Z,1942,2019-01-25T00:00:00.000Z,2201,42665,355,5,5,7,1942,0,0,0,C,0,3A55,ARLINGTON AV,W JEFFERSON BL,0,,Y,A,-,N,,0,0,,,0,,,,Y,4,0,1,3,A,-,9,21801,A,N,D,C,A,A,H,-,C,A,0,,,,,Y,,A,1,0,0,1,0,0,0,0,0,0,- ,- ,0,0,2400,1,LOS ANGELES,LOS ANGELES,CA,-118.3176521,34.02554321,"ARLINGTON AVE & JEFFERSON BLVD, LOS ANGELES, CA",ARLINGTON AVE,JEFFERSON BLVD,120802,
-118.5885622,34.2431221,74791,8785618,2019,2019-02-04T00:00:00.000Z,1942,2019-01-18T00:00:00.000Z,2130,34561,1771,5,5,7,1942,0,0,0,Q,0,17A81,DE SOTO AV,PLUMMER ST,145,N,N,A,-,N,,0,0,,,0,,,,Y,2,0,2,2,A,-,9,21801,A,N,A,C,A,A,H,-,C,D,0,,,,,Y,,A,1,1,0,1,0,0,0,0,0,0,- ,- ,0,0,2400,1,LOS ANGELES,LOS ANGELES,CA,-118.5885622,34.2431221,"DE SOTO AVE & PLUMMER ST, LOS ANGELES, CA",DE SOTO AVE,PLUMMER ST,133727,
-118.4312621,34.1721344,74792,8785659,2019,2019-02-04T00:00:00.000Z,1942,2019-01-15T00:00:00.000Z,2245,40353,946,2,5,7,1942,0,0,0,I,0,9A37,WOODMAN AV,BURBANK BL,0,,Y,A,-,N,,0,0,,,0,,,,Y,3,0,2,2,A,-,12,21453,A,F,A,C,A,B,H,-,C,A,0,,,,,Y,,A,1,0,1,1,0,0,0,0,0,0,- ,- ,0,0,2400,1,LOS ANGELES,LOS ANGELES,CA,-118.4312621,34.1721344,"WOODMAN AVE & BURBANK BLVD, LOS ANGELES, CA",WOODMAN AVE,BURBANK BLVD,111517,
-118.4302381,34.17572784,74793,8785768,2019,2019-02-02T00:00:00.000Z,1942,2019-01-15T00:00:00.000Z,2325,41198,,2,5,7,1942,0,0,0,,0,,HATTERAS ST,BUFFALO AV,20,W,N,B,-,N,,0,0,,,0,,,,Y,0,0,0,2,A,-,3,22350,,M,E,E,A,B,H,-,C,A,0,,,,,Y,,A,1,0,0,0,0,0,0,0,0,0,- ,- ,0,0,2400,1,LOS ANGELES,LOS ANGELES,CA,-118.4302381,34.17572784,"HATTERAS ST & BUFFALO AVE, LOS ANGELES, CA",HATTERAS ST,BUFFALO AVE,97523,
-118.420412,34.20118713,74794,8785771,2019,2019-02-02T00:00:00.000Z,1942,2019-01-11T00:00:00.000Z,2137,38956,1521,5,5,7,1942,0,0,0,O,0,15A21,SHERMAN WY,ATOLL AV,200,E,N,A,-,N,,0,0,,,0,,,,N,0,0,0,2,A,-,21,22106,,M,H,E,A,A,H,-,C,D,0,,,,,Y,,-,99,0,0,0,0,0,0,0,0,0,- ,- ,0,0,2400,1,LOS ANGELES,LOS ANGELES,CA,-118.420412,34.20118713,"SHERMAN WAY & ATOLL AVE, LOS ANGELES, CA",SHERMAN WAY,ATOLL AVE,108010,
-118.4469787,34.29556656,74795,8785868,2019,2019-02-04T00:00:00.000Z,1942,2019-01-16T00:00:00.000Z,2130,40141,1925,3,5,7,1942,0,0,0,,0,19A1,BEAVER ST,BRADLEY AV,6,E,N,C,-,N,,0,0,,,0,,,,N,2,0,1,2,A,-,10,21950,A,F,G,B,B,B,H,-,D,D,0,Y,,,,Y,,-,99,1,0,0,0,1,0,0,0,0,- ,- ,0,0,2400,1,LOS ANGELES,LOS ANGELES,CA,-118.4469787,34.29556656,"BEAVER ST & BRADLEY AVE, LOS ANGELES, CA",BEAVER ST,BRADLEY AVE,129755,
-118.5360422,34.18183518,74796,8785888,2019,2019-02-04T00:00:00.000Z,1942,2019-01-16T00:00:00.000Z,2207,34561,1033,3,5,7,1942,0,0,0,J,0,10A21,RESEDA BL,CALVERT ST,0,,Y,C,-,N,,0,0,,,0,,,,N,4,0,1,2,A,-,10,21950,A,F,G,B,B,B,H,-,C,A,0,Y,,,,Y,,-,99,0,0,1,0,1,0,0,0,0,- ,- ,0,0,2400,1,LOS ANGELES,LOS ANGELES,CA,-118.5360422,34.18183517,"RESEDA BLVD & CALVERT ST, LOS ANGELES, CA",RESEDA BLVD,CALVERT ST,105036,
-118.421903,34.26625061,74797,8786210,2019,2019-02-12T00:00:00.000Z,1942,2019-01-01T00:00:00.000Z,2110,42344,1622,2,5,7,1942,0,0,0,P,0,16A11,VAN NUYS BL,SAN FERNANDO RD,85,E,N,A,-,N,,0,0,,,0,,,,N,0,0,0,2,A,-,1,23152,A,N,C,C,A,A,H,-,C,A,0,,,,,Y,Y,A,1,0,0,0,0,0,0,0,0,0,- ,- ,0,0,2400,1,LOS ANGELES,LOS ANGELES,CA,-118.421903,34.26625061,"VAN NUYS BLVD & SAN FERNANDO RD, LOS ANGELES, CA",VAN NUYS BLVD,SAN FERNANDO RD,147651,
-118.4408186,34.01315308,74798,8786648,2019,2019-02-04T00:00:00.000Z,1942,2019-01-10T00:00:00.000Z,2225,37511,1416,4,5,7,1942,0,0,0,N,0,14A25,S CENTINELLA AV,ROSE AV,700,S,N,A,-,N,,0,0,,,0,,,,Y,0,0,0,2,A,-,1,23152,A,N,B,E,A,A,H,-,C,B,0,,,,,Y,Y,A,1,0,0,0,0,0,0,0,0,0,- ,- ,0,0,2400,1,LOS ANGELES,LOS ANGELES,CA,-118.4408186,34.01315308,"CENTINELA AVE & ROSE AVE, LOS ANGELES, CA",CENTINELA AVE,ROSE AVE,114535,
-118.2194421,34.02807617,74799,8786762,2019,2019-02-11T00:00:00.000Z,1942,2019-01-20T00:00:00.000Z,2205,43016,489,7,5,7,1942,0,0,0,,0,4A59,SOTO ST,8TH ST,0,,Y,A,-,N,,0,0,,,0,,,,Y,3,0,4,2,A,-,9,21801,A,N,D,C,A,A,H,-,C,A,0,,,,,Y,,A,1,0,1,3,0,0,0,0,0,0,- ,- ,0,0,2400,1,LOS ANGELES,LOS ANGELES,CA,-118.2194421,34.02807617,"SOTO ST & 8TH ST, LOS ANGELES, CA",SOTO ST,8TH ST,149298,
-118.5012005,34.20959854,74800,8786767,2019,2019-02-12T00:00:00.000Z,1942,2019-01-27T00:00:00.000Z,2220,40388,1017,7,5,7,1942,0,0,0,J,0,10A17,BALBOA BL,SATICOY ST,435,N,N,A,-,N,,0,0,,,0,,,,Y,4,0,2,2,A,-,1,23152,F,N,C,C,A,A,H,-,C,A,0,,,,,Y,Y,A,1,0,0,2,0,0,0,0,0,0,- ,- ,0,0,2400,1,LOS ANGELES,LOS ANGELES,CA,-118.5012005,34.20959854,"BALBOA BLVD & SATICOY ST, LOS ANGELES, CA",BALBOA BLVD,SATICOY ST,147533,
-118.3090322,33.94543457,74801,8787697,2019,2019-02-25T00:00:00.000Z,1942,2019-01-01T00:00:00.000Z,2205,42282,1283,2,5,7,1942,0,0,0,L,0,12A73,S WESTERN AV,W CENTURY BL,0,,Y,A,-,N,,0,0,,,0,,,,Y,4,0,1,3,A,-,12,21453,A,F,D,C,A,A,H,-,C,D,0,,,,,Y,,-,99,0,0,1,0,0,0,0,0,0,- ,- ,0,0,2400,1,LOS ANGELES,LOS ANGELES,CA,-118.3090322,33.94543457,"WESTERN AVE & CENTURY BLVD, LOS ANGELES, CA",WESTERN AVE,CENTURY BLVD,99547,
-118.3054948,33.95998001,74802,8787702,2019,2019-02-02T00:00:00.000Z,1942,2019-01-05T00:00:00.000Z,2210,42665,1263,6,5,7,1942,0,0,0,L,0,12A53,MANCHESTER AV,DENKER AV,253,W,N,C,-,N,,0,0,,,0,,,,N,3,0,1,2,A,-,11,21955,,N,G,B,D,B,H,-,C,D,0,Y,,,,Y,,N,60,0,1,0,0,1,0,0,0,0,- ,- ,0,0,2400,1,LOS ANGELES,LOS ANGELES,CA,-118.3054948,33.95998001,"MANCHESTER AVE & DENKER AVE, LOS ANGELES, CA",MANCHESTER AVE,DENKER AVE,127710,
-118.3264821,33.97454453,74803,8787713,2019,2019-02-25T00:00:00.000Z,1942,2019-01-07T00:00:00.000Z,2300,35393,1251,1,5,7,1942,0,0,0,L,0,12A51,FLORENCE AV,8TH AV,0,,Y,A,-,N,,0,0,,,0,,,,Y,4,0,2,2,A,-,12,21453,A,N,D,C,A,A,H,-,C,A,0,,,,,Y,,A,1,0,0,2,0,0,0,0,0,0,- ,- ,0,0,2400,1,LOS ANGELES,LOS ANGELES,CA,-118.3264821,33.97454453,"FLORENCE AVE & 8TH AVE, LOS ANGELES, CA",FLORENCE AVE,8TH AVE,117054,
-118.3026671,33.85839462,74804,8788771,2019,2019-02-02T00:00:00.000Z,1942,2019-01-04T00:00:00.000Z,2130,42665,504,5,5,7,1942,0,0,0,E,0,5A1,W 190TH ST,HARBORGATE WY,254,E,N,A,-,N,,0,0,,,0,,,,Y,4,0,1,1,A,-,3,22350,,N,E,I,A,A,H,-,C,D,0,,,,,Y,,A,1,0,0,1,0,0,0,0,0,0,- ,- ,0,0,2400,1,LOS ANGELES,LOS ANGELES,CA,-118.3026671,33.85839462,"190TH ST & HARBORGATE WAY, LOS ANGELES, CA",190TH ST,HARBORGATE WAY,144756,
-118.5745369,34.19379807,74806,8790082,2019,2019-02-20T00:00:00.000Z,1942,2019-01-22T00:00:00.000Z,2110,37304,2148,2,5,7,1942,0,0,0,,0,21A29,VANOWEN ST,OSO AV,250,E,N,A,-,N,,0,0,,,0,,,,Y,3,0,2,2,A,-,8,22102,,F,D,C,A,A,H,-,C,A,0,,,,,Y,,A,1,0,1,1,0,0,0,0,0,0,- ,- ,0,0,2400,1,LOS ANGELES,LOS ANGELES,CA,-118.5745369,34.19379807,"VANOWEN ST & OSO AVE, LOS ANGELES, CA",VANOWEN ST,OSO AVE,108651,
-118.481478,34.19321823,74807,8790090,2019,2019-02-20T00:00:00.000Z,1942,2019-01-05T00:00:00.000Z,2250,42565,1039,6,5,7,1942,0,0,0,J,0,10A39,GAVIOTA AV,VANOWEN ST,250,S,N,C,-,N,,0,0,,,0,,,,Y,4,0,1,2,A,-,1,23152,A,N,C,E,A,B,H,-,C,D,0,,,,,Y,Y,A,1,0,0,1,0,0,0,0,0,0,- ,- ,0,0,2400,1,LOS ANGELES,LOS ANGELES,CA,-118.481478,34.19321823,"GAVIOTA AVE & VANOWEN ST, LOS ANGELES, CA",GAVIOTA AVE,VANOWEN ST,148023,
-118.2828538,34.00276566,74808,8791577,2019,2019-02-07T00:00:00.000Z,1942,2019-01-05T00:00:00.000Z,2320,41688,1209,6,5,7,1942,0,0,0,L,0,12A31,45TH ST,FIGUEROA ST,40,W,N,C,-,N,,0,0,,,0,,,,N,0,0,0,2,A,-,9,21804,A,N,A,C,A,B,H,-,D,D,0,,,,,Y,Y,A,1,0,0,0,0,0,0,0,0,0,- ,- ,0,0,2400,1,LOS ANGELES,LOS ANGELES,CA,-118.2828538,34.00276566,"45TH ST & FIGUEROA ST, LOS ANGELES, CA",45TH ST,FIGUEROA ST,120949,
-118.2870774,33.98195648,74809,8791646,2019,2019-02-07T00:00:00.000Z,1942,2019-01-20T00:00:00.000Z,2140,42997,1248,7,5,7,1942,0,0,0,L,0,12A3,HOOVER ST,63RD PL,30,S,N,A,-,N,,0,0,,,0,,,,N,4,0,1,2,A,-,11,21955,,F,G,B,C,A,H,-,C,A,0,Y,,,,Y,,N,60,0,0,1,0,1,0,0,0,0,- ,- ,0,0,2400,1,LOS ANGELES,LOS ANGELES,CA,-118.2870774,33.98195648,"HOOVER ST & 63RD PL, LOS ANGELES, CA",HOOVER ST,63RD PL,96071,
-118.4142662,34.0232048,74810,8791977,2019,2019-02-14T00:00:00.000Z,1942,2019-01-18T00:00:00.000Z,2320,42601,1438,5,5,7,1942,0,0,0,N,0,14A56,PALMS BL,GLENDON AV,135,W,N,A,-,N,,0,0,,,0,,,,Y,3,0,1,7,A,-,1,23152,A,N,B,E,A,A,H,-,C,D,0,,,,,Y,Y,D,22,0,1,0,0,0,0,0,0,0,- ,- ,0,0,2400,1,LOS ANGELES,LOS ANGELES,CA,-118.4142662,34.0232048,"PALMS BLVD & GLENDON AVE, LOS ANGELES, CA",PALMS BLVD,GLENDON AVE,138986,
-118.4380822,34.2163353,74811,8792083,2019,2019-02-27T00:00:00.000Z,1942,2019-01-31T00:00:00.000Z,2300,43292,1998,4,5,7,1942,0,0,0,,0,19A93,BROADLEAF AV,LANARK ST,0,,Y,A,-,N,,0,0,,,0,,,,Y,0,0,0,2,A,-,12,22450,A,M,D,C,A,A,H,-,C,D,0,,,,,Y,,D,22,0,0,0,0,0,0,0,0,0,- ,- ,0,0,2400,1,LOS ANGELES,LOS ANGELES,CA,-118.4380822,34.2163353,"BROADLEAF AVE & LANARK ST, LOS ANGELES, CA",BROADLEAF AVE,LANARK ST,114909,