X,Y,OBJECTID,case_id,accident_year,proc_date,juris,collision_date,collision_time,officer_id,reporting_district,day_of_week,chp_shift,population,cnty_city_loc,special_cond,beat_type,chp_beat_type,city_division_lapd,chp_beat_class,beat_number,primary_rd,secondary_rd,distance,direction,intersection,weather_1,weather_2,state_hwy_ind,caltrans_county,caltrans_district,state_route,route_suffix,postmile_prefix,postmile,location_type,ramp_intersection,side_of_hwy,tow_away,collision_severity,number_killed,number_injured,party_count,primary_coll_factor,pcf_code_of_viol,pcf_viol_category,pcf_violation,pcf_viol_subsection,hit_and_run,type_of_collision,mviw,ped_action,road_surface,road_cond_1,road_cond_2,lighting,control_device,chp_road_type,pedestrian_accident,bicycle_accident,motorcycle_accident,truck_accident,not_private_property,alcohol_involved,stwd_vehtype_at_fault,chp_vehtype_at_fault,count_severe_inj,count_visible_inj,count_complaint_pain,count_ped_killed,count_ped_injured,count_bicyclist_killed,count_bicyclist_injured,count_mc_killed,count_mc_injured,primary_ramp,secondary_ramp,latitude,longitude,timecat,month_,city,county,state,point_x,point_y,match_addr,m_primaryrd,m_secondrd,int_id,Flag
-118.3455377,34.10250855,74812,8792492,2019,2019-02-20T00:00:00.000Z,1942,2019-01-22T00:00:00.000Z,2300,43446,645,2,5,7,1942,0,0,0,F,0,6A37,LA BREA AV,YUCCA ST,96,S,N,A,-,N,,0,0,,,0,,,,Y,2,0,1,2,A,-,8,22107,,F,-,C,A,A,H,-,C,A,0,,,Y,,Y,,-,99,1,0,0,0,0,0,0,0,1,- ,- ,0,0,2400,1,LOS ANGELES,LOS ANGELES,CA,-118.3455377,34.10250854,"LA BREA AVE & YUCCA ST, LOS ANGELES, CA",LA BREA AVE,YUCCA ST,128774,
-118.3853166,34.04046249,74813,8792520,2019,2019-03-13T00:00:00.000Z,1942,2019-01-11T00:00:00.000Z,2105,41354,889,5,5,7,1942,0,0,0,H,0,8G1,CADILLAC AV,SHENANDOAH AV,40,W,N,A,-,N,,0,0,,,0,,,,N,4,0,1,2,A,-,9,21804,A,N,C,C,A,A,H,-,C,D,0,,,,,Y,,-,- ,0,0,1,0,0,0,0,0,0,- ,- ,0,0,2400,1,LOS ANGELES,LOS ANGELES,CA,-118.3853166,34.04046249,"CADILLAC AVE & SHENANDOAH ST, LOS ANGELES, CA",CADILLAC AVE,SHENANDOAH ST,96404,
-118.2601622,34.08325577,74815,8792584,2019,2019-02-20T00:00:00.000Z,1942,2019-01-06T00:00:00.000Z,2210,33452,1183,7,5,7,1942,0,0,0,K,0,11A95,N ALVARADO ST,GLENDALE BL,0,,Y,C,-,N,,0,0,,,0,,,,Y,0,0,0,1,A,-,8,22107,,N,-,I,A,B,G,-,C,A,0,,,,,Y,,A,7,0,0,0,0,0,0,0,0,0,- ,- ,0,0,2400,1,LOS ANGELES,LOS ANGELES,CA,-118.2601622,34.08325577,"ALVARADO ST & GLENDALE BLVD, LOS ANGELES, CA",ALVARADO ST,GLENDALE BLVD,105772,
-118.3790022,34.14967728,74816,8792720,2019,2019-02-21T00:00:00.000Z,1942,2019-01-26T00:00:00.000Z,2115,40876,1563,6,5,7,1942,0,0,0,O,0,15A85,TUJUNGA AV,MOORPARK ST,254,S,N,A,-,N,,0,0,,,0,,,,N,0,0,0,2,A,-,8,22100,5,M,B,C,A,A,H,-,C,D,0,,,,,Y,,-,99,0,0,0,0,0,0,0,0,0,- ,- ,0,0,2400,1,LOS ANGELES,LOS ANGELES,CA,-118.3790022,34.14967728,"TUJUNGA AVE & MOORPARK ST, LOS ANGELES, CA",TUJUNGA AVE,MOORPARK ST,100943,
-118.4480038,34.06201172,74817,8792767,2019,2019-02-15T00:00:00.000Z,1942,2019-01-31T00:00:00.000Z,2150,42898,817,4,5,7,1942,0,0,0,H,0,8A1,GAYLEY AV,WEYBURN AV,15,N,N,B,-,N,,0,0,,,0,,,,N,0,0,0,2,A,-,3,22350,,M,C,C,A,A,H,-,C,A,0,,,,,Y,,-,99,0,0,0,0,0,0,0,0,0,- ,- ,0,0,2400,1,LOS ANGELES,LOS ANGELES,CA,-118.4480038,34.06201172,"GAYLEY AVE & WEYBURN AVE, LOS ANGELES, CA",GAYLEY AVE,WEYBURN AVE,128911,
-118.4361422,34.25983429,74818,8793036,2019,2019-02-27T00:00:00.000Z,1942,2019-01-31T00:00:00.000Z,2340,33504,1621,4,5,7,1942,0,0,0,P,0,16A11,REMICK AV,JUDD ST,0,,Y,B,-,N,,0,0,,,0,,,,N,0,0,0,3,A,-,1,23152,A,N,A,C,A,A,H,-,C,D,0,,,,,Y,Y,A,7,0,0,0,0,0,0,0,0,0,- ,- ,0,0,2400,1,LOS ANGELES,LOS ANGELES,CA,-118.4361422,34.25983429,"REMICK AVE & JUDD ST, LOS ANGELES, CA",REMICK AVE,JUDD ST,119264,
-118.3091521,34.07368469,74819,8793326,2019,2019-02-27T00:00:00.000Z,1942,2019-01-23T00:00:00.000Z,2120,41844,551,3,5,7,1942,0,0,0,E,0,5A55,N WESTERN AV,W 1ST ST,0,,Y,A,-,N,,0,0,,,0,,,,N,4,0,1,2,A,-,10,21950,A,N,G,B,B,A,H,-,C,A,0,Y,,,,Y,,A,7,0,0,1,0,1,0,0,0,0,- ,- ,0,0,2400,1,LOS ANGELES,LOS ANGELES,CA,-118.3091521,34.07368469,"N WESTERN AVE & 1ST ST, LOS ANGELES, CA",N WESTERN AVE,1ST ST,107676,
-118.5301433,34.26451874,74820,8793329,2019,2019-02-27T00:00:00.000Z,1942,2019-01-11T00:00:00.000Z,2235,34561,1743,5,5,7,1942,0,0,0,Q,0,17A35,CHATSWORTH ST,ETIWANDA AV,490,E,N,B,-,N,,0,0,,,0,,,,Y,3,0,1,2,A,-,3,22350,,N,C,E,A,A,H,-,C,D,0,,,,,Y,,A,7,0,1,0,0,0,0,0,0,0,- ,- ,0,0,2400,1,LOS ANGELES,LOS ANGELES,CA,-118.5301433,34.26451874,"CHATSWORTH ST & ETIWANDA AVE, LOS ANGELES, CA",CHATSWORTH ST,ETIWANDA AVE,105190,
-118.5381336,34.24274445,74821,8793333,2019,2019-02-27T00:00:00.000Z,1942,2019-01-11T00:00:00.000Z,2310,42818,1767,5,5,7,1942,0,0,0,Q,0,17A67,PLUMMER ST,RESEDA BL,615,W,N,A,-,N,,0,0,,,0,,,,Y,4,0,1,3,A,-,9,21801,A,N,A,C,A,A,H,-,C,D,0,,,,,Y,,A,7,0,0,1,0,0,0,0,0,0,- ,- ,0,0,2400,1,LOS ANGELES,LOS ANGELES,CA,-118.5381336,34.24274445,"PLUMMER ST & RESEDA BLVD, LOS ANGELES, CA",PLUMMER ST,RESEDA BLVD,136671,
-118.3741703,34.15243149,74822,8793362,2019,2019-02-25T00:00:00.000Z,1942,2019-01-15T00:00:00.000Z,2225,36336,1566,2,5,7,1942,0,0,0,O,0,15A67,RIVERSIDE DR,ENSIGN AV,900,W,N,C,-,N,,0,0,,,0,,,,Y,4,0,3,3,A,-,3,22350,,N,B,C,A,B,H,-,C,D,0,,,,,Y,,A,7,0,0,3,0,0,0,0,0,0,- ,- ,0,0,2400,1,LOS ANGELES,LOS ANGELES,CA,-118.3741703,34.15243149,"RIVERSIDE DR & ENSIGN AVE, LOS ANGELES, CA",RIVERSIDE DR,ENSIGN AVE,150175,
-118.5710816,34.20832825,74823,8793376,2019,2019-02-25T00:00:00.000Z,1942,2019-01-14T00:00:00.000Z,2310,40876,2128,1,5,7,1942,0,0,0,,0,21A29,SATICOY ST,WINNETKA AV,18,W,N,A,-,N,,0,0,,,0,,,,N,3,0,1,2,A,-,10,21950,A,N,G,B,B,A,H,-,C,A,0,Y,,,,Y,,A,1,0,1,0,0,1,0,0,0,0,- ,- ,0,0,2400,1,LOS ANGELES,LOS ANGELES,CA,-118.5710816,34.20832825,"SATICOY ST & WINNETKA AVE, LOS ANGELES, CA",SATICOY ST,WINNETKA AVE,143571,
-118.4483922,34.27405548,74824,8793377,2019,2019-02-26T00:00:00.000Z,1942,2019-01-17T00:00:00.000Z,2135,33504,1944,4,5,7,1942,0,0,0,,0,19A43,LAUREL CANYON BL,CHATSWORTH DR,0,,Y,B,-,N,,0,0,,,0,,,,Y,3,0,2,2,A,-,9,21801,A,N,A,C,A,A,H,-,C,A,0,,,,,Y,,A,1,0,1,1,0,0,0,0,0,0,- ,- ,0,0,2400,1,LOS ANGELES,LOS ANGELES,CA,-118.4483922,34.27405548,"LAUREL CANYON BLVD & CHATSWORTH DR, LOS ANGELES, CA",LAUREL CANYON BLVD,CHATSWORTH DR,115333,
-118.4052721,34.16867447,74825,8793418,2019,2019-03-11T00:00:00.000Z,1942,2019-01-13T00:00:00.000Z,2335,39495,1541,7,5,7,1942,0,0,0,O,0,15A43,WHITSETT AV,CHANDLER BL,0,,Y,B,-,N,,0,0,,,0,,,,Y,3,0,4,3,A,-,12,21453,A,N,D,C,A,A,H,-,C,A,0,,,,,Y,Y,A,7,0,2,2,0,0,0,0,0,0,- ,- ,0,0,2400,1,LOS ANGELES,LOS ANGELES,CA,-118.4052721,34.16867447,"WHITSETT AVE & CHANDLER BLVD, LOS ANGELES, CA",WHITSETT AVE,CHANDLER BLVD,115061,
-118.2992021,33.82449341,74826,8793431,2019,2019-03-18T00:00:00.000Z,1942,2019-01-13T00:00:00.000Z,2210,41072,507,7,5,7,1942,0,0,0,E,0,5A1,223RD ST,NORMANDIE AV,0,,Y,A,-,N,,0,0,,,0,,,,Y,4,0,2,3,A,-,9,21801,A,F,D,C,A,A,H,-,C,A,0,,,,,Y,,-,99,0,0,2,0,0,0,0,0,0,- ,- ,0,0,2400,1,LOS ANGELES,LOS ANGELES,CA,-118.2992021,33.82449341,"223RD ST & NORMANDIE AVE, LOS ANGELES, CA",223RD ST,NORMANDIE AVE,99687,
-118.2038721,34.05299377,74827,8794202,2019,2019-04-29T00:00:00.000Z,1942,2019-01-04T00:00:00.000Z,2320,40730,455,5,5,7,1942,0,0,0,D,0,4A53,WABASH AV,SOTO ST,0,,Y,A,-,Y,LA,7,5,-,-,18.679,R,4,N,Y,0,0,0,2,A,-,12,21453,A,M,D,C,A,A,H,-,C,A,0,,,,,Y,,-,- ,0,0,0,0,0,0,0,0,0,- ,- ,0,0,2400,1,LOS ANGELES,LOS ANGELES,CA,-118.2038721,34.05299377,"WABASH AVE & SOTO ST, LOS ANGELES, CA",WABASH AVE,SOTO ST,124673,
-118.2898438,33.73422623,74828,8795049,2019,2019-02-12T00:00:00.000Z,1942,2019-01-24T00:00:00.000Z,2300,36911,563,4,5,7,1942,0,0,0,E,0,5A85,W 11TH ST,GRAND AV,100,E,N,A,-,N,,0,0,,,0,,,,N,0,0,0,2,A,-,0,20015,A,M,B,E,A,A,H,-,C,D,0,,,,,Y,,-,99,0,0,0,0,0,0,0,0,0,- ,- ,0,0,2400,1,LOS ANGELES,LOS ANGELES,CA,-118.2898438,33.73422623,"11TH ST & GRAND AVE, LOS ANGELES, CA",11TH ST,GRAND AVE,135891,
-118.3878167,34.21012116,74830,8795430,2019,2019-02-11T00:00:00.000Z,1942,2019-01-10T00:00:00.000Z,2120,43202,1685,4,5,7,1942,0,0,0,P,0,16A81,LANKERSHIM BL,SATICOY ST,600,N,N,A,-,N,,0,0,,,0,,,,N,0,0,0,2,A,-,3,22350,,M,C,C,A,A,H,-,C,D,0,,,,,Y,,-,99,0,0,0,0,0,0,0,0,0,- ,- ,0,0,2400,1,LOS ANGELES,LOS ANGELES,CA,-118.3878167,34.21012115,"LANKERSHIM BLVD & SATICOY ST, LOS ANGELES, CA",LANKERSHIM BLVD,SATICOY ST,118685,
-118.4532851,34.27865219,74831,8795456,2019,2019-02-13T00:00:00.000Z,1942,2019-01-06T00:00:00.000Z,2225,37313,1936,7,5,7,1942,0,0,0,,0,19A43,LAUREL CANYON BL,KALISHER ST,35,S,N,C,-,N,,0,0,,,0,,,,N,0,0,0,2,A,-,8,22107,,N,B,C,A,B,B,-,C,A,0,,,,,Y,,-,99,0,0,0,0,0,0,0,0,0,- ,- ,0,0,2400,1,LOS ANGELES,LOS ANGELES,CA,-118.4532851,34.27865219,"LAUREL CANYON BLVD & KALISHER ST, LOS ANGELES, CA",LAUREL CANYON BLVD,KALISHER ST,133164,
-118.4541199,34.26976395,74832,8795464,2019,2019-02-13T00:00:00.000Z,1942,2019-01-22T00:00:00.000Z,2209,40388,1943,2,5,7,1942,0,0,0,,0,19A43,ARLETA AV,CHATSWORTH DR,31,S,N,A,-,N,,0,0,,,0,,,,N,0,0,0,2,A,-,4,21703,,M,C,C,A,A,H,-,C,D,0,,,,,Y,,-,99,0,0,0,0,0,0,0,0,0,- ,- ,0,0,2400,1,LOS ANGELES,LOS ANGELES,CA,-118.4541199,34.26976395,"ARLETA AVE & CHATSWORTH DR, LOS ANGELES, CA",ARLETA AVE,CHATSWORTH DR,101308,
-118.3007611,34.04156876,74833,8796043,2019,2019-02-21T00:00:00.000Z,1942,2019-01-11T00:00:00.000Z,2250,37511,2093,5,5,7,1942,0,0,0,,0,20A71,S NORMANDIE AV,WASHINGTON BL,600,N,N,B,-,N,,0,0,,,0,,,,N,0,0,0,2,A,-,7,21658,A,N,B,C,A,A,H,-,C,A,0,,,,,Y,,D,22,0,0,0,0,0,0,0,0,0,- ,- ,0,0,2400,1,LOS ANGELES,LOS ANGELES,CA,-118.3007611,34.04156876,"NORMANDIE AVE & WASHINGTON BLVD, LOS ANGELES, CA",NORMANDIE AVE,WASHINGTON BLVD,128090,
-118.2288021,33.93884659,74834,8796069,2019,2019-02-22T00:00:00.000Z,1942,2019-01-18T00:00:00.000Z,2235,42665,1839,5,5,7,1942,0,0,0,R,0,18A49,S MONA BL,E 107TH ST,0,,Y,A,-,N,,0,0,,,0,,,,Y,0,0,0,2,A,-,3,22350,,N,D,C,A,A,H,-,C,D,0,,,,,Y,Y,J,48,0,0,0,0,0,0,0,0,0,- ,- ,0,0,2400,1,LOS ANGELES,LOS ANGELES,CA,-118.2288021,33.93884659,"MONA BLVD & 107TH ST, LOS ANGELES, CA",MONA BLVD,107TH ST,106164,
-118.2613322,34.02157593,74835,8796186,2019,2019-02-28T00:00:00.000Z,1942,2019-01-05T00:00:00.000Z,2130,41661,1322,6,5,7,1942,0,0,0,M,0,13A13,E ADAMS BL,S SAN PEDRO ST,0,,Y,C,-,N,,0,0,,,0,,,,N,4,0,2,3,A,-,9,21800,D,N,D,D,A,B,H,-,C,B,0,,,,,Y,,A,1,0,0,2,0,0,0,0,0,0,- ,- ,0,0,2400,1,LOS ANGELES,LOS ANGELES,CA,-118.2613322,34.02157593,"ADAMS BLVD & SAN PEDRO ST, LOS ANGELES, CA",ADAMS BLVD,SAN PEDRO ST,149024,
-118.2950735,34.02199936,74836,8796346,2019,2019-02-26T00:00:00.000Z,1942,2019-01-30T00:00:00.000Z,2113,41870,357,3,5,7,1942,0,0,0,C,0,3A57,36TH PL,CATALINA AV,198,W,N,A,-,N,,0,0,,,0,,,,N,0,0,0,2,A,-,21,22106,,N,C,E,A,A,H,-,C,D,0,,,,,Y,,A,7,0,0,0,0,0,0,0,0,0,- ,- ,0,0,2400,1,LOS ANGELES,LOS ANGELES,CA,-118.2950735,34.02199936,"36TH PL & CATALINA ST, LOS ANGELES, CA",36TH PL,CATALINA ST,131224,
-118.4774203,34.18650055,74837,8796443,2019,2019-02-13T00:00:00.000Z,1942,2019-01-09T00:00:00.000Z,2256,42251,1049,3,5,7,1942,0,0,0,J,0,10A17,DENSMORE AV,VICTORY BL,49,S,N,A,-,N,,0,0,,,0,,,,N,0,0,0,1,A,-,21,22106,,M,H,I,A,A,H,-,C,D,0,,,,,Y,,D,22,0,0,0,0,0,0,0,0,0,- ,- ,0,0,2400,1,LOS ANGELES,LOS ANGELES,CA,-118.4774203,34.18650055,"DENSMORE AVE & VICTORY BLVD, LOS ANGELES, CA",DENSMORE AVE,VICTORY BLVD,143429,
-118.3386722,34.09733582,74838,8796447,2019,2019-02-13T00:00:00.000Z,1942,2019-01-09T00:00:00.000Z,2320,40388,645,3,5,7,1942,0,0,0,F,0,6A45,N HIGHLAND AV,LELAND WY,146,N,N,A,-,N,,0,0,,,0,,,,Y,4,0,2,3,A,-,3,22350,,F,E,I,A,A,H,-,C,A,0,,,,,Y,,I,11,0,0,2,0,0,0,0,0,0,- ,- ,0,0,2400,1,LOS ANGELES,LOS ANGELES,CA,-118.3386722,34.09733582,"HIGHLAND AVE & LELAND WAY, LOS ANGELES, CA",HIGHLAND AVE,LELAND WAY,125515,
-118.477409,34.18663406,74839,8796451,2019,2019-02-13T00:00:00.000Z,1942,2019-01-09T00:00:00.000Z,2257,42251,1049,3,5,7,1942,0,0,0,J,0,10A17,VICTORY BL,DENSMORE ST,4,E,N,A,-,N,,0,0,,,0,,,,N,0,0,0,1,A,-,8,22107,,M,E,I,A,A,H,-,C,A,0,,,,,Y,,D,22,0,0,0,0,0,0,0,0,0,- ,- ,0,0,2400,1,LOS ANGELES,LOS ANGELES,CA,-118.477409,34.18663406,"VICTORY BLVD & DENSMORE AVE, LOS ANGELES, CA",VICTORY BLVD,DENSMORE AVE,143429,
-118.4749422,34.20127487,74840,8796455,2019,2019-02-13T00:00:00.000Z,1942,2019-01-09T00:00:00.000Z,2255,40876,1019,3,5,7,1942,0,0,0,J,0,10A39,HASKELL AV,SHERMAN WY,0,,Y,A,-,N,,0,0,,,0,,,,Y,4,0,2,2,A,-,12,21453,A,F,D,C,A,A,H,-,C,A,0,,,,,Y,,D,22,0,0,2,0,0,0,0,0,0,- ,- ,0,0,2400,1,LOS ANGELES,LOS ANGELES,CA,-118.4749422,34.20127487,"HASKELL AVE & SHERMAN WAY, LOS ANGELES, CA",HASKELL AVE,SHERMAN WAY,119077,
-118.4411087,34.02571869,74841,8796566,2019,2019-03-06T00:00:00.000Z,1942,2019-01-18T00:00:00.000Z,2115,43452,1402,5,5,7,1942,0,0,0,N,0,14A49,S BARRINGTON AV,BROOKHAVEN AV,15,N,N,A,-,N,,0,0,,,0,,,,N,4,0,1,2,A,-,8,22107,,N,B,C,A,A,H,-,C,A,0,,,Y,,Y,,A,1,0,0,1,0,0,0,0,0,1,- ,- ,0,0,2400,1,LOS ANGELES,LOS ANGELES,CA,-118.4411088,34.02571869,"BARRINGTON AVE & BROOKHAVEN AVE, LOS ANGELES, CA",BARRINGTON AVE,BROOKHAVEN AVE,135379,
-118.4695966,34.00209808,74842,8796810,2019,2019-02-14T00:00:00.000Z,1942,2019-01-30T00:00:00.000Z,2115,41957,1414,3,5,7,1942,0,0,0,N,0,14A13,LINCOLN BL,MACHADO DR,100,S,N,A,-,N,,0,0,,,0,,,,N,0,0,0,2,A,-,21,22106,,M,B,C,A,A,H,-,C,D,0,,,,,Y,,-,99,0,0,0,0,0,0,0,0,0,- ,- ,0,0,2400,1,LOS ANGELES,LOS ANGELES,CA,-118.4695966,34.00209808,"LINCOLN BLVD & MACHADO DR, LOS ANGELES, CA",LINCOLN BLVD,MACHADO DR,146051,
-118.2065121,34.07377625,74843,8796828,2019,2019-02-14T00:00:00.000Z,1942,2019-01-13T00:00:00.000Z,2300,42839,422,7,5,7,1942,0,0,0,,0,4A6,BROADWAY,GATES,0,,Y,A,-,N,,0,0,,,0,,,,Y,0,0,0,2,A,-,3,22350,,N,D,D,A,A,H,-,C,D,0,,,,,Y,Y,A,1,0,0,0,0,0,0,0,0,0,- ,- ,0,0,2400,1,LOS ANGELES,LOS ANGELES,CA,-118.2065121,34.07377625,"N BROADWAY & GATES ST, LOS ANGELES, CA",N BROADWAY,GATES ST,100635,
-118.2696509,34.0066185,74844,8796851,2019,2019-02-13T00:00:00.000Z,1942,2019-01-10T00:00:00.000Z,2305,30083,1352,4,5,7,1942,0,0,0,M,0,13A61,S SAN PEDRO ST,42ND PL,20,N,N,A,-,N,,0,0,,,0,,,,Y,0,0,0,2,A,-,1,23152,A,N,B,E,A,A,H,-,C,D,0,,,,,Y,Y,A,1,0,0,0,0,0,0,0,0,0,- ,- ,0,0,2400,1,LOS ANGELES,LOS ANGELES,CA,-118.2696509,34.0066185,"SAN PEDRO ST & 42ND PL, LOS ANGELES, CA",SAN PEDRO ST,42ND PL,99810,
-118.4113746,34.02093506,74845,8796878,2019,2019-02-14T00:00:00.000Z,1942,2019-01-17T00:00:00.000Z,2215,30264,1438,4,5,7,1942,0,0,0,N,0,14A27,GLENDON AV,FRANCIS AV,40,N,N,C,-,N,,0,0,,,0,,,,Y,0,0,0,4,A,-,3,22350,,M,B,E,A,B,H,-,C,D,0,,,,,Y,,-,99,0,0,0,0,0,0,0,0,0,- ,- ,0,0,2400,1,LOS ANGELES,LOS ANGELES,CA,-118.4113746,34.02093506,"GLENDON AVE & FRANCIS PL, LOS ANGELES, CA",GLENDON AVE,FRANCIS PL,139081,
-118.2827151,33.97465515,74846,8796980,2019,2019-02-14T00:00:00.000Z,1942,2019-01-18T00:00:00.000Z,2105,35869,1249,5,5,7,1942,0,0,0,L,0,12A73,FLORENCE AV,FIGUEROA ST,10,W,N,A,-,N,,0,0,,,0,,,,N,0,0,0,2,A,-,7,21658,A,M,B,C,A,A,H,-,C,A,0,,,,,Y,,-,99,0,0,0,0,0,0,0,0,0,- ,- ,0,0,2400,1,LOS ANGELES,LOS ANGELES,CA,-118.282715,33.97465515,"FLORENCE AVE & FIGUEROA ST, LOS ANGELES, CA",FLORENCE AVE,FIGUEROA ST,113583,
-118.2916453,34.05619812,74847,8797020,2019,2019-02-14T00:00:00.000Z,1942,2019-01-10T00:00:00.000Z,2320,43222,2049,4,5,7,1942,0,0,0,,0,20A58,VERMONT AV,JAMES M WOOD BL,100,N,N,A,-,N,,0,0,,,0,,,,Y,0,0,0,1,C,-,18,0,,N,E,J,A,A,A,-,C,D,0,,,,,Y,,-,- ,0,0,0,0,0,0,0,0,0,- ,- ,0,0,2400,1,LOS ANGELES,LOS ANGELES,CA,-118.2916453,34.05619812,"VERMONT AVE & JAMES M WOOD BLVD, LOS ANGELES, CA",VERMONT AVE,JAMES M WOOD BLVD,131542,
-118.3003021,34.03649521,74848,8797056,2019,2019-03-28T00:00:00.000Z,1942,2019-01-21T00:00:00.000Z,2335,43253,316,1,5,7,1942,0,0,0,C,0,3A15,NORMANDIE AV,22ND ST,55,N,N,A,-,N,,0,0,,,0,,,,N,4,0,1,3,A,-,3,22350,A,F,C,C,A,A,H,-,C,A,0,,,,,Y,,-,99,0,0,1,0,0,0,0,0,0,- ,- ,0,0,2400,1,LOS ANGELES,LOS ANGELES,CA,-118.3003021,34.03649521,"NORMANDIE AVE & 22ND ST, LOS ANGELES, CA",NORMANDIE AVE,22ND ST,0,
-118.3405321,34.03254318,74849,8797072,2019,2019-02-19T00:00:00.000Z,1942,2019-01-19T00:00:00.000Z,2100,42668,333,6,5,7,1942,0,0,0,C,0,3A58,ADAMS BL,BUCKINGHAM AV,0,,Y,A,-,N,,0,0,,,0,,,,N,4,0,1,2,A,-,9,21801,A,N,A,C,A,A,H,-,C,A,0,,,,,Y,,A,7,0,0,1,0,0,0,0,0,0,- ,- ,0,0,2400,1,LOS ANGELES,LOS ANGELES,CA,-118.3405321,34.03254318,"ADAMS BLVD & BUCKINGHAM RD, LOS ANGELES, CA",ADAMS BLVD,BUCKINGHAM RD,149164,
-118.2613322,34.02157593,74850,8797073,2019,2019-02-14T00:00:00.000Z,1942,2019-01-12T00:00:00.000Z,2150,36735,1322,6,5,7,1942,0,0,0,M,0,13A13,S SAN PEDRO ST,E ADAMS BL,0,,Y,B,-,N,,0,0,,,0,,,,Y,4,0,2,2,A,-,9,21801,A,N,A,C,A,A,H,-,C,A,0,,,,,Y,,A,7,0,0,2,0,0,0,0,0,0,- ,- ,0,0,2400,1,LOS ANGELES,LOS ANGELES,CA,-118.2613322,34.02157593,"SAN PEDRO ST & ADAMS BLVD, LOS ANGELES, CA",SAN PEDRO ST,ADAMS BLVD,149024,
-118.2694622,33.96017456,74851,8797120,2019,2019-03-05T00:00:00.000Z,1942,2019-01-17T00:00:00.000Z,2145,42097,1268,4,5,7,1942,0,0,0,L,0,12A67,SAN PEDRO AV,MANCHESTER AV,0,,Y,A,-,N,,0,0,,,0,,,,N,4,0,1,2,A,-,12,21453,A,N,D,C,A,A,H,-,C,A,0,,,,,Y,,-,- ,0,0,1,0,0,0,0,0,0,- ,- ,0,0,2400,1,LOS ANGELES,LOS ANGELES,CA,-118.2694622,33.96017456,"SAN PEDRO ST & MANCHESTER AVE, LOS ANGELES, CA",SAN PEDRO ST,MANCHESTER AVE,141770,
-118.4626522,33.99874497,74852,8797170,2019,2019-02-15T00:00:00.000Z,1942,2019-01-20T00:00:00.000Z,2240,42157,1415,7,5,7,1942,0,0,0,N,0,14A13,LINCOLN BL,BROOKS AV,0,,Y,A,-,N,,0,0,,,0,,,,N,3,0,2,2,A,-,12,21453,A,N,D,C,A,A,H,-,C,A,0,,,Y,,Y,,C,2,0,2,0,0,0,0,0,0,1,- ,- ,0,0,2400,1,LOS ANGELES,LOS ANGELES,CA,-118.4626522,33.99874496,"LINCOLN BLVD & BROOKS AVE, LOS ANGELES, CA",LINCOLN BLVD,BROOKS AVE,135374,
-118.3003832,34.06929016,74853,8797177,2019,2019-02-20T00:00:00.000Z,1942,2019-01-20T00:00:00.000Z,2115,40690,2025,7,5,7,1942,0,0,0,,0,20A25,S NORMANDIE AV,3RD ST,100,N,N,A,-,N,,0,0,,,0,,,,N,4,0,1,2,A,-,3,22350,,N,C,C,A,A,H,-,C,D,0,,,,,Y,,A,1,0,0,1,0,0,0,0,0,0,- ,- ,0,0,2400,1,LOS ANGELES,LOS ANGELES,CA,-118.3003832,34.06929016,"NORMANDIE AVE & 3RD ST, LOS ANGELES, CA",NORMANDIE AVE,3RD ST,142892,
-118.2010121,34.02778626,74854,8797370,2019,2019-02-20T00:00:00.000Z,1942,2019-01-22T00:00:00.000Z,2300,41629,478,2,5,7,1942,0,0,0,D,0,4A97,WHITTIER BL,S LORENA ST,0,,Y,A,-,N,,0,0,,,0,,,,N,0,0,0,1,A,-,8,22107,,N,E,I,A,A,H,-,C,D,0,,,,Y,Y,,G,27,0,0,0,0,0,0,0,0,0,- ,- ,0,0,2400,1,LOS ANGELES,LOS ANGELES,CA,-118.2010121,34.02778625,"WHITTIER BLVD & LORENA ST, LOS ANGELES, CA",WHITTIER BLVD,LORENA ST,121262,
-118.4783558,33.99674225,74855,8797387,2019,2019-02-20T00:00:00.000Z,1942,2019-01-18T00:00:00.000Z,2115,40690,1412,5,5,7,1942,0,0,0,N,0,14A11,MAIN ST,ROSE AV,290,N,N,A,-,N,,0,0,,,0,,,,N,4,0,1,2,A,-,21,22106,,N,H,E,A,A,H,-,C,D,0,,,,,Y,,D,22,0,0,1,0,0,0,0,0,0,- ,- ,0,0,2400,1,LOS ANGELES,LOS ANGELES,CA,-118.4783558,33.99674225,"MAIN ST & ROSE AVE, LOS ANGELES, CA",MAIN ST,ROSE AVE,110707,
-118.2545721,34.0197258,74856,8797419,2019,2019-02-20T00:00:00.000Z,1942,2019-01-09T00:00:00.000Z,2115,39938,1325,3,5,7,1942,0,0,0,M,0,13A27,25TH ST,CENTRAL ST,0,,N,A,-,N,,0,0,,,0,,,,N,0,0,0,2,A,-,1,23152,A,N,C,C,A,A,H,-,C,D,0,,,,,Y,Y,A,1,0,0,0,0,0,0,0,0,0,- ,- ,0,0,2400,1,LOS ANGELES,LOS ANGELES,CA,-118.2545721,34.0197258,"25TH ST & CENTRAL AVE, LOS ANGELES, CA",25TH ST,CENTRAL AVE,138431,