X,Y,OBJECTID,case_id,accident_year,proc_date,juris,collision_date,collision_time,officer_id,reporting_district,day_of_week,chp_shift,population,cnty_city_loc,special_cond,beat_type,chp_beat_type,city_division_lapd,chp_beat_class,beat_number,primary_rd,secondary_rd,distance,direction,intersection,weather_1,weather_2,state_hwy_ind,caltrans_county,caltrans_district,state_route,route_suffix,postmile_prefix,postmile,location_type,ramp_intersection,side_of_hwy,tow_away,collision_severity,number_killed,number_injured,party_count,primary_coll_factor,pcf_code_of_viol,pcf_viol_category,pcf_violation,pcf_viol_subsection,hit_and_run,type_of_collision,mviw,ped_action,road_surface,road_cond_1,road_cond_2,lighting,control_device,chp_road_type,pedestrian_accident,bicycle_accident,motorcycle_accident,truck_accident,not_private_property,alcohol_involved,stwd_vehtype_at_fault,chp_vehtype_at_fault,count_severe_inj,count_visible_inj,count_complaint_pain,count_ped_killed,count_ped_injured,count_bicyclist_killed,count_bicyclist_injured,count_mc_killed,count_mc_injured,primary_ramp,secondary_ramp,latitude,longitude,timecat,month_,city,county,state,point_x,point_y,match_addr,m_primaryrd,m_secondrd,int_id,Flag
-118.3069022,34.0762558,74857,8797677,2019,2019-02-12T00:00:00.000Z,1942,2019-01-27T00:00:00.000Z,2220,36504,2013,7,5,7,1942,0,0,0,,0,20A13,BEVERLY BL,N SERRANO AV,0,,Y,A,-,N,,0,0,,,0,,,,Y,0,0,0,2,A,-,12,22450,A,M,D,C,A,A,H,-,C,D,0,,,,,Y,,-,99,0,0,0,0,0,0,0,0,0,- ,- ,0,0,2400,1,LOS ANGELES,LOS ANGELES,CA,-118.3069022,34.0762558,"BEVERLY BLVD & SERRANO AVE, LOS ANGELES, CA",BEVERLY BLVD,SERRANO AVE,114652,
-118.3031622,34.09513474,74858,8797782,2019,2019-02-11T00:00:00.000Z,1942,2019-01-19T00:00:00.000Z,2315,42359,669,6,5,7,1942,0,0,0,F,0,6A48,FOUNTAIN AV,KINGSLEY DR,0,,Y,A,-,N,,0,0,,,0,,,,N,4,0,1,2,A,-,11,21954,A,N,G,B,D,A,H,-,C,D,0,Y,,,,Y,,N,60,0,0,1,0,1,0,0,0,0,- ,- ,0,0,2400,1,LOS ANGELES,LOS ANGELES,CA,-118.3031622,34.09513474,"FOUNTAIN AVE & KINGSLEY DR, LOS ANGELES, CA",FOUNTAIN AVE,KINGSLEY DR,102520,
-118.3002922,34.03543472,74859,8797838,2019,2019-02-26T00:00:00.000Z,1942,2019-01-14T00:00:00.000Z,2115,41129,316,1,5,7,1942,0,0,0,C,0,3A15,S NORMANDIE AV,23RD ST,0,,Y,B,-,N,,0,0,,,0,,,,N,2,0,1,2,A,-,10,21954,B,F,G,B,C,A,H,-,C,A,0,Y,,,,Y,,N,60,1,0,0,0,1,0,0,0,0,- ,- ,0,0,2400,1,LOS ANGELES,LOS ANGELES,CA,-118.3002922,34.03543472,"NORMANDIE AVE & 23RD ST, LOS ANGELES, CA",NORMANDIE AVE,23RD ST,134931,
-118.3041238,34.06905365,74860,8797877,2019,2019-02-12T00:00:00.000Z,1942,2019-01-27T00:00:00.000Z,2215,39022,2014,7,5,7,1942,0,0,0,,0,20A13,HARVARD BL,3RD ST,25,N,N,A,-,N,,0,0,,,0,,,,N,0,0,0,2,A,-,21,22106,,M,H,C,A,A,H,-,C,D,0,,,,,Y,,-,99,0,0,0,0,0,0,0,0,0,- ,- ,0,0,2400,1,LOS ANGELES,LOS ANGELES,CA,-118.3041238,34.06905365,"HARVARD BLVD & 3RD ST, LOS ANGELES, CA",HARVARD BLVD,3RD ST,114709,
-118.2917921,33.97434998,74861,8798053,2019,2019-02-06T00:00:00.000Z,1942,2019-01-24T00:00:00.000Z,2350,41870,1256,4,5,7,1942,0,0,0,L,0,12A57,S VERMONT AV,FLORENCE AV,100,S,N,A,-,N,,0,0,,,0,,,,N,4,0,1,2,A,-,8,22107,,N,B,C,A,A,H,-,C,D,0,,,,,Y,,A,1,0,0,1,0,0,0,0,0,0,- ,- ,0,0,2400,1,LOS ANGELES,LOS ANGELES,CA,-118.2917921,33.97434998,"VERMONT AVE & FLORENCE AVE, LOS ANGELES, CA",VERMONT AVE,FLORENCE AVE,116314,
-118.2190094,34.02787781,74862,8798114,2019,2019-02-13T00:00:00.000Z,1942,2019-01-05T00:00:00.000Z,2240,33452,489,6,5,7,1942,0,0,0,D,0,4A97,E 8TH ST,SOTO ST,150,E,N,C,-,N,,0,0,,,0,,,,Y,0,0,0,2,A,-,1,23152,A,N,-,C,A,B,H,-,C,A,0,,,,,Y,Y,A,7,0,0,0,0,0,0,0,0,0,- ,- ,0,0,2400,1,LOS ANGELES,LOS ANGELES,CA,-118.2190094,34.02787781,"8TH ST & SOTO ST, LOS ANGELES, CA",8TH ST,SOTO ST,149298,
-118.4625022,33.97449493,74863,8798148,2019,2019-02-08T00:00:00.000Z,1942,2019-01-14T00:00:00.000Z,2330,430022,1452,1,5,7,1942,0,0,0,N,0,14FB19,SPEEDWAY,IRON SIDE,0,,N,A,-,N,,0,0,,,0,,,,Y,4,0,1,1,A,-,1,23152,A,F,H,I,A,B,H,-,C,D,0,,,,,Y,Y,A,7,0,0,1,0,0,0,0,0,0,- ,- ,0,0,2400,1,LOS ANGELES,LOS ANGELES,CA,-118.4625022,33.97449493,"SPEEDWAY & IRONSIDES ST, LOS ANGELES, CA",SPEEDWAY,IRONSIDES ST,100197,
-118.2986218,34.00367737,74864,8798158,2019,2019-02-13T00:00:00.000Z,1942,2019-01-13T00:00:00.000Z,2130,42665,1204,7,5,7,1942,0,0,0,L,0,12A3,VERNON AV,RAYMOND AV,173,W,N,A,-,N,,0,0,,,0,,,,N,0,0,0,2,A,-,5,21650,,N,B,C,A,A,H,-,C,A,0,,,,,Y,,-,99,0,0,0,0,0,0,0,0,0,- ,- ,0,0,2400,1,LOS ANGELES,LOS ANGELES,CA,-118.2986218,34.00367737,"VERNON AVE & RAYMOND AVE, LOS ANGELES, CA",VERNON AVE,RAYMOND AVE,141946,
-118.2500822,34.09960556,74865,8798222,2019,2019-02-08T00:00:00.000Z,1942,2019-01-05T00:00:00.000Z,2300,39395,1145,6,5,7,1942,0,0,0,K,0,11A71,RIVERSIDE DR,ALLESANDRO ST,0,,Y,B,-,N,,0,0,,,0,,,,Y,3,0,3,2,A,-,1,23152,A,N,D,C,A,B,H,-,C,A,0,,,,,Y,Y,A,1,0,1,2,0,0,0,0,0,0,- ,- ,0,0,2400,1,LOS ANGELES,LOS ANGELES,CA,-118.2500822,34.09960556,"RIVERSIDE DR & ALLESANDRO ST, LOS ANGELES, CA",RIVERSIDE DR,ALLESANDRO ST,148185,
-118.2466021,34.05431366,74866,8798251,2019,2019-02-13T00:00:00.000Z,1942,2019-01-05T00:00:00.000Z,2110,36814,123,6,5,7,1942,0,0,0,A,0,1A1,N HILL ST,W 1ST ST,0,,Y,C,-,N,,0,0,,,0,,,,N,4,0,1,2,A,-,10,21950,A,F,G,B,B,B,H,-,C,A,0,Y,,,,Y,,-,99,0,0,1,0,1,0,0,0,0,- ,- ,0,0,2400,1,LOS ANGELES,LOS ANGELES,CA,-118.2466021,34.05431366,"HILL ST & 1ST ST, LOS ANGELES, CA",HILL ST,1ST ST,121162,
-118.2079328,34.04685211,74867,8798279,2019,2019-02-13T00:00:00.000Z,1942,2019-01-17T00:00:00.000Z,2335,37782,455,4,5,7,1942,0,0,0,D,0,459,CESAR E CHAVEZ,SOTO ST,45,W,N,A,-,N,,0,0,,,0,,,,N,3,0,1,2,A,-,11,21955,,N,G,B,E,A,H,-,C,A,0,Y,,,,Y,Y,N,60,0,1,0,0,1,0,0,0,0,- ,- ,0,0,2400,1,LOS ANGELES,LOS ANGELES,CA,-118.2079328,34.04685211,"CESAR E CHAVEZ AVE & SOTO ST, LOS ANGELES, CA",CESAR E CHAVEZ AVE,SOTO ST,103577,
-118.2782137,33.92547607,74868,8798531,2019,2019-02-21T00:00:00.000Z,1942,2019-01-13T00:00:00.000Z,2250,38698,1862,7,5,7,1942,0,0,0,R,0,18A63,BROADWAY,118TH PL,25,S,N,A,-,N,,0,0,,,0,,,,N,4,0,1,3,A,-,3,22350,,N,A,E,A,A,H,-,C,D,0,,,,,Y,,A,1,0,0,1,0,0,0,0,0,0,- ,- ,0,0,2400,1,LOS ANGELES,LOS ANGELES,CA,-118.2782137,33.92547607,"BROADWAY & 118TH PL, LOS ANGELES, CA",BROADWAY,118TH PL,134651,
-118.5710285,34.20425415,74869,8798540,2019,2019-02-20T00:00:00.000Z,1942,2019-01-24T00:00:00.000Z,2225,40388,2139,4,5,7,1942,0,0,0,,0,21A29,WINNETKA AV,VALERIO ST,160,S,N,A,-,N,,0,0,,,0,,,,Y,3,0,2,3,A,-,8,22103,,N,D,C,A,A,H,-,C,A,0,,,,,Y,Y,A,1,0,1,1,0,0,0,0,0,0,- ,- ,0,0,2400,1,LOS ANGELES,LOS ANGELES,CA,-118.5710285,34.20425415,"WINNETKA AVE & VALERIO ST, LOS ANGELES, CA",WINNETKA AVE,VALERIO ST,112001,
-118.5153322,34.27190018,74870,8798750,2019,2019-02-20T00:00:00.000Z,1942,2019-01-29T00:00:00.000Z,2130,37353,1735,2,5,7,1942,0,0,0,Q,0,17A35,ENCINO AV,SAN FERNANDO MISSION BL,75,S,N,A,-,N,,0,0,,,0,,,,Y,0,0,0,2,A,-,8,22107,,M,B,E,A,A,H,-,D,D,0,,,,,Y,,A,1,0,0,0,0,0,0,0,0,0,- ,- ,0,0,2400,1,LOS ANGELES,LOS ANGELES,CA,-118.5153322,34.27190018,"ENCINO AVE & SAN FERNANDO MISSION BLVD, LOS ANGELES, CA",ENCINO AVE,SAN FERNANDO MISSION BLVD,130033,
-118.5317422,34.26098633,74871,8798791,2019,2019-02-20T00:00:00.000Z,1942,2019-01-20T00:00:00.000Z,2145,36599,1743,7,5,7,1942,0,0,0,Q,0,17A35,W SAN JOSE ST,ETIWANDA AV,0,,Y,A,-,N,,0,0,,,0,,,,Y,0,0,0,1,A,-,1,23152,A,N,E,I,A,A,H,-,C,A,0,,,,,Y,Y,A,1,0,0,0,0,0,0,0,0,0,- ,- ,0,0,2400,1,LOS ANGELES,LOS ANGELES,CA,-118.5317422,34.26098633,"SAN JOSE ST & ETIWANDA AVE, LOS ANGELES, CA",SAN JOSE ST,ETIWANDA AVE,112224,
-118.2827715,33.95667648,74872,8798801,2019,2019-02-21T00:00:00.000Z,1942,2019-01-16T00:00:00.000Z,2300,31814,1801,3,5,7,1942,0,0,0,R,0,,W 88TH PL,S FIGUEROA,15,W,N,C,-,N,,0,0,,,0,,,,N,0,0,0,2,A,-,0,20015,A,M,B,E,A,B,H,-,C,D,0,,,,,Y,,-,99,0,0,0,0,0,0,0,0,0,- ,- ,0,0,2400,1,LOS ANGELES,LOS ANGELES,CA,-118.2827715,33.95667648,"88TH PL & FIGUEROA ST, LOS ANGELES, CA",88TH PL,FIGUEROA ST,138217,
-118.2915721,34.00371933,74873,8798809,2019,2019-02-21T00:00:00.000Z,1942,2019-01-18T00:00:00.000Z,2335,38163,398,5,5,7,1942,0,0,0,,0,3F382,VERMONT AV,VERNON AV,20,N,N,A,-,N,,0,0,,,0,,,,N,0,0,0,2,A,-,3,22350,,M,C,C,A,A,H,-,C,D,0,,,,,Y,,-,99,0,0,0,0,0,0,0,0,0,- ,- ,0,0,2400,1,LOS ANGELES,LOS ANGELES,CA,-118.2915721,34.00371933,"VERMONT AVE & VERNON AVE, LOS ANGELES, CA",VERMONT AVE,VERNON AVE,106854,
-118.3351506,34.02032471,74874,8798812,2019,2019-02-20T00:00:00.000Z,1942,2019-01-12T00:00:00.000Z,2145,42205,373,6,5,7,1942,0,0,0,,0,3A92,CRENSHAW BL,RODEO PL,160,N,N,A,-,N,,0,0,,,0,,,,N,0,0,0,2,A,-,3,22350,A,M,C,C,A,A,H,-,C,D,0,,,,,Y,,-,99,0,0,0,0,0,0,0,0,0,- ,- ,0,0,2400,1,LOS ANGELES,LOS ANGELES,CA,-118.3351506,34.02032471,"CRENSHAW BLVD & RODEO PL, LOS ANGELES, CA",CRENSHAW BLVD,RODEO PL,127892,
-118.2260289,34.09397507,74876,8798868,2019,2019-02-20T00:00:00.000Z,1942,2019-01-24T00:00:00.000Z,2110,35291,1177,4,5,7,1942,0,0,0,K,0,11A89,CYPRESS AV,LOOSMORE ST,34,N,N,A,-,N,,0,0,,,0,,,,Y,0,0,0,5,A,-,1,23152,A,N,B,E,A,A,H,-,C,D,0,,,,,Y,Y,A,1,0,0,0,0,0,0,0,0,0,- ,- ,0,0,2400,1,LOS ANGELES,LOS ANGELES,CA,-118.2260289,34.09397507,"CYPRESS AVE & LOOSMORE ST, LOS ANGELES, CA",CYPRESS AVE,LOOSMORE ST,125259,
-118.1898521,34.11114502,74877,8799057,2019,2019-02-20T00:00:00.000Z,1942,2019-01-18T00:00:00.000Z,2130,25115,1138,5,5,7,1942,0,0,0,K,0,11A37,NORTH FIGUEROA ST,N AVENUE 60,0,,Y,A,-,N,,0,0,,,0,,,,N,4,0,1,2,A,-,10,21950,A,N,G,B,B,A,H,-,C,A,0,Y,,,,Y,,A,1,0,0,1,0,1,0,0,0,0,- ,- ,0,0,2400,1,LOS ANGELES,LOS ANGELES,CA,-118.1898521,34.11114502,"FIGUEROA ST & AVE 60, LOS ANGELES, CA",FIGUEROA ST,AVE 60,121418,
-118.2616722,34.08055496,74878,8799118,2019,2019-02-15T00:00:00.000Z,1942,2019-01-19T00:00:00.000Z,2140,33452,1181,6,5,7,1942,0,0,0,K,0,11A71,N ALVARADO ST,MONTANA ST,0,,Y,A,-,N,,0,0,,,0,,,,Y,4,0,2,2,A,-,1,23152,A,F,C,C,A,A,H,-,C,A,0,,,,,Y,Y,A,1,0,0,2,0,0,0,0,0,0,- ,- ,0,0,2400,1,LOS ANGELES,LOS ANGELES,CA,-118.2616722,34.08055496,"ALVARADO ST & MONTANA ST, LOS ANGELES, CA",ALVARADO ST,MONTANA ST,128984,
-118.3002921,33.97780609,74879,8799267,2019,2019-03-08T00:00:00.000Z,1942,2019-01-18T00:00:00.000Z,2355,43469,1245,5,5,7,1942,0,0,0,L,0,12A73,NORMANDIE AV,68TH ST,0,,Y,A,-,N,,0,0,,,0,,,,Y,0,0,0,2,A,-,12,22450,A,M,D,C,A,A,H,-,C,D,0,,,,,Y,,A,1,0,0,0,0,0,0,0,0,0,- ,- ,0,0,2400,1,LOS ANGELES,LOS ANGELES,CA,-118.3002921,33.97780609,"NORMANDIE AVE & 68TH ST, LOS ANGELES, CA",NORMANDIE AVE,68TH ST,131101,
-118.2575392,34.02749252,74880,8799541,2019,2019-03-01T00:00:00.000Z,1942,2019-01-06T00:00:00.000Z,2110,36814,1313,7,5,7,1942,0,0,0,M,0,13A13,S SAN PEDRO ST,WASHINGTON BL,80,S,N,B,-,N,,0,0,,,0,,,,N,0,0,0,2,A,-,8,22107,,M,B,C,A,A,H,-,C,B,0,,,,,Y,,-,99,0,0,0,0,0,0,0,0,0,- ,- ,0,0,2400,1,LOS ANGELES,LOS ANGELES,CA,-118.2575392,34.02749252,"SAN PEDRO ST & WASHINGTON BLVD, LOS ANGELES, CA",SAN PEDRO ST,WASHINGTON BLVD,105690,
-118.2844337,33.96673584,74881,8799632,2019,2019-02-26T00:00:00.000Z,1942,2019-01-12T00:00:00.000Z,2300,41129,1266,6,5,7,1942,0,0,0,L,0,25T23,W 80TH ST,FIGUEROA ST,520,W,N,A,-,N,,0,0,,,0,,,,Y,2,0,3,5,A,-,1,23152,A,N,C,C,A,A,H,-,C,D,0,,,,,Y,Y,A,7,2,0,1,0,0,0,0,0,0,- ,- ,0,0,2400,1,LOS ANGELES,LOS ANGELES,CA,-118.2844337,33.96673584,"80TH ST & FIGUEROA ST, LOS ANGELES, CA",80TH ST,FIGUEROA ST,110164,
-118.3068122,33.97455597,74882,8799636,2019,2019-02-25T00:00:00.000Z,1942,2019-01-17T00:00:00.000Z,2250,41844,1253,4,5,7,1942,0,0,0,L,0,12A53,S HARVARD BL,W FLORENCE AV,0,,Y,A,-,N,,0,0,,,0,,,,Y,4,0,1,2,A,-,9,21802,A,F,D,C,A,A,H,-,C,A,0,,,,,Y,,A,1,0,0,1,0,0,0,0,0,0,- ,- ,0,0,2400,1,LOS ANGELES,LOS ANGELES,CA,-118.3068122,33.97455597,"HARVARD BLVD & FLORENCE AVE, LOS ANGELES, CA",HARVARD BLVD,FLORENCE AVE,110092,
-118.269451,34.00385666,74883,8799656,2019,2019-02-26T00:00:00.000Z,1942,2019-01-18T00:00:00.000Z,2340,38233,1352,5,5,7,1942,0,0,0,M,0,13A61,E VERNON AV,SAN PEDRO ST,55,E,N,A,-,N,,0,0,,,0,,,,Y,3,0,3,3,A,-,1,23152,A,N,C,C,A,A,H,-,C,D,0,,,,,Y,Y,A,1,0,1,2,0,0,0,0,0,0,- ,- ,0,0,2400,1,LOS ANGELES,LOS ANGELES,CA,-118.269451,34.00385666,"VERNON AVE & SAN PEDRO ST, LOS ANGELES, CA",VERNON AVE,SAN PEDRO ST,113841,
-118.4054932,34.17940521,74884,8799879,2019,2019-03-07T00:00:00.000Z,1942,2019-01-26T00:00:00.000Z,2120,37304,1531,6,5,7,1942,0,0,0,O,0,15A43,OXNARD ST,WHITSETT AV,70,W,N,A,-,N,,0,0,,,0,,,,Y,4,0,1,2,A,-,8,22107,,F,B,E,A,A,H,-,C,D,0,,,,,Y,,A,1,0,0,1,0,0,0,0,0,0,- ,- ,0,0,2400,1,LOS ANGELES,LOS ANGELES,CA,-118.4054932,34.17940521,"OXNARD ST & WHITSETT AVE, LOS ANGELES, CA",OXNARD ST,WHITSETT AVE,107986,
-118.2749022,34.02994537,74885,8799997,2019,2019-02-13T00:00:00.000Z,1942,2019-01-31T00:00:00.000Z,2345,41844,319,4,5,7,1942,0,0,0,C,0,3A19,FIGUEROA WY,FIGUEROA ST,0,,Y,A,-,N,,0,0,,,0,,,,N,4,0,1,2,A,-,9,21802,A,F,D,J,A,A,H,-,C,A,0,,,,,Y,,-,99,0,0,1,0,0,0,0,0,0,- ,- ,0,0,2400,1,LOS ANGELES,LOS ANGELES,CA,-118.2749022,34.02994537,"FIGUEROA WAY & FIGUEROA ST, LOS ANGELES, CA",FIGUEROA WAY,FIGUEROA ST,145803,
-118.3790425,34.18214798,74886,8800100,2019,2019-02-13T00:00:00.000Z,1942,2019-01-29T00:00:00.000Z,2225,40972,1526,2,5,7,1942,0,0,0,O,0,15A27,TUJUNGA AV,DELANO ST,5,N,N,A,-,N,,0,0,,,0,,,,Y,2,0,1,1,A,-,8,22107,,F,E,-,A,A,H,-,C,A,0,,,,,Y,,-,99,1,0,0,0,0,0,0,0,0,- ,- ,0,0,2400,1,LOS ANGELES,LOS ANGELES,CA,-118.3790425,34.18214798,"TUJUNGA AVE & DELANO ST, LOS ANGELES, CA",TUJUNGA AVE,DELANO ST,136127,
-118.3719777,34.14110565,74887,8800132,2019,2019-02-13T00:00:00.000Z,1942,2019-01-31T00:00:00.000Z,2130,39772,1596,4,5,7,1942,0,0,0,O,0,1X84,VENTURA BL,FRUITLAND DR,15,E,N,A,-,N,,0,0,,,0,,,,N,4,0,1,2,A,-,9,21804,A,F,B,C,A,A,H,-,C,D,0,,,,,Y,,-,99,0,0,1,0,0,0,0,0,0,- ,- ,0,0,2400,1,LOS ANGELES,LOS ANGELES,CA,-118.3719777,34.14110565,"VENTURA BLVD & FRUITLAND DR, LOS ANGELES, CA",VENTURA BLVD,FRUITLAND DR,143213,
-118.5884522,34.19377518,74888,8800144,2019,2019-02-13T00:00:00.000Z,1942,2019-01-07T00:00:00.000Z,2315,42029,2157,1,5,7,1942,0,0,0,,0,21A57,VANOWEN ST,DE SOTO AV,0,,Y,E,-,N,,0,0,,,0,,,,Y,4,0,1,3,A,-,9,21801,A,N,D,C,A,A,H,-,C,A,0,,,,,Y,,-,- ,0,0,1,0,0,0,0,0,0,- ,- ,0,0,2400,1,LOS ANGELES,LOS ANGELES,CA,-118.5884522,34.19377518,"VANOWEN ST & DE SOTO AVE, LOS ANGELES, CA",VANOWEN ST,DE SOTO AVE,98072,
-118.4662515,34.15380859,74889,8800161,2019,2019-02-12T00:00:00.000Z,1942,2019-01-31T00:00:00.000Z,2110,41840,981,4,5,7,1942,0,0,0,I,0,9A79,VENTURA BL,SEPULVEDA BL,6,W,N,A,-,N,,0,0,,,0,,,,N,4,0,1,2,A,-,4,21703,,F,C,C,A,A,H,-,C,A,0,,,,,Y,,-,99,0,0,1,0,0,0,0,0,0,- ,- ,0,0,2400,1,LOS ANGELES,LOS ANGELES,CA,-118.4662515,34.15380859,"VENTURA BLVD & SEPULVEDA BLVD, LOS ANGELES, CA",VENTURA BLVD,SEPULVEDA BLVD,97641,
-118.2872945,33.74983215,74890,8800638,2019,2019-02-21T00:00:00.000Z,1942,2019-01-25T00:00:00.000Z,2300,43264,558,5,5,7,1942,0,0,0,E,0,5A59,PACIFIC,UPLAND AV,204,N,N,A,-,N,,0,0,,,0,,,,Y,4,0,3,2,A,-,1,23153,A,N,A,C,A,A,H,-,C,D,0,,,,,Y,Y,A,1,0,0,3,0,0,0,0,0,0,- ,- ,0,0,2400,1,LOS ANGELES,LOS ANGELES,CA,-118.2872945,33.74983215,"PACIFIC AVE & UPLAND AVE, LOS ANGELES, CA",PACIFIC AVE,UPLAND AVE,146233,
-118.6059122,34.18686295,74891,8801105,2019,2019-02-21T00:00:00.000Z,1942,2019-01-29T00:00:00.000Z,2341,43616,2159,2,5,7,1942,0,0,0,,0,21A2,TOPANGA CANYON BL,VICTORY BL,30,S,N,A,-,N,,0,0,,,0,,,,Y,4,0,2,2,A,-,4,21703,,N,C,C,A,A,H,-,C,D,0,,,,,Y,,A,1,0,0,2,0,0,0,0,0,0,- ,- ,0,0,2400,1,LOS ANGELES,LOS ANGELES,CA,-118.6059122,34.18686295,"TOPANGA CANYON BLVD & VICTORY BLVD, LOS ANGELES, CA",TOPANGA CANYON BLVD,VICTORY BLVD,123514,
-118.2394274,34.105793,74892,8802379,2019,2019-03-08T00:00:00.000Z,1942,2019-01-17T00:00:00.000Z,2155,38223,1134,4,5,7,1942,0,0,0,K,0,11A89,N SAN FERNANDO RD,HALLETT AV,1150,S,N,A,B,N,,0,0,,,0,,,,Y,0,0,0,2,A,-,1,23152,A,N,B,E,A,A,H,-,C,D,0,,,,,Y,,A,1,0,0,0,0,0,0,0,0,0,- ,- ,0,0,2400,1,LOS ANGELES,LOS ANGELES,CA,-118.2394274,34.105793,"SAN FERNANDO RD & HALLETT AVE, LOS ANGELES, CA",SAN FERNANDO RD,HALLETT AVE,144435,
-118.5534922,34.17278671,74893,8802697,2019,2019-02-22T00:00:00.000Z,1942,2019-01-13T00:00:00.000Z,2220,43047,1061,7,5,7,1942,0,0,0,J,0,10A39W,TAMPA AV,VENTURA BL,45,N,N,A,-,N,,0,0,,,0,,,,N,0,0,0,1,A,-,1,23152,A,N,E,I,A,A,H,-,C,A,0,,,,,Y,Y,A,1,0,0,0,0,0,0,0,0,0,- ,- ,0,0,2400,1,LOS ANGELES,LOS ANGELES,CA,-118.5534922,34.17278671,"TAMPA AVE & VENTURA BLVD, LOS ANGELES, CA",TAMPA AVE,VENTURA BLVD,135997,
-118.2976422,34.05771637,74894,8804809,2019,2019-02-15T00:00:00.000Z,1942,2019-01-12T00:00:00.000Z,2140,41107,2045,6,5,7,1942,0,0,0,,0,2045,8TH ST,FEDORA ST,0,,Y,A,-,N,,0,0,,,0,,,,N,0,0,0,2,A,-,21,22106,,M,H,C,A,A,-,-,B,D,0,,,,,Y,,-,99,0,0,0,0,0,0,0,0,0,- ,- ,0,0,2400,1,LOS ANGELES,LOS ANGELES,CA,-118.2976422,34.05771637,"8TH ST & FEDORA ST, LOS ANGELES, CA",8TH ST,FEDORA ST,96383,
-118.4057409,34.01951599,74895,8804831,2019,2019-02-19T00:00:00.000Z,1942,2019-01-07T00:00:00.000Z,2315,41978,1406,1,5,7,1942,0,0,0,N,0,14A27,VENICE BL,KEYSTONE AV,150,E,N,A,-,N,,0,0,,,0,,,,Y,3,0,1,4,A,-,3,22350,,N,B,E,A,A,H,-,C,D,0,,,,,Y,,A,1,0,1,0,0,0,0,0,0,0,- ,- ,0,0,2400,1,LOS ANGELES,LOS ANGELES,CA,-118.4057409,34.01951599,"VENICE BLVD & KEYSTONE AVE, LOS ANGELES, CA",VENICE BLVD,KEYSTONE AVE,101987,
-118.3219925,34.01839447,74896,8804834,2019,2019-03-28T00:00:00.000Z,1942,2019-01-18T00:00:00.000Z,2140,42595,374,5,5,7,1942,0,0,0,C,0,3A74,RODEO RD,ROXTON AV,200,W,N,A,-,N,,0,0,,,0,,,,Y,3,0,1,2,A,-,5,21460,A,N,B,C,A,A,H,-,C,D,0,,,,,Y,,A,1,0,1,0,0,0,0,0,0,0,- ,- ,0,0,2400,1,LOS ANGELES,LOS ANGELES,CA,-118.3219925,34.01839447,"RODEO RD & ROXTON AVE, LOS ANGELES, CA",RODEO RD,ROXTON AVE,117309,
-118.3102621,34.07303619,74897,8804837,2019,2019-02-14T00:00:00.000Z,1942,2019-01-21T00:00:00.000Z,2130,41924,2011,1,5,7,1942,0,0,0,,0,20A39,1ST ST,MANHATTAN PL,0,,N,A,-,N,,0,0,,,0,,,,Y,0,0,0,2,A,-,21,22106,,M,H,D,A,A,H,-,C,C,0,,,,,Y,,A,1,0,0,0,0,0,0,0,0,0,- ,- ,0,0,2400,1,LOS ANGELES,LOS ANGELES,CA,-118.3102621,34.07303619,"1ST ST & MANHATTAN PL, LOS ANGELES, CA",1ST ST,MANHATTAN PL,121887,
-118.3090522,34.04813385,74898,8804845,2019,2019-02-15T00:00:00.000Z,1942,2019-01-26T00:00:00.000Z,2135,38090,2062,6,5,7,1942,0,0,0,,0,6TL7,S WESTERN AV,W 12TH PL,0,,Y,A,-,N,,0,0,,,0,,,,N,0,0,0,2,A,-,21,22106,,M,H,C,A,A,H,-,C,D,0,,,,,Y,,-,99,0,0,0,0,0,0,0,0,0,- ,- ,0,0,2400,1,LOS ANGELES,LOS ANGELES,CA,-118.3090522,34.04813385,"WESTERN AVE & 12TH PL, LOS ANGELES, CA",WESTERN AVE,12TH PL,142119,
-118.4292372,34.20943451,74899,8804886,2019,2019-02-27T00:00:00.000Z,1942,2019-01-18T00:00:00.000Z,2140,42296,1999,5,5,7,1942,0,0,0,,0,19A93,SATICOY ST,VENTURA CANYON AV,150,W,N,A,-,N,,0,0,,,0,,,,N,0,0,0,2,A,-,1,23152,A,N,B,B,A,A,H,-,C,A,0,,,,,Y,Y,D,72,0,0,0,0,0,0,0,0,0,- ,- ,0,0,2400,1,LOS ANGELES,LOS ANGELES,CA,-118.4292372,34.20943451,"SATICOY ST & VENTURA CANYON AVE, LOS ANGELES, CA",SATICOY ST,VENTURA CANYON AVE,146643,
-118.4439571,34.25761795,74901,8805153,2019,2019-02-26T00:00:00.000Z,1942,2019-01-18T00:00:00.000Z,2330,41316,1958,5,5,7,1942,0,0,0,,0,19A79,DEVONSHIRE ST,ARLETA AV,50,E,N,A,-,N,,0,0,,,0,,,,N,0,0,0,2,A,-,7,21658,A,M,B,C,A,A,H,-,C,A,0,,,,,Y,,-,99,0,0,0,0,0,0,0,0,0,- ,- ,0,0,2400,1,LOS ANGELES,LOS ANGELES,CA,-118.4439571,34.25761795,"DEVONSHIRE ST & ARLETA AVE, LOS ANGELES, CA",DEVONSHIRE ST,ARLETA AVE,112516,
-118.5884939,34.21209717,74902,8805505,2019,2019-02-21T00:00:00.000Z,1942,2019-01-09T00:00:00.000Z,2140,38183,2126,3,5,7,1942,0,0,0,,0,21A5,DE SOTO AV,INGOMAR ST,56,N,N,A,-,N,,0,0,,,0,,,,Y,4,0,1,2,A,-,4,21703,,N,C,C,A,A,H,-,C,D,0,,,,,Y,,A,1,0,0,1,0,0,0,0,0,0,- ,- ,0,0,2400,1,LOS ANGELES,LOS ANGELES,CA,-118.5884939,34.21209717,"DE SOTO AVE & INGOMAR ST, LOS ANGELES, CA",DE SOTO AVE,INGOMAR ST,136550,