X,Y,OBJECTID,case_id,accident_year,proc_date,juris,collision_date,collision_time,officer_id,reporting_district,day_of_week,chp_shift,population,cnty_city_loc,special_cond,beat_type,chp_beat_type,city_division_lapd,chp_beat_class,beat_number,primary_rd,secondary_rd,distance,direction,intersection,weather_1,weather_2,state_hwy_ind,caltrans_county,caltrans_district,state_route,route_suffix,postmile_prefix,postmile,location_type,ramp_intersection,side_of_hwy,tow_away,collision_severity,number_killed,number_injured,party_count,primary_coll_factor,pcf_code_of_viol,pcf_viol_category,pcf_violation,pcf_viol_subsection,hit_and_run,type_of_collision,mviw,ped_action,road_surface,road_cond_1,road_cond_2,lighting,control_device,chp_road_type,pedestrian_accident,bicycle_accident,motorcycle_accident,truck_accident,not_private_property,alcohol_involved,stwd_vehtype_at_fault,chp_vehtype_at_fault,count_severe_inj,count_visible_inj,count_complaint_pain,count_ped_killed,count_ped_injured,count_bicyclist_killed,count_bicyclist_injured,count_mc_killed,count_mc_injured,primary_ramp,secondary_ramp,latitude,longitude,timecat,month_,city,county,state,point_x,point_y,match_addr,m_primaryrd,m_secondrd,int_id,Flag
-118.6103222,34.20100403,74903,8805506,2019,2019-02-21T00:00:00.000Z,1942,2019-01-16T00:00:00.000Z,2150,33504,2134,3,5,7,1942,0,0,0,,0,21A1,SHERMAN WY,FARRALONE AV,0,,Y,B,C,N,,0,0,,,0,,,,N,4,0,2,2,A,-,12,21453,A,N,D,C,A,B,H,-,C,A,0,,,,,Y,,A,1,0,0,2,0,0,0,0,0,0,- ,- ,0,0,2400,1,LOS ANGELES,LOS ANGELES,CA,-118.6103222,34.20100403,"SHERMAN WAY & FARRALONE AVE, LOS ANGELES, CA",SHERMAN WAY,FARRALONE AVE,129437,
-118.5884827,34.22818375,74904,8805713,2019,2019-02-21T00:00:00.000Z,1942,2019-01-14T00:00:00.000Z,2350,38183,1791,1,5,7,1942,0,0,0,Q,0,17A81,PARTHENIA ST,DE SOTO AV,15,E,N,C,-,N,,0,0,,,0,,,,Y,0,0,0,2,A,-,8,22100,A,M,D,C,A,B,H,-,C,A,0,,,,,Y,,A,1,0,0,0,0,0,0,0,0,0,- ,- ,0,0,2400,1,LOS ANGELES,LOS ANGELES,CA,-118.5884827,34.22818375,"PARTHENIA ST & DE SOTO AVE, LOS ANGELES, CA",PARTHENIA ST,DE SOTO AVE,147951,
-118.2706372,34.04425049,74905,8806280,2019,2019-03-11T00:00:00.000Z,1942,2019-01-20T00:00:00.000Z,2115,41629,181,7,5,7,1942,0,0,0,A,0,1A61,LA LIVE WY,12TH ST,161,N,N,A,-,N,,0,0,,,0,,,,Y,3,0,1,2,A,-,8,22102,,N,D,C,A,A,H,-,D,D,0,,,Y,,Y,,A,1,0,1,0,0,0,0,0,0,1,- ,- ,0,0,2400,1,LOS ANGELES,LOS ANGELES,CA,-118.2706372,34.04425049,"LA LIVE WAY & 12TH ST, LOS ANGELES, CA",LA LIVE WAY,12TH ST,117559,
-118.5364322,34.27599335,74906,8806344,2019,2019-03-04T00:00:00.000Z,1942,2019-01-29T00:00:00.000Z,2240,39578,1713,2,5,7,1942,0,0,0,Q,0,17XL78,RINALDI ST,RESEDA BL,0,,Y,A,-,N,,0,0,,,0,,,,Y,4,0,1,2,A,-,9,21801,A,N,D,C,A,A,H,-,C,A,0,,,,,Y,,-,,0,0,1,0,0,0,0,0,0,- ,- ,0,0,2400,1,LOS ANGELES,LOS ANGELES,CA,-118.5364322,34.27599335,"RINALDI ST & RESEDA BLVD, LOS ANGELES, CA",RINALDI ST,RESEDA BLVD,112247,
-118.5233483,34.2508049,74907,8806375,2019,2019-03-05T00:00:00.000Z,1942,2019-01-18T00:00:00.000Z,2205,36946,1755,5,5,7,1942,0,0,0,Q,0,17X54,ZELZAH AV,LASSEN ST,150,N,N,A,-,N,,0,0,,,0,,,,Y,3,0,1,3,A,-,3,22350,,N,B,C,A,A,H,-,C,D,0,,,,,Y,,A,7,0,1,0,0,0,0,0,0,0,- ,- ,0,0,2400,1,LOS ANGELES,LOS ANGELES,CA,-118.5233483,34.2508049,"ZELZAH AVE & LASSEN ST, LOS ANGELES, CA",ZELZAH AVE,LASSEN ST,119669,
-118.2572491,34.0410881,74908,8806404,2019,2019-03-01T00:00:00.000Z,1942,2019-01-21T00:00:00.000Z,2125,38233,185,1,5,7,1942,0,0,0,A,0,1A85,BROADWAY,OLYMPIC,90,N,N,A,-,N,,0,0,,,0,,,,N,0,0,0,2,A,-,21,22106,,N,B,C,A,A,H,-,C,D,0,,,,,Y,,A,1,0,0,0,0,0,0,0,0,0,- ,- ,0,0,2400,1,LOS ANGELES,LOS ANGELES,CA,-118.2572491,34.0410881,"BROADWAY & OLYMPIC BLVD, LOS ANGELES, CA",BROADWAY,OLYMPIC BLVD,114035,
-118.527537,34.20119476,74909,8806453,2019,2019-03-04T00:00:00.000Z,1942,2019-01-16T00:00:00.000Z,2325,40353,,3,5,7,1942,0,0,0,,0,,SHERMAN WY,LINDLEY AV,59,W,N,A,-,N,,0,0,,,0,,,,Y,4,0,3,2,A,-,9,21804,A,N,D,C,A,B,H,-,C,A,0,,,,,Y,,A,1,0,0,3,0,0,0,0,0,0,- ,- ,0,0,2400,1,LOS ANGELES,LOS ANGELES,CA,-118.527537,34.20119476,"SHERMAN WAY & LINDLEY AVE, LOS ANGELES, CA",SHERMAN WAY,LINDLEY AVE,112352,
-118.3965222,34.18667603,74910,8806529,2019,2019-03-15T00:00:00.000Z,1942,2019-01-28T00:00:00.000Z,2245,40388,1524,1,5,7,1942,0,0,0,O,0,15A33,LAUREL CANYON BL,VICTORY BL,0,,Y,A,-,N,,0,0,,,0,,,,Y,3,0,3,2,A,-,12,21453,A,N,D,C,A,A,H,-,C,A,0,,,,,Y,,-,- ,0,1,2,0,0,0,0,0,0,- ,- ,0,0,2400,1,LOS ANGELES,LOS ANGELES,CA,-118.3965222,34.18667603,"LAUREL CANYON BLVD & VICTORY BLVD, LOS ANGELES, CA",LAUREL CANYON BLVD,VICTORY BLVD,137158,
-118.2326022,34.04597473,74911,8806789,2019,2019-03-18T00:00:00.000Z,1942,2019-01-16T00:00:00.000Z,2250,30083,139,3,5,7,1942,0,0,0,A,0,1A29,S SANTA FE AV,E 3RD ST,0,,Y,C,-,N,,0,0,,,0,,,,Y,3,0,2,2,-,-,- ,0,,N,A,C,A,B,H,-,C,D,0,,,,,Y,,-,- ,0,1,1,0,0,0,0,0,0,- ,- ,0,0,2400,1,LOS ANGELES,LOS ANGELES,CA,-118.2326022,34.04597473,"SANTA FE AVE & 3RD ST, LOS ANGELES, CA",SANTA FE AVE,3RD ST,96567,
-118.3090122,34.03992462,74912,8806850,2019,2019-03-04T00:00:00.000Z,1942,2019-01-06T00:00:00.000Z,2235,43602,2083,7,5,7,1942,0,0,0,,0,20A71,WESTERN AV,WASHINGTON BL,0,,Y,C,-,N,,0,0,,,0,,,,N,4,0,1,2,A,-,5,21650,1,F,H,G,A,B,H,-,C,A,0,,Y,,,Y,,L,4,0,0,1,0,0,0,1,0,0,- ,- ,0,0,2400,1,LOS ANGELES,LOS ANGELES,CA,-118.3090122,34.03992462,"WESTERN AVE & WASHINGTON BLVD, LOS ANGELES, CA",WESTERN AVE,WASHINGTON BLVD,121037,
-118.3091021,34.0616951,74913,8806863,2019,2019-02-28T00:00:00.000Z,1942,2019-01-23T00:00:00.000Z,2210,36461,2022,3,5,7,1942,0,0,0,,0,20A34,WESTERN AV,WILSHIRE BL,0,,Y,A,-,N,,0,0,,,0,,,,Y,3,0,2,2,A,-,9,21801,A,N,A,C,A,A,H,-,C,A,0,,,,,Y,,A,1,0,2,0,0,0,0,0,0,0,- ,- ,0,0,2400,1,LOS ANGELES,LOS ANGELES,CA,-118.3091021,34.0616951,"WESTERN AVE & WILSHIRE BLVD, LOS ANGELES, CA",WESTERN AVE,WILSHIRE BLVD,140747,
-118.2644122,34.05941391,74914,8807623,2019,2019-02-28T00:00:00.000Z,1942,2019-01-10T00:00:00.000Z,2320,37639,237,4,5,7,1942,0,0,0,B,0,2A45,COLUMBIA AV,3RD ST,0,,Y,A,-,N,,0,0,,,0,,,,N,2,0,1,2,A,-,10,21950,A,F,G,B,B,A,H,-,D,D,0,Y,,,,Y,,-,99,1,0,0,0,1,0,0,0,0,- ,- ,0,0,2400,1,LOS ANGELES,LOS ANGELES,CA,-118.2644122,34.05941391,"COLUMBIA AVE & 3RD ST, LOS ANGELES, CA",COLUMBIA AVE,3RD ST,124586,
-118.2496251,34.0473671,74915,8807639,2019,2019-02-28T00:00:00.000Z,1942,2019-01-29T00:00:00.000Z,2120,38233,153,2,5,7,1942,0,0,0,A,0,1A41,W 5TH ST,S SPRING ST,22,E,N,A,-,N,,0,0,,,0,,,,N,4,0,1,2,A,-,10,21950,A,N,G,B,B,A,H,-,C,A,0,Y,,,,Y,,A,1,0,0,1,0,1,0,0,0,0,- ,- ,0,0,2400,1,LOS ANGELES,LOS ANGELES,CA,-118.2496251,34.0473671,"5TH ST & SPRING ST, LOS ANGELES, CA",5TH ST,SPRING ST,107013,
-118.2375239,34.06679153,74916,8807647,2019,2019-02-28T00:00:00.000Z,1942,2019-01-28T00:00:00.000Z,2110,38233,111,1,5,7,1942,0,0,0,A,0,1A1,N HILL ST,BERNARD ST,185,S,N,A,-,N,,0,0,,,0,,,,Y,3,0,1,2,A,-,9,21804,B,N,D,C,A,A,H,-,C,A,0,,,Y,,Y,,A,7,0,1,0,0,0,0,0,0,1,- ,- ,0,0,2400,1,LOS ANGELES,LOS ANGELES,CA,-118.2375239,34.06679153,"HILL ST & BERNARD ST, LOS ANGELES, CA",HILL ST,BERNARD ST,135569,
-118.3020022,34.05588532,74917,8807842,2019,2019-03-21T00:00:00.000Z,1942,2019-01-18T00:00:00.000Z,2200,41353,2044,5,5,7,1942,0,0,0,,0,,JAMES M WOOD BL,ARDMORE AV,0,,Y,A,-,N,,0,0,,,0,,,,,4,0,1,2,A,-,17,21461,A,F,D,C,A,A,-,-,C,-,0,,,,,Y,,A,1,0,0,1,0,0,0,0,0,0,- ,- ,0,0,2400,1,LOS ANGELES,LOS ANGELES,CA,-118.3020022,34.05588531,"JAMES M WOOD BLVD & ARDMORE AVE, LOS ANGELES, CA",JAMES M WOOD BLVD,ARDMORE AVE,117498,
-118.2999922,34.04721451,74918,8809711,2019,2019-03-08T00:00:00.000Z,1942,2019-01-23T00:00:00.000Z,2145,39609,2071,3,5,7,1942,0,0,0,,0,20A69,PICO BL,NORMANDIE AV,0,,Y,A,-,N,,0,0,,,0,,,,N,0,0,0,2,A,-,3,22350,,M,C,C,A,A,H,-,C,A,0,,,,,Y,,-,99,0,0,0,0,0,0,0,0,0,- ,- ,0,0,2400,1,LOS ANGELES,LOS ANGELES,CA,-118.2999922,34.04721451,"PICO BLVD & NORMANDIE AVE, LOS ANGELES, CA",PICO BLVD,NORMANDIE AVE,110458,
-118.2918182,34.10943985,74919,8809991,2019,2019-03-08T00:00:00.000Z,1942,2019-01-30T00:00:00.000Z,2110,33130,1141,3,5,7,1942,0,0,0,K,0,11A1,N VERMONT AV,AMBROSE AV,181,S,N,A,-,N,,0,0,,,0,,,,Y,0,0,0,2,A,-,3,22350,,M,B,C,A,A,H,-,C,D,0,,,,,Y,,-,- ,0,0,0,0,0,0,0,0,0,- ,- ,0,0,2400,1,LOS ANGELES,LOS ANGELES,CA,-118.2918182,34.10943985,"VERMONT AVE & AMBROSE AVE, LOS ANGELES, CA",VERMONT AVE,AMBROSE AVE,142929,
-118.1802721,34.06576538,74920,8810018,2019,2019-04-05T00:00:00.000Z,1942,2019-01-24T00:00:00.000Z,2245,40325,438,4,5,7,1942,0,0,0,D,0,4A9,VALLEY BL,EASTERN AV,0,,Y,A,-,N,,0,0,,,0,,,,N,4,0,1,2,A,-,12,21453,A,N,D,C,A,A,H,-,C,A,0,,,,,Y,,-,- ,0,0,1,0,0,0,0,0,0,- ,- ,0,0,2400,1,LOS ANGELES,LOS ANGELES,CA,-118.1802721,34.06576538,"VALLEY BLVD & EASTERN AVE, LOS ANGELES, CA",VALLEY BLVD,EASTERN AVE,100846,
-118.172044,34.06684876,74921,8810023,2019,2019-03-11T00:00:00.000Z,1942,2019-01-24T00:00:00.000Z,2350,30083,439,4,5,7,1942,0,0,0,D,0,4A9,BARNETT RD,LANSDOWNE AV,150,N,N,A,-,N,,0,0,,,0,,,,N,0,0,0,2,A,-,21,22106,,N,B,E,A,A,H,-,C,D,0,,,,,Y,,A,1,0,0,0,0,0,0,0,0,0,- ,- ,0,0,2400,1,LOS ANGELES,LOS ANGELES,CA,-118.172044,34.06684875,"BARNETT RD & LANSDOWNE AVE, LOS ANGELES, CA",BARNETT RD,LANSDOWNE AVE,135516,
-118.1950689,34.02142334,74922,8810038,2019,2019-04-08T00:00:00.000Z,1942,2019-01-12T00:00:00.000Z,2140,38233,479,6,5,7,1942,0,0,0,D,0,4A97,CALZONA ST,EAST 7TH ST,214,S,N,A,-,N,,0,0,,,0,,,,Y,4,0,2,2,A,-,1,23152,A,N,B,C,A,A,H,-,C,A,0,,,,,Y,Y,A,1,0,0,2,0,0,0,0,0,0,- ,- ,0,0,2400,1,LOS ANGELES,LOS ANGELES,CA,-118.1950689,34.02142334,"CALZONA ST & 7TH ST, LOS ANGELES, CA",CALZONA ST,7TH ST,128014,
-118.2599821,34.02755356,74923,8810049,2019,2019-03-12T00:00:00.000Z,1942,2019-01-19T00:00:00.000Z,2240,30083,1313,6,5,7,1942,0,0,0,M,0,13A13,TRINITY ST,E 20TH ST,0,,Y,A,-,N,,0,0,,,0,,,,N,4,0,2,2,A,-,9,21801,A,N,A,B,A,A,H,-,C,D,0,,,,,Y,,A,1,0,0,2,0,0,0,0,0,0,- ,- ,0,0,2400,1,LOS ANGELES,LOS ANGELES,CA,-118.2599821,34.02755356,"TRINITY ST & 20TH ST, LOS ANGELES, CA",TRINITY ST,20TH ST,138643,
-118.3338036,34.09807968,74924,8810340,2019,2019-03-06T00:00:00.000Z,1942,2019-01-29T00:00:00.000Z,2215,33757,646,2,5,7,1942,0,0,0,F,0,6A63,CASSIL PL,SUNSET BL,34,N,N,B,-,N,,0,0,,,0,,,,N,4,0,1,2,A,-,21,22106,,N,G,B,D,A,H,-,C,D,0,Y,,,,Y,,-,- ,0,0,1,0,1,0,0,0,0,- ,- ,0,0,2400,1,LOS ANGELES,LOS ANGELES,CA,-118.3338036,34.09807968,"CASSIL PL & SUNSET BLVD, LOS ANGELES, CA",CASSIL PL,SUNSET BLVD,111385,
-118.3158021,34.09805298,74925,8810344,2019,2019-03-06T00:00:00.000Z,1942,2019-01-27T00:00:00.000Z,2325,43480,667,7,5,7,1942,0,0,0,F,0,6A67,SUNSET BL,VAN NESS AV,0,,Y,A,-,N,,0,0,,,0,,,,N,4,0,1,2,A,-,3,22350,,N,-,G,A,A,H,-,C,A,0,,Y,,,Y,,A,1,0,0,1,0,0,0,1,0,0,- ,- ,0,0,2400,1,LOS ANGELES,LOS ANGELES,CA,-118.3158021,34.09805298,"SUNSET BLVD & VAN NESS AVE, LOS ANGELES, CA",SUNSET BLVD,VAN NESS AVE,125513,
-118.3526793,34.04822159,74926,8810356,2019,2019-03-06T00:00:00.000Z,1942,2019-01-24T00:00:00.000Z,2305,38090,764,4,5,7,1942,0,0,0,G,0,8TL35,W PICO BL,COCHRAN AV,10,E,N,A,-,N,,0,0,,,0,,,,N,4,0,1,2,A,-,11,21456,B,N,G,B,B,A,H,-,C,A,0,Y,,Y,,Y,Y,N,60,0,0,1,0,1,0,0,0,0,- ,- ,0,0,2400,1,LOS ANGELES,LOS ANGELES,CA,-118.3526793,34.04822159,"PICO BLVD & COCHRAN AVE, LOS ANGELES, CA",PICO BLVD,COCHRAN AVE,99872,
-118.3158675,34.09074402,74927,8810736,2019,2019-03-12T00:00:00.000Z,1942,2019-01-17T00:00:00.000Z,2120,41515,,4,5,7,1942,0,0,0,,0,6V54,SANTA MONICA BL,VAN NESS AV,35,W,N,A,-,N,,0,0,,,0,,,,N,0,0,0,3,A,-,3,22350,,M,C,C,A,A,H,-,C,A,0,,,,,Y,,-,99,0,0,0,0,0,0,0,0,0,- ,- ,0,0,2400,1,LOS ANGELES,LOS ANGELES,CA,-118.3158675,34.09074402,"SANTA MONICA BLVD & VAN NESS AVE, LOS ANGELES, CA",SANTA MONICA BLVD,VAN NESS AVE,104083,
-118.3091101,34.10775757,74928,8810744,2019,2019-03-13T00:00:00.000Z,1942,2019-01-14T00:00:00.000Z,2140,37850,629,1,5,7,1942,0,0,0,F,0,11A1,WESTERN AV,FRANKLIN AV,900,N,N,B,-,N,,0,0,,,0,,,,Y,0,0,0,2,A,-,8,22107,,M,B,C,A,B,H,-,C,D,0,,,,,Y,,-,99,0,0,0,0,0,0,0,0,0,- ,- ,0,0,2400,1,LOS ANGELES,LOS ANGELES,CA,-118.3091101,34.10775757,"WESTERN AVE & FRANKLIN AVE, LOS ANGELES, CA",WESTERN AVE,FRANKLIN AVE,150059,
-118.4186868,34.06128693,74929,8810799,2019,2019-03-12T00:00:00.000Z,1942,2019-01-29T00:00:00.000Z,2230,42610,839,2,5,7,1942,0,0,0,H,0,8A95,SANTA MONICA BL,AVENUE OF THE STARS,10,W,N,A,-,N,,0,0,,,0,,,,N,0,0,0,2,A,-,4,21703,,N,C,C,A,A,H,-,C,D,0,,,,,Y,,A,1,0,0,0,0,0,0,0,0,0,- ,- ,0,0,2400,1,LOS ANGELES,LOS ANGELES,CA,-118.4186868,34.06128693,"SANTA MONICA BLVD & AVE OF THE STARS, LOS ANGELES, CA",SANTA MONICA BLVD,AVE OF THE STARS,109272,
-118.2564721,33.99389648,74930,8811716,2019,2019-03-18T00:00:00.000Z,1942,2019-01-17T00:00:00.000Z,2220,37600,1373,4,5,7,1942,0,0,0,M,0,13A75,54TH ST,CENTRAL AV,0,,Y,A,-,N,,0,0,,,0,,,,Y,4,0,1,2,A,-,8,22107,,N,A,C,A,A,H,-,C,A,0,,,,,Y,,A,1,0,0,1,0,0,0,0,0,0,- ,- ,0,0,2400,1,LOS ANGELES,LOS ANGELES,CA,-118.2564721,33.99389648,"54TH ST & CENTRAL AVE, LOS ANGELES, CA",54TH ST,CENTRAL AVE,99552,
-118.4636114,33.98117065,74931,8812294,2019,2019-02-28T00:00:00.000Z,1942,2019-01-06T00:00:00.000Z,2359,43500,1441,7,5,7,1942,0,0,0,N,0,14A11,DELL AV,WASHINGTON BL,30,N,N,B,C,N,,0,0,,,0,,,,N,3,0,1,2,A,-,3,22350,A,F,B,G,A,B,H,-,C,D,0,,Y,,,Y,,-,99,0,1,0,0,0,0,1,0,0,- ,- ,0,0,2400,1,LOS ANGELES,LOS ANGELES,CA,-118.4636114,33.98117065,"DELL AVE & WASHINGTON BLVD, LOS ANGELES, CA",DELL AVE,WASHINGTON BLVD,128234,
-118.3091228,34.06519318,74932,8812348,2019,2019-03-05T00:00:00.000Z,1942,2019-01-19T00:00:00.000Z,2200,37405,2022,6,5,7,1942,0,0,0,,0,20A39,WESTERN AV,5TH ST,45,S,N,A,-,N,,0,0,,,0,,,,N,0,0,0,2,A,-,11,21955,,N,G,B,D,A,H,-,C,D,0,Y,,,,Y,Y,N,60,0,0,0,0,0,0,0,0,0,- ,- ,0,0,2400,1,LOS ANGELES,LOS ANGELES,CA,-118.3091228,34.06519318,"WESTERN AVE & 5TH ST, LOS ANGELES, CA",WESTERN AVE,5TH ST,118315,
-118.2581074,33.98930359,74933,8813145,2019,2019-04-10T00:00:00.000Z,1942,2019-01-19T00:00:00.000Z,2242,43374,NEWTO,6,5,7,1942,0,0,0,,0,13A93,SLAUSON AV,CENTRAL AV,500,W,N,A,-,N,,0,0,,,0,,,,Y,3,0,2,2,A,-,3,22350,,N,D,C,A,A,H,-,C,D,0,,,,,Y,,A,1,0,2,0,0,0,0,0,0,0,- ,- ,0,0,2400,1,LOS ANGELES,LOS ANGELES,CA,-118.2581074,33.98930359,"SLAUSON AVE & CENTRAL AVE, LOS ANGELES, CA",SLAUSON AVE,CENTRAL AVE,110111,
-118.5185922,34.19386673,74934,8814640,2019,2019-03-05T00:00:00.000Z,1942,2019-01-16T00:00:00.000Z,2110,38947,1037,3,5,7,1942,0,0,0,J,0,10A17,VANOWEN ST,WHITE OAK AV,0,,Y,C,-,N,,0,0,,,0,,,,Y,2,0,1,2,A,-,9,21801,A,N,A,C,A,B,H,-,C,A,0,,,,,Y,,A,1,1,0,0,0,0,0,0,0,0,- ,- ,0,0,2400,1,LOS ANGELES,LOS ANGELES,CA,-118.5185922,34.19386673,"VANOWEN ST & WHITE OAK AVE, LOS ANGELES, CA",VANOWEN ST,WHITE OAK AVE,133374,
-118.2329122,34.13087463,74935,8815005,2019,2019-03-06T00:00:00.000Z,1942,2019-01-11T00:00:00.000Z,2300,40873,1112,5,5,7,1942,0,0,0,K,0,11A17,SHASTA CIR,VORDUGO RD,0,,-,C,-,N,,0,0,,,0,,,,N,0,0,0,2,A,-,8,22107,,M,B,E,A,B,H,-,C,A,0,,,,,Y,,-,99,0,0,0,0,0,0,0,0,0,- ,- ,0,0,2400,1,LOS ANGELES,LOS ANGELES,CA,-118.2329122,34.13087463,"SHASTA CIR & VERDUGO RD, LOS ANGELES, CA",SHASTA CIR,VERDUGO RD,103707,
-118.2512833,34.11050034,74936,8816355,2019,2019-03-07T00:00:00.000Z,1942,2019-01-20T00:00:00.000Z,2230,27133,1133,7,5,7,1942,0,0,0,K,0,11A57,FLETCHER,LARGA,50,N,N,A,-,N,,0,0,,,0,,,,N,0,0,0,2,A,-,1,23152,,N,B,E,A,A,H,-,C,D,0,,,,,Y,Y,A,1,0,0,0,0,0,0,0,0,0,- ,- ,0,0,2400,1,LOS ANGELES,LOS ANGELES,CA,-118.2512833,34.11050034,"FLETCHER DR & LARGA AVE, LOS ANGELES, CA",FLETCHER DR,LARGA AVE,100373,
-118.2959222,34.11206436,74937,8816359,2019,2019-03-07T00:00:00.000Z,1942,2019-01-19T00:00:00.000Z,2300,43203,1101,6,5,7,1942,0,0,0,K,0,11A1,N CATALINA ST,CROMWELL AV,0,,Y,A,-,N,,0,0,,,0,,,,N,0,0,0,2,A,-,3,22350,,N,B,E,A,A,H,-,D,D,0,,,,,Y,,-,- ,0,0,0,0,0,0,0,0,0,- ,- ,0,0,2400,1,LOS ANGELES,LOS ANGELES,CA,-118.2959222,34.11206436,"CATALINA ST & CROMWELL AVE, LOS ANGELES, CA",CATALINA ST,CROMWELL AVE,107884,
-118.5536749,34.04295731,74939,8816663,2019,2019-03-12T00:00:00.000Z,1942,2019-01-26T00:00:00.000Z,2130,40690,811,6,5,7,1942,0,0,0,H,0,8A1,W SUNSET BL,PASEO MIRAMAR,118,N,N,A,-,N,,0,0,,,0,,,,N,3,0,1,2,A,-,9,21801,A,N,D,C,A,A,H,-,C,A,0,,,Y,,Y,,A,8,0,1,0,0,0,0,0,0,1,- ,- ,0,0,2400,1,LOS ANGELES,LOS ANGELES,CA,-118.5536749,34.04295731,"SUNSET BLVD & PASEO MIRAMAR, LOS ANGELES, CA",SUNSET BLVD,PASEO MIRAMAR,139110,
-118.4417922,34.05531311,74940,8816683,2019,2019-03-12T00:00:00.000Z,1942,2019-01-18T00:00:00.000Z,2205,42572,833,5,5,7,1942,0,0,0,H,0,8A35,WILKINS AV,WESTWOOD AV,0,,Y,A,-,N,,0,0,,,0,,,,N,4,0,1,2,A,-,10,21950,A,N,G,B,B,A,H,-,C,A,0,Y,,,,Y,,A,1,0,0,1,0,1,0,0,0,0,- ,- ,0,0,2400,1,LOS ANGELES,LOS ANGELES,CA,-118.4417922,34.05531311,"WILKINS AVE & WESTWOOD BLVD, LOS ANGELES, CA",WILKINS AVE,WESTWOOD BLVD,146440,
-118.4328842,34.03800201,74941,8816707,2019,2019-03-12T00:00:00.000Z,1942,2019-01-28T00:00:00.000Z,2125,41054,884,1,5,7,1942,0,0,0,H,0,8A35,MILITARY AV,PICO BL,5,S,N,A,-,N,,0,0,,,0,,,,N,4,0,1,2,A,-,9,21804,A,F,D,C,A,A,H,-,C,A,0,,,Y,,Y,,C,3,0,0,1,0,0,0,0,0,1,- ,- ,0,0,2400,1,LOS ANGELES,LOS ANGELES,CA,-118.4328842,34.03800201,"MILITARY AVE & PICO BLVD, LOS ANGELES, CA",MILITARY AVE,PICO BLVD,142838,
-118.4350021,33.9308548,74942,8816715,2019,2019-03-12T00:00:00.000Z,1942,2019-01-26T00:00:00.000Z,2322,43500,1493,6,5,7,1942,0,0,0,N,0,14A11,IMPERIAL HWY,VISTA DEL MAR,20,W,N,A,-,N,,0,0,,,0,,,,Y,4,0,1,2,A,-,3,22350,A,N,B,E,A,A,H,-,C,A,0,,,,,Y,,A,7,0,0,1,0,0,0,0,0,0,- ,- ,0,0,2400,1,LOS ANGELES,LOS ANGELES,CA,-118.4350021,33.9308548,"IMPERIAL HWY & VISTA DEL MAR, LOS ANGELES, CA",IMPERIAL HWY,VISTA DEL MAR,147720,
-118.5091227,34.17224503,74943,8818236,2019,2019-03-26T00:00:00.000Z,1942,2019-01-24T00:00:00.000Z,2300,32372,1047,4,5,7,1942,0,0,0,J,0,10A17,BURBANK BL,LOUISE AV,215,E,N,A,-,N,,0,0,,,0,,,,N,0,0,0,4,A,-,3,22350,,M,C,E,A,A,H,-,C,D,0,,,,,Y,,-,99,0,0,0,0,0,0,0,0,0,- ,- ,0,0,2400,1,LOS ANGELES,LOS ANGELES,CA,-118.5091227,34.17224503,"BURBANK BLVD & LOUISE AVE, LOS ANGELES, CA",BURBANK BLVD,LOUISE AVE,112083,
-118.4075197,34.26579285,74944,8821430,2019,2019-03-21T00:00:00.000Z,1942,2019-01-22T00:00:00.000Z,2230,37816,1645,2,5,7,1942,0,0,0,P,0,16A23,TERRA BELLA ST,DE FOE AV,7,S,N,A,-,N,,0,0,,,0,,,,N,0,0,0,2,A,-,8,22107,,M,B,E,A,A,H,-,C,D,0,,,,,Y,,-,99,0,0,0,0,0,0,0,0,0,- ,- ,0,0,2400,1,LOS ANGELES,LOS ANGELES,CA,-118.4075197,34.26579285,"TERRA BELLA ST & DE FOE AVE, LOS ANGELES, CA",TERRA BELLA ST,DE FOE AVE,140568,
-118.2698605,34.05068207,74945,8821492,2019,2019-03-25T00:00:00.000Z,1942,2019-01-17T00:00:00.000Z,2145,35431,269,4,5,7,1942,0,0,0,B,0,2A5,COLUMBIA AV,8TH ST,40,N,N,B,-,N,,0,0,,,0,,,,N,4,0,1,2,A,-,3,22350,,F,C,E,A,B,H,-,C,D,0,,,,,Y,,A,7,0,0,1,0,0,0,0,0,0,- ,- ,0,0,2400,1,LOS ANGELES,LOS ANGELES,CA,-118.2698605,34.05068207,"COLUMBIA AVE & 8TH ST, LOS ANGELES, CA",COLUMBIA AVE,8TH ST,107048,
-118.1796921,34.08829498,74946,8821601,2019,2019-03-22T00:00:00.000Z,1942,2019-01-27T00:00:00.000Z,2100,34257,408,7,5,7,1942,0,0,0,D,0,4A9,LOCKE ST,EDISON ST,0,N,N,A,-,N,,0,0,,,0,,,,N,0,0,0,2,A,-,3,22350,,M,B,E,A,A,H,-,C,D,0,,,,,Y,,-,99,0,0,0,0,0,0,0,0,0,- ,- ,0,0,2400,1,LOS ANGELES,LOS ANGELES,CA,-118.1796921,34.08829498,"LOCKE AVE & EDISON ST, LOS ANGELES, CA",LOCKE AVE,EDISON ST,114866,