X,Y,OBJECTID,case_id,accident_year,proc_date,juris,collision_date,collision_time,officer_id,reporting_district,day_of_week,chp_shift,population,cnty_city_loc,special_cond,beat_type,chp_beat_type,city_division_lapd,chp_beat_class,beat_number,primary_rd,secondary_rd,distance,direction,intersection,weather_1,weather_2,state_hwy_ind,caltrans_county,caltrans_district,state_route,route_suffix,postmile_prefix,postmile,location_type,ramp_intersection,side_of_hwy,tow_away,collision_severity,number_killed,number_injured,party_count,primary_coll_factor,pcf_code_of_viol,pcf_viol_category,pcf_violation,pcf_viol_subsection,hit_and_run,type_of_collision,mviw,ped_action,road_surface,road_cond_1,road_cond_2,lighting,control_device,chp_road_type,pedestrian_accident,bicycle_accident,motorcycle_accident,truck_accident,not_private_property,alcohol_involved,stwd_vehtype_at_fault,chp_vehtype_at_fault,count_severe_inj,count_visible_inj,count_complaint_pain,count_ped_killed,count_ped_injured,count_bicyclist_killed,count_bicyclist_injured,count_mc_killed,count_mc_injured,primary_ramp,secondary_ramp,latitude,longitude,timecat,month_,city,county,state,point_x,point_y,match_addr,m_primaryrd,m_secondrd,int_id,Flag
-118.3963421,33.94471359,74947,8816755,2019,2019-03-08T00:00:00.000Z,1942,2019-01-24T00:00:00.000Z,2125,18137,1496,4,5,7,1942,0,0,0,N,0,3X2,SEPULVEDA,W CENTURY,289,S,N,A,-,N,,0,0,,,0,,,,Y,0,0,0,2,A,-,1,23152,A,N,B,C,A,A,H,-,C,A,0,,,,,Y,Y,A,1,0,0,0,0,0,0,0,0,0,- ,- ,0,0,2400,1,LOS ANGELES,LOS ANGELES,CA,-118.3963421,33.94471359,"SEPULVEDA BLVD & CENTURY BLVD,, CA",SEPULVEDA BLVD,CENTURY BLVD,133610,
-118.2710622,34.05176544,74948,8821665,2019,2019-03-22T00:00:00.000Z,1942,2019-01-17T00:00:00.000Z,2315,43407,266,4,5,7,1942,0,0,0,B,0,2A76,GREEN AV,8TH ST,0,,Y,A,-,N,,0,0,,,0,,,,N,0,0,0,2,A,-,9,21804,A,M,A,C,A,A,H,-,C,D,0,,,,,Y,,A,1,0,0,0,0,0,0,0,0,0,- ,- ,0,0,2400,1,LOS ANGELES,LOS ANGELES,CA,-118.2710622,34.05176544,"GREEN AVE & 8TH ST, LOS ANGELES, CA",GREEN AVE,8TH ST,142209,
-118.1893439,34.11808777,74949,8821677,2019,2019-03-22T00:00:00.000Z,1942,2019-01-26T00:00:00.000Z,2300,43280,1127,6,5,7,1942,0,0,0,K,0,11A17,ALOAMA ST,YORK BL,10,E,N,A,-,N,,0,0,,,0,,,,N,0,0,0,2,A,-,7,21658,A,M,B,C,A,A,H,-,C,A,0,,,,,Y,Y,-,99,0,0,0,0,0,0,0,0,0,- ,- ,0,0,2400,1,LOS ANGELES,LOS ANGELES,CA,-118.1893439,34.11808777,"ALDAMA ST & YORK BLVD, LOS ANGELES, CA",ALDAMA ST,YORK BLVD,103748,
-118.3295321,34.09977341,74950,8830250,2019,2019-03-27T00:00:00.000Z,1942,2019-01-01T00:00:00.000Z,2315,42330,646,2,5,7,1942,0,0,0,F,0,6A63,CAHUENGA BL,SELMA AV,0,,N,A,-,N,,0,0,,,0,,,,Y,0,0,0,2,A,-,4,21703,,M,C,C,A,A,H,-,C,A,0,,,,,Y,,A,1,0,0,0,0,0,0,0,0,0,- ,- ,0,0,2400,1,LOS ANGELES,LOS ANGELES,CA,-118.3295321,34.09977341,"CAHUENGA BLVD & SELMA AVE, LOS ANGELES, CA",CAHUENGA BLVD,SELMA AVE,97324,
-118.3015923,34.03975678,74951,8830265,2019,2019-03-27T00:00:00.000Z,1942,2019-01-24T00:00:00.000Z,2115,42353,2093,4,5,7,1942,0,0,0,,0,20A45,S LA SALLE AV,WEST WASHINGTON BL,100,S,N,A,-,N,,0,0,,,0,,,,N,0,0,0,2,A,-,21,22106,,M,G,E,A,A,H,-,C,D,0,,,,,Y,,-,99,0,0,0,0,0,0,0,0,0,- ,- ,0,0,2400,1,LOS ANGELES,LOS ANGELES,CA,-118.3015923,34.03975677,"LA SALLE AVE & WASHINGTON BLVD, LOS ANGELES, CA",LA SALLE AVE,WASHINGTON BLVD,102506,
-118.3386616,34.06889343,74952,8830266,2019,2019-03-27T00:00:00.000Z,1942,2019-01-06T00:00:00.000Z,2317,43550,738,7,5,7,1942,0,0,0,G,0,7A33,3RD ST,HIGHLAND AV,15,W,N,C,-,N,,0,0,,,0,,,,N,0,0,0,2,A,-,7,21658,A,M,B,C,A,B,H,-,C,D,0,,,,,Y,,-,99,0,0,0,0,0,0,0,0,0,- ,- ,0,0,2400,1,LOS ANGELES,LOS ANGELES,CA,-118.3386616,34.06889343,"3RD ST & HIGHLAND AVE, LOS ANGELES, CA",3RD ST,HIGHLAND AVE,109325,
-118.3443717,34.0688858,74953,8830270,2019,2019-03-27T00:00:00.000Z,1942,2019-01-21T00:00:00.000Z,2130,40690,736,1,5,7,1942,0,0,0,G,0,7A17,W 3RD ST,LA BREA AV,100,W,N,A,-,N,,0,0,,,0,,,,N,0,0,0,2,A,-,7,21658,A,M,B,C,A,A,H,-,C,D,0,,,,,Y,,-,99,0,0,0,0,0,0,0,0,0,- ,- ,0,0,2400,1,LOS ANGELES,LOS ANGELES,CA,-118.3443717,34.0688858,"3RD ST & LA BREA AVE, LOS ANGELES, CA",3RD ST,LA BREA AVE,142564,
-118.3588691,34.04333878,74954,8830282,2019,2019-03-27T00:00:00.000Z,1942,2019-01-20T00:00:00.000Z,2120,42988,773,7,5,7,1942,0,0,0,G,0,7A85,HAUSER BL,VENICE BL,231,S,N,A,-,N,,0,0,,,0,,,,N,0,0,0,2,A,-,8,22103,,M,D,C,A,A,H,-,C,D,0,,,,,Y,,-,99,0,0,0,0,0,0,0,0,0,- ,- ,0,0,2400,1,LOS ANGELES,LOS ANGELES,CA,-118.3588691,34.04333878,"HAUSER BLVD & VENICE BLVD, LOS ANGELES, CA",HAUSER BLVD,VENICE BLVD,142047,
-118.2524617,34.0223732,74955,8830284,2019,2019-03-27T00:00:00.000Z,1942,2019-01-05T00:00:00.000Z,2300,42764,,6,5,7,1942,0,0,0,,0,13A85,CENTRAL,21ST,10,W,N,C,-,N,,0,0,,,0,,,,Y,3,0,1,3,A,-,3,22350,,N,G,E,A,B,H,-,C,D,0,,,,,Y,,A,1,0,1,0,0,0,0,0,0,0,- ,- ,0,0,2400,1,LOS ANGELES,LOS ANGELES,CA,-118.2524617,34.0223732,"CENTRAL AVE & 21ST ST,, CA",CENTRAL AVE,21ST ST,124436,
-118.2686821,34.02483368,74956,8830296,2019,2019-04-19T00:00:00.000Z,1942,2019-01-29T00:00:00.000Z,2142,39876,1321,2,5,7,1942,0,0,0,M,0,24T31,ADAMS BL,MAIN ST,0,,Y,A,-,N,,0,0,,,0,,,,Y,2,0,2,2,A,-,12,21453,A,N,D,C,A,A,H,-,C,A,0,,,,,Y,,-,- ,1,0,1,0,0,0,0,0,0,- ,- ,0,0,2400,1,LOS ANGELES,LOS ANGELES,CA,-118.2686821,34.02483368,"ADAMS BLVD & MAIN ST, LOS ANGELES, CA",ADAMS BLVD,MAIN ST,138426,
-118.2673622,34.0341835,74989,8806737,2019,2019-03-05T00:00:00.000Z,1942,2019-01-25T00:00:00.000Z,757,38256,192,5,5,7,1942,0,0,0,A,0,1A29,GRAND AV,18TH ST,0,,Y,A,-,N,,0,0,,,0,,,,N,2,0,1,2,A,-,12,21453,A,N,-,G,A,A,H,-,A,A,0,,Y,,,Y,,L,4,1,0,0,0,0,0,1,0,0,- ,- ,0,0,900,1,LOS ANGELES,LOS ANGELES,CA,-118.2673622,34.0341835,"GRAND AVE (DOWNTOWN) & 18TH ST, LOS ANGELES, CA",GRAND AVE (DOWNTOWN),18TH ST,114015,
-118.2793221,34.09415436,74990,8807468,2019,2019-04-22T00:00:00.000Z,1942,2019-01-08T00:00:00.000Z,755,40729,1171,2,5,7,1942,0,0,0,K,0,11A71,EFFIE ST,SANBORN AV,0,,Y,A,-,N,,0,0,,,0,,,,N,3,0,1,2,A,-,12,22450,A,N,-,G,A,A,H,-,A,D,0,,Y,,,Y,,-,- ,0,1,0,0,0,0,1,0,0,- ,- ,0,0,900,1,LOS ANGELES,LOS ANGELES,CA,-118.2793222,34.09415436,"EFFIE ST & SANBORN AVE, LOS ANGELES, CA",EFFIE ST,SANBORN AVE,135784,
-118.2944222,34.02202606,74991,8778199,2019,2019-03-06T00:00:00.000Z,1942,2019-01-03T00:00:00.000Z,1010,36761,357,4,5,7,1942,0,0,0,C,0,3A99,CATALINA ST,36TH PL,0,,Y,A,-,N,,0,0,,,0,,,,N,4,0,1,2,A,-,12,22450,A,N,-,G,A,A,H,-,A,-,0,,Y,,,Y,,L,4,0,0,1,0,0,0,1,0,0,- ,- ,0,0,1200,1,LOS ANGELES,LOS ANGELES,CA,-118.2944222,34.02202606,"CATALINA ST & 36TH PL, LOS ANGELES, CA",CATALINA ST,36TH PL,131224,
-118.5906322,34.20107269,74992,8805279,2019,2019-02-27T00:00:00.000Z,1942,2019-01-10T00:00:00.000Z,1300,42627,2137,4,5,7,1942,0,0,0,,0,21A1,INDEPENDENCE AV,SHERMAN WY,10,N,N,A,-,N,,0,0,,,0,,,,N,3,0,2,2,A,-,0,21650,A,N,-,G,A,A,H,-,A,A,0,,Y,,,Y,,L,4,0,1,1,0,0,0,2,0,0,- ,- ,0,0,1500,1,LOS ANGELES,LOS ANGELES,CA,-118.5906322,34.20107269,"INDEPENDENCE AVE & SHERMAN WAY, LOS ANGELES, CA",INDEPENDENCE AVE,SHERMAN WAY,133690,
-118.2734448,34.03501511,74993,8826908,2019,2019-04-02T00:00:00.000Z,1942,2019-01-24T00:00:00.000Z,1340,34997,1311,4,5,7,1942,0,0,0,M,0,13A27,WASHINGTON BL,LOVELACE AV,6,E,N,A,-,N,,0,0,,,0,,,,N,4,0,1,2,D,-,0,0,,N,-,G,A,A,H,-,A,A,0,,Y,,,Y,,-,- ,0,0,1,0,0,0,1,0,0,- ,- ,0,0,1500,1,LOS ANGELES,LOS ANGELES,CA,-118.2734448,34.03501511,"WASHINGTON BLVD & LOVELACE AVE, LOS ANGELES, CA",WASHINGTON BLVD,LOVELACE AVE,128177,
-118.2923721,33.7342453,74994,8793884,2019,2019-03-01T00:00:00.000Z,1942,2019-01-26T00:00:00.000Z,1235,38644,563,6,5,7,1942,0,0,0,,0,5A85,11TH ST,GAFFEY ST,0,,Y,A,-,N,,0,0,,,0,,,,Y,0,0,0,2,A,-,8,22107,,N,D,I,A,A,H,-,A,A,0,,,,,Y,,D,22,0,0,0,0,0,0,0,0,0,- ,- ,0,0,1500,1,LOS ANGELES,LOS ANGELES,CA,-118.2923721,33.7342453,"11TH ST & GAFFEY ST, LOS ANGELES, CA",11TH ST,GAFFEY ST,114880,
-118.3213621,34.01459503,74995,8796597,2019,2019-03-06T00:00:00.000Z,1942,2019-01-21T00:00:00.000Z,1255,43554,374,1,5,7,1942,0,0,0,C,0,3A99,39TH ST,ROXTON AV,0,,Y,A,-,N,,0,0,,,0,,,,N,4,0,1,2,A,-,9,21801,A,N,D,C,A,A,H,-,A,A,0,,,,,Y,,A,1,0,0,1,0,0,0,0,0,0,- ,- ,0,0,1500,1,LOS ANGELES,LOS ANGELES,CA,-118.3213621,34.01459503,"39TH ST & ROXTON AVE, LOS ANGELES, CA",39TH ST,ROXTON AVE,131377,
-118.3658621,34.07212448,74996,8810372,2019,2019-03-06T00:00:00.000Z,1942,2019-01-23T00:00:00.000Z,1410,31465,723,3,5,7,1942,0,0,0,G,0,7A21,3RD ST,CRESCENT HEIGHTS BL,0,W,N,A,-,N,,0,0,,,0,,,,Y,4,0,1,2,A,-,9,21801,A,N,D,I,A,A,H,-,A,A,0,,,,,Y,,A,1,0,0,1,0,0,0,0,0,0,- ,- ,0,0,1500,1,LOS ANGELES,LOS ANGELES,CA,-118.3658621,34.07212448,"3RD ST & CRESCENT HEIGHTS BLVD, LOS ANGELES, CA",3RD ST,CRESCENT HEIGHTS BLVD,107485,
-118.2586286,33.93099594,74997,8791181,2019,2019-02-06T00:00:00.000Z,1942,2019-01-05T00:00:00.000Z,1745,38037,1864,6,5,7,1942,0,0,0,R,0,25MX86,IMPERIAL HWY,WADSWORTH AV,5,W,N,C,-,N,,0,0,,,0,,,,Y,4,0,1,2,A,-,9,21801,A,F,D,C,A,B,H,-,C,D,0,,,Y,,Y,,-,99,0,0,1,0,0,0,0,0,1,- ,- ,0,0,1800,1,LOS ANGELES,LOS ANGELES,CA,-118.2586286,33.93099594,"IMPERIAL HWY & WADSWORTH AVE, LOS ANGELES, CA",IMPERIAL HWY,WADSWORTH AVE,127877,
-118.4225522,34.18484497,74998,8803647,2019,2019-02-28T00:00:00.000Z,1942,2019-01-11T00:00:00.000Z,1554,42489,938,5,5,7,1942,0,0,0,I,0,9X6,FULTON AV,SYLVAN ST,0,,Y,A,-,N,,0,0,,,0,,,,Y,4,0,1,2,A,-,8,22107,,N,D,C,A,A,H,-,A,D,0,,,,,Y,,A,7,0,0,1,0,0,0,0,0,0,- ,- ,0,0,1800,1,LOS ANGELES,LOS ANGELES,CA,-118.4225522,34.18484497,"FULTON AVE & SYLVAN ST, LOS ANGELES, CA",FULTON AVE,SYLVAN ST,139640,
-118.3556021,34.01831436,74999,8784550,2019,2019-02-13T00:00:00.000Z,1942,2019-01-09T00:00:00.000Z,1105,39735,361,3,5,7,1942,0,0,0,C,0,361,LA BREA AV,COLISEUM ST,0,,Y,A,-,N,,0,0,,,0,,,,N,4,0,1,2,A,-,9,21804,A,N,D,G,A,A,H,-,A,A,0,,Y,,,Y,,L,4,0,0,1,0,0,0,1,0,0,- ,- ,0,0,1200,1,LOS ANGELES,LOS ANGELES,CA,-118.3556021,34.01831436,"LA BREA AVE & COLISEUM ST, LOS ANGELES, CA",LA BREA AVE,COLISEUM ST,119588,
-118.4400122,34.20118332,75000,8803667,2019,2019-02-27T00:00:00.000Z,1942,2019-01-23T00:00:00.000Z,950,39217,915,3,5,7,1942,0,0,0,I,0,9A19,HAZELTINE AV,SHERMAN WY,0,,Y,A,-,N,,0,0,,,0,,,,N,4,0,1,2,A,-,9,21804,A,N,D,G,A,A,H,-,A,A,0,,Y,,,Y,,L,4,0,0,1,0,0,0,1,0,0,- ,- ,0,0,1200,1,LOS ANGELES,LOS ANGELES,CA,-118.4400122,34.20118332,"HAZELTINE AVE & SHERMAN WAY, LOS ANGELES, CA",HAZELTINE AVE,SHERMAN WAY,139571,
-118.4749305,34.1893951,79578,8805919,2019,2019-05-22T00:00:00.000Z,1942,2019-02-06T00:00:00.000Z,625,40979,1039,3,5,7,1942,0,0,0,J,0,10A17,HASKELL,RT 405,25,N,N,A,-,Y,LA,7,405,-,-,41.662,R,4,S,,4,0,2,2,A,-,8,22107,,F,A,C,A,A,H,-,A,A,0,,,,,Y,,-,- ,0,0,2,0,0,0,0,0,0,- ,SF,0,0,900,2,LOS ANGELES,LOS ANGELES,CA,-118.4749305,34.1893951,"HASKELL AVE & RT 405 S/B OFF NEAR HAYNES, LOS ANGELES, CA",HASKELL AVE,RT 405 S/B OFF NEAR HAYNES,131059,
-118.317717,34.0370923,78158,8813587,2019,2019-05-21T00:00:00.000Z,1942,2019-02-02T00:00:00.000Z,335,43253,789,6,5,7,1942,0,0,0,G,0,3A63,ARLINGTON AV,RT 10,10,N,N,C,-,Y,LA,7,10,-,R,12.185,R,4,W,Y,0,0,0,1,A,-,1,23152,A,N,E,I,A,B,H,-,C,A,0,,,,,Y,Y,A,1,0,0,0,0,0,0,0,0,0,- ,NO,0,0,600,2,LOS ANGELES,LOS ANGELES,CA,-118.317717,34.0370923,"ARLINGTON AVE & RT 10 W/B ON, LOS ANGELES, CA",ARLINGTON AVE,RT 10 W/B ON,99291,
-118.3122821,34.10171509,75001,8792783,2019,2019-03-07T00:00:00.000Z,1942,2019-01-23T00:00:00.000Z,1430,40260,638,3,5,7,1942,0,0,0,,0,6X25,GRAMERCY PL,HOLLYWOOD BL,0,,Y,A,-,N,,0,0,,,0,,,,N,0,0,0,2,A,-,3,22350,,M,B,E,A,A,H,-,A,D,0,,,,,Y,,-,99,0,0,0,0,0,0,0,0,0,- ,- ,0,0,1500,1,LOS ANGELES,LOS ANGELES,CA,-118.3122821,34.10171509,"GRAMERCY PL & HOLLYWOOD BLVD, LOS ANGELES, CA",GRAMERCY PL,HOLLYWOOD BLVD,143024,
-118.2827121,33.95280457,75002,8800926,2019,2019-02-27T00:00:00.000Z,1942,2019-01-02T00:00:00.000Z,1710,42543,1822,3,5,7,1942,0,0,0,R,0,18A22,FIGUEROA,92ND ST,0,,Y,A,-,N,,0,0,,,0,,,,N,4,0,1,2,A,-,9,21802,A,N,-,G,A,A,H,-,C,A,0,,Y,,,Y,Y,A,1,0,0,1,0,0,0,1,0,0,- ,- ,0,0,1800,1,LOS ANGELES,LOS ANGELES,CA,-118.2827121,33.95280457,"FIGUEROA ST & 92ND ST, LOS ANGELES, CA",FIGUEROA ST,92ND ST,117183,
-118.274911,33.7720108,75003,8806857,2019,2019-03-11T00:00:00.000Z,1942,2019-01-25T00:00:00.000Z,1630,40748,RD524,5,5,7,1942,0,0,0,,0,5A15,KING AV,C ST,5,S,N,A,-,N,,0,0,,,0,,,,N,4,0,1,2,A,-,9,21801,A,N,-,G,A,A,H,-,A,D,0,,Y,,,Y,,-,,0,0,1,0,0,0,1,0,0,- ,- ,0,0,1800,1,LOS ANGELES,LOS ANGELES,CA,-118.274911,33.7720108,"KING AVE & C ST, LOS ANGELES, CA",KING AVE,C ST,103196,
-118.469549,33.99153519,75004,8806824,2019,2019-02-28T00:00:00.000Z,1942,2019-01-18T00:00:00.000Z,1810,43171,1431,5,5,7,1942,0,0,0,N,0,14A28,ABBOTT KINNEY BL,WESTMINISTER AV,350,S,N,A,-,N,,0,0,,,0,,,,N,3,0,1,2,A,-,7,21658,A,N,-,G,A,A,H,-,C,A,0,,Y,,,Y,,A,1,0,1,0,0,0,0,1,0,0,- ,- ,0,0,2100,1,LOS ANGELES,LOS ANGELES,CA,-118.469549,33.99153519,"ABBOT KINNEY BLVD & WESTMINSTER AVE, LOS ANGELES, CA",ABBOT KINNEY BLVD,WESTMINSTER AVE,110663,
-118.3309721,33.98895645,75005,8797083,2019,2019-02-19T00:00:00.000Z,1942,2019-01-19T00:00:00.000Z,1900,42231,1232,6,5,7,1942,0,0,0,L,0,12A15,CRENSHAW BL,SLAUSON AV,10,S,N,A,-,N,,0,0,,,0,,,,N,3,0,1,2,A,-,12,21453,A,N,D,G,A,A,H,-,C,A,0,,Y,,,Y,,L,4,0,1,0,0,0,0,1,0,0,- ,- ,0,0,2100,1,LOS ANGELES,LOS ANGELES,CA,-118.3309721,33.98895645,"CRENSHAW BLVD & SLAUSON AVE, LOS ANGELES, CA",CRENSHAW BLVD,SLAUSON AVE,102336,
-118.2608917,34.04088593,75006,8786931,2019,2019-02-11T00:00:00.000Z,1942,2019-01-11T00:00:00.000Z,2045,42727,182,5,5,7,1942,0,0,0,A,0,1A41,OLIVE,11TH ST,15,N,N,A,-,N,,0,0,,,0,,,,N,4,0,1,2,A,-,0,21201,1,N,D,G,A,A,H,-,D,-,0,,Y,,,Y,,L,4,0,0,1,0,0,0,1,0,0,- ,- ,0,0,2100,1,LOS ANGELES,LOS ANGELES,CA,-118.2608917,34.04088593,"OLIVE ST & 11TH ST, LOS ANGELES, CA",OLIVE ST,11TH ST,121156,
-118.2462821,33.93783569,75007,8784440,2019,2019-02-13T00:00:00.000Z,1942,2019-01-11T00:00:00.000Z,1700,38753,1837,5,5,7,1942,0,0,0,R,0,18A26,108TH ST,COMPTON AV,0,,N,A,-,N,,0,0,,,0,,,,Y,0,0,0,1,A,-,3,22350,,N,E,I,A,A,H,-,A,A,0,,,,,Y,,A,7,0,0,0,0,0,0,0,0,0,- ,- ,0,0,1800,1,LOS ANGELES,LOS ANGELES,CA,-118.2462821,33.93783569,"108TH ST & COMPTON AVE, LOS ANGELES, CA",108TH ST,COMPTON AVE,110153,
-118.5885419,34.22703552,75008,8786202,2019,2019-02-12T00:00:00.000Z,1942,2019-01-17T00:00:00.000Z,1555,26347,1791,4,5,7,1942,0,0,0,Q,0,17A23,DE SOTO AV,BRYANT ST,15,N,N,B,-,N,,0,0,,,0,,,,Y,0,0,0,1,A,-,7,21658,A,N,E,I,A,B,H,-,A,D,0,,,,,Y,,A,1,0,0,0,0,0,0,0,0,0,- ,- ,0,0,1800,1,LOS ANGELES,LOS ANGELES,CA,-118.5885419,34.22703552,"DE SOTO AVE & BRYANT ST, LOS ANGELES, CA",DE SOTO AVE,BRYANT ST,151487,
-118.2893364,33.91023254,75009,8812142,2019,2019-03-01T00:00:00.000Z,1942,2019-01-10T00:00:00.000Z,1640,42358,1851,4,5,7,1942,0,0,0,R,0,18X96,134TH ST,MENLO,20,E,N,A,-,N,,0,0,,,0,,,,Y,0,0,0,1,A,-,4,21703,,N,E,I,A,A,-,-,B,D,0,,,,,Y,,A,1,0,0,0,0,0,0,0,0,0,- ,- ,0,0,1800,1,LOS ANGELES,LOS ANGELES,CA,-118.2893364,33.91023254,"134TH ST & MENLO AVE, LOS ANGELES, CA",134TH ST,MENLO AVE,106675,
-118.3772474,34.02193832,75013,8797104,2019,2019-02-19T00:00:00.000Z,1942,2019-01-14T00:00:00.000Z,2025,41541,341,1,5,7,1942,0,0,0,C,0,3A41,JEFFERSON BL,RODEO RD,6,S,N,C,-,N,,0,0,,,0,,,,Y,4,0,1,1,A,-,7,21658,,N,E,I,A,B,H,-,C,D,0,,,,,Y,,A,1,0,0,1,0,0,0,0,0,0,- ,- ,0,0,2100,1,LOS ANGELES,LOS ANGELES,CA,-118.3772474,34.02193832,"JEFFERSON BLVD & RODEO RD, LOS ANGELES, CA",JEFFERSON BLVD,RODEO RD,163842,
-118.2819557,33.77891541,75014,8800630,2019,2019-02-21T00:00:00.000Z,1942,2019-01-27T00:00:00.000Z,2005,42069,513,7,5,7,1942,0,0,0,E,0,5A11,ANAHEIM ST,I ST,5,N,N,A,-,N,,0,0,,,0,,,,Y,3,0,3,1,A,-,3,22350,,N,E,I,A,A,H,-,C,D,0,,,,,Y,,A,1,0,1,2,0,0,0,0,0,0,- ,- ,0,0,2100,1,LOS ANGELES,LOS ANGELES,CA,-118.2819557,33.77891541,"ANAHEIM ST & I ST, LOS ANGELES, CA",ANAHEIM ST,I ST,1956,
-118.2263987,34.03632736,75016,8823460,2019,2019-03-18T00:00:00.000Z,1942,2019-01-31T00:00:00.000Z,200,35291,471,4,5,7,1942,0,0,0,,0,4A71,S MISSION RD,JESSE ST,10,S,N,A,-,N,,0,0,,,0,,,,Y,0,0,0,1,A,-,3,22350,,M,E,I,A,A,H,-,C,D,0,,,,,Y,,A,1,0,0,0,0,0,0,0,0,0,- ,- ,0,0,300,1,LOS ANGELES,LOS ANGELES,CA,-118.2263987,34.03632736,"MISSION RD & JESSE ST, LOS ANGELES, CA",MISSION RD,JESSE ST,110567,
-118.5155531,34.25031281,75017,8856527,2019,2019-05-14T00:00:00.000Z,1942,2019-01-15T00:00:00.000Z,255,43357,LOS A,2,5,7,1942,0,0,0,,0,1768,ENCINO AV,LASSEN ST,12,S,N,C,-,N,,0,0,,,0,,,,Y,0,0,0,1,A,-,3,22350,,M,E,I,A,B,H,-,C,A,0,,,,,Y,,A,1,0,0,0,0,0,0,0,0,0,- ,- ,0,0,300,1,LOS ANGELES,LOS ANGELES,CA,-118.5155531,34.25031281,"ENCINO AVE & LASSEN ST, LOS ANGELES, CA",ENCINO AVE,LASSEN ST,105158,
-118.268058,34.02797318,75018,8810035,2019,2019-04-05T00:00:00.000Z,1942,2019-01-26T00:00:00.000Z,1915,42926,1321,6,5,7,1942,0,0,0,M,0,13A13,S BROADWAY,23RD ST,22,S,N,A,-,N,,0,0,,,0,,,,N,0,0,0,1,C,-,18,0,,N,E,I,A,A,H,-,C,A,0,,,,,Y,,-,- ,0,0,0,0,0,0,0,0,0,- ,- ,0,0,2100,1,LOS ANGELES,LOS ANGELES,CA,-118.268058,34.02797318,"BROADWAY & 23RD ST, LOS ANGELES, CA",BROADWAY,23RD ST,107136,
-118.2493721,33.79084396,75019,8794732,2019,2019-05-22T00:00:00.000Z,1942,2019-01-21T00:00:00.000Z,2200,43296,519,1,5,7,1942,0,0,0,E,0,5A15,PACIFIC COAST HWY,PIONEER AV,0,,Y,A,-,Y,LA,7,1,-,-,9.75,H,-,S,Y,3,0,1,1,A,-,3,22350,,N,E,I,A,A,H,-,C,D,0,,,,,Y,,A,1,0,1,0,0,0,0,0,0,0,- ,- ,0,0,2400,1,LOS ANGELES,LOS ANGELES,CA,-118.2493721,33.79084396,"PACIFIC COAST HWY & PIONEER AVE, LOS ANGELES, CA",PACIFIC COAST HWY,PIONEER AVE,113766,
-118.391621,34.20119095,75020,8802650,2019,2019-02-25T00:00:00.000Z,1942,2019-01-31T00:00:00.000Z,2130,36885,1504,4,5,7,1942,0,0,0,O,0,15A3,SHERMAN WY,RADFORD AV,170,E,N,B,-,N,,0,0,,,0,,,,Y,4,0,1,1,A,-,1,23152,A,N,E,I,A,A,H,-,C,D,0,,,,,Y,Y,D,22,0,0,1,0,0,0,0,0,0,- ,- ,0,0,2400,1,LOS ANGELES,LOS ANGELES,CA,-118.391621,34.20119095,"SHERMAN WAY & RADFORD AVE, LOS ANGELES, CA",SHERMAN WAY,RADFORD AVE,143272,
-118.2152842,34.13534164,75021,8815001,2019,2019-03-06T00:00:00.000Z,1942,2019-01-05T00:00:00.000Z,2150,42027,1117,6,5,7,1942,0,0,0,K,0,11A89,EAGLE ROCK BL,YOSEMITE DR,70,N,N,C,-,N,,0,0,,,0,,,,Y,0,0,0,1,A,-,8,22107,,N,E,I,A,B,H,-,C,D,0,,,,,Y,,A,1,0,0,0,0,0,0,0,0,0,- ,- ,0,0,2400,1,LOS ANGELES,LOS ANGELES,CA,-118.2152842,34.13534164,"EAGLE ROCK BLVD & YOSEMITE DR, LOS ANGELES, CA",EAGLE ROCK BLVD,YOSEMITE DR,102164,
-118.2446923,34.06128693,75022,8816351,2019,2019-03-07T00:00:00.000Z,1942,2019-01-08T00:00:00.000Z,2310,35291,111,2,5,7,1942,0,0,0,A,0,1A1,W CESAR E CHAVEZ AV,BUNKER HILL AV,22,W,N,A,-,N,,0,0,,,0,,,,N,0,0,0,1,A,-,3,22350,,M,E,I,A,A,H,-,C,D,0,,,,,Y,,A,7,0,0,0,0,0,0,0,0,0,- ,- ,0,0,2400,1,LOS ANGELES,LOS ANGELES,CA,-118.2446923,34.06128693,"CESAR E CHAVEZ AVE & BUNKER HILL AVE, LOS ANGELES, CA",CESAR E CHAVEZ AVE,BUNKER HILL AVE,138612,
-118.282105,33.87334061,75023,8843595,2019,2019-05-09T00:00:00.000Z,1942,2019-01-24T00:00:00.000Z,250,43401,1891,4,5,7,1942,0,0,0,R,0,18A41,FIGEROA,WALNUT,80,S,N,A,-,N,,0,0,,,0,,,,Y,0,0,0,1,A,-,3,22350,A,N,E,I,A,A,H,-,C,D,0,,,,,Y,,A,1,0,0,0,0,0,0,0,0,0,- ,- ,0,0,300,1,LOS ANGELES,LOS ANGELES,CA,-118.282105,33.87334061,"FIGUEROA ST & WALNUT ST,, CA",FIGUEROA ST,WALNUT ST,116685,
-118.2841421,33.72694397,75024,8806938,2019,2019-03-05T00:00:00.000Z,1942,2019-01-01T00:00:00.000Z,350,43320,569,2,5,7,1942,0,0,0,E,0,5QA25,CRESCENT AV,19TH ST,0,,Y,A,G,N,,0,0,,,0,,,,Y,4,0,1,1,A,-,3,22350,,N,E,I,A,A,H,-,C,D,0,,,,,Y,,-,- ,0,0,1,0,0,0,0,0,0,- ,- ,0,0,600,1,LOS ANGELES,LOS ANGELES,CA,-118.2841421,33.72694397,"CRESCENT AVE & 19TH ST, LOS ANGELES, CA",CRESCENT AVE,19TH ST,138739,