X,Y,OBJECTID,case_id,accident_year,proc_date,juris,collision_date,collision_time,officer_id,reporting_district,day_of_week,chp_shift,population,cnty_city_loc,special_cond,beat_type,chp_beat_type,city_division_lapd,chp_beat_class,beat_number,primary_rd,secondary_rd,distance,direction,intersection,weather_1,weather_2,state_hwy_ind,caltrans_county,caltrans_district,state_route,route_suffix,postmile_prefix,postmile,location_type,ramp_intersection,side_of_hwy,tow_away,collision_severity,number_killed,number_injured,party_count,primary_coll_factor,pcf_code_of_viol,pcf_viol_category,pcf_violation,pcf_viol_subsection,hit_and_run,type_of_collision,mviw,ped_action,road_surface,road_cond_1,road_cond_2,lighting,control_device,chp_road_type,pedestrian_accident,bicycle_accident,motorcycle_accident,truck_accident,not_private_property,alcohol_involved,stwd_vehtype_at_fault,chp_vehtype_at_fault,count_severe_inj,count_visible_inj,count_complaint_pain,count_ped_killed,count_ped_injured,count_bicyclist_killed,count_bicyclist_injured,count_mc_killed,count_mc_injured,primary_ramp,secondary_ramp,latitude,longitude,timecat,month_,city,county,state,point_x,point_y,match_addr,m_primaryrd,m_secondrd,int_id,Flag
-118.3868916,34.05526352,75025,8779231,2019,2019-02-02T00:00:00.000Z,1942,2019-01-01T00:00:00.000Z,610,39127,858,2,5,7,1942,0,0,0,H,0,8A95,W PICO BL,LA PEER DR,15,W,N,A,-,N,,0,0,,,0,,,,Y,0,0,0,1,A,-,8,22107,,M,E,I,A,A,H,-,C,D,0,,,,,Y,Y,A,8,0,0,0,0,0,0,0,0,0,- ,- ,0,0,900,1,LOS ANGELES,LOS ANGELES,CA,-118.3868916,34.05526352,"PICO BLVD & LA PEER DR, LOS ANGELES, CA",PICO BLVD,LA PEER DR,103483,
-118.3779264,34.25543213,75026,8782243,2019,2019-02-02T00:00:00.000Z,1942,2019-01-06T00:00:00.000Z,710,43366,1665,7,5,7,1942,0,0,0,P,0,16A11,WENTWORTH ST,BROMONT AV,100,E,N,B,C,N,,0,0,,,0,,,,Y,4,0,1,1,A,-,3,22350,,N,E,I,A,B,H,-,A,D,0,,,,,Y,,A,1,0,0,1,0,0,0,0,0,0,- ,- ,0,0,900,1,LOS ANGELES,LOS ANGELES,CA,-118.3779264,34.25543213,"WENTWORTH ST & BROMONT AVE, LOS ANGELES, CA",WENTWORTH ST,BROMONT AVE,136779,
-118.4181834,34.19404602,75027,8793474,2019,2019-02-26T00:00:00.000Z,1942,2019-01-15T00:00:00.000Z,755,33700,1522,2,5,7,1942,0,0,0,O,0,15A21,ETHEL AV,VANOWEN ST,40,N,N,B,-,N,,0,0,,,0,,,,Y,0,0,0,1,A,-,8,22107,,N,E,I,A,B,H,-,A,A,0,,,,,Y,,A,1,0,0,0,0,0,0,0,0,0,- ,- ,0,0,900,1,LOS ANGELES,LOS ANGELES,CA,-118.4181834,34.19404602,"ETHEL AVE & VANOWEN ST, LOS ANGELES, CA",ETHEL AVE,VANOWEN ST,146894,
-118.3826477,34.16866303,75028,8798206,2019,2019-02-08T00:00:00.000Z,1942,2019-01-06T00:00:00.000Z,605,42529,1547,7,5,7,1942,0,0,0,O,0,15A67,CHANDLER BL,CAMELIA AV,114,W,N,E,-,N,,0,0,,,0,,,,Y,2,0,1,1,A,-,3,22350,,N,E,I,A,B,H,-,C,D,0,,,,,Y,Y,A,7,1,0,0,0,0,0,0,0,0,- ,- ,0,0,900,1,LOS ANGELES,LOS ANGELES,CA,-118.3826477,34.16866302,"CHANDLER BLVD & CAMELLIA AVE, LOS ANGELES, CA",CHANDLER BLVD,CAMELLIA AVE,146891,
-118.2593206,33.99661255,75029,8856547,2019,2019-05-14T00:00:00.000Z,1942,2019-01-17T00:00:00.000Z,700,42478,NEWTO,4,5,7,1942,0,0,0,,0,1363,E 51ST ST,WADSWORTH AV,200,W,N,A,-,N,,0,0,,,0,,,,N,0,0,0,1,A,-,3,22350,,M,E,I,A,A,H,-,A,D,0,,,,,Y,,A,,0,0,0,0,0,0,0,0,0,- ,- ,0,0,900,1,LOS ANGELES,LOS ANGELES,CA,-118.2593206,33.99661255,"51ST ST & WADSWORTH AVE, LOS ANGELES, CA",51ST ST,WADSWORTH AVE,103404,
-118.5642756,34.26046372,75030,8782389,2019,2019-02-13T00:00:00.000Z,1942,2019-01-06T00:00:00.000Z,938,42121,1725,7,5,7,1942,0,0,0,Q,0,17A49,CORBIN AV,KINGSBURY ST,1056,S,N,A,-,N,,0,0,,,0,,,,Y,0,0,0,1,A,-,3,22350,,M,E,I,A,A,H,-,A,D,0,,,,,Y,,A,1,0,0,0,0,0,0,0,0,0,- ,- ,0,0,1200,1,LOS ANGELES,LOS ANGELES,CA,-118.5642756,34.26046371,"CORBIN AVE & KINGSBURY ST, LOS ANGELES, CA",CORBIN AVE,KINGSBURY ST,129939,
-118.2614651,34.07099152,75031,8806408,2019,2019-03-11T00:00:00.000Z,1942,2019-01-07T00:00:00.000Z,1000,38729,218,1,5,7,1942,0,0,0,B,0,2A39,GLENDALE BL,BELLEVUE AV,130,N,N,C,-,N,,0,0,,,0,,,,Y,3,0,1,1,A,-,1,23152,A,N,E,I,A,B,H,-,A,D,0,,,,,Y,Y,D,22,0,1,0,0,0,0,0,0,0,- ,- ,0,0,1200,1,LOS ANGELES,LOS ANGELES,CA,-118.2614651,34.07099152,"GLENDALE BLVD & BELLEVUE AVE, LOS ANGELES, CA",GLENDALE BLVD,BELLEVUE AVE,107893,
-118.2782701,34.08758164,75032,8810011,2019,2019-03-11T00:00:00.000Z,1942,2019-01-30T00:00:00.000Z,1115,31713,204,3,5,7,1942,0,0,0,B,0,2A5,N MALTMAN AV,WINSLOW DR,15,N,N,A,-,N,,0,0,,,0,,,,Y,0,0,0,1,A,-,3,22350,,M,E,I,A,A,H,-,A,-,0,,,,,Y,,A,8,0,0,0,0,0,0,0,0,0,- ,- ,0,0,1200,1,LOS ANGELES,LOS ANGELES,CA,-118.2782701,34.08758163,"MALTMAN AVE & WINSLOW DR, LOS ANGELES, CA",MALTMAN AVE,WINSLOW DR,104398,
-118.4484383,34.0824852,75033,8819619,2019,2019-03-13T00:00:00.000Z,1942,2019-01-08T00:00:00.000Z,1140,41139,806,2,5,7,1942,0,0,0,H,0,8A29,CARCASSONE RD,BELLAGIO RD,300,N,N,A,-,N,,0,0,,,0,,,,N,4,0,1,1,A,-,3,22350,,N,E,I,A,A,H,-,A,D,0,,,,,Y,,J,41,0,0,1,0,0,0,0,0,0,- ,- ,0,0,1200,1,LOS ANGELES,LOS ANGELES,CA,-118.4484383,34.0824852,"CARCASSONNE RD & BELLAGIO RD, LOS ANGELES, CA",CARCASSONNE RD,BELLAGIO RD,123343,
-118.2828979,33.9736557,75034,8784495,2019,2019-02-15T00:00:00.000Z,1942,2019-01-30T00:00:00.000Z,1400,37146,1249,3,5,7,1942,0,0,0,L,0,25TL22,W 73RD ST,FIGUEROA ST,60,W,N,A,-,N,,0,0,,,0,,,,N,0,0,0,1,A,-,3,22350,,M,E,I,A,A,H,-,A,D,0,,,,,Y,,A,7,0,0,0,0,0,0,0,0,0,- ,- ,0,0,1500,1,LOS ANGELES,LOS ANGELES,CA,-118.2828979,33.9736557,"73RD ST & FIGUEROA ST, LOS ANGELES, CA",73RD ST,FIGUEROA ST,134620,
-118.2383409,34.0398941,75036,8798388,2019,2019-02-12T00:00:00.000Z,1942,2019-01-03T00:00:00.000Z,1442,38233,159,4,5,7,1942,0,0,0,A,0,1A29,ALAMEDA ST,PALMETTO ST,7,N,N,A,-,N,,0,0,,,0,,,,N,0,0,0,1,A,-,8,22107,,M,E,I,A,A,H,-,A,A,0,,,,,Y,,-,99,0,0,0,0,0,0,0,0,0,- ,- ,0,0,1500,1,LOS ANGELES,LOS ANGELES,CA,-118.2383409,34.0398941,"ALAMEDA ST & PALMETTO ST, LOS ANGELES, CA",ALAMEDA ST,PALMETTO ST,117632,
-118.2483922,34.11304474,75037,8816363,2019,2019-03-07T00:00:00.000Z,1942,2019-01-15T00:00:00.000Z,1230,34933,1133,2,5,7,1942,0,0,0,K,0,11A58,FLETCHER DR,CASITAS AV,0,,Y,B,-,N,,0,0,,,0,,,,Y,0,0,0,1,A,-,3,22350,A,N,E,I,A,B,H,-,A,A,0,,,,,Y,,A,1,0,0,0,0,0,0,0,0,0,- ,- ,0,0,1500,1,LOS ANGELES,LOS ANGELES,CA,-118.2483922,34.11304474,"FLETCHER DR & CASITAS AVE, LOS ANGELES, CA",FLETCHER DR,CASITAS AVE,98803,
-118.4809376,34.13360596,75038,8803166,2019,2019-02-26T00:00:00.000Z,1942,2019-01-12T00:00:00.000Z,920,27792,1099,6,5,7,1942,0,0,0,J,0,10A99,N SEPULVEDA BL,STEVENS DR,100,S,N,B,C,N,,0,0,,,0,,,,Y,4,0,1,1,A,-,3,22350,,N,E,I,A,B,G,-,A,D,0,,,,,Y,,A,1,0,0,1,0,0,0,0,0,0,- ,- ,0,0,1200,1,LOS ANGELES,LOS ANGELES,CA,-118.4809376,34.13360596,"SEPULVEDA BLVD & STEVEN DR, LOS ANGELES, CA",SEPULVEDA BLVD,STEVEN DR,108284,
-118.4587768,34.16487503,75039,8803185,2019,2019-02-22T00:00:00.000Z,1942,2019-01-07T00:00:00.000Z,1020,35675,963,1,5,7,1942,0,0,0,I,0,9A19W2,MAGNOLIA BL,SALOMA AV,62,W,N,C,-,N,,0,0,,,0,,,,N,3,0,1,1,A,-,8,22107,,N,E,I,A,B,H,-,A,D,0,,,,,Y,,D,22,0,1,0,0,0,0,0,0,0,- ,- ,0,0,1200,1,LOS ANGELES,LOS ANGELES,CA,-118.4587768,34.16487503,"MAGNOLIA BLVD & SALOMA AVE, LOS ANGELES, CA",MAGNOLIA BLVD,SALOMA AVE,108412,
-118.2792023,33.9309845,75040,8784448,2019,2019-03-05T00:00:00.000Z,1942,2019-01-12T00:00:00.000Z,1500,37463,1862,6,5,7,1942,0,0,0,R,0,18H22,W IMPERIAL HWY,ATHENS WY,3,E,N,B,C,N,,0,0,,,0,,,,Y,4,0,4,2,A,-,3,22350,,N,C,E,A,B,H,-,A,D,0,,,,,Y,,A,1,0,0,4,0,0,0,0,0,0,- ,- ,0,0,1800,1,LOS ANGELES,LOS ANGELES,CA,-118.2792023,33.9309845,"IMPERIAL HWY & ATHENS WAY, LOS ANGELES, CA",IMPERIAL HWY,ATHENS WAY,103270,
-118.5361077,34.23840332,75041,8792722,2019,2019-02-20T00:00:00.000Z,1942,2019-01-27T00:00:00.000Z,1645,36946,1785,7,5,7,1942,0,0,0,Q,0,17XL22,RESEDA BL,DEARBORN ST,400,N,N,A,-,N,,0,0,,,0,,,,Y,0,0,0,2,B,-,22,0,,M,B,E,A,A,H,-,C,D,0,,,,,Y,,A,8,0,0,0,0,0,0,0,0,0,- ,- ,0,0,1800,1,LOS ANGELES,LOS ANGELES,CA,-118.5361077,34.23840332,"RESEDA BLVD & DEARBORN ST, LOS ANGELES, CA",RESEDA BLVD,DEARBORN ST,126245,
-118.26098,34.03559494,75042,8798396,2019,2019-02-12T00:00:00.000Z,1942,2019-01-02T00:00:00.000Z,1650,34332,195,3,5,7,1942,0,0,0,A,0,1A85,MAIN ST,14TH ST,275,N,N,A,-,N,,0,0,,,0,,,,N,0,0,0,2,A,-,21,22106,,M,C,E,A,A,H,-,A,A,0,,,,,Y,,A,7,0,0,0,0,0,0,0,0,0,- ,- ,0,0,1800,1,LOS ANGELES,LOS ANGELES,CA,-118.26098,34.03559494,"MAIN ST & 14TH ST, LOS ANGELES, CA",MAIN ST,14TH ST,103542,
-118.2608735,33.92371368,75043,8798483,2019,2019-02-21T00:00:00.000Z,1942,2019-01-30T00:00:00.000Z,1610,41766,1864,3,5,7,1942,0,0,0,R,0,18X36,120TH ST E,STANFORD AV,413,E,N,A,-,N,,0,0,,,0,,,,Y,3,0,2,2,A,-,3,22350,,N,C,E,A,A,H,-,A,A,0,,,,,Y,,A,1,0,1,1,0,0,0,0,0,0,- ,- ,0,0,1800,1,LOS ANGELES,LOS ANGELES,CA,-118.2608735,33.92371368,"120TH ST & STANFORD AVE, LOS ANGELES, CA",120TH ST,STANFORD AVE,96172,
-118.4596121,34.00573349,75044,8805754,2019,2019-02-19T00:00:00.000Z,1942,2019-01-03T00:00:00.000Z,1630,43325,LOS A,4,5,7,1942,0,0,0,,0,14A27,PENMAR AV,ROSE AV,5,N,N,A,-,N,,0,0,,,0,,,,N,3,0,1,2,C,-,18,0,,N,E,E,A,A,H,-,A,D,0,,Y,,,Y,,-,- ,0,1,0,0,0,0,1,0,0,- ,- ,0,0,1800,1,LOS ANGELES,LOS ANGELES,CA,-118.4596121,34.00573349,"PENMAR AVE & ROSE AVE, LOS ANGELES, CA",PENMAR AVE,ROSE AVE,103867,
-118.2451878,34.00832748,75045,8806933,2019,2019-03-01T00:00:00.000Z,1942,2019-01-21T00:00:00.000Z,1730,43409,1347,1,5,7,1942,0,0,0,M,0,13A27,EAST 41ST ST,MORGAN AV,100,E,N,A,-,N,,0,0,,,0,,,,N,0,0,0,2,A,-,8,22107,,M,B,E,A,A,H,-,B,A,0,,,,,Y,,-,99,0,0,0,0,0,0,0,0,0,- ,- ,0,0,1800,1,LOS ANGELES,LOS ANGELES,CA,-118.2451878,34.00832748,"41ST ST & MORGAN AVE, LOS ANGELES, CA",41ST ST,MORGAN AVE,145532,
-118.2612054,34.02177429,75046,8807585,2019,2019-03-14T00:00:00.000Z,1942,2019-01-30T00:00:00.000Z,1700,36460,1322,3,5,7,1942,0,0,0,M,0,13A13,S SAN PEDRO ST,ADAMS,82,N,N,A,-,N,,0,0,,,0,,,,N,3,0,1,2,C,-,18,0,,N,B,E,A,A,G,-,A,D,0,,,,,Y,,-,- ,0,1,0,0,0,0,0,0,0,- ,- ,0,0,1800,1,LOS ANGELES,LOS ANGELES,CA,-118.2612054,34.02177429,"SAN PEDRO ST & ADAMS BLVD, LOS ANGELES, CA",SAN PEDRO ST,ADAMS BLVD,149024,
-118.2633105,34.06729889,75047,8807812,2019,2019-02-28T00:00:00.000Z,1942,2019-01-20T00:00:00.000Z,1645,37952,237,7,5,7,1942,0,0,0,B,0,2A39,BELMONT AV,W COURT ST,140,N,N,A,-,N,,0,0,,,0,,,,N,0,0,0,2,A,-,21,22106,,M,H,E,A,A,H,-,A,D,0,,,,,Y,,-,99,0,0,0,0,0,0,0,0,0,- ,- ,0,0,1800,1,LOS ANGELES,LOS ANGELES,CA,-118.2633105,34.06729889,"BELMONT AVE & COURT ST, LOS ANGELES, CA",BELMONT AVE,COURT ST,146573,
-118.3336935,34.09438324,75048,8812352,2019,2019-03-05T00:00:00.000Z,1942,2019-01-23T00:00:00.000Z,1535,40157,663,3,5,7,1942,0,0,0,F,0,6A63,FOUNTAIN AV,SEWARD ST,146,W,N,A,-,N,,0,0,,,0,,,,N,0,0,0,2,A,-,8,22107,,N,B,E,A,A,H,-,A,D,0,,,,,Y,,A,7,0,0,0,0,0,0,0,0,0,- ,- ,0,0,1800,1,LOS ANGELES,LOS ANGELES,CA,-118.3336935,34.09438324,"FOUNTAIN AVE & SEWARD ST, LOS ANGELES, CA",FOUNTAIN AVE,SEWARD ST,149890,
-118.3085112,33.98324585,75049,8791534,2019,2019-02-07T00:00:00.000Z,1942,2019-01-07T00:00:00.000Z,1900,43469,1243,1,5,7,1942,0,0,0,L,0,12A45,W 62ND ST,WESTERN AV,140,E,N,A,-,N,,0,0,,,0,,,,N,0,0,0,2,A,-,3,22350,,M,B,E,A,A,H,-,C,D,0,,,,,Y,,-,99,0,0,0,0,0,0,0,0,0,- ,- ,0,0,2100,1,LOS ANGELES,LOS ANGELES,CA,-118.3085112,33.98324585,"62ND ST & WESTERN AVE, LOS ANGELES, CA",62ND ST,WESTERN AVE,96010,
-118.3027122,34.26155853,75050,8793417,2019,2019-03-08T00:00:00.000Z,1942,2019-01-09T00:00:00.000Z,2045,43298,LA,3,5,7,1942,0,0,0,,0,16A35,MOUNT GLEASON AV,FENWICK ST,45,N,N,A,-,N,,0,0,,,0,,,,N,3,0,2,2,A,-,3,22350,,N,C,E,A,A,H,-,C,A,0,,,,,Y,,A,1,0,1,1,0,0,0,0,0,0,- ,- ,0,0,2100,1,LOS ANGELES,LOS ANGELES,CA,-118.3027122,34.26155853,"MOUNT GLEASON AVE & FENWICK ST, LOS ANGELES, CA",MOUNT GLEASON AVE,FENWICK ST,112336,
-118.275044,33.79032517,75051,8796014,2019,2019-02-21T00:00:00.000Z,1942,2019-01-11T00:00:00.000Z,1840,41870,515,5,5,7,1942,0,0,0,E,0,5A15,WILMINGTON BL,PACIFIC COAST HWY,69,S,N,A,-,N,,0,0,,,0,,,,N,0,0,0,2,A,-,3,22350,,M,C,E,A,A,H,-,B,D,0,,,,,Y,,-,99,0,0,0,0,0,0,0,0,0,- ,- ,0,0,2100,1,LOS ANGELES,LOS ANGELES,CA,-118.275044,33.79032516,"WILMINGTON BLVD & PACIFIC COAST HWY, LOS ANGELES, CA",WILMINGTON BLVD,PACIFIC COAST HWY,145453,
-118.2793005,34.04030991,75052,8798852,2019,2019-02-20T00:00:00.000Z,1942,2019-01-08T00:00:00.000Z,1940,36213,299,2,5,7,1942,0,0,0,B,0,2XL14,17TH ST WEST,UNION,180,E,N,A,-,N,,0,0,,,0,,,,Y,0,0,0,2,A,-,3,22350,A,N,B,E,A,A,H,-,C,D,0,,,,,Y,Y,A,1,0,0,0,0,0,0,0,0,0,- ,- ,0,0,2100,1,LOS ANGELES,LOS ANGELES,CA,-118.2793005,34.04030991,"17TH ST & UNION AVE,, CA",17TH ST,UNION AVE,149215,
-118.2422431,34.0818367,75053,8814306,2019,2019-03-15T00:00:00.000Z,1942,2019-01-03T00:00:00.000Z,1920,41629,1186,4,5,7,1942,0,0,0,K,0,11A95,ACADEMY DR,ACADE RD,444,N,N,A,-,N,,0,0,,,0,,,,N,0,0,0,2,A,-,8,22107,,N,B,E,A,A,H,-,C,D,0,,,,,Y,,A,1,0,0,0,0,0,0,0,0,0,- ,- ,0,0,2100,1,LOS ANGELES,LOS ANGELES,CA,-118.2422431,34.0818367,"ACADEMY DR & ACADEMY RD, LOS ANGELES, CA",ACADEMY DR,ACADEMY RD,121746,
-118.3354499,34.09258652,75054,8774232,2019,2019-02-08T00:00:00.000Z,1942,2019-01-04T00:00:00.000Z,2350,36504,663,5,5,7,1942,0,0,0,F,0,6A63,LEXINGTON AV,CHEROKEE AV,60,W,N,A,-,N,,0,0,,,0,,,,N,0,0,0,2,A,-,3,22350,,M,B,E,A,A,H,-,C,D,0,,,,,Y,,-,99,0,0,0,0,0,0,0,0,0,- ,- ,0,0,2400,1,LOS ANGELES,LOS ANGELES,CA,-118.3354499,34.09258652,"LEXINGTON AVE & CHEROKEE AVE, LOS ANGELES, CA",LEXINGTON AVE,CHEROKEE AVE,111111,
-118.3789926,34.16998291,75055,8776031,2019,2019-02-04T00:00:00.000Z,1942,2019-01-03T00:00:00.000Z,2245,37304,1549,4,5,7,1942,0,0,0,O,0,15A39,TUJUNGA AV,CUMPSTON ST,5,S,N,A,-,N,,0,0,,,0,,,,Y,2,0,1,2,B,-,22,0,,N,E,E,A,A,H,-,C,D,0,,,,,Y,,A,7,1,0,0,0,0,0,0,0,0,- ,- ,0,0,2400,1,LOS ANGELES,LOS ANGELES,CA,-118.3789926,34.16998291,"TUJUNGA AVE & CUMPSTON ST, LOS ANGELES, CA",TUJUNGA AVE,CUMPSTON ST,123227,
-118.5975622,34.18286514,75056,8779378,2019,2019-02-11T00:00:00.000Z,1942,2019-01-14T00:00:00.000Z,2220,40060,2158,1,5,7,1942,0,0,0,,0,21X44,ERWIN ST,CANOGA AV,0,,Y,A,-,N,,0,0,,,0,,,,Y,4,0,1,2,A,-,8,22107,,M,B,E,A,B,H,-,C,D,0,,,,,Y,,A,1,0,0,1,0,0,0,0,0,0,- ,- ,0,0,2400,1,LOS ANGELES,LOS ANGELES,CA,-118.5975622,34.18286514,"ERWIN ST & CANOGA AVE, LOS ANGELES, CA",ERWIN ST,CANOGA AVE,151260,
-118.3174216,34.02554321,75057,8781815,2019,2019-02-12T00:00:00.000Z,1942,2019-01-25T00:00:00.000Z,2200,41072,336,5,5,7,1942,0,0,0,C,0,3A31,JEFFERSON BL,ARLINGTON AV,70,E,N,A,-,N,,0,0,,,0,,,,Y,0,0,0,2,A,-,21,22106,,N,E,E,A,A,H,-,C,A,0,,,,,Y,,A,1,0,0,0,0,0,0,0,0,0,- ,- ,0,0,2400,1,LOS ANGELES,LOS ANGELES,CA,-118.3174216,34.02554321,"JEFFERSON BLVD & ARLINGTON AVE, LOS ANGELES, CA",JEFFERSON BLVD,ARLINGTON AVE,120802,
-118.3201182,34.26711273,75058,8795468,2019,2019-02-13T00:00:00.000Z,1942,2019-01-11T00:00:00.000Z,2245,42029,1617,5,5,7,1942,0,0,0,P,0,16A35,SHERMAN GROVE AV,WENTWORTH ST,50,N,N,B,-,N,,0,0,,,0,,,,N,0,0,0,2,A,-,21,22106,,M,C,E,A,A,H,-,C,D,0,,,,,Y,,-,99,0,0,0,0,0,0,0,0,0,- ,- ,0,0,2400,1,LOS ANGELES,LOS ANGELES,CA,-118.3201182,34.26711273,"SHERMAN GROVE AVE & WENTWORTH ST, LOS ANGELES, CA",SHERMAN GROVE AVE,WENTWORTH ST,133288,
-118.2766021,34.06793594,75059,8795492,2019,2019-02-13T00:00:00.000Z,1942,2019-01-02T00:00:00.000Z,2200,,,3,5,7,1942,0,0,0,,0,,CORONADO ST,2ND ST,0,N,N,F,-,N,,0,0,,,0,,,,N,0,0,0,2,A,-,0,20015,,N,H,E,A,A,G,-,C,D,0,,,,,Y,,-,- ,0,0,0,0,0,0,0,0,0,- ,- ,0,0,2400,1,LOS ANGELES,LOS ANGELES,CA,-118.2766021,34.06793594,"CORONADO ST & 2ND ST, LOS ANGELES, CA",CORONADO ST,2ND ST,107585,
-118.2832751,33.96674347,75060,8796103,2019,2019-02-11T00:00:00.000Z,1942,2019-01-22T00:00:00.000Z,2300,39299,1266,2,5,7,1942,0,0,0,L,0,12A67,W 80TH ST,FIGUEROA ST,168,W,N,A,-,N,,0,0,,,0,,,,Y,0,0,0,2,A,-,3,22350,,N,A,E,A,A,H,-,C,D,0,,,,,Y,,A,1,0,0,0,0,0,0,0,0,0,- ,- ,0,0,2400,1,LOS ANGELES,LOS ANGELES,CA,-118.2832751,33.96674347,"80TH ST & FIGUEROA ST, LOS ANGELES, CA",80TH ST,FIGUEROA ST,110164,
-118.1926641,34.04612732,75061,8807241,2019,2019-03-01T00:00:00.000Z,1942,2019-01-21T00:00:00.000Z,2110,41629,459,1,5,7,1942,0,0,0,D,0,4A59,BLANCHARD ST,FRESNO ST,223,E,N,A,-,N,,0,0,,,0,,,,Y,0,0,0,2,A,-,21,22106,,N,D,E,A,A,H,-,C,D,0,,,,,Y,Y,A,1,0,0,0,0,0,0,0,0,0,- ,- ,0,0,2400,1,LOS ANGELES,LOS ANGELES,CA,-118.1926641,34.04612732,"BLANCHARD ST & FRESNO ST, LOS ANGELES, CA",BLANCHARD ST,FRESNO ST,117588,
-118.2840916,34.07073212,75062,8807820,2019,2019-02-28T00:00:00.000Z,1942,2019-01-17T00:00:00.000Z,2120,39938,231,4,5,7,1942,0,0,0,B,0,2A5,DILLON ST,2ND ST,137,N,N,A,-,N,,0,0,,,0,,,,Y,0,0,0,2,A,-,1,23152,A,N,B,E,A,A,H,-,C,D,0,,,,,Y,Y,A,1,0,0,0,0,0,0,0,0,0,- ,- ,0,0,2400,1,LOS ANGELES,LOS ANGELES,CA,-118.2840916,34.07073212,"DILLON ST & 2ND ST, LOS ANGELES, CA",DILLON ST,2ND ST,107567,
-118.2549422,34.05277634,75063,8807840,2019,2019-02-28T00:00:00.000Z,1942,2019-01-23T00:00:00.000Z,2345,39938,142,3,5,7,1942,0,0,0,A,0,1A41,FLOWER ST,4TH ST,0,,N,A,-,N,,0,0,,,0,,,,N,0,0,0,2,A,-,1,23152,A,M,D,E,A,A,H,-,C,D,0,,,,,Y,Y,A,1,0,0,0,0,0,0,0,0,0,- ,- ,0,0,2400,1,LOS ANGELES,LOS ANGELES,CA,-118.2549422,34.05277634,"FLOWER ST & 4TH ST, LOS ANGELES, CA",FLOWER ST,4TH ST,109294,
-118.3498321,34.0802536,75064,8837003,2019,2019-05-01T00:00:00.000Z,1942,2019-01-13T00:00:00.000Z,2345,43258,WILSH,7,5,7,1942,0,0,0,,0,7A1W3,ROSEWOOD,FULLER,0,,Y,A,-,N,,0,0,,,0,,,,N,0,0,0,2,A,-,3,22350,,M,B,E,A,A,H,-,C,D,0,,,,,Y,,-,99,0,0,0,0,0,0,0,0,0,- ,- ,0,0,2400,1,LOS ANGELES,LOS ANGELES,CA,-118.3498321,34.0802536,"ROSEWOOD AVE & FULLER AVE,, CA",ROSEWOOD AVE,FULLER AVE,121559,
-118.4164121,34.22064591,75066,8799871,2019,2019-02-19T00:00:00.000Z,1942,2019-01-25T00:00:00.000Z,40,43295,1989,5,5,7,1942,0,0,0,,0,19A79,BURTON ST,MORSE AV,0,,-,A,-,N,,0,0,,,0,,,,Y,0,0,0,2,A,-,12,22450,A,M,D,E,A,A,H,-,C,A,0,,,,,Y,,D,22,0,0,0,0,0,0,0,0,0,- ,- ,0,0,300,1,LOS ANGELES,LOS ANGELES,CA,-118.4164121,34.2206459,"BURTON ST & MORSE AVE, LOS ANGELES, CA",BURTON ST,MORSE AVE,150463,
-118.5710422,34.22021484,75067,8806906,2019,2019-03-05T00:00:00.000Z,1942,2019-01-06T00:00:00.000Z,125,40857,1792,7,5,7,1942,0,0,0,Q,0,17A81,ROSCOE BL,WINNETKA AV,0,,-,C,-,N,,0,0,,,0,,,,N,0,0,0,2,B,-,22,0,,M,-,E,A,B,H,-,C,D,0,,,,,Y,,-,99,0,0,0,0,0,0,0,0,0,- ,- ,0,0,300,1,LOS ANGELES,LOS ANGELES,CA,-118.5710422,34.22021484,"ROSCOE BLVD & WINNETKA AVE, LOS ANGELES, CA",ROSCOE BLVD,WINNETKA AVE,115376,
-118.2038921,34.07201386,75068,8810075,2019,2019-03-08T00:00:00.000Z,1942,2019-01-23T00:00:00.000Z,255,42876,,3,5,7,1942,0,0,0,,0,,MANITOU AV,ALTA ST,0,,Y,A,-,N,,0,0,,,0,,,,Y,0,0,0,2,A,-,3,22350,,M,D,E,A,A,H,-,C,A,0,,,,,Y,,-,99,0,0,0,0,0,0,0,0,0,- ,- ,0,0,300,1,LOS ANGELES,LOS ANGELES,CA,-118.2038921,34.07201385,"MANITOU AVE & ALTA ST, LOS ANGELES, CA",MANITOU AVE,ALTA ST,142850,
-118.3703222,34.17852783,75069,8795375,2019,2019-02-08T00:00:00.000Z,1942,2019-01-21T00:00:00.000Z,430,32642,1539,1,5,7,1942,0,0,0,O,0,15A27,VINELAND AV,TIARA ST,5,N,N,A,-,N,,0,0,,,0,,,,N,0,0,0,2,A,-,12,22450,A,M,B,E,A,A,H,-,C,D,0,,,,,Y,,A,1,0,0,0,0,0,0,0,0,0,- ,- ,0,0,600,1,LOS ANGELES,LOS ANGELES,CA,-118.3703222,34.17852783,"VINELAND AVE & TIARA ST, LOS ANGELES, CA",VINELAND AVE,TIARA ST,104631,