X,Y,OBJECTID,case_id,accident_year,proc_date,juris,collision_date,collision_time,officer_id,reporting_district,day_of_week,chp_shift,population,cnty_city_loc,special_cond,beat_type,chp_beat_type,city_division_lapd,chp_beat_class,beat_number,primary_rd,secondary_rd,distance,direction,intersection,weather_1,weather_2,state_hwy_ind,caltrans_county,caltrans_district,state_route,route_suffix,postmile_prefix,postmile,location_type,ramp_intersection,side_of_hwy,tow_away,collision_severity,number_killed,number_injured,party_count,primary_coll_factor,pcf_code_of_viol,pcf_viol_category,pcf_violation,pcf_viol_subsection,hit_and_run,type_of_collision,mviw,ped_action,road_surface,road_cond_1,road_cond_2,lighting,control_device,chp_road_type,pedestrian_accident,bicycle_accident,motorcycle_accident,truck_accident,not_private_property,alcohol_involved,stwd_vehtype_at_fault,chp_vehtype_at_fault,count_severe_inj,count_visible_inj,count_complaint_pain,count_ped_killed,count_ped_injured,count_bicyclist_killed,count_bicyclist_injured,count_mc_killed,count_mc_injured,primary_ramp,secondary_ramp,latitude,longitude,timecat,month_,city,county,state,point_x,point_y,match_addr,m_primaryrd,m_secondrd,int_id,Flag
-118.3002022,34.00369644,75116,8792175,2019,2019-02-15T00:00:00.000Z,1942,2019-01-30T00:00:00.000Z,2100,42665,397,3,5,7,1942,0,0,0,C,0,3A99,S NORMANDIE AV,W VERNON AV,0,,Y,A,-,N,,0,0,,,0,,,,Y,4,0,2,3,A,-,9,21801,A,N,G,C,F,A,H,-,C,A,0,Y,,,,Y,,A,1,0,0,2,0,1,0,0,0,0,- ,- ,0,0,2400,1,LOS ANGELES,LOS ANGELES,CA,-118.3002022,34.00369644,"NORMANDIE AVE & VERNON AVE, LOS ANGELES, CA",NORMANDIE AVE,VERNON AVE,117361,
-118.2827221,34.00103378,75117,8792204,2019,2019-02-15T00:00:00.000Z,1942,2019-01-14T00:00:00.000Z,2100,43230,1208,1,5,7,1942,0,0,0,L,0,12A15,FIGUEROA,47TH ST,0,,Y,C,-,N,,0,0,,,0,,,,N,4,0,1,2,A,-,3,22350,,N,G,B,B,B,H,-,C,A,0,Y,,,,Y,,-,99,0,0,1,0,1,0,0,0,0,- ,- ,0,0,2400,1,LOS ANGELES,LOS ANGELES,CA,-118.2827221,34.00103378,"FIGUEROA ST & 47TH ST, LOS ANGELES, CA",FIGUEROA ST,47TH ST,103370,
-118.3002622,34.03089523,75118,8837275,2019,2019-05-22T00:00:00.000Z,1942,2019-01-18T00:00:00.000Z,2125,41969,326,5,5,7,1942,0,0,0,C,0,3A73,NORMANDIE AV,27TH ST,0,,Y,A,-,N,,0,0,,,0,,,,Y,2,0,3,4,A,-,9,21801,,N,G,C,F,A,H,-,C,D,0,Y,,,,Y,,A,1,1,1,1,0,2,0,0,0,0,- ,- ,0,0,2400,1,LOS ANGELES,LOS ANGELES,CA,-118.3002622,34.03089523,"NORMANDIE AVE & 27TH ST, LOS ANGELES, CA",NORMANDIE AVE,27TH ST,99941,
-118.4910456,34.22840881,75119,8796400,2019,2019-03-14T00:00:00.000Z,1942,2019-01-13T00:00:00.000Z,240,40876,1797,7,5,7,1942,0,0,0,Q,0,17A95,PARTHENIA ST,ODESSA AV,217,E,N,A,-,N,,0,0,,,0,,,,Y,3,0,2,4,A,-,1,23152,A,N,G,E,E,A,H,-,C,D,0,Y,,,,Y,Y,A,7,0,1,1,0,1,0,0,0,0,- ,- ,0,0,300,1,LOS ANGELES,LOS ANGELES,CA,-118.4910456,34.22840881,"PARTHENIA ST & ODESSA AVE, LOS ANGELES, CA",PARTHENIA ST,ODESSA AVE,108550,
-118.2777557,34.05482483,75120,8804585,2019,2019-03-15T00:00:00.000Z,1942,2019-01-24T00:00:00.000Z,115,40069,265,4,5,7,1942,0,0,0,B,0,2A45,8TH ST,ALVARADO ST,30,E,N,A,-,N,,0,0,,,0,,,,N,4,0,1,2,A,-,11,21954,A,F,G,B,D,A,H,-,C,D,0,Y,,,,Y,,A,1,0,0,1,0,1,0,0,0,0,- ,- ,0,0,300,1,LOS ANGELES,LOS ANGELES,CA,-118.2777557,34.05482483,"8TH ST & ALVARADO ST, LOS ANGELES, CA",8TH ST,ALVARADO ST,117545,
-118.3441521,34.09796524,75121,8806854,2019,2019-03-04T00:00:00.000Z,1942,2019-01-20T00:00:00.000Z,239,40733,645,7,5,7,1942,0,0,0,F,0,8A29,LA BREA AV,SUNSET BL,0,,Y,A,-,N,,0,0,,,0,,,,N,3,0,1,2,A,-,10,21950,A,F,G,B,B,A,H,-,C,A,0,Y,,,,Y,,-,99,0,1,0,0,1,0,0,0,0,- ,- ,0,0,300,1,LOS ANGELES,LOS ANGELES,CA,-118.3441521,34.09796524,"LA BREA AVE & SUNSET BLVD, LOS ANGELES, CA",LA BREA AVE,SUNSET BLVD,139249,
-118.2701821,34.05537415,75122,8806782,2019,2019-03-05T00:00:00.000Z,1942,2019-01-29T00:00:00.000Z,525,43335,256,2,5,7,1942,0,0,0,B,0,2A5,WILSHIRE BL,UNION AV,0,,Y,A,-,N,,0,0,,,0,,,,N,4,0,1,2,A,-,10,21950,A,N,G,B,B,A,-,-,C,A,0,Y,,,,Y,,A,1,0,0,1,0,1,0,0,0,0,- ,- ,0,0,600,1,LOS ANGELES,LOS ANGELES,CA,-118.2701821,34.05537415,"WILSHIRE BLVD & UNION AVE, LOS ANGELES, CA",WILSHIRE BLVD,UNION AVE,145715,
-118.2695821,33.92371368,75123,8770839,2019,2019-02-02T00:00:00.000Z,1942,2019-01-03T00:00:00.000Z,605,38025,1862,4,5,7,1942,0,0,0,R,0,18A63,SAN PEDRO ST,120TH ST,0,,Y,A,-,N,,0,0,,,0,,,,Y,2,0,3,3,A,-,12,21453,A,N,G,C,F,A,H,-,C,A,0,Y,,,,Y,,A,1,2,1,0,0,1,0,0,0,0,- ,- ,0,0,900,1,LOS ANGELES,LOS ANGELES,CA,-118.2695821,33.92371368,"SAN PEDRO ST & 120TH ST, LOS ANGELES, CA",SAN PEDRO ST,120TH ST,145397,
-118.4677422,34.23551559,75124,8795203,2019,2019-02-12T00:00:00.000Z,1942,2019-01-20T00:00:00.000Z,755,30452,1972,7,5,7,1942,0,0,0,,0,19A61,SEPULVEDA BL,NORDHOFF ST,0,,Y,A,-,N,,0,0,,,0,,,,Y,2,0,3,5,A,-,9,21453,C,N,G,C,B,A,H,-,A,A,0,Y,,,,Y,,A,7,1,0,2,0,2,0,0,0,0,- ,- ,0,0,900,1,LOS ANGELES,LOS ANGELES,CA,-118.4677422,34.23551559,"SEPULVEDA BLVD & NORDHOFF ST, LOS ANGELES, CA",SEPULVEDA BLVD,NORDHOFF ST,102105,
-118.4530942,34.19094086,75125,8803642,2019,2019-02-27T00:00:00.000Z,1942,2019-01-18T00:00:00.000Z,820,43370,923,5,5,7,1942,0,0,0,I,0,9A5,CEDROS AV,KITTRIDGE ST,100,N,N,B,-,N,,0,0,,,0,,,,N,4,0,1,2,A,-,11,21956,A,N,G,B,D,A,H,-,A,D,0,Y,,,,Y,,N,60,0,0,1,0,1,0,0,0,0,- ,- ,0,0,900,1,LOS ANGELES,LOS ANGELES,CA,-118.4530942,34.19094086,"CEDROS AVE & KITTRIDGE ST, LOS ANGELES, CA",CEDROS AVE,KITTRIDGE ST,98124,
-118.4574222,34.15235519,75126,8778971,2019,2019-02-01T00:00:00.000Z,1942,2019-01-11T00:00:00.000Z,1105,41256,984,5,5,7,1942,0,0,0,I,0,9A19,VENTURA BL,KESTER AV,0,,Y,A,-,N,,0,0,,,0,,,,N,4,0,1,2,A,-,10,21950,A,F,G,B,B,A,H,-,A,A,0,Y,,,,Y,,-,99,0,0,1,0,1,0,0,0,0,- ,- ,0,0,1200,1,LOS ANGELES,LOS ANGELES,CA,-118.4574222,34.15235519,"VENTURA BLVD & KESTER AVE, LOS ANGELES, CA",VENTURA BLVD,KESTER AVE,122344,
-118.3984942,34.15761185,75127,8782896,2019,2019-02-06T00:00:00.000Z,1942,2019-01-04T00:00:00.000Z,1100,32361,1551,5,5,7,1942,0,0,0,O,0,15A33,RIVERSIDE DR,BELLINGHAM AV,60,E,N,A,-,N,,0,0,,,0,,,,N,4,0,1,3,A,-,7,21658,A,F,G,B,E,A,H,-,A,D,0,Y,,,,Y,,-,99,0,0,1,0,1,0,0,0,0,- ,- ,0,0,1200,1,LOS ANGELES,LOS ANGELES,CA,-118.3984942,34.15761185,"RIVERSIDE DR & BELLINGHAM AVE, LOS ANGELES, CA",RIVERSIDE DR,BELLINGHAM AVE,136890,
-118.3090422,33.9599762,75128,8784617,2019,2019-02-13T00:00:00.000Z,1942,2019-01-04T00:00:00.000Z,915,41878,1273,5,5,7,1942,0,0,0,L,0,12A73,MANCHESTER AV,WESTERN AV,0,,Y,A,-,N,,0,0,,,0,,,,N,2,0,1,2,A,-,3,22350,A,F,G,B,B,A,H,-,A,A,0,Y,,,,Y,,-,99,1,0,0,0,1,0,0,0,0,- ,- ,0,0,1200,1,LOS ANGELES,LOS ANGELES,CA,-118.3090422,33.9599762,"MANCHESTER AVE & WESTERN AVE, LOS ANGELES, CA",MANCHESTER AVE,WESTERN AVE,110127,
-118.3460613,34.01747894,75129,8791145,2019,2019-02-04T00:00:00.000Z,1942,2019-01-12T00:00:00.000Z,1040,41704,362,6,5,7,1942,0,0,0,C,0,3A63,W MARTIN LUTHER KING BL,COLISEUM ST,15,W,N,C,-,N,,0,0,,,0,,,,N,3,0,1,2,A,-,12,21453,A,N,G,B,B,B,H,-,A,A,0,Y,,,,Y,,A,1,0,1,0,0,1,0,0,0,0,- ,- ,0,0,1200,1,LOS ANGELES,LOS ANGELES,CA,-118.3460613,34.01747894,"MARTIN LUTHER KING JR BLVD & COLISEUM ST, LOS ANGELES, CA",MARTIN LUTHER KING JR BLVD,COLISEUM ST,102685,
-118.2616055,34.03403854,75130,8798267,2019,2019-02-13T00:00:00.000Z,1942,2019-01-02T00:00:00.000Z,1100,34332,195,3,5,7,1942,0,0,0,A,0,1A85,EAST 15TH ST,MAIN ST,158,E,N,A,-,N,,0,0,,,0,,,,N,4,0,1,2,A,-,8,22107,,N,G,C,F,A,H,-,A,A,0,Y,,,,Y,,A,1,0,0,1,0,1,0,0,0,0,- ,- ,0,0,1200,1,LOS ANGELES,LOS ANGELES,CA,-118.2616055,34.03403854,"15TH ST & MAIN ST, LOS ANGELES, CA",15TH ST,MAIN ST,134983,
-118.3825479,34.0545311,75131,8799468,2019,2019-02-22T00:00:00.000Z,1942,2019-01-15T00:00:00.000Z,920,43448,859,2,5,7,1942,0,0,0,H,0,8A59,PICO BL,WOOSTER,20,E,N,B,-,N,,0,0,,,0,,,,N,4,0,1,2,A,-,11,21954,A,N,G,B,E,B,B,-,A,D,0,Y,,,,Y,,N,60,0,0,1,0,1,0,0,0,0,- ,- ,0,0,1200,1,LOS ANGELES,LOS ANGELES,CA,-118.3825479,34.0545311,"PICO BLVD & WOOSTER ST, LOS ANGELES, CA",PICO BLVD,WOOSTER ST,103484,
-118.2005221,34.12025452,75132,8804613,2019,2019-04-05T00:00:00.000Z,1942,2019-01-16T00:00:00.000Z,1035,38614,1126,3,5,7,1942,0,0,0,K,0,11A25,YORK BL,AVE 53,0,,N,C,-,N,,0,0,,,0,,,,N,4,0,1,2,A,-,10,21950,A,F,G,B,B,B,H,-,A,D,0,Y,,,,Y,,-,99,0,0,1,0,1,0,0,0,0,- ,- ,0,0,1200,1,LOS ANGELES,LOS ANGELES,CA,-118.2005221,34.12025452,"YORK BLVD & AVE 53, LOS ANGELES, CA",YORK BLVD,AVE 53,128313,
-118.3962421,33.95990372,75133,8806841,2019,2019-05-03T00:00:00.000Z,1942,2019-01-26T00:00:00.000Z,950,36553,1487,6,5,7,1942,0,0,0,N,0,14A67,SEPULVEDA BL,MANCHESTER AV,0,,Y,A,-,N,,0,0,,,0,,,,Y,4,0,3,4,A,-,12,21453,A,N,G,C,F,A,H,-,A,A,0,Y,,,,Y,,A,1,0,0,3,0,2,0,0,0,0,- ,- ,0,0,1200,1,LOS ANGELES,LOS ANGELES,CA,-118.3962421,33.95990372,"SEPULVEDA BLVD & MANCHESTER AVE, LOS ANGELES, CA",SEPULVEDA BLVD,MANCHESTER AVE,137089,
-118.2539321,34.05017471,75134,8807667,2019,2019-02-28T00:00:00.000Z,1942,2019-01-30T00:00:00.000Z,1000,37505,132,3,5,7,1942,0,0,0,A,0,1A1,5TH ST,GRAND AV,0,,Y,A,-,N,,0,0,,,0,,,,N,4,0,1,2,A,-,11,21956,A,F,G,B,B,A,H,-,A,D,0,Y,,,,Y,,-,99,0,0,1,0,1,0,0,0,0,- ,- ,0,0,1200,1,LOS ANGELES,LOS ANGELES,CA,-118.2539321,34.05017471,"5TH ST & GRAND AVE (DOWNTOWN), LOS ANGELES, CA",5TH ST,GRAND AVE (DOWNTOWN),142208,
-118.3821178,34.03958893,75135,8812286,2019,2019-02-28T00:00:00.000Z,1942,2019-01-25T00:00:00.000Z,1205,43411,LOS A,5,5,7,1942,0,0,0,,0,8A95,CADILLAC,HALM,5,W,N,A,-,N,,0,0,,,0,,,,N,3,0,1,2,A,-,10,21950,A,N,G,B,B,A,H,-,A,D,0,Y,,,,Y,,A,1,0,1,0,0,1,0,0,0,0,- ,- ,0,0,1500,1,LOS ANGELES,LOS ANGELES,CA,-118.3821178,34.03958893,"CADILLAC AVE & HALM AVE,, CA",CADILLAC AVE,HALM AVE,134862,
-118.2652421,33.98366547,75136,8813047,2019,2019-03-12T00:00:00.000Z,1942,2019-01-19T00:00:00.000Z,1430,37952,1385,6,5,7,1942,0,0,0,M,0,13A85,AVALON BL,62ND ST,110,N,N,A,-,N,,0,0,,,0,,,,N,3,0,1,2,B,-,22,0,,F,G,J,F,A,H,-,A,D,0,Y,,,,Y,,-,99,0,1,0,0,1,0,0,0,0,- ,- ,0,0,1500,1,LOS ANGELES,LOS ANGELES,CA,-118.2652421,33.98366547,"AVALON BLVD & 62ND ST, LOS ANGELES, CA",AVALON BLVD,62ND ST,103108,
-118.2494134,34.02902603,75137,8813067,2019,2019-04-12T00:00:00.000Z,1942,2019-01-16T00:00:00.000Z,1355,38137,1313,3,5,7,1942,0,0,0,M,0,13A13,PALOMA ST,14TH ST,200,S,N,-,-,N,,0,0,,,0,,,,N,4,0,1,2,A,-,8,22107,,N,G,-,-,A,-,-,A,-,0,Y,,,,Y,,A,1,0,0,1,0,1,0,0,0,0,- ,- ,0,0,1500,1,LOS ANGELES,LOS ANGELES,CA,-118.2494134,34.02902603,"PALOMA ST & 14TH ST, LOS ANGELES, CA",PALOMA ST,14TH ST,107098,
-118.5407422,34.17232513,75138,8814636,2019,2019-03-05T00:00:00.000Z,1942,2019-01-16T00:00:00.000Z,1210,41125,1063,3,5,7,1942,0,0,0,J,0,10A83,BURBANK BL,YOLANDA AV,0,,Y,C,-,N,,0,0,,,0,,,,N,4,0,1,2,A,-,9,21453,B,N,G,B,B,B,H,-,A,A,0,Y,,,,Y,,A,1,0,0,1,0,1,0,0,0,0,- ,- ,0,0,1500,1,LOS ANGELES,LOS ANGELES,CA,-118.5407422,34.17232513,"BURBANK BLVD & YOLANDA AVE, LOS ANGELES, CA",BURBANK BLVD,YOLANDA AVE,105070,
-118.2740812,34.01929474,75139,8830276,2019,2019-03-27T00:00:00.000Z,1942,2019-01-09T00:00:00.000Z,1240,43601,1341,3,5,7,1942,0,0,0,M,0,13A75,W JEFFERSON,BROADWAY,100,N,N,A,-,N,,0,0,,,0,,,,N,3,0,1,2,A,-,5,21650,1,N,G,B,B,A,H,-,A,A,0,Y,Y,,,Y,,L,4,0,1,0,0,1,0,0,0,0,- ,- ,0,0,1500,1,LOS ANGELES,LOS ANGELES,CA,-118.2740812,34.01929474,"JEFFERSON BLVD & BROADWAY, LOS ANGELES, CA",JEFFERSON BLVD,BROADWAY,138465,
-118.2140722,34.02176666,75140,8784079,2019,2019-02-13T00:00:00.000Z,1942,2019-01-05T00:00:00.000Z,1548,38292,497,6,5,7,1942,0,0,0,,0,421,OLYMPIC BL,EVERGREEN AV,0,,Y,C,-,N,,0,0,,,0,,,,N,4,0,1,2,A,-,9,21804,A,N,D,C,A,B,H,-,A,D,0,,,,,Y,,A,1,0,0,1,0,0,0,0,0,0,- ,- ,0,0,1800,1,LOS ANGELES,LOS ANGELES,CA,-118.2140722,34.02176666,"OLYMPIC BLVD & EVERGREEN AVE, LOS ANGELES, CA",OLYMPIC BLVD,EVERGREEN AVE,131474,
-118.2518578,33.75400925,75141,8785652,2019,2019-02-05T00:00:00.000Z,1942,2019-01-01T00:00:00.000Z,1547,40748,RD559,2,5,7,1942,0,0,0,,0,5A15,SEASIDE,NAVY WY,15,W,N,A,-,N,,0,0,,,0,,,,N,4,0,1,2,A,-,3,22350,,N,C,C,A,A,H,-,A,A,0,,,,,Y,,A,1,0,0,1,0,0,0,0,0,0,- ,- ,0,0,1800,1,LOS ANGELES,LOS ANGELES,CA,-118.2518578,33.75400925,"SEASIDE AVE & NAVY WAY, LOS ANGELES, CA",SEASIDE AVE,NAVY WAY,160695,
-118.3028322,34.0327034,75142,8786932,2019,2019-02-08T00:00:00.000Z,1942,2019-01-14T00:00:00.000Z,1550,37450,326,1,5,7,1942,0,0,0,C,0,3A19,ADAMS BL,HALLDALE AV,0,,Y,B,C,N,,0,0,,,0,,,,N,3,0,1,2,A,-,5,21650,,N,D,G,A,B,H,-,A,A,0,,Y,,,Y,,L,4,0,1,0,0,0,0,1,0,0,- ,- ,0,0,1800,1,LOS ANGELES,LOS ANGELES,CA,-118.3028322,34.0327034,"ADAMS BLVD & HALLDALE AVE, LOS ANGELES, CA",ADAMS BLVD,HALLDALE AVE,134937,
-118.2871021,33.97637558,75143,8791589,2019,2019-02-07T00:00:00.000Z,1942,2019-01-18T00:00:00.000Z,1625,42577,1249,5,5,7,1942,0,0,0,L,0,12X32,70TH ST,HOOVER ST,0,,Y,A,-,N,,0,0,,,0,,,,N,0,0,0,2,A,-,21,22106,,M,H,E,A,A,H,-,A,A,0,,,,,Y,,A,1,0,0,0,0,0,0,0,0,0,- ,- ,0,0,1800,1,LOS ANGELES,LOS ANGELES,CA,-118.2871021,33.97637558,"70TH ST & HOOVER ST, LOS ANGELES, CA",70TH ST,HOOVER ST,99516,
-118.4450121,34.03595352,75144,8792508,2019,2019-02-20T00:00:00.000Z,1942,2019-01-15T00:00:00.000Z,1615,42169,882,2,5,7,1942,0,0,0,H,0,8A53,OLYMPIC BL,COLBY AV,0,,Y,C,-,N,,0,0,,,0,,,,Y,4,0,2,2,A,-,12,21453,A,N,D,C,A,B,H,-,A,A,0,,,,,Y,,A,1,0,0,2,0,0,0,0,0,0,- ,- ,0,0,1800,1,LOS ANGELES,LOS ANGELES,CA,-118.4450121,34.03595352,"OLYMPIC BLVD & COLBY AVE, LOS ANGELES, CA",OLYMPIC BLVD,COLBY AVE,135799,
-118.2826921,33.97727203,75145,8793457,2019,2019-02-25T00:00:00.000Z,1942,2019-01-29T00:00:00.000Z,1625,43173,12A39,2,5,7,1942,0,0,0,L,0,12A51,S FIGUEROA ST,W 69TH ST,30,S,N,B,-,N,,0,0,,,0,,,,N,4,0,1,2,A,-,4,21703,,F,C,C,A,A,H,-,A,D,0,,,,,Y,,-,99,0,0,1,0,0,0,0,0,0,- ,- ,0,0,1800,1,LOS ANGELES,LOS ANGELES,CA,-118.2826921,33.97727203,"FIGUEROA ST & 69TH ST, LOS ANGELES, CA",FIGUEROA ST,69TH ST,99578,
-118.3089822,33.97849655,75146,8797084,2019,2019-02-19T00:00:00.000Z,1942,2019-01-08T00:00:00.000Z,1630,42553,1243,2,5,7,1942,0,0,0,L,0,12A31,WESTERN,67TH ST,0,,Y,B,-,N,,0,0,,,0,,,,N,4,0,1,2,A,-,12,21453,A,N,D,C,A,A,H,-,A,A,0,,,,,Y,,A,1,0,0,1,0,0,0,0,0,0,- ,- ,0,0,1800,1,LOS ANGELES,LOS ANGELES,CA,-118.3089822,33.97849655,"WESTERN AVE & 67TH ST, LOS ANGELES, CA",WESTERN AVE,67TH ST,120669,
-118.2673221,33.96016312,75147,8798033,2019,2019-02-06T00:00:00.000Z,1942,2019-01-18T00:00:00.000Z,1540,41973,1269,5,5,7,1942,0,0,0,L,0,12A69,TOWNE AV,E MANCHESTER AV,0,,Y,-,-,N,,0,0,,,0,,,,Y,4,0,1,3,A,-,8,22107,,F,-,-,A,-,-,-,A,-,0,,,,,Y,,A,7,0,0,1,0,0,0,0,0,0,- ,- ,0,0,1800,1,LOS ANGELES,LOS ANGELES,CA,-118.2673221,33.96016312,"TOWNE AVE & MANCHESTER AVE, LOS ANGELES, CA",TOWNE AVE,MANCHESTER AVE,138178,
-118.2917722,34.09343338,75148,8799447,2019,2019-02-22T00:00:00.000Z,1942,2019-01-03T00:00:00.000Z,1555,42040,1163,4,5,7,1942,0,0,0,K,0,11A51,LEXINGTON AV,N VERMONT AV,0,,Y,A,-,N,,0,0,,,0,,,,N,4,0,1,2,A,-,10,21950,A,N,G,B,B,A,H,-,A,A,0,Y,,,,Y,,A,7,0,0,1,0,1,0,0,0,0,- ,- ,0,0,1800,1,LOS ANGELES,LOS ANGELES,CA,-118.2917722,34.09343338,"LEXINGTON AVE & VERMONT AVE, LOS ANGELES, CA",LEXINGTON AVE,VERMONT AVE,121720,
-118.4443822,34.20117569,75149,8803634,2019,2019-02-27T00:00:00.000Z,1942,2019-01-14T00:00:00.000Z,1620,36307,914,1,5,7,1942,0,0,0,I,0,9A5,SHERMAN WAY,TYRONE AV,0,,Y,C,-,N,,0,0,,,0,,,,N,4,0,1,2,A,-,9,21802,A,N,B,C,A,B,H,-,A,D,0,,,,,Y,,A,1,0,0,1,0,0,0,0,0,0,- ,- ,0,0,1800,1,LOS ANGELES,LOS ANGELES,CA,-118.4443822,34.20117569,"SHERMAN WAY & TYRONE AVE, LOS ANGELES, CA",SHERMAN WAY,TYRONE AVE,104461,
-118.4393622,34.04922485,75150,8816743,2019,2019-03-08T00:00:00.000Z,1942,2019-01-17T00:00:00.000Z,850,41544,835,4,5,7,1942,0,0,0,H,0,8A53,SANTA MONICA BL,KELTON AV,50,W,N,C,-,N,,0,0,,,0,,,,N,0,0,0,1,A,-,21,22106,,N,E,I,A,B,H,-,A,D,0,,,,,Y,,A,7,0,0,0,0,0,0,0,0,0,- ,- ,0,0,900,1,LOS ANGELES,LOS ANGELES,CA,-118.4393622,34.04922485,"SANTA MONICA BLVD & KELTON AVE, LOS ANGELES, CA",SANTA MONICA BLVD,KELTON AVE,132211,
-118.3090245,34.00371552,75151,8778084,2019,2019-02-01T00:00:00.000Z,1942,2019-01-05T00:00:00.000Z,1045,41236,395,6,5,7,1942,0,0,0,C,0,3A99,VERNON AV,WESTERN AV,25,W,N,B,-,N,,0,0,,,0,,,,N,0,0,0,2,A,-,7,21658,A,M,B,E,A,A,H,-,A,A,0,,,,,Y,,-,99,0,0,0,0,0,0,0,0,0,- ,- ,0,0,1200,1,LOS ANGELES,LOS ANGELES,CA,-118.3090245,34.00371552,"VERNON AVE & WESTERN AVE, LOS ANGELES, CA",VERNON AVE,WESTERN AVE,106852,
-118.2680772,33.93009949,75152,8778176,2019,2019-02-08T00:00:00.000Z,1942,2019-01-01T00:00:00.000Z,900,37880,1863,2,5,7,1942,0,0,0,R,0,DESK,115TH ST,TOWNE AV,500,W,N,A,-,N,,0,0,,,0,,,,N,0,0,0,2,A,-,0,20015,A,M,B,E,A,A,H,-,A,D,0,,,,,Y,,-,- ,0,0,0,0,0,0,0,0,0,- ,- ,0,0,1200,1,LOS ANGELES,LOS ANGELES,CA,-118.2680772,33.93009949,"115TH ST & TOWNE AVE, LOS ANGELES, CA",115TH ST,TOWNE AVE,99745,
-118.2929636,33.96001053,75153,8784507,2019,2019-02-19T00:00:00.000Z,1942,2019-01-30T00:00:00.000Z,900,38503,1265,3,5,7,1942,0,0,0,L,0,25TL27,MANCHESTER AV,VERMONT AV,350,W,N,B,-,N,,0,0,,,0,,,,N,0,0,0,2,A,-,3,22350,,M,C,C,A,A,H,-,A,D,0,,,,,Y,,-,,0,0,0,0,0,0,0,0,0,- ,- ,0,0,1200,1,LOS ANGELES,LOS ANGELES,CA,-118.2929636,33.96001053,"MANCHESTER AVE & VERMONT AVE, LOS ANGELES, CA",MANCHESTER AVE,VERMONT AVE,98771,
-118.2917498,34.03274536,75154,8784561,2019,2019-02-13T00:00:00.000Z,1942,2019-01-23T00:00:00.000Z,940,37724,325,3,5,7,1942,0,0,0,C,0,,ADAMS BL,VERMONT AV,60,W,N,A,-,N,,0,0,,,0,,,,N,4,0,1,2,A,-,3,22350,,F,C,C,A,A,H,-,A,-,0,,,,,Y,,-,99,0,0,1,0,0,0,0,0,0,- ,- ,0,0,1200,1,LOS ANGELES,LOS ANGELES,CA,-118.2917498,34.03274536,"ADAMS BLVD & VERMONT AVE, LOS ANGELES, CA",ADAMS BLVD,VERMONT AVE,121075,
-118.4888722,34.05642319,75155,8792762,2019,2019-03-18T00:00:00.000Z,1942,2019-01-08T00:00:00.000Z,1135,38028,812,2,5,7,1942,0,0,0,H,0,8X48,SUNSET BL,BRISTOL AV,0,,Y,A,-,N,,0,0,,,0,,,,Y,0,0,0,2,A,-,9,21804,A,N,D,C,A,A,H,-,A,A,0,,,,,Y,,A,1,0,0,0,0,0,0,0,0,0,- ,- ,0,0,1200,1,LOS ANGELES,LOS ANGELES,CA,-118.4888722,34.05642319,"SUNSET BLVD & BRISTOL CIR, LOS ANGELES, CA",SUNSET BLVD,BRISTOL CIR,124852,
-118.3965322,34.19212341,75156,8805258,2019,2019-03-20T00:00:00.000Z,1942,2019-01-16T00:00:00.000Z,1620,37550,1503,3,5,7,1942,0,0,0,O,0,35M61,LAUREL CANYON BL,ARCHWOOD ST,0,,Y,C,-,N,,0,0,,,0,,,,Y,4,0,2,2,A,-,12,21453,A,N,B,C,A,B,H,-,A,A,0,,,,,Y,,A,1,0,0,2,0,0,0,0,0,0,- ,- ,0,0,1800,1,LOS ANGELES,LOS ANGELES,CA,-118.3965322,34.19212341,"LAUREL CANYON BLVD & ARCHWOOD ST, LOS ANGELES, CA",LAUREL CANYON BLVD,ARCHWOOD ST,111560,
-118.1750814,34.06417465,75157,8805751,2019,2019-02-19T00:00:00.000Z,1942,2019-01-14T00:00:00.000Z,1615,42040,439,1,5,7,1942,0,0,0,D,0,4A9,HEIDLEMAN RD,SELDNER AV,300,N,N,C,-,N,,0,0,,,0,,,,N,4,0,1,2,A,-,11,21956,A,N,G,B,E,B,H,-,A,D,0,Y,,,,Y,,N,60,0,0,1,0,1,0,0,0,0,- ,- ,0,0,1800,1,LOS ANGELES,LOS ANGELES,CA,-118.1750814,34.06417465,"HEIDLEMAN RD & SELDNER AVE, LOS ANGELES, CA",HEIDLEMAN RD,SELDNER AVE,123293,
-118.2739021,33.94576263,75158,8799957,2019,2019-02-12T00:00:00.000Z,1942,2019-01-15T00:00:00.000Z,930,43451,1822,2,5,7,1942,0,0,0,R,0,18A17,MAIN ST,CENTURY BL,72,N,N,B,-,N,,0,0,,,0,,,,Y,4,0,2,2,A,-,9,21804,A,N,A,C,A,B,H,-,A,A,0,,,,,Y,,A,1,0,0,2,0,0,0,0,0,0,- ,- ,0,0,1200,1,LOS ANGELES,LOS ANGELES,CA,-118.2739021,33.94576263,"MAIN ST & CENTURY BLVD, LOS ANGELES, CA",MAIN ST,CENTURY BLVD,131257,
-118.3228734,34.06220627,75159,8833204,2019,2019-04-09T00:00:00.000Z,1942,2019-01-04T00:00:00.000Z,1150,43343,749,5,5,7,1942,0,0,0,G,0,7A53,PLYMOUTH BL,WILSHIRE BL,140,N,N,A,-,N,,0,0,,,0,,,,Y,0,0,0,3,A,-,1,23152,A,N,A,E,A,A,H,-,A,A,0,,,,,Y,Y,A,1,0,0,0,0,0,0,0,0,0,- ,- ,0,0,1200,1,LOS ANGELES,LOS ANGELES,CA,-118.3228734,34.06220627,"PLYMOUTH BLVD & WILSHIRE BLVD, LOS ANGELES, CA",PLYMOUTH BLVD,WILSHIRE BLVD,119605,