X,Y,OBJECTID,case_id,accident_year,proc_date,juris,collision_date,collision_time,officer_id,reporting_district,day_of_week,chp_shift,population,cnty_city_loc,special_cond,beat_type,chp_beat_type,city_division_lapd,chp_beat_class,beat_number,primary_rd,secondary_rd,distance,direction,intersection,weather_1,weather_2,state_hwy_ind,caltrans_county,caltrans_district,state_route,route_suffix,postmile_prefix,postmile,location_type,ramp_intersection,side_of_hwy,tow_away,collision_severity,number_killed,number_injured,party_count,primary_coll_factor,pcf_code_of_viol,pcf_viol_category,pcf_violation,pcf_viol_subsection,hit_and_run,type_of_collision,mviw,ped_action,road_surface,road_cond_1,road_cond_2,lighting,control_device,chp_road_type,pedestrian_accident,bicycle_accident,motorcycle_accident,truck_accident,not_private_property,alcohol_involved,stwd_vehtype_at_fault,chp_vehtype_at_fault,count_severe_inj,count_visible_inj,count_complaint_pain,count_ped_killed,count_ped_injured,count_bicyclist_killed,count_bicyclist_injured,count_mc_killed,count_mc_injured,primary_ramp,secondary_ramp,latitude,longitude,timecat,month_,city,county,state,point_x,point_y,match_addr,m_primaryrd,m_secondrd,int_id,Flag
-118.5837205,34.21583939,75160,8798730,2019,2019-02-21T00:00:00.000Z,1942,2019-01-26T00:00:00.000Z,1215,42974,2118,6,5,7,1942,0,0,0,,0,21A1,LURLINE AV,STRATHERN,100,N,N,A,-,N,,0,0,,,0,,,,Y,0,0,0,3,A,-,5,21650,,M,A,E,A,A,H,-,A,D,0,,,,,Y,,A,1,0,0,0,0,0,0,0,0,0,- ,- ,0,0,1500,1,LOS ANGELES,LOS ANGELES,CA,-118.5837205,34.21583939,"LURLINE AVE & STRATHERN ST, LOS ANGELES, CA",LURLINE AVE,STRATHERN ST,126001,
-118.3002679,33.96382904,75161,8800799,2019,2019-02-27T00:00:00.000Z,1942,2019-01-31T00:00:00.000Z,1430,40510,1265,4,5,7,1942,0,0,0,L,0,12A39,NORMANDIE AV,83RD ST,60,N,N,B,-,N,,0,0,,,0,,,,N,0,0,0,3,A,-,3,22350,,M,D,C,A,A,H,-,A,D,0,,,,,Y,,A,1,0,0,0,0,0,0,0,0,0,- ,- ,0,0,1500,1,LOS ANGELES,LOS ANGELES,CA,-118.3002679,33.96382904,"NORMANDIE AVE & 83RD ST, LOS ANGELES, CA",NORMANDIE AVE,83RD ST,117295,
-118.2949652,34.08512116,75162,8807816,2019,2019-02-28T00:00:00.000Z,1942,2019-01-17T00:00:00.000Z,1450,38233,201,4,5,7,1942,0,0,0,B,0,2A1,HELIOTROPE DR,MONROE ST,250,S,N,A,B,N,,0,0,,,0,,,,N,0,0,0,2,A,-,21,22106,,M,A,E,A,A,H,-,A,D,0,,,,,Y,,-,99,0,0,0,0,0,0,0,0,0,- ,- ,0,0,1500,1,LOS ANGELES,LOS ANGELES,CA,-118.2949652,34.08512115,"HELIOTROPE DR & MONROE ST, LOS ANGELES, CA",HELIOTROPE DR,MONROE ST,107624,
-118.4138796,34.2415123,75163,8795367,2019,2019-02-08T00:00:00.000Z,1942,2019-01-22T00:00:00.000Z,835,32268,1661,2,5,7,1942,0,0,0,P,0,16A77,LAUREL CANYON BL,BRANFORD ST,300,N,N,A,-,N,,0,0,,,0,,,,N,0,0,0,2,A,-,7,21658,A,M,C,E,A,A,H,-,A,D,0,,,,,Y,,-,99,0,0,0,0,0,0,0,0,0,- ,- ,0,0,900,1,LOS ANGELES,LOS ANGELES,CA,-118.4138795,34.2415123,"LAUREL CANYON BLVD & BRANFORD ST, LOS ANGELES, CA",LAUREL CANYON BLVD,BRANFORD ST,126258,
-118.2753221,33.79865646,75164,8805998,2019,2019-03-20T00:00:00.000Z,1942,2019-01-27T00:00:00.000Z,1150,43070,518,7,5,7,1942,0,0,0,E,0,5A18,WILMINGTON BL,LOMITA BL,0,,Y,A,-,N,,0,0,,,0,,,,Y,0,0,0,1,A,-,12,22450,A,N,E,I,A,A,H,-,A,D,0,,,,,Y,,-,,0,0,0,0,0,0,0,0,0,- ,- ,0,0,1200,1,LOS ANGELES,LOS ANGELES,CA,-118.2753221,33.79865646,"WILMINGTON BLVD & LOMITA BLVD, LOS ANGELES, CA",WILMINGTON BLVD,LOMITA BLVD,112639,
-118.3091221,34.06896591,75165,8813905,2019,2019-03-21T00:00:00.000Z,1942,2019-01-08T00:00:00.000Z,1455,39609,2022,2,5,7,1942,0,0,0,,0,20A53,WESTERN AV,3RD ST,0,,Y,A,-,N,,0,0,,,0,,,,N,4,0,1,2,A,-,9,21801,A,N,H,G,A,-,-,-,A,A,0,,Y,,,Y,,A,1,0,0,1,0,0,0,1,0,0,- ,- ,0,0,1500,1,LOS ANGELES,LOS ANGELES,CA,-118.3091221,34.06896591,"WESTERN AVE & 3RD ST, LOS ANGELES, CA",WESTERN AVE,3RD ST,121890,
-118.4462596,34.20193863,75166,8778100,2019,2019-02-01T00:00:00.000Z,1942,2019-01-10T00:00:00.000Z,100,33700,915,4,5,7,1942,0,0,0,I,0,9A19,LENNOX AV,SHERMAN WY,275,N,N,A,-,N,,0,0,,,0,,,,N,0,0,0,2,A,-,8,22107,,M,B,E,A,A,H,-,C,A,0,,,,,Y,,-,99,0,0,0,0,0,0,0,0,0,- ,- ,0,0,300,1,LOS ANGELES,LOS ANGELES,CA,-118.4462596,34.20193863,"LENNOX AVE & SHERMAN WAY, LOS ANGELES, CA",LENNOX AVE,SHERMAN WAY,98056,
-118.2608021,33.95381546,75167,8784452,2019,2019-02-13T00:00:00.000Z,1942,2019-01-12T00:00:00.000Z,5,43451,1822,6,5,7,1942,0,0,0,R,0,18A17,91ST,MCKINLEY,0,,Y,A,-,N,,0,0,,,0,,,,N,0,0,0,2,A,-,7,21658,,M,B,E,A,B,H,-,C,A,0,,,,,Y,,-,99,0,0,0,0,0,0,0,0,0,- ,- ,0,0,300,1,LOS ANGELES,LOS ANGELES,CA,-118.2608021,33.95381546,"91ST ST & MCKINLEY AVE,, CA",91ST ST,MCKINLEY AVE,110173,
-118.3952722,34.14356613,75168,8806485,2019,2019-03-04T00:00:00.000Z,1942,2019-01-26T00:00:00.000Z,240,40876,1591,6,5,7,1942,0,0,0,O,0,15A85,VENTURA BL,LAUREL CANYON BL,0,,Y,A,-,N,,0,0,,,0,,,,Y,4,0,2,3,A,-,12,21453,A,N,D,C,A,A,H,-,C,A,0,,,,,Y,,A,1,0,0,2,0,0,0,0,0,0,- ,- ,0,0,300,1,LOS ANGELES,LOS ANGELES,CA,-118.3952722,34.14356613,"VENTURA BLVD & LAUREL CANYON BLVD, LOS ANGELES, CA",VENTURA BLVD,LAUREL CANYON BLVD,126448,
-118.3266699,34.09596634,75169,8810581,2019,2019-03-13T00:00:00.000Z,1942,2019-01-22T00:00:00.000Z,130,39655,666,2,5,7,1942,0,0,0,F,0,6A67,VINE ST,DE LONGPRE AV,76,S,N,A,-,N,,0,0,,,0,,,,N,0,0,0,2,A,-,8,22107,,M,C,E,A,A,H,-,C,D,0,,,,,Y,,-,99,0,0,0,0,0,0,0,0,0,- ,- ,0,0,300,1,LOS ANGELES,LOS ANGELES,CA,-118.3266699,34.09596634,"VINE ST & DE LONGPRE AVE, LOS ANGELES, CA",VINE ST,DE LONGPRE AVE,146581,
-118.225282,34.05053711,75170,8821613,2019,2019-03-22T00:00:00.000Z,1942,2019-01-25T00:00:00.000Z,112,378L5,451,5,5,7,1942,0,0,0,D,0,4A97,GABRIEL GARCIA MARQUEZ ST,PARK PASEO,0,,N,A,-,N,,0,0,,,0,,,,N,0,0,0,2,A,-,21,22106,,M,B,E,A,A,H,-,C,D,0,,,,,Y,,-,99,0,0,0,0,0,0,0,0,0,- ,- ,0,0,300,1,LOS ANGELES,LOS ANGELES,CA,-118.225282,34.05053711,"GABRIEL GARCIA MARQUEZ ST & PARK PASEO, LOS ANGELES, CA",GABRIEL GARCIA MARQUEZ ST,PARK PASEO,112965,
-118.4310728,34.31297302,75171,8795460,2019,2019-02-13T00:00:00.000Z,1942,2019-01-16T00:00:00.000Z,300,33700,1905,3,5,7,1942,0,0,0,,0,19A7,GLADSTONE AV,SAYRE ST,100,N,N,A,-,N,,0,0,,,0,,,,N,0,0,0,2,A,-,8,22107,,M,C,E,A,A,H,-,C,A,0,,,,,Y,,-,99,0,0,0,0,0,0,0,0,0,- ,- ,0,0,600,1,LOS ANGELES,LOS ANGELES,CA,-118.4310728,34.31297302,"GLADSTONE AVE & SAYRE ST, LOS ANGELES, CA",GLADSTONE AVE,SAYRE ST,101956,
-118.3973793,34.25770187,75172,8821422,2019,2019-03-21T00:00:00.000Z,1942,2019-01-31T00:00:00.000Z,300,37882,1654,4,5,7,1942,0,0,0,P,0,16X2,MONTAGUE,GLENOAKS,550,W,N,A,-,N,,0,0,,,0,,,,N,0,0,0,2,A,-,8,22107,,M,B,E,A,A,H,-,C,A,0,,,,,Y,,-,99,0,0,0,0,0,0,0,0,0,- ,- ,0,0,600,1,LOS ANGELES,LOS ANGELES,CA,-118.3973793,34.25770187,"MONTAGUE ST & GLENOAKS BLVD, LOS ANGELES, CA",MONTAGUE ST,GLENOAKS BLVD,133473,
-118.2320974,34.03258514,75173,8838993,2019,2019-05-16T00:00:00.000Z,1942,2019-01-09T00:00:00.000Z,2300,41163,1309,3,5,7,1942,0,0,0,M,0,13019,VIOLET ST,MATEO,50,E,N,A,-,N,,0,0,,,0,,,,N,0,0,0,2,A,-,0,20015,A,M,D,E,A,A,H,-,C,D,0,,,,,Y,,-,- ,0,0,0,0,0,0,0,0,0,- ,- ,0,0,2400,1,LOS ANGELES,LOS ANGELES,CA,-118.2320974,34.03258514,"VIOLET ST & MATEO ST, LOS ANGELES, CA",VIOLET ST,MATEO ST,107111,
-118.4433351,34.03886414,75174,8774240,2019,2019-02-08T00:00:00.000Z,1942,2019-01-02T00:00:00.000Z,2500,27475,882,3,5,7,1942,0,0,0,H,0,34MS,CORINTH AV,MISSISSIPPI AV,50,S,N,A,-,N,,0,0,,,0,,,,N,0,0,0,2,A,-,3,22350,,M,C,E,A,A,H,-,-,D,0,,,,,Y,,-,99,0,0,0,0,0,0,0,0,0,- ,- ,0,0,300,1,LOS ANGELES,LOS ANGELES,CA,-118.4433351,34.03886414,"CORINTH AVE & MISSISSIPPI AVE, LOS ANGELES, CA",CORINTH AVE,MISSISSIPPI AVE,146363,
-118.3059691,33.98060608,75175,8791526,2019,2019-02-07T00:00:00.000Z,1942,2019-01-27T00:00:00.000Z,2500,38025,1243,7,5,7,1942,0,0,0,L,0,12A45,W 65TH ST,HARVARD BL,250,E,N,A,-,N,,0,0,,,0,,,,N,0,0,0,2,A,-,3,22350,,M,A,E,A,A,H,-,-,D,0,,,,,Y,,-,99,0,0,0,0,0,0,0,0,0,- ,- ,0,0,300,1,LOS ANGELES,LOS ANGELES,CA,-118.3059691,33.98060608,"65TH ST & HARVARD BLVD, LOS ANGELES, CA",65TH ST,HARVARD BLVD,138049,
-118.1989156,34.10668182,75176,8792596,2019,2019-02-20T00:00:00.000Z,1942,2019-01-05T00:00:00.000Z,2500,30380,1149,6,5,7,1942,0,0,0,K,0,11A37,NORTH FIGUEROA ST,ELLITA PL,20,N,N,C,-,N,,0,0,,,0,,,,N,0,0,0,2,A,-,3,22350,,M,B,E,A,B,H,-,-,D,0,,,,,Y,,-,99,0,0,0,0,0,0,0,0,0,- ,- ,0,0,300,1,LOS ANGELES,LOS ANGELES,CA,-118.1989156,34.10668182,"FIGUEROA ST & ELLITA PL, LOS ANGELES, CA",FIGUEROA ST,ELLITA PL,149458,
-118.3658621,34.07212448,75177,8837011,2019,2019-04-30T00:00:00.000Z,1942,2019-01-20T00:00:00.000Z,2500,43039,723,7,5,7,1942,0,0,0,G,0,7A21,CRESCENT HEIGHTS,3RD ST,0,,Y,A,-,N,,0,0,,,0,,,,N,0,0,0,2,A,-,8,22107,,M,B,E,A,A,H,-,-,D,0,,,,,Y,,-,99,0,0,0,0,0,0,0,0,0,- ,- ,0,0,300,1,LOS ANGELES,LOS ANGELES,CA,-118.3658621,34.07212448,"CRESCENT HEIGHTS BLVD & 3RD ST, LOS ANGELES, CA",CRESCENT HEIGHTS BLVD,3RD ST,107485,
-118.3472516,34.0686264,75178,8784528,2019,2019-02-15T00:00:00.000Z,1942,2019-01-23T00:00:00.000Z,2500,37511,734,3,5,7,1942,0,0,0,G,0,7A33,S COCHRAN AV,3RD ST,200,S,N,A,-,N,,0,0,,,0,,,,N,0,0,0,2,A,-,21,22106,,M,B,E,A,A,H,-,-,D,0,,,,,Y,,-,99,0,0,0,0,0,0,0,0,0,- ,- ,0,0,300,1,LOS ANGELES,LOS ANGELES,CA,-118.3472516,34.0686264,"COCHRAN AVE & 3RD ST, LOS ANGELES, CA",COCHRAN AVE,3RD ST,96937,
-118.525004,34.25910187,75179,8785812,2019,2019-02-02T00:00:00.000Z,1942,2019-01-16T00:00:00.000Z,2500,41514,1745,3,5,7,1942,0,0,0,Q,0,17A49,HIAWATHA ST,ZELZAH AV,500,W,N,B,-,N,,0,0,,,0,,,,N,0,0,0,2,A,-,21,22106,,M,C,E,A,B,H,-,-,D,0,,,,,Y,,A,1,0,0,0,0,0,0,0,0,0,- ,- ,0,0,300,1,LOS ANGELES,LOS ANGELES,CA,-118.525004,34.25910187,"HIAWATHA ST & ZELZAH AVE, LOS ANGELES, CA",HIAWATHA ST,ZELZAH AVE,108659,
-118.2433725,34.00664902,75181,8796839,2019,2019-02-13T00:00:00.000Z,1942,2019-01-11T00:00:00.000Z,2500,40289,1347,5,5,7,1942,0,0,0,M,0,13A27,LONG BEACH AV,E 42ND ST,125,N,N,B,-,N,,0,0,,,0,,,,N,0,0,0,3,A,-,3,22350,,M,C,C,A,B,H,-,-,D,0,,,,,Y,,-,99,0,0,0,0,0,0,0,0,0,- ,- ,0,0,300,1,LOS ANGELES,LOS ANGELES,CA,-118.2433725,34.00664902,"LONG BEACH AVE & 42ND ST, LOS ANGELES, CA",LONG BEACH AVE,42ND ST,103363,
-118.3157978,34.09712601,75182,8797657,2019,2019-02-12T00:00:00.000Z,1942,2019-01-25T00:00:00.000Z,2500,38262,667,5,5,7,1942,0,0,0,F,0,6A67,VAN NESS AV,SUNSET BL,338,S,N,A,-,N,,0,0,,,0,,,,N,0,0,0,2,A,-,8,22107,,M,B,E,A,A,H,-,-,D,0,,,,,Y,,-,99,0,0,0,0,0,0,0,0,0,- ,- ,0,0,300,1,LOS ANGELES,LOS ANGELES,CA,-118.3157978,34.09712601,"VAN NESS AVE & SUNSET BLVD, LOS ANGELES, CA",VAN NESS AVE,SUNSET BLVD,125513,
-118.3923912,34.20753479,75183,8798758,2019,2019-02-20T00:00:00.000Z,1942,2019-01-25T00:00:00.000Z,2500,40398,1504,5,5,7,1942,0,0,0,O,0,15A3,COVELLO ST,RADFORD AV,30,W,N,A,-,N,,0,0,,,0,,,,N,0,0,0,2,A,-,8,22107,,M,C,E,A,A,H,-,-,D,0,,,,,Y,,A,1,0,0,0,0,0,0,0,0,0,- ,- ,0,0,300,1,LOS ANGELES,LOS ANGELES,CA,-118.3923912,34.20753479,"COVELLO ST & RADFORD AVE, LOS ANGELES, CA",COVELLO ST,RADFORD AVE,132678,
-118.2798375,34.02553177,75184,8798813,2019,2019-02-21T00:00:00.000Z,1942,2019-01-08T00:00:00.000Z,2500,42364,328,2,5,7,1942,0,0,0,,0,3A19,SHRINE PL,30TH ST,100,S,N,A,-,N,,0,0,,,0,,,,N,0,0,0,2,B,-,22,0,,M,B,E,A,A,H,-,-,D,0,,,,,Y,,-,99,0,0,0,0,0,0,0,0,0,- ,- ,0,0,300,1,LOS ANGELES,LOS ANGELES,CA,-118.2798375,34.02553177,"SHRINE PL & 30TH ST, LOS ANGELES, CA",SHRINE PL,30TH ST,110356,
-118.3271746,34.02348328,75185,8798825,2019,2019-02-21T00:00:00.000Z,1942,2019-01-23T00:00:00.000Z,2500,38503,354,3,5,7,1942,0,0,0,,0,25T21,9TH AV,36TH ST,200,N,N,A,-,N,,0,0,,,0,,,,N,0,0,0,2,A,-,3,22350,,M,B,E,A,A,H,-,-,D,0,,,,,Y,,-,99,0,0,0,0,0,0,0,0,0,- ,- ,0,0,300,1,LOS ANGELES,LOS ANGELES,CA,-118.3271746,34.02348328,"9TH AVE & 36TH ST, LOS ANGELES, CA",9TH AVE,36TH ST,148943,
-118.2856568,34.07050705,75186,8804801,2019,2019-02-15T00:00:00.000Z,1942,2019-01-19T00:00:00.000Z,2500,34959,2019,6,5,7,1942,0,0,0,,0,20A39,COMMONWEALTH AV,2ND ST,25,N,N,B,-,N,,0,0,,,0,,,,N,0,0,0,2,A,-,21,22106,,M,C,E,A,A,H,-,-,D,0,,,,,Y,,A,1,0,0,0,0,0,0,0,0,0,- ,- ,0,0,300,1,LOS ANGELES,LOS ANGELES,CA,-118.2856568,34.07050705,"COMMONWEALTH AVE & 2ND ST, LOS ANGELES, CA",COMMONWEALTH AVE,2ND ST,118138,
-118.2723608,34.14480591,75187,8809995,2019,2019-03-08T00:00:00.000Z,1942,2019-01-25T00:00:00.000Z,2500,34458,1102,5,5,7,1942,0,0,0,K,0,11A1,ELECTRONIC PL,SAN FERNANDO RD,300,S,N,A,-,N,,0,0,,,0,,,,N,0,0,0,2,A,-,21,22106,,M,C,E,A,A,H,-,-,D,0,,,,,Y,,-,99,0,0,0,0,0,0,0,0,0,- ,- ,0,0,300,1,LOS ANGELES,LOS ANGELES,CA,-118.2723608,34.14480591,"ELECTRONICS PL & SAN FERNANDO RD W, LOS ANGELES, CA",ELECTRONICS PL,SAN FERNANDO RD W,142628,
-118.3157821,34.09511566,75188,8810461,2019,2019-03-08T00:00:00.000Z,1942,2019-01-13T00:00:00.000Z,2500,34882,668,7,5,7,1942,0,0,0,F,0,6A79,VAN NESS AV,FOUNTAIN AV,150,N,N,B,-,N,,0,0,,,0,,,,N,0,0,0,4,A,-,3,22350,,M,C,E,A,A,H,-,-,D,0,,,,,Y,,-,99,0,0,0,0,0,0,0,0,0,- ,- ,0,0,300,1,LOS ANGELES,LOS ANGELES,CA,-118.3157821,34.09511566,"VAN NESS AVE & FOUNTAIN AVE, LOS ANGELES, CA",VAN NESS AVE,FOUNTAIN AVE,111103,
-118.5099546,34.19387436,75189,8818316,2019,2019-03-21T00:00:00.000Z,1942,2019-01-29T00:00:00.000Z,2500,40634,2,2,5,7,1942,0,0,0,,0,,VANOWEN ST,LOUISE AV,28,W,N,A,-,N,,0,0,,,0,,,,N,0,0,0,2,A,-,3,22350,,M,C,C,A,A,H,-,-,A,0,,,,,Y,,A,7,0,0,0,0,0,0,0,0,0,- ,- ,0,0,300,1,LOS ANGELES,LOS ANGELES,CA,-118.5099546,34.19387436,"VANOWEN ST & LOUISE AVE, LOS ANGELES, CA",VANOWEN ST,LOUISE AVE,151023,
-118.2192921,34.03759766,75190,8821609,2019,2019-03-22T00:00:00.000Z,1942,2019-01-27T00:00:00.000Z,2500,36365,,7,5,7,1942,0,0,0,,0,4A71,BOYLE AV,HOLLENBECK DR,100,S,N,A,-,N,,0,0,,,0,,,,N,0,0,0,2,A,-,3,22350,,M,B,E,A,A,H,-,-,A,0,,,,,Y,,-,99,0,0,0,0,0,0,0,0,0,- ,- ,0,0,300,1,LOS ANGELES,LOS ANGELES,CA,-118.2192921,34.03759766,"BOYLE AVE & HOLLENBECK DR, LOS ANGELES, CA",BOYLE AVE,HOLLENBECK DR,161155,
-118.3075226,34.05968475,75191,8830298,2019,2019-03-27T00:00:00.000Z,1942,2019-01-06T00:00:00.000Z,2500,35945,2033,7,5,7,1942,0,0,0,,0,20A33,W 7TH ST,OXFORD AV,100,E,N,A,-,N,,0,0,,,0,,,,N,0,0,0,3,A,-,8,22107,,M,B,E,A,A,H,-,-,D,0,,,,,Y,,-,99,0,0,0,0,0,0,0,0,0,- ,- ,0,0,300,1,LOS ANGELES,LOS ANGELES,CA,-118.3075226,34.05968475,"7TH ST & OXFORD AVE, LOS ANGELES, CA",7TH ST,OXFORD AVE,145677,
-118.4312622,34.17935181,75192,8815458,2019,2019-03-13T00:00:00.000Z,1942,2019-01-11T00:00:00.000Z,225,42835,9048,5,5,7,1942,0,0,0,,0,9A37,WOODMAN AV,OXNARD AV,20,S,N,E,-,N,,0,0,,,0,,,,Y,0,0,0,4,A,-,1,23152,A,N,F,E,A,A,H,-,C,D,0,,,Y,,Y,Y,-,- ,0,0,0,0,0,0,0,0,0,- ,- ,0,0,300,1,LOS ANGELES,LOS ANGELES,CA,-118.4312622,34.17935181,"WOODMAN AVE & OXNARD ST, LOS ANGELES, CA",WOODMAN AVE,OXNARD ST,97522,
-118.2271021,34.09467316,75193,8821508,2019,2019-03-25T00:00:00.000Z,1942,2019-01-26T00:00:00.000Z,145,42521,NOE,6,5,7,1942,0,0,0,,0,11A89,CYPRESS AV,ROSEVIEW AV,0,,Y,A,-,N,,0,0,,,0,,,,Y,4,0,1,4,A,-,1,23152,A,N,A,E,A,A,H,-,C,D,0,,,,,Y,Y,A,1,0,0,1,0,0,0,0,0,0,- ,- ,0,0,300,1,LOS ANGELES,LOS ANGELES,CA,-118.2271021,34.09467316,"CYPRESS AVE & ROSEVIEW AVE, LOS ANGELES, CA",CYPRESS AVE,ROSEVIEW AVE,118210,
-118.3418521,34.04309464,75194,8830310,2019,2019-03-27T00:00:00.000Z,1942,2019-01-01T00:00:00.000Z,50,42549,775,2,5,7,1942,0,0,0,G,0,7A47,SAINT ELMO DR,RIMPAU AV,0,,N,A,-,N,,0,0,,,0,,,,N,0,0,0,4,A,-,5,21650,,F,A,E,A,A,H,-,C,A,0,,,,,Y,,-,99,0,0,0,0,0,0,0,0,0,- ,- ,0,0,300,1,LOS ANGELES,LOS ANGELES,CA,-118.3418521,34.04309464,"ST ELMO DR & RIMPAU BLVD, LOS ANGELES, CA",ST ELMO DR,RIMPAU BLVD,145682,
-118.3457126,34.0450592,75195,8811954,2019,2019-03-07T00:00:00.000Z,1942,2019-01-24T00:00:00.000Z,420,42341,774,4,5,7,1942,0,0,0,G,0,7A85W3,S LA BREA,VENICE BL,300,S,N,A,-,N,,0,0,,,0,,,,Y,4,0,1,4,A,-,3,22350,,N,B,E,A,A,H,-,C,D,0,,,,,Y,,A,7,0,0,1,0,0,0,0,0,0,- ,- ,0,0,600,1,LOS ANGELES,LOS ANGELES,CA,-118.3457126,34.0450592,"LA BREA AVE & VENICE BLVD, LOS ANGELES, CA",LA BREA AVE,VENICE BLVD,130338,
-118.6559622,34.20244598,75196,8793493,2019,2019-02-25T00:00:00.000Z,1942,2019-01-05T00:00:00.000Z,1930,38196,2111,6,5,7,1942,0,0,0,,0,21X98,VALLEY CIRCLE BL,BELL CANYON RD,0,,Y,C,-,N,,0,0,,,0,,,,Y,4,0,1,2,A,-,9,21801,A,N,A,C,A,B,H,-,C,A,0,,,,,Y,,A,1,0,0,1,0,0,0,0,0,0,- ,- ,0,0,2100,1,LOS ANGELES,LOS ANGELES,CA,-118.6559622,34.20244598,"VALLEY CIRCLE BLVD & BELL CANYON RD, LOS ANGELES, CA",VALLEY CIRCLE BLVD,BELL CANYON RD,139998,
-118.2565222,34.00922394,75197,8819627,2019,2019-03-14T00:00:00.000Z,1942,2019-01-19T00:00:00.000Z,1825,40164,1345,6,5,7,1942,0,0,0,M,0,24TL56,CENTRAL AV,41ST ST,0,,Y,-,-,N,,0,0,,,0,,,,N,0,0,0,2,A,-,8,22107,,N,-,C,A,-,-,-,-,-,0,,,,,Y,,D,72,0,0,0,0,0,0,0,0,0,- ,- ,0,0,2100,1,LOS ANGELES,LOS ANGELES,CA,-118.2565222,34.00922394,"CENTRAL AVE & 41ST ST, LOS ANGELES, CA",CENTRAL AVE,41ST ST,131420,
-118.3719092,34.17221451,75198,8781560,2019,2019-02-15T00:00:00.000Z,1942,2019-01-02T00:00:00.000Z,2225,40972,1549,3,5,7,1942,0,0,0,O,0,15A39,BURBANK BL,CASE AV,10,E,N,A,-,N,,0,0,,,0,,,,N,0,0,0,2,A,-,6,21755,A,M,B,C,A,A,H,-,C,A,0,,,,,Y,,-,99,0,0,0,0,0,0,0,0,0,- ,- ,0,0,2400,1,LOS ANGELES,LOS ANGELES,CA,-118.3719092,34.17221451,"BURBANK BLVD & CASE AVE, LOS ANGELES, CA",BURBANK BLVD,CASE AVE,125805,
-118.4319456,34.20117569,75199,8785783,2019,2019-02-02T00:00:00.000Z,1942,2019-01-11T00:00:00.000Z,2330,42565,909,5,5,7,1942,0,0,0,I,0,9A5,SHERMAN WY,WOODMAN AV,204,W,N,C,-,N,,0,0,,,0,,,,N,0,0,0,2,A,-,9,21804,A,M,D,C,A,B,H,-,C,D,0,,,,,Y,,-,99,0,0,0,0,0,0,0,0,0,- ,- ,0,0,2400,1,LOS ANGELES,LOS ANGELES,CA,-118.4319456,34.20117569,"SHERMAN WAY & WOODMAN AVE, LOS ANGELES, CA",SHERMAN WAY,WOODMAN AVE,129131,
-118.4773925,34.27912903,75200,8793260,2019,2019-02-26T00:00:00.000Z,1942,2019-01-09T00:00:00.000Z,2240,38956,1718,3,5,7,1942,0,0,0,Q,0,17A49,RINALDI ST,HASKELL AV,445,W,N,A,-,N,,0,0,,,0,,,,N,4,0,1,2,A,-,21,22106,,N,C,C,A,A,H,-,C,D,0,,,,,Y,,M,47,0,0,1,0,0,0,0,0,0,- ,- ,0,0,2400,1,LOS ANGELES,LOS ANGELES,CA,-118.4773925,34.27912903,"RINALDI ST & HASKELL AVE, LOS ANGELES, CA",RINALDI ST,HASKELL AVE,133179,
-118.4542022,34.3035965,75201,8793324,2019,2019-02-27T00:00:00.000Z,1942,2019-01-07T00:00:00.000Z,2125,43518,MISSI,1,5,7,1942,0,0,0,,0,19A1,POLK ST,NORRIS AV,0,,Y,A,-,N,,0,0,,,0,,,,Y,4,0,2,2,A,-,9,21801,A,N,A,C,A,A,H,-,C,D,0,,,,,Y,Y,-,,0,0,2,0,0,0,0,0,0,- ,- ,0,0,2400,1,LOS ANGELES,LOS ANGELES,CA,-118.4542022,34.3035965,"POLK ST & NORRIS AVE, LOS ANGELES, CA",POLK ST,NORRIS AVE,105214,
-118.2841993,34.05979538,75202,8806909,2019,2019-04-02T00:00:00.000Z,1942,2019-01-19T00:00:00.000Z,2300,42915,251,6,5,7,1942,0,0,0,B,0,2X211,7TH ST,HOOVER ST,5,S,N,A,-,N,,0,0,,,0,,,,N,0,0,0,2,A,-,3,22350,,M,-,C,A,A,H,-,C,-,0,,,,,Y,,-,99,0,0,0,0,0,0,0,0,0,- ,- ,0,0,2400,1,LOS ANGELES,LOS ANGELES,CA,-118.2841993,34.05979538,"7TH ST & HOOVER ST, LOS ANGELES, CA",7TH ST,HOOVER ST,128131,
-118.2378621,34.05449677,75203,8807651,2019,2019-03-20T00:00:00.000Z,1942,2019-01-19T00:00:00.000Z,2200,25115,111,6,5,7,1942,0,0,0,A,0,1A1,N ALAMEDA ST,ARCADIA ST,0,,Y,A,-,N,,0,0,,,0,,,,Y,4,0,3,2,A,-,12,21453,A,N,D,C,A,A,H,-,C,A,0,,,,,Y,,A,1,0,0,3,0,0,0,0,0,0,- ,- ,0,0,2400,1,LOS ANGELES,LOS ANGELES,CA,-118.2378621,34.05449677,"ALAMEDA ST & ARCADIA ST, LOS ANGELES, CA",ALAMEDA ST,ARCADIA ST,135185,