X,Y,OBJECTID,case_id,accident_year,proc_date,juris,collision_date,collision_time,officer_id,reporting_district,day_of_week,chp_shift,population,cnty_city_loc,special_cond,beat_type,chp_beat_type,city_division_lapd,chp_beat_class,beat_number,primary_rd,secondary_rd,distance,direction,intersection,weather_1,weather_2,state_hwy_ind,caltrans_county,caltrans_district,state_route,route_suffix,postmile_prefix,postmile,location_type,ramp_intersection,side_of_hwy,tow_away,collision_severity,number_killed,number_injured,party_count,primary_coll_factor,pcf_code_of_viol,pcf_viol_category,pcf_violation,pcf_viol_subsection,hit_and_run,type_of_collision,mviw,ped_action,road_surface,road_cond_1,road_cond_2,lighting,control_device,chp_road_type,pedestrian_accident,bicycle_accident,motorcycle_accident,truck_accident,not_private_property,alcohol_involved,stwd_vehtype_at_fault,chp_vehtype_at_fault,count_severe_inj,count_visible_inj,count_complaint_pain,count_ped_killed,count_ped_injured,count_bicyclist_killed,count_bicyclist_injured,count_mc_killed,count_mc_injured,primary_ramp,secondary_ramp,latitude,longitude,timecat,month_,city,county,state,point_x,point_y,match_addr,m_primaryrd,m_secondrd,int_id,Flag
-118.4473791,34.06123734,75204,8776517,2019,2019-02-02T00:00:00.000Z,1942,2019-01-08T00:00:00.000Z,15,41957,833,2,5,7,1942,0,0,0,H,0,8A29,GAYLEY AV,WEYBURN AV,325,S,N,A,-,N,,0,0,,,0,,,,N,3,0,1,2,A,-,12,21453,A,N,D,C,A,A,H,-,C,A,0,,,Y,,Y,,C,3,0,1,0,0,0,0,0,0,1,- ,- ,0,0,300,1,LOS ANGELES,LOS ANGELES,CA,-118.4473791,34.06123734,"GAYLEY AVE & WEYBURN AVE, LOS ANGELES, CA",GAYLEY AVE,WEYBURN AVE,128911,
-118.3386821,34.07360458,75205,8792552,2019,2019-02-20T00:00:00.000Z,1942,2019-01-31T00:00:00.000Z,50,33757,727,4,5,7,1942,0,0,0,G,0,7A17,1ST ST,HIGHLAND AV,0,,Y,A,-,N,,0,0,,,0,,,,Y,4,0,1,2,A,-,9,21802,A,F,D,C,A,-,H,-,C,D,0,,,,,Y,,A,1,0,0,1,0,0,0,0,0,0,- ,- ,0,0,300,1,LOS ANGELES,LOS ANGELES,CA,-118.3386821,34.07360458,"1ST ST & HIGHLAND AVE, LOS ANGELES, CA",1ST ST,HIGHLAND AVE,116253,
-118.3509221,34.03251648,75206,8799985,2019,2019-02-13T00:00:00.000Z,1942,2019-01-20T00:00:00.000Z,110,43180,312,7,5,7,1942,0,0,0,C,0,3A99,ADAMS BL,LA BREA,0,,Y,A,-,N,,0,0,,,0,,,,Y,4,0,1,2,A,-,12,21453,,F,B,C,A,A,-,-,C,D,0,,,,,Y,,-,99,0,0,1,0,0,0,0,0,0,- ,- ,0,0,300,1,LOS ANGELES,LOS ANGELES,CA,-118.3509221,34.03251648,"ADAMS BLVD & LA BREA AVE, LOS ANGELES, CA",ADAMS BLVD,LA BREA AVE,96407,
-118.249073,34.04805374,75207,8823070,2019,2019-04-02T00:00:00.000Z,1942,2019-01-20T00:00:00.000Z,45,42725,144,7,5,7,1942,0,0,0,A,0,11XL48,SPRING ST,5TH ST,300,N,N,A,-,N,,0,0,,,0,,,,N,0,0,0,2,A,-,0,20015,A,M,B,C,A,A,H,-,C,D,0,,,,,Y,,D,22,0,0,0,0,0,0,0,0,0,- ,- ,0,0,300,1,LOS ANGELES,LOS ANGELES,CA,-118.249073,34.04805374,"SPRING ST & 5TH ST, LOS ANGELES, CA",SPRING ST,5TH ST,107013,
-118.2113828,34.09113312,75208,8784730,2019,2019-02-27T00:00:00.000Z,1942,2019-01-03T00:00:00.000Z,850,34332,1158,4,5,7,1942,0,0,0,K,0,11A89,MARMION WY,NORTH FIGUEROA ST,70,W,N,A,-,N,,0,0,,,0,,,,N,0,0,0,2,A,-,3,22350,,N,C,C,A,A,H,-,A,A,0,,,,,Y,,A,1,0,0,0,0,0,0,0,0,0,- ,- ,0,0,900,1,LOS ANGELES,LOS ANGELES,CA,-118.2113828,34.09113312,"MARMION WAY & FIGUEROA ST, LOS ANGELES, CA",MARMION WAY,FIGUEROA ST,111329,
-118.6426978,34.18989945,75209,8805130,2019,2019-02-27T00:00:00.000Z,1942,2019-01-23T00:00:00.000Z,730,27792,2141,3,5,7,1942,0,0,0,,0,21A43,PLATT AV,HAYNES ST,35,N,N,A,-,N,,0,0,,,0,,,,Y,3,0,5,2,A,-,4,21703,,N,C,C,A,A,H,-,A,A,0,,,,,Y,,A,7,0,1,4,0,0,0,0,0,0,- ,- ,0,0,900,1,LOS ANGELES,LOS ANGELES,CA,-118.6426978,34.18989944,"PLATT AVE & HAYNES ST, LOS ANGELES, CA",PLATT AVE,HAYNES ST,123509,
-118.4362422,34.25577545,75210,8805218,2019,2019-02-27T00:00:00.000Z,1942,2019-01-07T00:00:00.000Z,730,42460,1959,1,5,7,1942,0,0,0,,0,19A79,VAN NUYS BL,VENA AV,0,,Y,A,C,N,,0,0,,,0,,,,Y,4,0,1,2,A,-,9,21802,A,N,D,C,A,B,H,-,A,A,0,,,,,Y,,A,7,0,0,1,0,0,0,0,0,0,- ,- ,0,0,900,1,LOS ANGELES,LOS ANGELES,CA,-118.4362422,34.25577545,"VAN NUYS BLVD & VENA AVE, LOS ANGELES, CA",VAN NUYS BLVD,VENA AVE,112517,
-118.2166121,34.13097382,75211,8809760,2019,2019-03-07T00:00:00.000Z,1942,2019-01-06T00:00:00.000Z,2300,42961,1117,7,5,7,1942,0,0,0,K,0,11XL49,EAGLE ROCK BL,RIDGEVIEW AV,0,,-,C,-,N,,0,0,,,0,,,,Y,0,0,0,2,A,-,4,21703,,N,B,C,A,B,-,-,C,A,0,,,,,Y,,A,1,0,0,0,0,0,0,0,0,0,- ,- ,0,0,2400,1,LOS ANGELES,LOS ANGELES,CA,-118.2166121,34.13097382,"EAGLE ROCK BLVD & RIDGEVIEW AVE, LOS ANGELES, CA",EAGLE ROCK BLVD,RIDGEVIEW AVE,109248,
-118.4851322,34.22837448,75212,8806343,2019,2019-03-05T00:00:00.000Z,1942,2019-01-29T00:00:00.000Z,843,27260,1797,2,5,7,1942,0,0,0,Q,0,17A95,WOODLEY AV,PARTHENIA ST,0,,Y,A,-,N,,0,0,,,0,,,,Y,4,0,2,2,A,-,12,21453,A,N,D,C,A,A,H,-,A,-,0,,,,,Y,,A,1,0,0,2,0,0,0,0,0,0,- ,- ,0,0,900,1,LOS ANGELES,LOS ANGELES,CA,-118.4851322,34.22837448,"WOODLEY AVE & PARTHENIA ST, LOS ANGELES, CA",WOODLEY AVE,PARTHENIA ST,133098,
-118.4735497,34.23555831,75213,8793776,2019,2019-05-21T00:00:00.000Z,1942,2019-01-14T00:00:00.000Z,730,37377,1961,1,5,7,1942,0,0,0,,0,17A61,NORDHOFF,RT 405,0,,-,B,C,Y,LA,7,405,-,-,44.9,R,4,S,Y,4,0,1,2,A,-,12,21453,A,N,D,C,A,B,F,-,A,A,0,,,,,Y,,-,- ,0,0,1,0,0,0,0,0,0,- ,- ,0,0,900,1,LOS ANGELES,LOS ANGELES,CA,-118.4735497,34.23555831,"NORDHOFF ST & RT 405 S/B OFF, LOS ANGELES, CA",NORDHOFF ST,RT 405 S/B OFF,141646,
-118.4392622,34.29947662,75214,8806732,2019,2019-03-11T00:00:00.000Z,1942,2019-01-19T00:00:00.000Z,1130,38640,1916,6,5,7,1942,0,0,0,,0,19X4,HUBBARD ST,GLENOAKS BL,0,,-,A,-,N,,0,0,,,0,,,,Y,3,0,1,2,A,-,21,22106,,N,A,C,A,A,H,-,A,D,0,,,,,Y,,A,1,0,1,0,0,0,0,0,0,0,- ,- ,0,0,1200,1,LOS ANGELES,LOS ANGELES,CA,-118.4392622,34.29947662,"HUBBARD ST & GLENOAKS BLVD, LOS ANGELES, CA",HUBBARD ST,GLENOAKS BLVD,119249,
-118.5099022,34.21567535,75215,8803619,2019,2019-02-28T00:00:00.000Z,1942,2019-01-26T00:00:00.000Z,900,27792,1007,6,5,7,1942,0,0,0,J,0,10A17,LOUISE AV,STRATHERN ST,0,,Y,-,-,N,,0,0,,,0,,,,Y,4,0,2,2,A,-,12,21453,A,N,-,C,A,-,-,-,A,-,0,,,,,Y,,A,1,0,0,2,0,0,0,0,0,0,- ,- ,0,0,1200,1,LOS ANGELES,LOS ANGELES,CA,-118.5099022,34.21567535,"LOUISE AVE & STRATHERN ST, LOS ANGELES, CA",LOUISE AVE,STRATHERN ST,101747,
-118.1970321,34.05005646,75216,8810069,2019,2019-03-12T00:00:00.000Z,1942,2019-01-30T00:00:00.000Z,1445,40164,449,3,5,7,1942,0,0,0,D,0,24TL55,EVERGREEN ST,WABASH AV,0,,Y,A,-,N,,0,0,,,0,,,,N,4,0,1,2,A,-,9,21802,A,N,F,C,A,A,H,-,A,D,0,,,Y,,Y,,A,7,0,0,1,0,0,0,0,0,1,- ,- ,0,0,1500,1,LOS ANGELES,LOS ANGELES,CA,-118.1970321,34.05005646,"EVERGREEN AVE & WABASH AVE, LOS ANGELES, CA",EVERGREEN AVE,WABASH AVE,114053,
-118.3236321,33.99350357,75232,8792049,2019,2019-02-11T00:00:00.000Z,1942,2019-01-12T00:00:00.000Z,2500,43122,1211,6,5,7,1942,0,0,0,L,0,12X8,6TH AV,54TH ST,120,N,N,C,-,N,,0,0,,,0,,,,N,0,0,0,2,A,-,3,22350,,M,A,E,A,B,H,-,-,D,0,,,,,Y,,-,99,0,0,0,0,0,0,0,0,0,- ,- ,0,0,300,1,LOS ANGELES,LOS ANGELES,CA,-118.3236321,33.99350357,"6TH AVE & 54TH ST, LOS ANGELES, CA",6TH AVE,54TH ST,127666,
-118.222094,34.094944,75233,8792572,2019,2019-02-20T00:00:00.000Z,1942,2019-01-11T00:00:00.000Z,2500,40275,1158,5,5,7,1942,0,0,0,K,0,11A89,MACEO ST,ISABEL ST,45,W,N,B,C,N,,0,0,,,0,,,,N,0,0,0,2,A,-,3,22350,,M,A,E,A,B,H,-,-,D,0,,,,,Y,,-,99,0,0,0,0,0,0,0,0,0,- ,- ,0,0,300,1,LOS ANGELES,LOS ANGELES,CA,-118.222094,34.094944,"MACEO ST & ISABEL ST, LOS ANGELES, CA",MACEO ST,ISABEL ST,104343,
-118.2073372,34.11545944,75234,8792592,2019,2019-02-20T00:00:00.000Z,1942,2019-01-05T00:00:00.000Z,2500,40289,1116,6,5,7,1942,0,0,0,K,0,11A37,IRVINGTON PL,N AVENUE 50,7,E,N,A,-,N,,0,0,,,0,,,,N,0,0,0,2,A,-,0,20015,A,M,B,E,A,A,H,-,-,D,0,,,,,Y,,-,99,0,0,0,0,0,0,0,0,0,- ,- ,0,0,300,1,LOS ANGELES,LOS ANGELES,CA,-118.2073372,34.11545944,"IRVINGTON PL & AVE 50, LOS ANGELES, CA",IRVINGTON PL,AVE 50,149414,
-118.2804821,34.0941391,75235,8798828,2019,2019-02-20T00:00:00.000Z,1942,2019-01-06T00:00:00.000Z,2500,40008,1171,7,5,7,1942,0,0,0,K,0,11A71,MANZANITA ST,EFFIE ST,175,S,N,B,C,N,,0,0,,,0,,,,N,0,0,0,2,A,-,5,21660,,M,B,E,A,B,H,-,-,D,0,,,,,Y,,-,99,0,0,0,0,0,0,0,0,0,- ,- ,0,0,300,1,LOS ANGELES,LOS ANGELES,CA,-118.2804821,34.0941391,"MANZANITA ST & EFFIE ST, LOS ANGELES, CA",MANZANITA ST,EFFIE ST,121916,
-118.4032608,34.24819946,75236,8761779,2019,2019-02-19T00:00:00.000Z,1942,2019-01-02T00:00:00.000Z,1645,39473,1664,3,5,7,1942,0,0,0,P,0,16A77,BRANDFORD ST,SAN FERNANDO RD,20,W,N,A,-,N,,0,0,,,0,,,,N,0,0,0,2,A,-,3,22350,,M,C,C,A,A,H,-,A,A,0,,,,,Y,,-,99,0,0,0,0,0,0,0,0,0,- ,- ,0,0,1800,1,LOS ANGELES,LOS ANGELES,CA,-118.4032608,34.24819946,"BRANFORD ST & SAN FERNANDO RD, LOS ANGELES, CA",BRANFORD ST,SAN FERNANDO RD,115952,
-118.2738595,33.93100357,75239,8770523,2019,2019-02-02T00:00:00.000Z,1942,2019-01-02T00:00:00.000Z,1645,40971,1862,3,5,7,1942,0,0,0,R,0,18A63,IMPERIAL HWY,MAIN ST,16,E,N,A,-,N,,0,0,,,0,,,,Y,4,0,1,2,A,-,3,22350,,N,C,C,A,A,H,-,A,A,0,,,,,Y,,A,1,0,0,1,0,0,0,0,0,0,- ,- ,0,0,1800,1,LOS ANGELES,LOS ANGELES,CA,-118.2738595,33.93100357,"IMPERIAL HWY & MAIN ST, LOS ANGELES, CA",IMPERIAL HWY,MAIN ST,106798,
-118.4094922,34.25417328,75288,8648532,2019,2019-01-22T00:00:00.000Z,1942,2019-01-06T00:00:00.000Z,835,38326,1653,7,5,7,1942,0,0,0,P,0,16A23,OSBORNE ST,SAN FERNANDO RD,0,,Y,A,-,N,,0,0,,,0,,,,Y,1,1,1,2,A,-,12,21453,A,N,D,C,A,B,H,-,A,A,0,,,,,Y,,A,1,1,0,0,0,0,0,0,0,0,- ,- ,0,0,900,1,LOS ANGELES,LOS ANGELES,CA,-118.4094922,34.25417328,"OSBORNE ST & SAN FERNANDO RD, LOS ANGELES, CA",OSBORNE ST,SAN FERNANDO RD,105531,
-118.2671641,34.07164706,75662,8807088,2019,2019-03-21T00:00:00.000Z,1942,2019-02-07T00:00:00.000Z,45,30083,217,4,5,7,1942,0,0,0,B,0,2A17,ALVARADO ST,HOLLYWOOD FWY,0,,Y,A,-,Y,LA,7,101,-,-,2.725,R,4,S,Y,4,0,1,2,A,-,9,21801,A,F,D,C,A,A,H,-,C,D,0,,,,,Y,,A,1,0,0,1,0,0,0,0,0,0,- ,- ,0,0,300,2,LOS ANGELES,LOS ANGELES,CA,-118.2671641,34.07164706,"ALVARADO ST & RT 101 S/B ON, LOS ANGELES, CA",ALVARADO ST,RT 101 S/B ON,106297,
-118.3351309,34.01065826,83949,8794016,2019,2019-03-01T00:00:00.000Z,1942,2019-02-17T00:00:00.000Z,925,40494,363,7,5,7,1942,0,0,0,C,0,25TL41,CRENSHAW BL,MARTIN LUTHER KING JR BL,105,S,N,A,-,N,,0,0,,,0,,,,N,4,0,1,2,A,-,8,22100,A,F,D,G,A,A,H,-,A,D,0,,Y,,,Y,,-,99,0,0,1,0,0,0,1,0,0,- ,- ,0,0,1200,2,LOS ANGELES,LOS ANGELES,CA,-118.3351309,34.01065826,"CRENSHAW BLVD & MARTIN LUTHER KING JR BLVD, LOS ANGELES, CA",CRENSHAW BLVD,MARTIN LUTHER KING JR BLVD,148016,
-118.2651721,33.94832611,83950,8794025,2019,2019-02-28T00:00:00.000Z,1942,2019-02-10T00:00:00.000Z,1018,43670,1823,7,5,7,1942,0,0,0,R,0,18A63,AVALON BL,97TH ST,0,,Y,A,-,N,,0,0,,,0,,,,Y,3,0,1,2,A,-,9,21802,A,F,D,C,A,A,H,-,A,A,0,,,,,Y,,-,99,0,1,0,0,0,0,0,0,0,- ,- ,0,0,1200,2,LOS ANGELES,LOS ANGELES,CA,-118.2651721,33.94832611,"AVALON BLVD & 97TH ST, LOS ANGELES, CA",AVALON BLVD,97TH ST,138135,
-118.3506833,34.03310829,83951,8807260,2019,2019-05-07T00:00:00.000Z,1942,2019-02-20T00:00:00.000Z,1005,40209,303,3,5,7,1942,0,0,0,C,0,3A1,LA BREA BL,RT 10,7,N,N,A,-,Y,LA,7,10,-,R,10.312,R,4,E,N,0,0,0,2,A,-,4,21703,,N,C,C,A,A,H,-,A,A,0,,,,,Y,,A,1,0,0,0,0,0,0,0,0,0,- ,EF,0,0,1200,2,LOS ANGELES,LOS ANGELES,CA,-118.3506833,34.03310829,"LA BREA AVE & RT 10/SEG EB OFF, LOS ANGELES, CA",LA BREA AVE,RT 10/SEG EB OFF,479,
-118.4487154,34.15658252,83952,8819416,2019,2019-04-29T00:00:00.000Z,1942,2019-02-23T00:00:00.000Z,910,41514,974,6,5,7,1942,0,0,0,I,0,9A63,VENTURA FWY,VAN NUYS BL,20,W,N,A,-,Y,LA,7,101,-,-,16.038,R,1,S,N,0,0,0,2,A,-,21,22106,,N,C,C,A,A,H,-,A,A,0,,,,,Y,,A,1,0,0,0,0,0,0,0,0,0,- ,- ,0,0,1200,2,LOS ANGELES,LOS ANGELES,CA,-118.4487154,34.15658252,"VAN NUYS BLVD & RT 101 S/B OFF, LOS ANGELES, CA",VAN NUYS BLVD,RT 101 S/B OFF,645,
-118.4312352,34.15599129,88653,8814194,2019,2019-04-29T00:00:00.000Z,1942,2019-02-10T00:00:00.000Z,1450,35481,989,7,5,7,1942,0,0,0,I,0,9A89,WOODMAN AV,RIVERSIDE DR,565,S,N,A,-,Y,LA,7,101,-,-,14.762,R,4,N,N,0,0,0,2,A,-,12,21453,A,N,D,C,A,B,H,-,A,A,0,,,,,Y,,J,48,0,0,0,0,0,0,0,0,0,- ,- ,0,0,1500,2,LOS ANGELES,LOS ANGELES,CA,-118.4312352,34.15599129,"WOODMAN AVE & RT 101 N/B OFF, LOS ANGELES, CA",WOODMAN AVE,RT 101 N/B OFF,105982,
-118.4490596,34.27352137,88654,8816132,2019,2019-06-18T00:00:00.000Z,1942,2019-02-14T00:00:00.000Z,1455,41316,1944,4,5,7,1942,0,0,0,,0,19A43,CHATSWORTH DR,RT 5,0,,Y,B,-,Y,LA,7,5,-,-,39.796,R,4,N,Y,4,0,1,2,A,-,12,21453,A,N,D,C,A,B,H,-,A,A,0,,,,,Y,,-,- ,0,0,1,0,0,0,0,0,0,- ,NF,0,0,1500,2,LOS ANGELES,LOS ANGELES,CA,-118.4490596,34.27352137,"CHATSWORTH DR & RT 5 N/B OFF, LOS ANGELES, CA",CHATSWORTH DR,RT 5 N/B OFF,539,
-118.2188507,34.07520962,88655,8822466,2019,2019-05-21T00:00:00.000Z,1942,2019-02-11T00:00:00.000Z,1430,32973,411,1,5,7,1942,0,0,0,D,0,4A3,N AVENUE 21,PASADENA AV,20,S,N,A,-,Y,LA,7,5,-,-,20.025,R,4,N,N,0,0,0,2,A,-,7,21658,A,M,B,C,A,A,H,-,A,A,0,,,,,Y,,A,1,0,0,0,0,0,0,0,0,0,- ,- ,0,0,1500,2,LOS ANGELES,LOS ANGELES,CA,-118.2188507,34.07520962,"PASADENA AVE & RT 5 N/B ON, LOS ANGELES, CA",PASADENA AVE,RT 5 N/B ON,626,
-118.4191345,34.29949335,101363,8812636,2019,2019-05-21T00:00:00.000Z,1942,2019-02-28T00:00:00.000Z,2030,32372,1918,4,5,7,1942,0,0,0,,0,19A7,MACLAY ST,RT 210,10,E,N,B,-,Y,LA,7,210,-,R,4.792,R,3,W,N,4,0,1,2,D,-,0,0,,N,G,B,B,A,H,-,C,A,0,Y,,,,Y,,-,- ,0,0,1,0,1,0,0,0,0,- ,- ,0,0,2100,2,LOS ANGELES,LOS ANGELES,CA,-118.4191345,34.29949335,"MACLAY ST & RT 210 W/B ON, LOS ANGELES, CA",MACLAY ST,RT 210 W/B ON,99256,
-118.2858222,34.03817568,94520,8806983,2019,2019-04-29T00:00:00.000Z,1942,2019-02-07T00:00:00.000Z,1715,40947,2099,4,5,7,1942,0,0,0,,0,20XL2,RT 10,20TH ST,0,,Y,A,-,Y,LA,7,10,-,R,14.052,R,3,W,N,0,0,0,1,A,-,8,22107,,N,E,I,A,A,H,-,A,A,0,,,,,Y,,A,1,0,0,0,0,0,0,0,0,0,- ,- ,0,0,1800,2,LOS ANGELES,LOS ANGELES,CA,-118.2858222,34.03817568,"HOOVER ST & RT 10 W/B ON, LOS ANGELES, CA",HOOVER ST,RT 10 W/B ON,102808,
-118.4847466,34.26733564,94521,8810272,2019,2019-03-21T00:00:00.000Z,1942,2019-02-15T00:00:00.000Z,1735,38947,1738,5,5,7,1942,0,0,0,Q,0,17A49,WOODLEY AV,RT 118,0,,Y,C,-,Y,LA,7,118,-,R,8.889,R,4,E,Y,4,0,2,2,A,-,9,21802,A,N,D,C,A,B,H,-,C,A,0,,,,,Y,,A,1,0,0,2,0,0,0,0,0,0,- ,EF,0,0,1800,2,LOS ANGELES,LOS ANGELES,CA,-118.4847466,34.26733564,"WOODLEY AVE & RT 118 E/B OFF, LOS ANGELES, CA",WOODLEY AVE,RT 118 E/B OFF,95991,
-118.4074166,34.28735418,94522,8819257,2019,2019-05-22T00:00:00.000Z,1942,2019-02-19T00:00:00.000Z,1615,36544,1919,2,5,7,1942,0,0,0,,0,19A93,PAXTON ST,FOOTHILL BL,300,E,N,A,-,Y,LA,7,210,-,R,5.915,R,4,E,Y,3,0,1,2,D,-,0,0,,N,A,C,A,A,H,-,A,D,0,,,,,Y,,-,- ,0,1,0,0,0,0,0,0,0,- ,- ,0,0,1800,2,LOS ANGELES,LOS ANGELES,CA,-118.4074166,34.28735418,"PAXTON ST & RT 210 E/B OFF, LOS ANGELES, CA",PAXTON ST,RT 210 E/B OFF,536,
-118.2542827,33.92757923,94523,8819582,2019,2019-05-07T00:00:00.000Z,1942,2019-02-25T00:00:00.000Z,1505,43631,1864,1,5,7,1942,0,0,0,R,0,13A,RT 105,CENTRAL AV,0,,Y,A,-,Y,LA,7,105,-,R,8.697,R,1,E,N,0,0,0,2,A,-,3,22350,,M,C,C,A,A,H,-,A,D,0,,,,,Y,,-,99,0,0,0,0,0,0,0,0,0,- ,- ,0,0,1800,2,LOS ANGELES,LOS ANGELES,CA,-118.2542827,33.92757923,"CENTRAL AVE & RT 105 E/B OFF, LOS ANGELES, CA",CENTRAL AVE,RT 105 E/B OFF,109861,
-118.3884324,34.17218475,94524,8822262,2019,2019-05-22T00:00:00.000Z,1942,2019-02-22T00:00:00.000Z,1510,42051,1525,5,5,7,1942,0,0,0,O,0,15A33,BURBANK BL,HOLLYWOOD FWY,0,,Y,A,-,Y,LA,7,170,-,R,16.139,R,4,N,Y,4,0,2,2,A,-,9,21801,A,N,D,C,A,A,H,-,A,D,0,,,,,Y,,A,1,0,0,2,0,0,0,0,0,0,- ,- ,0,0,1800,2,LOS ANGELES,LOS ANGELES,CA,-118.3884324,34.17218475,"BURBANK BLVD & RT 170 N/B ON, LOS ANGELES, CA",BURBANK BLVD,RT 170 N/B ON,123834,
-118.532708,34.17185411,94525,8838583,2019,2019-05-23T00:00:00.000Z,1942,2019-02-27T00:00:00.000Z,1659,37680,2175,3,5,7,1942,0,0,0,,0,21A1,BURBANK BL,RT 101,0,,Y,B,-,Y,LA,7,101,-,-,20.91,R,4,S,N,4,0,1,2,A,-,9,21800,A,N,D,C,A,A,H,-,B,B,0,,,,,Y,,A,7,0,0,1,0,0,0,0,0,0,- ,NO,0,0,1800,2,LOS ANGELES,LOS ANGELES,CA,-118.532708,34.17185411,"BURBANK BLVD & RT 101 S/B ON, LOS ANGELES, CA",BURBANK BLVD,RT 101 S/B ON,98948,
-118.3135948,34.09487152,107457,8812437,2019,2019-02-28T00:00:00.000Z,1942,2019-02-09T00:00:00.000Z,2305,43506,668,6,5,7,1942,0,0,0,F,0,6A49,N WILTON PL,FOUNTAIN AV,50,N,N,A,-,N,,0,0,,,0,,,,Y,0,0,0,3,A,-,8,22100,B,N,B,E,A,A,H,-,C,D,0,,,,,Y,Y,A,1,0,0,0,0,0,0,0,0,0,- ,- ,0,0,2400,2,LOS ANGELES,LOS ANGELES,CA,-118.3135948,34.09487152,"WILTON PL & FOUNTAIN AVE, LOS ANGELES, CA",WILTON PL,FOUNTAIN AVE,149752,
-118.3774835,34.1696167,107458,8812481,2019,2019-03-18T00:00:00.000Z,1942,2019-02-16T00:00:00.000Z,2250,41772,1549,6,5,7,1942,0,0,0,O,0,15A43,LANKERSHIM BL,CUMPSTON ST,150,E,N,A,-,N,,0,0,,,0,,,,N,0,0,0,1,B,-,22,0,,M,A,J,A,A,H,-,D,D,0,,,,,Y,,-,,0,0,0,0,0,0,0,0,0,- ,- ,0,0,2400,2,LOS ANGELES,LOS ANGELES,CA,-118.3774835,34.1696167,"LANKERSHIM BLVD & CUMPSTON ST, LOS ANGELES, CA",LANKERSHIM BLVD,CUMPSTON ST,150364,
-118.2531121,34.05649567,107459,8812607,2019,2019-03-22T00:00:00.000Z,1942,2019-02-12T00:00:00.000Z,2120,42926,132,2,5,7,1942,0,0,0,A,0,1A1,W 2ND ST,S FIGUEROA ST,0,,Y,B,-,N,,0,0,,,0,,,,N,4,0,1,2,A,-,10,21950,A,N,G,B,B,A,H,-,C,A,0,Y,,,,Y,,D,22,0,0,1,0,1,0,0,0,0,- ,- ,0,0,2400,2,LOS ANGELES,LOS ANGELES,CA,-118.2531121,34.05649567,"2ND ST & FIGUEROA ST, LOS ANGELES, CA",2ND ST,FIGUEROA ST,107023,
-118.3182521,34.01081467,107460,8812745,2019,2019-03-14T00:00:00.000Z,1942,2019-02-23T00:00:00.000Z,2250,41983,394,6,5,7,1942,0,0,0,C,0,3A31,W MARTIN LUTHER KING JR BL,ARLINGTON AV,0,,Y,A,-,N,,0,0,,,0,,,,Y,4,0,4,2,A,-,1,23152,A,N,D,C,A,A,H,-,C,A,0,,,,,Y,Y,A,1,0,0,4,0,0,0,0,0,0,- ,- ,0,0,2400,2,LOS ANGELES,LOS ANGELES,CA,-118.3182521,34.01081467,"MARTIN LUTHER KING JR BLVD & ARLINGTON AVE, LOS ANGELES, CA",MARTIN LUTHER KING JR BLVD,ARLINGTON AVE,120267,
-118.2839922,34.03169632,107461,8812965,2019,2019-03-14T00:00:00.000Z,1942,2019-02-22T00:00:00.000Z,2325,43101,336,5,5,7,1942,0,0,0,,0,3A99,ADAMS BL,HOOVER ST,0,,Y,A,-,N,,0,0,,,0,,,,N,0,0,0,2,A,-,4,21703,,M,C,C,A,A,H,-,C,A,0,,,,,Y,,-,99,0,0,0,0,0,0,0,0,0,- ,- ,0,0,2400,2,LOS ANGELES,LOS ANGELES,CA,-118.2839922,34.03169632,"ADAMS BLVD & HOOVER ST, LOS ANGELES, CA",ADAMS BLVD,HOOVER ST,110597,
-118.3493031,34.0108223,107462,8813033,2019,2019-03-14T00:00:00.000Z,1942,2019-02-27T00:00:00.000Z,2100,41844,391,3,5,7,1942,0,0,0,C,0,3A41,HILLCREST DR A,SANTO TOMAS DR,285,S,N,A,-,N,,0,0,,,0,,,,N,0,0,0,2,A,-,21,22106,,M,C,E,A,B,H,-,C,D,0,,,,,Y,,A,1,0,0,0,0,0,0,0,0,0,- ,- ,0,0,2400,2,LOS ANGELES,LOS ANGELES,CA,-118.3493031,34.0108223,"HILLCREST DR & SANTO TOMAS DR, LOS ANGELES, CA",HILLCREST DR,SANTO TOMAS DR,117113,
-118.5534823,34.17316608,107463,8813916,2019,2019-04-29T00:00:00.000Z,1942,2019-02-22T00:00:00.000Z,2220,41274,1061,5,5,7,1942,0,0,0,J,0,21TL61,RT 101,TAMPA AV,30,W,N,A,-,Y,LA,7,101,-,-,22.4,R,1,S,Y,0,0,0,2,A,-,17,22109,,M,C,C,A,A,H,-,C,A,0,,,,,Y,,A,1,0,0,0,0,0,0,0,0,0,- ,- ,0,0,2400,2,LOS ANGELES,LOS ANGELES,CA,-118.5534823,34.17316608,"TAMPA AVE & RT 101 S/B OFF, LOS ANGELES, CA",TAMPA AVE,RT 101 S/B OFF,120020,
-118.4749305,34.1893951,107464,8819243,2019,2019-03-21T00:00:00.000Z,1942,2019-02-09T00:00:00.000Z,2135,33504,931,6,5,7,1942,0,0,0,I,0,9A23,RT 405,VICTORY BL,0,,Y,B,-,Y,LA,7,405,-,-,41.662,R,1,S,N,4,0,1,2,A,-,21,22106,,N,C,C,A,A,H,-,C,A,0,,,,,Y,,D,22,0,0,1,0,0,0,0,0,0,SF,- ,0,0,2400,2,LOS ANGELES,LOS ANGELES,CA,-118.4749305,34.1893951,"HASKELL AVE & RT 405 S/B OFF NEAR HAYNES, LOS ANGELES, CA",HASKELL AVE,RT 405 S/B OFF NEAR HAYNES,131059,